ADM0_NAME,flow_name,metric,value
Abyei,BRDC_Boreal dry_2030y_SOC,cf_mean,
Afghanistan,BRDC_Boreal dry_2030y_SOC,cf_mean,
Aksai Chin,BRDC_Boreal dry_2030y_SOC,cf_mean,
Albania,BRDC_Boreal dry_2030y_SOC,cf_mean,
Algeria,BRDC_Boreal dry_2030y_SOC,cf_mean,
American Samoa,BRDC_Boreal dry_2030y_SOC,cf_mean,
Andorra,BRDC_Boreal dry_2030y_SOC,cf_mean,
Angola,BRDC_Boreal dry_2030y_SOC,cf_mean,
Anguilla,BRDC_Boreal dry_2030y_SOC,cf_mean,
Antarctica,BRDC_Boreal dry_2030y_SOC,cf_mean,
Antigua and Barbuda,BRDC_Boreal dry_2030y_SOC,cf_mean,
Argentina,BRDC_Boreal dry_2030y_SOC,cf_mean,407.65845
Armenia,BRDC_Boreal dry_2030y_SOC,cf_mean,
Aruba,BRDC_Boreal dry_2030y_SOC,cf_mean,
Arunachal Pradesh,BRDC_Boreal dry_2030y_SOC,cf_mean,
Ashmore and Cartier Islands,BRDC_Boreal dry_2030y_SOC,cf_mean,
Australia,BRDC_Boreal dry_2030y_SOC,cf_mean,
Austria,BRDC_Boreal dry_2030y_SOC,cf_mean,
Azerbaijan,BRDC_Boreal dry_2030y_SOC,cf_mean,
Azores Islands,BRDC_Boreal dry_2030y_SOC,cf_mean,
Bahamas,BRDC_Boreal dry_2030y_SOC,cf_mean,
Bahrain,BRDC_Boreal dry_2030y_SOC,cf_mean,
Baker Island,BRDC_Boreal dry_2030y_SOC,cf_mean,
Bangladesh,BRDC_Boreal dry_2030y_SOC,cf_mean,
Barbados,BRDC_Boreal dry_2030y_SOC,cf_mean,
Bassas da India,BRDC_Boreal dry_2030y_SOC,cf_mean,
Belarus,BRDC_Boreal dry_2030y_SOC,cf_mean,
Belgium,BRDC_Boreal dry_2030y_SOC,cf_mean,
Belize,BRDC_Boreal dry_2030y_SOC,cf_mean,
Benin,BRDC_Boreal dry_2030y_SOC,cf_mean,
Bermuda,BRDC_Boreal dry_2030y_SOC,cf_mean,
Bhutan,BRDC_Boreal dry_2030y_SOC,cf_mean,
Bird Island,BRDC_Boreal dry_2030y_SOC,cf_mean,
Bolivia,BRDC_Boreal dry_2030y_SOC,cf_mean,
Bosnia and Herzegovina,BRDC_Boreal dry_2030y_SOC,cf_mean,
Botswana,BRDC_Boreal dry_2030y_SOC,cf_mean,
Bouvet Island,BRDC_Boreal dry_2030y_SOC,cf_mean,
Brazil,BRDC_Boreal dry_2030y_SOC,cf_mean,
British Indian Ocean Territory,BRDC_Boreal dry_2030y_SOC,cf_mean,
British Virgin Islands,BRDC_Boreal dry_2030y_SOC,cf_mean,
Brunei Darussalam,BRDC_Boreal dry_2030y_SOC,cf_mean,
Bulgaria,BRDC_Boreal dry_2030y_SOC,cf_mean,
Burkina Faso,BRDC_Boreal dry_2030y_SOC,cf_mean,
Burundi,BRDC_Boreal dry_2030y_SOC,cf_mean,
Cambodia,BRDC_Boreal dry_2030y_SOC,cf_mean,
Cameroon,BRDC_Boreal dry_2030y_SOC,cf_mean,
Canada,BRDC_Boreal dry_2030y_SOC,cf_mean,342.8292
Cape Verde,BRDC_Boreal dry_2030y_SOC,cf_mean,
Cayman Islands,BRDC_Boreal dry_2030y_SOC,cf_mean,
Central African Republic,BRDC_Boreal dry_2030y_SOC,cf_mean,
Chad,BRDC_Boreal dry_2030y_SOC,cf_mean,
Chile,BRDC_Boreal dry_2030y_SOC,cf_mean,402.6134
China,BRDC_Boreal dry_2030y_SOC,cf_mean,
China/India,BRDC_Boreal dry_2030y_SOC,cf_mean,
Christmas Island,BRDC_Boreal dry_2030y_SOC,cf_mean,
Clipperton Island,BRDC_Boreal dry_2030y_SOC,cf_mean,
Cocos (Keeling) Islands,BRDC_Boreal dry_2030y_SOC,cf_mean,
Colombia,BRDC_Boreal dry_2030y_SOC,cf_mean,
Comoros,BRDC_Boreal dry_2030y_SOC,cf_mean,
Congo,BRDC_Boreal dry_2030y_SOC,cf_mean,
Cook Islands,BRDC_Boreal dry_2030y_SOC,cf_mean,
Costa Rica,BRDC_Boreal dry_2030y_SOC,cf_mean,
Croatia,BRDC_Boreal dry_2030y_SOC,cf_mean,
Cuba,BRDC_Boreal dry_2030y_SOC,cf_mean,
Cyprus,BRDC_Boreal dry_2030y_SOC,cf_mean,
Czech Republic,BRDC_Boreal dry_2030y_SOC,cf_mean,
Côte d'Ivoire,BRDC_Boreal dry_2030y_SOC,cf_mean,
Dem People's Rep of Korea,BRDC_Boreal dry_2030y_SOC,cf_mean,
Democratic Republic of the Congo,BRDC_Boreal dry_2030y_SOC,cf_mean,
Denmark,BRDC_Boreal dry_2030y_SOC,cf_mean,
Djibouti,BRDC_Boreal dry_2030y_SOC,cf_mean,
Dominica,BRDC_Boreal dry_2030y_SOC,cf_mean,
Dominican Republic,BRDC_Boreal dry_2030y_SOC,cf_mean,
Ecuador,BRDC_Boreal dry_2030y_SOC,cf_mean,
Egypt,BRDC_Boreal dry_2030y_SOC,cf_mean,
El Salvador,BRDC_Boreal dry_2030y_SOC,cf_mean,
Equatorial Guinea,BRDC_Boreal dry_2030y_SOC,cf_mean,
Eritrea,BRDC_Boreal dry_2030y_SOC,cf_mean,
Estonia,BRDC_Boreal dry_2030y_SOC,cf_mean,
Ethiopia,BRDC_Boreal dry_2030y_SOC,cf_mean,
Europa Island,BRDC_Boreal dry_2030y_SOC,cf_mean,
Falkland Islands (Malvinas),BRDC_Boreal dry_2030y_SOC,cf_mean,
Faroe Islands,BRDC_Boreal dry_2030y_SOC,cf_mean,
Fiji,BRDC_Boreal dry_2030y_SOC,cf_mean,
Finland,BRDC_Boreal dry_2030y_SOC,cf_mean,359.17606
France,BRDC_Boreal dry_2030y_SOC,cf_mean,
French Guiana,BRDC_Boreal dry_2030y_SOC,cf_mean,
French Polynesia,BRDC_Boreal dry_2030y_SOC,cf_mean,
French Southern and Antarctic Territories,BRDC_Boreal dry_2030y_SOC,cf_mean,
Gabon,BRDC_Boreal dry_2030y_SOC,cf_mean,
Gambia,BRDC_Boreal dry_2030y_SOC,cf_mean,
Gaza Strip,BRDC_Boreal dry_2030y_SOC,cf_mean,
Georgia,BRDC_Boreal dry_2030y_SOC,cf_mean,
Germany,BRDC_Boreal dry_2030y_SOC,cf_mean,
Ghana,BRDC_Boreal dry_2030y_SOC,cf_mean,
Gibraltar,BRDC_Boreal dry_2030y_SOC,cf_mean,
Glorioso Island,BRDC_Boreal dry_2030y_SOC,cf_mean,
Greece,BRDC_Boreal dry_2030y_SOC,cf_mean,
Greenland,BRDC_Boreal dry_2030y_SOC,cf_mean,
Grenada,BRDC_Boreal dry_2030y_SOC,cf_mean,
Guadeloupe,BRDC_Boreal dry_2030y_SOC,cf_mean,
Guam,BRDC_Boreal dry_2030y_SOC,cf_mean,
Guatemala,BRDC_Boreal dry_2030y_SOC,cf_mean,
Guernsey,BRDC_Boreal dry_2030y_SOC,cf_mean,
Guinea,BRDC_Boreal dry_2030y_SOC,cf_mean,
Guinea-Bissau,BRDC_Boreal dry_2030y_SOC,cf_mean,
Guyana,BRDC_Boreal dry_2030y_SOC,cf_mean,
Haiti,BRDC_Boreal dry_2030y_SOC,cf_mean,
Hala'ib triangle,BRDC_Boreal dry_2030y_SOC,cf_mean,
Heard Island and McDonald Islands,BRDC_Boreal dry_2030y_SOC,cf_mean,
Holy See,BRDC_Boreal dry_2030y_SOC,cf_mean,
Honduras,BRDC_Boreal dry_2030y_SOC,cf_mean,
Hong Kong,BRDC_Boreal dry_2030y_SOC,cf_mean,
Howland Island,BRDC_Boreal dry_2030y_SOC,cf_mean,
Hungary,BRDC_Boreal dry_2030y_SOC,cf_mean,
Iceland,BRDC_Boreal dry_2030y_SOC,cf_mean,433.3106
Ilemi triangle,BRDC_Boreal dry_2030y_SOC,cf_mean,
India,BRDC_Boreal dry_2030y_SOC,cf_mean,
Indonesia,BRDC_Boreal dry_2030y_SOC,cf_mean,
Iran  (Islamic Republic of),BRDC_Boreal dry_2030y_SOC,cf_mean,
Iraq,BRDC_Boreal dry_2030y_SOC,cf_mean,
Ireland,BRDC_Boreal dry_2030y_SOC,cf_mean,
Isle of Man,BRDC_Boreal dry_2030y_SOC,cf_mean,
Israel,BRDC_Boreal dry_2030y_SOC,cf_mean,
Italy,BRDC_Boreal dry_2030y_SOC,cf_mean,
Jamaica,BRDC_Boreal dry_2030y_SOC,cf_mean,
Jammu and Kashmir,BRDC_Boreal dry_2030y_SOC,cf_mean,
Japan,BRDC_Boreal dry_2030y_SOC,cf_mean,
Jarvis Island,BRDC_Boreal dry_2030y_SOC,cf_mean,
Jersey,BRDC_Boreal dry_2030y_SOC,cf_mean,
Johnston Atoll,BRDC_Boreal dry_2030y_SOC,cf_mean,
Jordan,BRDC_Boreal dry_2030y_SOC,cf_mean,
Juan de Nova Island,BRDC_Boreal dry_2030y_SOC,cf_mean,
Kazakhstan,BRDC_Boreal dry_2030y_SOC,cf_mean,
Kenya,BRDC_Boreal dry_2030y_SOC,cf_mean,
Kingman Reef,BRDC_Boreal dry_2030y_SOC,cf_mean,
Kiribati,BRDC_Boreal dry_2030y_SOC,cf_mean,
Kuril islands,BRDC_Boreal dry_2030y_SOC,cf_mean,
Kuwait,BRDC_Boreal dry_2030y_SOC,cf_mean,
Kyrgyzstan,BRDC_Boreal dry_2030y_SOC,cf_mean,
Lao People's Democratic Republic,BRDC_Boreal dry_2030y_SOC,cf_mean,
Latvia,BRDC_Boreal dry_2030y_SOC,cf_mean,
Lebanon,BRDC_Boreal dry_2030y_SOC,cf_mean,
Lesotho,BRDC_Boreal dry_2030y_SOC,cf_mean,
Liberia,BRDC_Boreal dry_2030y_SOC,cf_mean,
Libya,BRDC_Boreal dry_2030y_SOC,cf_mean,
Liechtenstein,BRDC_Boreal dry_2030y_SOC,cf_mean,
Lithuania,BRDC_Boreal dry_2030y_SOC,cf_mean,
Luxembourg,BRDC_Boreal dry_2030y_SOC,cf_mean,
Ma'tan al-Sarra,BRDC_Boreal dry_2030y_SOC,cf_mean,
Macau,BRDC_Boreal dry_2030y_SOC,cf_mean,
Madagascar,BRDC_Boreal dry_2030y_SOC,cf_mean,
Madeira Islands,BRDC_Boreal dry_2030y_SOC,cf_mean,
Malawi,BRDC_Boreal dry_2030y_SOC,cf_mean,
Malaysia,BRDC_Boreal dry_2030y_SOC,cf_mean,
Maldives,BRDC_Boreal dry_2030y_SOC,cf_mean,
Mali,BRDC_Boreal dry_2030y_SOC,cf_mean,
Malta,BRDC_Boreal dry_2030y_SOC,cf_mean,
Marshall Islands,BRDC_Boreal dry_2030y_SOC,cf_mean,
Martinique,BRDC_Boreal dry_2030y_SOC,cf_mean,
Mauritania,BRDC_Boreal dry_2030y_SOC,cf_mean,
Mauritius,BRDC_Boreal dry_2030y_SOC,cf_mean,
Mayotte,BRDC_Boreal dry_2030y_SOC,cf_mean,
Mexico,BRDC_Boreal dry_2030y_SOC,cf_mean,
Micronesia (Federated States of),BRDC_Boreal dry_2030y_SOC,cf_mean,
Midway Island,BRDC_Boreal dry_2030y_SOC,cf_mean,
"Moldova, Republic of",BRDC_Boreal dry_2030y_SOC,cf_mean,
Monaco,BRDC_Boreal dry_2030y_SOC,cf_mean,
Mongolia,BRDC_Boreal dry_2030y_SOC,cf_mean,
Montenegro,BRDC_Boreal dry_2030y_SOC,cf_mean,
Montserrat,BRDC_Boreal dry_2030y_SOC,cf_mean,
Morocco,BRDC_Boreal dry_2030y_SOC,cf_mean,
Mozambique,BRDC_Boreal dry_2030y_SOC,cf_mean,
Myanmar,BRDC_Boreal dry_2030y_SOC,cf_mean,
Namibia,BRDC_Boreal dry_2030y_SOC,cf_mean,
Nauru,BRDC_Boreal dry_2030y_SOC,cf_mean,
Navassa Island,BRDC_Boreal dry_2030y_SOC,cf_mean,
Nepal,BRDC_Boreal dry_2030y_SOC,cf_mean,
Netherlands,BRDC_Boreal dry_2030y_SOC,cf_mean,
Netherlands Antilles,BRDC_Boreal dry_2030y_SOC,cf_mean,
New Caledonia,BRDC_Boreal dry_2030y_SOC,cf_mean,
New Zealand,BRDC_Boreal dry_2030y_SOC,cf_mean,
Nicaragua,BRDC_Boreal dry_2030y_SOC,cf_mean,
Niger,BRDC_Boreal dry_2030y_SOC,cf_mean,
Nigeria,BRDC_Boreal dry_2030y_SOC,cf_mean,
Niue,BRDC_Boreal dry_2030y_SOC,cf_mean,
Norfolk Island,BRDC_Boreal dry_2030y_SOC,cf_mean,
Northern Mariana Islands,BRDC_Boreal dry_2030y_SOC,cf_mean,
Norway,BRDC_Boreal dry_2030y_SOC,cf_mean,358.29684
Oman,BRDC_Boreal dry_2030y_SOC,cf_mean,
Pakistan,BRDC_Boreal dry_2030y_SOC,cf_mean,
Palau,BRDC_Boreal dry_2030y_SOC,cf_mean,
Palmyra Atoll,BRDC_Boreal dry_2030y_SOC,cf_mean,
Panama,BRDC_Boreal dry_2030y_SOC,cf_mean,
Papua New Guinea,BRDC_Boreal dry_2030y_SOC,cf_mean,
Paracel Islands,BRDC_Boreal dry_2030y_SOC,cf_mean,
Paraguay,BRDC_Boreal dry_2030y_SOC,cf_mean,
Peru,BRDC_Boreal dry_2030y_SOC,cf_mean,
Philippines,BRDC_Boreal dry_2030y_SOC,cf_mean,
Pitcairn,BRDC_Boreal dry_2030y_SOC,cf_mean,
Poland,BRDC_Boreal dry_2030y_SOC,cf_mean,
Portugal,BRDC_Boreal dry_2030y_SOC,cf_mean,
Puerto Rico,BRDC_Boreal dry_2030y_SOC,cf_mean,
Qatar,BRDC_Boreal dry_2030y_SOC,cf_mean,
Republic of Korea,BRDC_Boreal dry_2030y_SOC,cf_mean,
Romania,BRDC_Boreal dry_2030y_SOC,cf_mean,
Russian Federation,BRDC_Boreal dry_2030y_SOC,cf_mean,381.66187
Rwanda,BRDC_Boreal dry_2030y_SOC,cf_mean,
Réunion,BRDC_Boreal dry_2030y_SOC,cf_mean,
Saint Helena,BRDC_Boreal dry_2030y_SOC,cf_mean,
Saint Kitts and Nevis,BRDC_Boreal dry_2030y_SOC,cf_mean,
Saint Lucia,BRDC_Boreal dry_2030y_SOC,cf_mean,
Saint Pierre et Miquelon,BRDC_Boreal dry_2030y_SOC,cf_mean,
Saint Vincent and the Grenadines,BRDC_Boreal dry_2030y_SOC,cf_mean,
Samoa,BRDC_Boreal dry_2030y_SOC,cf_mean,
San Marino,BRDC_Boreal dry_2030y_SOC,cf_mean,
Sao Tome and Principe,BRDC_Boreal dry_2030y_SOC,cf_mean,
Saudi Arabia,BRDC_Boreal dry_2030y_SOC,cf_mean,
Scarborough Reef,BRDC_Boreal dry_2030y_SOC,cf_mean,
Senegal,BRDC_Boreal dry_2030y_SOC,cf_mean,
Senkaku Islands,BRDC_Boreal dry_2030y_SOC,cf_mean,
Serbia,BRDC_Boreal dry_2030y_SOC,cf_mean,
Seychelles,BRDC_Boreal dry_2030y_SOC,cf_mean,
Sierra Leone,BRDC_Boreal dry_2030y_SOC,cf_mean,
Singapore,BRDC_Boreal dry_2030y_SOC,cf_mean,
Slovakia,BRDC_Boreal dry_2030y_SOC,cf_mean,
Slovenia,BRDC_Boreal dry_2030y_SOC,cf_mean,
Solomon Islands,BRDC_Boreal dry_2030y_SOC,cf_mean,
Somalia,BRDC_Boreal dry_2030y_SOC,cf_mean,
South Africa,BRDC_Boreal dry_2030y_SOC,cf_mean,
South Georgia and the South Sandwich Islands,BRDC_Boreal dry_2030y_SOC,cf_mean,
South Sudan,BRDC_Boreal dry_2030y_SOC,cf_mean,
Spain,BRDC_Boreal dry_2030y_SOC,cf_mean,
Spratly Islands,BRDC_Boreal dry_2030y_SOC,cf_mean,
Sri Lanka,BRDC_Boreal dry_2030y_SOC,cf_mean,
Sudan,BRDC_Boreal dry_2030y_SOC,cf_mean,
Suriname,BRDC_Boreal dry_2030y_SOC,cf_mean,
Svalbard and Jan Mayen Islands,BRDC_Boreal dry_2030y_SOC,cf_mean,
Swaziland,BRDC_Boreal dry_2030y_SOC,cf_mean,
Sweden,BRDC_Boreal dry_2030y_SOC,cf_mean,366.65814
Switzerland,BRDC_Boreal dry_2030y_SOC,cf_mean,
Syrian Arab Republic,BRDC_Boreal dry_2030y_SOC,cf_mean,
Taiwan,BRDC_Boreal dry_2030y_SOC,cf_mean,
Tajikistan,BRDC_Boreal dry_2030y_SOC,cf_mean,
Thailand,BRDC_Boreal dry_2030y_SOC,cf_mean,
The former Yugoslav Republic of Macedonia,BRDC_Boreal dry_2030y_SOC,cf_mean,
Timor-Leste,BRDC_Boreal dry_2030y_SOC,cf_mean,
Togo,BRDC_Boreal dry_2030y_SOC,cf_mean,
Tokelau,BRDC_Boreal dry_2030y_SOC,cf_mean,
Tonga,BRDC_Boreal dry_2030y_SOC,cf_mean,
Trinidad and Tobago,BRDC_Boreal dry_2030y_SOC,cf_mean,
Tromelin Island,BRDC_Boreal dry_2030y_SOC,cf_mean,
Tunisia,BRDC_Boreal dry_2030y_SOC,cf_mean,
Turkey,BRDC_Boreal dry_2030y_SOC,cf_mean,
Turkmenistan,BRDC_Boreal dry_2030y_SOC,cf_mean,
Turks and Caicos islands,BRDC_Boreal dry_2030y_SOC,cf_mean,
Tuvalu,BRDC_Boreal dry_2030y_SOC,cf_mean,
U.K. of Great Britain and Northern Ireland,BRDC_Boreal dry_2030y_SOC,cf_mean,
Uganda,BRDC_Boreal dry_2030y_SOC,cf_mean,
Ukraine,BRDC_Boreal dry_2030y_SOC,cf_mean,
United Arab Emirates,BRDC_Boreal dry_2030y_SOC,cf_mean,
United Republic of Tanzania,BRDC_Boreal dry_2030y_SOC,cf_mean,
United States Virgin Islands,BRDC_Boreal dry_2030y_SOC,cf_mean,
United States of America,BRDC_Boreal dry_2030y_SOC,cf_mean,196.35504
Uruguay,BRDC_Boreal dry_2030y_SOC,cf_mean,
Uzbekistan,BRDC_Boreal dry_2030y_SOC,cf_mean,
Vanuatu,BRDC_Boreal dry_2030y_SOC,cf_mean,
Venezuela,BRDC_Boreal dry_2030y_SOC,cf_mean,
Viet Nam,BRDC_Boreal dry_2030y_SOC,cf_mean,
Wake Island,BRDC_Boreal dry_2030y_SOC,cf_mean,
Wallis and Futuna,BRDC_Boreal dry_2030y_SOC,cf_mean,
West Bank,BRDC_Boreal dry_2030y_SOC,cf_mean,
Western Sahara,BRDC_Boreal dry_2030y_SOC,cf_mean,
Yemen,BRDC_Boreal dry_2030y_SOC,cf_mean,
Zambia,BRDC_Boreal dry_2030y_SOC,cf_mean,
Zimbabwe,BRDC_Boreal dry_2030y_SOC,cf_mean,
Abyei,BRDC_Boreal dry_2030y_SOC,cf_median,
Afghanistan,BRDC_Boreal dry_2030y_SOC,cf_median,
Aksai Chin,BRDC_Boreal dry_2030y_SOC,cf_median,
Albania,BRDC_Boreal dry_2030y_SOC,cf_median,
Algeria,BRDC_Boreal dry_2030y_SOC,cf_median,
American Samoa,BRDC_Boreal dry_2030y_SOC,cf_median,
Andorra,BRDC_Boreal dry_2030y_SOC,cf_median,
Angola,BRDC_Boreal dry_2030y_SOC,cf_median,
Anguilla,BRDC_Boreal dry_2030y_SOC,cf_median,
Antarctica,BRDC_Boreal dry_2030y_SOC,cf_median,
Antigua and Barbuda,BRDC_Boreal dry_2030y_SOC,cf_median,
Argentina,BRDC_Boreal dry_2030y_SOC,cf_median,407.39612
Armenia,BRDC_Boreal dry_2030y_SOC,cf_median,
Aruba,BRDC_Boreal dry_2030y_SOC,cf_median,
Arunachal Pradesh,BRDC_Boreal dry_2030y_SOC,cf_median,
Ashmore and Cartier Islands,BRDC_Boreal dry_2030y_SOC,cf_median,
Australia,BRDC_Boreal dry_2030y_SOC,cf_median,
Austria,BRDC_Boreal dry_2030y_SOC,cf_median,
Azerbaijan,BRDC_Boreal dry_2030y_SOC,cf_median,
Azores Islands,BRDC_Boreal dry_2030y_SOC,cf_median,
Bahamas,BRDC_Boreal dry_2030y_SOC,cf_median,
Bahrain,BRDC_Boreal dry_2030y_SOC,cf_median,
Baker Island,BRDC_Boreal dry_2030y_SOC,cf_median,
Bangladesh,BRDC_Boreal dry_2030y_SOC,cf_median,
Barbados,BRDC_Boreal dry_2030y_SOC,cf_median,
Bassas da India,BRDC_Boreal dry_2030y_SOC,cf_median,
Belarus,BRDC_Boreal dry_2030y_SOC,cf_median,
Belgium,BRDC_Boreal dry_2030y_SOC,cf_median,
Belize,BRDC_Boreal dry_2030y_SOC,cf_median,
Benin,BRDC_Boreal dry_2030y_SOC,cf_median,
Bermuda,BRDC_Boreal dry_2030y_SOC,cf_median,
Bhutan,BRDC_Boreal dry_2030y_SOC,cf_median,
Bird Island,BRDC_Boreal dry_2030y_SOC,cf_median,
Bolivia,BRDC_Boreal dry_2030y_SOC,cf_median,
Bosnia and Herzegovina,BRDC_Boreal dry_2030y_SOC,cf_median,
Botswana,BRDC_Boreal dry_2030y_SOC,cf_median,
Bouvet Island,BRDC_Boreal dry_2030y_SOC,cf_median,
Brazil,BRDC_Boreal dry_2030y_SOC,cf_median,
British Indian Ocean Territory,BRDC_Boreal dry_2030y_SOC,cf_median,
British Virgin Islands,BRDC_Boreal dry_2030y_SOC,cf_median,
Brunei Darussalam,BRDC_Boreal dry_2030y_SOC,cf_median,
Bulgaria,BRDC_Boreal dry_2030y_SOC,cf_median,
Burkina Faso,BRDC_Boreal dry_2030y_SOC,cf_median,
Burundi,BRDC_Boreal dry_2030y_SOC,cf_median,
Cambodia,BRDC_Boreal dry_2030y_SOC,cf_median,
Cameroon,BRDC_Boreal dry_2030y_SOC,cf_median,
Canada,BRDC_Boreal dry_2030y_SOC,cf_median,343.81287
Cape Verde,BRDC_Boreal dry_2030y_SOC,cf_median,
Cayman Islands,BRDC_Boreal dry_2030y_SOC,cf_median,
Central African Republic,BRDC_Boreal dry_2030y_SOC,cf_median,
Chad,BRDC_Boreal dry_2030y_SOC,cf_median,
Chile,BRDC_Boreal dry_2030y_SOC,cf_median,400.69693
China,BRDC_Boreal dry_2030y_SOC,cf_median,
China/India,BRDC_Boreal dry_2030y_SOC,cf_median,
Christmas Island,BRDC_Boreal dry_2030y_SOC,cf_median,
Clipperton Island,BRDC_Boreal dry_2030y_SOC,cf_median,
Cocos (Keeling) Islands,BRDC_Boreal dry_2030y_SOC,cf_median,
Colombia,BRDC_Boreal dry_2030y_SOC,cf_median,
Comoros,BRDC_Boreal dry_2030y_SOC,cf_median,
Congo,BRDC_Boreal dry_2030y_SOC,cf_median,
Cook Islands,BRDC_Boreal dry_2030y_SOC,cf_median,
Costa Rica,BRDC_Boreal dry_2030y_SOC,cf_median,
Croatia,BRDC_Boreal dry_2030y_SOC,cf_median,
Cuba,BRDC_Boreal dry_2030y_SOC,cf_median,
Cyprus,BRDC_Boreal dry_2030y_SOC,cf_median,
Czech Republic,BRDC_Boreal dry_2030y_SOC,cf_median,
Côte d'Ivoire,BRDC_Boreal dry_2030y_SOC,cf_median,
Dem People's Rep of Korea,BRDC_Boreal dry_2030y_SOC,cf_median,
Democratic Republic of the Congo,BRDC_Boreal dry_2030y_SOC,cf_median,
Denmark,BRDC_Boreal dry_2030y_SOC,cf_median,
Djibouti,BRDC_Boreal dry_2030y_SOC,cf_median,
Dominica,BRDC_Boreal dry_2030y_SOC,cf_median,
Dominican Republic,BRDC_Boreal dry_2030y_SOC,cf_median,
Ecuador,BRDC_Boreal dry_2030y_SOC,cf_median,
Egypt,BRDC_Boreal dry_2030y_SOC,cf_median,
El Salvador,BRDC_Boreal dry_2030y_SOC,cf_median,
Equatorial Guinea,BRDC_Boreal dry_2030y_SOC,cf_median,
Eritrea,BRDC_Boreal dry_2030y_SOC,cf_median,
Estonia,BRDC_Boreal dry_2030y_SOC,cf_median,
Ethiopia,BRDC_Boreal dry_2030y_SOC,cf_median,
Europa Island,BRDC_Boreal dry_2030y_SOC,cf_median,
Falkland Islands (Malvinas),BRDC_Boreal dry_2030y_SOC,cf_median,
Faroe Islands,BRDC_Boreal dry_2030y_SOC,cf_median,
Fiji,BRDC_Boreal dry_2030y_SOC,cf_median,
Finland,BRDC_Boreal dry_2030y_SOC,cf_median,357.07925
France,BRDC_Boreal dry_2030y_SOC,cf_median,
French Guiana,BRDC_Boreal dry_2030y_SOC,cf_median,
French Polynesia,BRDC_Boreal dry_2030y_SOC,cf_median,
French Southern and Antarctic Territories,BRDC_Boreal dry_2030y_SOC,cf_median,
Gabon,BRDC_Boreal dry_2030y_SOC,cf_median,
Gambia,BRDC_Boreal dry_2030y_SOC,cf_median,
Gaza Strip,BRDC_Boreal dry_2030y_SOC,cf_median,
Georgia,BRDC_Boreal dry_2030y_SOC,cf_median,
Germany,BRDC_Boreal dry_2030y_SOC,cf_median,
Ghana,BRDC_Boreal dry_2030y_SOC,cf_median,
Gibraltar,BRDC_Boreal dry_2030y_SOC,cf_median,
Glorioso Island,BRDC_Boreal dry_2030y_SOC,cf_median,
Greece,BRDC_Boreal dry_2030y_SOC,cf_median,
Greenland,BRDC_Boreal dry_2030y_SOC,cf_median,
Grenada,BRDC_Boreal dry_2030y_SOC,cf_median,
Guadeloupe,BRDC_Boreal dry_2030y_SOC,cf_median,
Guam,BRDC_Boreal dry_2030y_SOC,cf_median,
Guatemala,BRDC_Boreal dry_2030y_SOC,cf_median,
Guernsey,BRDC_Boreal dry_2030y_SOC,cf_median,
Guinea,BRDC_Boreal dry_2030y_SOC,cf_median,
Guinea-Bissau,BRDC_Boreal dry_2030y_SOC,cf_median,
Guyana,BRDC_Boreal dry_2030y_SOC,cf_median,
Haiti,BRDC_Boreal dry_2030y_SOC,cf_median,
Hala'ib triangle,BRDC_Boreal dry_2030y_SOC,cf_median,
Heard Island and McDonald Islands,BRDC_Boreal dry_2030y_SOC,cf_median,
Holy See,BRDC_Boreal dry_2030y_SOC,cf_median,
Honduras,BRDC_Boreal dry_2030y_SOC,cf_median,
Hong Kong,BRDC_Boreal dry_2030y_SOC,cf_median,
Howland Island,BRDC_Boreal dry_2030y_SOC,cf_median,
Hungary,BRDC_Boreal dry_2030y_SOC,cf_median,
Iceland,BRDC_Boreal dry_2030y_SOC,cf_median,435.5211
Ilemi triangle,BRDC_Boreal dry_2030y_SOC,cf_median,
India,BRDC_Boreal dry_2030y_SOC,cf_median,
Indonesia,BRDC_Boreal dry_2030y_SOC,cf_median,
Iran  (Islamic Republic of),BRDC_Boreal dry_2030y_SOC,cf_median,
Iraq,BRDC_Boreal dry_2030y_SOC,cf_median,
Ireland,BRDC_Boreal dry_2030y_SOC,cf_median,
Isle of Man,BRDC_Boreal dry_2030y_SOC,cf_median,
Israel,BRDC_Boreal dry_2030y_SOC,cf_median,
Italy,BRDC_Boreal dry_2030y_SOC,cf_median,
Jamaica,BRDC_Boreal dry_2030y_SOC,cf_median,
Jammu and Kashmir,BRDC_Boreal dry_2030y_SOC,cf_median,
Japan,BRDC_Boreal dry_2030y_SOC,cf_median,
Jarvis Island,BRDC_Boreal dry_2030y_SOC,cf_median,
Jersey,BRDC_Boreal dry_2030y_SOC,cf_median,
Johnston Atoll,BRDC_Boreal dry_2030y_SOC,cf_median,
Jordan,BRDC_Boreal dry_2030y_SOC,cf_median,
Juan de Nova Island,BRDC_Boreal dry_2030y_SOC,cf_median,
Kazakhstan,BRDC_Boreal dry_2030y_SOC,cf_median,
Kenya,BRDC_Boreal dry_2030y_SOC,cf_median,
Kingman Reef,BRDC_Boreal dry_2030y_SOC,cf_median,
Kiribati,BRDC_Boreal dry_2030y_SOC,cf_median,
Kuril islands,BRDC_Boreal dry_2030y_SOC,cf_median,
Kuwait,BRDC_Boreal dry_2030y_SOC,cf_median,
Kyrgyzstan,BRDC_Boreal dry_2030y_SOC,cf_median,
Lao People's Democratic Republic,BRDC_Boreal dry_2030y_SOC,cf_median,
Latvia,BRDC_Boreal dry_2030y_SOC,cf_median,
Lebanon,BRDC_Boreal dry_2030y_SOC,cf_median,
Lesotho,BRDC_Boreal dry_2030y_SOC,cf_median,
Liberia,BRDC_Boreal dry_2030y_SOC,cf_median,
Libya,BRDC_Boreal dry_2030y_SOC,cf_median,
Liechtenstein,BRDC_Boreal dry_2030y_SOC,cf_median,
Lithuania,BRDC_Boreal dry_2030y_SOC,cf_median,
Luxembourg,BRDC_Boreal dry_2030y_SOC,cf_median,
Ma'tan al-Sarra,BRDC_Boreal dry_2030y_SOC,cf_median,
Macau,BRDC_Boreal dry_2030y_SOC,cf_median,
Madagascar,BRDC_Boreal dry_2030y_SOC,cf_median,
Madeira Islands,BRDC_Boreal dry_2030y_SOC,cf_median,
Malawi,BRDC_Boreal dry_2030y_SOC,cf_median,
Malaysia,BRDC_Boreal dry_2030y_SOC,cf_median,
Maldives,BRDC_Boreal dry_2030y_SOC,cf_median,
Mali,BRDC_Boreal dry_2030y_SOC,cf_median,
Malta,BRDC_Boreal dry_2030y_SOC,cf_median,
Marshall Islands,BRDC_Boreal dry_2030y_SOC,cf_median,
Martinique,BRDC_Boreal dry_2030y_SOC,cf_median,
Mauritania,BRDC_Boreal dry_2030y_SOC,cf_median,
Mauritius,BRDC_Boreal dry_2030y_SOC,cf_median,
Mayotte,BRDC_Boreal dry_2030y_SOC,cf_median,
Mexico,BRDC_Boreal dry_2030y_SOC,cf_median,
Micronesia (Federated States of),BRDC_Boreal dry_2030y_SOC,cf_median,
Midway Island,BRDC_Boreal dry_2030y_SOC,cf_median,
"Moldova, Republic of",BRDC_Boreal dry_2030y_SOC,cf_median,
Monaco,BRDC_Boreal dry_2030y_SOC,cf_median,
Mongolia,BRDC_Boreal dry_2030y_SOC,cf_median,
Montenegro,BRDC_Boreal dry_2030y_SOC,cf_median,
Montserrat,BRDC_Boreal dry_2030y_SOC,cf_median,
Morocco,BRDC_Boreal dry_2030y_SOC,cf_median,
Mozambique,BRDC_Boreal dry_2030y_SOC,cf_median,
Myanmar,BRDC_Boreal dry_2030y_SOC,cf_median,
Namibia,BRDC_Boreal dry_2030y_SOC,cf_median,
Nauru,BRDC_Boreal dry_2030y_SOC,cf_median,
Navassa Island,BRDC_Boreal dry_2030y_SOC,cf_median,
Nepal,BRDC_Boreal dry_2030y_SOC,cf_median,
Netherlands,BRDC_Boreal dry_2030y_SOC,cf_median,
Netherlands Antilles,BRDC_Boreal dry_2030y_SOC,cf_median,
New Caledonia,BRDC_Boreal dry_2030y_SOC,cf_median,
New Zealand,BRDC_Boreal dry_2030y_SOC,cf_median,
Nicaragua,BRDC_Boreal dry_2030y_SOC,cf_median,
Niger,BRDC_Boreal dry_2030y_SOC,cf_median,
Nigeria,BRDC_Boreal dry_2030y_SOC,cf_median,
Niue,BRDC_Boreal dry_2030y_SOC,cf_median,
Norfolk Island,BRDC_Boreal dry_2030y_SOC,cf_median,
Northern Mariana Islands,BRDC_Boreal dry_2030y_SOC,cf_median,
Norway,BRDC_Boreal dry_2030y_SOC,cf_median,350.84973
Oman,BRDC_Boreal dry_2030y_SOC,cf_median,
Pakistan,BRDC_Boreal dry_2030y_SOC,cf_median,
Palau,BRDC_Boreal dry_2030y_SOC,cf_median,
Palmyra Atoll,BRDC_Boreal dry_2030y_SOC,cf_median,
Panama,BRDC_Boreal dry_2030y_SOC,cf_median,
Papua New Guinea,BRDC_Boreal dry_2030y_SOC,cf_median,
Paracel Islands,BRDC_Boreal dry_2030y_SOC,cf_median,
Paraguay,BRDC_Boreal dry_2030y_SOC,cf_median,
Peru,BRDC_Boreal dry_2030y_SOC,cf_median,
Philippines,BRDC_Boreal dry_2030y_SOC,cf_median,
Pitcairn,BRDC_Boreal dry_2030y_SOC,cf_median,
Poland,BRDC_Boreal dry_2030y_SOC,cf_median,
Portugal,BRDC_Boreal dry_2030y_SOC,cf_median,
Puerto Rico,BRDC_Boreal dry_2030y_SOC,cf_median,
Qatar,BRDC_Boreal dry_2030y_SOC,cf_median,
Republic of Korea,BRDC_Boreal dry_2030y_SOC,cf_median,
Romania,BRDC_Boreal dry_2030y_SOC,cf_median,
Russian Federation,BRDC_Boreal dry_2030y_SOC,cf_median,388.43353
Rwanda,BRDC_Boreal dry_2030y_SOC,cf_median,
Réunion,BRDC_Boreal dry_2030y_SOC,cf_median,
Saint Helena,BRDC_Boreal dry_2030y_SOC,cf_median,
Saint Kitts and Nevis,BRDC_Boreal dry_2030y_SOC,cf_median,
Saint Lucia,BRDC_Boreal dry_2030y_SOC,cf_median,
Saint Pierre et Miquelon,BRDC_Boreal dry_2030y_SOC,cf_median,
Saint Vincent and the Grenadines,BRDC_Boreal dry_2030y_SOC,cf_median,
Samoa,BRDC_Boreal dry_2030y_SOC,cf_median,
San Marino,BRDC_Boreal dry_2030y_SOC,cf_median,
Sao Tome and Principe,BRDC_Boreal dry_2030y_SOC,cf_median,
Saudi Arabia,BRDC_Boreal dry_2030y_SOC,cf_median,
Scarborough Reef,BRDC_Boreal dry_2030y_SOC,cf_median,
Senegal,BRDC_Boreal dry_2030y_SOC,cf_median,
Senkaku Islands,BRDC_Boreal dry_2030y_SOC,cf_median,
Serbia,BRDC_Boreal dry_2030y_SOC,cf_median,
Seychelles,BRDC_Boreal dry_2030y_SOC,cf_median,
Sierra Leone,BRDC_Boreal dry_2030y_SOC,cf_median,
Singapore,BRDC_Boreal dry_2030y_SOC,cf_median,
Slovakia,BRDC_Boreal dry_2030y_SOC,cf_median,
Slovenia,BRDC_Boreal dry_2030y_SOC,cf_median,
Solomon Islands,BRDC_Boreal dry_2030y_SOC,cf_median,
Somalia,BRDC_Boreal dry_2030y_SOC,cf_median,
South Africa,BRDC_Boreal dry_2030y_SOC,cf_median,
South Georgia and the South Sandwich Islands,BRDC_Boreal dry_2030y_SOC,cf_median,
South Sudan,BRDC_Boreal dry_2030y_SOC,cf_median,
Spain,BRDC_Boreal dry_2030y_SOC,cf_median,
Spratly Islands,BRDC_Boreal dry_2030y_SOC,cf_median,
Sri Lanka,BRDC_Boreal dry_2030y_SOC,cf_median,
Sudan,BRDC_Boreal dry_2030y_SOC,cf_median,
Suriname,BRDC_Boreal dry_2030y_SOC,cf_median,
Svalbard and Jan Mayen Islands,BRDC_Boreal dry_2030y_SOC,cf_median,
Swaziland,BRDC_Boreal dry_2030y_SOC,cf_median,
Sweden,BRDC_Boreal dry_2030y_SOC,cf_median,362.8728
Switzerland,BRDC_Boreal dry_2030y_SOC,cf_median,
Syrian Arab Republic,BRDC_Boreal dry_2030y_SOC,cf_median,
Taiwan,BRDC_Boreal dry_2030y_SOC,cf_median,
Tajikistan,BRDC_Boreal dry_2030y_SOC,cf_median,
Thailand,BRDC_Boreal dry_2030y_SOC,cf_median,
The former Yugoslav Republic of Macedonia,BRDC_Boreal dry_2030y_SOC,cf_median,
Timor-Leste,BRDC_Boreal dry_2030y_SOC,cf_median,
Togo,BRDC_Boreal dry_2030y_SOC,cf_median,
Tokelau,BRDC_Boreal dry_2030y_SOC,cf_median,
Tonga,BRDC_Boreal dry_2030y_SOC,cf_median,
Trinidad and Tobago,BRDC_Boreal dry_2030y_SOC,cf_median,
Tromelin Island,BRDC_Boreal dry_2030y_SOC,cf_median,
Tunisia,BRDC_Boreal dry_2030y_SOC,cf_median,
Turkey,BRDC_Boreal dry_2030y_SOC,cf_median,
Turkmenistan,BRDC_Boreal dry_2030y_SOC,cf_median,
Turks and Caicos islands,BRDC_Boreal dry_2030y_SOC,cf_median,
Tuvalu,BRDC_Boreal dry_2030y_SOC,cf_median,
U.K. of Great Britain and Northern Ireland,BRDC_Boreal dry_2030y_SOC,cf_median,
Uganda,BRDC_Boreal dry_2030y_SOC,cf_median,
Ukraine,BRDC_Boreal dry_2030y_SOC,cf_median,
United Arab Emirates,BRDC_Boreal dry_2030y_SOC,cf_median,
United Republic of Tanzania,BRDC_Boreal dry_2030y_SOC,cf_median,
United States Virgin Islands,BRDC_Boreal dry_2030y_SOC,cf_median,
United States of America,BRDC_Boreal dry_2030y_SOC,cf_median,192.53474
Uruguay,BRDC_Boreal dry_2030y_SOC,cf_median,
Uzbekistan,BRDC_Boreal dry_2030y_SOC,cf_median,
Vanuatu,BRDC_Boreal dry_2030y_SOC,cf_median,
Venezuela,BRDC_Boreal dry_2030y_SOC,cf_median,
Viet Nam,BRDC_Boreal dry_2030y_SOC,cf_median,
Wake Island,BRDC_Boreal dry_2030y_SOC,cf_median,
Wallis and Futuna,BRDC_Boreal dry_2030y_SOC,cf_median,
West Bank,BRDC_Boreal dry_2030y_SOC,cf_median,
Western Sahara,BRDC_Boreal dry_2030y_SOC,cf_median,
Yemen,BRDC_Boreal dry_2030y_SOC,cf_median,
Zambia,BRDC_Boreal dry_2030y_SOC,cf_median,
Zimbabwe,BRDC_Boreal dry_2030y_SOC,cf_median,
Abyei,BRDC_Boreal dry_2030y_SOC,cf_std,
Afghanistan,BRDC_Boreal dry_2030y_SOC,cf_std,
Aksai Chin,BRDC_Boreal dry_2030y_SOC,cf_std,
Albania,BRDC_Boreal dry_2030y_SOC,cf_std,
Algeria,BRDC_Boreal dry_2030y_SOC,cf_std,
American Samoa,BRDC_Boreal dry_2030y_SOC,cf_std,
Andorra,BRDC_Boreal dry_2030y_SOC,cf_std,
Angola,BRDC_Boreal dry_2030y_SOC,cf_std,
Anguilla,BRDC_Boreal dry_2030y_SOC,cf_std,
Antarctica,BRDC_Boreal dry_2030y_SOC,cf_std,
Antigua and Barbuda,BRDC_Boreal dry_2030y_SOC,cf_std,
Argentina,BRDC_Boreal dry_2030y_SOC,cf_std,3.1298327
Armenia,BRDC_Boreal dry_2030y_SOC,cf_std,
Aruba,BRDC_Boreal dry_2030y_SOC,cf_std,
Arunachal Pradesh,BRDC_Boreal dry_2030y_SOC,cf_std,
Ashmore and Cartier Islands,BRDC_Boreal dry_2030y_SOC,cf_std,
Australia,BRDC_Boreal dry_2030y_SOC,cf_std,
Austria,BRDC_Boreal dry_2030y_SOC,cf_std,
Azerbaijan,BRDC_Boreal dry_2030y_SOC,cf_std,
Azores Islands,BRDC_Boreal dry_2030y_SOC,cf_std,
Bahamas,BRDC_Boreal dry_2030y_SOC,cf_std,
Bahrain,BRDC_Boreal dry_2030y_SOC,cf_std,
Baker Island,BRDC_Boreal dry_2030y_SOC,cf_std,
Bangladesh,BRDC_Boreal dry_2030y_SOC,cf_std,
Barbados,BRDC_Boreal dry_2030y_SOC,cf_std,
Bassas da India,BRDC_Boreal dry_2030y_SOC,cf_std,
Belarus,BRDC_Boreal dry_2030y_SOC,cf_std,
Belgium,BRDC_Boreal dry_2030y_SOC,cf_std,
Belize,BRDC_Boreal dry_2030y_SOC,cf_std,
Benin,BRDC_Boreal dry_2030y_SOC,cf_std,
Bermuda,BRDC_Boreal dry_2030y_SOC,cf_std,
Bhutan,BRDC_Boreal dry_2030y_SOC,cf_std,
Bird Island,BRDC_Boreal dry_2030y_SOC,cf_std,
Bolivia,BRDC_Boreal dry_2030y_SOC,cf_std,
Bosnia and Herzegovina,BRDC_Boreal dry_2030y_SOC,cf_std,
Botswana,BRDC_Boreal dry_2030y_SOC,cf_std,
Bouvet Island,BRDC_Boreal dry_2030y_SOC,cf_std,
Brazil,BRDC_Boreal dry_2030y_SOC,cf_std,
British Indian Ocean Territory,BRDC_Boreal dry_2030y_SOC,cf_std,
British Virgin Islands,BRDC_Boreal dry_2030y_SOC,cf_std,
Brunei Darussalam,BRDC_Boreal dry_2030y_SOC,cf_std,
Bulgaria,BRDC_Boreal dry_2030y_SOC,cf_std,
Burkina Faso,BRDC_Boreal dry_2030y_SOC,cf_std,
Burundi,BRDC_Boreal dry_2030y_SOC,cf_std,
Cambodia,BRDC_Boreal dry_2030y_SOC,cf_std,
Cameroon,BRDC_Boreal dry_2030y_SOC,cf_std,
Canada,BRDC_Boreal dry_2030y_SOC,cf_std,41.198433
Cape Verde,BRDC_Boreal dry_2030y_SOC,cf_std,
Cayman Islands,BRDC_Boreal dry_2030y_SOC,cf_std,
Central African Republic,BRDC_Boreal dry_2030y_SOC,cf_std,
Chad,BRDC_Boreal dry_2030y_SOC,cf_std,
Chile,BRDC_Boreal dry_2030y_SOC,cf_std,47.765533
China,BRDC_Boreal dry_2030y_SOC,cf_std,
China/India,BRDC_Boreal dry_2030y_SOC,cf_std,
Christmas Island,BRDC_Boreal dry_2030y_SOC,cf_std,
Clipperton Island,BRDC_Boreal dry_2030y_SOC,cf_std,
Cocos (Keeling) Islands,BRDC_Boreal dry_2030y_SOC,cf_std,
Colombia,BRDC_Boreal dry_2030y_SOC,cf_std,
Comoros,BRDC_Boreal dry_2030y_SOC,cf_std,
Congo,BRDC_Boreal dry_2030y_SOC,cf_std,
Cook Islands,BRDC_Boreal dry_2030y_SOC,cf_std,
Costa Rica,BRDC_Boreal dry_2030y_SOC,cf_std,
Croatia,BRDC_Boreal dry_2030y_SOC,cf_std,
Cuba,BRDC_Boreal dry_2030y_SOC,cf_std,
Cyprus,BRDC_Boreal dry_2030y_SOC,cf_std,
Czech Republic,BRDC_Boreal dry_2030y_SOC,cf_std,
Côte d'Ivoire,BRDC_Boreal dry_2030y_SOC,cf_std,
Dem People's Rep of Korea,BRDC_Boreal dry_2030y_SOC,cf_std,
Democratic Republic of the Congo,BRDC_Boreal dry_2030y_SOC,cf_std,
Denmark,BRDC_Boreal dry_2030y_SOC,cf_std,
Djibouti,BRDC_Boreal dry_2030y_SOC,cf_std,
Dominica,BRDC_Boreal dry_2030y_SOC,cf_std,
Dominican Republic,BRDC_Boreal dry_2030y_SOC,cf_std,
Ecuador,BRDC_Boreal dry_2030y_SOC,cf_std,
Egypt,BRDC_Boreal dry_2030y_SOC,cf_std,
El Salvador,BRDC_Boreal dry_2030y_SOC,cf_std,
Equatorial Guinea,BRDC_Boreal dry_2030y_SOC,cf_std,
Eritrea,BRDC_Boreal dry_2030y_SOC,cf_std,
Estonia,BRDC_Boreal dry_2030y_SOC,cf_std,
Ethiopia,BRDC_Boreal dry_2030y_SOC,cf_std,
Europa Island,BRDC_Boreal dry_2030y_SOC,cf_std,
Falkland Islands (Malvinas),BRDC_Boreal dry_2030y_SOC,cf_std,
Faroe Islands,BRDC_Boreal dry_2030y_SOC,cf_std,
Fiji,BRDC_Boreal dry_2030y_SOC,cf_std,
Finland,BRDC_Boreal dry_2030y_SOC,cf_std,19.599424
France,BRDC_Boreal dry_2030y_SOC,cf_std,
French Guiana,BRDC_Boreal dry_2030y_SOC,cf_std,
French Polynesia,BRDC_Boreal dry_2030y_SOC,cf_std,
French Southern and Antarctic Territories,BRDC_Boreal dry_2030y_SOC,cf_std,
Gabon,BRDC_Boreal dry_2030y_SOC,cf_std,
Gambia,BRDC_Boreal dry_2030y_SOC,cf_std,
Gaza Strip,BRDC_Boreal dry_2030y_SOC,cf_std,
Georgia,BRDC_Boreal dry_2030y_SOC,cf_std,
Germany,BRDC_Boreal dry_2030y_SOC,cf_std,
Ghana,BRDC_Boreal dry_2030y_SOC,cf_std,
Gibraltar,BRDC_Boreal dry_2030y_SOC,cf_std,
Glorioso Island,BRDC_Boreal dry_2030y_SOC,cf_std,
Greece,BRDC_Boreal dry_2030y_SOC,cf_std,
Greenland,BRDC_Boreal dry_2030y_SOC,cf_std,
Grenada,BRDC_Boreal dry_2030y_SOC,cf_std,
Guadeloupe,BRDC_Boreal dry_2030y_SOC,cf_std,
Guam,BRDC_Boreal dry_2030y_SOC,cf_std,
Guatemala,BRDC_Boreal dry_2030y_SOC,cf_std,
Guernsey,BRDC_Boreal dry_2030y_SOC,cf_std,
Guinea,BRDC_Boreal dry_2030y_SOC,cf_std,
Guinea-Bissau,BRDC_Boreal dry_2030y_SOC,cf_std,
Guyana,BRDC_Boreal dry_2030y_SOC,cf_std,
Haiti,BRDC_Boreal dry_2030y_SOC,cf_std,
Hala'ib triangle,BRDC_Boreal dry_2030y_SOC,cf_std,
Heard Island and McDonald Islands,BRDC_Boreal dry_2030y_SOC,cf_std,
Holy See,BRDC_Boreal dry_2030y_SOC,cf_std,
Honduras,BRDC_Boreal dry_2030y_SOC,cf_std,
Hong Kong,BRDC_Boreal dry_2030y_SOC,cf_std,
Howland Island,BRDC_Boreal dry_2030y_SOC,cf_std,
Hungary,BRDC_Boreal dry_2030y_SOC,cf_std,
Iceland,BRDC_Boreal dry_2030y_SOC,cf_std,29.474731
Ilemi triangle,BRDC_Boreal dry_2030y_SOC,cf_std,
India,BRDC_Boreal dry_2030y_SOC,cf_std,
Indonesia,BRDC_Boreal dry_2030y_SOC,cf_std,
Iran  (Islamic Republic of),BRDC_Boreal dry_2030y_SOC,cf_std,
Iraq,BRDC_Boreal dry_2030y_SOC,cf_std,
Ireland,BRDC_Boreal dry_2030y_SOC,cf_std,
Isle of Man,BRDC_Boreal dry_2030y_SOC,cf_std,
Israel,BRDC_Boreal dry_2030y_SOC,cf_std,
Italy,BRDC_Boreal dry_2030y_SOC,cf_std,
Jamaica,BRDC_Boreal dry_2030y_SOC,cf_std,
Jammu and Kashmir,BRDC_Boreal dry_2030y_SOC,cf_std,
Japan,BRDC_Boreal dry_2030y_SOC,cf_std,
Jarvis Island,BRDC_Boreal dry_2030y_SOC,cf_std,
Jersey,BRDC_Boreal dry_2030y_SOC,cf_std,
Johnston Atoll,BRDC_Boreal dry_2030y_SOC,cf_std,
Jordan,BRDC_Boreal dry_2030y_SOC,cf_std,
Juan de Nova Island,BRDC_Boreal dry_2030y_SOC,cf_std,
Kazakhstan,BRDC_Boreal dry_2030y_SOC,cf_std,
Kenya,BRDC_Boreal dry_2030y_SOC,cf_std,
Kingman Reef,BRDC_Boreal dry_2030y_SOC,cf_std,
Kiribati,BRDC_Boreal dry_2030y_SOC,cf_std,
Kuril islands,BRDC_Boreal dry_2030y_SOC,cf_std,
Kuwait,BRDC_Boreal dry_2030y_SOC,cf_std,
Kyrgyzstan,BRDC_Boreal dry_2030y_SOC,cf_std,
Lao People's Democratic Republic,BRDC_Boreal dry_2030y_SOC,cf_std,
Latvia,BRDC_Boreal dry_2030y_SOC,cf_std,
Lebanon,BRDC_Boreal dry_2030y_SOC,cf_std,
Lesotho,BRDC_Boreal dry_2030y_SOC,cf_std,
Liberia,BRDC_Boreal dry_2030y_SOC,cf_std,
Libya,BRDC_Boreal dry_2030y_SOC,cf_std,
Liechtenstein,BRDC_Boreal dry_2030y_SOC,cf_std,
Lithuania,BRDC_Boreal dry_2030y_SOC,cf_std,
Luxembourg,BRDC_Boreal dry_2030y_SOC,cf_std,
Ma'tan al-Sarra,BRDC_Boreal dry_2030y_SOC,cf_std,
Macau,BRDC_Boreal dry_2030y_SOC,cf_std,
Madagascar,BRDC_Boreal dry_2030y_SOC,cf_std,
Madeira Islands,BRDC_Boreal dry_2030y_SOC,cf_std,
Malawi,BRDC_Boreal dry_2030y_SOC,cf_std,
Malaysia,BRDC_Boreal dry_2030y_SOC,cf_std,
Maldives,BRDC_Boreal dry_2030y_SOC,cf_std,
Mali,BRDC_Boreal dry_2030y_SOC,cf_std,
Malta,BRDC_Boreal dry_2030y_SOC,cf_std,
Marshall Islands,BRDC_Boreal dry_2030y_SOC,cf_std,
Martinique,BRDC_Boreal dry_2030y_SOC,cf_std,
Mauritania,BRDC_Boreal dry_2030y_SOC,cf_std,
Mauritius,BRDC_Boreal dry_2030y_SOC,cf_std,
Mayotte,BRDC_Boreal dry_2030y_SOC,cf_std,
Mexico,BRDC_Boreal dry_2030y_SOC,cf_std,
Micronesia (Federated States of),BRDC_Boreal dry_2030y_SOC,cf_std,
Midway Island,BRDC_Boreal dry_2030y_SOC,cf_std,
"Moldova, Republic of",BRDC_Boreal dry_2030y_SOC,cf_std,
Monaco,BRDC_Boreal dry_2030y_SOC,cf_std,
Mongolia,BRDC_Boreal dry_2030y_SOC,cf_std,
Montenegro,BRDC_Boreal dry_2030y_SOC,cf_std,
Montserrat,BRDC_Boreal dry_2030y_SOC,cf_std,
Morocco,BRDC_Boreal dry_2030y_SOC,cf_std,
Mozambique,BRDC_Boreal dry_2030y_SOC,cf_std,
Myanmar,BRDC_Boreal dry_2030y_SOC,cf_std,
Namibia,BRDC_Boreal dry_2030y_SOC,cf_std,
Nauru,BRDC_Boreal dry_2030y_SOC,cf_std,
Navassa Island,BRDC_Boreal dry_2030y_SOC,cf_std,
Nepal,BRDC_Boreal dry_2030y_SOC,cf_std,
Netherlands,BRDC_Boreal dry_2030y_SOC,cf_std,
Netherlands Antilles,BRDC_Boreal dry_2030y_SOC,cf_std,
New Caledonia,BRDC_Boreal dry_2030y_SOC,cf_std,
New Zealand,BRDC_Boreal dry_2030y_SOC,cf_std,
Nicaragua,BRDC_Boreal dry_2030y_SOC,cf_std,
Niger,BRDC_Boreal dry_2030y_SOC,cf_std,
Nigeria,BRDC_Boreal dry_2030y_SOC,cf_std,
Niue,BRDC_Boreal dry_2030y_SOC,cf_std,
Norfolk Island,BRDC_Boreal dry_2030y_SOC,cf_std,
Northern Mariana Islands,BRDC_Boreal dry_2030y_SOC,cf_std,
Norway,BRDC_Boreal dry_2030y_SOC,cf_std,41.432114
Oman,BRDC_Boreal dry_2030y_SOC,cf_std,
Pakistan,BRDC_Boreal dry_2030y_SOC,cf_std,
Palau,BRDC_Boreal dry_2030y_SOC,cf_std,
Palmyra Atoll,BRDC_Boreal dry_2030y_SOC,cf_std,
Panama,BRDC_Boreal dry_2030y_SOC,cf_std,
Papua New Guinea,BRDC_Boreal dry_2030y_SOC,cf_std,
Paracel Islands,BRDC_Boreal dry_2030y_SOC,cf_std,
Paraguay,BRDC_Boreal dry_2030y_SOC,cf_std,
Peru,BRDC_Boreal dry_2030y_SOC,cf_std,
Philippines,BRDC_Boreal dry_2030y_SOC,cf_std,
Pitcairn,BRDC_Boreal dry_2030y_SOC,cf_std,
Poland,BRDC_Boreal dry_2030y_SOC,cf_std,
Portugal,BRDC_Boreal dry_2030y_SOC,cf_std,
Puerto Rico,BRDC_Boreal dry_2030y_SOC,cf_std,
Qatar,BRDC_Boreal dry_2030y_SOC,cf_std,
Republic of Korea,BRDC_Boreal dry_2030y_SOC,cf_std,
Romania,BRDC_Boreal dry_2030y_SOC,cf_std,
Russian Federation,BRDC_Boreal dry_2030y_SOC,cf_std,34.841328
Rwanda,BRDC_Boreal dry_2030y_SOC,cf_std,
Réunion,BRDC_Boreal dry_2030y_SOC,cf_std,
Saint Helena,BRDC_Boreal dry_2030y_SOC,cf_std,
Saint Kitts and Nevis,BRDC_Boreal dry_2030y_SOC,cf_std,
Saint Lucia,BRDC_Boreal dry_2030y_SOC,cf_std,
Saint Pierre et Miquelon,BRDC_Boreal dry_2030y_SOC,cf_std,
Saint Vincent and the Grenadines,BRDC_Boreal dry_2030y_SOC,cf_std,
Samoa,BRDC_Boreal dry_2030y_SOC,cf_std,
San Marino,BRDC_Boreal dry_2030y_SOC,cf_std,
Sao Tome and Principe,BRDC_Boreal dry_2030y_SOC,cf_std,
Saudi Arabia,BRDC_Boreal dry_2030y_SOC,cf_std,
Scarborough Reef,BRDC_Boreal dry_2030y_SOC,cf_std,
Senegal,BRDC_Boreal dry_2030y_SOC,cf_std,
Senkaku Islands,BRDC_Boreal dry_2030y_SOC,cf_std,
Serbia,BRDC_Boreal dry_2030y_SOC,cf_std,
Seychelles,BRDC_Boreal dry_2030y_SOC,cf_std,
Sierra Leone,BRDC_Boreal dry_2030y_SOC,cf_std,
Singapore,BRDC_Boreal dry_2030y_SOC,cf_std,
Slovakia,BRDC_Boreal dry_2030y_SOC,cf_std,
Slovenia,BRDC_Boreal dry_2030y_SOC,cf_std,
Solomon Islands,BRDC_Boreal dry_2030y_SOC,cf_std,
Somalia,BRDC_Boreal dry_2030y_SOC,cf_std,
South Africa,BRDC_Boreal dry_2030y_SOC,cf_std,
South Georgia and the South Sandwich Islands,BRDC_Boreal dry_2030y_SOC,cf_std,
South Sudan,BRDC_Boreal dry_2030y_SOC,cf_std,
Spain,BRDC_Boreal dry_2030y_SOC,cf_std,
Spratly Islands,BRDC_Boreal dry_2030y_SOC,cf_std,
Sri Lanka,BRDC_Boreal dry_2030y_SOC,cf_std,
Sudan,BRDC_Boreal dry_2030y_SOC,cf_std,
Suriname,BRDC_Boreal dry_2030y_SOC,cf_std,
Svalbard and Jan Mayen Islands,BRDC_Boreal dry_2030y_SOC,cf_std,
Swaziland,BRDC_Boreal dry_2030y_SOC,cf_std,
Sweden,BRDC_Boreal dry_2030y_SOC,cf_std,26.204824
Switzerland,BRDC_Boreal dry_2030y_SOC,cf_std,
Syrian Arab Republic,BRDC_Boreal dry_2030y_SOC,cf_std,
Taiwan,BRDC_Boreal dry_2030y_SOC,cf_std,
Tajikistan,BRDC_Boreal dry_2030y_SOC,cf_std,
Thailand,BRDC_Boreal dry_2030y_SOC,cf_std,
The former Yugoslav Republic of Macedonia,BRDC_Boreal dry_2030y_SOC,cf_std,
Timor-Leste,BRDC_Boreal dry_2030y_SOC,cf_std,
Togo,BRDC_Boreal dry_2030y_SOC,cf_std,
Tokelau,BRDC_Boreal dry_2030y_SOC,cf_std,
Tonga,BRDC_Boreal dry_2030y_SOC,cf_std,
Trinidad and Tobago,BRDC_Boreal dry_2030y_SOC,cf_std,
Tromelin Island,BRDC_Boreal dry_2030y_SOC,cf_std,
Tunisia,BRDC_Boreal dry_2030y_SOC,cf_std,
Turkey,BRDC_Boreal dry_2030y_SOC,cf_std,
Turkmenistan,BRDC_Boreal dry_2030y_SOC,cf_std,
Turks and Caicos islands,BRDC_Boreal dry_2030y_SOC,cf_std,
Tuvalu,BRDC_Boreal dry_2030y_SOC,cf_std,
U.K. of Great Britain and Northern Ireland,BRDC_Boreal dry_2030y_SOC,cf_std,
Uganda,BRDC_Boreal dry_2030y_SOC,cf_std,
Ukraine,BRDC_Boreal dry_2030y_SOC,cf_std,
United Arab Emirates,BRDC_Boreal dry_2030y_SOC,cf_std,
United Republic of Tanzania,BRDC_Boreal dry_2030y_SOC,cf_std,
United States Virgin Islands,BRDC_Boreal dry_2030y_SOC,cf_std,
United States of America,BRDC_Boreal dry_2030y_SOC,cf_std,22.151604
Uruguay,BRDC_Boreal dry_2030y_SOC,cf_std,
Uzbekistan,BRDC_Boreal dry_2030y_SOC,cf_std,
Vanuatu,BRDC_Boreal dry_2030y_SOC,cf_std,
Venezuela,BRDC_Boreal dry_2030y_SOC,cf_std,
Viet Nam,BRDC_Boreal dry_2030y_SOC,cf_std,
Wake Island,BRDC_Boreal dry_2030y_SOC,cf_std,
Wallis and Futuna,BRDC_Boreal dry_2030y_SOC,cf_std,
West Bank,BRDC_Boreal dry_2030y_SOC,cf_std,
Western Sahara,BRDC_Boreal dry_2030y_SOC,cf_std,
Yemen,BRDC_Boreal dry_2030y_SOC,cf_std,
Zambia,BRDC_Boreal dry_2030y_SOC,cf_std,
Zimbabwe,BRDC_Boreal dry_2030y_SOC,cf_std,
Abyei,BRDC_Boreal moist_2030y_SOC,cf_mean,
Afghanistan,BRDC_Boreal moist_2030y_SOC,cf_mean,
Aksai Chin,BRDC_Boreal moist_2030y_SOC,cf_mean,
Albania,BRDC_Boreal moist_2030y_SOC,cf_mean,
Algeria,BRDC_Boreal moist_2030y_SOC,cf_mean,
American Samoa,BRDC_Boreal moist_2030y_SOC,cf_mean,
Andorra,BRDC_Boreal moist_2030y_SOC,cf_mean,
Angola,BRDC_Boreal moist_2030y_SOC,cf_mean,
Anguilla,BRDC_Boreal moist_2030y_SOC,cf_mean,
Antarctica,BRDC_Boreal moist_2030y_SOC,cf_mean,
Antigua and Barbuda,BRDC_Boreal moist_2030y_SOC,cf_mean,
Argentina,BRDC_Boreal moist_2030y_SOC,cf_mean,654.3477
Armenia,BRDC_Boreal moist_2030y_SOC,cf_mean,
Aruba,BRDC_Boreal moist_2030y_SOC,cf_mean,
Arunachal Pradesh,BRDC_Boreal moist_2030y_SOC,cf_mean,
Ashmore and Cartier Islands,BRDC_Boreal moist_2030y_SOC,cf_mean,
Australia,BRDC_Boreal moist_2030y_SOC,cf_mean,
Austria,BRDC_Boreal moist_2030y_SOC,cf_mean,
Azerbaijan,BRDC_Boreal moist_2030y_SOC,cf_mean,
Azores Islands,BRDC_Boreal moist_2030y_SOC,cf_mean,
Bahamas,BRDC_Boreal moist_2030y_SOC,cf_mean,
Bahrain,BRDC_Boreal moist_2030y_SOC,cf_mean,
Baker Island,BRDC_Boreal moist_2030y_SOC,cf_mean,
Bangladesh,BRDC_Boreal moist_2030y_SOC,cf_mean,
Barbados,BRDC_Boreal moist_2030y_SOC,cf_mean,
Bassas da India,BRDC_Boreal moist_2030y_SOC,cf_mean,
Belarus,BRDC_Boreal moist_2030y_SOC,cf_mean,
Belgium,BRDC_Boreal moist_2030y_SOC,cf_mean,
Belize,BRDC_Boreal moist_2030y_SOC,cf_mean,
Benin,BRDC_Boreal moist_2030y_SOC,cf_mean,
Bermuda,BRDC_Boreal moist_2030y_SOC,cf_mean,
Bhutan,BRDC_Boreal moist_2030y_SOC,cf_mean,
Bird Island,BRDC_Boreal moist_2030y_SOC,cf_mean,
Bolivia,BRDC_Boreal moist_2030y_SOC,cf_mean,
Bosnia and Herzegovina,BRDC_Boreal moist_2030y_SOC,cf_mean,
Botswana,BRDC_Boreal moist_2030y_SOC,cf_mean,
Bouvet Island,BRDC_Boreal moist_2030y_SOC,cf_mean,
Brazil,BRDC_Boreal moist_2030y_SOC,cf_mean,
British Indian Ocean Territory,BRDC_Boreal moist_2030y_SOC,cf_mean,
British Virgin Islands,BRDC_Boreal moist_2030y_SOC,cf_mean,
Brunei Darussalam,BRDC_Boreal moist_2030y_SOC,cf_mean,
Bulgaria,BRDC_Boreal moist_2030y_SOC,cf_mean,
Burkina Faso,BRDC_Boreal moist_2030y_SOC,cf_mean,
Burundi,BRDC_Boreal moist_2030y_SOC,cf_mean,
Cambodia,BRDC_Boreal moist_2030y_SOC,cf_mean,
Cameroon,BRDC_Boreal moist_2030y_SOC,cf_mean,
Canada,BRDC_Boreal moist_2030y_SOC,cf_mean,576.39215
Cape Verde,BRDC_Boreal moist_2030y_SOC,cf_mean,
Cayman Islands,BRDC_Boreal moist_2030y_SOC,cf_mean,
Central African Republic,BRDC_Boreal moist_2030y_SOC,cf_mean,
Chad,BRDC_Boreal moist_2030y_SOC,cf_mean,
Chile,BRDC_Boreal moist_2030y_SOC,cf_mean,632.93146
China,BRDC_Boreal moist_2030y_SOC,cf_mean,
China/India,BRDC_Boreal moist_2030y_SOC,cf_mean,
Christmas Island,BRDC_Boreal moist_2030y_SOC,cf_mean,
Clipperton Island,BRDC_Boreal moist_2030y_SOC,cf_mean,
Cocos (Keeling) Islands,BRDC_Boreal moist_2030y_SOC,cf_mean,
Colombia,BRDC_Boreal moist_2030y_SOC,cf_mean,
Comoros,BRDC_Boreal moist_2030y_SOC,cf_mean,
Congo,BRDC_Boreal moist_2030y_SOC,cf_mean,
Cook Islands,BRDC_Boreal moist_2030y_SOC,cf_mean,
Costa Rica,BRDC_Boreal moist_2030y_SOC,cf_mean,
Croatia,BRDC_Boreal moist_2030y_SOC,cf_mean,
Cuba,BRDC_Boreal moist_2030y_SOC,cf_mean,
Cyprus,BRDC_Boreal moist_2030y_SOC,cf_mean,
Czech Republic,BRDC_Boreal moist_2030y_SOC,cf_mean,
Côte d'Ivoire,BRDC_Boreal moist_2030y_SOC,cf_mean,
Dem People's Rep of Korea,BRDC_Boreal moist_2030y_SOC,cf_mean,
Democratic Republic of the Congo,BRDC_Boreal moist_2030y_SOC,cf_mean,
Denmark,BRDC_Boreal moist_2030y_SOC,cf_mean,
Djibouti,BRDC_Boreal moist_2030y_SOC,cf_mean,
Dominica,BRDC_Boreal moist_2030y_SOC,cf_mean,
Dominican Republic,BRDC_Boreal moist_2030y_SOC,cf_mean,
Ecuador,BRDC_Boreal moist_2030y_SOC,cf_mean,
Egypt,BRDC_Boreal moist_2030y_SOC,cf_mean,
El Salvador,BRDC_Boreal moist_2030y_SOC,cf_mean,
Equatorial Guinea,BRDC_Boreal moist_2030y_SOC,cf_mean,
Eritrea,BRDC_Boreal moist_2030y_SOC,cf_mean,
Estonia,BRDC_Boreal moist_2030y_SOC,cf_mean,
Ethiopia,BRDC_Boreal moist_2030y_SOC,cf_mean,
Europa Island,BRDC_Boreal moist_2030y_SOC,cf_mean,
Falkland Islands (Malvinas),BRDC_Boreal moist_2030y_SOC,cf_mean,
Faroe Islands,BRDC_Boreal moist_2030y_SOC,cf_mean,
Fiji,BRDC_Boreal moist_2030y_SOC,cf_mean,
Finland,BRDC_Boreal moist_2030y_SOC,cf_mean,590.3746
France,BRDC_Boreal moist_2030y_SOC,cf_mean,
French Guiana,BRDC_Boreal moist_2030y_SOC,cf_mean,
French Polynesia,BRDC_Boreal moist_2030y_SOC,cf_mean,
French Southern and Antarctic Territories,BRDC_Boreal moist_2030y_SOC,cf_mean,
Gabon,BRDC_Boreal moist_2030y_SOC,cf_mean,
Gambia,BRDC_Boreal moist_2030y_SOC,cf_mean,
Gaza Strip,BRDC_Boreal moist_2030y_SOC,cf_mean,
Georgia,BRDC_Boreal moist_2030y_SOC,cf_mean,
Germany,BRDC_Boreal moist_2030y_SOC,cf_mean,
Ghana,BRDC_Boreal moist_2030y_SOC,cf_mean,
Gibraltar,BRDC_Boreal moist_2030y_SOC,cf_mean,
Glorioso Island,BRDC_Boreal moist_2030y_SOC,cf_mean,
Greece,BRDC_Boreal moist_2030y_SOC,cf_mean,
Greenland,BRDC_Boreal moist_2030y_SOC,cf_mean,
Grenada,BRDC_Boreal moist_2030y_SOC,cf_mean,
Guadeloupe,BRDC_Boreal moist_2030y_SOC,cf_mean,
Guam,BRDC_Boreal moist_2030y_SOC,cf_mean,
Guatemala,BRDC_Boreal moist_2030y_SOC,cf_mean,
Guernsey,BRDC_Boreal moist_2030y_SOC,cf_mean,
Guinea,BRDC_Boreal moist_2030y_SOC,cf_mean,
Guinea-Bissau,BRDC_Boreal moist_2030y_SOC,cf_mean,
Guyana,BRDC_Boreal moist_2030y_SOC,cf_mean,
Haiti,BRDC_Boreal moist_2030y_SOC,cf_mean,
Hala'ib triangle,BRDC_Boreal moist_2030y_SOC,cf_mean,
Heard Island and McDonald Islands,BRDC_Boreal moist_2030y_SOC,cf_mean,
Holy See,BRDC_Boreal moist_2030y_SOC,cf_mean,
Honduras,BRDC_Boreal moist_2030y_SOC,cf_mean,
Hong Kong,BRDC_Boreal moist_2030y_SOC,cf_mean,
Howland Island,BRDC_Boreal moist_2030y_SOC,cf_mean,
Hungary,BRDC_Boreal moist_2030y_SOC,cf_mean,
Iceland,BRDC_Boreal moist_2030y_SOC,cf_mean,688.601
Ilemi triangle,BRDC_Boreal moist_2030y_SOC,cf_mean,
India,BRDC_Boreal moist_2030y_SOC,cf_mean,
Indonesia,BRDC_Boreal moist_2030y_SOC,cf_mean,
Iran  (Islamic Republic of),BRDC_Boreal moist_2030y_SOC,cf_mean,
Iraq,BRDC_Boreal moist_2030y_SOC,cf_mean,
Ireland,BRDC_Boreal moist_2030y_SOC,cf_mean,
Isle of Man,BRDC_Boreal moist_2030y_SOC,cf_mean,
Israel,BRDC_Boreal moist_2030y_SOC,cf_mean,
Italy,BRDC_Boreal moist_2030y_SOC,cf_mean,
Jamaica,BRDC_Boreal moist_2030y_SOC,cf_mean,
Jammu and Kashmir,BRDC_Boreal moist_2030y_SOC,cf_mean,
Japan,BRDC_Boreal moist_2030y_SOC,cf_mean,
Jarvis Island,BRDC_Boreal moist_2030y_SOC,cf_mean,
Jersey,BRDC_Boreal moist_2030y_SOC,cf_mean,
Johnston Atoll,BRDC_Boreal moist_2030y_SOC,cf_mean,
Jordan,BRDC_Boreal moist_2030y_SOC,cf_mean,
Juan de Nova Island,BRDC_Boreal moist_2030y_SOC,cf_mean,
Kazakhstan,BRDC_Boreal moist_2030y_SOC,cf_mean,
Kenya,BRDC_Boreal moist_2030y_SOC,cf_mean,
Kingman Reef,BRDC_Boreal moist_2030y_SOC,cf_mean,
Kiribati,BRDC_Boreal moist_2030y_SOC,cf_mean,
Kuril islands,BRDC_Boreal moist_2030y_SOC,cf_mean,
Kuwait,BRDC_Boreal moist_2030y_SOC,cf_mean,
Kyrgyzstan,BRDC_Boreal moist_2030y_SOC,cf_mean,
Lao People's Democratic Republic,BRDC_Boreal moist_2030y_SOC,cf_mean,
Latvia,BRDC_Boreal moist_2030y_SOC,cf_mean,
Lebanon,BRDC_Boreal moist_2030y_SOC,cf_mean,
Lesotho,BRDC_Boreal moist_2030y_SOC,cf_mean,
Liberia,BRDC_Boreal moist_2030y_SOC,cf_mean,
Libya,BRDC_Boreal moist_2030y_SOC,cf_mean,
Liechtenstein,BRDC_Boreal moist_2030y_SOC,cf_mean,
Lithuania,BRDC_Boreal moist_2030y_SOC,cf_mean,
Luxembourg,BRDC_Boreal moist_2030y_SOC,cf_mean,
Ma'tan al-Sarra,BRDC_Boreal moist_2030y_SOC,cf_mean,
Macau,BRDC_Boreal moist_2030y_SOC,cf_mean,
Madagascar,BRDC_Boreal moist_2030y_SOC,cf_mean,
Madeira Islands,BRDC_Boreal moist_2030y_SOC,cf_mean,
Malawi,BRDC_Boreal moist_2030y_SOC,cf_mean,
Malaysia,BRDC_Boreal moist_2030y_SOC,cf_mean,
Maldives,BRDC_Boreal moist_2030y_SOC,cf_mean,
Mali,BRDC_Boreal moist_2030y_SOC,cf_mean,
Malta,BRDC_Boreal moist_2030y_SOC,cf_mean,
Marshall Islands,BRDC_Boreal moist_2030y_SOC,cf_mean,
Martinique,BRDC_Boreal moist_2030y_SOC,cf_mean,
Mauritania,BRDC_Boreal moist_2030y_SOC,cf_mean,
Mauritius,BRDC_Boreal moist_2030y_SOC,cf_mean,
Mayotte,BRDC_Boreal moist_2030y_SOC,cf_mean,
Mexico,BRDC_Boreal moist_2030y_SOC,cf_mean,
Micronesia (Federated States of),BRDC_Boreal moist_2030y_SOC,cf_mean,
Midway Island,BRDC_Boreal moist_2030y_SOC,cf_mean,
"Moldova, Republic of",BRDC_Boreal moist_2030y_SOC,cf_mean,
Monaco,BRDC_Boreal moist_2030y_SOC,cf_mean,
Mongolia,BRDC_Boreal moist_2030y_SOC,cf_mean,
Montenegro,BRDC_Boreal moist_2030y_SOC,cf_mean,
Montserrat,BRDC_Boreal moist_2030y_SOC,cf_mean,
Morocco,BRDC_Boreal moist_2030y_SOC,cf_mean,
Mozambique,BRDC_Boreal moist_2030y_SOC,cf_mean,
Myanmar,BRDC_Boreal moist_2030y_SOC,cf_mean,
Namibia,BRDC_Boreal moist_2030y_SOC,cf_mean,
Nauru,BRDC_Boreal moist_2030y_SOC,cf_mean,
Navassa Island,BRDC_Boreal moist_2030y_SOC,cf_mean,
Nepal,BRDC_Boreal moist_2030y_SOC,cf_mean,
Netherlands,BRDC_Boreal moist_2030y_SOC,cf_mean,
Netherlands Antilles,BRDC_Boreal moist_2030y_SOC,cf_mean,
New Caledonia,BRDC_Boreal moist_2030y_SOC,cf_mean,
New Zealand,BRDC_Boreal moist_2030y_SOC,cf_mean,
Nicaragua,BRDC_Boreal moist_2030y_SOC,cf_mean,
Niger,BRDC_Boreal moist_2030y_SOC,cf_mean,
Nigeria,BRDC_Boreal moist_2030y_SOC,cf_mean,
Niue,BRDC_Boreal moist_2030y_SOC,cf_mean,
Norfolk Island,BRDC_Boreal moist_2030y_SOC,cf_mean,
Northern Mariana Islands,BRDC_Boreal moist_2030y_SOC,cf_mean,
Norway,BRDC_Boreal moist_2030y_SOC,cf_mean,592.1753
Oman,BRDC_Boreal moist_2030y_SOC,cf_mean,
Pakistan,BRDC_Boreal moist_2030y_SOC,cf_mean,
Palau,BRDC_Boreal moist_2030y_SOC,cf_mean,
Palmyra Atoll,BRDC_Boreal moist_2030y_SOC,cf_mean,
Panama,BRDC_Boreal moist_2030y_SOC,cf_mean,
Papua New Guinea,BRDC_Boreal moist_2030y_SOC,cf_mean,
Paracel Islands,BRDC_Boreal moist_2030y_SOC,cf_mean,
Paraguay,BRDC_Boreal moist_2030y_SOC,cf_mean,
Peru,BRDC_Boreal moist_2030y_SOC,cf_mean,
Philippines,BRDC_Boreal moist_2030y_SOC,cf_mean,
Pitcairn,BRDC_Boreal moist_2030y_SOC,cf_mean,
Poland,BRDC_Boreal moist_2030y_SOC,cf_mean,
Portugal,BRDC_Boreal moist_2030y_SOC,cf_mean,
Puerto Rico,BRDC_Boreal moist_2030y_SOC,cf_mean,
Qatar,BRDC_Boreal moist_2030y_SOC,cf_mean,
Republic of Korea,BRDC_Boreal moist_2030y_SOC,cf_mean,
Romania,BRDC_Boreal moist_2030y_SOC,cf_mean,
Russian Federation,BRDC_Boreal moist_2030y_SOC,cf_mean,637.00134
Rwanda,BRDC_Boreal moist_2030y_SOC,cf_mean,
Réunion,BRDC_Boreal moist_2030y_SOC,cf_mean,
Saint Helena,BRDC_Boreal moist_2030y_SOC,cf_mean,
Saint Kitts and Nevis,BRDC_Boreal moist_2030y_SOC,cf_mean,
Saint Lucia,BRDC_Boreal moist_2030y_SOC,cf_mean,
Saint Pierre et Miquelon,BRDC_Boreal moist_2030y_SOC,cf_mean,
Saint Vincent and the Grenadines,BRDC_Boreal moist_2030y_SOC,cf_mean,
Samoa,BRDC_Boreal moist_2030y_SOC,cf_mean,
San Marino,BRDC_Boreal moist_2030y_SOC,cf_mean,
Sao Tome and Principe,BRDC_Boreal moist_2030y_SOC,cf_mean,
Saudi Arabia,BRDC_Boreal moist_2030y_SOC,cf_mean,
Scarborough Reef,BRDC_Boreal moist_2030y_SOC,cf_mean,
Senegal,BRDC_Boreal moist_2030y_SOC,cf_mean,
Senkaku Islands,BRDC_Boreal moist_2030y_SOC,cf_mean,
Serbia,BRDC_Boreal moist_2030y_SOC,cf_mean,
Seychelles,BRDC_Boreal moist_2030y_SOC,cf_mean,
Sierra Leone,BRDC_Boreal moist_2030y_SOC,cf_mean,
Singapore,BRDC_Boreal moist_2030y_SOC,cf_mean,
Slovakia,BRDC_Boreal moist_2030y_SOC,cf_mean,
Slovenia,BRDC_Boreal moist_2030y_SOC,cf_mean,
Solomon Islands,BRDC_Boreal moist_2030y_SOC,cf_mean,
Somalia,BRDC_Boreal moist_2030y_SOC,cf_mean,
South Africa,BRDC_Boreal moist_2030y_SOC,cf_mean,
South Georgia and the South Sandwich Islands,BRDC_Boreal moist_2030y_SOC,cf_mean,
South Sudan,BRDC_Boreal moist_2030y_SOC,cf_mean,
Spain,BRDC_Boreal moist_2030y_SOC,cf_mean,
Spratly Islands,BRDC_Boreal moist_2030y_SOC,cf_mean,
Sri Lanka,BRDC_Boreal moist_2030y_SOC,cf_mean,
Sudan,BRDC_Boreal moist_2030y_SOC,cf_mean,
Suriname,BRDC_Boreal moist_2030y_SOC,cf_mean,
Svalbard and Jan Mayen Islands,BRDC_Boreal moist_2030y_SOC,cf_mean,
Swaziland,BRDC_Boreal moist_2030y_SOC,cf_mean,
Sweden,BRDC_Boreal moist_2030y_SOC,cf_mean,620.4535
Switzerland,BRDC_Boreal moist_2030y_SOC,cf_mean,
Syrian Arab Republic,BRDC_Boreal moist_2030y_SOC,cf_mean,
Taiwan,BRDC_Boreal moist_2030y_SOC,cf_mean,
Tajikistan,BRDC_Boreal moist_2030y_SOC,cf_mean,
Thailand,BRDC_Boreal moist_2030y_SOC,cf_mean,
The former Yugoslav Republic of Macedonia,BRDC_Boreal moist_2030y_SOC,cf_mean,
Timor-Leste,BRDC_Boreal moist_2030y_SOC,cf_mean,
Togo,BRDC_Boreal moist_2030y_SOC,cf_mean,
Tokelau,BRDC_Boreal moist_2030y_SOC,cf_mean,
Tonga,BRDC_Boreal moist_2030y_SOC,cf_mean,
Trinidad and Tobago,BRDC_Boreal moist_2030y_SOC,cf_mean,
Tromelin Island,BRDC_Boreal moist_2030y_SOC,cf_mean,
Tunisia,BRDC_Boreal moist_2030y_SOC,cf_mean,
Turkey,BRDC_Boreal moist_2030y_SOC,cf_mean,
Turkmenistan,BRDC_Boreal moist_2030y_SOC,cf_mean,
Turks and Caicos islands,BRDC_Boreal moist_2030y_SOC,cf_mean,
Tuvalu,BRDC_Boreal moist_2030y_SOC,cf_mean,
U.K. of Great Britain and Northern Ireland,BRDC_Boreal moist_2030y_SOC,cf_mean,
Uganda,BRDC_Boreal moist_2030y_SOC,cf_mean,
Ukraine,BRDC_Boreal moist_2030y_SOC,cf_mean,
United Arab Emirates,BRDC_Boreal moist_2030y_SOC,cf_mean,
United Republic of Tanzania,BRDC_Boreal moist_2030y_SOC,cf_mean,
United States Virgin Islands,BRDC_Boreal moist_2030y_SOC,cf_mean,
United States of America,BRDC_Boreal moist_2030y_SOC,cf_mean,283.2491
Uruguay,BRDC_Boreal moist_2030y_SOC,cf_mean,
Uzbekistan,BRDC_Boreal moist_2030y_SOC,cf_mean,
Vanuatu,BRDC_Boreal moist_2030y_SOC,cf_mean,
Venezuela,BRDC_Boreal moist_2030y_SOC,cf_mean,
Viet Nam,BRDC_Boreal moist_2030y_SOC,cf_mean,
Wake Island,BRDC_Boreal moist_2030y_SOC,cf_mean,
Wallis and Futuna,BRDC_Boreal moist_2030y_SOC,cf_mean,
West Bank,BRDC_Boreal moist_2030y_SOC,cf_mean,
Western Sahara,BRDC_Boreal moist_2030y_SOC,cf_mean,
Yemen,BRDC_Boreal moist_2030y_SOC,cf_mean,
Zambia,BRDC_Boreal moist_2030y_SOC,cf_mean,
Zimbabwe,BRDC_Boreal moist_2030y_SOC,cf_mean,
Abyei,BRDC_Boreal moist_2030y_SOC,cf_median,
Afghanistan,BRDC_Boreal moist_2030y_SOC,cf_median,
Aksai Chin,BRDC_Boreal moist_2030y_SOC,cf_median,
Albania,BRDC_Boreal moist_2030y_SOC,cf_median,
Algeria,BRDC_Boreal moist_2030y_SOC,cf_median,
American Samoa,BRDC_Boreal moist_2030y_SOC,cf_median,
Andorra,BRDC_Boreal moist_2030y_SOC,cf_median,
Angola,BRDC_Boreal moist_2030y_SOC,cf_median,
Anguilla,BRDC_Boreal moist_2030y_SOC,cf_median,
Antarctica,BRDC_Boreal moist_2030y_SOC,cf_median,
Antigua and Barbuda,BRDC_Boreal moist_2030y_SOC,cf_median,
Argentina,BRDC_Boreal moist_2030y_SOC,cf_median,655.0036
Armenia,BRDC_Boreal moist_2030y_SOC,cf_median,
Aruba,BRDC_Boreal moist_2030y_SOC,cf_median,
Arunachal Pradesh,BRDC_Boreal moist_2030y_SOC,cf_median,
Ashmore and Cartier Islands,BRDC_Boreal moist_2030y_SOC,cf_median,
Australia,BRDC_Boreal moist_2030y_SOC,cf_median,
Austria,BRDC_Boreal moist_2030y_SOC,cf_median,
Azerbaijan,BRDC_Boreal moist_2030y_SOC,cf_median,
Azores Islands,BRDC_Boreal moist_2030y_SOC,cf_median,
Bahamas,BRDC_Boreal moist_2030y_SOC,cf_median,
Bahrain,BRDC_Boreal moist_2030y_SOC,cf_median,
Baker Island,BRDC_Boreal moist_2030y_SOC,cf_median,
Bangladesh,BRDC_Boreal moist_2030y_SOC,cf_median,
Barbados,BRDC_Boreal moist_2030y_SOC,cf_median,
Bassas da India,BRDC_Boreal moist_2030y_SOC,cf_median,
Belarus,BRDC_Boreal moist_2030y_SOC,cf_median,
Belgium,BRDC_Boreal moist_2030y_SOC,cf_median,
Belize,BRDC_Boreal moist_2030y_SOC,cf_median,
Benin,BRDC_Boreal moist_2030y_SOC,cf_median,
Bermuda,BRDC_Boreal moist_2030y_SOC,cf_median,
Bhutan,BRDC_Boreal moist_2030y_SOC,cf_median,
Bird Island,BRDC_Boreal moist_2030y_SOC,cf_median,
Bolivia,BRDC_Boreal moist_2030y_SOC,cf_median,
Bosnia and Herzegovina,BRDC_Boreal moist_2030y_SOC,cf_median,
Botswana,BRDC_Boreal moist_2030y_SOC,cf_median,
Bouvet Island,BRDC_Boreal moist_2030y_SOC,cf_median,
Brazil,BRDC_Boreal moist_2030y_SOC,cf_median,
British Indian Ocean Territory,BRDC_Boreal moist_2030y_SOC,cf_median,
British Virgin Islands,BRDC_Boreal moist_2030y_SOC,cf_median,
Brunei Darussalam,BRDC_Boreal moist_2030y_SOC,cf_median,
Bulgaria,BRDC_Boreal moist_2030y_SOC,cf_median,
Burkina Faso,BRDC_Boreal moist_2030y_SOC,cf_median,
Burundi,BRDC_Boreal moist_2030y_SOC,cf_median,
Cambodia,BRDC_Boreal moist_2030y_SOC,cf_median,
Cameroon,BRDC_Boreal moist_2030y_SOC,cf_median,
Canada,BRDC_Boreal moist_2030y_SOC,cf_median,599.4376
Cape Verde,BRDC_Boreal moist_2030y_SOC,cf_median,
Cayman Islands,BRDC_Boreal moist_2030y_SOC,cf_median,
Central African Republic,BRDC_Boreal moist_2030y_SOC,cf_median,
Chad,BRDC_Boreal moist_2030y_SOC,cf_median,
Chile,BRDC_Boreal moist_2030y_SOC,cf_median,643.7634
China,BRDC_Boreal moist_2030y_SOC,cf_median,
China/India,BRDC_Boreal moist_2030y_SOC,cf_median,
Christmas Island,BRDC_Boreal moist_2030y_SOC,cf_median,
Clipperton Island,BRDC_Boreal moist_2030y_SOC,cf_median,
Cocos (Keeling) Islands,BRDC_Boreal moist_2030y_SOC,cf_median,
Colombia,BRDC_Boreal moist_2030y_SOC,cf_median,
Comoros,BRDC_Boreal moist_2030y_SOC,cf_median,
Congo,BRDC_Boreal moist_2030y_SOC,cf_median,
Cook Islands,BRDC_Boreal moist_2030y_SOC,cf_median,
Costa Rica,BRDC_Boreal moist_2030y_SOC,cf_median,
Croatia,BRDC_Boreal moist_2030y_SOC,cf_median,
Cuba,BRDC_Boreal moist_2030y_SOC,cf_median,
Cyprus,BRDC_Boreal moist_2030y_SOC,cf_median,
Czech Republic,BRDC_Boreal moist_2030y_SOC,cf_median,
Côte d'Ivoire,BRDC_Boreal moist_2030y_SOC,cf_median,
Dem People's Rep of Korea,BRDC_Boreal moist_2030y_SOC,cf_median,
Democratic Republic of the Congo,BRDC_Boreal moist_2030y_SOC,cf_median,
Denmark,BRDC_Boreal moist_2030y_SOC,cf_median,
Djibouti,BRDC_Boreal moist_2030y_SOC,cf_median,
Dominica,BRDC_Boreal moist_2030y_SOC,cf_median,
Dominican Republic,BRDC_Boreal moist_2030y_SOC,cf_median,
Ecuador,BRDC_Boreal moist_2030y_SOC,cf_median,
Egypt,BRDC_Boreal moist_2030y_SOC,cf_median,
El Salvador,BRDC_Boreal moist_2030y_SOC,cf_median,
Equatorial Guinea,BRDC_Boreal moist_2030y_SOC,cf_median,
Eritrea,BRDC_Boreal moist_2030y_SOC,cf_median,
Estonia,BRDC_Boreal moist_2030y_SOC,cf_median,
Ethiopia,BRDC_Boreal moist_2030y_SOC,cf_median,
Europa Island,BRDC_Boreal moist_2030y_SOC,cf_median,
Falkland Islands (Malvinas),BRDC_Boreal moist_2030y_SOC,cf_median,
Faroe Islands,BRDC_Boreal moist_2030y_SOC,cf_median,
Fiji,BRDC_Boreal moist_2030y_SOC,cf_median,
Finland,BRDC_Boreal moist_2030y_SOC,cf_median,582.1123
France,BRDC_Boreal moist_2030y_SOC,cf_median,
French Guiana,BRDC_Boreal moist_2030y_SOC,cf_median,
French Polynesia,BRDC_Boreal moist_2030y_SOC,cf_median,
French Southern and Antarctic Territories,BRDC_Boreal moist_2030y_SOC,cf_median,
Gabon,BRDC_Boreal moist_2030y_SOC,cf_median,
Gambia,BRDC_Boreal moist_2030y_SOC,cf_median,
Gaza Strip,BRDC_Boreal moist_2030y_SOC,cf_median,
Georgia,BRDC_Boreal moist_2030y_SOC,cf_median,
Germany,BRDC_Boreal moist_2030y_SOC,cf_median,
Ghana,BRDC_Boreal moist_2030y_SOC,cf_median,
Gibraltar,BRDC_Boreal moist_2030y_SOC,cf_median,
Glorioso Island,BRDC_Boreal moist_2030y_SOC,cf_median,
Greece,BRDC_Boreal moist_2030y_SOC,cf_median,
Greenland,BRDC_Boreal moist_2030y_SOC,cf_median,
Grenada,BRDC_Boreal moist_2030y_SOC,cf_median,
Guadeloupe,BRDC_Boreal moist_2030y_SOC,cf_median,
Guam,BRDC_Boreal moist_2030y_SOC,cf_median,
Guatemala,BRDC_Boreal moist_2030y_SOC,cf_median,
Guernsey,BRDC_Boreal moist_2030y_SOC,cf_median,
Guinea,BRDC_Boreal moist_2030y_SOC,cf_median,
Guinea-Bissau,BRDC_Boreal moist_2030y_SOC,cf_median,
Guyana,BRDC_Boreal moist_2030y_SOC,cf_median,
Haiti,BRDC_Boreal moist_2030y_SOC,cf_median,
Hala'ib triangle,BRDC_Boreal moist_2030y_SOC,cf_median,
Heard Island and McDonald Islands,BRDC_Boreal moist_2030y_SOC,cf_median,
Holy See,BRDC_Boreal moist_2030y_SOC,cf_median,
Honduras,BRDC_Boreal moist_2030y_SOC,cf_median,
Hong Kong,BRDC_Boreal moist_2030y_SOC,cf_median,
Howland Island,BRDC_Boreal moist_2030y_SOC,cf_median,
Hungary,BRDC_Boreal moist_2030y_SOC,cf_median,
Iceland,BRDC_Boreal moist_2030y_SOC,cf_median,694.4653
Ilemi triangle,BRDC_Boreal moist_2030y_SOC,cf_median,
India,BRDC_Boreal moist_2030y_SOC,cf_median,
Indonesia,BRDC_Boreal moist_2030y_SOC,cf_median,
Iran  (Islamic Republic of),BRDC_Boreal moist_2030y_SOC,cf_median,
Iraq,BRDC_Boreal moist_2030y_SOC,cf_median,
Ireland,BRDC_Boreal moist_2030y_SOC,cf_median,
Isle of Man,BRDC_Boreal moist_2030y_SOC,cf_median,
Israel,BRDC_Boreal moist_2030y_SOC,cf_median,
Italy,BRDC_Boreal moist_2030y_SOC,cf_median,
Jamaica,BRDC_Boreal moist_2030y_SOC,cf_median,
Jammu and Kashmir,BRDC_Boreal moist_2030y_SOC,cf_median,
Japan,BRDC_Boreal moist_2030y_SOC,cf_median,
Jarvis Island,BRDC_Boreal moist_2030y_SOC,cf_median,
Jersey,BRDC_Boreal moist_2030y_SOC,cf_median,
Johnston Atoll,BRDC_Boreal moist_2030y_SOC,cf_median,
Jordan,BRDC_Boreal moist_2030y_SOC,cf_median,
Juan de Nova Island,BRDC_Boreal moist_2030y_SOC,cf_median,
Kazakhstan,BRDC_Boreal moist_2030y_SOC,cf_median,
Kenya,BRDC_Boreal moist_2030y_SOC,cf_median,
Kingman Reef,BRDC_Boreal moist_2030y_SOC,cf_median,
Kiribati,BRDC_Boreal moist_2030y_SOC,cf_median,
Kuril islands,BRDC_Boreal moist_2030y_SOC,cf_median,
Kuwait,BRDC_Boreal moist_2030y_SOC,cf_median,
Kyrgyzstan,BRDC_Boreal moist_2030y_SOC,cf_median,
Lao People's Democratic Republic,BRDC_Boreal moist_2030y_SOC,cf_median,
Latvia,BRDC_Boreal moist_2030y_SOC,cf_median,
Lebanon,BRDC_Boreal moist_2030y_SOC,cf_median,
Lesotho,BRDC_Boreal moist_2030y_SOC,cf_median,
Liberia,BRDC_Boreal moist_2030y_SOC,cf_median,
Libya,BRDC_Boreal moist_2030y_SOC,cf_median,
Liechtenstein,BRDC_Boreal moist_2030y_SOC,cf_median,
Lithuania,BRDC_Boreal moist_2030y_SOC,cf_median,
Luxembourg,BRDC_Boreal moist_2030y_SOC,cf_median,
Ma'tan al-Sarra,BRDC_Boreal moist_2030y_SOC,cf_median,
Macau,BRDC_Boreal moist_2030y_SOC,cf_median,
Madagascar,BRDC_Boreal moist_2030y_SOC,cf_median,
Madeira Islands,BRDC_Boreal moist_2030y_SOC,cf_median,
Malawi,BRDC_Boreal moist_2030y_SOC,cf_median,
Malaysia,BRDC_Boreal moist_2030y_SOC,cf_median,
Maldives,BRDC_Boreal moist_2030y_SOC,cf_median,
Mali,BRDC_Boreal moist_2030y_SOC,cf_median,
Malta,BRDC_Boreal moist_2030y_SOC,cf_median,
Marshall Islands,BRDC_Boreal moist_2030y_SOC,cf_median,
Martinique,BRDC_Boreal moist_2030y_SOC,cf_median,
Mauritania,BRDC_Boreal moist_2030y_SOC,cf_median,
Mauritius,BRDC_Boreal moist_2030y_SOC,cf_median,
Mayotte,BRDC_Boreal moist_2030y_SOC,cf_median,
Mexico,BRDC_Boreal moist_2030y_SOC,cf_median,
Micronesia (Federated States of),BRDC_Boreal moist_2030y_SOC,cf_median,
Midway Island,BRDC_Boreal moist_2030y_SOC,cf_median,
"Moldova, Republic of",BRDC_Boreal moist_2030y_SOC,cf_median,
Monaco,BRDC_Boreal moist_2030y_SOC,cf_median,
Mongolia,BRDC_Boreal moist_2030y_SOC,cf_median,
Montenegro,BRDC_Boreal moist_2030y_SOC,cf_median,
Montserrat,BRDC_Boreal moist_2030y_SOC,cf_median,
Morocco,BRDC_Boreal moist_2030y_SOC,cf_median,
Mozambique,BRDC_Boreal moist_2030y_SOC,cf_median,
Myanmar,BRDC_Boreal moist_2030y_SOC,cf_median,
Namibia,BRDC_Boreal moist_2030y_SOC,cf_median,
Nauru,BRDC_Boreal moist_2030y_SOC,cf_median,
Navassa Island,BRDC_Boreal moist_2030y_SOC,cf_median,
Nepal,BRDC_Boreal moist_2030y_SOC,cf_median,
Netherlands,BRDC_Boreal moist_2030y_SOC,cf_median,
Netherlands Antilles,BRDC_Boreal moist_2030y_SOC,cf_median,
New Caledonia,BRDC_Boreal moist_2030y_SOC,cf_median,
New Zealand,BRDC_Boreal moist_2030y_SOC,cf_median,
Nicaragua,BRDC_Boreal moist_2030y_SOC,cf_median,
Niger,BRDC_Boreal moist_2030y_SOC,cf_median,
Nigeria,BRDC_Boreal moist_2030y_SOC,cf_median,
Niue,BRDC_Boreal moist_2030y_SOC,cf_median,
Norfolk Island,BRDC_Boreal moist_2030y_SOC,cf_median,
Northern Mariana Islands,BRDC_Boreal moist_2030y_SOC,cf_median,
Norway,BRDC_Boreal moist_2030y_SOC,cf_median,577.9289
Oman,BRDC_Boreal moist_2030y_SOC,cf_median,
Pakistan,BRDC_Boreal moist_2030y_SOC,cf_median,
Palau,BRDC_Boreal moist_2030y_SOC,cf_median,
Palmyra Atoll,BRDC_Boreal moist_2030y_SOC,cf_median,
Panama,BRDC_Boreal moist_2030y_SOC,cf_median,
Papua New Guinea,BRDC_Boreal moist_2030y_SOC,cf_median,
Paracel Islands,BRDC_Boreal moist_2030y_SOC,cf_median,
Paraguay,BRDC_Boreal moist_2030y_SOC,cf_median,
Peru,BRDC_Boreal moist_2030y_SOC,cf_median,
Philippines,BRDC_Boreal moist_2030y_SOC,cf_median,
Pitcairn,BRDC_Boreal moist_2030y_SOC,cf_median,
Poland,BRDC_Boreal moist_2030y_SOC,cf_median,
Portugal,BRDC_Boreal moist_2030y_SOC,cf_median,
Puerto Rico,BRDC_Boreal moist_2030y_SOC,cf_median,
Qatar,BRDC_Boreal moist_2030y_SOC,cf_median,
Republic of Korea,BRDC_Boreal moist_2030y_SOC,cf_median,
Romania,BRDC_Boreal moist_2030y_SOC,cf_median,
Russian Federation,BRDC_Boreal moist_2030y_SOC,cf_median,652.5476
Rwanda,BRDC_Boreal moist_2030y_SOC,cf_median,
Réunion,BRDC_Boreal moist_2030y_SOC,cf_median,
Saint Helena,BRDC_Boreal moist_2030y_SOC,cf_median,
Saint Kitts and Nevis,BRDC_Boreal moist_2030y_SOC,cf_median,
Saint Lucia,BRDC_Boreal moist_2030y_SOC,cf_median,
Saint Pierre et Miquelon,BRDC_Boreal moist_2030y_SOC,cf_median,
Saint Vincent and the Grenadines,BRDC_Boreal moist_2030y_SOC,cf_median,
Samoa,BRDC_Boreal moist_2030y_SOC,cf_median,
San Marino,BRDC_Boreal moist_2030y_SOC,cf_median,
Sao Tome and Principe,BRDC_Boreal moist_2030y_SOC,cf_median,
Saudi Arabia,BRDC_Boreal moist_2030y_SOC,cf_median,
Scarborough Reef,BRDC_Boreal moist_2030y_SOC,cf_median,
Senegal,BRDC_Boreal moist_2030y_SOC,cf_median,
Senkaku Islands,BRDC_Boreal moist_2030y_SOC,cf_median,
Serbia,BRDC_Boreal moist_2030y_SOC,cf_median,
Seychelles,BRDC_Boreal moist_2030y_SOC,cf_median,
Sierra Leone,BRDC_Boreal moist_2030y_SOC,cf_median,
Singapore,BRDC_Boreal moist_2030y_SOC,cf_median,
Slovakia,BRDC_Boreal moist_2030y_SOC,cf_median,
Slovenia,BRDC_Boreal moist_2030y_SOC,cf_median,
Solomon Islands,BRDC_Boreal moist_2030y_SOC,cf_median,
Somalia,BRDC_Boreal moist_2030y_SOC,cf_median,
South Africa,BRDC_Boreal moist_2030y_SOC,cf_median,
South Georgia and the South Sandwich Islands,BRDC_Boreal moist_2030y_SOC,cf_median,
South Sudan,BRDC_Boreal moist_2030y_SOC,cf_median,
Spain,BRDC_Boreal moist_2030y_SOC,cf_median,
Spratly Islands,BRDC_Boreal moist_2030y_SOC,cf_median,
Sri Lanka,BRDC_Boreal moist_2030y_SOC,cf_median,
Sudan,BRDC_Boreal moist_2030y_SOC,cf_median,
Suriname,BRDC_Boreal moist_2030y_SOC,cf_median,
Svalbard and Jan Mayen Islands,BRDC_Boreal moist_2030y_SOC,cf_median,
Swaziland,BRDC_Boreal moist_2030y_SOC,cf_median,
Sweden,BRDC_Boreal moist_2030y_SOC,cf_median,618.8724
Switzerland,BRDC_Boreal moist_2030y_SOC,cf_median,
Syrian Arab Republic,BRDC_Boreal moist_2030y_SOC,cf_median,
Taiwan,BRDC_Boreal moist_2030y_SOC,cf_median,
Tajikistan,BRDC_Boreal moist_2030y_SOC,cf_median,
Thailand,BRDC_Boreal moist_2030y_SOC,cf_median,
The former Yugoslav Republic of Macedonia,BRDC_Boreal moist_2030y_SOC,cf_median,
Timor-Leste,BRDC_Boreal moist_2030y_SOC,cf_median,
Togo,BRDC_Boreal moist_2030y_SOC,cf_median,
Tokelau,BRDC_Boreal moist_2030y_SOC,cf_median,
Tonga,BRDC_Boreal moist_2030y_SOC,cf_median,
Trinidad and Tobago,BRDC_Boreal moist_2030y_SOC,cf_median,
Tromelin Island,BRDC_Boreal moist_2030y_SOC,cf_median,
Tunisia,BRDC_Boreal moist_2030y_SOC,cf_median,
Turkey,BRDC_Boreal moist_2030y_SOC,cf_median,
Turkmenistan,BRDC_Boreal moist_2030y_SOC,cf_median,
Turks and Caicos islands,BRDC_Boreal moist_2030y_SOC,cf_median,
Tuvalu,BRDC_Boreal moist_2030y_SOC,cf_median,
U.K. of Great Britain and Northern Ireland,BRDC_Boreal moist_2030y_SOC,cf_median,
Uganda,BRDC_Boreal moist_2030y_SOC,cf_median,
Ukraine,BRDC_Boreal moist_2030y_SOC,cf_median,
United Arab Emirates,BRDC_Boreal moist_2030y_SOC,cf_median,
United Republic of Tanzania,BRDC_Boreal moist_2030y_SOC,cf_median,
United States Virgin Islands,BRDC_Boreal moist_2030y_SOC,cf_median,
United States of America,BRDC_Boreal moist_2030y_SOC,cf_median,277.25467
Uruguay,BRDC_Boreal moist_2030y_SOC,cf_median,
Uzbekistan,BRDC_Boreal moist_2030y_SOC,cf_median,
Vanuatu,BRDC_Boreal moist_2030y_SOC,cf_median,
Venezuela,BRDC_Boreal moist_2030y_SOC,cf_median,
Viet Nam,BRDC_Boreal moist_2030y_SOC,cf_median,
Wake Island,BRDC_Boreal moist_2030y_SOC,cf_median,
Wallis and Futuna,BRDC_Boreal moist_2030y_SOC,cf_median,
West Bank,BRDC_Boreal moist_2030y_SOC,cf_median,
Western Sahara,BRDC_Boreal moist_2030y_SOC,cf_median,
Yemen,BRDC_Boreal moist_2030y_SOC,cf_median,
Zambia,BRDC_Boreal moist_2030y_SOC,cf_median,
Zimbabwe,BRDC_Boreal moist_2030y_SOC,cf_median,
Abyei,BRDC_Boreal moist_2030y_SOC,cf_std,
Afghanistan,BRDC_Boreal moist_2030y_SOC,cf_std,
Aksai Chin,BRDC_Boreal moist_2030y_SOC,cf_std,
Albania,BRDC_Boreal moist_2030y_SOC,cf_std,
Algeria,BRDC_Boreal moist_2030y_SOC,cf_std,
American Samoa,BRDC_Boreal moist_2030y_SOC,cf_std,
Andorra,BRDC_Boreal moist_2030y_SOC,cf_std,
Angola,BRDC_Boreal moist_2030y_SOC,cf_std,
Anguilla,BRDC_Boreal moist_2030y_SOC,cf_std,
Antarctica,BRDC_Boreal moist_2030y_SOC,cf_std,
Antigua and Barbuda,BRDC_Boreal moist_2030y_SOC,cf_std,
Argentina,BRDC_Boreal moist_2030y_SOC,cf_std,2.147906
Armenia,BRDC_Boreal moist_2030y_SOC,cf_std,
Aruba,BRDC_Boreal moist_2030y_SOC,cf_std,
Arunachal Pradesh,BRDC_Boreal moist_2030y_SOC,cf_std,
Ashmore and Cartier Islands,BRDC_Boreal moist_2030y_SOC,cf_std,
Australia,BRDC_Boreal moist_2030y_SOC,cf_std,
Austria,BRDC_Boreal moist_2030y_SOC,cf_std,
Azerbaijan,BRDC_Boreal moist_2030y_SOC,cf_std,
Azores Islands,BRDC_Boreal moist_2030y_SOC,cf_std,
Bahamas,BRDC_Boreal moist_2030y_SOC,cf_std,
Bahrain,BRDC_Boreal moist_2030y_SOC,cf_std,
Baker Island,BRDC_Boreal moist_2030y_SOC,cf_std,
Bangladesh,BRDC_Boreal moist_2030y_SOC,cf_std,
Barbados,BRDC_Boreal moist_2030y_SOC,cf_std,
Bassas da India,BRDC_Boreal moist_2030y_SOC,cf_std,
Belarus,BRDC_Boreal moist_2030y_SOC,cf_std,
Belgium,BRDC_Boreal moist_2030y_SOC,cf_std,
Belize,BRDC_Boreal moist_2030y_SOC,cf_std,
Benin,BRDC_Boreal moist_2030y_SOC,cf_std,
Bermuda,BRDC_Boreal moist_2030y_SOC,cf_std,
Bhutan,BRDC_Boreal moist_2030y_SOC,cf_std,
Bird Island,BRDC_Boreal moist_2030y_SOC,cf_std,
Bolivia,BRDC_Boreal moist_2030y_SOC,cf_std,
Bosnia and Herzegovina,BRDC_Boreal moist_2030y_SOC,cf_std,
Botswana,BRDC_Boreal moist_2030y_SOC,cf_std,
Bouvet Island,BRDC_Boreal moist_2030y_SOC,cf_std,
Brazil,BRDC_Boreal moist_2030y_SOC,cf_std,
British Indian Ocean Territory,BRDC_Boreal moist_2030y_SOC,cf_std,
British Virgin Islands,BRDC_Boreal moist_2030y_SOC,cf_std,
Brunei Darussalam,BRDC_Boreal moist_2030y_SOC,cf_std,
Bulgaria,BRDC_Boreal moist_2030y_SOC,cf_std,
Burkina Faso,BRDC_Boreal moist_2030y_SOC,cf_std,
Burundi,BRDC_Boreal moist_2030y_SOC,cf_std,
Cambodia,BRDC_Boreal moist_2030y_SOC,cf_std,
Cameroon,BRDC_Boreal moist_2030y_SOC,cf_std,
Canada,BRDC_Boreal moist_2030y_SOC,cf_std,72.976105
Cape Verde,BRDC_Boreal moist_2030y_SOC,cf_std,
Cayman Islands,BRDC_Boreal moist_2030y_SOC,cf_std,
Central African Republic,BRDC_Boreal moist_2030y_SOC,cf_std,
Chad,BRDC_Boreal moist_2030y_SOC,cf_std,
Chile,BRDC_Boreal moist_2030y_SOC,cf_std,55.358868
China,BRDC_Boreal moist_2030y_SOC,cf_std,
China/India,BRDC_Boreal moist_2030y_SOC,cf_std,
Christmas Island,BRDC_Boreal moist_2030y_SOC,cf_std,
Clipperton Island,BRDC_Boreal moist_2030y_SOC,cf_std,
Cocos (Keeling) Islands,BRDC_Boreal moist_2030y_SOC,cf_std,
Colombia,BRDC_Boreal moist_2030y_SOC,cf_std,
Comoros,BRDC_Boreal moist_2030y_SOC,cf_std,
Congo,BRDC_Boreal moist_2030y_SOC,cf_std,
Cook Islands,BRDC_Boreal moist_2030y_SOC,cf_std,
Costa Rica,BRDC_Boreal moist_2030y_SOC,cf_std,
Croatia,BRDC_Boreal moist_2030y_SOC,cf_std,
Cuba,BRDC_Boreal moist_2030y_SOC,cf_std,
Cyprus,BRDC_Boreal moist_2030y_SOC,cf_std,
Czech Republic,BRDC_Boreal moist_2030y_SOC,cf_std,
Côte d'Ivoire,BRDC_Boreal moist_2030y_SOC,cf_std,
Dem People's Rep of Korea,BRDC_Boreal moist_2030y_SOC,cf_std,
Democratic Republic of the Congo,BRDC_Boreal moist_2030y_SOC,cf_std,
Denmark,BRDC_Boreal moist_2030y_SOC,cf_std,
Djibouti,BRDC_Boreal moist_2030y_SOC,cf_std,
Dominica,BRDC_Boreal moist_2030y_SOC,cf_std,
Dominican Republic,BRDC_Boreal moist_2030y_SOC,cf_std,
Ecuador,BRDC_Boreal moist_2030y_SOC,cf_std,
Egypt,BRDC_Boreal moist_2030y_SOC,cf_std,
El Salvador,BRDC_Boreal moist_2030y_SOC,cf_std,
Equatorial Guinea,BRDC_Boreal moist_2030y_SOC,cf_std,
Eritrea,BRDC_Boreal moist_2030y_SOC,cf_std,
Estonia,BRDC_Boreal moist_2030y_SOC,cf_std,
Ethiopia,BRDC_Boreal moist_2030y_SOC,cf_std,
Europa Island,BRDC_Boreal moist_2030y_SOC,cf_std,
Falkland Islands (Malvinas),BRDC_Boreal moist_2030y_SOC,cf_std,
Faroe Islands,BRDC_Boreal moist_2030y_SOC,cf_std,
Fiji,BRDC_Boreal moist_2030y_SOC,cf_std,
Finland,BRDC_Boreal moist_2030y_SOC,cf_std,35.426258
France,BRDC_Boreal moist_2030y_SOC,cf_std,
French Guiana,BRDC_Boreal moist_2030y_SOC,cf_std,
French Polynesia,BRDC_Boreal moist_2030y_SOC,cf_std,
French Southern and Antarctic Territories,BRDC_Boreal moist_2030y_SOC,cf_std,
Gabon,BRDC_Boreal moist_2030y_SOC,cf_std,
Gambia,BRDC_Boreal moist_2030y_SOC,cf_std,
Gaza Strip,BRDC_Boreal moist_2030y_SOC,cf_std,
Georgia,BRDC_Boreal moist_2030y_SOC,cf_std,
Germany,BRDC_Boreal moist_2030y_SOC,cf_std,
Ghana,BRDC_Boreal moist_2030y_SOC,cf_std,
Gibraltar,BRDC_Boreal moist_2030y_SOC,cf_std,
Glorioso Island,BRDC_Boreal moist_2030y_SOC,cf_std,
Greece,BRDC_Boreal moist_2030y_SOC,cf_std,
Greenland,BRDC_Boreal moist_2030y_SOC,cf_std,
Grenada,BRDC_Boreal moist_2030y_SOC,cf_std,
Guadeloupe,BRDC_Boreal moist_2030y_SOC,cf_std,
Guam,BRDC_Boreal moist_2030y_SOC,cf_std,
Guatemala,BRDC_Boreal moist_2030y_SOC,cf_std,
Guernsey,BRDC_Boreal moist_2030y_SOC,cf_std,
Guinea,BRDC_Boreal moist_2030y_SOC,cf_std,
Guinea-Bissau,BRDC_Boreal moist_2030y_SOC,cf_std,
Guyana,BRDC_Boreal moist_2030y_SOC,cf_std,
Haiti,BRDC_Boreal moist_2030y_SOC,cf_std,
Hala'ib triangle,BRDC_Boreal moist_2030y_SOC,cf_std,
Heard Island and McDonald Islands,BRDC_Boreal moist_2030y_SOC,cf_std,
Holy See,BRDC_Boreal moist_2030y_SOC,cf_std,
Honduras,BRDC_Boreal moist_2030y_SOC,cf_std,
Hong Kong,BRDC_Boreal moist_2030y_SOC,cf_std,
Howland Island,BRDC_Boreal moist_2030y_SOC,cf_std,
Hungary,BRDC_Boreal moist_2030y_SOC,cf_std,
Iceland,BRDC_Boreal moist_2030y_SOC,cf_std,45.429337
Ilemi triangle,BRDC_Boreal moist_2030y_SOC,cf_std,
India,BRDC_Boreal moist_2030y_SOC,cf_std,
Indonesia,BRDC_Boreal moist_2030y_SOC,cf_std,
Iran  (Islamic Republic of),BRDC_Boreal moist_2030y_SOC,cf_std,
Iraq,BRDC_Boreal moist_2030y_SOC,cf_std,
Ireland,BRDC_Boreal moist_2030y_SOC,cf_std,
Isle of Man,BRDC_Boreal moist_2030y_SOC,cf_std,
Israel,BRDC_Boreal moist_2030y_SOC,cf_std,
Italy,BRDC_Boreal moist_2030y_SOC,cf_std,
Jamaica,BRDC_Boreal moist_2030y_SOC,cf_std,
Jammu and Kashmir,BRDC_Boreal moist_2030y_SOC,cf_std,
Japan,BRDC_Boreal moist_2030y_SOC,cf_std,
Jarvis Island,BRDC_Boreal moist_2030y_SOC,cf_std,
Jersey,BRDC_Boreal moist_2030y_SOC,cf_std,
Johnston Atoll,BRDC_Boreal moist_2030y_SOC,cf_std,
Jordan,BRDC_Boreal moist_2030y_SOC,cf_std,
Juan de Nova Island,BRDC_Boreal moist_2030y_SOC,cf_std,
Kazakhstan,BRDC_Boreal moist_2030y_SOC,cf_std,
Kenya,BRDC_Boreal moist_2030y_SOC,cf_std,
Kingman Reef,BRDC_Boreal moist_2030y_SOC,cf_std,
Kiribati,BRDC_Boreal moist_2030y_SOC,cf_std,
Kuril islands,BRDC_Boreal moist_2030y_SOC,cf_std,
Kuwait,BRDC_Boreal moist_2030y_SOC,cf_std,
Kyrgyzstan,BRDC_Boreal moist_2030y_SOC,cf_std,
Lao People's Democratic Republic,BRDC_Boreal moist_2030y_SOC,cf_std,
Latvia,BRDC_Boreal moist_2030y_SOC,cf_std,
Lebanon,BRDC_Boreal moist_2030y_SOC,cf_std,
Lesotho,BRDC_Boreal moist_2030y_SOC,cf_std,
Liberia,BRDC_Boreal moist_2030y_SOC,cf_std,
Libya,BRDC_Boreal moist_2030y_SOC,cf_std,
Liechtenstein,BRDC_Boreal moist_2030y_SOC,cf_std,
Lithuania,BRDC_Boreal moist_2030y_SOC,cf_std,
Luxembourg,BRDC_Boreal moist_2030y_SOC,cf_std,
Ma'tan al-Sarra,BRDC_Boreal moist_2030y_SOC,cf_std,
Macau,BRDC_Boreal moist_2030y_SOC,cf_std,
Madagascar,BRDC_Boreal moist_2030y_SOC,cf_std,
Madeira Islands,BRDC_Boreal moist_2030y_SOC,cf_std,
Malawi,BRDC_Boreal moist_2030y_SOC,cf_std,
Malaysia,BRDC_Boreal moist_2030y_SOC,cf_std,
Maldives,BRDC_Boreal moist_2030y_SOC,cf_std,
Mali,BRDC_Boreal moist_2030y_SOC,cf_std,
Malta,BRDC_Boreal moist_2030y_SOC,cf_std,
Marshall Islands,BRDC_Boreal moist_2030y_SOC,cf_std,
Martinique,BRDC_Boreal moist_2030y_SOC,cf_std,
Mauritania,BRDC_Boreal moist_2030y_SOC,cf_std,
Mauritius,BRDC_Boreal moist_2030y_SOC,cf_std,
Mayotte,BRDC_Boreal moist_2030y_SOC,cf_std,
Mexico,BRDC_Boreal moist_2030y_SOC,cf_std,
Micronesia (Federated States of),BRDC_Boreal moist_2030y_SOC,cf_std,
Midway Island,BRDC_Boreal moist_2030y_SOC,cf_std,
"Moldova, Republic of",BRDC_Boreal moist_2030y_SOC,cf_std,
Monaco,BRDC_Boreal moist_2030y_SOC,cf_std,
Mongolia,BRDC_Boreal moist_2030y_SOC,cf_std,
Montenegro,BRDC_Boreal moist_2030y_SOC,cf_std,
Montserrat,BRDC_Boreal moist_2030y_SOC,cf_std,
Morocco,BRDC_Boreal moist_2030y_SOC,cf_std,
Mozambique,BRDC_Boreal moist_2030y_SOC,cf_std,
Myanmar,BRDC_Boreal moist_2030y_SOC,cf_std,
Namibia,BRDC_Boreal moist_2030y_SOC,cf_std,
Nauru,BRDC_Boreal moist_2030y_SOC,cf_std,
Navassa Island,BRDC_Boreal moist_2030y_SOC,cf_std,
Nepal,BRDC_Boreal moist_2030y_SOC,cf_std,
Netherlands,BRDC_Boreal moist_2030y_SOC,cf_std,
Netherlands Antilles,BRDC_Boreal moist_2030y_SOC,cf_std,
New Caledonia,BRDC_Boreal moist_2030y_SOC,cf_std,
New Zealand,BRDC_Boreal moist_2030y_SOC,cf_std,
Nicaragua,BRDC_Boreal moist_2030y_SOC,cf_std,
Niger,BRDC_Boreal moist_2030y_SOC,cf_std,
Nigeria,BRDC_Boreal moist_2030y_SOC,cf_std,
Niue,BRDC_Boreal moist_2030y_SOC,cf_std,
Norfolk Island,BRDC_Boreal moist_2030y_SOC,cf_std,
Northern Mariana Islands,BRDC_Boreal moist_2030y_SOC,cf_std,
Norway,BRDC_Boreal moist_2030y_SOC,cf_std,72.74954
Oman,BRDC_Boreal moist_2030y_SOC,cf_std,
Pakistan,BRDC_Boreal moist_2030y_SOC,cf_std,
Palau,BRDC_Boreal moist_2030y_SOC,cf_std,
Palmyra Atoll,BRDC_Boreal moist_2030y_SOC,cf_std,
Panama,BRDC_Boreal moist_2030y_SOC,cf_std,
Papua New Guinea,BRDC_Boreal moist_2030y_SOC,cf_std,
Paracel Islands,BRDC_Boreal moist_2030y_SOC,cf_std,
Paraguay,BRDC_Boreal moist_2030y_SOC,cf_std,
Peru,BRDC_Boreal moist_2030y_SOC,cf_std,
Philippines,BRDC_Boreal moist_2030y_SOC,cf_std,
Pitcairn,BRDC_Boreal moist_2030y_SOC,cf_std,
Poland,BRDC_Boreal moist_2030y_SOC,cf_std,
Portugal,BRDC_Boreal moist_2030y_SOC,cf_std,
Puerto Rico,BRDC_Boreal moist_2030y_SOC,cf_std,
Qatar,BRDC_Boreal moist_2030y_SOC,cf_std,
Republic of Korea,BRDC_Boreal moist_2030y_SOC,cf_std,
Romania,BRDC_Boreal moist_2030y_SOC,cf_std,
Russian Federation,BRDC_Boreal moist_2030y_SOC,cf_std,58.532524
Rwanda,BRDC_Boreal moist_2030y_SOC,cf_std,
Réunion,BRDC_Boreal moist_2030y_SOC,cf_std,
Saint Helena,BRDC_Boreal moist_2030y_SOC,cf_std,
Saint Kitts and Nevis,BRDC_Boreal moist_2030y_SOC,cf_std,
Saint Lucia,BRDC_Boreal moist_2030y_SOC,cf_std,
Saint Pierre et Miquelon,BRDC_Boreal moist_2030y_SOC,cf_std,
Saint Vincent and the Grenadines,BRDC_Boreal moist_2030y_SOC,cf_std,
Samoa,BRDC_Boreal moist_2030y_SOC,cf_std,
San Marino,BRDC_Boreal moist_2030y_SOC,cf_std,
Sao Tome and Principe,BRDC_Boreal moist_2030y_SOC,cf_std,
Saudi Arabia,BRDC_Boreal moist_2030y_SOC,cf_std,
Scarborough Reef,BRDC_Boreal moist_2030y_SOC,cf_std,
Senegal,BRDC_Boreal moist_2030y_SOC,cf_std,
Senkaku Islands,BRDC_Boreal moist_2030y_SOC,cf_std,
Serbia,BRDC_Boreal moist_2030y_SOC,cf_std,
Seychelles,BRDC_Boreal moist_2030y_SOC,cf_std,
Sierra Leone,BRDC_Boreal moist_2030y_SOC,cf_std,
Singapore,BRDC_Boreal moist_2030y_SOC,cf_std,
Slovakia,BRDC_Boreal moist_2030y_SOC,cf_std,
Slovenia,BRDC_Boreal moist_2030y_SOC,cf_std,
Solomon Islands,BRDC_Boreal moist_2030y_SOC,cf_std,
Somalia,BRDC_Boreal moist_2030y_SOC,cf_std,
South Africa,BRDC_Boreal moist_2030y_SOC,cf_std,
South Georgia and the South Sandwich Islands,BRDC_Boreal moist_2030y_SOC,cf_std,
South Sudan,BRDC_Boreal moist_2030y_SOC,cf_std,
Spain,BRDC_Boreal moist_2030y_SOC,cf_std,
Spratly Islands,BRDC_Boreal moist_2030y_SOC,cf_std,
Sri Lanka,BRDC_Boreal moist_2030y_SOC,cf_std,
Sudan,BRDC_Boreal moist_2030y_SOC,cf_std,
Suriname,BRDC_Boreal moist_2030y_SOC,cf_std,
Svalbard and Jan Mayen Islands,BRDC_Boreal moist_2030y_SOC,cf_std,
Swaziland,BRDC_Boreal moist_2030y_SOC,cf_std,
Sweden,BRDC_Boreal moist_2030y_SOC,cf_std,38.426674
Switzerland,BRDC_Boreal moist_2030y_SOC,cf_std,
Syrian Arab Republic,BRDC_Boreal moist_2030y_SOC,cf_std,
Taiwan,BRDC_Boreal moist_2030y_SOC,cf_std,
Tajikistan,BRDC_Boreal moist_2030y_SOC,cf_std,
Thailand,BRDC_Boreal moist_2030y_SOC,cf_std,
The former Yugoslav Republic of Macedonia,BRDC_Boreal moist_2030y_SOC,cf_std,
Timor-Leste,BRDC_Boreal moist_2030y_SOC,cf_std,
Togo,BRDC_Boreal moist_2030y_SOC,cf_std,
Tokelau,BRDC_Boreal moist_2030y_SOC,cf_std,
Tonga,BRDC_Boreal moist_2030y_SOC,cf_std,
Trinidad and Tobago,BRDC_Boreal moist_2030y_SOC,cf_std,
Tromelin Island,BRDC_Boreal moist_2030y_SOC,cf_std,
Tunisia,BRDC_Boreal moist_2030y_SOC,cf_std,
Turkey,BRDC_Boreal moist_2030y_SOC,cf_std,
Turkmenistan,BRDC_Boreal moist_2030y_SOC,cf_std,
Turks and Caicos islands,BRDC_Boreal moist_2030y_SOC,cf_std,
Tuvalu,BRDC_Boreal moist_2030y_SOC,cf_std,
U.K. of Great Britain and Northern Ireland,BRDC_Boreal moist_2030y_SOC,cf_std,
Uganda,BRDC_Boreal moist_2030y_SOC,cf_std,
Ukraine,BRDC_Boreal moist_2030y_SOC,cf_std,
United Arab Emirates,BRDC_Boreal moist_2030y_SOC,cf_std,
United Republic of Tanzania,BRDC_Boreal moist_2030y_SOC,cf_std,
United States Virgin Islands,BRDC_Boreal moist_2030y_SOC,cf_std,
United States of America,BRDC_Boreal moist_2030y_SOC,cf_std,32.514004
Uruguay,BRDC_Boreal moist_2030y_SOC,cf_std,
Uzbekistan,BRDC_Boreal moist_2030y_SOC,cf_std,
Vanuatu,BRDC_Boreal moist_2030y_SOC,cf_std,
Venezuela,BRDC_Boreal moist_2030y_SOC,cf_std,
Viet Nam,BRDC_Boreal moist_2030y_SOC,cf_std,
Wake Island,BRDC_Boreal moist_2030y_SOC,cf_std,
Wallis and Futuna,BRDC_Boreal moist_2030y_SOC,cf_std,
West Bank,BRDC_Boreal moist_2030y_SOC,cf_std,
Western Sahara,BRDC_Boreal moist_2030y_SOC,cf_std,
Yemen,BRDC_Boreal moist_2030y_SOC,cf_std,
Zambia,BRDC_Boreal moist_2030y_SOC,cf_std,
Zimbabwe,BRDC_Boreal moist_2030y_SOC,cf_std,
Abyei,BRDC_Cold temperate dry_2030y_SOC,cf_mean,
Afghanistan,BRDC_Cold temperate dry_2030y_SOC,cf_mean,183.1425
Aksai Chin,BRDC_Cold temperate dry_2030y_SOC,cf_mean,
Albania,BRDC_Cold temperate dry_2030y_SOC,cf_mean,204.00444
Algeria,BRDC_Cold temperate dry_2030y_SOC,cf_mean,
American Samoa,BRDC_Cold temperate dry_2030y_SOC,cf_mean,
Andorra,BRDC_Cold temperate dry_2030y_SOC,cf_mean,
Angola,BRDC_Cold temperate dry_2030y_SOC,cf_mean,
Anguilla,BRDC_Cold temperate dry_2030y_SOC,cf_mean,
Antarctica,BRDC_Cold temperate dry_2030y_SOC,cf_mean,
Antigua and Barbuda,BRDC_Cold temperate dry_2030y_SOC,cf_mean,
Argentina,BRDC_Cold temperate dry_2030y_SOC,cf_mean,241.54028
Armenia,BRDC_Cold temperate dry_2030y_SOC,cf_mean,
Aruba,BRDC_Cold temperate dry_2030y_SOC,cf_mean,
Arunachal Pradesh,BRDC_Cold temperate dry_2030y_SOC,cf_mean,
Ashmore and Cartier Islands,BRDC_Cold temperate dry_2030y_SOC,cf_mean,
Australia,BRDC_Cold temperate dry_2030y_SOC,cf_mean,
Austria,BRDC_Cold temperate dry_2030y_SOC,cf_mean,220.83861
Azerbaijan,BRDC_Cold temperate dry_2030y_SOC,cf_mean,
Azores Islands,BRDC_Cold temperate dry_2030y_SOC,cf_mean,
Bahamas,BRDC_Cold temperate dry_2030y_SOC,cf_mean,
Bahrain,BRDC_Cold temperate dry_2030y_SOC,cf_mean,
Baker Island,BRDC_Cold temperate dry_2030y_SOC,cf_mean,
Bangladesh,BRDC_Cold temperate dry_2030y_SOC,cf_mean,
Barbados,BRDC_Cold temperate dry_2030y_SOC,cf_mean,
Bassas da India,BRDC_Cold temperate dry_2030y_SOC,cf_mean,
Belarus,BRDC_Cold temperate dry_2030y_SOC,cf_mean,243.36914
Belgium,BRDC_Cold temperate dry_2030y_SOC,cf_mean,220.55267
Belize,BRDC_Cold temperate dry_2030y_SOC,cf_mean,
Benin,BRDC_Cold temperate dry_2030y_SOC,cf_mean,
Bermuda,BRDC_Cold temperate dry_2030y_SOC,cf_mean,
Bhutan,BRDC_Cold temperate dry_2030y_SOC,cf_mean,
Bird Island,BRDC_Cold temperate dry_2030y_SOC,cf_mean,
Bolivia,BRDC_Cold temperate dry_2030y_SOC,cf_mean,
Bosnia and Herzegovina,BRDC_Cold temperate dry_2030y_SOC,cf_mean,203.38449
Botswana,BRDC_Cold temperate dry_2030y_SOC,cf_mean,
Bouvet Island,BRDC_Cold temperate dry_2030y_SOC,cf_mean,
Brazil,BRDC_Cold temperate dry_2030y_SOC,cf_mean,
British Indian Ocean Territory,BRDC_Cold temperate dry_2030y_SOC,cf_mean,
British Virgin Islands,BRDC_Cold temperate dry_2030y_SOC,cf_mean,
Brunei Darussalam,BRDC_Cold temperate dry_2030y_SOC,cf_mean,
Bulgaria,BRDC_Cold temperate dry_2030y_SOC,cf_mean,198.5969
Burkina Faso,BRDC_Cold temperate dry_2030y_SOC,cf_mean,
Burundi,BRDC_Cold temperate dry_2030y_SOC,cf_mean,
Cambodia,BRDC_Cold temperate dry_2030y_SOC,cf_mean,
Cameroon,BRDC_Cold temperate dry_2030y_SOC,cf_mean,
Canada,BRDC_Cold temperate dry_2030y_SOC,cf_mean,274.31296
Cape Verde,BRDC_Cold temperate dry_2030y_SOC,cf_mean,
Cayman Islands,BRDC_Cold temperate dry_2030y_SOC,cf_mean,
Central African Republic,BRDC_Cold temperate dry_2030y_SOC,cf_mean,
Chad,BRDC_Cold temperate dry_2030y_SOC,cf_mean,
Chile,BRDC_Cold temperate dry_2030y_SOC,cf_mean,307.57172
China,BRDC_Cold temperate dry_2030y_SOC,cf_mean,210.67992
China/India,BRDC_Cold temperate dry_2030y_SOC,cf_mean,
Christmas Island,BRDC_Cold temperate dry_2030y_SOC,cf_mean,
Clipperton Island,BRDC_Cold temperate dry_2030y_SOC,cf_mean,
Cocos (Keeling) Islands,BRDC_Cold temperate dry_2030y_SOC,cf_mean,
Colombia,BRDC_Cold temperate dry_2030y_SOC,cf_mean,
Comoros,BRDC_Cold temperate dry_2030y_SOC,cf_mean,
Congo,BRDC_Cold temperate dry_2030y_SOC,cf_mean,
Cook Islands,BRDC_Cold temperate dry_2030y_SOC,cf_mean,
Costa Rica,BRDC_Cold temperate dry_2030y_SOC,cf_mean,
Croatia,BRDC_Cold temperate dry_2030y_SOC,cf_mean,183.54523
Cuba,BRDC_Cold temperate dry_2030y_SOC,cf_mean,
Cyprus,BRDC_Cold temperate dry_2030y_SOC,cf_mean,
Czech Republic,BRDC_Cold temperate dry_2030y_SOC,cf_mean,206.80113
Côte d'Ivoire,BRDC_Cold temperate dry_2030y_SOC,cf_mean,
Dem People's Rep of Korea,BRDC_Cold temperate dry_2030y_SOC,cf_mean,165.93108
Democratic Republic of the Congo,BRDC_Cold temperate dry_2030y_SOC,cf_mean,
Denmark,BRDC_Cold temperate dry_2030y_SOC,cf_mean,241.04242
Djibouti,BRDC_Cold temperate dry_2030y_SOC,cf_mean,
Dominica,BRDC_Cold temperate dry_2030y_SOC,cf_mean,
Dominican Republic,BRDC_Cold temperate dry_2030y_SOC,cf_mean,
Ecuador,BRDC_Cold temperate dry_2030y_SOC,cf_mean,
Egypt,BRDC_Cold temperate dry_2030y_SOC,cf_mean,
El Salvador,BRDC_Cold temperate dry_2030y_SOC,cf_mean,
Equatorial Guinea,BRDC_Cold temperate dry_2030y_SOC,cf_mean,
Eritrea,BRDC_Cold temperate dry_2030y_SOC,cf_mean,
Estonia,BRDC_Cold temperate dry_2030y_SOC,cf_mean,325.72836
Ethiopia,BRDC_Cold temperate dry_2030y_SOC,cf_mean,
Europa Island,BRDC_Cold temperate dry_2030y_SOC,cf_mean,
Falkland Islands (Malvinas),BRDC_Cold temperate dry_2030y_SOC,cf_mean,
Faroe Islands,BRDC_Cold temperate dry_2030y_SOC,cf_mean,
Fiji,BRDC_Cold temperate dry_2030y_SOC,cf_mean,
Finland,BRDC_Cold temperate dry_2030y_SOC,cf_mean,324.53403
France,BRDC_Cold temperate dry_2030y_SOC,cf_mean,210.15051
French Guiana,BRDC_Cold temperate dry_2030y_SOC,cf_mean,
French Polynesia,BRDC_Cold temperate dry_2030y_SOC,cf_mean,
French Southern and Antarctic Territories,BRDC_Cold temperate dry_2030y_SOC,cf_mean,
Gabon,BRDC_Cold temperate dry_2030y_SOC,cf_mean,
Gambia,BRDC_Cold temperate dry_2030y_SOC,cf_mean,
Gaza Strip,BRDC_Cold temperate dry_2030y_SOC,cf_mean,
Georgia,BRDC_Cold temperate dry_2030y_SOC,cf_mean,227.94339
Germany,BRDC_Cold temperate dry_2030y_SOC,cf_mean,213.39543
Ghana,BRDC_Cold temperate dry_2030y_SOC,cf_mean,
Gibraltar,BRDC_Cold temperate dry_2030y_SOC,cf_mean,
Glorioso Island,BRDC_Cold temperate dry_2030y_SOC,cf_mean,
Greece,BRDC_Cold temperate dry_2030y_SOC,cf_mean,195.94601
Greenland,BRDC_Cold temperate dry_2030y_SOC,cf_mean,
Grenada,BRDC_Cold temperate dry_2030y_SOC,cf_mean,
Guadeloupe,BRDC_Cold temperate dry_2030y_SOC,cf_mean,
Guam,BRDC_Cold temperate dry_2030y_SOC,cf_mean,
Guatemala,BRDC_Cold temperate dry_2030y_SOC,cf_mean,
Guernsey,BRDC_Cold temperate dry_2030y_SOC,cf_mean,
Guinea,BRDC_Cold temperate dry_2030y_SOC,cf_mean,
Guinea-Bissau,BRDC_Cold temperate dry_2030y_SOC,cf_mean,
Guyana,BRDC_Cold temperate dry_2030y_SOC,cf_mean,
Haiti,BRDC_Cold temperate dry_2030y_SOC,cf_mean,
Hala'ib triangle,BRDC_Cold temperate dry_2030y_SOC,cf_mean,
Heard Island and McDonald Islands,BRDC_Cold temperate dry_2030y_SOC,cf_mean,
Holy See,BRDC_Cold temperate dry_2030y_SOC,cf_mean,
Honduras,BRDC_Cold temperate dry_2030y_SOC,cf_mean,
Hong Kong,BRDC_Cold temperate dry_2030y_SOC,cf_mean,
Howland Island,BRDC_Cold temperate dry_2030y_SOC,cf_mean,
Hungary,BRDC_Cold temperate dry_2030y_SOC,cf_mean,197.63823
Iceland,BRDC_Cold temperate dry_2030y_SOC,cf_mean,
Ilemi triangle,BRDC_Cold temperate dry_2030y_SOC,cf_mean,
India,BRDC_Cold temperate dry_2030y_SOC,cf_mean,
Indonesia,BRDC_Cold temperate dry_2030y_SOC,cf_mean,
Iran  (Islamic Republic of),BRDC_Cold temperate dry_2030y_SOC,cf_mean,
Iraq,BRDC_Cold temperate dry_2030y_SOC,cf_mean,
Ireland,BRDC_Cold temperate dry_2030y_SOC,cf_mean,238.22308
Isle of Man,BRDC_Cold temperate dry_2030y_SOC,cf_mean,
Israel,BRDC_Cold temperate dry_2030y_SOC,cf_mean,
Italy,BRDC_Cold temperate dry_2030y_SOC,cf_mean,176.52992
Jamaica,BRDC_Cold temperate dry_2030y_SOC,cf_mean,
Jammu and Kashmir,BRDC_Cold temperate dry_2030y_SOC,cf_mean,
Japan,BRDC_Cold temperate dry_2030y_SOC,cf_mean,210.70204
Jarvis Island,BRDC_Cold temperate dry_2030y_SOC,cf_mean,
Jersey,BRDC_Cold temperate dry_2030y_SOC,cf_mean,
Johnston Atoll,BRDC_Cold temperate dry_2030y_SOC,cf_mean,
Jordan,BRDC_Cold temperate dry_2030y_SOC,cf_mean,
Juan de Nova Island,BRDC_Cold temperate dry_2030y_SOC,cf_mean,
Kazakhstan,BRDC_Cold temperate dry_2030y_SOC,cf_mean,282.36035
Kenya,BRDC_Cold temperate dry_2030y_SOC,cf_mean,
Kingman Reef,BRDC_Cold temperate dry_2030y_SOC,cf_mean,
Kiribati,BRDC_Cold temperate dry_2030y_SOC,cf_mean,
Kuril islands,BRDC_Cold temperate dry_2030y_SOC,cf_mean,
Kuwait,BRDC_Cold temperate dry_2030y_SOC,cf_mean,
Kyrgyzstan,BRDC_Cold temperate dry_2030y_SOC,cf_mean,352.54675
Lao People's Democratic Republic,BRDC_Cold temperate dry_2030y_SOC,cf_mean,
Latvia,BRDC_Cold temperate dry_2030y_SOC,cf_mean,280.0575
Lebanon,BRDC_Cold temperate dry_2030y_SOC,cf_mean,
Lesotho,BRDC_Cold temperate dry_2030y_SOC,cf_mean,
Liberia,BRDC_Cold temperate dry_2030y_SOC,cf_mean,
Libya,BRDC_Cold temperate dry_2030y_SOC,cf_mean,
Liechtenstein,BRDC_Cold temperate dry_2030y_SOC,cf_mean,255.9484
Lithuania,BRDC_Cold temperate dry_2030y_SOC,cf_mean,249.41957
Luxembourg,BRDC_Cold temperate dry_2030y_SOC,cf_mean,224.17422
Ma'tan al-Sarra,BRDC_Cold temperate dry_2030y_SOC,cf_mean,
Macau,BRDC_Cold temperate dry_2030y_SOC,cf_mean,
Madagascar,BRDC_Cold temperate dry_2030y_SOC,cf_mean,
Madeira Islands,BRDC_Cold temperate dry_2030y_SOC,cf_mean,
Malawi,BRDC_Cold temperate dry_2030y_SOC,cf_mean,
Malaysia,BRDC_Cold temperate dry_2030y_SOC,cf_mean,
Maldives,BRDC_Cold temperate dry_2030y_SOC,cf_mean,
Mali,BRDC_Cold temperate dry_2030y_SOC,cf_mean,
Malta,BRDC_Cold temperate dry_2030y_SOC,cf_mean,
Marshall Islands,BRDC_Cold temperate dry_2030y_SOC,cf_mean,
Martinique,BRDC_Cold temperate dry_2030y_SOC,cf_mean,
Mauritania,BRDC_Cold temperate dry_2030y_SOC,cf_mean,
Mauritius,BRDC_Cold temperate dry_2030y_SOC,cf_mean,
Mayotte,BRDC_Cold temperate dry_2030y_SOC,cf_mean,
Mexico,BRDC_Cold temperate dry_2030y_SOC,cf_mean,
Micronesia (Federated States of),BRDC_Cold temperate dry_2030y_SOC,cf_mean,
Midway Island,BRDC_Cold temperate dry_2030y_SOC,cf_mean,
"Moldova, Republic of",BRDC_Cold temperate dry_2030y_SOC,cf_mean,221.3559
Monaco,BRDC_Cold temperate dry_2030y_SOC,cf_mean,
Mongolia,BRDC_Cold temperate dry_2030y_SOC,cf_mean,324.97195
Montenegro,BRDC_Cold temperate dry_2030y_SOC,cf_mean,225.23392
Montserrat,BRDC_Cold temperate dry_2030y_SOC,cf_mean,
Morocco,BRDC_Cold temperate dry_2030y_SOC,cf_mean,
Mozambique,BRDC_Cold temperate dry_2030y_SOC,cf_mean,
Myanmar,BRDC_Cold temperate dry_2030y_SOC,cf_mean,
Namibia,BRDC_Cold temperate dry_2030y_SOC,cf_mean,
Nauru,BRDC_Cold temperate dry_2030y_SOC,cf_mean,
Navassa Island,BRDC_Cold temperate dry_2030y_SOC,cf_mean,
Nepal,BRDC_Cold temperate dry_2030y_SOC,cf_mean,
Netherlands,BRDC_Cold temperate dry_2030y_SOC,cf_mean,237.36021
Netherlands Antilles,BRDC_Cold temperate dry_2030y_SOC,cf_mean,
New Caledonia,BRDC_Cold temperate dry_2030y_SOC,cf_mean,
New Zealand,BRDC_Cold temperate dry_2030y_SOC,cf_mean,189.00406
Nicaragua,BRDC_Cold temperate dry_2030y_SOC,cf_mean,
Niger,BRDC_Cold temperate dry_2030y_SOC,cf_mean,
Nigeria,BRDC_Cold temperate dry_2030y_SOC,cf_mean,
Niue,BRDC_Cold temperate dry_2030y_SOC,cf_mean,
Norfolk Island,BRDC_Cold temperate dry_2030y_SOC,cf_mean,
Northern Mariana Islands,BRDC_Cold temperate dry_2030y_SOC,cf_mean,
Norway,BRDC_Cold temperate dry_2030y_SOC,cf_mean,290.93802
Oman,BRDC_Cold temperate dry_2030y_SOC,cf_mean,
Pakistan,BRDC_Cold temperate dry_2030y_SOC,cf_mean,
Palau,BRDC_Cold temperate dry_2030y_SOC,cf_mean,
Palmyra Atoll,BRDC_Cold temperate dry_2030y_SOC,cf_mean,
Panama,BRDC_Cold temperate dry_2030y_SOC,cf_mean,
Papua New Guinea,BRDC_Cold temperate dry_2030y_SOC,cf_mean,
Paracel Islands,BRDC_Cold temperate dry_2030y_SOC,cf_mean,
Paraguay,BRDC_Cold temperate dry_2030y_SOC,cf_mean,
Peru,BRDC_Cold temperate dry_2030y_SOC,cf_mean,
Philippines,BRDC_Cold temperate dry_2030y_SOC,cf_mean,
Pitcairn,BRDC_Cold temperate dry_2030y_SOC,cf_mean,
Poland,BRDC_Cold temperate dry_2030y_SOC,cf_mean,207.39421
Portugal,BRDC_Cold temperate dry_2030y_SOC,cf_mean,
Puerto Rico,BRDC_Cold temperate dry_2030y_SOC,cf_mean,
Qatar,BRDC_Cold temperate dry_2030y_SOC,cf_mean,
Republic of Korea,BRDC_Cold temperate dry_2030y_SOC,cf_mean,186.39246
Romania,BRDC_Cold temperate dry_2030y_SOC,cf_mean,195.52344
Russian Federation,BRDC_Cold temperate dry_2030y_SOC,cf_mean,283.2838
Rwanda,BRDC_Cold temperate dry_2030y_SOC,cf_mean,
Réunion,BRDC_Cold temperate dry_2030y_SOC,cf_mean,
Saint Helena,BRDC_Cold temperate dry_2030y_SOC,cf_mean,
Saint Kitts and Nevis,BRDC_Cold temperate dry_2030y_SOC,cf_mean,
Saint Lucia,BRDC_Cold temperate dry_2030y_SOC,cf_mean,
Saint Pierre et Miquelon,BRDC_Cold temperate dry_2030y_SOC,cf_mean,
Saint Vincent and the Grenadines,BRDC_Cold temperate dry_2030y_SOC,cf_mean,
Samoa,BRDC_Cold temperate dry_2030y_SOC,cf_mean,
San Marino,BRDC_Cold temperate dry_2030y_SOC,cf_mean,
Sao Tome and Principe,BRDC_Cold temperate dry_2030y_SOC,cf_mean,
Saudi Arabia,BRDC_Cold temperate dry_2030y_SOC,cf_mean,
Scarborough Reef,BRDC_Cold temperate dry_2030y_SOC,cf_mean,
Senegal,BRDC_Cold temperate dry_2030y_SOC,cf_mean,
Senkaku Islands,BRDC_Cold temperate dry_2030y_SOC,cf_mean,
Serbia,BRDC_Cold temperate dry_2030y_SOC,cf_mean,203.9169
Seychelles,BRDC_Cold temperate dry_2030y_SOC,cf_mean,
Sierra Leone,BRDC_Cold temperate dry_2030y_SOC,cf_mean,
Singapore,BRDC_Cold temperate dry_2030y_SOC,cf_mean,
Slovakia,BRDC_Cold temperate dry_2030y_SOC,cf_mean,202.46495
Slovenia,BRDC_Cold temperate dry_2030y_SOC,cf_mean,191.84259
Solomon Islands,BRDC_Cold temperate dry_2030y_SOC,cf_mean,
Somalia,BRDC_Cold temperate dry_2030y_SOC,cf_mean,
South Africa,BRDC_Cold temperate dry_2030y_SOC,cf_mean,
South Georgia and the South Sandwich Islands,BRDC_Cold temperate dry_2030y_SOC,cf_mean,
South Sudan,BRDC_Cold temperate dry_2030y_SOC,cf_mean,
Spain,BRDC_Cold temperate dry_2030y_SOC,cf_mean,
Spratly Islands,BRDC_Cold temperate dry_2030y_SOC,cf_mean,
Sri Lanka,BRDC_Cold temperate dry_2030y_SOC,cf_mean,
Sudan,BRDC_Cold temperate dry_2030y_SOC,cf_mean,
Suriname,BRDC_Cold temperate dry_2030y_SOC,cf_mean,
Svalbard and Jan Mayen Islands,BRDC_Cold temperate dry_2030y_SOC,cf_mean,
Swaziland,BRDC_Cold temperate dry_2030y_SOC,cf_mean,
Sweden,BRDC_Cold temperate dry_2030y_SOC,cf_mean,291.6442
Switzerland,BRDC_Cold temperate dry_2030y_SOC,cf_mean,236.2293
Syrian Arab Republic,BRDC_Cold temperate dry_2030y_SOC,cf_mean,
Taiwan,BRDC_Cold temperate dry_2030y_SOC,cf_mean,
Tajikistan,BRDC_Cold temperate dry_2030y_SOC,cf_mean,311.49246
Thailand,BRDC_Cold temperate dry_2030y_SOC,cf_mean,
The former Yugoslav Republic of Macedonia,BRDC_Cold temperate dry_2030y_SOC,cf_mean,212.96901
Timor-Leste,BRDC_Cold temperate dry_2030y_SOC,cf_mean,
Togo,BRDC_Cold temperate dry_2030y_SOC,cf_mean,
Tokelau,BRDC_Cold temperate dry_2030y_SOC,cf_mean,
Tonga,BRDC_Cold temperate dry_2030y_SOC,cf_mean,
Trinidad and Tobago,BRDC_Cold temperate dry_2030y_SOC,cf_mean,
Tromelin Island,BRDC_Cold temperate dry_2030y_SOC,cf_mean,
Tunisia,BRDC_Cold temperate dry_2030y_SOC,cf_mean,
Turkey,BRDC_Cold temperate dry_2030y_SOC,cf_mean,238.6578
Turkmenistan,BRDC_Cold temperate dry_2030y_SOC,cf_mean,116.782524
Turks and Caicos islands,BRDC_Cold temperate dry_2030y_SOC,cf_mean,
Tuvalu,BRDC_Cold temperate dry_2030y_SOC,cf_mean,
U.K. of Great Britain and Northern Ireland,BRDC_Cold temperate dry_2030y_SOC,cf_mean,246.51787
Uganda,BRDC_Cold temperate dry_2030y_SOC,cf_mean,
Ukraine,BRDC_Cold temperate dry_2030y_SOC,cf_mean,239.16362
United Arab Emirates,BRDC_Cold temperate dry_2030y_SOC,cf_mean,
United Republic of Tanzania,BRDC_Cold temperate dry_2030y_SOC,cf_mean,
United States Virgin Islands,BRDC_Cold temperate dry_2030y_SOC,cf_mean,
United States of America,BRDC_Cold temperate dry_2030y_SOC,cf_mean,141.53854
Uruguay,BRDC_Cold temperate dry_2030y_SOC,cf_mean,
Uzbekistan,BRDC_Cold temperate dry_2030y_SOC,cf_mean,149.43661
Vanuatu,BRDC_Cold temperate dry_2030y_SOC,cf_mean,
Venezuela,BRDC_Cold temperate dry_2030y_SOC,cf_mean,
Viet Nam,BRDC_Cold temperate dry_2030y_SOC,cf_mean,
Wake Island,BRDC_Cold temperate dry_2030y_SOC,cf_mean,
Wallis and Futuna,BRDC_Cold temperate dry_2030y_SOC,cf_mean,
West Bank,BRDC_Cold temperate dry_2030y_SOC,cf_mean,
Western Sahara,BRDC_Cold temperate dry_2030y_SOC,cf_mean,
Yemen,BRDC_Cold temperate dry_2030y_SOC,cf_mean,
Zambia,BRDC_Cold temperate dry_2030y_SOC,cf_mean,
Zimbabwe,BRDC_Cold temperate dry_2030y_SOC,cf_mean,
Abyei,BRDC_Cold temperate dry_2030y_SOC,cf_median,
Afghanistan,BRDC_Cold temperate dry_2030y_SOC,cf_median,186.44191
Aksai Chin,BRDC_Cold temperate dry_2030y_SOC,cf_median,
Albania,BRDC_Cold temperate dry_2030y_SOC,cf_median,224.35503
Algeria,BRDC_Cold temperate dry_2030y_SOC,cf_median,
American Samoa,BRDC_Cold temperate dry_2030y_SOC,cf_median,
Andorra,BRDC_Cold temperate dry_2030y_SOC,cf_median,
Angola,BRDC_Cold temperate dry_2030y_SOC,cf_median,
Anguilla,BRDC_Cold temperate dry_2030y_SOC,cf_median,
Antarctica,BRDC_Cold temperate dry_2030y_SOC,cf_median,
Antigua and Barbuda,BRDC_Cold temperate dry_2030y_SOC,cf_median,
Argentina,BRDC_Cold temperate dry_2030y_SOC,cf_median,236.56242
Armenia,BRDC_Cold temperate dry_2030y_SOC,cf_median,
Aruba,BRDC_Cold temperate dry_2030y_SOC,cf_median,
Arunachal Pradesh,BRDC_Cold temperate dry_2030y_SOC,cf_median,
Ashmore and Cartier Islands,BRDC_Cold temperate dry_2030y_SOC,cf_median,
Australia,BRDC_Cold temperate dry_2030y_SOC,cf_median,
Austria,BRDC_Cold temperate dry_2030y_SOC,cf_median,217.77727
Azerbaijan,BRDC_Cold temperate dry_2030y_SOC,cf_median,
Azores Islands,BRDC_Cold temperate dry_2030y_SOC,cf_median,
Bahamas,BRDC_Cold temperate dry_2030y_SOC,cf_median,
Bahrain,BRDC_Cold temperate dry_2030y_SOC,cf_median,
Baker Island,BRDC_Cold temperate dry_2030y_SOC,cf_median,
Bangladesh,BRDC_Cold temperate dry_2030y_SOC,cf_median,
Barbados,BRDC_Cold temperate dry_2030y_SOC,cf_median,
Bassas da India,BRDC_Cold temperate dry_2030y_SOC,cf_median,
Belarus,BRDC_Cold temperate dry_2030y_SOC,cf_median,245.49677
Belgium,BRDC_Cold temperate dry_2030y_SOC,cf_median,212.94762
Belize,BRDC_Cold temperate dry_2030y_SOC,cf_median,
Benin,BRDC_Cold temperate dry_2030y_SOC,cf_median,
Bermuda,BRDC_Cold temperate dry_2030y_SOC,cf_median,
Bhutan,BRDC_Cold temperate dry_2030y_SOC,cf_median,
Bird Island,BRDC_Cold temperate dry_2030y_SOC,cf_median,
Bolivia,BRDC_Cold temperate dry_2030y_SOC,cf_median,
Bosnia and Herzegovina,BRDC_Cold temperate dry_2030y_SOC,cf_median,202.02455
Botswana,BRDC_Cold temperate dry_2030y_SOC,cf_median,
Bouvet Island,BRDC_Cold temperate dry_2030y_SOC,cf_median,
Brazil,BRDC_Cold temperate dry_2030y_SOC,cf_median,
British Indian Ocean Territory,BRDC_Cold temperate dry_2030y_SOC,cf_median,
British Virgin Islands,BRDC_Cold temperate dry_2030y_SOC,cf_median,
Brunei Darussalam,BRDC_Cold temperate dry_2030y_SOC,cf_median,
Bulgaria,BRDC_Cold temperate dry_2030y_SOC,cf_median,196.66777
Burkina Faso,BRDC_Cold temperate dry_2030y_SOC,cf_median,
Burundi,BRDC_Cold temperate dry_2030y_SOC,cf_median,
Cambodia,BRDC_Cold temperate dry_2030y_SOC,cf_median,
Cameroon,BRDC_Cold temperate dry_2030y_SOC,cf_median,
Canada,BRDC_Cold temperate dry_2030y_SOC,cf_median,270.1604
Cape Verde,BRDC_Cold temperate dry_2030y_SOC,cf_median,
Cayman Islands,BRDC_Cold temperate dry_2030y_SOC,cf_median,
Central African Republic,BRDC_Cold temperate dry_2030y_SOC,cf_median,
Chad,BRDC_Cold temperate dry_2030y_SOC,cf_median,
Chile,BRDC_Cold temperate dry_2030y_SOC,cf_median,292.78445
China,BRDC_Cold temperate dry_2030y_SOC,cf_median,207.06316
China/India,BRDC_Cold temperate dry_2030y_SOC,cf_median,
Christmas Island,BRDC_Cold temperate dry_2030y_SOC,cf_median,
Clipperton Island,BRDC_Cold temperate dry_2030y_SOC,cf_median,
Cocos (Keeling) Islands,BRDC_Cold temperate dry_2030y_SOC,cf_median,
Colombia,BRDC_Cold temperate dry_2030y_SOC,cf_median,
Comoros,BRDC_Cold temperate dry_2030y_SOC,cf_median,
Congo,BRDC_Cold temperate dry_2030y_SOC,cf_median,
Cook Islands,BRDC_Cold temperate dry_2030y_SOC,cf_median,
Costa Rica,BRDC_Cold temperate dry_2030y_SOC,cf_median,
Croatia,BRDC_Cold temperate dry_2030y_SOC,cf_median,179.77623
Cuba,BRDC_Cold temperate dry_2030y_SOC,cf_median,
Cyprus,BRDC_Cold temperate dry_2030y_SOC,cf_median,
Czech Republic,BRDC_Cold temperate dry_2030y_SOC,cf_median,207.90785
Côte d'Ivoire,BRDC_Cold temperate dry_2030y_SOC,cf_median,
Dem People's Rep of Korea,BRDC_Cold temperate dry_2030y_SOC,cf_median,157.72258
Democratic Republic of the Congo,BRDC_Cold temperate dry_2030y_SOC,cf_median,
Denmark,BRDC_Cold temperate dry_2030y_SOC,cf_median,192.60478
Djibouti,BRDC_Cold temperate dry_2030y_SOC,cf_median,
Dominica,BRDC_Cold temperate dry_2030y_SOC,cf_median,
Dominican Republic,BRDC_Cold temperate dry_2030y_SOC,cf_median,
Ecuador,BRDC_Cold temperate dry_2030y_SOC,cf_median,
Egypt,BRDC_Cold temperate dry_2030y_SOC,cf_median,
El Salvador,BRDC_Cold temperate dry_2030y_SOC,cf_median,
Equatorial Guinea,BRDC_Cold temperate dry_2030y_SOC,cf_median,
Eritrea,BRDC_Cold temperate dry_2030y_SOC,cf_median,
Estonia,BRDC_Cold temperate dry_2030y_SOC,cf_median,310.98013
Ethiopia,BRDC_Cold temperate dry_2030y_SOC,cf_median,
Europa Island,BRDC_Cold temperate dry_2030y_SOC,cf_median,
Falkland Islands (Malvinas),BRDC_Cold temperate dry_2030y_SOC,cf_median,
Faroe Islands,BRDC_Cold temperate dry_2030y_SOC,cf_median,
Fiji,BRDC_Cold temperate dry_2030y_SOC,cf_median,
Finland,BRDC_Cold temperate dry_2030y_SOC,cf_median,326.58417
France,BRDC_Cold temperate dry_2030y_SOC,cf_median,205.92046
French Guiana,BRDC_Cold temperate dry_2030y_SOC,cf_median,
French Polynesia,BRDC_Cold temperate dry_2030y_SOC,cf_median,
French Southern and Antarctic Territories,BRDC_Cold temperate dry_2030y_SOC,cf_median,
Gabon,BRDC_Cold temperate dry_2030y_SOC,cf_median,
Gambia,BRDC_Cold temperate dry_2030y_SOC,cf_median,
Gaza Strip,BRDC_Cold temperate dry_2030y_SOC,cf_median,
Georgia,BRDC_Cold temperate dry_2030y_SOC,cf_median,224.88504
Germany,BRDC_Cold temperate dry_2030y_SOC,cf_median,214.80777
Ghana,BRDC_Cold temperate dry_2030y_SOC,cf_median,
Gibraltar,BRDC_Cold temperate dry_2030y_SOC,cf_median,
Glorioso Island,BRDC_Cold temperate dry_2030y_SOC,cf_median,
Greece,BRDC_Cold temperate dry_2030y_SOC,cf_median,196.63988
Greenland,BRDC_Cold temperate dry_2030y_SOC,cf_median,
Grenada,BRDC_Cold temperate dry_2030y_SOC,cf_median,
Guadeloupe,BRDC_Cold temperate dry_2030y_SOC,cf_median,
Guam,BRDC_Cold temperate dry_2030y_SOC,cf_median,
Guatemala,BRDC_Cold temperate dry_2030y_SOC,cf_median,
Guernsey,BRDC_Cold temperate dry_2030y_SOC,cf_median,
Guinea,BRDC_Cold temperate dry_2030y_SOC,cf_median,
Guinea-Bissau,BRDC_Cold temperate dry_2030y_SOC,cf_median,
Guyana,BRDC_Cold temperate dry_2030y_SOC,cf_median,
Haiti,BRDC_Cold temperate dry_2030y_SOC,cf_median,
Hala'ib triangle,BRDC_Cold temperate dry_2030y_SOC,cf_median,
Heard Island and McDonald Islands,BRDC_Cold temperate dry_2030y_SOC,cf_median,
Holy See,BRDC_Cold temperate dry_2030y_SOC,cf_median,
Honduras,BRDC_Cold temperate dry_2030y_SOC,cf_median,
Hong Kong,BRDC_Cold temperate dry_2030y_SOC,cf_median,
Howland Island,BRDC_Cold temperate dry_2030y_SOC,cf_median,
Hungary,BRDC_Cold temperate dry_2030y_SOC,cf_median,200.61034
Iceland,BRDC_Cold temperate dry_2030y_SOC,cf_median,
Ilemi triangle,BRDC_Cold temperate dry_2030y_SOC,cf_median,
India,BRDC_Cold temperate dry_2030y_SOC,cf_median,
Indonesia,BRDC_Cold temperate dry_2030y_SOC,cf_median,
Iran  (Islamic Republic of),BRDC_Cold temperate dry_2030y_SOC,cf_median,
Iraq,BRDC_Cold temperate dry_2030y_SOC,cf_median,
Ireland,BRDC_Cold temperate dry_2030y_SOC,cf_median,224.54108
Isle of Man,BRDC_Cold temperate dry_2030y_SOC,cf_median,
Israel,BRDC_Cold temperate dry_2030y_SOC,cf_median,
Italy,BRDC_Cold temperate dry_2030y_SOC,cf_median,167.33255
Jamaica,BRDC_Cold temperate dry_2030y_SOC,cf_median,
Jammu and Kashmir,BRDC_Cold temperate dry_2030y_SOC,cf_median,
Japan,BRDC_Cold temperate dry_2030y_SOC,cf_median,186.62575
Jarvis Island,BRDC_Cold temperate dry_2030y_SOC,cf_median,
Jersey,BRDC_Cold temperate dry_2030y_SOC,cf_median,
Johnston Atoll,BRDC_Cold temperate dry_2030y_SOC,cf_median,
Jordan,BRDC_Cold temperate dry_2030y_SOC,cf_median,
Juan de Nova Island,BRDC_Cold temperate dry_2030y_SOC,cf_median,
Kazakhstan,BRDC_Cold temperate dry_2030y_SOC,cf_median,291.83524
Kenya,BRDC_Cold temperate dry_2030y_SOC,cf_median,
Kingman Reef,BRDC_Cold temperate dry_2030y_SOC,cf_median,
Kiribati,BRDC_Cold temperate dry_2030y_SOC,cf_median,
Kuril islands,BRDC_Cold temperate dry_2030y_SOC,cf_median,
Kuwait,BRDC_Cold temperate dry_2030y_SOC,cf_median,
Kyrgyzstan,BRDC_Cold temperate dry_2030y_SOC,cf_median,361.13605
Lao People's Democratic Republic,BRDC_Cold temperate dry_2030y_SOC,cf_median,
Latvia,BRDC_Cold temperate dry_2030y_SOC,cf_median,279.419
Lebanon,BRDC_Cold temperate dry_2030y_SOC,cf_median,
Lesotho,BRDC_Cold temperate dry_2030y_SOC,cf_median,
Liberia,BRDC_Cold temperate dry_2030y_SOC,cf_median,
Libya,BRDC_Cold temperate dry_2030y_SOC,cf_median,
Liechtenstein,BRDC_Cold temperate dry_2030y_SOC,cf_median,256.3285
Lithuania,BRDC_Cold temperate dry_2030y_SOC,cf_median,249.12167
Luxembourg,BRDC_Cold temperate dry_2030y_SOC,cf_median,224.4715
Ma'tan al-Sarra,BRDC_Cold temperate dry_2030y_SOC,cf_median,
Macau,BRDC_Cold temperate dry_2030y_SOC,cf_median,
Madagascar,BRDC_Cold temperate dry_2030y_SOC,cf_median,
Madeira Islands,BRDC_Cold temperate dry_2030y_SOC,cf_median,
Malawi,BRDC_Cold temperate dry_2030y_SOC,cf_median,
Malaysia,BRDC_Cold temperate dry_2030y_SOC,cf_median,
Maldives,BRDC_Cold temperate dry_2030y_SOC,cf_median,
Mali,BRDC_Cold temperate dry_2030y_SOC,cf_median,
Malta,BRDC_Cold temperate dry_2030y_SOC,cf_median,
Marshall Islands,BRDC_Cold temperate dry_2030y_SOC,cf_median,
Martinique,BRDC_Cold temperate dry_2030y_SOC,cf_median,
Mauritania,BRDC_Cold temperate dry_2030y_SOC,cf_median,
Mauritius,BRDC_Cold temperate dry_2030y_SOC,cf_median,
Mayotte,BRDC_Cold temperate dry_2030y_SOC,cf_median,
Mexico,BRDC_Cold temperate dry_2030y_SOC,cf_median,
Micronesia (Federated States of),BRDC_Cold temperate dry_2030y_SOC,cf_median,
Midway Island,BRDC_Cold temperate dry_2030y_SOC,cf_median,
"Moldova, Republic of",BRDC_Cold temperate dry_2030y_SOC,cf_median,222.51932
Monaco,BRDC_Cold temperate dry_2030y_SOC,cf_median,
Mongolia,BRDC_Cold temperate dry_2030y_SOC,cf_median,329.95926
Montenegro,BRDC_Cold temperate dry_2030y_SOC,cf_median,225.90663
Montserrat,BRDC_Cold temperate dry_2030y_SOC,cf_median,
Morocco,BRDC_Cold temperate dry_2030y_SOC,cf_median,
Mozambique,BRDC_Cold temperate dry_2030y_SOC,cf_median,
Myanmar,BRDC_Cold temperate dry_2030y_SOC,cf_median,
Namibia,BRDC_Cold temperate dry_2030y_SOC,cf_median,
Nauru,BRDC_Cold temperate dry_2030y_SOC,cf_median,
Navassa Island,BRDC_Cold temperate dry_2030y_SOC,cf_median,
Nepal,BRDC_Cold temperate dry_2030y_SOC,cf_median,
Netherlands,BRDC_Cold temperate dry_2030y_SOC,cf_median,202.56819
Netherlands Antilles,BRDC_Cold temperate dry_2030y_SOC,cf_median,
New Caledonia,BRDC_Cold temperate dry_2030y_SOC,cf_median,
New Zealand,BRDC_Cold temperate dry_2030y_SOC,cf_median,182.06606
Nicaragua,BRDC_Cold temperate dry_2030y_SOC,cf_median,
Niger,BRDC_Cold temperate dry_2030y_SOC,cf_median,
Nigeria,BRDC_Cold temperate dry_2030y_SOC,cf_median,
Niue,BRDC_Cold temperate dry_2030y_SOC,cf_median,
Norfolk Island,BRDC_Cold temperate dry_2030y_SOC,cf_median,
Northern Mariana Islands,BRDC_Cold temperate dry_2030y_SOC,cf_median,
Norway,BRDC_Cold temperate dry_2030y_SOC,cf_median,283.7455
Oman,BRDC_Cold temperate dry_2030y_SOC,cf_median,
Pakistan,BRDC_Cold temperate dry_2030y_SOC,cf_median,
Palau,BRDC_Cold temperate dry_2030y_SOC,cf_median,
Palmyra Atoll,BRDC_Cold temperate dry_2030y_SOC,cf_median,
Panama,BRDC_Cold temperate dry_2030y_SOC,cf_median,
Papua New Guinea,BRDC_Cold temperate dry_2030y_SOC,cf_median,
Paracel Islands,BRDC_Cold temperate dry_2030y_SOC,cf_median,
Paraguay,BRDC_Cold temperate dry_2030y_SOC,cf_median,
Peru,BRDC_Cold temperate dry_2030y_SOC,cf_median,
Philippines,BRDC_Cold temperate dry_2030y_SOC,cf_median,
Pitcairn,BRDC_Cold temperate dry_2030y_SOC,cf_median,
Poland,BRDC_Cold temperate dry_2030y_SOC,cf_median,208.83406
Portugal,BRDC_Cold temperate dry_2030y_SOC,cf_median,
Puerto Rico,BRDC_Cold temperate dry_2030y_SOC,cf_median,
Qatar,BRDC_Cold temperate dry_2030y_SOC,cf_median,
Republic of Korea,BRDC_Cold temperate dry_2030y_SOC,cf_median,155.76022
Romania,BRDC_Cold temperate dry_2030y_SOC,cf_median,193.73047
Russian Federation,BRDC_Cold temperate dry_2030y_SOC,cf_median,284.43396
Rwanda,BRDC_Cold temperate dry_2030y_SOC,cf_median,
Réunion,BRDC_Cold temperate dry_2030y_SOC,cf_median,
Saint Helena,BRDC_Cold temperate dry_2030y_SOC,cf_median,
Saint Kitts and Nevis,BRDC_Cold temperate dry_2030y_SOC,cf_median,
Saint Lucia,BRDC_Cold temperate dry_2030y_SOC,cf_median,
Saint Pierre et Miquelon,BRDC_Cold temperate dry_2030y_SOC,cf_median,
Saint Vincent and the Grenadines,BRDC_Cold temperate dry_2030y_SOC,cf_median,
Samoa,BRDC_Cold temperate dry_2030y_SOC,cf_median,
San Marino,BRDC_Cold temperate dry_2030y_SOC,cf_median,
Sao Tome and Principe,BRDC_Cold temperate dry_2030y_SOC,cf_median,
Saudi Arabia,BRDC_Cold temperate dry_2030y_SOC,cf_median,
Scarborough Reef,BRDC_Cold temperate dry_2030y_SOC,cf_median,
Senegal,BRDC_Cold temperate dry_2030y_SOC,cf_median,
Senkaku Islands,BRDC_Cold temperate dry_2030y_SOC,cf_median,
Serbia,BRDC_Cold temperate dry_2030y_SOC,cf_median,199.17703
Seychelles,BRDC_Cold temperate dry_2030y_SOC,cf_median,
Sierra Leone,BRDC_Cold temperate dry_2030y_SOC,cf_median,
Singapore,BRDC_Cold temperate dry_2030y_SOC,cf_median,
Slovakia,BRDC_Cold temperate dry_2030y_SOC,cf_median,205.5522
Slovenia,BRDC_Cold temperate dry_2030y_SOC,cf_median,190.24312
Solomon Islands,BRDC_Cold temperate dry_2030y_SOC,cf_median,
Somalia,BRDC_Cold temperate dry_2030y_SOC,cf_median,
South Africa,BRDC_Cold temperate dry_2030y_SOC,cf_median,
South Georgia and the South Sandwich Islands,BRDC_Cold temperate dry_2030y_SOC,cf_median,
South Sudan,BRDC_Cold temperate dry_2030y_SOC,cf_median,
Spain,BRDC_Cold temperate dry_2030y_SOC,cf_median,
Spratly Islands,BRDC_Cold temperate dry_2030y_SOC,cf_median,
Sri Lanka,BRDC_Cold temperate dry_2030y_SOC,cf_median,
Sudan,BRDC_Cold temperate dry_2030y_SOC,cf_median,
Suriname,BRDC_Cold temperate dry_2030y_SOC,cf_median,
Svalbard and Jan Mayen Islands,BRDC_Cold temperate dry_2030y_SOC,cf_median,
Swaziland,BRDC_Cold temperate dry_2030y_SOC,cf_median,
Sweden,BRDC_Cold temperate dry_2030y_SOC,cf_median,291.47946
Switzerland,BRDC_Cold temperate dry_2030y_SOC,cf_median,237.95845
Syrian Arab Republic,BRDC_Cold temperate dry_2030y_SOC,cf_median,
Taiwan,BRDC_Cold temperate dry_2030y_SOC,cf_median,
Tajikistan,BRDC_Cold temperate dry_2030y_SOC,cf_median,300.40408
Thailand,BRDC_Cold temperate dry_2030y_SOC,cf_median,
The former Yugoslav Republic of Macedonia,BRDC_Cold temperate dry_2030y_SOC,cf_median,208.55034
Timor-Leste,BRDC_Cold temperate dry_2030y_SOC,cf_median,
Togo,BRDC_Cold temperate dry_2030y_SOC,cf_median,
Tokelau,BRDC_Cold temperate dry_2030y_SOC,cf_median,
Tonga,BRDC_Cold temperate dry_2030y_SOC,cf_median,
Trinidad and Tobago,BRDC_Cold temperate dry_2030y_SOC,cf_median,
Tromelin Island,BRDC_Cold temperate dry_2030y_SOC,cf_median,
Tunisia,BRDC_Cold temperate dry_2030y_SOC,cf_median,
Turkey,BRDC_Cold temperate dry_2030y_SOC,cf_median,233.49149
Turkmenistan,BRDC_Cold temperate dry_2030y_SOC,cf_median,98.374374
Turks and Caicos islands,BRDC_Cold temperate dry_2030y_SOC,cf_median,
Tuvalu,BRDC_Cold temperate dry_2030y_SOC,cf_median,
U.K. of Great Britain and Northern Ireland,BRDC_Cold temperate dry_2030y_SOC,cf_median,234.86328
Uganda,BRDC_Cold temperate dry_2030y_SOC,cf_median,
Ukraine,BRDC_Cold temperate dry_2030y_SOC,cf_median,240.90352
United Arab Emirates,BRDC_Cold temperate dry_2030y_SOC,cf_median,
United Republic of Tanzania,BRDC_Cold temperate dry_2030y_SOC,cf_median,
United States Virgin Islands,BRDC_Cold temperate dry_2030y_SOC,cf_median,
United States of America,BRDC_Cold temperate dry_2030y_SOC,cf_median,130.95508
Uruguay,BRDC_Cold temperate dry_2030y_SOC,cf_median,
Uzbekistan,BRDC_Cold temperate dry_2030y_SOC,cf_median,150.95776
Vanuatu,BRDC_Cold temperate dry_2030y_SOC,cf_median,
Venezuela,BRDC_Cold temperate dry_2030y_SOC,cf_median,
Viet Nam,BRDC_Cold temperate dry_2030y_SOC,cf_median,
Wake Island,BRDC_Cold temperate dry_2030y_SOC,cf_median,
Wallis and Futuna,BRDC_Cold temperate dry_2030y_SOC,cf_median,
West Bank,BRDC_Cold temperate dry_2030y_SOC,cf_median,
Western Sahara,BRDC_Cold temperate dry_2030y_SOC,cf_median,
Yemen,BRDC_Cold temperate dry_2030y_SOC,cf_median,
Zambia,BRDC_Cold temperate dry_2030y_SOC,cf_median,
Zimbabwe,BRDC_Cold temperate dry_2030y_SOC,cf_median,
Abyei,BRDC_Cold temperate dry_2030y_SOC,cf_std,
Afghanistan,BRDC_Cold temperate dry_2030y_SOC,cf_std,54.98317
Aksai Chin,BRDC_Cold temperate dry_2030y_SOC,cf_std,
Albania,BRDC_Cold temperate dry_2030y_SOC,cf_std,43.606373
Algeria,BRDC_Cold temperate dry_2030y_SOC,cf_std,
American Samoa,BRDC_Cold temperate dry_2030y_SOC,cf_std,
Andorra,BRDC_Cold temperate dry_2030y_SOC,cf_std,
Angola,BRDC_Cold temperate dry_2030y_SOC,cf_std,
Anguilla,BRDC_Cold temperate dry_2030y_SOC,cf_std,
Antarctica,BRDC_Cold temperate dry_2030y_SOC,cf_std,
Antigua and Barbuda,BRDC_Cold temperate dry_2030y_SOC,cf_std,
Argentina,BRDC_Cold temperate dry_2030y_SOC,cf_std,55.571682
Armenia,BRDC_Cold temperate dry_2030y_SOC,cf_std,
Aruba,BRDC_Cold temperate dry_2030y_SOC,cf_std,
Arunachal Pradesh,BRDC_Cold temperate dry_2030y_SOC,cf_std,
Ashmore and Cartier Islands,BRDC_Cold temperate dry_2030y_SOC,cf_std,
Australia,BRDC_Cold temperate dry_2030y_SOC,cf_std,
Austria,BRDC_Cold temperate dry_2030y_SOC,cf_std,27.993742
Azerbaijan,BRDC_Cold temperate dry_2030y_SOC,cf_std,
Azores Islands,BRDC_Cold temperate dry_2030y_SOC,cf_std,
Bahamas,BRDC_Cold temperate dry_2030y_SOC,cf_std,
Bahrain,BRDC_Cold temperate dry_2030y_SOC,cf_std,
Baker Island,BRDC_Cold temperate dry_2030y_SOC,cf_std,
Bangladesh,BRDC_Cold temperate dry_2030y_SOC,cf_std,
Barbados,BRDC_Cold temperate dry_2030y_SOC,cf_std,
Bassas da India,BRDC_Cold temperate dry_2030y_SOC,cf_std,
Belarus,BRDC_Cold temperate dry_2030y_SOC,cf_std,12.07694
Belgium,BRDC_Cold temperate dry_2030y_SOC,cf_std,35.08567
Belize,BRDC_Cold temperate dry_2030y_SOC,cf_std,
Benin,BRDC_Cold temperate dry_2030y_SOC,cf_std,
Bermuda,BRDC_Cold temperate dry_2030y_SOC,cf_std,
Bhutan,BRDC_Cold temperate dry_2030y_SOC,cf_std,
Bird Island,BRDC_Cold temperate dry_2030y_SOC,cf_std,
Bolivia,BRDC_Cold temperate dry_2030y_SOC,cf_std,
Bosnia and Herzegovina,BRDC_Cold temperate dry_2030y_SOC,cf_std,16.174328
Botswana,BRDC_Cold temperate dry_2030y_SOC,cf_std,
Bouvet Island,BRDC_Cold temperate dry_2030y_SOC,cf_std,
Brazil,BRDC_Cold temperate dry_2030y_SOC,cf_std,
British Indian Ocean Territory,BRDC_Cold temperate dry_2030y_SOC,cf_std,
British Virgin Islands,BRDC_Cold temperate dry_2030y_SOC,cf_std,
Brunei Darussalam,BRDC_Cold temperate dry_2030y_SOC,cf_std,
Bulgaria,BRDC_Cold temperate dry_2030y_SOC,cf_std,9.986263
Burkina Faso,BRDC_Cold temperate dry_2030y_SOC,cf_std,
Burundi,BRDC_Cold temperate dry_2030y_SOC,cf_std,
Cambodia,BRDC_Cold temperate dry_2030y_SOC,cf_std,
Cameroon,BRDC_Cold temperate dry_2030y_SOC,cf_std,
Canada,BRDC_Cold temperate dry_2030y_SOC,cf_std,47.29214
Cape Verde,BRDC_Cold temperate dry_2030y_SOC,cf_std,
Cayman Islands,BRDC_Cold temperate dry_2030y_SOC,cf_std,
Central African Republic,BRDC_Cold temperate dry_2030y_SOC,cf_std,
Chad,BRDC_Cold temperate dry_2030y_SOC,cf_std,
Chile,BRDC_Cold temperate dry_2030y_SOC,cf_std,65.27306
China,BRDC_Cold temperate dry_2030y_SOC,cf_std,64.074265
China/India,BRDC_Cold temperate dry_2030y_SOC,cf_std,
Christmas Island,BRDC_Cold temperate dry_2030y_SOC,cf_std,
Clipperton Island,BRDC_Cold temperate dry_2030y_SOC,cf_std,
Cocos (Keeling) Islands,BRDC_Cold temperate dry_2030y_SOC,cf_std,
Colombia,BRDC_Cold temperate dry_2030y_SOC,cf_std,
Comoros,BRDC_Cold temperate dry_2030y_SOC,cf_std,
Congo,BRDC_Cold temperate dry_2030y_SOC,cf_std,
Cook Islands,BRDC_Cold temperate dry_2030y_SOC,cf_std,
Costa Rica,BRDC_Cold temperate dry_2030y_SOC,cf_std,
Croatia,BRDC_Cold temperate dry_2030y_SOC,cf_std,15.121938
Cuba,BRDC_Cold temperate dry_2030y_SOC,cf_std,
Cyprus,BRDC_Cold temperate dry_2030y_SOC,cf_std,
Czech Republic,BRDC_Cold temperate dry_2030y_SOC,cf_std,13.082086
Côte d'Ivoire,BRDC_Cold temperate dry_2030y_SOC,cf_std,
Dem People's Rep of Korea,BRDC_Cold temperate dry_2030y_SOC,cf_std,58.104527
Democratic Republic of the Congo,BRDC_Cold temperate dry_2030y_SOC,cf_std,
Denmark,BRDC_Cold temperate dry_2030y_SOC,cf_std,97.630295
Djibouti,BRDC_Cold temperate dry_2030y_SOC,cf_std,
Dominica,BRDC_Cold temperate dry_2030y_SOC,cf_std,
Dominican Republic,BRDC_Cold temperate dry_2030y_SOC,cf_std,
Ecuador,BRDC_Cold temperate dry_2030y_SOC,cf_std,
Egypt,BRDC_Cold temperate dry_2030y_SOC,cf_std,
El Salvador,BRDC_Cold temperate dry_2030y_SOC,cf_std,
Equatorial Guinea,BRDC_Cold temperate dry_2030y_SOC,cf_std,
Eritrea,BRDC_Cold temperate dry_2030y_SOC,cf_std,
Estonia,BRDC_Cold temperate dry_2030y_SOC,cf_std,57.690014
Ethiopia,BRDC_Cold temperate dry_2030y_SOC,cf_std,
Europa Island,BRDC_Cold temperate dry_2030y_SOC,cf_std,
Falkland Islands (Malvinas),BRDC_Cold temperate dry_2030y_SOC,cf_std,
Faroe Islands,BRDC_Cold temperate dry_2030y_SOC,cf_std,
Fiji,BRDC_Cold temperate dry_2030y_SOC,cf_std,
Finland,BRDC_Cold temperate dry_2030y_SOC,cf_std,8.219672
France,BRDC_Cold temperate dry_2030y_SOC,cf_std,23.234837
French Guiana,BRDC_Cold temperate dry_2030y_SOC,cf_std,
French Polynesia,BRDC_Cold temperate dry_2030y_SOC,cf_std,
French Southern and Antarctic Territories,BRDC_Cold temperate dry_2030y_SOC,cf_std,
Gabon,BRDC_Cold temperate dry_2030y_SOC,cf_std,
Gambia,BRDC_Cold temperate dry_2030y_SOC,cf_std,
Gaza Strip,BRDC_Cold temperate dry_2030y_SOC,cf_std,
Georgia,BRDC_Cold temperate dry_2030y_SOC,cf_std,19.847378
Germany,BRDC_Cold temperate dry_2030y_SOC,cf_std,15.926362
Ghana,BRDC_Cold temperate dry_2030y_SOC,cf_std,
Gibraltar,BRDC_Cold temperate dry_2030y_SOC,cf_std,
Glorioso Island,BRDC_Cold temperate dry_2030y_SOC,cf_std,
Greece,BRDC_Cold temperate dry_2030y_SOC,cf_std,8.97242
Greenland,BRDC_Cold temperate dry_2030y_SOC,cf_std,
Grenada,BRDC_Cold temperate dry_2030y_SOC,cf_std,
Guadeloupe,BRDC_Cold temperate dry_2030y_SOC,cf_std,
Guam,BRDC_Cold temperate dry_2030y_SOC,cf_std,
Guatemala,BRDC_Cold temperate dry_2030y_SOC,cf_std,
Guernsey,BRDC_Cold temperate dry_2030y_SOC,cf_std,
Guinea,BRDC_Cold temperate dry_2030y_SOC,cf_std,
Guinea-Bissau,BRDC_Cold temperate dry_2030y_SOC,cf_std,
Guyana,BRDC_Cold temperate dry_2030y_SOC,cf_std,
Haiti,BRDC_Cold temperate dry_2030y_SOC,cf_std,
Hala'ib triangle,BRDC_Cold temperate dry_2030y_SOC,cf_std,
Heard Island and McDonald Islands,BRDC_Cold temperate dry_2030y_SOC,cf_std,
Holy See,BRDC_Cold temperate dry_2030y_SOC,cf_std,
Honduras,BRDC_Cold temperate dry_2030y_SOC,cf_std,
Hong Kong,BRDC_Cold temperate dry_2030y_SOC,cf_std,
Howland Island,BRDC_Cold temperate dry_2030y_SOC,cf_std,
Hungary,BRDC_Cold temperate dry_2030y_SOC,cf_std,12.782822
Iceland,BRDC_Cold temperate dry_2030y_SOC,cf_std,
Ilemi triangle,BRDC_Cold temperate dry_2030y_SOC,cf_std,
India,BRDC_Cold temperate dry_2030y_SOC,cf_std,
Indonesia,BRDC_Cold temperate dry_2030y_SOC,cf_std,
Iran  (Islamic Republic of),BRDC_Cold temperate dry_2030y_SOC,cf_std,
Iraq,BRDC_Cold temperate dry_2030y_SOC,cf_std,
Ireland,BRDC_Cold temperate dry_2030y_SOC,cf_std,59.44392
Isle of Man,BRDC_Cold temperate dry_2030y_SOC,cf_std,
Israel,BRDC_Cold temperate dry_2030y_SOC,cf_std,
Italy,BRDC_Cold temperate dry_2030y_SOC,cf_std,31.162264
Jamaica,BRDC_Cold temperate dry_2030y_SOC,cf_std,
Jammu and Kashmir,BRDC_Cold temperate dry_2030y_SOC,cf_std,
Japan,BRDC_Cold temperate dry_2030y_SOC,cf_std,81.03207
Jarvis Island,BRDC_Cold temperate dry_2030y_SOC,cf_std,
Jersey,BRDC_Cold temperate dry_2030y_SOC,cf_std,
Johnston Atoll,BRDC_Cold temperate dry_2030y_SOC,cf_std,
Jordan,BRDC_Cold temperate dry_2030y_SOC,cf_std,
Juan de Nova Island,BRDC_Cold temperate dry_2030y_SOC,cf_std,
Kazakhstan,BRDC_Cold temperate dry_2030y_SOC,cf_std,29.344585
Kenya,BRDC_Cold temperate dry_2030y_SOC,cf_std,
Kingman Reef,BRDC_Cold temperate dry_2030y_SOC,cf_std,
Kiribati,BRDC_Cold temperate dry_2030y_SOC,cf_std,
Kuril islands,BRDC_Cold temperate dry_2030y_SOC,cf_std,
Kuwait,BRDC_Cold temperate dry_2030y_SOC,cf_std,
Kyrgyzstan,BRDC_Cold temperate dry_2030y_SOC,cf_std,39.84588
Lao People's Democratic Republic,BRDC_Cold temperate dry_2030y_SOC,cf_std,
Latvia,BRDC_Cold temperate dry_2030y_SOC,cf_std,11.922957
Lebanon,BRDC_Cold temperate dry_2030y_SOC,cf_std,
Lesotho,BRDC_Cold temperate dry_2030y_SOC,cf_std,
Liberia,BRDC_Cold temperate dry_2030y_SOC,cf_std,
Libya,BRDC_Cold temperate dry_2030y_SOC,cf_std,
Liechtenstein,BRDC_Cold temperate dry_2030y_SOC,cf_std,4.7875137
Lithuania,BRDC_Cold temperate dry_2030y_SOC,cf_std,15.700324
Luxembourg,BRDC_Cold temperate dry_2030y_SOC,cf_std,2.9654188
Ma'tan al-Sarra,BRDC_Cold temperate dry_2030y_SOC,cf_std,
Macau,BRDC_Cold temperate dry_2030y_SOC,cf_std,
Madagascar,BRDC_Cold temperate dry_2030y_SOC,cf_std,
Madeira Islands,BRDC_Cold temperate dry_2030y_SOC,cf_std,
Malawi,BRDC_Cold temperate dry_2030y_SOC,cf_std,
Malaysia,BRDC_Cold temperate dry_2030y_SOC,cf_std,
Maldives,BRDC_Cold temperate dry_2030y_SOC,cf_std,
Mali,BRDC_Cold temperate dry_2030y_SOC,cf_std,
Malta,BRDC_Cold temperate dry_2030y_SOC,cf_std,
Marshall Islands,BRDC_Cold temperate dry_2030y_SOC,cf_std,
Martinique,BRDC_Cold temperate dry_2030y_SOC,cf_std,
Mauritania,BRDC_Cold temperate dry_2030y_SOC,cf_std,
Mauritius,BRDC_Cold temperate dry_2030y_SOC,cf_std,
Mayotte,BRDC_Cold temperate dry_2030y_SOC,cf_std,
Mexico,BRDC_Cold temperate dry_2030y_SOC,cf_std,
Micronesia (Federated States of),BRDC_Cold temperate dry_2030y_SOC,cf_std,
Midway Island,BRDC_Cold temperate dry_2030y_SOC,cf_std,
"Moldova, Republic of",BRDC_Cold temperate dry_2030y_SOC,cf_std,9.441224
Monaco,BRDC_Cold temperate dry_2030y_SOC,cf_std,
Mongolia,BRDC_Cold temperate dry_2030y_SOC,cf_std,32.537914
Montenegro,BRDC_Cold temperate dry_2030y_SOC,cf_std,5.937789
Montserrat,BRDC_Cold temperate dry_2030y_SOC,cf_std,
Morocco,BRDC_Cold temperate dry_2030y_SOC,cf_std,
Mozambique,BRDC_Cold temperate dry_2030y_SOC,cf_std,
Myanmar,BRDC_Cold temperate dry_2030y_SOC,cf_std,
Namibia,BRDC_Cold temperate dry_2030y_SOC,cf_std,
Nauru,BRDC_Cold temperate dry_2030y_SOC,cf_std,
Navassa Island,BRDC_Cold temperate dry_2030y_SOC,cf_std,
Nepal,BRDC_Cold temperate dry_2030y_SOC,cf_std,
Netherlands,BRDC_Cold temperate dry_2030y_SOC,cf_std,90.24636
Netherlands Antilles,BRDC_Cold temperate dry_2030y_SOC,cf_std,
New Caledonia,BRDC_Cold temperate dry_2030y_SOC,cf_std,
New Zealand,BRDC_Cold temperate dry_2030y_SOC,cf_std,32.77909
Nicaragua,BRDC_Cold temperate dry_2030y_SOC,cf_std,
Niger,BRDC_Cold temperate dry_2030y_SOC,cf_std,
Nigeria,BRDC_Cold temperate dry_2030y_SOC,cf_std,
Niue,BRDC_Cold temperate dry_2030y_SOC,cf_std,
Norfolk Island,BRDC_Cold temperate dry_2030y_SOC,cf_std,
Northern Mariana Islands,BRDC_Cold temperate dry_2030y_SOC,cf_std,
Norway,BRDC_Cold temperate dry_2030y_SOC,cf_std,28.215239
Oman,BRDC_Cold temperate dry_2030y_SOC,cf_std,
Pakistan,BRDC_Cold temperate dry_2030y_SOC,cf_std,
Palau,BRDC_Cold temperate dry_2030y_SOC,cf_std,
Palmyra Atoll,BRDC_Cold temperate dry_2030y_SOC,cf_std,
Panama,BRDC_Cold temperate dry_2030y_SOC,cf_std,
Papua New Guinea,BRDC_Cold temperate dry_2030y_SOC,cf_std,
Paracel Islands,BRDC_Cold temperate dry_2030y_SOC,cf_std,
Paraguay,BRDC_Cold temperate dry_2030y_SOC,cf_std,
Peru,BRDC_Cold temperate dry_2030y_SOC,cf_std,
Philippines,BRDC_Cold temperate dry_2030y_SOC,cf_std,
Pitcairn,BRDC_Cold temperate dry_2030y_SOC,cf_std,
Poland,BRDC_Cold temperate dry_2030y_SOC,cf_std,13.325386
Portugal,BRDC_Cold temperate dry_2030y_SOC,cf_std,
Puerto Rico,BRDC_Cold temperate dry_2030y_SOC,cf_std,
Qatar,BRDC_Cold temperate dry_2030y_SOC,cf_std,
Republic of Korea,BRDC_Cold temperate dry_2030y_SOC,cf_std,85.82034
Romania,BRDC_Cold temperate dry_2030y_SOC,cf_std,10.821093
Russian Federation,BRDC_Cold temperate dry_2030y_SOC,cf_std,37.81746
Rwanda,BRDC_Cold temperate dry_2030y_SOC,cf_std,
Réunion,BRDC_Cold temperate dry_2030y_SOC,cf_std,
Saint Helena,BRDC_Cold temperate dry_2030y_SOC,cf_std,
Saint Kitts and Nevis,BRDC_Cold temperate dry_2030y_SOC,cf_std,
Saint Lucia,BRDC_Cold temperate dry_2030y_SOC,cf_std,
Saint Pierre et Miquelon,BRDC_Cold temperate dry_2030y_SOC,cf_std,
Saint Vincent and the Grenadines,BRDC_Cold temperate dry_2030y_SOC,cf_std,
Samoa,BRDC_Cold temperate dry_2030y_SOC,cf_std,
San Marino,BRDC_Cold temperate dry_2030y_SOC,cf_std,
Sao Tome and Principe,BRDC_Cold temperate dry_2030y_SOC,cf_std,
Saudi Arabia,BRDC_Cold temperate dry_2030y_SOC,cf_std,
Scarborough Reef,BRDC_Cold temperate dry_2030y_SOC,cf_std,
Senegal,BRDC_Cold temperate dry_2030y_SOC,cf_std,
Senkaku Islands,BRDC_Cold temperate dry_2030y_SOC,cf_std,
Serbia,BRDC_Cold temperate dry_2030y_SOC,cf_std,14.51923
Seychelles,BRDC_Cold temperate dry_2030y_SOC,cf_std,
Sierra Leone,BRDC_Cold temperate dry_2030y_SOC,cf_std,
Singapore,BRDC_Cold temperate dry_2030y_SOC,cf_std,
Slovakia,BRDC_Cold temperate dry_2030y_SOC,cf_std,10.398852
Slovenia,BRDC_Cold temperate dry_2030y_SOC,cf_std,17.051954
Solomon Islands,BRDC_Cold temperate dry_2030y_SOC,cf_std,
Somalia,BRDC_Cold temperate dry_2030y_SOC,cf_std,
South Africa,BRDC_Cold temperate dry_2030y_SOC,cf_std,
South Georgia and the South Sandwich Islands,BRDC_Cold temperate dry_2030y_SOC,cf_std,
South Sudan,BRDC_Cold temperate dry_2030y_SOC,cf_std,
Spain,BRDC_Cold temperate dry_2030y_SOC,cf_std,
Spratly Islands,BRDC_Cold temperate dry_2030y_SOC,cf_std,
Sri Lanka,BRDC_Cold temperate dry_2030y_SOC,cf_std,
Sudan,BRDC_Cold temperate dry_2030y_SOC,cf_std,
Suriname,BRDC_Cold temperate dry_2030y_SOC,cf_std,
Svalbard and Jan Mayen Islands,BRDC_Cold temperate dry_2030y_SOC,cf_std,
Swaziland,BRDC_Cold temperate dry_2030y_SOC,cf_std,
Sweden,BRDC_Cold temperate dry_2030y_SOC,cf_std,30.064953
Switzerland,BRDC_Cold temperate dry_2030y_SOC,cf_std,16.26881
Syrian Arab Republic,BRDC_Cold temperate dry_2030y_SOC,cf_std,
Taiwan,BRDC_Cold temperate dry_2030y_SOC,cf_std,
Tajikistan,BRDC_Cold temperate dry_2030y_SOC,cf_std,42.184464
Thailand,BRDC_Cold temperate dry_2030y_SOC,cf_std,
The former Yugoslav Republic of Macedonia,BRDC_Cold temperate dry_2030y_SOC,cf_std,14.341833
Timor-Leste,BRDC_Cold temperate dry_2030y_SOC,cf_std,
Togo,BRDC_Cold temperate dry_2030y_SOC,cf_std,
Tokelau,BRDC_Cold temperate dry_2030y_SOC,cf_std,
Tonga,BRDC_Cold temperate dry_2030y_SOC,cf_std,
Trinidad and Tobago,BRDC_Cold temperate dry_2030y_SOC,cf_std,
Tromelin Island,BRDC_Cold temperate dry_2030y_SOC,cf_std,
Tunisia,BRDC_Cold temperate dry_2030y_SOC,cf_std,
Turkey,BRDC_Cold temperate dry_2030y_SOC,cf_std,27.482334
Turkmenistan,BRDC_Cold temperate dry_2030y_SOC,cf_std,37.16555
Turks and Caicos islands,BRDC_Cold temperate dry_2030y_SOC,cf_std,
Tuvalu,BRDC_Cold temperate dry_2030y_SOC,cf_std,
U.K. of Great Britain and Northern Ireland,BRDC_Cold temperate dry_2030y_SOC,cf_std,54.014122
Uganda,BRDC_Cold temperate dry_2030y_SOC,cf_std,
Ukraine,BRDC_Cold temperate dry_2030y_SOC,cf_std,18.614502
United Arab Emirates,BRDC_Cold temperate dry_2030y_SOC,cf_std,
United Republic of Tanzania,BRDC_Cold temperate dry_2030y_SOC,cf_std,
United States Virgin Islands,BRDC_Cold temperate dry_2030y_SOC,cf_std,
United States of America,BRDC_Cold temperate dry_2030y_SOC,cf_std,48.06754
Uruguay,BRDC_Cold temperate dry_2030y_SOC,cf_std,
Uzbekistan,BRDC_Cold temperate dry_2030y_SOC,cf_std,30.125357
Vanuatu,BRDC_Cold temperate dry_2030y_SOC,cf_std,
Venezuela,BRDC_Cold temperate dry_2030y_SOC,cf_std,
Viet Nam,BRDC_Cold temperate dry_2030y_SOC,cf_std,
Wake Island,BRDC_Cold temperate dry_2030y_SOC,cf_std,
Wallis and Futuna,BRDC_Cold temperate dry_2030y_SOC,cf_std,
West Bank,BRDC_Cold temperate dry_2030y_SOC,cf_std,
Western Sahara,BRDC_Cold temperate dry_2030y_SOC,cf_std,
Yemen,BRDC_Cold temperate dry_2030y_SOC,cf_std,
Zambia,BRDC_Cold temperate dry_2030y_SOC,cf_std,
Zimbabwe,BRDC_Cold temperate dry_2030y_SOC,cf_std,
Abyei,BRDC_Cold temperate moist_2030y_SOC,cf_mean,
Afghanistan,BRDC_Cold temperate moist_2030y_SOC,cf_mean,128.41273
Aksai Chin,BRDC_Cold temperate moist_2030y_SOC,cf_mean,
Albania,BRDC_Cold temperate moist_2030y_SOC,cf_mean,149.37798
Algeria,BRDC_Cold temperate moist_2030y_SOC,cf_mean,
American Samoa,BRDC_Cold temperate moist_2030y_SOC,cf_mean,
Andorra,BRDC_Cold temperate moist_2030y_SOC,cf_mean,
Angola,BRDC_Cold temperate moist_2030y_SOC,cf_mean,
Anguilla,BRDC_Cold temperate moist_2030y_SOC,cf_mean,
Antarctica,BRDC_Cold temperate moist_2030y_SOC,cf_mean,
Antigua and Barbuda,BRDC_Cold temperate moist_2030y_SOC,cf_mean,
Argentina,BRDC_Cold temperate moist_2030y_SOC,cf_mean,165.18654
Armenia,BRDC_Cold temperate moist_2030y_SOC,cf_mean,
Aruba,BRDC_Cold temperate moist_2030y_SOC,cf_mean,
Arunachal Pradesh,BRDC_Cold temperate moist_2030y_SOC,cf_mean,
Ashmore and Cartier Islands,BRDC_Cold temperate moist_2030y_SOC,cf_mean,
Australia,BRDC_Cold temperate moist_2030y_SOC,cf_mean,
Austria,BRDC_Cold temperate moist_2030y_SOC,cf_mean,158.24658
Azerbaijan,BRDC_Cold temperate moist_2030y_SOC,cf_mean,
Azores Islands,BRDC_Cold temperate moist_2030y_SOC,cf_mean,
Bahamas,BRDC_Cold temperate moist_2030y_SOC,cf_mean,
Bahrain,BRDC_Cold temperate moist_2030y_SOC,cf_mean,
Baker Island,BRDC_Cold temperate moist_2030y_SOC,cf_mean,
Bangladesh,BRDC_Cold temperate moist_2030y_SOC,cf_mean,
Barbados,BRDC_Cold temperate moist_2030y_SOC,cf_mean,
Bassas da India,BRDC_Cold temperate moist_2030y_SOC,cf_mean,
Belarus,BRDC_Cold temperate moist_2030y_SOC,cf_mean,165.86093
Belgium,BRDC_Cold temperate moist_2030y_SOC,cf_mean,154.29552
Belize,BRDC_Cold temperate moist_2030y_SOC,cf_mean,
Benin,BRDC_Cold temperate moist_2030y_SOC,cf_mean,
Bermuda,BRDC_Cold temperate moist_2030y_SOC,cf_mean,
Bhutan,BRDC_Cold temperate moist_2030y_SOC,cf_mean,
Bird Island,BRDC_Cold temperate moist_2030y_SOC,cf_mean,
Bolivia,BRDC_Cold temperate moist_2030y_SOC,cf_mean,
Bosnia and Herzegovina,BRDC_Cold temperate moist_2030y_SOC,cf_mean,146.5155
Botswana,BRDC_Cold temperate moist_2030y_SOC,cf_mean,
Bouvet Island,BRDC_Cold temperate moist_2030y_SOC,cf_mean,
Brazil,BRDC_Cold temperate moist_2030y_SOC,cf_mean,
British Indian Ocean Territory,BRDC_Cold temperate moist_2030y_SOC,cf_mean,
British Virgin Islands,BRDC_Cold temperate moist_2030y_SOC,cf_mean,
Brunei Darussalam,BRDC_Cold temperate moist_2030y_SOC,cf_mean,
Bulgaria,BRDC_Cold temperate moist_2030y_SOC,cf_mean,136.6359
Burkina Faso,BRDC_Cold temperate moist_2030y_SOC,cf_mean,
Burundi,BRDC_Cold temperate moist_2030y_SOC,cf_mean,
Cambodia,BRDC_Cold temperate moist_2030y_SOC,cf_mean,
Cameroon,BRDC_Cold temperate moist_2030y_SOC,cf_mean,
Canada,BRDC_Cold temperate moist_2030y_SOC,cf_mean,193.33255
Cape Verde,BRDC_Cold temperate moist_2030y_SOC,cf_mean,
Cayman Islands,BRDC_Cold temperate moist_2030y_SOC,cf_mean,
Central African Republic,BRDC_Cold temperate moist_2030y_SOC,cf_mean,
Chad,BRDC_Cold temperate moist_2030y_SOC,cf_mean,
Chile,BRDC_Cold temperate moist_2030y_SOC,cf_mean,227.55995
China,BRDC_Cold temperate moist_2030y_SOC,cf_mean,143.9393
China/India,BRDC_Cold temperate moist_2030y_SOC,cf_mean,
Christmas Island,BRDC_Cold temperate moist_2030y_SOC,cf_mean,
Clipperton Island,BRDC_Cold temperate moist_2030y_SOC,cf_mean,
Cocos (Keeling) Islands,BRDC_Cold temperate moist_2030y_SOC,cf_mean,
Colombia,BRDC_Cold temperate moist_2030y_SOC,cf_mean,
Comoros,BRDC_Cold temperate moist_2030y_SOC,cf_mean,
Congo,BRDC_Cold temperate moist_2030y_SOC,cf_mean,
Cook Islands,BRDC_Cold temperate moist_2030y_SOC,cf_mean,
Costa Rica,BRDC_Cold temperate moist_2030y_SOC,cf_mean,
Croatia,BRDC_Cold temperate moist_2030y_SOC,cf_mean,130.80617
Cuba,BRDC_Cold temperate moist_2030y_SOC,cf_mean,
Cyprus,BRDC_Cold temperate moist_2030y_SOC,cf_mean,
Czech Republic,BRDC_Cold temperate moist_2030y_SOC,cf_mean,143.84691
Côte d'Ivoire,BRDC_Cold temperate moist_2030y_SOC,cf_mean,
Dem People's Rep of Korea,BRDC_Cold temperate moist_2030y_SOC,cf_mean,118.70722
Democratic Republic of the Congo,BRDC_Cold temperate moist_2030y_SOC,cf_mean,
Denmark,BRDC_Cold temperate moist_2030y_SOC,cf_mean,166.4867
Djibouti,BRDC_Cold temperate moist_2030y_SOC,cf_mean,
Dominica,BRDC_Cold temperate moist_2030y_SOC,cf_mean,
Dominican Republic,BRDC_Cold temperate moist_2030y_SOC,cf_mean,
Ecuador,BRDC_Cold temperate moist_2030y_SOC,cf_mean,
Egypt,BRDC_Cold temperate moist_2030y_SOC,cf_mean,
El Salvador,BRDC_Cold temperate moist_2030y_SOC,cf_mean,
Equatorial Guinea,BRDC_Cold temperate moist_2030y_SOC,cf_mean,
Eritrea,BRDC_Cold temperate moist_2030y_SOC,cf_mean,
Estonia,BRDC_Cold temperate moist_2030y_SOC,cf_mean,228.30727
Ethiopia,BRDC_Cold temperate moist_2030y_SOC,cf_mean,
Europa Island,BRDC_Cold temperate moist_2030y_SOC,cf_mean,
Falkland Islands (Malvinas),BRDC_Cold temperate moist_2030y_SOC,cf_mean,
Faroe Islands,BRDC_Cold temperate moist_2030y_SOC,cf_mean,
Fiji,BRDC_Cold temperate moist_2030y_SOC,cf_mean,
Finland,BRDC_Cold temperate moist_2030y_SOC,cf_mean,231.21625
France,BRDC_Cold temperate moist_2030y_SOC,cf_mean,147.09386
French Guiana,BRDC_Cold temperate moist_2030y_SOC,cf_mean,
French Polynesia,BRDC_Cold temperate moist_2030y_SOC,cf_mean,
French Southern and Antarctic Territories,BRDC_Cold temperate moist_2030y_SOC,cf_mean,
Gabon,BRDC_Cold temperate moist_2030y_SOC,cf_mean,
Gambia,BRDC_Cold temperate moist_2030y_SOC,cf_mean,
Gaza Strip,BRDC_Cold temperate moist_2030y_SOC,cf_mean,
Georgia,BRDC_Cold temperate moist_2030y_SOC,cf_mean,163.00066
Germany,BRDC_Cold temperate moist_2030y_SOC,cf_mean,149.74402
Ghana,BRDC_Cold temperate moist_2030y_SOC,cf_mean,
Gibraltar,BRDC_Cold temperate moist_2030y_SOC,cf_mean,
Glorioso Island,BRDC_Cold temperate moist_2030y_SOC,cf_mean,
Greece,BRDC_Cold temperate moist_2030y_SOC,cf_mean,133.68372
Greenland,BRDC_Cold temperate moist_2030y_SOC,cf_mean,
Grenada,BRDC_Cold temperate moist_2030y_SOC,cf_mean,
Guadeloupe,BRDC_Cold temperate moist_2030y_SOC,cf_mean,
Guam,BRDC_Cold temperate moist_2030y_SOC,cf_mean,
Guatemala,BRDC_Cold temperate moist_2030y_SOC,cf_mean,
Guernsey,BRDC_Cold temperate moist_2030y_SOC,cf_mean,
Guinea,BRDC_Cold temperate moist_2030y_SOC,cf_mean,
Guinea-Bissau,BRDC_Cold temperate moist_2030y_SOC,cf_mean,
Guyana,BRDC_Cold temperate moist_2030y_SOC,cf_mean,
Haiti,BRDC_Cold temperate moist_2030y_SOC,cf_mean,
Hala'ib triangle,BRDC_Cold temperate moist_2030y_SOC,cf_mean,
Heard Island and McDonald Islands,BRDC_Cold temperate moist_2030y_SOC,cf_mean,
Holy See,BRDC_Cold temperate moist_2030y_SOC,cf_mean,
Honduras,BRDC_Cold temperate moist_2030y_SOC,cf_mean,
Hong Kong,BRDC_Cold temperate moist_2030y_SOC,cf_mean,
Howland Island,BRDC_Cold temperate moist_2030y_SOC,cf_mean,
Hungary,BRDC_Cold temperate moist_2030y_SOC,cf_mean,136.52745
Iceland,BRDC_Cold temperate moist_2030y_SOC,cf_mean,248.79414
Ilemi triangle,BRDC_Cold temperate moist_2030y_SOC,cf_mean,
India,BRDC_Cold temperate moist_2030y_SOC,cf_mean,
Indonesia,BRDC_Cold temperate moist_2030y_SOC,cf_mean,
Iran  (Islamic Republic of),BRDC_Cold temperate moist_2030y_SOC,cf_mean,
Iraq,BRDC_Cold temperate moist_2030y_SOC,cf_mean,
Ireland,BRDC_Cold temperate moist_2030y_SOC,cf_mean,175.36385
Isle of Man,BRDC_Cold temperate moist_2030y_SOC,cf_mean,
Israel,BRDC_Cold temperate moist_2030y_SOC,cf_mean,
Italy,BRDC_Cold temperate moist_2030y_SOC,cf_mean,127.53367
Jamaica,BRDC_Cold temperate moist_2030y_SOC,cf_mean,
Jammu and Kashmir,BRDC_Cold temperate moist_2030y_SOC,cf_mean,
Japan,BRDC_Cold temperate moist_2030y_SOC,cf_mean,154.12648
Jarvis Island,BRDC_Cold temperate moist_2030y_SOC,cf_mean,
Jersey,BRDC_Cold temperate moist_2030y_SOC,cf_mean,
Johnston Atoll,BRDC_Cold temperate moist_2030y_SOC,cf_mean,
Jordan,BRDC_Cold temperate moist_2030y_SOC,cf_mean,
Juan de Nova Island,BRDC_Cold temperate moist_2030y_SOC,cf_mean,
Kazakhstan,BRDC_Cold temperate moist_2030y_SOC,cf_mean,190.8056
Kenya,BRDC_Cold temperate moist_2030y_SOC,cf_mean,
Kingman Reef,BRDC_Cold temperate moist_2030y_SOC,cf_mean,
Kiribati,BRDC_Cold temperate moist_2030y_SOC,cf_mean,
Kuril islands,BRDC_Cold temperate moist_2030y_SOC,cf_mean,
Kuwait,BRDC_Cold temperate moist_2030y_SOC,cf_mean,
Kyrgyzstan,BRDC_Cold temperate moist_2030y_SOC,cf_mean,238.29108
Lao People's Democratic Republic,BRDC_Cold temperate moist_2030y_SOC,cf_mean,
Latvia,BRDC_Cold temperate moist_2030y_SOC,cf_mean,194.44177
Lebanon,BRDC_Cold temperate moist_2030y_SOC,cf_mean,
Lesotho,BRDC_Cold temperate moist_2030y_SOC,cf_mean,
Liberia,BRDC_Cold temperate moist_2030y_SOC,cf_mean,
Libya,BRDC_Cold temperate moist_2030y_SOC,cf_mean,
Liechtenstein,BRDC_Cold temperate moist_2030y_SOC,cf_mean,184.16876
Lithuania,BRDC_Cold temperate moist_2030y_SOC,cf_mean,170.93936
Luxembourg,BRDC_Cold temperate moist_2030y_SOC,cf_mean,157.98592
Ma'tan al-Sarra,BRDC_Cold temperate moist_2030y_SOC,cf_mean,
Macau,BRDC_Cold temperate moist_2030y_SOC,cf_mean,
Madagascar,BRDC_Cold temperate moist_2030y_SOC,cf_mean,
Madeira Islands,BRDC_Cold temperate moist_2030y_SOC,cf_mean,
Malawi,BRDC_Cold temperate moist_2030y_SOC,cf_mean,
Malaysia,BRDC_Cold temperate moist_2030y_SOC,cf_mean,
Maldives,BRDC_Cold temperate moist_2030y_SOC,cf_mean,
Mali,BRDC_Cold temperate moist_2030y_SOC,cf_mean,
Malta,BRDC_Cold temperate moist_2030y_SOC,cf_mean,
Marshall Islands,BRDC_Cold temperate moist_2030y_SOC,cf_mean,
Martinique,BRDC_Cold temperate moist_2030y_SOC,cf_mean,
Mauritania,BRDC_Cold temperate moist_2030y_SOC,cf_mean,
Mauritius,BRDC_Cold temperate moist_2030y_SOC,cf_mean,
Mayotte,BRDC_Cold temperate moist_2030y_SOC,cf_mean,
Mexico,BRDC_Cold temperate moist_2030y_SOC,cf_mean,
Micronesia (Federated States of),BRDC_Cold temperate moist_2030y_SOC,cf_mean,
Midway Island,BRDC_Cold temperate moist_2030y_SOC,cf_mean,
"Moldova, Republic of",BRDC_Cold temperate moist_2030y_SOC,cf_mean,155.1625
Monaco,BRDC_Cold temperate moist_2030y_SOC,cf_mean,
Mongolia,BRDC_Cold temperate moist_2030y_SOC,cf_mean,220.1074
Montenegro,BRDC_Cold temperate moist_2030y_SOC,cf_mean,164.686
Montserrat,BRDC_Cold temperate moist_2030y_SOC,cf_mean,
Morocco,BRDC_Cold temperate moist_2030y_SOC,cf_mean,
Mozambique,BRDC_Cold temperate moist_2030y_SOC,cf_mean,
Myanmar,BRDC_Cold temperate moist_2030y_SOC,cf_mean,
Namibia,BRDC_Cold temperate moist_2030y_SOC,cf_mean,
Nauru,BRDC_Cold temperate moist_2030y_SOC,cf_mean,
Navassa Island,BRDC_Cold temperate moist_2030y_SOC,cf_mean,
Nepal,BRDC_Cold temperate moist_2030y_SOC,cf_mean,
Netherlands,BRDC_Cold temperate moist_2030y_SOC,cf_mean,169.13063
Netherlands Antilles,BRDC_Cold temperate moist_2030y_SOC,cf_mean,
New Caledonia,BRDC_Cold temperate moist_2030y_SOC,cf_mean,
New Zealand,BRDC_Cold temperate moist_2030y_SOC,cf_mean,148.58534
Nicaragua,BRDC_Cold temperate moist_2030y_SOC,cf_mean,
Niger,BRDC_Cold temperate moist_2030y_SOC,cf_mean,
Nigeria,BRDC_Cold temperate moist_2030y_SOC,cf_mean,
Niue,BRDC_Cold temperate moist_2030y_SOC,cf_mean,
Norfolk Island,BRDC_Cold temperate moist_2030y_SOC,cf_mean,
Northern Mariana Islands,BRDC_Cold temperate moist_2030y_SOC,cf_mean,
Norway,BRDC_Cold temperate moist_2030y_SOC,cf_mean,207.30772
Oman,BRDC_Cold temperate moist_2030y_SOC,cf_mean,
Pakistan,BRDC_Cold temperate moist_2030y_SOC,cf_mean,
Palau,BRDC_Cold temperate moist_2030y_SOC,cf_mean,
Palmyra Atoll,BRDC_Cold temperate moist_2030y_SOC,cf_mean,
Panama,BRDC_Cold temperate moist_2030y_SOC,cf_mean,
Papua New Guinea,BRDC_Cold temperate moist_2030y_SOC,cf_mean,
Paracel Islands,BRDC_Cold temperate moist_2030y_SOC,cf_mean,
Paraguay,BRDC_Cold temperate moist_2030y_SOC,cf_mean,
Peru,BRDC_Cold temperate moist_2030y_SOC,cf_mean,
Philippines,BRDC_Cold temperate moist_2030y_SOC,cf_mean,
Pitcairn,BRDC_Cold temperate moist_2030y_SOC,cf_mean,
Poland,BRDC_Cold temperate moist_2030y_SOC,cf_mean,141.3922
Portugal,BRDC_Cold temperate moist_2030y_SOC,cf_mean,
Puerto Rico,BRDC_Cold temperate moist_2030y_SOC,cf_mean,
Qatar,BRDC_Cold temperate moist_2030y_SOC,cf_mean,
Republic of Korea,BRDC_Cold temperate moist_2030y_SOC,cf_mean,130.48196
Romania,BRDC_Cold temperate moist_2030y_SOC,cf_mean,135.17801
Russian Federation,BRDC_Cold temperate moist_2030y_SOC,cf_mean,198.23077
Rwanda,BRDC_Cold temperate moist_2030y_SOC,cf_mean,
Réunion,BRDC_Cold temperate moist_2030y_SOC,cf_mean,
Saint Helena,BRDC_Cold temperate moist_2030y_SOC,cf_mean,
Saint Kitts and Nevis,BRDC_Cold temperate moist_2030y_SOC,cf_mean,
Saint Lucia,BRDC_Cold temperate moist_2030y_SOC,cf_mean,
Saint Pierre et Miquelon,BRDC_Cold temperate moist_2030y_SOC,cf_mean,
Saint Vincent and the Grenadines,BRDC_Cold temperate moist_2030y_SOC,cf_mean,
Samoa,BRDC_Cold temperate moist_2030y_SOC,cf_mean,
San Marino,BRDC_Cold temperate moist_2030y_SOC,cf_mean,
Sao Tome and Principe,BRDC_Cold temperate moist_2030y_SOC,cf_mean,
Saudi Arabia,BRDC_Cold temperate moist_2030y_SOC,cf_mean,
Scarborough Reef,BRDC_Cold temperate moist_2030y_SOC,cf_mean,
Senegal,BRDC_Cold temperate moist_2030y_SOC,cf_mean,
Senkaku Islands,BRDC_Cold temperate moist_2030y_SOC,cf_mean,
Serbia,BRDC_Cold temperate moist_2030y_SOC,cf_mean,142.02805
Seychelles,BRDC_Cold temperate moist_2030y_SOC,cf_mean,
Sierra Leone,BRDC_Cold temperate moist_2030y_SOC,cf_mean,
Singapore,BRDC_Cold temperate moist_2030y_SOC,cf_mean,
Slovakia,BRDC_Cold temperate moist_2030y_SOC,cf_mean,142.34746
Slovenia,BRDC_Cold temperate moist_2030y_SOC,cf_mean,141.56906
Solomon Islands,BRDC_Cold temperate moist_2030y_SOC,cf_mean,
Somalia,BRDC_Cold temperate moist_2030y_SOC,cf_mean,
South Africa,BRDC_Cold temperate moist_2030y_SOC,cf_mean,
South Georgia and the South Sandwich Islands,BRDC_Cold temperate moist_2030y_SOC,cf_mean,
South Sudan,BRDC_Cold temperate moist_2030y_SOC,cf_mean,
Spain,BRDC_Cold temperate moist_2030y_SOC,cf_mean,
Spratly Islands,BRDC_Cold temperate moist_2030y_SOC,cf_mean,
Sri Lanka,BRDC_Cold temperate moist_2030y_SOC,cf_mean,
Sudan,BRDC_Cold temperate moist_2030y_SOC,cf_mean,
Suriname,BRDC_Cold temperate moist_2030y_SOC,cf_mean,
Svalbard and Jan Mayen Islands,BRDC_Cold temperate moist_2030y_SOC,cf_mean,
Swaziland,BRDC_Cold temperate moist_2030y_SOC,cf_mean,
Sweden,BRDC_Cold temperate moist_2030y_SOC,cf_mean,207.84357
Switzerland,BRDC_Cold temperate moist_2030y_SOC,cf_mean,171.14574
Syrian Arab Republic,BRDC_Cold temperate moist_2030y_SOC,cf_mean,
Taiwan,BRDC_Cold temperate moist_2030y_SOC,cf_mean,
Tajikistan,BRDC_Cold temperate moist_2030y_SOC,cf_mean,225.8331
Thailand,BRDC_Cold temperate moist_2030y_SOC,cf_mean,
The former Yugoslav Republic of Macedonia,BRDC_Cold temperate moist_2030y_SOC,cf_mean,146.12607
Timor-Leste,BRDC_Cold temperate moist_2030y_SOC,cf_mean,
Togo,BRDC_Cold temperate moist_2030y_SOC,cf_mean,
Tokelau,BRDC_Cold temperate moist_2030y_SOC,cf_mean,
Tonga,BRDC_Cold temperate moist_2030y_SOC,cf_mean,
Trinidad and Tobago,BRDC_Cold temperate moist_2030y_SOC,cf_mean,
Tromelin Island,BRDC_Cold temperate moist_2030y_SOC,cf_mean,
Tunisia,BRDC_Cold temperate moist_2030y_SOC,cf_mean,
Turkey,BRDC_Cold temperate moist_2030y_SOC,cf_mean,164.423
Turkmenistan,BRDC_Cold temperate moist_2030y_SOC,cf_mean,79.66673
Turks and Caicos islands,BRDC_Cold temperate moist_2030y_SOC,cf_mean,
Tuvalu,BRDC_Cold temperate moist_2030y_SOC,cf_mean,
U.K. of Great Britain and Northern Ireland,BRDC_Cold temperate moist_2030y_SOC,cf_mean,177.30988
Uganda,BRDC_Cold temperate moist_2030y_SOC,cf_mean,
Ukraine,BRDC_Cold temperate moist_2030y_SOC,cf_mean,166.41637
United Arab Emirates,BRDC_Cold temperate moist_2030y_SOC,cf_mean,
United Republic of Tanzania,BRDC_Cold temperate moist_2030y_SOC,cf_mean,
United States Virgin Islands,BRDC_Cold temperate moist_2030y_SOC,cf_mean,
United States of America,BRDC_Cold temperate moist_2030y_SOC,cf_mean,104.28309
Uruguay,BRDC_Cold temperate moist_2030y_SOC,cf_mean,
Uzbekistan,BRDC_Cold temperate moist_2030y_SOC,cf_mean,100.83016
Vanuatu,BRDC_Cold temperate moist_2030y_SOC,cf_mean,
Venezuela,BRDC_Cold temperate moist_2030y_SOC,cf_mean,
Viet Nam,BRDC_Cold temperate moist_2030y_SOC,cf_mean,
Wake Island,BRDC_Cold temperate moist_2030y_SOC,cf_mean,
Wallis and Futuna,BRDC_Cold temperate moist_2030y_SOC,cf_mean,
West Bank,BRDC_Cold temperate moist_2030y_SOC,cf_mean,
Western Sahara,BRDC_Cold temperate moist_2030y_SOC,cf_mean,
Yemen,BRDC_Cold temperate moist_2030y_SOC,cf_mean,
Zambia,BRDC_Cold temperate moist_2030y_SOC,cf_mean,
Zimbabwe,BRDC_Cold temperate moist_2030y_SOC,cf_mean,
Abyei,BRDC_Cold temperate moist_2030y_SOC,cf_median,
Afghanistan,BRDC_Cold temperate moist_2030y_SOC,cf_median,127.545944
Aksai Chin,BRDC_Cold temperate moist_2030y_SOC,cf_median,
Albania,BRDC_Cold temperate moist_2030y_SOC,cf_median,161.9905
Algeria,BRDC_Cold temperate moist_2030y_SOC,cf_median,
American Samoa,BRDC_Cold temperate moist_2030y_SOC,cf_median,
Andorra,BRDC_Cold temperate moist_2030y_SOC,cf_median,
Angola,BRDC_Cold temperate moist_2030y_SOC,cf_median,
Anguilla,BRDC_Cold temperate moist_2030y_SOC,cf_median,
Antarctica,BRDC_Cold temperate moist_2030y_SOC,cf_median,
Antigua and Barbuda,BRDC_Cold temperate moist_2030y_SOC,cf_median,
Argentina,BRDC_Cold temperate moist_2030y_SOC,cf_median,160.81244
Armenia,BRDC_Cold temperate moist_2030y_SOC,cf_median,
Aruba,BRDC_Cold temperate moist_2030y_SOC,cf_median,
Arunachal Pradesh,BRDC_Cold temperate moist_2030y_SOC,cf_median,
Ashmore and Cartier Islands,BRDC_Cold temperate moist_2030y_SOC,cf_median,
Australia,BRDC_Cold temperate moist_2030y_SOC,cf_median,
Austria,BRDC_Cold temperate moist_2030y_SOC,cf_median,158.11816
Azerbaijan,BRDC_Cold temperate moist_2030y_SOC,cf_median,
Azores Islands,BRDC_Cold temperate moist_2030y_SOC,cf_median,
Bahamas,BRDC_Cold temperate moist_2030y_SOC,cf_median,
Bahrain,BRDC_Cold temperate moist_2030y_SOC,cf_median,
Baker Island,BRDC_Cold temperate moist_2030y_SOC,cf_median,
Bangladesh,BRDC_Cold temperate moist_2030y_SOC,cf_median,
Barbados,BRDC_Cold temperate moist_2030y_SOC,cf_median,
Bassas da India,BRDC_Cold temperate moist_2030y_SOC,cf_median,
Belarus,BRDC_Cold temperate moist_2030y_SOC,cf_median,167.28383
Belgium,BRDC_Cold temperate moist_2030y_SOC,cf_median,148.0039
Belize,BRDC_Cold temperate moist_2030y_SOC,cf_median,
Benin,BRDC_Cold temperate moist_2030y_SOC,cf_median,
Bermuda,BRDC_Cold temperate moist_2030y_SOC,cf_median,
Bhutan,BRDC_Cold temperate moist_2030y_SOC,cf_median,
Bird Island,BRDC_Cold temperate moist_2030y_SOC,cf_median,
Bolivia,BRDC_Cold temperate moist_2030y_SOC,cf_median,
Bosnia and Herzegovina,BRDC_Cold temperate moist_2030y_SOC,cf_median,145.51878
Botswana,BRDC_Cold temperate moist_2030y_SOC,cf_median,
Bouvet Island,BRDC_Cold temperate moist_2030y_SOC,cf_median,
Brazil,BRDC_Cold temperate moist_2030y_SOC,cf_median,
British Indian Ocean Territory,BRDC_Cold temperate moist_2030y_SOC,cf_median,
British Virgin Islands,BRDC_Cold temperate moist_2030y_SOC,cf_median,
Brunei Darussalam,BRDC_Cold temperate moist_2030y_SOC,cf_median,
Bulgaria,BRDC_Cold temperate moist_2030y_SOC,cf_median,135.15498
Burkina Faso,BRDC_Cold temperate moist_2030y_SOC,cf_median,
Burundi,BRDC_Cold temperate moist_2030y_SOC,cf_median,
Cambodia,BRDC_Cold temperate moist_2030y_SOC,cf_median,
Cameroon,BRDC_Cold temperate moist_2030y_SOC,cf_median,
Canada,BRDC_Cold temperate moist_2030y_SOC,cf_median,189.10347
Cape Verde,BRDC_Cold temperate moist_2030y_SOC,cf_median,
Cayman Islands,BRDC_Cold temperate moist_2030y_SOC,cf_median,
Central African Republic,BRDC_Cold temperate moist_2030y_SOC,cf_median,
Chad,BRDC_Cold temperate moist_2030y_SOC,cf_median,
Chile,BRDC_Cold temperate moist_2030y_SOC,cf_median,221.3633
China,BRDC_Cold temperate moist_2030y_SOC,cf_median,147.37784
China/India,BRDC_Cold temperate moist_2030y_SOC,cf_median,
Christmas Island,BRDC_Cold temperate moist_2030y_SOC,cf_median,
Clipperton Island,BRDC_Cold temperate moist_2030y_SOC,cf_median,
Cocos (Keeling) Islands,BRDC_Cold temperate moist_2030y_SOC,cf_median,
Colombia,BRDC_Cold temperate moist_2030y_SOC,cf_median,
Comoros,BRDC_Cold temperate moist_2030y_SOC,cf_median,
Congo,BRDC_Cold temperate moist_2030y_SOC,cf_median,
Cook Islands,BRDC_Cold temperate moist_2030y_SOC,cf_median,
Costa Rica,BRDC_Cold temperate moist_2030y_SOC,cf_median,
Croatia,BRDC_Cold temperate moist_2030y_SOC,cf_median,127.770874
Cuba,BRDC_Cold temperate moist_2030y_SOC,cf_median,
Cyprus,BRDC_Cold temperate moist_2030y_SOC,cf_median,
Czech Republic,BRDC_Cold temperate moist_2030y_SOC,cf_median,144.59819
Côte d'Ivoire,BRDC_Cold temperate moist_2030y_SOC,cf_median,
Dem People's Rep of Korea,BRDC_Cold temperate moist_2030y_SOC,cf_median,112.780365
Democratic Republic of the Congo,BRDC_Cold temperate moist_2030y_SOC,cf_median,
Denmark,BRDC_Cold temperate moist_2030y_SOC,cf_median,135.44559
Djibouti,BRDC_Cold temperate moist_2030y_SOC,cf_median,
Dominica,BRDC_Cold temperate moist_2030y_SOC,cf_median,
Dominican Republic,BRDC_Cold temperate moist_2030y_SOC,cf_median,
Ecuador,BRDC_Cold temperate moist_2030y_SOC,cf_median,
Egypt,BRDC_Cold temperate moist_2030y_SOC,cf_median,
El Salvador,BRDC_Cold temperate moist_2030y_SOC,cf_median,
Equatorial Guinea,BRDC_Cold temperate moist_2030y_SOC,cf_median,
Eritrea,BRDC_Cold temperate moist_2030y_SOC,cf_median,
Estonia,BRDC_Cold temperate moist_2030y_SOC,cf_median,219.42035
Ethiopia,BRDC_Cold temperate moist_2030y_SOC,cf_median,
Europa Island,BRDC_Cold temperate moist_2030y_SOC,cf_median,
Falkland Islands (Malvinas),BRDC_Cold temperate moist_2030y_SOC,cf_median,
Faroe Islands,BRDC_Cold temperate moist_2030y_SOC,cf_median,
Fiji,BRDC_Cold temperate moist_2030y_SOC,cf_median,
Finland,BRDC_Cold temperate moist_2030y_SOC,cf_median,232.41402
France,BRDC_Cold temperate moist_2030y_SOC,cf_median,143.30171
French Guiana,BRDC_Cold temperate moist_2030y_SOC,cf_median,
French Polynesia,BRDC_Cold temperate moist_2030y_SOC,cf_median,
French Southern and Antarctic Territories,BRDC_Cold temperate moist_2030y_SOC,cf_median,
Gabon,BRDC_Cold temperate moist_2030y_SOC,cf_median,
Gambia,BRDC_Cold temperate moist_2030y_SOC,cf_median,
Gaza Strip,BRDC_Cold temperate moist_2030y_SOC,cf_median,
Georgia,BRDC_Cold temperate moist_2030y_SOC,cf_median,161.90726
Germany,BRDC_Cold temperate moist_2030y_SOC,cf_median,149.72743
Ghana,BRDC_Cold temperate moist_2030y_SOC,cf_median,
Gibraltar,BRDC_Cold temperate moist_2030y_SOC,cf_median,
Glorioso Island,BRDC_Cold temperate moist_2030y_SOC,cf_median,
Greece,BRDC_Cold temperate moist_2030y_SOC,cf_median,133.79541
Greenland,BRDC_Cold temperate moist_2030y_SOC,cf_median,
Grenada,BRDC_Cold temperate moist_2030y_SOC,cf_median,
Guadeloupe,BRDC_Cold temperate moist_2030y_SOC,cf_median,
Guam,BRDC_Cold temperate moist_2030y_SOC,cf_median,
Guatemala,BRDC_Cold temperate moist_2030y_SOC,cf_median,
Guernsey,BRDC_Cold temperate moist_2030y_SOC,cf_median,
Guinea,BRDC_Cold temperate moist_2030y_SOC,cf_median,
Guinea-Bissau,BRDC_Cold temperate moist_2030y_SOC,cf_median,
Guyana,BRDC_Cold temperate moist_2030y_SOC,cf_median,
Haiti,BRDC_Cold temperate moist_2030y_SOC,cf_median,
Hala'ib triangle,BRDC_Cold temperate moist_2030y_SOC,cf_median,
Heard Island and McDonald Islands,BRDC_Cold temperate moist_2030y_SOC,cf_median,
Holy See,BRDC_Cold temperate moist_2030y_SOC,cf_median,
Honduras,BRDC_Cold temperate moist_2030y_SOC,cf_median,
Hong Kong,BRDC_Cold temperate moist_2030y_SOC,cf_median,
Howland Island,BRDC_Cold temperate moist_2030y_SOC,cf_median,
Hungary,BRDC_Cold temperate moist_2030y_SOC,cf_median,138.4246
Iceland,BRDC_Cold temperate moist_2030y_SOC,cf_median,248.79414
Ilemi triangle,BRDC_Cold temperate moist_2030y_SOC,cf_median,
India,BRDC_Cold temperate moist_2030y_SOC,cf_median,
Indonesia,BRDC_Cold temperate moist_2030y_SOC,cf_median,
Iran  (Islamic Republic of),BRDC_Cold temperate moist_2030y_SOC,cf_median,
Iraq,BRDC_Cold temperate moist_2030y_SOC,cf_median,
Ireland,BRDC_Cold temperate moist_2030y_SOC,cf_median,167.10655
Isle of Man,BRDC_Cold temperate moist_2030y_SOC,cf_median,
Israel,BRDC_Cold temperate moist_2030y_SOC,cf_median,
Italy,BRDC_Cold temperate moist_2030y_SOC,cf_median,121.5979
Jamaica,BRDC_Cold temperate moist_2030y_SOC,cf_median,
Jammu and Kashmir,BRDC_Cold temperate moist_2030y_SOC,cf_median,
Japan,BRDC_Cold temperate moist_2030y_SOC,cf_median,139.0273
Jarvis Island,BRDC_Cold temperate moist_2030y_SOC,cf_median,
Jersey,BRDC_Cold temperate moist_2030y_SOC,cf_median,
Johnston Atoll,BRDC_Cold temperate moist_2030y_SOC,cf_median,
Jordan,BRDC_Cold temperate moist_2030y_SOC,cf_median,
Juan de Nova Island,BRDC_Cold temperate moist_2030y_SOC,cf_median,
Kazakhstan,BRDC_Cold temperate moist_2030y_SOC,cf_median,197.41736
Kenya,BRDC_Cold temperate moist_2030y_SOC,cf_median,
Kingman Reef,BRDC_Cold temperate moist_2030y_SOC,cf_median,
Kiribati,BRDC_Cold temperate moist_2030y_SOC,cf_median,
Kuril islands,BRDC_Cold temperate moist_2030y_SOC,cf_median,
Kuwait,BRDC_Cold temperate moist_2030y_SOC,cf_median,
Kyrgyzstan,BRDC_Cold temperate moist_2030y_SOC,cf_median,245.01247
Lao People's Democratic Republic,BRDC_Cold temperate moist_2030y_SOC,cf_median,
Latvia,BRDC_Cold temperate moist_2030y_SOC,cf_median,193.7003
Lebanon,BRDC_Cold temperate moist_2030y_SOC,cf_median,
Lesotho,BRDC_Cold temperate moist_2030y_SOC,cf_median,
Liberia,BRDC_Cold temperate moist_2030y_SOC,cf_median,
Libya,BRDC_Cold temperate moist_2030y_SOC,cf_median,
Liechtenstein,BRDC_Cold temperate moist_2030y_SOC,cf_median,183.99435
Lithuania,BRDC_Cold temperate moist_2030y_SOC,cf_median,170.69113
Luxembourg,BRDC_Cold temperate moist_2030y_SOC,cf_median,157.88838
Ma'tan al-Sarra,BRDC_Cold temperate moist_2030y_SOC,cf_median,
Macau,BRDC_Cold temperate moist_2030y_SOC,cf_median,
Madagascar,BRDC_Cold temperate moist_2030y_SOC,cf_median,
Madeira Islands,BRDC_Cold temperate moist_2030y_SOC,cf_median,
Malawi,BRDC_Cold temperate moist_2030y_SOC,cf_median,
Malaysia,BRDC_Cold temperate moist_2030y_SOC,cf_median,
Maldives,BRDC_Cold temperate moist_2030y_SOC,cf_median,
Mali,BRDC_Cold temperate moist_2030y_SOC,cf_median,
Malta,BRDC_Cold temperate moist_2030y_SOC,cf_median,
Marshall Islands,BRDC_Cold temperate moist_2030y_SOC,cf_median,
Martinique,BRDC_Cold temperate moist_2030y_SOC,cf_median,
Mauritania,BRDC_Cold temperate moist_2030y_SOC,cf_median,
Mauritius,BRDC_Cold temperate moist_2030y_SOC,cf_median,
Mayotte,BRDC_Cold temperate moist_2030y_SOC,cf_median,
Mexico,BRDC_Cold temperate moist_2030y_SOC,cf_median,
Micronesia (Federated States of),BRDC_Cold temperate moist_2030y_SOC,cf_median,
Midway Island,BRDC_Cold temperate moist_2030y_SOC,cf_median,
"Moldova, Republic of",BRDC_Cold temperate moist_2030y_SOC,cf_median,156.55756
Monaco,BRDC_Cold temperate moist_2030y_SOC,cf_median,
Mongolia,BRDC_Cold temperate moist_2030y_SOC,cf_median,222.167
Montenegro,BRDC_Cold temperate moist_2030y_SOC,cf_median,164.61943
Montserrat,BRDC_Cold temperate moist_2030y_SOC,cf_median,
Morocco,BRDC_Cold temperate moist_2030y_SOC,cf_median,
Mozambique,BRDC_Cold temperate moist_2030y_SOC,cf_median,
Myanmar,BRDC_Cold temperate moist_2030y_SOC,cf_median,
Namibia,BRDC_Cold temperate moist_2030y_SOC,cf_median,
Nauru,BRDC_Cold temperate moist_2030y_SOC,cf_median,
Navassa Island,BRDC_Cold temperate moist_2030y_SOC,cf_median,
Nepal,BRDC_Cold temperate moist_2030y_SOC,cf_median,
Netherlands,BRDC_Cold temperate moist_2030y_SOC,cf_median,144.86296
Netherlands Antilles,BRDC_Cold temperate moist_2030y_SOC,cf_median,
New Caledonia,BRDC_Cold temperate moist_2030y_SOC,cf_median,
New Zealand,BRDC_Cold temperate moist_2030y_SOC,cf_median,143.48389
Nicaragua,BRDC_Cold temperate moist_2030y_SOC,cf_median,
Niger,BRDC_Cold temperate moist_2030y_SOC,cf_median,
Nigeria,BRDC_Cold temperate moist_2030y_SOC,cf_median,
Niue,BRDC_Cold temperate moist_2030y_SOC,cf_median,
Norfolk Island,BRDC_Cold temperate moist_2030y_SOC,cf_median,
Northern Mariana Islands,BRDC_Cold temperate moist_2030y_SOC,cf_median,
Norway,BRDC_Cold temperate moist_2030y_SOC,cf_median,202.81451
Oman,BRDC_Cold temperate moist_2030y_SOC,cf_median,
Pakistan,BRDC_Cold temperate moist_2030y_SOC,cf_median,
Palau,BRDC_Cold temperate moist_2030y_SOC,cf_median,
Palmyra Atoll,BRDC_Cold temperate moist_2030y_SOC,cf_median,
Panama,BRDC_Cold temperate moist_2030y_SOC,cf_median,
Papua New Guinea,BRDC_Cold temperate moist_2030y_SOC,cf_median,
Paracel Islands,BRDC_Cold temperate moist_2030y_SOC,cf_median,
Paraguay,BRDC_Cold temperate moist_2030y_SOC,cf_median,
Peru,BRDC_Cold temperate moist_2030y_SOC,cf_median,
Philippines,BRDC_Cold temperate moist_2030y_SOC,cf_median,
Pitcairn,BRDC_Cold temperate moist_2030y_SOC,cf_median,
Poland,BRDC_Cold temperate moist_2030y_SOC,cf_median,141.83105
Portugal,BRDC_Cold temperate moist_2030y_SOC,cf_median,
Puerto Rico,BRDC_Cold temperate moist_2030y_SOC,cf_median,
Qatar,BRDC_Cold temperate moist_2030y_SOC,cf_median,
Republic of Korea,BRDC_Cold temperate moist_2030y_SOC,cf_median,110.494
Romania,BRDC_Cold temperate moist_2030y_SOC,cf_median,133.68088
Russian Federation,BRDC_Cold temperate moist_2030y_SOC,cf_median,198.5896
Rwanda,BRDC_Cold temperate moist_2030y_SOC,cf_median,
Réunion,BRDC_Cold temperate moist_2030y_SOC,cf_median,
Saint Helena,BRDC_Cold temperate moist_2030y_SOC,cf_median,
Saint Kitts and Nevis,BRDC_Cold temperate moist_2030y_SOC,cf_median,
Saint Lucia,BRDC_Cold temperate moist_2030y_SOC,cf_median,
Saint Pierre et Miquelon,BRDC_Cold temperate moist_2030y_SOC,cf_median,
Saint Vincent and the Grenadines,BRDC_Cold temperate moist_2030y_SOC,cf_median,
Samoa,BRDC_Cold temperate moist_2030y_SOC,cf_median,
San Marino,BRDC_Cold temperate moist_2030y_SOC,cf_median,
Sao Tome and Principe,BRDC_Cold temperate moist_2030y_SOC,cf_median,
Saudi Arabia,BRDC_Cold temperate moist_2030y_SOC,cf_median,
Scarborough Reef,BRDC_Cold temperate moist_2030y_SOC,cf_median,
Senegal,BRDC_Cold temperate moist_2030y_SOC,cf_median,
Senkaku Islands,BRDC_Cold temperate moist_2030y_SOC,cf_median,
Serbia,BRDC_Cold temperate moist_2030y_SOC,cf_median,138.83241
Seychelles,BRDC_Cold temperate moist_2030y_SOC,cf_median,
Sierra Leone,BRDC_Cold temperate moist_2030y_SOC,cf_median,
Singapore,BRDC_Cold temperate moist_2030y_SOC,cf_median,
Slovakia,BRDC_Cold temperate moist_2030y_SOC,cf_median,143.92331
Slovenia,BRDC_Cold temperate moist_2030y_SOC,cf_median,141.31792
Solomon Islands,BRDC_Cold temperate moist_2030y_SOC,cf_median,
Somalia,BRDC_Cold temperate moist_2030y_SOC,cf_median,
South Africa,BRDC_Cold temperate moist_2030y_SOC,cf_median,
South Georgia and the South Sandwich Islands,BRDC_Cold temperate moist_2030y_SOC,cf_median,
South Sudan,BRDC_Cold temperate moist_2030y_SOC,cf_median,
Spain,BRDC_Cold temperate moist_2030y_SOC,cf_median,
Spratly Islands,BRDC_Cold temperate moist_2030y_SOC,cf_median,
Sri Lanka,BRDC_Cold temperate moist_2030y_SOC,cf_median,
Sudan,BRDC_Cold temperate moist_2030y_SOC,cf_median,
Suriname,BRDC_Cold temperate moist_2030y_SOC,cf_median,
Svalbard and Jan Mayen Islands,BRDC_Cold temperate moist_2030y_SOC,cf_median,
Swaziland,BRDC_Cold temperate moist_2030y_SOC,cf_median,
Sweden,BRDC_Cold temperate moist_2030y_SOC,cf_median,206.74231
Switzerland,BRDC_Cold temperate moist_2030y_SOC,cf_median,173.20116
Syrian Arab Republic,BRDC_Cold temperate moist_2030y_SOC,cf_median,
Taiwan,BRDC_Cold temperate moist_2030y_SOC,cf_median,
Tajikistan,BRDC_Cold temperate moist_2030y_SOC,cf_median,234.7354
Thailand,BRDC_Cold temperate moist_2030y_SOC,cf_median,
The former Yugoslav Republic of Macedonia,BRDC_Cold temperate moist_2030y_SOC,cf_median,142.2794
Timor-Leste,BRDC_Cold temperate moist_2030y_SOC,cf_median,
Togo,BRDC_Cold temperate moist_2030y_SOC,cf_median,
Tokelau,BRDC_Cold temperate moist_2030y_SOC,cf_median,
Tonga,BRDC_Cold temperate moist_2030y_SOC,cf_median,
Trinidad and Tobago,BRDC_Cold temperate moist_2030y_SOC,cf_median,
Tromelin Island,BRDC_Cold temperate moist_2030y_SOC,cf_median,
Tunisia,BRDC_Cold temperate moist_2030y_SOC,cf_median,
Turkey,BRDC_Cold temperate moist_2030y_SOC,cf_median,161.38484
Turkmenistan,BRDC_Cold temperate moist_2030y_SOC,cf_median,67.957756
Turks and Caicos islands,BRDC_Cold temperate moist_2030y_SOC,cf_median,
Tuvalu,BRDC_Cold temperate moist_2030y_SOC,cf_median,
U.K. of Great Britain and Northern Ireland,BRDC_Cold temperate moist_2030y_SOC,cf_median,169.37027
Uganda,BRDC_Cold temperate moist_2030y_SOC,cf_median,
Ukraine,BRDC_Cold temperate moist_2030y_SOC,cf_median,166.77846
United Arab Emirates,BRDC_Cold temperate moist_2030y_SOC,cf_median,
United Republic of Tanzania,BRDC_Cold temperate moist_2030y_SOC,cf_median,
United States Virgin Islands,BRDC_Cold temperate moist_2030y_SOC,cf_median,
United States of America,BRDC_Cold temperate moist_2030y_SOC,cf_median,97.54123
Uruguay,BRDC_Cold temperate moist_2030y_SOC,cf_median,
Uzbekistan,BRDC_Cold temperate moist_2030y_SOC,cf_median,102.88882
Vanuatu,BRDC_Cold temperate moist_2030y_SOC,cf_median,
Venezuela,BRDC_Cold temperate moist_2030y_SOC,cf_median,
Viet Nam,BRDC_Cold temperate moist_2030y_SOC,cf_median,
Wake Island,BRDC_Cold temperate moist_2030y_SOC,cf_median,
Wallis and Futuna,BRDC_Cold temperate moist_2030y_SOC,cf_median,
West Bank,BRDC_Cold temperate moist_2030y_SOC,cf_median,
Western Sahara,BRDC_Cold temperate moist_2030y_SOC,cf_median,
Yemen,BRDC_Cold temperate moist_2030y_SOC,cf_median,
Zambia,BRDC_Cold temperate moist_2030y_SOC,cf_median,
Zimbabwe,BRDC_Cold temperate moist_2030y_SOC,cf_median,
Abyei,BRDC_Cold temperate moist_2030y_SOC,cf_std,
Afghanistan,BRDC_Cold temperate moist_2030y_SOC,cf_std,40.949673
Aksai Chin,BRDC_Cold temperate moist_2030y_SOC,cf_std,
Albania,BRDC_Cold temperate moist_2030y_SOC,cf_std,27.429396
Algeria,BRDC_Cold temperate moist_2030y_SOC,cf_std,
American Samoa,BRDC_Cold temperate moist_2030y_SOC,cf_std,
Andorra,BRDC_Cold temperate moist_2030y_SOC,cf_std,
Angola,BRDC_Cold temperate moist_2030y_SOC,cf_std,
Anguilla,BRDC_Cold temperate moist_2030y_SOC,cf_std,
Antarctica,BRDC_Cold temperate moist_2030y_SOC,cf_std,
Antigua and Barbuda,BRDC_Cold temperate moist_2030y_SOC,cf_std,
Argentina,BRDC_Cold temperate moist_2030y_SOC,cf_std,38.90805
Armenia,BRDC_Cold temperate moist_2030y_SOC,cf_std,
Aruba,BRDC_Cold temperate moist_2030y_SOC,cf_std,
Arunachal Pradesh,BRDC_Cold temperate moist_2030y_SOC,cf_std,
Ashmore and Cartier Islands,BRDC_Cold temperate moist_2030y_SOC,cf_std,
Australia,BRDC_Cold temperate moist_2030y_SOC,cf_std,
Austria,BRDC_Cold temperate moist_2030y_SOC,cf_std,21.533798
Azerbaijan,BRDC_Cold temperate moist_2030y_SOC,cf_std,
Azores Islands,BRDC_Cold temperate moist_2030y_SOC,cf_std,
Bahamas,BRDC_Cold temperate moist_2030y_SOC,cf_std,
Bahrain,BRDC_Cold temperate moist_2030y_SOC,cf_std,
Baker Island,BRDC_Cold temperate moist_2030y_SOC,cf_std,
Bangladesh,BRDC_Cold temperate moist_2030y_SOC,cf_std,
Barbados,BRDC_Cold temperate moist_2030y_SOC,cf_std,
Bassas da India,BRDC_Cold temperate moist_2030y_SOC,cf_std,
Belarus,BRDC_Cold temperate moist_2030y_SOC,cf_std,8.25726
Belgium,BRDC_Cold temperate moist_2030y_SOC,cf_std,22.621347
Belize,BRDC_Cold temperate moist_2030y_SOC,cf_std,
Benin,BRDC_Cold temperate moist_2030y_SOC,cf_std,
Bermuda,BRDC_Cold temperate moist_2030y_SOC,cf_std,
Bhutan,BRDC_Cold temperate moist_2030y_SOC,cf_std,
Bird Island,BRDC_Cold temperate moist_2030y_SOC,cf_std,
Bolivia,BRDC_Cold temperate moist_2030y_SOC,cf_std,
Bosnia and Herzegovina,BRDC_Cold temperate moist_2030y_SOC,cf_std,14.13666
Botswana,BRDC_Cold temperate moist_2030y_SOC,cf_std,
Bouvet Island,BRDC_Cold temperate moist_2030y_SOC,cf_std,
Brazil,BRDC_Cold temperate moist_2030y_SOC,cf_std,
British Indian Ocean Territory,BRDC_Cold temperate moist_2030y_SOC,cf_std,
British Virgin Islands,BRDC_Cold temperate moist_2030y_SOC,cf_std,
Brunei Darussalam,BRDC_Cold temperate moist_2030y_SOC,cf_std,
Bulgaria,BRDC_Cold temperate moist_2030y_SOC,cf_std,7.7369246
Burkina Faso,BRDC_Cold temperate moist_2030y_SOC,cf_std,
Burundi,BRDC_Cold temperate moist_2030y_SOC,cf_std,
Cambodia,BRDC_Cold temperate moist_2030y_SOC,cf_std,
Cameroon,BRDC_Cold temperate moist_2030y_SOC,cf_std,
Canada,BRDC_Cold temperate moist_2030y_SOC,cf_std,33.244164
Cape Verde,BRDC_Cold temperate moist_2030y_SOC,cf_std,
Cayman Islands,BRDC_Cold temperate moist_2030y_SOC,cf_std,
Central African Republic,BRDC_Cold temperate moist_2030y_SOC,cf_std,
Chad,BRDC_Cold temperate moist_2030y_SOC,cf_std,
Chile,BRDC_Cold temperate moist_2030y_SOC,cf_std,43.073498
China,BRDC_Cold temperate moist_2030y_SOC,cf_std,42.184845
China/India,BRDC_Cold temperate moist_2030y_SOC,cf_std,
Christmas Island,BRDC_Cold temperate moist_2030y_SOC,cf_std,
Clipperton Island,BRDC_Cold temperate moist_2030y_SOC,cf_std,
Cocos (Keeling) Islands,BRDC_Cold temperate moist_2030y_SOC,cf_std,
Colombia,BRDC_Cold temperate moist_2030y_SOC,cf_std,
Comoros,BRDC_Cold temperate moist_2030y_SOC,cf_std,
Congo,BRDC_Cold temperate moist_2030y_SOC,cf_std,
Cook Islands,BRDC_Cold temperate moist_2030y_SOC,cf_std,
Costa Rica,BRDC_Cold temperate moist_2030y_SOC,cf_std,
Croatia,BRDC_Cold temperate moist_2030y_SOC,cf_std,13.239695
Cuba,BRDC_Cold temperate moist_2030y_SOC,cf_std,
Cyprus,BRDC_Cold temperate moist_2030y_SOC,cf_std,
Czech Republic,BRDC_Cold temperate moist_2030y_SOC,cf_std,8.974407
Côte d'Ivoire,BRDC_Cold temperate moist_2030y_SOC,cf_std,
Dem People's Rep of Korea,BRDC_Cold temperate moist_2030y_SOC,cf_std,36.857166
Democratic Republic of the Congo,BRDC_Cold temperate moist_2030y_SOC,cf_std,
Denmark,BRDC_Cold temperate moist_2030y_SOC,cf_std,62.256325
Djibouti,BRDC_Cold temperate moist_2030y_SOC,cf_std,
Dominica,BRDC_Cold temperate moist_2030y_SOC,cf_std,
Dominican Republic,BRDC_Cold temperate moist_2030y_SOC,cf_std,
Ecuador,BRDC_Cold temperate moist_2030y_SOC,cf_std,
Egypt,BRDC_Cold temperate moist_2030y_SOC,cf_std,
El Salvador,BRDC_Cold temperate moist_2030y_SOC,cf_std,
Equatorial Guinea,BRDC_Cold temperate moist_2030y_SOC,cf_std,
Eritrea,BRDC_Cold temperate moist_2030y_SOC,cf_std,
Estonia,BRDC_Cold temperate moist_2030y_SOC,cf_std,40.305508
Ethiopia,BRDC_Cold temperate moist_2030y_SOC,cf_std,
Europa Island,BRDC_Cold temperate moist_2030y_SOC,cf_std,
Falkland Islands (Malvinas),BRDC_Cold temperate moist_2030y_SOC,cf_std,
Faroe Islands,BRDC_Cold temperate moist_2030y_SOC,cf_std,
Fiji,BRDC_Cold temperate moist_2030y_SOC,cf_std,
Finland,BRDC_Cold temperate moist_2030y_SOC,cf_std,6.5244823
France,BRDC_Cold temperate moist_2030y_SOC,cf_std,17.397778
French Guiana,BRDC_Cold temperate moist_2030y_SOC,cf_std,
French Polynesia,BRDC_Cold temperate moist_2030y_SOC,cf_std,
French Southern and Antarctic Territories,BRDC_Cold temperate moist_2030y_SOC,cf_std,
Gabon,BRDC_Cold temperate moist_2030y_SOC,cf_std,
Gambia,BRDC_Cold temperate moist_2030y_SOC,cf_std,
Gaza Strip,BRDC_Cold temperate moist_2030y_SOC,cf_std,
Georgia,BRDC_Cold temperate moist_2030y_SOC,cf_std,12.609821
Germany,BRDC_Cold temperate moist_2030y_SOC,cf_std,11.803108
Ghana,BRDC_Cold temperate moist_2030y_SOC,cf_std,
Gibraltar,BRDC_Cold temperate moist_2030y_SOC,cf_std,
Glorioso Island,BRDC_Cold temperate moist_2030y_SOC,cf_std,
Greece,BRDC_Cold temperate moist_2030y_SOC,cf_std,7.0150247
Greenland,BRDC_Cold temperate moist_2030y_SOC,cf_std,
Grenada,BRDC_Cold temperate moist_2030y_SOC,cf_std,
Guadeloupe,BRDC_Cold temperate moist_2030y_SOC,cf_std,
Guam,BRDC_Cold temperate moist_2030y_SOC,cf_std,
Guatemala,BRDC_Cold temperate moist_2030y_SOC,cf_std,
Guernsey,BRDC_Cold temperate moist_2030y_SOC,cf_std,
Guinea,BRDC_Cold temperate moist_2030y_SOC,cf_std,
Guinea-Bissau,BRDC_Cold temperate moist_2030y_SOC,cf_std,
Guyana,BRDC_Cold temperate moist_2030y_SOC,cf_std,
Haiti,BRDC_Cold temperate moist_2030y_SOC,cf_std,
Hala'ib triangle,BRDC_Cold temperate moist_2030y_SOC,cf_std,
Heard Island and McDonald Islands,BRDC_Cold temperate moist_2030y_SOC,cf_std,
Holy See,BRDC_Cold temperate moist_2030y_SOC,cf_std,
Honduras,BRDC_Cold temperate moist_2030y_SOC,cf_std,
Hong Kong,BRDC_Cold temperate moist_2030y_SOC,cf_std,
Howland Island,BRDC_Cold temperate moist_2030y_SOC,cf_std,
Hungary,BRDC_Cold temperate moist_2030y_SOC,cf_std,9.49744
Iceland,BRDC_Cold temperate moist_2030y_SOC,cf_std,0.0
Ilemi triangle,BRDC_Cold temperate moist_2030y_SOC,cf_std,
India,BRDC_Cold temperate moist_2030y_SOC,cf_std,
Indonesia,BRDC_Cold temperate moist_2030y_SOC,cf_std,
Iran  (Islamic Republic of),BRDC_Cold temperate moist_2030y_SOC,cf_std,
Iraq,BRDC_Cold temperate moist_2030y_SOC,cf_std,
Ireland,BRDC_Cold temperate moist_2030y_SOC,cf_std,39.104855
Isle of Man,BRDC_Cold temperate moist_2030y_SOC,cf_std,
Israel,BRDC_Cold temperate moist_2030y_SOC,cf_std,
Italy,BRDC_Cold temperate moist_2030y_SOC,cf_std,22.679796
Jamaica,BRDC_Cold temperate moist_2030y_SOC,cf_std,
Jammu and Kashmir,BRDC_Cold temperate moist_2030y_SOC,cf_std,
Japan,BRDC_Cold temperate moist_2030y_SOC,cf_std,53.699154
Jarvis Island,BRDC_Cold temperate moist_2030y_SOC,cf_std,
Jersey,BRDC_Cold temperate moist_2030y_SOC,cf_std,
Johnston Atoll,BRDC_Cold temperate moist_2030y_SOC,cf_std,
Jordan,BRDC_Cold temperate moist_2030y_SOC,cf_std,
Juan de Nova Island,BRDC_Cold temperate moist_2030y_SOC,cf_std,
Kazakhstan,BRDC_Cold temperate moist_2030y_SOC,cf_std,21.47663
Kenya,BRDC_Cold temperate moist_2030y_SOC,cf_std,
Kingman Reef,BRDC_Cold temperate moist_2030y_SOC,cf_std,
Kiribati,BRDC_Cold temperate moist_2030y_SOC,cf_std,
Kuril islands,BRDC_Cold temperate moist_2030y_SOC,cf_std,
Kuwait,BRDC_Cold temperate moist_2030y_SOC,cf_std,
Kyrgyzstan,BRDC_Cold temperate moist_2030y_SOC,cf_std,24.819403
Lao People's Democratic Republic,BRDC_Cold temperate moist_2030y_SOC,cf_std,
Latvia,BRDC_Cold temperate moist_2030y_SOC,cf_std,9.491187
Lebanon,BRDC_Cold temperate moist_2030y_SOC,cf_std,
Lesotho,BRDC_Cold temperate moist_2030y_SOC,cf_std,
Liberia,BRDC_Cold temperate moist_2030y_SOC,cf_std,
Libya,BRDC_Cold temperate moist_2030y_SOC,cf_std,
Liechtenstein,BRDC_Cold temperate moist_2030y_SOC,cf_std,4.4997334
Lithuania,BRDC_Cold temperate moist_2030y_SOC,cf_std,11.474359
Luxembourg,BRDC_Cold temperate moist_2030y_SOC,cf_std,2.673376
Ma'tan al-Sarra,BRDC_Cold temperate moist_2030y_SOC,cf_std,
Macau,BRDC_Cold temperate moist_2030y_SOC,cf_std,
Madagascar,BRDC_Cold temperate moist_2030y_SOC,cf_std,
Madeira Islands,BRDC_Cold temperate moist_2030y_SOC,cf_std,
Malawi,BRDC_Cold temperate moist_2030y_SOC,cf_std,
Malaysia,BRDC_Cold temperate moist_2030y_SOC,cf_std,
Maldives,BRDC_Cold temperate moist_2030y_SOC,cf_std,
Mali,BRDC_Cold temperate moist_2030y_SOC,cf_std,
Malta,BRDC_Cold temperate moist_2030y_SOC,cf_std,
Marshall Islands,BRDC_Cold temperate moist_2030y_SOC,cf_std,
Martinique,BRDC_Cold temperate moist_2030y_SOC,cf_std,
Mauritania,BRDC_Cold temperate moist_2030y_SOC,cf_std,
Mauritius,BRDC_Cold temperate moist_2030y_SOC,cf_std,
Mayotte,BRDC_Cold temperate moist_2030y_SOC,cf_std,
Mexico,BRDC_Cold temperate moist_2030y_SOC,cf_std,
Micronesia (Federated States of),BRDC_Cold temperate moist_2030y_SOC,cf_std,
Midway Island,BRDC_Cold temperate moist_2030y_SOC,cf_std,
"Moldova, Republic of",BRDC_Cold temperate moist_2030y_SOC,cf_std,7.34653
Monaco,BRDC_Cold temperate moist_2030y_SOC,cf_std,
Mongolia,BRDC_Cold temperate moist_2030y_SOC,cf_std,22.21917
Montenegro,BRDC_Cold temperate moist_2030y_SOC,cf_std,4.623505
Montserrat,BRDC_Cold temperate moist_2030y_SOC,cf_std,
Morocco,BRDC_Cold temperate moist_2030y_SOC,cf_std,
Mozambique,BRDC_Cold temperate moist_2030y_SOC,cf_std,
Myanmar,BRDC_Cold temperate moist_2030y_SOC,cf_std,
Namibia,BRDC_Cold temperate moist_2030y_SOC,cf_std,
Nauru,BRDC_Cold temperate moist_2030y_SOC,cf_std,
Navassa Island,BRDC_Cold temperate moist_2030y_SOC,cf_std,
Nepal,BRDC_Cold temperate moist_2030y_SOC,cf_std,
Netherlands,BRDC_Cold temperate moist_2030y_SOC,cf_std,59.49193
Netherlands Antilles,BRDC_Cold temperate moist_2030y_SOC,cf_std,
New Caledonia,BRDC_Cold temperate moist_2030y_SOC,cf_std,
New Zealand,BRDC_Cold temperate moist_2030y_SOC,cf_std,25.331354
Nicaragua,BRDC_Cold temperate moist_2030y_SOC,cf_std,
Niger,BRDC_Cold temperate moist_2030y_SOC,cf_std,
Nigeria,BRDC_Cold temperate moist_2030y_SOC,cf_std,
Niue,BRDC_Cold temperate moist_2030y_SOC,cf_std,
Norfolk Island,BRDC_Cold temperate moist_2030y_SOC,cf_std,
Northern Mariana Islands,BRDC_Cold temperate moist_2030y_SOC,cf_std,
Norway,BRDC_Cold temperate moist_2030y_SOC,cf_std,19.127932
Oman,BRDC_Cold temperate moist_2030y_SOC,cf_std,
Pakistan,BRDC_Cold temperate moist_2030y_SOC,cf_std,
Palau,BRDC_Cold temperate moist_2030y_SOC,cf_std,
Palmyra Atoll,BRDC_Cold temperate moist_2030y_SOC,cf_std,
Panama,BRDC_Cold temperate moist_2030y_SOC,cf_std,
Papua New Guinea,BRDC_Cold temperate moist_2030y_SOC,cf_std,
Paracel Islands,BRDC_Cold temperate moist_2030y_SOC,cf_std,
Paraguay,BRDC_Cold temperate moist_2030y_SOC,cf_std,
Peru,BRDC_Cold temperate moist_2030y_SOC,cf_std,
Philippines,BRDC_Cold temperate moist_2030y_SOC,cf_std,
Pitcairn,BRDC_Cold temperate moist_2030y_SOC,cf_std,
Poland,BRDC_Cold temperate moist_2030y_SOC,cf_std,9.120964
Portugal,BRDC_Cold temperate moist_2030y_SOC,cf_std,
Puerto Rico,BRDC_Cold temperate moist_2030y_SOC,cf_std,
Qatar,BRDC_Cold temperate moist_2030y_SOC,cf_std,
Republic of Korea,BRDC_Cold temperate moist_2030y_SOC,cf_std,55.588974
Romania,BRDC_Cold temperate moist_2030y_SOC,cf_std,8.416999
Russian Federation,BRDC_Cold temperate moist_2030y_SOC,cf_std,25.295988
Rwanda,BRDC_Cold temperate moist_2030y_SOC,cf_std,
Réunion,BRDC_Cold temperate moist_2030y_SOC,cf_std,
Saint Helena,BRDC_Cold temperate moist_2030y_SOC,cf_std,
Saint Kitts and Nevis,BRDC_Cold temperate moist_2030y_SOC,cf_std,
Saint Lucia,BRDC_Cold temperate moist_2030y_SOC,cf_std,
Saint Pierre et Miquelon,BRDC_Cold temperate moist_2030y_SOC,cf_std,
Saint Vincent and the Grenadines,BRDC_Cold temperate moist_2030y_SOC,cf_std,
Samoa,BRDC_Cold temperate moist_2030y_SOC,cf_std,
San Marino,BRDC_Cold temperate moist_2030y_SOC,cf_std,
Sao Tome and Principe,BRDC_Cold temperate moist_2030y_SOC,cf_std,
Saudi Arabia,BRDC_Cold temperate moist_2030y_SOC,cf_std,
Scarborough Reef,BRDC_Cold temperate moist_2030y_SOC,cf_std,
Senegal,BRDC_Cold temperate moist_2030y_SOC,cf_std,
Senkaku Islands,BRDC_Cold temperate moist_2030y_SOC,cf_std,
Serbia,BRDC_Cold temperate moist_2030y_SOC,cf_std,10.9795885
Seychelles,BRDC_Cold temperate moist_2030y_SOC,cf_std,
Sierra Leone,BRDC_Cold temperate moist_2030y_SOC,cf_std,
Singapore,BRDC_Cold temperate moist_2030y_SOC,cf_std,
Slovakia,BRDC_Cold temperate moist_2030y_SOC,cf_std,7.2593956
Slovenia,BRDC_Cold temperate moist_2030y_SOC,cf_std,15.670363
Solomon Islands,BRDC_Cold temperate moist_2030y_SOC,cf_std,
Somalia,BRDC_Cold temperate moist_2030y_SOC,cf_std,
South Africa,BRDC_Cold temperate moist_2030y_SOC,cf_std,
South Georgia and the South Sandwich Islands,BRDC_Cold temperate moist_2030y_SOC,cf_std,
South Sudan,BRDC_Cold temperate moist_2030y_SOC,cf_std,
Spain,BRDC_Cold temperate moist_2030y_SOC,cf_std,
Spratly Islands,BRDC_Cold temperate moist_2030y_SOC,cf_std,
Sri Lanka,BRDC_Cold temperate moist_2030y_SOC,cf_std,
Sudan,BRDC_Cold temperate moist_2030y_SOC,cf_std,
Suriname,BRDC_Cold temperate moist_2030y_SOC,cf_std,
Svalbard and Jan Mayen Islands,BRDC_Cold temperate moist_2030y_SOC,cf_std,
Swaziland,BRDC_Cold temperate moist_2030y_SOC,cf_std,
Sweden,BRDC_Cold temperate moist_2030y_SOC,cf_std,20.151876
Switzerland,BRDC_Cold temperate moist_2030y_SOC,cf_std,12.823312
Syrian Arab Republic,BRDC_Cold temperate moist_2030y_SOC,cf_std,
Taiwan,BRDC_Cold temperate moist_2030y_SOC,cf_std,
Tajikistan,BRDC_Cold temperate moist_2030y_SOC,cf_std,28.356434
Thailand,BRDC_Cold temperate moist_2030y_SOC,cf_std,
The former Yugoslav Republic of Macedonia,BRDC_Cold temperate moist_2030y_SOC,cf_std,11.821838
Timor-Leste,BRDC_Cold temperate moist_2030y_SOC,cf_std,
Togo,BRDC_Cold temperate moist_2030y_SOC,cf_std,
Tokelau,BRDC_Cold temperate moist_2030y_SOC,cf_std,
Tonga,BRDC_Cold temperate moist_2030y_SOC,cf_std,
Trinidad and Tobago,BRDC_Cold temperate moist_2030y_SOC,cf_std,
Tromelin Island,BRDC_Cold temperate moist_2030y_SOC,cf_std,
Tunisia,BRDC_Cold temperate moist_2030y_SOC,cf_std,
Turkey,BRDC_Cold temperate moist_2030y_SOC,cf_std,19.16702
Turkmenistan,BRDC_Cold temperate moist_2030y_SOC,cf_std,23.881706
Turks and Caicos islands,BRDC_Cold temperate moist_2030y_SOC,cf_std,
Tuvalu,BRDC_Cold temperate moist_2030y_SOC,cf_std,
U.K. of Great Britain and Northern Ireland,BRDC_Cold temperate moist_2030y_SOC,cf_std,35.082645
Uganda,BRDC_Cold temperate moist_2030y_SOC,cf_std,
Ukraine,BRDC_Cold temperate moist_2030y_SOC,cf_std,13.538939
United Arab Emirates,BRDC_Cold temperate moist_2030y_SOC,cf_std,
United Republic of Tanzania,BRDC_Cold temperate moist_2030y_SOC,cf_std,
United States Virgin Islands,BRDC_Cold temperate moist_2030y_SOC,cf_std,
United States of America,BRDC_Cold temperate moist_2030y_SOC,cf_std,33.144684
Uruguay,BRDC_Cold temperate moist_2030y_SOC,cf_std,
Uzbekistan,BRDC_Cold temperate moist_2030y_SOC,cf_std,19.60844
Vanuatu,BRDC_Cold temperate moist_2030y_SOC,cf_std,
Venezuela,BRDC_Cold temperate moist_2030y_SOC,cf_std,
Viet Nam,BRDC_Cold temperate moist_2030y_SOC,cf_std,
Wake Island,BRDC_Cold temperate moist_2030y_SOC,cf_std,
Wallis and Futuna,BRDC_Cold temperate moist_2030y_SOC,cf_std,
West Bank,BRDC_Cold temperate moist_2030y_SOC,cf_std,
Western Sahara,BRDC_Cold temperate moist_2030y_SOC,cf_std,
Yemen,BRDC_Cold temperate moist_2030y_SOC,cf_std,
Zambia,BRDC_Cold temperate moist_2030y_SOC,cf_std,
Zimbabwe,BRDC_Cold temperate moist_2030y_SOC,cf_std,
Abyei,BRDC_Tropical_2030y_SOC,cf_mean,66.85403
Afghanistan,BRDC_Tropical_2030y_SOC,cf_mean,
Aksai Chin,BRDC_Tropical_2030y_SOC,cf_mean,
Albania,BRDC_Tropical_2030y_SOC,cf_mean,
Algeria,BRDC_Tropical_2030y_SOC,cf_mean,
American Samoa,BRDC_Tropical_2030y_SOC,cf_mean,
Andorra,BRDC_Tropical_2030y_SOC,cf_mean,
Angola,BRDC_Tropical_2030y_SOC,cf_mean,62.736286
Anguilla,BRDC_Tropical_2030y_SOC,cf_mean,
Antarctica,BRDC_Tropical_2030y_SOC,cf_mean,
Antigua and Barbuda,BRDC_Tropical_2030y_SOC,cf_mean,
Argentina,BRDC_Tropical_2030y_SOC,cf_mean,105.23709
Armenia,BRDC_Tropical_2030y_SOC,cf_mean,
Aruba,BRDC_Tropical_2030y_SOC,cf_mean,
Arunachal Pradesh,BRDC_Tropical_2030y_SOC,cf_mean,134.5365
Ashmore and Cartier Islands,BRDC_Tropical_2030y_SOC,cf_mean,
Australia,BRDC_Tropical_2030y_SOC,cf_mean,87.64085
Austria,BRDC_Tropical_2030y_SOC,cf_mean,
Azerbaijan,BRDC_Tropical_2030y_SOC,cf_mean,
Azores Islands,BRDC_Tropical_2030y_SOC,cf_mean,
Bahamas,BRDC_Tropical_2030y_SOC,cf_mean,216.25572
Bahrain,BRDC_Tropical_2030y_SOC,cf_mean,
Baker Island,BRDC_Tropical_2030y_SOC,cf_mean,
Bangladesh,BRDC_Tropical_2030y_SOC,cf_mean,56.720882
Barbados,BRDC_Tropical_2030y_SOC,cf_mean,
Bassas da India,BRDC_Tropical_2030y_SOC,cf_mean,
Belarus,BRDC_Tropical_2030y_SOC,cf_mean,
Belgium,BRDC_Tropical_2030y_SOC,cf_mean,
Belize,BRDC_Tropical_2030y_SOC,cf_mean,83.36604
Benin,BRDC_Tropical_2030y_SOC,cf_mean,43.225784
Bermuda,BRDC_Tropical_2030y_SOC,cf_mean,
Bhutan,BRDC_Tropical_2030y_SOC,cf_mean,
Bird Island,BRDC_Tropical_2030y_SOC,cf_mean,
Bolivia,BRDC_Tropical_2030y_SOC,cf_mean,87.00961
Bosnia and Herzegovina,BRDC_Tropical_2030y_SOC,cf_mean,
Botswana,BRDC_Tropical_2030y_SOC,cf_mean,62.62157
Bouvet Island,BRDC_Tropical_2030y_SOC,cf_mean,
Brazil,BRDC_Tropical_2030y_SOC,cf_mean,68.16211
British Indian Ocean Territory,BRDC_Tropical_2030y_SOC,cf_mean,
British Virgin Islands,BRDC_Tropical_2030y_SOC,cf_mean,
Brunei Darussalam,BRDC_Tropical_2030y_SOC,cf_mean,75.1171
Bulgaria,BRDC_Tropical_2030y_SOC,cf_mean,
Burkina Faso,BRDC_Tropical_2030y_SOC,cf_mean,46.983917
Burundi,BRDC_Tropical_2030y_SOC,cf_mean,81.01088
Cambodia,BRDC_Tropical_2030y_SOC,cf_mean,76.048134
Cameroon,BRDC_Tropical_2030y_SOC,cf_mean,74.81138
Canada,BRDC_Tropical_2030y_SOC,cf_mean,
Cape Verde,BRDC_Tropical_2030y_SOC,cf_mean,
Cayman Islands,BRDC_Tropical_2030y_SOC,cf_mean,
Central African Republic,BRDC_Tropical_2030y_SOC,cf_mean,58.540825
Chad,BRDC_Tropical_2030y_SOC,cf_mean,54.91673
Chile,BRDC_Tropical_2030y_SOC,cf_mean,112.49899
China,BRDC_Tropical_2030y_SOC,cf_mean,110.55808
China/India,BRDC_Tropical_2030y_SOC,cf_mean,
Christmas Island,BRDC_Tropical_2030y_SOC,cf_mean,
Clipperton Island,BRDC_Tropical_2030y_SOC,cf_mean,
Cocos (Keeling) Islands,BRDC_Tropical_2030y_SOC,cf_mean,
Colombia,BRDC_Tropical_2030y_SOC,cf_mean,84.00877
Comoros,BRDC_Tropical_2030y_SOC,cf_mean,
Congo,BRDC_Tropical_2030y_SOC,cf_mean,73.26688
Cook Islands,BRDC_Tropical_2030y_SOC,cf_mean,
Costa Rica,BRDC_Tropical_2030y_SOC,cf_mean,120.64282
Croatia,BRDC_Tropical_2030y_SOC,cf_mean,
Cuba,BRDC_Tropical_2030y_SOC,cf_mean,94.9413
Cyprus,BRDC_Tropical_2030y_SOC,cf_mean,
Czech Republic,BRDC_Tropical_2030y_SOC,cf_mean,
Côte d'Ivoire,BRDC_Tropical_2030y_SOC,cf_mean,54.18015
Dem People's Rep of Korea,BRDC_Tropical_2030y_SOC,cf_mean,
Democratic Republic of the Congo,BRDC_Tropical_2030y_SOC,cf_mean,67.728264
Denmark,BRDC_Tropical_2030y_SOC,cf_mean,
Djibouti,BRDC_Tropical_2030y_SOC,cf_mean,75.564415
Dominica,BRDC_Tropical_2030y_SOC,cf_mean,
Dominican Republic,BRDC_Tropical_2030y_SOC,cf_mean,101.41912
Ecuador,BRDC_Tropical_2030y_SOC,cf_mean,103.54143
Egypt,BRDC_Tropical_2030y_SOC,cf_mean,
El Salvador,BRDC_Tropical_2030y_SOC,cf_mean,78.92745
Equatorial Guinea,BRDC_Tropical_2030y_SOC,cf_mean,111.30406
Eritrea,BRDC_Tropical_2030y_SOC,cf_mean,78.95396
Estonia,BRDC_Tropical_2030y_SOC,cf_mean,
Ethiopia,BRDC_Tropical_2030y_SOC,cf_mean,87.37409
Europa Island,BRDC_Tropical_2030y_SOC,cf_mean,
Falkland Islands (Malvinas),BRDC_Tropical_2030y_SOC,cf_mean,
Faroe Islands,BRDC_Tropical_2030y_SOC,cf_mean,
Fiji,BRDC_Tropical_2030y_SOC,cf_mean,
Finland,BRDC_Tropical_2030y_SOC,cf_mean,
France,BRDC_Tropical_2030y_SOC,cf_mean,
French Guiana,BRDC_Tropical_2030y_SOC,cf_mean,90.55911
French Polynesia,BRDC_Tropical_2030y_SOC,cf_mean,
French Southern and Antarctic Territories,BRDC_Tropical_2030y_SOC,cf_mean,
Gabon,BRDC_Tropical_2030y_SOC,cf_mean,84.55606
Gambia,BRDC_Tropical_2030y_SOC,cf_mean,54.23888
Gaza Strip,BRDC_Tropical_2030y_SOC,cf_mean,
Georgia,BRDC_Tropical_2030y_SOC,cf_mean,
Germany,BRDC_Tropical_2030y_SOC,cf_mean,
Ghana,BRDC_Tropical_2030y_SOC,cf_mean,53.68978
Gibraltar,BRDC_Tropical_2030y_SOC,cf_mean,
Glorioso Island,BRDC_Tropical_2030y_SOC,cf_mean,
Greece,BRDC_Tropical_2030y_SOC,cf_mean,
Greenland,BRDC_Tropical_2030y_SOC,cf_mean,
Grenada,BRDC_Tropical_2030y_SOC,cf_mean,
Guadeloupe,BRDC_Tropical_2030y_SOC,cf_mean,
Guam,BRDC_Tropical_2030y_SOC,cf_mean,
Guatemala,BRDC_Tropical_2030y_SOC,cf_mean,88.29675
Guernsey,BRDC_Tropical_2030y_SOC,cf_mean,
Guinea,BRDC_Tropical_2030y_SOC,cf_mean,61.034595
Guinea-Bissau,BRDC_Tropical_2030y_SOC,cf_mean,57.54593
Guyana,BRDC_Tropical_2030y_SOC,cf_mean,77.990265
Haiti,BRDC_Tropical_2030y_SOC,cf_mean,95.77692
Hala'ib triangle,BRDC_Tropical_2030y_SOC,cf_mean,65.77027
Heard Island and McDonald Islands,BRDC_Tropical_2030y_SOC,cf_mean,
Holy See,BRDC_Tropical_2030y_SOC,cf_mean,
Honduras,BRDC_Tropical_2030y_SOC,cf_mean,87.00817
Hong Kong,BRDC_Tropical_2030y_SOC,cf_mean,
Howland Island,BRDC_Tropical_2030y_SOC,cf_mean,
Hungary,BRDC_Tropical_2030y_SOC,cf_mean,
Iceland,BRDC_Tropical_2030y_SOC,cf_mean,
Ilemi triangle,BRDC_Tropical_2030y_SOC,cf_mean,121.47615
India,BRDC_Tropical_2030y_SOC,cf_mean,79.03096
Indonesia,BRDC_Tropical_2030y_SOC,cf_mean,108.051414
Iran  (Islamic Republic of),BRDC_Tropical_2030y_SOC,cf_mean,94.950745
Iraq,BRDC_Tropical_2030y_SOC,cf_mean,
Ireland,BRDC_Tropical_2030y_SOC,cf_mean,
Isle of Man,BRDC_Tropical_2030y_SOC,cf_mean,
Israel,BRDC_Tropical_2030y_SOC,cf_mean,
Italy,BRDC_Tropical_2030y_SOC,cf_mean,
Jamaica,BRDC_Tropical_2030y_SOC,cf_mean,286.93045
Jammu and Kashmir,BRDC_Tropical_2030y_SOC,cf_mean,
Japan,BRDC_Tropical_2030y_SOC,cf_mean,
Jarvis Island,BRDC_Tropical_2030y_SOC,cf_mean,
Jersey,BRDC_Tropical_2030y_SOC,cf_mean,
Johnston Atoll,BRDC_Tropical_2030y_SOC,cf_mean,
Jordan,BRDC_Tropical_2030y_SOC,cf_mean,
Juan de Nova Island,BRDC_Tropical_2030y_SOC,cf_mean,
Kazakhstan,BRDC_Tropical_2030y_SOC,cf_mean,
Kenya,BRDC_Tropical_2030y_SOC,cf_mean,88.929504
Kingman Reef,BRDC_Tropical_2030y_SOC,cf_mean,
Kiribati,BRDC_Tropical_2030y_SOC,cf_mean,
Kuril islands,BRDC_Tropical_2030y_SOC,cf_mean,
Kuwait,BRDC_Tropical_2030y_SOC,cf_mean,
Kyrgyzstan,BRDC_Tropical_2030y_SOC,cf_mean,
Lao People's Democratic Republic,BRDC_Tropical_2030y_SOC,cf_mean,83.052444
Latvia,BRDC_Tropical_2030y_SOC,cf_mean,
Lebanon,BRDC_Tropical_2030y_SOC,cf_mean,
Lesotho,BRDC_Tropical_2030y_SOC,cf_mean,
Liberia,BRDC_Tropical_2030y_SOC,cf_mean,82.34176
Libya,BRDC_Tropical_2030y_SOC,cf_mean,
Liechtenstein,BRDC_Tropical_2030y_SOC,cf_mean,
Lithuania,BRDC_Tropical_2030y_SOC,cf_mean,
Luxembourg,BRDC_Tropical_2030y_SOC,cf_mean,
Ma'tan al-Sarra,BRDC_Tropical_2030y_SOC,cf_mean,
Macau,BRDC_Tropical_2030y_SOC,cf_mean,
Madagascar,BRDC_Tropical_2030y_SOC,cf_mean,82.53613
Madeira Islands,BRDC_Tropical_2030y_SOC,cf_mean,
Malawi,BRDC_Tropical_2030y_SOC,cf_mean,78.09391
Malaysia,BRDC_Tropical_2030y_SOC,cf_mean,91.432816
Maldives,BRDC_Tropical_2030y_SOC,cf_mean,
Mali,BRDC_Tropical_2030y_SOC,cf_mean,51.7131
Malta,BRDC_Tropical_2030y_SOC,cf_mean,
Marshall Islands,BRDC_Tropical_2030y_SOC,cf_mean,
Martinique,BRDC_Tropical_2030y_SOC,cf_mean,
Mauritania,BRDC_Tropical_2030y_SOC,cf_mean,48.669605
Mauritius,BRDC_Tropical_2030y_SOC,cf_mean,
Mayotte,BRDC_Tropical_2030y_SOC,cf_mean,
Mexico,BRDC_Tropical_2030y_SOC,cf_mean,68.13354
Micronesia (Federated States of),BRDC_Tropical_2030y_SOC,cf_mean,
Midway Island,BRDC_Tropical_2030y_SOC,cf_mean,
"Moldova, Republic of",BRDC_Tropical_2030y_SOC,cf_mean,
Monaco,BRDC_Tropical_2030y_SOC,cf_mean,
Mongolia,BRDC_Tropical_2030y_SOC,cf_mean,
Montenegro,BRDC_Tropical_2030y_SOC,cf_mean,
Montserrat,BRDC_Tropical_2030y_SOC,cf_mean,
Morocco,BRDC_Tropical_2030y_SOC,cf_mean,
Mozambique,BRDC_Tropical_2030y_SOC,cf_mean,75.668076
Myanmar,BRDC_Tropical_2030y_SOC,cf_mean,98.12008
Namibia,BRDC_Tropical_2030y_SOC,cf_mean,63.633858
Nauru,BRDC_Tropical_2030y_SOC,cf_mean,
Navassa Island,BRDC_Tropical_2030y_SOC,cf_mean,
Nepal,BRDC_Tropical_2030y_SOC,cf_mean,
Netherlands,BRDC_Tropical_2030y_SOC,cf_mean,
Netherlands Antilles,BRDC_Tropical_2030y_SOC,cf_mean,
New Caledonia,BRDC_Tropical_2030y_SOC,cf_mean,
New Zealand,BRDC_Tropical_2030y_SOC,cf_mean,
Nicaragua,BRDC_Tropical_2030y_SOC,cf_mean,94.418396
Niger,BRDC_Tropical_2030y_SOC,cf_mean,49.358982
Nigeria,BRDC_Tropical_2030y_SOC,cf_mean,49.211895
Niue,BRDC_Tropical_2030y_SOC,cf_mean,
Norfolk Island,BRDC_Tropical_2030y_SOC,cf_mean,
Northern Mariana Islands,BRDC_Tropical_2030y_SOC,cf_mean,
Norway,BRDC_Tropical_2030y_SOC,cf_mean,
Oman,BRDC_Tropical_2030y_SOC,cf_mean,
Pakistan,BRDC_Tropical_2030y_SOC,cf_mean,98.58249
Palau,BRDC_Tropical_2030y_SOC,cf_mean,
Palmyra Atoll,BRDC_Tropical_2030y_SOC,cf_mean,
Panama,BRDC_Tropical_2030y_SOC,cf_mean,110.182396
Papua New Guinea,BRDC_Tropical_2030y_SOC,cf_mean,114.08682
Paracel Islands,BRDC_Tropical_2030y_SOC,cf_mean,
Paraguay,BRDC_Tropical_2030y_SOC,cf_mean,73.72385
Peru,BRDC_Tropical_2030y_SOC,cf_mean,99.342354
Philippines,BRDC_Tropical_2030y_SOC,cf_mean,151.96225
Pitcairn,BRDC_Tropical_2030y_SOC,cf_mean,
Poland,BRDC_Tropical_2030y_SOC,cf_mean,
Portugal,BRDC_Tropical_2030y_SOC,cf_mean,
Puerto Rico,BRDC_Tropical_2030y_SOC,cf_mean,289.01514
Qatar,BRDC_Tropical_2030y_SOC,cf_mean,
Republic of Korea,BRDC_Tropical_2030y_SOC,cf_mean,
Romania,BRDC_Tropical_2030y_SOC,cf_mean,
Russian Federation,BRDC_Tropical_2030y_SOC,cf_mean,
Rwanda,BRDC_Tropical_2030y_SOC,cf_mean,95.26385
Réunion,BRDC_Tropical_2030y_SOC,cf_mean,
Saint Helena,BRDC_Tropical_2030y_SOC,cf_mean,
Saint Kitts and Nevis,BRDC_Tropical_2030y_SOC,cf_mean,
Saint Lucia,BRDC_Tropical_2030y_SOC,cf_mean,
Saint Pierre et Miquelon,BRDC_Tropical_2030y_SOC,cf_mean,
Saint Vincent and the Grenadines,BRDC_Tropical_2030y_SOC,cf_mean,
Samoa,BRDC_Tropical_2030y_SOC,cf_mean,
San Marino,BRDC_Tropical_2030y_SOC,cf_mean,
Sao Tome and Principe,BRDC_Tropical_2030y_SOC,cf_mean,
Saudi Arabia,BRDC_Tropical_2030y_SOC,cf_mean,62.51895
Scarborough Reef,BRDC_Tropical_2030y_SOC,cf_mean,
Senegal,BRDC_Tropical_2030y_SOC,cf_mean,58.85975
Senkaku Islands,BRDC_Tropical_2030y_SOC,cf_mean,
Serbia,BRDC_Tropical_2030y_SOC,cf_mean,
Seychelles,BRDC_Tropical_2030y_SOC,cf_mean,
Sierra Leone,BRDC_Tropical_2030y_SOC,cf_mean,76.899765
Singapore,BRDC_Tropical_2030y_SOC,cf_mean,75.39161
Slovakia,BRDC_Tropical_2030y_SOC,cf_mean,
Slovenia,BRDC_Tropical_2030y_SOC,cf_mean,
Solomon Islands,BRDC_Tropical_2030y_SOC,cf_mean,
Somalia,BRDC_Tropical_2030y_SOC,cf_mean,80.39474
South Africa,BRDC_Tropical_2030y_SOC,cf_mean,96.887825
South Georgia and the South Sandwich Islands,BRDC_Tropical_2030y_SOC,cf_mean,
South Sudan,BRDC_Tropical_2030y_SOC,cf_mean,59.933628
Spain,BRDC_Tropical_2030y_SOC,cf_mean,
Spratly Islands,BRDC_Tropical_2030y_SOC,cf_mean,
Sri Lanka,BRDC_Tropical_2030y_SOC,cf_mean,96.41507
Sudan,BRDC_Tropical_2030y_SOC,cf_mean,58.23368
Suriname,BRDC_Tropical_2030y_SOC,cf_mean,72.19668
Svalbard and Jan Mayen Islands,BRDC_Tropical_2030y_SOC,cf_mean,
Swaziland,BRDC_Tropical_2030y_SOC,cf_mean,94.54259
Sweden,BRDC_Tropical_2030y_SOC,cf_mean,
Switzerland,BRDC_Tropical_2030y_SOC,cf_mean,
Syrian Arab Republic,BRDC_Tropical_2030y_SOC,cf_mean,
Taiwan,BRDC_Tropical_2030y_SOC,cf_mean,115.18042
Tajikistan,BRDC_Tropical_2030y_SOC,cf_mean,
Thailand,BRDC_Tropical_2030y_SOC,cf_mean,77.72239
The former Yugoslav Republic of Macedonia,BRDC_Tropical_2030y_SOC,cf_mean,
Timor-Leste,BRDC_Tropical_2030y_SOC,cf_mean,259.76013
Togo,BRDC_Tropical_2030y_SOC,cf_mean,47.60402
Tokelau,BRDC_Tropical_2030y_SOC,cf_mean,
Tonga,BRDC_Tropical_2030y_SOC,cf_mean,
Trinidad and Tobago,BRDC_Tropical_2030y_SOC,cf_mean,274.90686
Tromelin Island,BRDC_Tropical_2030y_SOC,cf_mean,
Tunisia,BRDC_Tropical_2030y_SOC,cf_mean,
Turkey,BRDC_Tropical_2030y_SOC,cf_mean,
Turkmenistan,BRDC_Tropical_2030y_SOC,cf_mean,
Turks and Caicos islands,BRDC_Tropical_2030y_SOC,cf_mean,
Tuvalu,BRDC_Tropical_2030y_SOC,cf_mean,
U.K. of Great Britain and Northern Ireland,BRDC_Tropical_2030y_SOC,cf_mean,
Uganda,BRDC_Tropical_2030y_SOC,cf_mean,73.00309
Ukraine,BRDC_Tropical_2030y_SOC,cf_mean,
United Arab Emirates,BRDC_Tropical_2030y_SOC,cf_mean,
United Republic of Tanzania,BRDC_Tropical_2030y_SOC,cf_mean,75.36619
United States Virgin Islands,BRDC_Tropical_2030y_SOC,cf_mean,
United States of America,BRDC_Tropical_2030y_SOC,cf_mean,119.44987
Uruguay,BRDC_Tropical_2030y_SOC,cf_mean,
Uzbekistan,BRDC_Tropical_2030y_SOC,cf_mean,
Vanuatu,BRDC_Tropical_2030y_SOC,cf_mean,
Venezuela,BRDC_Tropical_2030y_SOC,cf_mean,73.70341
Viet Nam,BRDC_Tropical_2030y_SOC,cf_mean,88.92817
Wake Island,BRDC_Tropical_2030y_SOC,cf_mean,
Wallis and Futuna,BRDC_Tropical_2030y_SOC,cf_mean,
West Bank,BRDC_Tropical_2030y_SOC,cf_mean,
Western Sahara,BRDC_Tropical_2030y_SOC,cf_mean,
Yemen,BRDC_Tropical_2030y_SOC,cf_mean,65.42383
Zambia,BRDC_Tropical_2030y_SOC,cf_mean,73.06719
Zimbabwe,BRDC_Tropical_2030y_SOC,cf_mean,88.77946
Abyei,BRDC_Tropical_2030y_SOC,cf_median,66.32742
Afghanistan,BRDC_Tropical_2030y_SOC,cf_median,
Aksai Chin,BRDC_Tropical_2030y_SOC,cf_median,
Albania,BRDC_Tropical_2030y_SOC,cf_median,
Algeria,BRDC_Tropical_2030y_SOC,cf_median,
American Samoa,BRDC_Tropical_2030y_SOC,cf_median,
Andorra,BRDC_Tropical_2030y_SOC,cf_median,
Angola,BRDC_Tropical_2030y_SOC,cf_median,54.118565
Anguilla,BRDC_Tropical_2030y_SOC,cf_median,
Antarctica,BRDC_Tropical_2030y_SOC,cf_median,
Antigua and Barbuda,BRDC_Tropical_2030y_SOC,cf_median,
Argentina,BRDC_Tropical_2030y_SOC,cf_median,103.28654
Armenia,BRDC_Tropical_2030y_SOC,cf_median,
Aruba,BRDC_Tropical_2030y_SOC,cf_median,
Arunachal Pradesh,BRDC_Tropical_2030y_SOC,cf_median,134.28806
Ashmore and Cartier Islands,BRDC_Tropical_2030y_SOC,cf_median,
Australia,BRDC_Tropical_2030y_SOC,cf_median,90.03735
Austria,BRDC_Tropical_2030y_SOC,cf_median,
Azerbaijan,BRDC_Tropical_2030y_SOC,cf_median,
Azores Islands,BRDC_Tropical_2030y_SOC,cf_median,
Bahamas,BRDC_Tropical_2030y_SOC,cf_median,204.87407
Bahrain,BRDC_Tropical_2030y_SOC,cf_median,
Baker Island,BRDC_Tropical_2030y_SOC,cf_median,
Bangladesh,BRDC_Tropical_2030y_SOC,cf_median,50.66802
Barbados,BRDC_Tropical_2030y_SOC,cf_median,
Bassas da India,BRDC_Tropical_2030y_SOC,cf_median,
Belarus,BRDC_Tropical_2030y_SOC,cf_median,
Belgium,BRDC_Tropical_2030y_SOC,cf_median,
Belize,BRDC_Tropical_2030y_SOC,cf_median,82.64351
Benin,BRDC_Tropical_2030y_SOC,cf_median,41.73137
Bermuda,BRDC_Tropical_2030y_SOC,cf_median,
Bhutan,BRDC_Tropical_2030y_SOC,cf_median,
Bird Island,BRDC_Tropical_2030y_SOC,cf_median,
Bolivia,BRDC_Tropical_2030y_SOC,cf_median,79.63242
Bosnia and Herzegovina,BRDC_Tropical_2030y_SOC,cf_median,
Botswana,BRDC_Tropical_2030y_SOC,cf_median,57.090076
Bouvet Island,BRDC_Tropical_2030y_SOC,cf_median,
Brazil,BRDC_Tropical_2030y_SOC,cf_median,70.707855
British Indian Ocean Territory,BRDC_Tropical_2030y_SOC,cf_median,
British Virgin Islands,BRDC_Tropical_2030y_SOC,cf_median,
Brunei Darussalam,BRDC_Tropical_2030y_SOC,cf_median,74.53004
Bulgaria,BRDC_Tropical_2030y_SOC,cf_median,
Burkina Faso,BRDC_Tropical_2030y_SOC,cf_median,46.789356
Burundi,BRDC_Tropical_2030y_SOC,cf_median,79.25095
Cambodia,BRDC_Tropical_2030y_SOC,cf_median,79.78166
Cameroon,BRDC_Tropical_2030y_SOC,cf_median,75.84431
Canada,BRDC_Tropical_2030y_SOC,cf_median,
Cape Verde,BRDC_Tropical_2030y_SOC,cf_median,
Cayman Islands,BRDC_Tropical_2030y_SOC,cf_median,
Central African Republic,BRDC_Tropical_2030y_SOC,cf_median,55.721466
Chad,BRDC_Tropical_2030y_SOC,cf_median,51.298885
Chile,BRDC_Tropical_2030y_SOC,cf_median,102.98185
China,BRDC_Tropical_2030y_SOC,cf_median,102.15526
China/India,BRDC_Tropical_2030y_SOC,cf_median,
Christmas Island,BRDC_Tropical_2030y_SOC,cf_median,
Clipperton Island,BRDC_Tropical_2030y_SOC,cf_median,
Cocos (Keeling) Islands,BRDC_Tropical_2030y_SOC,cf_median,
Colombia,BRDC_Tropical_2030y_SOC,cf_median,71.8134
Comoros,BRDC_Tropical_2030y_SOC,cf_median,
Congo,BRDC_Tropical_2030y_SOC,cf_median,72.72547
Cook Islands,BRDC_Tropical_2030y_SOC,cf_median,
Costa Rica,BRDC_Tropical_2030y_SOC,cf_median,85.23657
Croatia,BRDC_Tropical_2030y_SOC,cf_median,
Cuba,BRDC_Tropical_2030y_SOC,cf_median,71.12262
Cyprus,BRDC_Tropical_2030y_SOC,cf_median,
Czech Republic,BRDC_Tropical_2030y_SOC,cf_median,
Côte d'Ivoire,BRDC_Tropical_2030y_SOC,cf_median,49.163315
Dem People's Rep of Korea,BRDC_Tropical_2030y_SOC,cf_median,
Democratic Republic of the Congo,BRDC_Tropical_2030y_SOC,cf_median,69.21631
Denmark,BRDC_Tropical_2030y_SOC,cf_median,
Djibouti,BRDC_Tropical_2030y_SOC,cf_median,66.2508
Dominica,BRDC_Tropical_2030y_SOC,cf_median,
Dominican Republic,BRDC_Tropical_2030y_SOC,cf_median,81.26042
Ecuador,BRDC_Tropical_2030y_SOC,cf_median,99.261055
Egypt,BRDC_Tropical_2030y_SOC,cf_median,
El Salvador,BRDC_Tropical_2030y_SOC,cf_median,75.71402
Equatorial Guinea,BRDC_Tropical_2030y_SOC,cf_median,81.939964
Eritrea,BRDC_Tropical_2030y_SOC,cf_median,72.56243
Estonia,BRDC_Tropical_2030y_SOC,cf_median,
Ethiopia,BRDC_Tropical_2030y_SOC,cf_median,88.38344
Europa Island,BRDC_Tropical_2030y_SOC,cf_median,
Falkland Islands (Malvinas),BRDC_Tropical_2030y_SOC,cf_median,
Faroe Islands,BRDC_Tropical_2030y_SOC,cf_median,
Fiji,BRDC_Tropical_2030y_SOC,cf_median,
Finland,BRDC_Tropical_2030y_SOC,cf_median,
France,BRDC_Tropical_2030y_SOC,cf_median,
French Guiana,BRDC_Tropical_2030y_SOC,cf_median,74.88018
French Polynesia,BRDC_Tropical_2030y_SOC,cf_median,
French Southern and Antarctic Territories,BRDC_Tropical_2030y_SOC,cf_median,
Gabon,BRDC_Tropical_2030y_SOC,cf_median,80.26163
Gambia,BRDC_Tropical_2030y_SOC,cf_median,51.170937
Gaza Strip,BRDC_Tropical_2030y_SOC,cf_median,
Georgia,BRDC_Tropical_2030y_SOC,cf_median,
Germany,BRDC_Tropical_2030y_SOC,cf_median,
Ghana,BRDC_Tropical_2030y_SOC,cf_median,48.401413
Gibraltar,BRDC_Tropical_2030y_SOC,cf_median,
Glorioso Island,BRDC_Tropical_2030y_SOC,cf_median,
Greece,BRDC_Tropical_2030y_SOC,cf_median,
Greenland,BRDC_Tropical_2030y_SOC,cf_median,
Grenada,BRDC_Tropical_2030y_SOC,cf_median,
Guadeloupe,BRDC_Tropical_2030y_SOC,cf_median,
Guam,BRDC_Tropical_2030y_SOC,cf_median,
Guatemala,BRDC_Tropical_2030y_SOC,cf_median,85.94847
Guernsey,BRDC_Tropical_2030y_SOC,cf_median,
Guinea,BRDC_Tropical_2030y_SOC,cf_median,61.431824
Guinea-Bissau,BRDC_Tropical_2030y_SOC,cf_median,53.077496
Guyana,BRDC_Tropical_2030y_SOC,cf_median,71.29027
Haiti,BRDC_Tropical_2030y_SOC,cf_median,66.47773
Hala'ib triangle,BRDC_Tropical_2030y_SOC,cf_median,51.774693
Heard Island and McDonald Islands,BRDC_Tropical_2030y_SOC,cf_median,
Holy See,BRDC_Tropical_2030y_SOC,cf_median,
Honduras,BRDC_Tropical_2030y_SOC,cf_median,86.94946
Hong Kong,BRDC_Tropical_2030y_SOC,cf_median,
Howland Island,BRDC_Tropical_2030y_SOC,cf_median,
Hungary,BRDC_Tropical_2030y_SOC,cf_median,
Iceland,BRDC_Tropical_2030y_SOC,cf_median,
Ilemi triangle,BRDC_Tropical_2030y_SOC,cf_median,121.61098
India,BRDC_Tropical_2030y_SOC,cf_median,81.94249
Indonesia,BRDC_Tropical_2030y_SOC,cf_median,76.84263
Iran  (Islamic Republic of),BRDC_Tropical_2030y_SOC,cf_median,94.46971
Iraq,BRDC_Tropical_2030y_SOC,cf_median,
Ireland,BRDC_Tropical_2030y_SOC,cf_median,
Isle of Man,BRDC_Tropical_2030y_SOC,cf_median,
Israel,BRDC_Tropical_2030y_SOC,cf_median,
Italy,BRDC_Tropical_2030y_SOC,cf_median,
Jamaica,BRDC_Tropical_2030y_SOC,cf_median,286.64728
Jammu and Kashmir,BRDC_Tropical_2030y_SOC,cf_median,
Japan,BRDC_Tropical_2030y_SOC,cf_median,
Jarvis Island,BRDC_Tropical_2030y_SOC,cf_median,
Jersey,BRDC_Tropical_2030y_SOC,cf_median,
Johnston Atoll,BRDC_Tropical_2030y_SOC,cf_median,
Jordan,BRDC_Tropical_2030y_SOC,cf_median,
Juan de Nova Island,BRDC_Tropical_2030y_SOC,cf_median,
Kazakhstan,BRDC_Tropical_2030y_SOC,cf_median,
Kenya,BRDC_Tropical_2030y_SOC,cf_median,90.28274
Kingman Reef,BRDC_Tropical_2030y_SOC,cf_median,
Kiribati,BRDC_Tropical_2030y_SOC,cf_median,
Kuril islands,BRDC_Tropical_2030y_SOC,cf_median,
Kuwait,BRDC_Tropical_2030y_SOC,cf_median,
Kyrgyzstan,BRDC_Tropical_2030y_SOC,cf_median,
Lao People's Democratic Republic,BRDC_Tropical_2030y_SOC,cf_median,84.08367
Latvia,BRDC_Tropical_2030y_SOC,cf_median,
Lebanon,BRDC_Tropical_2030y_SOC,cf_median,
Lesotho,BRDC_Tropical_2030y_SOC,cf_median,
Liberia,BRDC_Tropical_2030y_SOC,cf_median,76.45473
Libya,BRDC_Tropical_2030y_SOC,cf_median,
Liechtenstein,BRDC_Tropical_2030y_SOC,cf_median,
Lithuania,BRDC_Tropical_2030y_SOC,cf_median,
Luxembourg,BRDC_Tropical_2030y_SOC,cf_median,
Ma'tan al-Sarra,BRDC_Tropical_2030y_SOC,cf_median,
Macau,BRDC_Tropical_2030y_SOC,cf_median,
Madagascar,BRDC_Tropical_2030y_SOC,cf_median,72.39194
Madeira Islands,BRDC_Tropical_2030y_SOC,cf_median,
Malawi,BRDC_Tropical_2030y_SOC,cf_median,81.8696
Malaysia,BRDC_Tropical_2030y_SOC,cf_median,75.291855
Maldives,BRDC_Tropical_2030y_SOC,cf_median,
Mali,BRDC_Tropical_2030y_SOC,cf_median,48.438076
Malta,BRDC_Tropical_2030y_SOC,cf_median,
Marshall Islands,BRDC_Tropical_2030y_SOC,cf_median,
Martinique,BRDC_Tropical_2030y_SOC,cf_median,
Mauritania,BRDC_Tropical_2030y_SOC,cf_median,47.800365
Mauritius,BRDC_Tropical_2030y_SOC,cf_median,
Mayotte,BRDC_Tropical_2030y_SOC,cf_median,
Mexico,BRDC_Tropical_2030y_SOC,cf_median,61.277206
Micronesia (Federated States of),BRDC_Tropical_2030y_SOC,cf_median,
Midway Island,BRDC_Tropical_2030y_SOC,cf_median,
"Moldova, Republic of",BRDC_Tropical_2030y_SOC,cf_median,
Monaco,BRDC_Tropical_2030y_SOC,cf_median,
Mongolia,BRDC_Tropical_2030y_SOC,cf_median,
Montenegro,BRDC_Tropical_2030y_SOC,cf_median,
Montserrat,BRDC_Tropical_2030y_SOC,cf_median,
Morocco,BRDC_Tropical_2030y_SOC,cf_median,
Mozambique,BRDC_Tropical_2030y_SOC,cf_median,78.94996
Myanmar,BRDC_Tropical_2030y_SOC,cf_median,92.18002
Namibia,BRDC_Tropical_2030y_SOC,cf_median,56.6797
Nauru,BRDC_Tropical_2030y_SOC,cf_median,
Navassa Island,BRDC_Tropical_2030y_SOC,cf_median,
Nepal,BRDC_Tropical_2030y_SOC,cf_median,
Netherlands,BRDC_Tropical_2030y_SOC,cf_median,
Netherlands Antilles,BRDC_Tropical_2030y_SOC,cf_median,
New Caledonia,BRDC_Tropical_2030y_SOC,cf_median,
New Zealand,BRDC_Tropical_2030y_SOC,cf_median,
Nicaragua,BRDC_Tropical_2030y_SOC,cf_median,79.93732
Niger,BRDC_Tropical_2030y_SOC,cf_median,49.426792
Nigeria,BRDC_Tropical_2030y_SOC,cf_median,46.33936
Niue,BRDC_Tropical_2030y_SOC,cf_median,
Norfolk Island,BRDC_Tropical_2030y_SOC,cf_median,
Northern Mariana Islands,BRDC_Tropical_2030y_SOC,cf_median,
Norway,BRDC_Tropical_2030y_SOC,cf_median,
Oman,BRDC_Tropical_2030y_SOC,cf_median,
Pakistan,BRDC_Tropical_2030y_SOC,cf_median,102.952034
Palau,BRDC_Tropical_2030y_SOC,cf_median,
Palmyra Atoll,BRDC_Tropical_2030y_SOC,cf_median,
Panama,BRDC_Tropical_2030y_SOC,cf_median,79.207726
Papua New Guinea,BRDC_Tropical_2030y_SOC,cf_median,90.47351
Paracel Islands,BRDC_Tropical_2030y_SOC,cf_median,
Paraguay,BRDC_Tropical_2030y_SOC,cf_median,75.51528
Peru,BRDC_Tropical_2030y_SOC,cf_median,87.82345
Philippines,BRDC_Tropical_2030y_SOC,cf_median,86.992195
Pitcairn,BRDC_Tropical_2030y_SOC,cf_median,
Poland,BRDC_Tropical_2030y_SOC,cf_median,
Portugal,BRDC_Tropical_2030y_SOC,cf_median,
Puerto Rico,BRDC_Tropical_2030y_SOC,cf_median,289.47183
Qatar,BRDC_Tropical_2030y_SOC,cf_median,
Republic of Korea,BRDC_Tropical_2030y_SOC,cf_median,
Romania,BRDC_Tropical_2030y_SOC,cf_median,
Russian Federation,BRDC_Tropical_2030y_SOC,cf_median,
Rwanda,BRDC_Tropical_2030y_SOC,cf_median,97.21992
Réunion,BRDC_Tropical_2030y_SOC,cf_median,
Saint Helena,BRDC_Tropical_2030y_SOC,cf_median,
Saint Kitts and Nevis,BRDC_Tropical_2030y_SOC,cf_median,
Saint Lucia,BRDC_Tropical_2030y_SOC,cf_median,
Saint Pierre et Miquelon,BRDC_Tropical_2030y_SOC,cf_median,
Saint Vincent and the Grenadines,BRDC_Tropical_2030y_SOC,cf_median,
Samoa,BRDC_Tropical_2030y_SOC,cf_median,
San Marino,BRDC_Tropical_2030y_SOC,cf_median,
Sao Tome and Principe,BRDC_Tropical_2030y_SOC,cf_median,
Saudi Arabia,BRDC_Tropical_2030y_SOC,cf_median,57.418613
Scarborough Reef,BRDC_Tropical_2030y_SOC,cf_median,
Senegal,BRDC_Tropical_2030y_SOC,cf_median,52.93969
Senkaku Islands,BRDC_Tropical_2030y_SOC,cf_median,
Serbia,BRDC_Tropical_2030y_SOC,cf_median,
Seychelles,BRDC_Tropical_2030y_SOC,cf_median,
Sierra Leone,BRDC_Tropical_2030y_SOC,cf_median,70.76868
Singapore,BRDC_Tropical_2030y_SOC,cf_median,68.08231
Slovakia,BRDC_Tropical_2030y_SOC,cf_median,
Slovenia,BRDC_Tropical_2030y_SOC,cf_median,
Solomon Islands,BRDC_Tropical_2030y_SOC,cf_median,
Somalia,BRDC_Tropical_2030y_SOC,cf_median,65.52941
South Africa,BRDC_Tropical_2030y_SOC,cf_median,95.02867
South Georgia and the South Sandwich Islands,BRDC_Tropical_2030y_SOC,cf_median,
South Sudan,BRDC_Tropical_2030y_SOC,cf_median,55.973537
Spain,BRDC_Tropical_2030y_SOC,cf_median,
Spratly Islands,BRDC_Tropical_2030y_SOC,cf_median,
Sri Lanka,BRDC_Tropical_2030y_SOC,cf_median,80.090454
Sudan,BRDC_Tropical_2030y_SOC,cf_median,52.001522
Suriname,BRDC_Tropical_2030y_SOC,cf_median,71.71284
Svalbard and Jan Mayen Islands,BRDC_Tropical_2030y_SOC,cf_median,
Swaziland,BRDC_Tropical_2030y_SOC,cf_median,94.64808
Sweden,BRDC_Tropical_2030y_SOC,cf_median,
Switzerland,BRDC_Tropical_2030y_SOC,cf_median,
Syrian Arab Republic,BRDC_Tropical_2030y_SOC,cf_median,
Taiwan,BRDC_Tropical_2030y_SOC,cf_median,108.6499
Tajikistan,BRDC_Tropical_2030y_SOC,cf_median,
Thailand,BRDC_Tropical_2030y_SOC,cf_median,75.546974
The former Yugoslav Republic of Macedonia,BRDC_Tropical_2030y_SOC,cf_median,
Timor-Leste,BRDC_Tropical_2030y_SOC,cf_median,270.45792
Togo,BRDC_Tropical_2030y_SOC,cf_median,45.650024
Tokelau,BRDC_Tropical_2030y_SOC,cf_median,
Tonga,BRDC_Tropical_2030y_SOC,cf_median,
Trinidad and Tobago,BRDC_Tropical_2030y_SOC,cf_median,273.38544
Tromelin Island,BRDC_Tropical_2030y_SOC,cf_median,
Tunisia,BRDC_Tropical_2030y_SOC,cf_median,
Turkey,BRDC_Tropical_2030y_SOC,cf_median,
Turkmenistan,BRDC_Tropical_2030y_SOC,cf_median,
Turks and Caicos islands,BRDC_Tropical_2030y_SOC,cf_median,
Tuvalu,BRDC_Tropical_2030y_SOC,cf_median,
U.K. of Great Britain and Northern Ireland,BRDC_Tropical_2030y_SOC,cf_median,
Uganda,BRDC_Tropical_2030y_SOC,cf_median,66.01414
Ukraine,BRDC_Tropical_2030y_SOC,cf_median,
United Arab Emirates,BRDC_Tropical_2030y_SOC,cf_median,
United Republic of Tanzania,BRDC_Tropical_2030y_SOC,cf_median,78.17681
United States Virgin Islands,BRDC_Tropical_2030y_SOC,cf_median,
United States of America,BRDC_Tropical_2030y_SOC,cf_median,87.60534
Uruguay,BRDC_Tropical_2030y_SOC,cf_median,
Uzbekistan,BRDC_Tropical_2030y_SOC,cf_median,
Vanuatu,BRDC_Tropical_2030y_SOC,cf_median,
Venezuela,BRDC_Tropical_2030y_SOC,cf_median,71.32137
Viet Nam,BRDC_Tropical_2030y_SOC,cf_median,82.79921
Wake Island,BRDC_Tropical_2030y_SOC,cf_median,
Wallis and Futuna,BRDC_Tropical_2030y_SOC,cf_median,
West Bank,BRDC_Tropical_2030y_SOC,cf_median,
Western Sahara,BRDC_Tropical_2030y_SOC,cf_median,
Yemen,BRDC_Tropical_2030y_SOC,cf_median,57.06305
Zambia,BRDC_Tropical_2030y_SOC,cf_median,82.84014
Zimbabwe,BRDC_Tropical_2030y_SOC,cf_median,88.41033
Abyei,BRDC_Tropical_2030y_SOC,cf_std,8.278654
Afghanistan,BRDC_Tropical_2030y_SOC,cf_std,
Aksai Chin,BRDC_Tropical_2030y_SOC,cf_std,
Albania,BRDC_Tropical_2030y_SOC,cf_std,
Algeria,BRDC_Tropical_2030y_SOC,cf_std,
American Samoa,BRDC_Tropical_2030y_SOC,cf_std,
Andorra,BRDC_Tropical_2030y_SOC,cf_std,
Angola,BRDC_Tropical_2030y_SOC,cf_std,23.064657
Anguilla,BRDC_Tropical_2030y_SOC,cf_std,
Antarctica,BRDC_Tropical_2030y_SOC,cf_std,
Antigua and Barbuda,BRDC_Tropical_2030y_SOC,cf_std,
Argentina,BRDC_Tropical_2030y_SOC,cf_std,26.655308
Armenia,BRDC_Tropical_2030y_SOC,cf_std,
Aruba,BRDC_Tropical_2030y_SOC,cf_std,
Arunachal Pradesh,BRDC_Tropical_2030y_SOC,cf_std,18.495056
Ashmore and Cartier Islands,BRDC_Tropical_2030y_SOC,cf_std,
Australia,BRDC_Tropical_2030y_SOC,cf_std,31.618181
Austria,BRDC_Tropical_2030y_SOC,cf_std,
Azerbaijan,BRDC_Tropical_2030y_SOC,cf_std,
Azores Islands,BRDC_Tropical_2030y_SOC,cf_std,
Bahamas,BRDC_Tropical_2030y_SOC,cf_std,39.25263
Bahrain,BRDC_Tropical_2030y_SOC,cf_std,
Baker Island,BRDC_Tropical_2030y_SOC,cf_std,
Bangladesh,BRDC_Tropical_2030y_SOC,cf_std,13.518835
Barbados,BRDC_Tropical_2030y_SOC,cf_std,
Bassas da India,BRDC_Tropical_2030y_SOC,cf_std,
Belarus,BRDC_Tropical_2030y_SOC,cf_std,
Belgium,BRDC_Tropical_2030y_SOC,cf_std,
Belize,BRDC_Tropical_2030y_SOC,cf_std,5.990424
Benin,BRDC_Tropical_2030y_SOC,cf_std,4.8936124
Bermuda,BRDC_Tropical_2030y_SOC,cf_std,
Bhutan,BRDC_Tropical_2030y_SOC,cf_std,
Bird Island,BRDC_Tropical_2030y_SOC,cf_std,
Bolivia,BRDC_Tropical_2030y_SOC,cf_std,24.028889
Bosnia and Herzegovina,BRDC_Tropical_2030y_SOC,cf_std,
Botswana,BRDC_Tropical_2030y_SOC,cf_std,14.193511
Bouvet Island,BRDC_Tropical_2030y_SOC,cf_std,
Brazil,BRDC_Tropical_2030y_SOC,cf_std,13.6980095
British Indian Ocean Territory,BRDC_Tropical_2030y_SOC,cf_std,
British Virgin Islands,BRDC_Tropical_2030y_SOC,cf_std,
Brunei Darussalam,BRDC_Tropical_2030y_SOC,cf_std,2.3953476
Bulgaria,BRDC_Tropical_2030y_SOC,cf_std,
Burkina Faso,BRDC_Tropical_2030y_SOC,cf_std,2.6022327
Burundi,BRDC_Tropical_2030y_SOC,cf_std,15.906498
Cambodia,BRDC_Tropical_2030y_SOC,cf_std,13.392868
Cameroon,BRDC_Tropical_2030y_SOC,cf_std,25.571207
Canada,BRDC_Tropical_2030y_SOC,cf_std,
Cape Verde,BRDC_Tropical_2030y_SOC,cf_std,
Cayman Islands,BRDC_Tropical_2030y_SOC,cf_std,
Central African Republic,BRDC_Tropical_2030y_SOC,cf_std,12.390859
Chad,BRDC_Tropical_2030y_SOC,cf_std,11.580104
Chile,BRDC_Tropical_2030y_SOC,cf_std,30.21198
China,BRDC_Tropical_2030y_SOC,cf_std,26.919518
China/India,BRDC_Tropical_2030y_SOC,cf_std,
Christmas Island,BRDC_Tropical_2030y_SOC,cf_std,
Clipperton Island,BRDC_Tropical_2030y_SOC,cf_std,
Cocos (Keeling) Islands,BRDC_Tropical_2030y_SOC,cf_std,
Colombia,BRDC_Tropical_2030y_SOC,cf_std,35.567223
Comoros,BRDC_Tropical_2030y_SOC,cf_std,
Congo,BRDC_Tropical_2030y_SOC,cf_std,15.21842
Cook Islands,BRDC_Tropical_2030y_SOC,cf_std,
Costa Rica,BRDC_Tropical_2030y_SOC,cf_std,73.79615
Croatia,BRDC_Tropical_2030y_SOC,cf_std,
Cuba,BRDC_Tropical_2030y_SOC,cf_std,57.995747
Cyprus,BRDC_Tropical_2030y_SOC,cf_std,
Czech Republic,BRDC_Tropical_2030y_SOC,cf_std,
Côte d'Ivoire,BRDC_Tropical_2030y_SOC,cf_std,10.683413
Dem People's Rep of Korea,BRDC_Tropical_2030y_SOC,cf_std,
Democratic Republic of the Congo,BRDC_Tropical_2030y_SOC,cf_std,13.628003
Denmark,BRDC_Tropical_2030y_SOC,cf_std,
Djibouti,BRDC_Tropical_2030y_SOC,cf_std,24.509424
Dominica,BRDC_Tropical_2030y_SOC,cf_std,
Dominican Republic,BRDC_Tropical_2030y_SOC,cf_std,56.344944
Ecuador,BRDC_Tropical_2030y_SOC,cf_std,33.193733
Egypt,BRDC_Tropical_2030y_SOC,cf_std,
El Salvador,BRDC_Tropical_2030y_SOC,cf_std,19.241144
Equatorial Guinea,BRDC_Tropical_2030y_SOC,cf_std,67.236336
Eritrea,BRDC_Tropical_2030y_SOC,cf_std,22.928288
Estonia,BRDC_Tropical_2030y_SOC,cf_std,
Ethiopia,BRDC_Tropical_2030y_SOC,cf_std,18.41218
Europa Island,BRDC_Tropical_2030y_SOC,cf_std,
Falkland Islands (Malvinas),BRDC_Tropical_2030y_SOC,cf_std,
Faroe Islands,BRDC_Tropical_2030y_SOC,cf_std,
Fiji,BRDC_Tropical_2030y_SOC,cf_std,
Finland,BRDC_Tropical_2030y_SOC,cf_std,
France,BRDC_Tropical_2030y_SOC,cf_std,
French Guiana,BRDC_Tropical_2030y_SOC,cf_std,52.45549
French Polynesia,BRDC_Tropical_2030y_SOC,cf_std,
French Southern and Antarctic Territories,BRDC_Tropical_2030y_SOC,cf_std,
Gabon,BRDC_Tropical_2030y_SOC,cf_std,27.310797
Gambia,BRDC_Tropical_2030y_SOC,cf_std,6.491788
Gaza Strip,BRDC_Tropical_2030y_SOC,cf_std,
Georgia,BRDC_Tropical_2030y_SOC,cf_std,
Germany,BRDC_Tropical_2030y_SOC,cf_std,
Ghana,BRDC_Tropical_2030y_SOC,cf_std,13.608653
Gibraltar,BRDC_Tropical_2030y_SOC,cf_std,
Glorioso Island,BRDC_Tropical_2030y_SOC,cf_std,
Greece,BRDC_Tropical_2030y_SOC,cf_std,
Greenland,BRDC_Tropical_2030y_SOC,cf_std,
Grenada,BRDC_Tropical_2030y_SOC,cf_std,
Guadeloupe,BRDC_Tropical_2030y_SOC,cf_std,
Guam,BRDC_Tropical_2030y_SOC,cf_std,
Guatemala,BRDC_Tropical_2030y_SOC,cf_std,18.3324
Guernsey,BRDC_Tropical_2030y_SOC,cf_std,
Guinea,BRDC_Tropical_2030y_SOC,cf_std,11.821271
Guinea-Bissau,BRDC_Tropical_2030y_SOC,cf_std,19.0403
Guyana,BRDC_Tropical_2030y_SOC,cf_std,29.980167
Haiti,BRDC_Tropical_2030y_SOC,cf_std,67.654015
Hala'ib triangle,BRDC_Tropical_2030y_SOC,cf_std,20.06498
Heard Island and McDonald Islands,BRDC_Tropical_2030y_SOC,cf_std,
Holy See,BRDC_Tropical_2030y_SOC,cf_std,
Honduras,BRDC_Tropical_2030y_SOC,cf_std,16.472097
Hong Kong,BRDC_Tropical_2030y_SOC,cf_std,
Howland Island,BRDC_Tropical_2030y_SOC,cf_std,
Hungary,BRDC_Tropical_2030y_SOC,cf_std,
Iceland,BRDC_Tropical_2030y_SOC,cf_std,
Ilemi triangle,BRDC_Tropical_2030y_SOC,cf_std,3.2624404
India,BRDC_Tropical_2030y_SOC,cf_std,26.688093
Indonesia,BRDC_Tropical_2030y_SOC,cf_std,69.02861
Iran  (Islamic Republic of),BRDC_Tropical_2030y_SOC,cf_std,1.918219
Iraq,BRDC_Tropical_2030y_SOC,cf_std,
Ireland,BRDC_Tropical_2030y_SOC,cf_std,
Isle of Man,BRDC_Tropical_2030y_SOC,cf_std,
Israel,BRDC_Tropical_2030y_SOC,cf_std,
Italy,BRDC_Tropical_2030y_SOC,cf_std,
Jamaica,BRDC_Tropical_2030y_SOC,cf_std,10.7645
Jammu and Kashmir,BRDC_Tropical_2030y_SOC,cf_std,
Japan,BRDC_Tropical_2030y_SOC,cf_std,
Jarvis Island,BRDC_Tropical_2030y_SOC,cf_std,
Jersey,BRDC_Tropical_2030y_SOC,cf_std,
Johnston Atoll,BRDC_Tropical_2030y_SOC,cf_std,
Jordan,BRDC_Tropical_2030y_SOC,cf_std,
Juan de Nova Island,BRDC_Tropical_2030y_SOC,cf_std,
Kazakhstan,BRDC_Tropical_2030y_SOC,cf_std,
Kenya,BRDC_Tropical_2030y_SOC,cf_std,18.610098
Kingman Reef,BRDC_Tropical_2030y_SOC,cf_std,
Kiribati,BRDC_Tropical_2030y_SOC,cf_std,
Kuril islands,BRDC_Tropical_2030y_SOC,cf_std,
Kuwait,BRDC_Tropical_2030y_SOC,cf_std,
Kyrgyzstan,BRDC_Tropical_2030y_SOC,cf_std,
Lao People's Democratic Republic,BRDC_Tropical_2030y_SOC,cf_std,7.291838
Latvia,BRDC_Tropical_2030y_SOC,cf_std,
Lebanon,BRDC_Tropical_2030y_SOC,cf_std,
Lesotho,BRDC_Tropical_2030y_SOC,cf_std,
Liberia,BRDC_Tropical_2030y_SOC,cf_std,32.168453
Libya,BRDC_Tropical_2030y_SOC,cf_std,
Liechtenstein,BRDC_Tropical_2030y_SOC,cf_std,
Lithuania,BRDC_Tropical_2030y_SOC,cf_std,
Luxembourg,BRDC_Tropical_2030y_SOC,cf_std,
Ma'tan al-Sarra,BRDC_Tropical_2030y_SOC,cf_std,
Macau,BRDC_Tropical_2030y_SOC,cf_std,
Madagascar,BRDC_Tropical_2030y_SOC,cf_std,44.16765
Madeira Islands,BRDC_Tropical_2030y_SOC,cf_std,
Malawi,BRDC_Tropical_2030y_SOC,cf_std,13.281217
Malaysia,BRDC_Tropical_2030y_SOC,cf_std,51.16635
Maldives,BRDC_Tropical_2030y_SOC,cf_std,
Mali,BRDC_Tropical_2030y_SOC,cf_std,9.205962
Malta,BRDC_Tropical_2030y_SOC,cf_std,
Marshall Islands,BRDC_Tropical_2030y_SOC,cf_std,
Martinique,BRDC_Tropical_2030y_SOC,cf_std,
Mauritania,BRDC_Tropical_2030y_SOC,cf_std,5.18112
Mauritius,BRDC_Tropical_2030y_SOC,cf_std,
Mayotte,BRDC_Tropical_2030y_SOC,cf_std,
Mexico,BRDC_Tropical_2030y_SOC,cf_std,22.501705
Micronesia (Federated States of),BRDC_Tropical_2030y_SOC,cf_std,
Midway Island,BRDC_Tropical_2030y_SOC,cf_std,
"Moldova, Republic of",BRDC_Tropical_2030y_SOC,cf_std,
Monaco,BRDC_Tropical_2030y_SOC,cf_std,
Mongolia,BRDC_Tropical_2030y_SOC,cf_std,
Montenegro,BRDC_Tropical_2030y_SOC,cf_std,
Montserrat,BRDC_Tropical_2030y_SOC,cf_std,
Morocco,BRDC_Tropical_2030y_SOC,cf_std,
Mozambique,BRDC_Tropical_2030y_SOC,cf_std,28.192953
Myanmar,BRDC_Tropical_2030y_SOC,cf_std,33.17872
Namibia,BRDC_Tropical_2030y_SOC,cf_std,17.250849
Nauru,BRDC_Tropical_2030y_SOC,cf_std,
Navassa Island,BRDC_Tropical_2030y_SOC,cf_std,
Nepal,BRDC_Tropical_2030y_SOC,cf_std,
Netherlands,BRDC_Tropical_2030y_SOC,cf_std,
Netherlands Antilles,BRDC_Tropical_2030y_SOC,cf_std,
New Caledonia,BRDC_Tropical_2030y_SOC,cf_std,
New Zealand,BRDC_Tropical_2030y_SOC,cf_std,
Nicaragua,BRDC_Tropical_2030y_SOC,cf_std,49.569935
Niger,BRDC_Tropical_2030y_SOC,cf_std,2.1703792
Nigeria,BRDC_Tropical_2030y_SOC,cf_std,11.938632
Niue,BRDC_Tropical_2030y_SOC,cf_std,
Norfolk Island,BRDC_Tropical_2030y_SOC,cf_std,
Northern Mariana Islands,BRDC_Tropical_2030y_SOC,cf_std,
Norway,BRDC_Tropical_2030y_SOC,cf_std,
Oman,BRDC_Tropical_2030y_SOC,cf_std,
Pakistan,BRDC_Tropical_2030y_SOC,cf_std,20.53664
Palau,BRDC_Tropical_2030y_SOC,cf_std,
Palmyra Atoll,BRDC_Tropical_2030y_SOC,cf_std,
Panama,BRDC_Tropical_2030y_SOC,cf_std,73.59699
Papua New Guinea,BRDC_Tropical_2030y_SOC,cf_std,58.605896
Paracel Islands,BRDC_Tropical_2030y_SOC,cf_std,
Paraguay,BRDC_Tropical_2030y_SOC,cf_std,25.521517
Peru,BRDC_Tropical_2030y_SOC,cf_std,32.478218
Philippines,BRDC_Tropical_2030y_SOC,cf_std,92.72663
Pitcairn,BRDC_Tropical_2030y_SOC,cf_std,
Poland,BRDC_Tropical_2030y_SOC,cf_std,
Portugal,BRDC_Tropical_2030y_SOC,cf_std,
Puerto Rico,BRDC_Tropical_2030y_SOC,cf_std,8.311337
Qatar,BRDC_Tropical_2030y_SOC,cf_std,
Republic of Korea,BRDC_Tropical_2030y_SOC,cf_std,
Romania,BRDC_Tropical_2030y_SOC,cf_std,
Russian Federation,BRDC_Tropical_2030y_SOC,cf_std,
Rwanda,BRDC_Tropical_2030y_SOC,cf_std,11.995395
Réunion,BRDC_Tropical_2030y_SOC,cf_std,
Saint Helena,BRDC_Tropical_2030y_SOC,cf_std,
Saint Kitts and Nevis,BRDC_Tropical_2030y_SOC,cf_std,
Saint Lucia,BRDC_Tropical_2030y_SOC,cf_std,
Saint Pierre et Miquelon,BRDC_Tropical_2030y_SOC,cf_std,
Saint Vincent and the Grenadines,BRDC_Tropical_2030y_SOC,cf_std,
Samoa,BRDC_Tropical_2030y_SOC,cf_std,
San Marino,BRDC_Tropical_2030y_SOC,cf_std,
Sao Tome and Principe,BRDC_Tropical_2030y_SOC,cf_std,
Saudi Arabia,BRDC_Tropical_2030y_SOC,cf_std,14.124253
Scarborough Reef,BRDC_Tropical_2030y_SOC,cf_std,
Senegal,BRDC_Tropical_2030y_SOC,cf_std,13.322362
Senkaku Islands,BRDC_Tropical_2030y_SOC,cf_std,
Serbia,BRDC_Tropical_2030y_SOC,cf_std,
Seychelles,BRDC_Tropical_2030y_SOC,cf_std,
Sierra Leone,BRDC_Tropical_2030y_SOC,cf_std,24.495958
Singapore,BRDC_Tropical_2030y_SOC,cf_std,39.217247
Slovakia,BRDC_Tropical_2030y_SOC,cf_std,
Slovenia,BRDC_Tropical_2030y_SOC,cf_std,
Solomon Islands,BRDC_Tropical_2030y_SOC,cf_std,
Somalia,BRDC_Tropical_2030y_SOC,cf_std,28.857615
South Africa,BRDC_Tropical_2030y_SOC,cf_std,20.769806
South Georgia and the South Sandwich Islands,BRDC_Tropical_2030y_SOC,cf_std,
South Sudan,BRDC_Tropical_2030y_SOC,cf_std,16.861206
Spain,BRDC_Tropical_2030y_SOC,cf_std,
Spratly Islands,BRDC_Tropical_2030y_SOC,cf_std,
Sri Lanka,BRDC_Tropical_2030y_SOC,cf_std,44.387722
Sudan,BRDC_Tropical_2030y_SOC,cf_std,12.733418
Suriname,BRDC_Tropical_2030y_SOC,cf_std,4.6322346
Svalbard and Jan Mayen Islands,BRDC_Tropical_2030y_SOC,cf_std,
Swaziland,BRDC_Tropical_2030y_SOC,cf_std,5.3167152
Sweden,BRDC_Tropical_2030y_SOC,cf_std,
Switzerland,BRDC_Tropical_2030y_SOC,cf_std,
Syrian Arab Republic,BRDC_Tropical_2030y_SOC,cf_std,
Taiwan,BRDC_Tropical_2030y_SOC,cf_std,43.46011
Tajikistan,BRDC_Tropical_2030y_SOC,cf_std,
Thailand,BRDC_Tropical_2030y_SOC,cf_std,32.849518
The former Yugoslav Republic of Macedonia,BRDC_Tropical_2030y_SOC,cf_std,
Timor-Leste,BRDC_Tropical_2030y_SOC,cf_std,49.929707
Togo,BRDC_Tropical_2030y_SOC,cf_std,6.5569634
Tokelau,BRDC_Tropical_2030y_SOC,cf_std,
Tonga,BRDC_Tropical_2030y_SOC,cf_std,
Trinidad and Tobago,BRDC_Tropical_2030y_SOC,cf_std,6.81429
Tromelin Island,BRDC_Tropical_2030y_SOC,cf_std,
Tunisia,BRDC_Tropical_2030y_SOC,cf_std,
Turkey,BRDC_Tropical_2030y_SOC,cf_std,
Turkmenistan,BRDC_Tropical_2030y_SOC,cf_std,
Turks and Caicos islands,BRDC_Tropical_2030y_SOC,cf_std,
Tuvalu,BRDC_Tropical_2030y_SOC,cf_std,
U.K. of Great Britain and Northern Ireland,BRDC_Tropical_2030y_SOC,cf_std,
Uganda,BRDC_Tropical_2030y_SOC,cf_std,19.257078
Ukraine,BRDC_Tropical_2030y_SOC,cf_std,
United Arab Emirates,BRDC_Tropical_2030y_SOC,cf_std,
United Republic of Tanzania,BRDC_Tropical_2030y_SOC,cf_std,16.670403
United States Virgin Islands,BRDC_Tropical_2030y_SOC,cf_std,
United States of America,BRDC_Tropical_2030y_SOC,cf_std,68.13378
Uruguay,BRDC_Tropical_2030y_SOC,cf_std,
Uzbekistan,BRDC_Tropical_2030y_SOC,cf_std,
Vanuatu,BRDC_Tropical_2030y_SOC,cf_std,
Venezuela,BRDC_Tropical_2030y_SOC,cf_std,29.343475
Viet Nam,BRDC_Tropical_2030y_SOC,cf_std,39.37299
Wake Island,BRDC_Tropical_2030y_SOC,cf_std,
Wallis and Futuna,BRDC_Tropical_2030y_SOC,cf_std,
West Bank,BRDC_Tropical_2030y_SOC,cf_std,
Western Sahara,BRDC_Tropical_2030y_SOC,cf_std,
Yemen,BRDC_Tropical_2030y_SOC,cf_std,18.832987
Zambia,BRDC_Tropical_2030y_SOC,cf_std,18.056
Zimbabwe,BRDC_Tropical_2030y_SOC,cf_std,8.697158
Abyei,BRDC_Warm temperate dry_2030y_SOC,cf_mean,
Afghanistan,BRDC_Warm temperate dry_2030y_SOC,cf_mean,44.722687
Aksai Chin,BRDC_Warm temperate dry_2030y_SOC,cf_mean,
Albania,BRDC_Warm temperate dry_2030y_SOC,cf_mean,77.00542
Algeria,BRDC_Warm temperate dry_2030y_SOC,cf_mean,
American Samoa,BRDC_Warm temperate dry_2030y_SOC,cf_mean,
Andorra,BRDC_Warm temperate dry_2030y_SOC,cf_mean,
Angola,BRDC_Warm temperate dry_2030y_SOC,cf_mean,
Anguilla,BRDC_Warm temperate dry_2030y_SOC,cf_mean,
Antarctica,BRDC_Warm temperate dry_2030y_SOC,cf_mean,
Antigua and Barbuda,BRDC_Warm temperate dry_2030y_SOC,cf_mean,
Argentina,BRDC_Warm temperate dry_2030y_SOC,cf_mean,106.30912
Armenia,BRDC_Warm temperate dry_2030y_SOC,cf_mean,
Aruba,BRDC_Warm temperate dry_2030y_SOC,cf_mean,
Arunachal Pradesh,BRDC_Warm temperate dry_2030y_SOC,cf_mean,
Ashmore and Cartier Islands,BRDC_Warm temperate dry_2030y_SOC,cf_mean,
Australia,BRDC_Warm temperate dry_2030y_SOC,cf_mean,
Austria,BRDC_Warm temperate dry_2030y_SOC,cf_mean,71.904175
Azerbaijan,BRDC_Warm temperate dry_2030y_SOC,cf_mean,
Azores Islands,BRDC_Warm temperate dry_2030y_SOC,cf_mean,
Bahamas,BRDC_Warm temperate dry_2030y_SOC,cf_mean,
Bahrain,BRDC_Warm temperate dry_2030y_SOC,cf_mean,
Baker Island,BRDC_Warm temperate dry_2030y_SOC,cf_mean,
Bangladesh,BRDC_Warm temperate dry_2030y_SOC,cf_mean,
Barbados,BRDC_Warm temperate dry_2030y_SOC,cf_mean,
Bassas da India,BRDC_Warm temperate dry_2030y_SOC,cf_mean,
Belarus,BRDC_Warm temperate dry_2030y_SOC,cf_mean,59.11852
Belgium,BRDC_Warm temperate dry_2030y_SOC,cf_mean,62.99951
Belize,BRDC_Warm temperate dry_2030y_SOC,cf_mean,
Benin,BRDC_Warm temperate dry_2030y_SOC,cf_mean,
Bermuda,BRDC_Warm temperate dry_2030y_SOC,cf_mean,
Bhutan,BRDC_Warm temperate dry_2030y_SOC,cf_mean,
Bird Island,BRDC_Warm temperate dry_2030y_SOC,cf_mean,
Bolivia,BRDC_Warm temperate dry_2030y_SOC,cf_mean,
Bosnia and Herzegovina,BRDC_Warm temperate dry_2030y_SOC,cf_mean,68.09383
Botswana,BRDC_Warm temperate dry_2030y_SOC,cf_mean,
Bouvet Island,BRDC_Warm temperate dry_2030y_SOC,cf_mean,
Brazil,BRDC_Warm temperate dry_2030y_SOC,cf_mean,
British Indian Ocean Territory,BRDC_Warm temperate dry_2030y_SOC,cf_mean,
British Virgin Islands,BRDC_Warm temperate dry_2030y_SOC,cf_mean,
Brunei Darussalam,BRDC_Warm temperate dry_2030y_SOC,cf_mean,
Bulgaria,BRDC_Warm temperate dry_2030y_SOC,cf_mean,51.22623
Burkina Faso,BRDC_Warm temperate dry_2030y_SOC,cf_mean,
Burundi,BRDC_Warm temperate dry_2030y_SOC,cf_mean,
Cambodia,BRDC_Warm temperate dry_2030y_SOC,cf_mean,
Cameroon,BRDC_Warm temperate dry_2030y_SOC,cf_mean,
Canada,BRDC_Warm temperate dry_2030y_SOC,cf_mean,73.168205
Cape Verde,BRDC_Warm temperate dry_2030y_SOC,cf_mean,
Cayman Islands,BRDC_Warm temperate dry_2030y_SOC,cf_mean,
Central African Republic,BRDC_Warm temperate dry_2030y_SOC,cf_mean,
Chad,BRDC_Warm temperate dry_2030y_SOC,cf_mean,
Chile,BRDC_Warm temperate dry_2030y_SOC,cf_mean,127.09241
China,BRDC_Warm temperate dry_2030y_SOC,cf_mean,51.33587
China/India,BRDC_Warm temperate dry_2030y_SOC,cf_mean,
Christmas Island,BRDC_Warm temperate dry_2030y_SOC,cf_mean,
Clipperton Island,BRDC_Warm temperate dry_2030y_SOC,cf_mean,
Cocos (Keeling) Islands,BRDC_Warm temperate dry_2030y_SOC,cf_mean,
Colombia,BRDC_Warm temperate dry_2030y_SOC,cf_mean,
Comoros,BRDC_Warm temperate dry_2030y_SOC,cf_mean,
Congo,BRDC_Warm temperate dry_2030y_SOC,cf_mean,
Cook Islands,BRDC_Warm temperate dry_2030y_SOC,cf_mean,
Costa Rica,BRDC_Warm temperate dry_2030y_SOC,cf_mean,
Croatia,BRDC_Warm temperate dry_2030y_SOC,cf_mean,58.05837
Cuba,BRDC_Warm temperate dry_2030y_SOC,cf_mean,
Cyprus,BRDC_Warm temperate dry_2030y_SOC,cf_mean,
Czech Republic,BRDC_Warm temperate dry_2030y_SOC,cf_mean,57.06519
Côte d'Ivoire,BRDC_Warm temperate dry_2030y_SOC,cf_mean,
Dem People's Rep of Korea,BRDC_Warm temperate dry_2030y_SOC,cf_mean,55.65991
Democratic Republic of the Congo,BRDC_Warm temperate dry_2030y_SOC,cf_mean,
Denmark,BRDC_Warm temperate dry_2030y_SOC,cf_mean,63.79843
Djibouti,BRDC_Warm temperate dry_2030y_SOC,cf_mean,
Dominica,BRDC_Warm temperate dry_2030y_SOC,cf_mean,
Dominican Republic,BRDC_Warm temperate dry_2030y_SOC,cf_mean,
Ecuador,BRDC_Warm temperate dry_2030y_SOC,cf_mean,
Egypt,BRDC_Warm temperate dry_2030y_SOC,cf_mean,
El Salvador,BRDC_Warm temperate dry_2030y_SOC,cf_mean,
Equatorial Guinea,BRDC_Warm temperate dry_2030y_SOC,cf_mean,
Eritrea,BRDC_Warm temperate dry_2030y_SOC,cf_mean,
Estonia,BRDC_Warm temperate dry_2030y_SOC,cf_mean,94.19999
Ethiopia,BRDC_Warm temperate dry_2030y_SOC,cf_mean,
Europa Island,BRDC_Warm temperate dry_2030y_SOC,cf_mean,
Falkland Islands (Malvinas),BRDC_Warm temperate dry_2030y_SOC,cf_mean,
Faroe Islands,BRDC_Warm temperate dry_2030y_SOC,cf_mean,
Fiji,BRDC_Warm temperate dry_2030y_SOC,cf_mean,
Finland,BRDC_Warm temperate dry_2030y_SOC,cf_mean,102.85172
France,BRDC_Warm temperate dry_2030y_SOC,cf_mean,60.148624
French Guiana,BRDC_Warm temperate dry_2030y_SOC,cf_mean,
French Polynesia,BRDC_Warm temperate dry_2030y_SOC,cf_mean,
French Southern and Antarctic Territories,BRDC_Warm temperate dry_2030y_SOC,cf_mean,
Gabon,BRDC_Warm temperate dry_2030y_SOC,cf_mean,
Gambia,BRDC_Warm temperate dry_2030y_SOC,cf_mean,
Gaza Strip,BRDC_Warm temperate dry_2030y_SOC,cf_mean,
Georgia,BRDC_Warm temperate dry_2030y_SOC,cf_mean,73.33176
Germany,BRDC_Warm temperate dry_2030y_SOC,cf_mean,61.93992
Ghana,BRDC_Warm temperate dry_2030y_SOC,cf_mean,
Gibraltar,BRDC_Warm temperate dry_2030y_SOC,cf_mean,
Glorioso Island,BRDC_Warm temperate dry_2030y_SOC,cf_mean,
Greece,BRDC_Warm temperate dry_2030y_SOC,cf_mean,47.873497
Greenland,BRDC_Warm temperate dry_2030y_SOC,cf_mean,
Grenada,BRDC_Warm temperate dry_2030y_SOC,cf_mean,
Guadeloupe,BRDC_Warm temperate dry_2030y_SOC,cf_mean,
Guam,BRDC_Warm temperate dry_2030y_SOC,cf_mean,
Guatemala,BRDC_Warm temperate dry_2030y_SOC,cf_mean,
Guernsey,BRDC_Warm temperate dry_2030y_SOC,cf_mean,
Guinea,BRDC_Warm temperate dry_2030y_SOC,cf_mean,
Guinea-Bissau,BRDC_Warm temperate dry_2030y_SOC,cf_mean,
Guyana,BRDC_Warm temperate dry_2030y_SOC,cf_mean,
Haiti,BRDC_Warm temperate dry_2030y_SOC,cf_mean,
Hala'ib triangle,BRDC_Warm temperate dry_2030y_SOC,cf_mean,
Heard Island and McDonald Islands,BRDC_Warm temperate dry_2030y_SOC,cf_mean,
Holy See,BRDC_Warm temperate dry_2030y_SOC,cf_mean,
Honduras,BRDC_Warm temperate dry_2030y_SOC,cf_mean,
Hong Kong,BRDC_Warm temperate dry_2030y_SOC,cf_mean,
Howland Island,BRDC_Warm temperate dry_2030y_SOC,cf_mean,
Hungary,BRDC_Warm temperate dry_2030y_SOC,cf_mean,52.275124
Iceland,BRDC_Warm temperate dry_2030y_SOC,cf_mean,
Ilemi triangle,BRDC_Warm temperate dry_2030y_SOC,cf_mean,
India,BRDC_Warm temperate dry_2030y_SOC,cf_mean,
Indonesia,BRDC_Warm temperate dry_2030y_SOC,cf_mean,
Iran  (Islamic Republic of),BRDC_Warm temperate dry_2030y_SOC,cf_mean,66.07207
Iraq,BRDC_Warm temperate dry_2030y_SOC,cf_mean,
Ireland,BRDC_Warm temperate dry_2030y_SOC,cf_mean,88.68679
Isle of Man,BRDC_Warm temperate dry_2030y_SOC,cf_mean,
Israel,BRDC_Warm temperate dry_2030y_SOC,cf_mean,
Italy,BRDC_Warm temperate dry_2030y_SOC,cf_mean,63.019188
Jamaica,BRDC_Warm temperate dry_2030y_SOC,cf_mean,
Jammu and Kashmir,BRDC_Warm temperate dry_2030y_SOC,cf_mean,
Japan,BRDC_Warm temperate dry_2030y_SOC,cf_mean,76.1446
Jarvis Island,BRDC_Warm temperate dry_2030y_SOC,cf_mean,
Jersey,BRDC_Warm temperate dry_2030y_SOC,cf_mean,
Johnston Atoll,BRDC_Warm temperate dry_2030y_SOC,cf_mean,
Jordan,BRDC_Warm temperate dry_2030y_SOC,cf_mean,
Juan de Nova Island,BRDC_Warm temperate dry_2030y_SOC,cf_mean,
Kazakhstan,BRDC_Warm temperate dry_2030y_SOC,cf_mean,65.47492
Kenya,BRDC_Warm temperate dry_2030y_SOC,cf_mean,
Kingman Reef,BRDC_Warm temperate dry_2030y_SOC,cf_mean,
Kiribati,BRDC_Warm temperate dry_2030y_SOC,cf_mean,
Kuril islands,BRDC_Warm temperate dry_2030y_SOC,cf_mean,
Kuwait,BRDC_Warm temperate dry_2030y_SOC,cf_mean,
Kyrgyzstan,BRDC_Warm temperate dry_2030y_SOC,cf_mean,80.98075
Lao People's Democratic Republic,BRDC_Warm temperate dry_2030y_SOC,cf_mean,
Latvia,BRDC_Warm temperate dry_2030y_SOC,cf_mean,76.50678
Lebanon,BRDC_Warm temperate dry_2030y_SOC,cf_mean,
Lesotho,BRDC_Warm temperate dry_2030y_SOC,cf_mean,
Liberia,BRDC_Warm temperate dry_2030y_SOC,cf_mean,
Libya,BRDC_Warm temperate dry_2030y_SOC,cf_mean,
Liechtenstein,BRDC_Warm temperate dry_2030y_SOC,cf_mean,85.31959
Lithuania,BRDC_Warm temperate dry_2030y_SOC,cf_mean,62.819878
Luxembourg,BRDC_Warm temperate dry_2030y_SOC,cf_mean,66.78084
Ma'tan al-Sarra,BRDC_Warm temperate dry_2030y_SOC,cf_mean,
Macau,BRDC_Warm temperate dry_2030y_SOC,cf_mean,
Madagascar,BRDC_Warm temperate dry_2030y_SOC,cf_mean,
Madeira Islands,BRDC_Warm temperate dry_2030y_SOC,cf_mean,
Malawi,BRDC_Warm temperate dry_2030y_SOC,cf_mean,
Malaysia,BRDC_Warm temperate dry_2030y_SOC,cf_mean,
Maldives,BRDC_Warm temperate dry_2030y_SOC,cf_mean,
Mali,BRDC_Warm temperate dry_2030y_SOC,cf_mean,
Malta,BRDC_Warm temperate dry_2030y_SOC,cf_mean,
Marshall Islands,BRDC_Warm temperate dry_2030y_SOC,cf_mean,
Martinique,BRDC_Warm temperate dry_2030y_SOC,cf_mean,
Mauritania,BRDC_Warm temperate dry_2030y_SOC,cf_mean,
Mauritius,BRDC_Warm temperate dry_2030y_SOC,cf_mean,
Mayotte,BRDC_Warm temperate dry_2030y_SOC,cf_mean,
Mexico,BRDC_Warm temperate dry_2030y_SOC,cf_mean,
Micronesia (Federated States of),BRDC_Warm temperate dry_2030y_SOC,cf_mean,
Midway Island,BRDC_Warm temperate dry_2030y_SOC,cf_mean,
"Moldova, Republic of",BRDC_Warm temperate dry_2030y_SOC,cf_mean,63.96974
Monaco,BRDC_Warm temperate dry_2030y_SOC,cf_mean,
Mongolia,BRDC_Warm temperate dry_2030y_SOC,cf_mean,76.05198
Montenegro,BRDC_Warm temperate dry_2030y_SOC,cf_mean,81.208595
Montserrat,BRDC_Warm temperate dry_2030y_SOC,cf_mean,
Morocco,BRDC_Warm temperate dry_2030y_SOC,cf_mean,
Mozambique,BRDC_Warm temperate dry_2030y_SOC,cf_mean,
Myanmar,BRDC_Warm temperate dry_2030y_SOC,cf_mean,
Namibia,BRDC_Warm temperate dry_2030y_SOC,cf_mean,
Nauru,BRDC_Warm temperate dry_2030y_SOC,cf_mean,
Navassa Island,BRDC_Warm temperate dry_2030y_SOC,cf_mean,
Nepal,BRDC_Warm temperate dry_2030y_SOC,cf_mean,
Netherlands,BRDC_Warm temperate dry_2030y_SOC,cf_mean,72.30607
Netherlands Antilles,BRDC_Warm temperate dry_2030y_SOC,cf_mean,
New Caledonia,BRDC_Warm temperate dry_2030y_SOC,cf_mean,
New Zealand,BRDC_Warm temperate dry_2030y_SOC,cf_mean,100.83054
Nicaragua,BRDC_Warm temperate dry_2030y_SOC,cf_mean,
Niger,BRDC_Warm temperate dry_2030y_SOC,cf_mean,
Nigeria,BRDC_Warm temperate dry_2030y_SOC,cf_mean,
Niue,BRDC_Warm temperate dry_2030y_SOC,cf_mean,
Norfolk Island,BRDC_Warm temperate dry_2030y_SOC,cf_mean,
Northern Mariana Islands,BRDC_Warm temperate dry_2030y_SOC,cf_mean,
Norway,BRDC_Warm temperate dry_2030y_SOC,cf_mean,88.32166
Oman,BRDC_Warm temperate dry_2030y_SOC,cf_mean,
Pakistan,BRDC_Warm temperate dry_2030y_SOC,cf_mean,
Palau,BRDC_Warm temperate dry_2030y_SOC,cf_mean,
Palmyra Atoll,BRDC_Warm temperate dry_2030y_SOC,cf_mean,
Panama,BRDC_Warm temperate dry_2030y_SOC,cf_mean,
Papua New Guinea,BRDC_Warm temperate dry_2030y_SOC,cf_mean,
Paracel Islands,BRDC_Warm temperate dry_2030y_SOC,cf_mean,
Paraguay,BRDC_Warm temperate dry_2030y_SOC,cf_mean,
Peru,BRDC_Warm temperate dry_2030y_SOC,cf_mean,
Philippines,BRDC_Warm temperate dry_2030y_SOC,cf_mean,
Pitcairn,BRDC_Warm temperate dry_2030y_SOC,cf_mean,
Poland,BRDC_Warm temperate dry_2030y_SOC,cf_mean,50.348366
Portugal,BRDC_Warm temperate dry_2030y_SOC,cf_mean,
Puerto Rico,BRDC_Warm temperate dry_2030y_SOC,cf_mean,
Qatar,BRDC_Warm temperate dry_2030y_SOC,cf_mean,
Republic of Korea,BRDC_Warm temperate dry_2030y_SOC,cf_mean,54.09668
Romania,BRDC_Warm temperate dry_2030y_SOC,cf_mean,52.006294
Russian Federation,BRDC_Warm temperate dry_2030y_SOC,cf_mean,81.07182
Rwanda,BRDC_Warm temperate dry_2030y_SOC,cf_mean,
Réunion,BRDC_Warm temperate dry_2030y_SOC,cf_mean,
Saint Helena,BRDC_Warm temperate dry_2030y_SOC,cf_mean,
Saint Kitts and Nevis,BRDC_Warm temperate dry_2030y_SOC,cf_mean,
Saint Lucia,BRDC_Warm temperate dry_2030y_SOC,cf_mean,
Saint Pierre et Miquelon,BRDC_Warm temperate dry_2030y_SOC,cf_mean,
Saint Vincent and the Grenadines,BRDC_Warm temperate dry_2030y_SOC,cf_mean,
Samoa,BRDC_Warm temperate dry_2030y_SOC,cf_mean,
San Marino,BRDC_Warm temperate dry_2030y_SOC,cf_mean,
Sao Tome and Principe,BRDC_Warm temperate dry_2030y_SOC,cf_mean,
Saudi Arabia,BRDC_Warm temperate dry_2030y_SOC,cf_mean,
Scarborough Reef,BRDC_Warm temperate dry_2030y_SOC,cf_mean,
Senegal,BRDC_Warm temperate dry_2030y_SOC,cf_mean,
Senkaku Islands,BRDC_Warm temperate dry_2030y_SOC,cf_mean,
Serbia,BRDC_Warm temperate dry_2030y_SOC,cf_mean,56.715412
Seychelles,BRDC_Warm temperate dry_2030y_SOC,cf_mean,
Sierra Leone,BRDC_Warm temperate dry_2030y_SOC,cf_mean,
Singapore,BRDC_Warm temperate dry_2030y_SOC,cf_mean,
Slovakia,BRDC_Warm temperate dry_2030y_SOC,cf_mean,59.482937
Slovenia,BRDC_Warm temperate dry_2030y_SOC,cf_mean,72.21841
Solomon Islands,BRDC_Warm temperate dry_2030y_SOC,cf_mean,
Somalia,BRDC_Warm temperate dry_2030y_SOC,cf_mean,
South Africa,BRDC_Warm temperate dry_2030y_SOC,cf_mean,
South Georgia and the South Sandwich Islands,BRDC_Warm temperate dry_2030y_SOC,cf_mean,
South Sudan,BRDC_Warm temperate dry_2030y_SOC,cf_mean,
Spain,BRDC_Warm temperate dry_2030y_SOC,cf_mean,
Spratly Islands,BRDC_Warm temperate dry_2030y_SOC,cf_mean,
Sri Lanka,BRDC_Warm temperate dry_2030y_SOC,cf_mean,
Sudan,BRDC_Warm temperate dry_2030y_SOC,cf_mean,
Suriname,BRDC_Warm temperate dry_2030y_SOC,cf_mean,
Svalbard and Jan Mayen Islands,BRDC_Warm temperate dry_2030y_SOC,cf_mean,
Swaziland,BRDC_Warm temperate dry_2030y_SOC,cf_mean,
Sweden,BRDC_Warm temperate dry_2030y_SOC,cf_mean,93.22344
Switzerland,BRDC_Warm temperate dry_2030y_SOC,cf_mean,80.88724
Syrian Arab Republic,BRDC_Warm temperate dry_2030y_SOC,cf_mean,
Taiwan,BRDC_Warm temperate dry_2030y_SOC,cf_mean,
Tajikistan,BRDC_Warm temperate dry_2030y_SOC,cf_mean,76.05713
Thailand,BRDC_Warm temperate dry_2030y_SOC,cf_mean,
The former Yugoslav Republic of Macedonia,BRDC_Warm temperate dry_2030y_SOC,cf_mean,54.034092
Timor-Leste,BRDC_Warm temperate dry_2030y_SOC,cf_mean,
Togo,BRDC_Warm temperate dry_2030y_SOC,cf_mean,
Tokelau,BRDC_Warm temperate dry_2030y_SOC,cf_mean,
Tonga,BRDC_Warm temperate dry_2030y_SOC,cf_mean,
Trinidad and Tobago,BRDC_Warm temperate dry_2030y_SOC,cf_mean,
Tromelin Island,BRDC_Warm temperate dry_2030y_SOC,cf_mean,
Tunisia,BRDC_Warm temperate dry_2030y_SOC,cf_mean,
Turkey,BRDC_Warm temperate dry_2030y_SOC,cf_mean,62.20199
Turkmenistan,BRDC_Warm temperate dry_2030y_SOC,cf_mean,34.656544
Turks and Caicos islands,BRDC_Warm temperate dry_2030y_SOC,cf_mean,
Tuvalu,BRDC_Warm temperate dry_2030y_SOC,cf_mean,
U.K. of Great Britain and Northern Ireland,BRDC_Warm temperate dry_2030y_SOC,cf_mean,81.89011
Uganda,BRDC_Warm temperate dry_2030y_SOC,cf_mean,
Ukraine,BRDC_Warm temperate dry_2030y_SOC,cf_mean,66.221146
United Arab Emirates,BRDC_Warm temperate dry_2030y_SOC,cf_mean,
United Republic of Tanzania,BRDC_Warm temperate dry_2030y_SOC,cf_mean,
United States Virgin Islands,BRDC_Warm temperate dry_2030y_SOC,cf_mean,
United States of America,BRDC_Warm temperate dry_2030y_SOC,cf_mean,56.110752
Uruguay,BRDC_Warm temperate dry_2030y_SOC,cf_mean,
Uzbekistan,BRDC_Warm temperate dry_2030y_SOC,cf_mean,37.54785
Vanuatu,BRDC_Warm temperate dry_2030y_SOC,cf_mean,
Venezuela,BRDC_Warm temperate dry_2030y_SOC,cf_mean,
Viet Nam,BRDC_Warm temperate dry_2030y_SOC,cf_mean,
Wake Island,BRDC_Warm temperate dry_2030y_SOC,cf_mean,
Wallis and Futuna,BRDC_Warm temperate dry_2030y_SOC,cf_mean,
West Bank,BRDC_Warm temperate dry_2030y_SOC,cf_mean,
Western Sahara,BRDC_Warm temperate dry_2030y_SOC,cf_mean,
Yemen,BRDC_Warm temperate dry_2030y_SOC,cf_mean,
Zambia,BRDC_Warm temperate dry_2030y_SOC,cf_mean,
Zimbabwe,BRDC_Warm temperate dry_2030y_SOC,cf_mean,
Abyei,BRDC_Warm temperate dry_2030y_SOC,cf_median,
Afghanistan,BRDC_Warm temperate dry_2030y_SOC,cf_median,41.73834
Aksai Chin,BRDC_Warm temperate dry_2030y_SOC,cf_median,
Albania,BRDC_Warm temperate dry_2030y_SOC,cf_median,77.41722
Algeria,BRDC_Warm temperate dry_2030y_SOC,cf_median,
American Samoa,BRDC_Warm temperate dry_2030y_SOC,cf_median,
Andorra,BRDC_Warm temperate dry_2030y_SOC,cf_median,
Angola,BRDC_Warm temperate dry_2030y_SOC,cf_median,
Anguilla,BRDC_Warm temperate dry_2030y_SOC,cf_median,
Antarctica,BRDC_Warm temperate dry_2030y_SOC,cf_median,
Antigua and Barbuda,BRDC_Warm temperate dry_2030y_SOC,cf_median,
Argentina,BRDC_Warm temperate dry_2030y_SOC,cf_median,109.15377
Armenia,BRDC_Warm temperate dry_2030y_SOC,cf_median,
Aruba,BRDC_Warm temperate dry_2030y_SOC,cf_median,
Arunachal Pradesh,BRDC_Warm temperate dry_2030y_SOC,cf_median,
Ashmore and Cartier Islands,BRDC_Warm temperate dry_2030y_SOC,cf_median,
Australia,BRDC_Warm temperate dry_2030y_SOC,cf_median,
Austria,BRDC_Warm temperate dry_2030y_SOC,cf_median,75.64853
Azerbaijan,BRDC_Warm temperate dry_2030y_SOC,cf_median,
Azores Islands,BRDC_Warm temperate dry_2030y_SOC,cf_median,
Bahamas,BRDC_Warm temperate dry_2030y_SOC,cf_median,
Bahrain,BRDC_Warm temperate dry_2030y_SOC,cf_median,
Baker Island,BRDC_Warm temperate dry_2030y_SOC,cf_median,
Bangladesh,BRDC_Warm temperate dry_2030y_SOC,cf_median,
Barbados,BRDC_Warm temperate dry_2030y_SOC,cf_median,
Bassas da India,BRDC_Warm temperate dry_2030y_SOC,cf_median,
Belarus,BRDC_Warm temperate dry_2030y_SOC,cf_median,59.054344
Belgium,BRDC_Warm temperate dry_2030y_SOC,cf_median,60.640682
Belize,BRDC_Warm temperate dry_2030y_SOC,cf_median,
Benin,BRDC_Warm temperate dry_2030y_SOC,cf_median,
Bermuda,BRDC_Warm temperate dry_2030y_SOC,cf_median,
Bhutan,BRDC_Warm temperate dry_2030y_SOC,cf_median,
Bird Island,BRDC_Warm temperate dry_2030y_SOC,cf_median,
Bolivia,BRDC_Warm temperate dry_2030y_SOC,cf_median,
Bosnia and Herzegovina,BRDC_Warm temperate dry_2030y_SOC,cf_median,68.0545
Botswana,BRDC_Warm temperate dry_2030y_SOC,cf_median,
Bouvet Island,BRDC_Warm temperate dry_2030y_SOC,cf_median,
Brazil,BRDC_Warm temperate dry_2030y_SOC,cf_median,
British Indian Ocean Territory,BRDC_Warm temperate dry_2030y_SOC,cf_median,
British Virgin Islands,BRDC_Warm temperate dry_2030y_SOC,cf_median,
Brunei Darussalam,BRDC_Warm temperate dry_2030y_SOC,cf_median,
Bulgaria,BRDC_Warm temperate dry_2030y_SOC,cf_median,50.223137
Burkina Faso,BRDC_Warm temperate dry_2030y_SOC,cf_median,
Burundi,BRDC_Warm temperate dry_2030y_SOC,cf_median,
Cambodia,BRDC_Warm temperate dry_2030y_SOC,cf_median,
Cameroon,BRDC_Warm temperate dry_2030y_SOC,cf_median,
Canada,BRDC_Warm temperate dry_2030y_SOC,cf_median,69.25678
Cape Verde,BRDC_Warm temperate dry_2030y_SOC,cf_median,
Cayman Islands,BRDC_Warm temperate dry_2030y_SOC,cf_median,
Central African Republic,BRDC_Warm temperate dry_2030y_SOC,cf_median,
Chad,BRDC_Warm temperate dry_2030y_SOC,cf_median,
Chile,BRDC_Warm temperate dry_2030y_SOC,cf_median,126.32345
China,BRDC_Warm temperate dry_2030y_SOC,cf_median,46.68411
China/India,BRDC_Warm temperate dry_2030y_SOC,cf_median,
Christmas Island,BRDC_Warm temperate dry_2030y_SOC,cf_median,
Clipperton Island,BRDC_Warm temperate dry_2030y_SOC,cf_median,
Cocos (Keeling) Islands,BRDC_Warm temperate dry_2030y_SOC,cf_median,
Colombia,BRDC_Warm temperate dry_2030y_SOC,cf_median,
Comoros,BRDC_Warm temperate dry_2030y_SOC,cf_median,
Congo,BRDC_Warm temperate dry_2030y_SOC,cf_median,
Cook Islands,BRDC_Warm temperate dry_2030y_SOC,cf_median,
Costa Rica,BRDC_Warm temperate dry_2030y_SOC,cf_median,
Croatia,BRDC_Warm temperate dry_2030y_SOC,cf_median,54.583366
Cuba,BRDC_Warm temperate dry_2030y_SOC,cf_median,
Cyprus,BRDC_Warm temperate dry_2030y_SOC,cf_median,
Czech Republic,BRDC_Warm temperate dry_2030y_SOC,cf_median,55.901077
Côte d'Ivoire,BRDC_Warm temperate dry_2030y_SOC,cf_median,
Dem People's Rep of Korea,BRDC_Warm temperate dry_2030y_SOC,cf_median,54.133522
Democratic Republic of the Congo,BRDC_Warm temperate dry_2030y_SOC,cf_median,
Denmark,BRDC_Warm temperate dry_2030y_SOC,cf_median,58.658947
Djibouti,BRDC_Warm temperate dry_2030y_SOC,cf_median,
Dominica,BRDC_Warm temperate dry_2030y_SOC,cf_median,
Dominican Republic,BRDC_Warm temperate dry_2030y_SOC,cf_median,
Ecuador,BRDC_Warm temperate dry_2030y_SOC,cf_median,
Egypt,BRDC_Warm temperate dry_2030y_SOC,cf_median,
El Salvador,BRDC_Warm temperate dry_2030y_SOC,cf_median,
Equatorial Guinea,BRDC_Warm temperate dry_2030y_SOC,cf_median,
Eritrea,BRDC_Warm temperate dry_2030y_SOC,cf_median,
Estonia,BRDC_Warm temperate dry_2030y_SOC,cf_median,93.14243
Ethiopia,BRDC_Warm temperate dry_2030y_SOC,cf_median,
Europa Island,BRDC_Warm temperate dry_2030y_SOC,cf_median,
Falkland Islands (Malvinas),BRDC_Warm temperate dry_2030y_SOC,cf_median,
Faroe Islands,BRDC_Warm temperate dry_2030y_SOC,cf_median,
Fiji,BRDC_Warm temperate dry_2030y_SOC,cf_median,
Finland,BRDC_Warm temperate dry_2030y_SOC,cf_median,103.14918
France,BRDC_Warm temperate dry_2030y_SOC,cf_median,57.687206
French Guiana,BRDC_Warm temperate dry_2030y_SOC,cf_median,
French Polynesia,BRDC_Warm temperate dry_2030y_SOC,cf_median,
French Southern and Antarctic Territories,BRDC_Warm temperate dry_2030y_SOC,cf_median,
Gabon,BRDC_Warm temperate dry_2030y_SOC,cf_median,
Gambia,BRDC_Warm temperate dry_2030y_SOC,cf_median,
Gaza Strip,BRDC_Warm temperate dry_2030y_SOC,cf_median,
Georgia,BRDC_Warm temperate dry_2030y_SOC,cf_median,75.45502
Germany,BRDC_Warm temperate dry_2030y_SOC,cf_median,59.928833
Ghana,BRDC_Warm temperate dry_2030y_SOC,cf_median,
Gibraltar,BRDC_Warm temperate dry_2030y_SOC,cf_median,
Glorioso Island,BRDC_Warm temperate dry_2030y_SOC,cf_median,
Greece,BRDC_Warm temperate dry_2030y_SOC,cf_median,46.965076
Greenland,BRDC_Warm temperate dry_2030y_SOC,cf_median,
Grenada,BRDC_Warm temperate dry_2030y_SOC,cf_median,
Guadeloupe,BRDC_Warm temperate dry_2030y_SOC,cf_median,
Guam,BRDC_Warm temperate dry_2030y_SOC,cf_median,
Guatemala,BRDC_Warm temperate dry_2030y_SOC,cf_median,
Guernsey,BRDC_Warm temperate dry_2030y_SOC,cf_median,
Guinea,BRDC_Warm temperate dry_2030y_SOC,cf_median,
Guinea-Bissau,BRDC_Warm temperate dry_2030y_SOC,cf_median,
Guyana,BRDC_Warm temperate dry_2030y_SOC,cf_median,
Haiti,BRDC_Warm temperate dry_2030y_SOC,cf_median,
Hala'ib triangle,BRDC_Warm temperate dry_2030y_SOC,cf_median,
Heard Island and McDonald Islands,BRDC_Warm temperate dry_2030y_SOC,cf_median,
Holy See,BRDC_Warm temperate dry_2030y_SOC,cf_median,
Honduras,BRDC_Warm temperate dry_2030y_SOC,cf_median,
Hong Kong,BRDC_Warm temperate dry_2030y_SOC,cf_median,
Howland Island,BRDC_Warm temperate dry_2030y_SOC,cf_median,
Hungary,BRDC_Warm temperate dry_2030y_SOC,cf_median,52.689083
Iceland,BRDC_Warm temperate dry_2030y_SOC,cf_median,
Ilemi triangle,BRDC_Warm temperate dry_2030y_SOC,cf_median,
India,BRDC_Warm temperate dry_2030y_SOC,cf_median,
Indonesia,BRDC_Warm temperate dry_2030y_SOC,cf_median,
Iran  (Islamic Republic of),BRDC_Warm temperate dry_2030y_SOC,cf_median,66.101425
Iraq,BRDC_Warm temperate dry_2030y_SOC,cf_median,
Ireland,BRDC_Warm temperate dry_2030y_SOC,cf_median,87.856
Isle of Man,BRDC_Warm temperate dry_2030y_SOC,cf_median,
Israel,BRDC_Warm temperate dry_2030y_SOC,cf_median,
Italy,BRDC_Warm temperate dry_2030y_SOC,cf_median,63.63379
Jamaica,BRDC_Warm temperate dry_2030y_SOC,cf_median,
Jammu and Kashmir,BRDC_Warm temperate dry_2030y_SOC,cf_median,
Japan,BRDC_Warm temperate dry_2030y_SOC,cf_median,72.99286
Jarvis Island,BRDC_Warm temperate dry_2030y_SOC,cf_median,
Jersey,BRDC_Warm temperate dry_2030y_SOC,cf_median,
Johnston Atoll,BRDC_Warm temperate dry_2030y_SOC,cf_median,
Jordan,BRDC_Warm temperate dry_2030y_SOC,cf_median,
Juan de Nova Island,BRDC_Warm temperate dry_2030y_SOC,cf_median,
Kazakhstan,BRDC_Warm temperate dry_2030y_SOC,cf_median,68.045845
Kenya,BRDC_Warm temperate dry_2030y_SOC,cf_median,
Kingman Reef,BRDC_Warm temperate dry_2030y_SOC,cf_median,
Kiribati,BRDC_Warm temperate dry_2030y_SOC,cf_median,
Kuril islands,BRDC_Warm temperate dry_2030y_SOC,cf_median,
Kuwait,BRDC_Warm temperate dry_2030y_SOC,cf_median,
Kyrgyzstan,BRDC_Warm temperate dry_2030y_SOC,cf_median,82.28266
Lao People's Democratic Republic,BRDC_Warm temperate dry_2030y_SOC,cf_median,
Latvia,BRDC_Warm temperate dry_2030y_SOC,cf_median,75.972336
Lebanon,BRDC_Warm temperate dry_2030y_SOC,cf_median,
Lesotho,BRDC_Warm temperate dry_2030y_SOC,cf_median,
Liberia,BRDC_Warm temperate dry_2030y_SOC,cf_median,
Libya,BRDC_Warm temperate dry_2030y_SOC,cf_median,
Liechtenstein,BRDC_Warm temperate dry_2030y_SOC,cf_median,84.35784
Lithuania,BRDC_Warm temperate dry_2030y_SOC,cf_median,62.180405
Luxembourg,BRDC_Warm temperate dry_2030y_SOC,cf_median,66.88866
Ma'tan al-Sarra,BRDC_Warm temperate dry_2030y_SOC,cf_median,
Macau,BRDC_Warm temperate dry_2030y_SOC,cf_median,
Madagascar,BRDC_Warm temperate dry_2030y_SOC,cf_median,
Madeira Islands,BRDC_Warm temperate dry_2030y_SOC,cf_median,
Malawi,BRDC_Warm temperate dry_2030y_SOC,cf_median,
Malaysia,BRDC_Warm temperate dry_2030y_SOC,cf_median,
Maldives,BRDC_Warm temperate dry_2030y_SOC,cf_median,
Mali,BRDC_Warm temperate dry_2030y_SOC,cf_median,
Malta,BRDC_Warm temperate dry_2030y_SOC,cf_median,
Marshall Islands,BRDC_Warm temperate dry_2030y_SOC,cf_median,
Martinique,BRDC_Warm temperate dry_2030y_SOC,cf_median,
Mauritania,BRDC_Warm temperate dry_2030y_SOC,cf_median,
Mauritius,BRDC_Warm temperate dry_2030y_SOC,cf_median,
Mayotte,BRDC_Warm temperate dry_2030y_SOC,cf_median,
Mexico,BRDC_Warm temperate dry_2030y_SOC,cf_median,
Micronesia (Federated States of),BRDC_Warm temperate dry_2030y_SOC,cf_median,
Midway Island,BRDC_Warm temperate dry_2030y_SOC,cf_median,
"Moldova, Republic of",BRDC_Warm temperate dry_2030y_SOC,cf_median,64.49664
Monaco,BRDC_Warm temperate dry_2030y_SOC,cf_median,
Mongolia,BRDC_Warm temperate dry_2030y_SOC,cf_median,79.808525
Montenegro,BRDC_Warm temperate dry_2030y_SOC,cf_median,80.77432
Montserrat,BRDC_Warm temperate dry_2030y_SOC,cf_median,
Morocco,BRDC_Warm temperate dry_2030y_SOC,cf_median,
Mozambique,BRDC_Warm temperate dry_2030y_SOC,cf_median,
Myanmar,BRDC_Warm temperate dry_2030y_SOC,cf_median,
Namibia,BRDC_Warm temperate dry_2030y_SOC,cf_median,
Nauru,BRDC_Warm temperate dry_2030y_SOC,cf_median,
Navassa Island,BRDC_Warm temperate dry_2030y_SOC,cf_median,
Nepal,BRDC_Warm temperate dry_2030y_SOC,cf_median,
Netherlands,BRDC_Warm temperate dry_2030y_SOC,cf_median,66.27285
Netherlands Antilles,BRDC_Warm temperate dry_2030y_SOC,cf_median,
New Caledonia,BRDC_Warm temperate dry_2030y_SOC,cf_median,
New Zealand,BRDC_Warm temperate dry_2030y_SOC,cf_median,99.46808
Nicaragua,BRDC_Warm temperate dry_2030y_SOC,cf_median,
Niger,BRDC_Warm temperate dry_2030y_SOC,cf_median,
Nigeria,BRDC_Warm temperate dry_2030y_SOC,cf_median,
Niue,BRDC_Warm temperate dry_2030y_SOC,cf_median,
Norfolk Island,BRDC_Warm temperate dry_2030y_SOC,cf_median,
Northern Mariana Islands,BRDC_Warm temperate dry_2030y_SOC,cf_median,
Norway,BRDC_Warm temperate dry_2030y_SOC,cf_median,88.358734
Oman,BRDC_Warm temperate dry_2030y_SOC,cf_median,
Pakistan,BRDC_Warm temperate dry_2030y_SOC,cf_median,
Palau,BRDC_Warm temperate dry_2030y_SOC,cf_median,
Palmyra Atoll,BRDC_Warm temperate dry_2030y_SOC,cf_median,
Panama,BRDC_Warm temperate dry_2030y_SOC,cf_median,
Papua New Guinea,BRDC_Warm temperate dry_2030y_SOC,cf_median,
Paracel Islands,BRDC_Warm temperate dry_2030y_SOC,cf_median,
Paraguay,BRDC_Warm temperate dry_2030y_SOC,cf_median,
Peru,BRDC_Warm temperate dry_2030y_SOC,cf_median,
Philippines,BRDC_Warm temperate dry_2030y_SOC,cf_median,
Pitcairn,BRDC_Warm temperate dry_2030y_SOC,cf_median,
Poland,BRDC_Warm temperate dry_2030y_SOC,cf_median,49.232563
Portugal,BRDC_Warm temperate dry_2030y_SOC,cf_median,
Puerto Rico,BRDC_Warm temperate dry_2030y_SOC,cf_median,
Qatar,BRDC_Warm temperate dry_2030y_SOC,cf_median,
Republic of Korea,BRDC_Warm temperate dry_2030y_SOC,cf_median,48.601955
Romania,BRDC_Warm temperate dry_2030y_SOC,cf_median,50.097862
Russian Federation,BRDC_Warm temperate dry_2030y_SOC,cf_median,80.27309
Rwanda,BRDC_Warm temperate dry_2030y_SOC,cf_median,
Réunion,BRDC_Warm temperate dry_2030y_SOC,cf_median,
Saint Helena,BRDC_Warm temperate dry_2030y_SOC,cf_median,
Saint Kitts and Nevis,BRDC_Warm temperate dry_2030y_SOC,cf_median,
Saint Lucia,BRDC_Warm temperate dry_2030y_SOC,cf_median,
Saint Pierre et Miquelon,BRDC_Warm temperate dry_2030y_SOC,cf_median,
Saint Vincent and the Grenadines,BRDC_Warm temperate dry_2030y_SOC,cf_median,
Samoa,BRDC_Warm temperate dry_2030y_SOC,cf_median,
San Marino,BRDC_Warm temperate dry_2030y_SOC,cf_median,
Sao Tome and Principe,BRDC_Warm temperate dry_2030y_SOC,cf_median,
Saudi Arabia,BRDC_Warm temperate dry_2030y_SOC,cf_median,
Scarborough Reef,BRDC_Warm temperate dry_2030y_SOC,cf_median,
Senegal,BRDC_Warm temperate dry_2030y_SOC,cf_median,
Senkaku Islands,BRDC_Warm temperate dry_2030y_SOC,cf_median,
Serbia,BRDC_Warm temperate dry_2030y_SOC,cf_median,54.8389
Seychelles,BRDC_Warm temperate dry_2030y_SOC,cf_median,
Sierra Leone,BRDC_Warm temperate dry_2030y_SOC,cf_median,
Singapore,BRDC_Warm temperate dry_2030y_SOC,cf_median,
Slovakia,BRDC_Warm temperate dry_2030y_SOC,cf_median,57.954525
Slovenia,BRDC_Warm temperate dry_2030y_SOC,cf_median,72.945656
Solomon Islands,BRDC_Warm temperate dry_2030y_SOC,cf_median,
Somalia,BRDC_Warm temperate dry_2030y_SOC,cf_median,
South Africa,BRDC_Warm temperate dry_2030y_SOC,cf_median,
South Georgia and the South Sandwich Islands,BRDC_Warm temperate dry_2030y_SOC,cf_median,
South Sudan,BRDC_Warm temperate dry_2030y_SOC,cf_median,
Spain,BRDC_Warm temperate dry_2030y_SOC,cf_median,
Spratly Islands,BRDC_Warm temperate dry_2030y_SOC,cf_median,
Sri Lanka,BRDC_Warm temperate dry_2030y_SOC,cf_median,
Sudan,BRDC_Warm temperate dry_2030y_SOC,cf_median,
Suriname,BRDC_Warm temperate dry_2030y_SOC,cf_median,
Svalbard and Jan Mayen Islands,BRDC_Warm temperate dry_2030y_SOC,cf_median,
Swaziland,BRDC_Warm temperate dry_2030y_SOC,cf_median,
Sweden,BRDC_Warm temperate dry_2030y_SOC,cf_median,93.26398
Switzerland,BRDC_Warm temperate dry_2030y_SOC,cf_median,80.784454
Syrian Arab Republic,BRDC_Warm temperate dry_2030y_SOC,cf_median,
Taiwan,BRDC_Warm temperate dry_2030y_SOC,cf_median,
Tajikistan,BRDC_Warm temperate dry_2030y_SOC,cf_median,77.107506
Thailand,BRDC_Warm temperate dry_2030y_SOC,cf_median,
The former Yugoslav Republic of Macedonia,BRDC_Warm temperate dry_2030y_SOC,cf_median,51.290073
Timor-Leste,BRDC_Warm temperate dry_2030y_SOC,cf_median,
Togo,BRDC_Warm temperate dry_2030y_SOC,cf_median,
Tokelau,BRDC_Warm temperate dry_2030y_SOC,cf_median,
Tonga,BRDC_Warm temperate dry_2030y_SOC,cf_median,
Trinidad and Tobago,BRDC_Warm temperate dry_2030y_SOC,cf_median,
Tromelin Island,BRDC_Warm temperate dry_2030y_SOC,cf_median,
Tunisia,BRDC_Warm temperate dry_2030y_SOC,cf_median,
Turkey,BRDC_Warm temperate dry_2030y_SOC,cf_median,61.885006
Turkmenistan,BRDC_Warm temperate dry_2030y_SOC,cf_median,33.430798
Turks and Caicos islands,BRDC_Warm temperate dry_2030y_SOC,cf_median,
Tuvalu,BRDC_Warm temperate dry_2030y_SOC,cf_median,
U.K. of Great Britain and Northern Ireland,BRDC_Warm temperate dry_2030y_SOC,cf_median,79.2198
Uganda,BRDC_Warm temperate dry_2030y_SOC,cf_median,
Ukraine,BRDC_Warm temperate dry_2030y_SOC,cf_median,65.40049
United Arab Emirates,BRDC_Warm temperate dry_2030y_SOC,cf_median,
United Republic of Tanzania,BRDC_Warm temperate dry_2030y_SOC,cf_median,
United States Virgin Islands,BRDC_Warm temperate dry_2030y_SOC,cf_median,
United States of America,BRDC_Warm temperate dry_2030y_SOC,cf_median,53.941113
Uruguay,BRDC_Warm temperate dry_2030y_SOC,cf_median,
Uzbekistan,BRDC_Warm temperate dry_2030y_SOC,cf_median,37.571686
Vanuatu,BRDC_Warm temperate dry_2030y_SOC,cf_median,
Venezuela,BRDC_Warm temperate dry_2030y_SOC,cf_median,
Viet Nam,BRDC_Warm temperate dry_2030y_SOC,cf_median,
Wake Island,BRDC_Warm temperate dry_2030y_SOC,cf_median,
Wallis and Futuna,BRDC_Warm temperate dry_2030y_SOC,cf_median,
West Bank,BRDC_Warm temperate dry_2030y_SOC,cf_median,
Western Sahara,BRDC_Warm temperate dry_2030y_SOC,cf_median,
Yemen,BRDC_Warm temperate dry_2030y_SOC,cf_median,
Zambia,BRDC_Warm temperate dry_2030y_SOC,cf_median,
Zimbabwe,BRDC_Warm temperate dry_2030y_SOC,cf_median,
Abyei,BRDC_Warm temperate dry_2030y_SOC,cf_std,
Afghanistan,BRDC_Warm temperate dry_2030y_SOC,cf_std,13.087538
Aksai Chin,BRDC_Warm temperate dry_2030y_SOC,cf_std,
Albania,BRDC_Warm temperate dry_2030y_SOC,cf_std,5.874101
Algeria,BRDC_Warm temperate dry_2030y_SOC,cf_std,
American Samoa,BRDC_Warm temperate dry_2030y_SOC,cf_std,
Andorra,BRDC_Warm temperate dry_2030y_SOC,cf_std,
Angola,BRDC_Warm temperate dry_2030y_SOC,cf_std,
Anguilla,BRDC_Warm temperate dry_2030y_SOC,cf_std,
Antarctica,BRDC_Warm temperate dry_2030y_SOC,cf_std,
Antigua and Barbuda,BRDC_Warm temperate dry_2030y_SOC,cf_std,
Argentina,BRDC_Warm temperate dry_2030y_SOC,cf_std,15.673648
Armenia,BRDC_Warm temperate dry_2030y_SOC,cf_std,
Aruba,BRDC_Warm temperate dry_2030y_SOC,cf_std,
Arunachal Pradesh,BRDC_Warm temperate dry_2030y_SOC,cf_std,
Ashmore and Cartier Islands,BRDC_Warm temperate dry_2030y_SOC,cf_std,
Australia,BRDC_Warm temperate dry_2030y_SOC,cf_std,
Austria,BRDC_Warm temperate dry_2030y_SOC,cf_std,14.006547
Azerbaijan,BRDC_Warm temperate dry_2030y_SOC,cf_std,
Azores Islands,BRDC_Warm temperate dry_2030y_SOC,cf_std,
Bahamas,BRDC_Warm temperate dry_2030y_SOC,cf_std,
Bahrain,BRDC_Warm temperate dry_2030y_SOC,cf_std,
Baker Island,BRDC_Warm temperate dry_2030y_SOC,cf_std,
Bangladesh,BRDC_Warm temperate dry_2030y_SOC,cf_std,
Barbados,BRDC_Warm temperate dry_2030y_SOC,cf_std,
Bassas da India,BRDC_Warm temperate dry_2030y_SOC,cf_std,
Belarus,BRDC_Warm temperate dry_2030y_SOC,cf_std,4.329487
Belgium,BRDC_Warm temperate dry_2030y_SOC,cf_std,8.808938
Belize,BRDC_Warm temperate dry_2030y_SOC,cf_std,
Benin,BRDC_Warm temperate dry_2030y_SOC,cf_std,
Bermuda,BRDC_Warm temperate dry_2030y_SOC,cf_std,
Bhutan,BRDC_Warm temperate dry_2030y_SOC,cf_std,
Bird Island,BRDC_Warm temperate dry_2030y_SOC,cf_std,
Bolivia,BRDC_Warm temperate dry_2030y_SOC,cf_std,
Bosnia and Herzegovina,BRDC_Warm temperate dry_2030y_SOC,cf_std,11.7742605
Botswana,BRDC_Warm temperate dry_2030y_SOC,cf_std,
Bouvet Island,BRDC_Warm temperate dry_2030y_SOC,cf_std,
Brazil,BRDC_Warm temperate dry_2030y_SOC,cf_std,
British Indian Ocean Territory,BRDC_Warm temperate dry_2030y_SOC,cf_std,
British Virgin Islands,BRDC_Warm temperate dry_2030y_SOC,cf_std,
Brunei Darussalam,BRDC_Warm temperate dry_2030y_SOC,cf_std,
Bulgaria,BRDC_Warm temperate dry_2030y_SOC,cf_std,5.409383
Burkina Faso,BRDC_Warm temperate dry_2030y_SOC,cf_std,
Burundi,BRDC_Warm temperate dry_2030y_SOC,cf_std,
Cambodia,BRDC_Warm temperate dry_2030y_SOC,cf_std,
Cameroon,BRDC_Warm temperate dry_2030y_SOC,cf_std,
Canada,BRDC_Warm temperate dry_2030y_SOC,cf_std,13.23746
Cape Verde,BRDC_Warm temperate dry_2030y_SOC,cf_std,
Cayman Islands,BRDC_Warm temperate dry_2030y_SOC,cf_std,
Central African Republic,BRDC_Warm temperate dry_2030y_SOC,cf_std,
Chad,BRDC_Warm temperate dry_2030y_SOC,cf_std,
Chile,BRDC_Warm temperate dry_2030y_SOC,cf_std,15.366682
China,BRDC_Warm temperate dry_2030y_SOC,cf_std,16.518661
China/India,BRDC_Warm temperate dry_2030y_SOC,cf_std,
Christmas Island,BRDC_Warm temperate dry_2030y_SOC,cf_std,
Clipperton Island,BRDC_Warm temperate dry_2030y_SOC,cf_std,
Cocos (Keeling) Islands,BRDC_Warm temperate dry_2030y_SOC,cf_std,
Colombia,BRDC_Warm temperate dry_2030y_SOC,cf_std,
Comoros,BRDC_Warm temperate dry_2030y_SOC,cf_std,
Congo,BRDC_Warm temperate dry_2030y_SOC,cf_std,
Cook Islands,BRDC_Warm temperate dry_2030y_SOC,cf_std,
Costa Rica,BRDC_Warm temperate dry_2030y_SOC,cf_std,
Croatia,BRDC_Warm temperate dry_2030y_SOC,cf_std,11.999824
Cuba,BRDC_Warm temperate dry_2030y_SOC,cf_std,
Cyprus,BRDC_Warm temperate dry_2030y_SOC,cf_std,
Czech Republic,BRDC_Warm temperate dry_2030y_SOC,cf_std,5.5614057
Côte d'Ivoire,BRDC_Warm temperate dry_2030y_SOC,cf_std,
Dem People's Rep of Korea,BRDC_Warm temperate dry_2030y_SOC,cf_std,8.879293
Democratic Republic of the Congo,BRDC_Warm temperate dry_2030y_SOC,cf_std,
Denmark,BRDC_Warm temperate dry_2030y_SOC,cf_std,14.269531
Djibouti,BRDC_Warm temperate dry_2030y_SOC,cf_std,
Dominica,BRDC_Warm temperate dry_2030y_SOC,cf_std,
Dominican Republic,BRDC_Warm temperate dry_2030y_SOC,cf_std,
Ecuador,BRDC_Warm temperate dry_2030y_SOC,cf_std,
Egypt,BRDC_Warm temperate dry_2030y_SOC,cf_std,
El Salvador,BRDC_Warm temperate dry_2030y_SOC,cf_std,
Equatorial Guinea,BRDC_Warm temperate dry_2030y_SOC,cf_std,
Eritrea,BRDC_Warm temperate dry_2030y_SOC,cf_std,
Estonia,BRDC_Warm temperate dry_2030y_SOC,cf_std,18.157902
Ethiopia,BRDC_Warm temperate dry_2030y_SOC,cf_std,
Europa Island,BRDC_Warm temperate dry_2030y_SOC,cf_std,
Falkland Islands (Malvinas),BRDC_Warm temperate dry_2030y_SOC,cf_std,
Faroe Islands,BRDC_Warm temperate dry_2030y_SOC,cf_std,
Fiji,BRDC_Warm temperate dry_2030y_SOC,cf_std,
Finland,BRDC_Warm temperate dry_2030y_SOC,cf_std,4.7607484
France,BRDC_Warm temperate dry_2030y_SOC,cf_std,11.596643
French Guiana,BRDC_Warm temperate dry_2030y_SOC,cf_std,
French Polynesia,BRDC_Warm temperate dry_2030y_SOC,cf_std,
French Southern and Antarctic Territories,BRDC_Warm temperate dry_2030y_SOC,cf_std,
Gabon,BRDC_Warm temperate dry_2030y_SOC,cf_std,
Gambia,BRDC_Warm temperate dry_2030y_SOC,cf_std,
Gaza Strip,BRDC_Warm temperate dry_2030y_SOC,cf_std,
Georgia,BRDC_Warm temperate dry_2030y_SOC,cf_std,7.8843446
Germany,BRDC_Warm temperate dry_2030y_SOC,cf_std,9.224001
Ghana,BRDC_Warm temperate dry_2030y_SOC,cf_std,
Gibraltar,BRDC_Warm temperate dry_2030y_SOC,cf_std,
Glorioso Island,BRDC_Warm temperate dry_2030y_SOC,cf_std,
Greece,BRDC_Warm temperate dry_2030y_SOC,cf_std,5.2882586
Greenland,BRDC_Warm temperate dry_2030y_SOC,cf_std,
Grenada,BRDC_Warm temperate dry_2030y_SOC,cf_std,
Guadeloupe,BRDC_Warm temperate dry_2030y_SOC,cf_std,
Guam,BRDC_Warm temperate dry_2030y_SOC,cf_std,
Guatemala,BRDC_Warm temperate dry_2030y_SOC,cf_std,
Guernsey,BRDC_Warm temperate dry_2030y_SOC,cf_std,
Guinea,BRDC_Warm temperate dry_2030y_SOC,cf_std,
Guinea-Bissau,BRDC_Warm temperate dry_2030y_SOC,cf_std,
Guyana,BRDC_Warm temperate dry_2030y_SOC,cf_std,
Haiti,BRDC_Warm temperate dry_2030y_SOC,cf_std,
Hala'ib triangle,BRDC_Warm temperate dry_2030y_SOC,cf_std,
Heard Island and McDonald Islands,BRDC_Warm temperate dry_2030y_SOC,cf_std,
Holy See,BRDC_Warm temperate dry_2030y_SOC,cf_std,
Honduras,BRDC_Warm temperate dry_2030y_SOC,cf_std,
Hong Kong,BRDC_Warm temperate dry_2030y_SOC,cf_std,
Howland Island,BRDC_Warm temperate dry_2030y_SOC,cf_std,
Hungary,BRDC_Warm temperate dry_2030y_SOC,cf_std,5.746038
Iceland,BRDC_Warm temperate dry_2030y_SOC,cf_std,
Ilemi triangle,BRDC_Warm temperate dry_2030y_SOC,cf_std,
India,BRDC_Warm temperate dry_2030y_SOC,cf_std,
Indonesia,BRDC_Warm temperate dry_2030y_SOC,cf_std,
Iran  (Islamic Republic of),BRDC_Warm temperate dry_2030y_SOC,cf_std,0.09737339
Iraq,BRDC_Warm temperate dry_2030y_SOC,cf_std,
Ireland,BRDC_Warm temperate dry_2030y_SOC,cf_std,12.539307
Isle of Man,BRDC_Warm temperate dry_2030y_SOC,cf_std,
Israel,BRDC_Warm temperate dry_2030y_SOC,cf_std,
Italy,BRDC_Warm temperate dry_2030y_SOC,cf_std,11.681954
Jamaica,BRDC_Warm temperate dry_2030y_SOC,cf_std,
Jammu and Kashmir,BRDC_Warm temperate dry_2030y_SOC,cf_std,
Japan,BRDC_Warm temperate dry_2030y_SOC,cf_std,18.021664
Jarvis Island,BRDC_Warm temperate dry_2030y_SOC,cf_std,
Jersey,BRDC_Warm temperate dry_2030y_SOC,cf_std,
Johnston Atoll,BRDC_Warm temperate dry_2030y_SOC,cf_std,
Jordan,BRDC_Warm temperate dry_2030y_SOC,cf_std,
Juan de Nova Island,BRDC_Warm temperate dry_2030y_SOC,cf_std,
Kazakhstan,BRDC_Warm temperate dry_2030y_SOC,cf_std,11.605768
Kenya,BRDC_Warm temperate dry_2030y_SOC,cf_std,
Kingman Reef,BRDC_Warm temperate dry_2030y_SOC,cf_std,
Kiribati,BRDC_Warm temperate dry_2030y_SOC,cf_std,
Kuril islands,BRDC_Warm temperate dry_2030y_SOC,cf_std,
Kuwait,BRDC_Warm temperate dry_2030y_SOC,cf_std,
Kyrgyzstan,BRDC_Warm temperate dry_2030y_SOC,cf_std,5.9930754
Lao People's Democratic Republic,BRDC_Warm temperate dry_2030y_SOC,cf_std,
Latvia,BRDC_Warm temperate dry_2030y_SOC,cf_std,6.7361016
Lebanon,BRDC_Warm temperate dry_2030y_SOC,cf_std,
Lesotho,BRDC_Warm temperate dry_2030y_SOC,cf_std,
Liberia,BRDC_Warm temperate dry_2030y_SOC,cf_std,
Libya,BRDC_Warm temperate dry_2030y_SOC,cf_std,
Liechtenstein,BRDC_Warm temperate dry_2030y_SOC,cf_std,4.224021
Lithuania,BRDC_Warm temperate dry_2030y_SOC,cf_std,6.2661242
Luxembourg,BRDC_Warm temperate dry_2030y_SOC,cf_std,2.8463862
Ma'tan al-Sarra,BRDC_Warm temperate dry_2030y_SOC,cf_std,
Macau,BRDC_Warm temperate dry_2030y_SOC,cf_std,
Madagascar,BRDC_Warm temperate dry_2030y_SOC,cf_std,
Madeira Islands,BRDC_Warm temperate dry_2030y_SOC,cf_std,
Malawi,BRDC_Warm temperate dry_2030y_SOC,cf_std,
Malaysia,BRDC_Warm temperate dry_2030y_SOC,cf_std,
Maldives,BRDC_Warm temperate dry_2030y_SOC,cf_std,
Mali,BRDC_Warm temperate dry_2030y_SOC,cf_std,
Malta,BRDC_Warm temperate dry_2030y_SOC,cf_std,
Marshall Islands,BRDC_Warm temperate dry_2030y_SOC,cf_std,
Martinique,BRDC_Warm temperate dry_2030y_SOC,cf_std,
Mauritania,BRDC_Warm temperate dry_2030y_SOC,cf_std,
Mauritius,BRDC_Warm temperate dry_2030y_SOC,cf_std,
Mayotte,BRDC_Warm temperate dry_2030y_SOC,cf_std,
Mexico,BRDC_Warm temperate dry_2030y_SOC,cf_std,
Micronesia (Federated States of),BRDC_Warm temperate dry_2030y_SOC,cf_std,
Midway Island,BRDC_Warm temperate dry_2030y_SOC,cf_std,
"Moldova, Republic of",BRDC_Warm temperate dry_2030y_SOC,cf_std,4.9662213
Monaco,BRDC_Warm temperate dry_2030y_SOC,cf_std,
Mongolia,BRDC_Warm temperate dry_2030y_SOC,cf_std,13.186881
Montenegro,BRDC_Warm temperate dry_2030y_SOC,cf_std,3.745305
Montserrat,BRDC_Warm temperate dry_2030y_SOC,cf_std,
Morocco,BRDC_Warm temperate dry_2030y_SOC,cf_std,
Mozambique,BRDC_Warm temperate dry_2030y_SOC,cf_std,
Myanmar,BRDC_Warm temperate dry_2030y_SOC,cf_std,
Namibia,BRDC_Warm temperate dry_2030y_SOC,cf_std,
Nauru,BRDC_Warm temperate dry_2030y_SOC,cf_std,
Navassa Island,BRDC_Warm temperate dry_2030y_SOC,cf_std,
Nepal,BRDC_Warm temperate dry_2030y_SOC,cf_std,
Netherlands,BRDC_Warm temperate dry_2030y_SOC,cf_std,18.375328
Netherlands Antilles,BRDC_Warm temperate dry_2030y_SOC,cf_std,
New Caledonia,BRDC_Warm temperate dry_2030y_SOC,cf_std,
New Zealand,BRDC_Warm temperate dry_2030y_SOC,cf_std,18.460007
Nicaragua,BRDC_Warm temperate dry_2030y_SOC,cf_std,
Niger,BRDC_Warm temperate dry_2030y_SOC,cf_std,
Nigeria,BRDC_Warm temperate dry_2030y_SOC,cf_std,
Niue,BRDC_Warm temperate dry_2030y_SOC,cf_std,
Norfolk Island,BRDC_Warm temperate dry_2030y_SOC,cf_std,
Northern Mariana Islands,BRDC_Warm temperate dry_2030y_SOC,cf_std,
Norway,BRDC_Warm temperate dry_2030y_SOC,cf_std,7.8358426
Oman,BRDC_Warm temperate dry_2030y_SOC,cf_std,
Pakistan,BRDC_Warm temperate dry_2030y_SOC,cf_std,
Palau,BRDC_Warm temperate dry_2030y_SOC,cf_std,
Palmyra Atoll,BRDC_Warm temperate dry_2030y_SOC,cf_std,
Panama,BRDC_Warm temperate dry_2030y_SOC,cf_std,
Papua New Guinea,BRDC_Warm temperate dry_2030y_SOC,cf_std,
Paracel Islands,BRDC_Warm temperate dry_2030y_SOC,cf_std,
Paraguay,BRDC_Warm temperate dry_2030y_SOC,cf_std,
Peru,BRDC_Warm temperate dry_2030y_SOC,cf_std,
Philippines,BRDC_Warm temperate dry_2030y_SOC,cf_std,
Pitcairn,BRDC_Warm temperate dry_2030y_SOC,cf_std,
Poland,BRDC_Warm temperate dry_2030y_SOC,cf_std,5.563067
Portugal,BRDC_Warm temperate dry_2030y_SOC,cf_std,
Puerto Rico,BRDC_Warm temperate dry_2030y_SOC,cf_std,
Qatar,BRDC_Warm temperate dry_2030y_SOC,cf_std,
Republic of Korea,BRDC_Warm temperate dry_2030y_SOC,cf_std,15.14967
Romania,BRDC_Warm temperate dry_2030y_SOC,cf_std,7.1557894
Russian Federation,BRDC_Warm temperate dry_2030y_SOC,cf_std,10.222399
Rwanda,BRDC_Warm temperate dry_2030y_SOC,cf_std,
Réunion,BRDC_Warm temperate dry_2030y_SOC,cf_std,
Saint Helena,BRDC_Warm temperate dry_2030y_SOC,cf_std,
Saint Kitts and Nevis,BRDC_Warm temperate dry_2030y_SOC,cf_std,
Saint Lucia,BRDC_Warm temperate dry_2030y_SOC,cf_std,
Saint Pierre et Miquelon,BRDC_Warm temperate dry_2030y_SOC,cf_std,
Saint Vincent and the Grenadines,BRDC_Warm temperate dry_2030y_SOC,cf_std,
Samoa,BRDC_Warm temperate dry_2030y_SOC,cf_std,
San Marino,BRDC_Warm temperate dry_2030y_SOC,cf_std,
Sao Tome and Principe,BRDC_Warm temperate dry_2030y_SOC,cf_std,
Saudi Arabia,BRDC_Warm temperate dry_2030y_SOC,cf_std,
Scarborough Reef,BRDC_Warm temperate dry_2030y_SOC,cf_std,
Senegal,BRDC_Warm temperate dry_2030y_SOC,cf_std,
Senkaku Islands,BRDC_Warm temperate dry_2030y_SOC,cf_std,
Serbia,BRDC_Warm temperate dry_2030y_SOC,cf_std,7.4158015
Seychelles,BRDC_Warm temperate dry_2030y_SOC,cf_std,
Sierra Leone,BRDC_Warm temperate dry_2030y_SOC,cf_std,
Singapore,BRDC_Warm temperate dry_2030y_SOC,cf_std,
Slovakia,BRDC_Warm temperate dry_2030y_SOC,cf_std,6.325853
Slovenia,BRDC_Warm temperate dry_2030y_SOC,cf_std,14.247582
Solomon Islands,BRDC_Warm temperate dry_2030y_SOC,cf_std,
Somalia,BRDC_Warm temperate dry_2030y_SOC,cf_std,
South Africa,BRDC_Warm temperate dry_2030y_SOC,cf_std,
South Georgia and the South Sandwich Islands,BRDC_Warm temperate dry_2030y_SOC,cf_std,
South Sudan,BRDC_Warm temperate dry_2030y_SOC,cf_std,
Spain,BRDC_Warm temperate dry_2030y_SOC,cf_std,
Spratly Islands,BRDC_Warm temperate dry_2030y_SOC,cf_std,
Sri Lanka,BRDC_Warm temperate dry_2030y_SOC,cf_std,
Sudan,BRDC_Warm temperate dry_2030y_SOC,cf_std,
Suriname,BRDC_Warm temperate dry_2030y_SOC,cf_std,
Svalbard and Jan Mayen Islands,BRDC_Warm temperate dry_2030y_SOC,cf_std,
Swaziland,BRDC_Warm temperate dry_2030y_SOC,cf_std,
Sweden,BRDC_Warm temperate dry_2030y_SOC,cf_std,10.271052
Switzerland,BRDC_Warm temperate dry_2030y_SOC,cf_std,9.483302
Syrian Arab Republic,BRDC_Warm temperate dry_2030y_SOC,cf_std,
Taiwan,BRDC_Warm temperate dry_2030y_SOC,cf_std,
Tajikistan,BRDC_Warm temperate dry_2030y_SOC,cf_std,10.415999
Thailand,BRDC_Warm temperate dry_2030y_SOC,cf_std,
The former Yugoslav Republic of Macedonia,BRDC_Warm temperate dry_2030y_SOC,cf_std,8.657555
Timor-Leste,BRDC_Warm temperate dry_2030y_SOC,cf_std,
Togo,BRDC_Warm temperate dry_2030y_SOC,cf_std,
Tokelau,BRDC_Warm temperate dry_2030y_SOC,cf_std,
Tonga,BRDC_Warm temperate dry_2030y_SOC,cf_std,
Trinidad and Tobago,BRDC_Warm temperate dry_2030y_SOC,cf_std,
Tromelin Island,BRDC_Warm temperate dry_2030y_SOC,cf_std,
Tunisia,BRDC_Warm temperate dry_2030y_SOC,cf_std,
Turkey,BRDC_Warm temperate dry_2030y_SOC,cf_std,9.051416
Turkmenistan,BRDC_Warm temperate dry_2030y_SOC,cf_std,3.3366265
Turks and Caicos islands,BRDC_Warm temperate dry_2030y_SOC,cf_std,
Tuvalu,BRDC_Warm temperate dry_2030y_SOC,cf_std,
U.K. of Great Britain and Northern Ireland,BRDC_Warm temperate dry_2030y_SOC,cf_std,12.939845
Uganda,BRDC_Warm temperate dry_2030y_SOC,cf_std,
Ukraine,BRDC_Warm temperate dry_2030y_SOC,cf_std,7.955344
United Arab Emirates,BRDC_Warm temperate dry_2030y_SOC,cf_std,
United Republic of Tanzania,BRDC_Warm temperate dry_2030y_SOC,cf_std,
United States Virgin Islands,BRDC_Warm temperate dry_2030y_SOC,cf_std,
United States of America,BRDC_Warm temperate dry_2030y_SOC,cf_std,14.888263
Uruguay,BRDC_Warm temperate dry_2030y_SOC,cf_std,
Uzbekistan,BRDC_Warm temperate dry_2030y_SOC,cf_std,3.3791647
Vanuatu,BRDC_Warm temperate dry_2030y_SOC,cf_std,
Venezuela,BRDC_Warm temperate dry_2030y_SOC,cf_std,
Viet Nam,BRDC_Warm temperate dry_2030y_SOC,cf_std,
Wake Island,BRDC_Warm temperate dry_2030y_SOC,cf_std,
Wallis and Futuna,BRDC_Warm temperate dry_2030y_SOC,cf_std,
West Bank,BRDC_Warm temperate dry_2030y_SOC,cf_std,
Western Sahara,BRDC_Warm temperate dry_2030y_SOC,cf_std,
Yemen,BRDC_Warm temperate dry_2030y_SOC,cf_std,
Zambia,BRDC_Warm temperate dry_2030y_SOC,cf_std,
Zimbabwe,BRDC_Warm temperate dry_2030y_SOC,cf_std,
Abyei,BRDC_Subtropical_2030y_SOC,cf_mean,
Afghanistan,BRDC_Subtropical_2030y_SOC,cf_mean,243.43314
Aksai Chin,BRDC_Subtropical_2030y_SOC,cf_mean,372.3315
Albania,BRDC_Subtropical_2030y_SOC,cf_mean,137.88583
Algeria,BRDC_Subtropical_2030y_SOC,cf_mean,
American Samoa,BRDC_Subtropical_2030y_SOC,cf_mean,
Andorra,BRDC_Subtropical_2030y_SOC,cf_mean,221.66656
Angola,BRDC_Subtropical_2030y_SOC,cf_mean,76.6168
Anguilla,BRDC_Subtropical_2030y_SOC,cf_mean,
Antarctica,BRDC_Subtropical_2030y_SOC,cf_mean,
Antigua and Barbuda,BRDC_Subtropical_2030y_SOC,cf_mean,
Argentina,BRDC_Subtropical_2030y_SOC,cf_mean,93.38149
Armenia,BRDC_Subtropical_2030y_SOC,cf_mean,
Aruba,BRDC_Subtropical_2030y_SOC,cf_mean,
Arunachal Pradesh,BRDC_Subtropical_2030y_SOC,cf_mean,179.42453
Ashmore and Cartier Islands,BRDC_Subtropical_2030y_SOC,cf_mean,
Australia,BRDC_Subtropical_2030y_SOC,cf_mean,128.70709
Austria,BRDC_Subtropical_2030y_SOC,cf_mean,
Azerbaijan,BRDC_Subtropical_2030y_SOC,cf_mean,
Azores Islands,BRDC_Subtropical_2030y_SOC,cf_mean,
Bahamas,BRDC_Subtropical_2030y_SOC,cf_mean,
Bahrain,BRDC_Subtropical_2030y_SOC,cf_mean,
Baker Island,BRDC_Subtropical_2030y_SOC,cf_mean,
Bangladesh,BRDC_Subtropical_2030y_SOC,cf_mean,55.608116
Barbados,BRDC_Subtropical_2030y_SOC,cf_mean,
Bassas da India,BRDC_Subtropical_2030y_SOC,cf_mean,
Belarus,BRDC_Subtropical_2030y_SOC,cf_mean,
Belgium,BRDC_Subtropical_2030y_SOC,cf_mean,
Belize,BRDC_Subtropical_2030y_SOC,cf_mean,
Benin,BRDC_Subtropical_2030y_SOC,cf_mean,
Bermuda,BRDC_Subtropical_2030y_SOC,cf_mean,
Bhutan,BRDC_Subtropical_2030y_SOC,cf_mean,218.38321
Bird Island,BRDC_Subtropical_2030y_SOC,cf_mean,
Bolivia,BRDC_Subtropical_2030y_SOC,cf_mean,
Bosnia and Herzegovina,BRDC_Subtropical_2030y_SOC,cf_mean,214.8107
Botswana,BRDC_Subtropical_2030y_SOC,cf_mean,59.461205
Bouvet Island,BRDC_Subtropical_2030y_SOC,cf_mean,
Brazil,BRDC_Subtropical_2030y_SOC,cf_mean,107.80494
British Indian Ocean Territory,BRDC_Subtropical_2030y_SOC,cf_mean,
British Virgin Islands,BRDC_Subtropical_2030y_SOC,cf_mean,
Brunei Darussalam,BRDC_Subtropical_2030y_SOC,cf_mean,
Bulgaria,BRDC_Subtropical_2030y_SOC,cf_mean,
Burkina Faso,BRDC_Subtropical_2030y_SOC,cf_mean,
Burundi,BRDC_Subtropical_2030y_SOC,cf_mean,
Cambodia,BRDC_Subtropical_2030y_SOC,cf_mean,
Cameroon,BRDC_Subtropical_2030y_SOC,cf_mean,
Canada,BRDC_Subtropical_2030y_SOC,cf_mean,
Cape Verde,BRDC_Subtropical_2030y_SOC,cf_mean,
Cayman Islands,BRDC_Subtropical_2030y_SOC,cf_mean,
Central African Republic,BRDC_Subtropical_2030y_SOC,cf_mean,
Chad,BRDC_Subtropical_2030y_SOC,cf_mean,
Chile,BRDC_Subtropical_2030y_SOC,cf_mean,221.3154
China,BRDC_Subtropical_2030y_SOC,cf_mean,210.76537
China/India,BRDC_Subtropical_2030y_SOC,cf_mean,340.78873
Christmas Island,BRDC_Subtropical_2030y_SOC,cf_mean,
Clipperton Island,BRDC_Subtropical_2030y_SOC,cf_mean,
Cocos (Keeling) Islands,BRDC_Subtropical_2030y_SOC,cf_mean,
Colombia,BRDC_Subtropical_2030y_SOC,cf_mean,
Comoros,BRDC_Subtropical_2030y_SOC,cf_mean,
Congo,BRDC_Subtropical_2030y_SOC,cf_mean,
Cook Islands,BRDC_Subtropical_2030y_SOC,cf_mean,
Costa Rica,BRDC_Subtropical_2030y_SOC,cf_mean,
Croatia,BRDC_Subtropical_2030y_SOC,cf_mean,203.21301
Cuba,BRDC_Subtropical_2030y_SOC,cf_mean,
Cyprus,BRDC_Subtropical_2030y_SOC,cf_mean,
Czech Republic,BRDC_Subtropical_2030y_SOC,cf_mean,
Côte d'Ivoire,BRDC_Subtropical_2030y_SOC,cf_mean,
Dem People's Rep of Korea,BRDC_Subtropical_2030y_SOC,cf_mean,
Democratic Republic of the Congo,BRDC_Subtropical_2030y_SOC,cf_mean,
Denmark,BRDC_Subtropical_2030y_SOC,cf_mean,
Djibouti,BRDC_Subtropical_2030y_SOC,cf_mean,
Dominica,BRDC_Subtropical_2030y_SOC,cf_mean,
Dominican Republic,BRDC_Subtropical_2030y_SOC,cf_mean,
Ecuador,BRDC_Subtropical_2030y_SOC,cf_mean,
Egypt,BRDC_Subtropical_2030y_SOC,cf_mean,
El Salvador,BRDC_Subtropical_2030y_SOC,cf_mean,
Equatorial Guinea,BRDC_Subtropical_2030y_SOC,cf_mean,
Eritrea,BRDC_Subtropical_2030y_SOC,cf_mean,
Estonia,BRDC_Subtropical_2030y_SOC,cf_mean,
Ethiopia,BRDC_Subtropical_2030y_SOC,cf_mean,
Europa Island,BRDC_Subtropical_2030y_SOC,cf_mean,
Falkland Islands (Malvinas),BRDC_Subtropical_2030y_SOC,cf_mean,
Faroe Islands,BRDC_Subtropical_2030y_SOC,cf_mean,
Fiji,BRDC_Subtropical_2030y_SOC,cf_mean,
Finland,BRDC_Subtropical_2030y_SOC,cf_mean,
France,BRDC_Subtropical_2030y_SOC,cf_mean,224.4626
French Guiana,BRDC_Subtropical_2030y_SOC,cf_mean,
French Polynesia,BRDC_Subtropical_2030y_SOC,cf_mean,
French Southern and Antarctic Territories,BRDC_Subtropical_2030y_SOC,cf_mean,
Gabon,BRDC_Subtropical_2030y_SOC,cf_mean,
Gambia,BRDC_Subtropical_2030y_SOC,cf_mean,
Gaza Strip,BRDC_Subtropical_2030y_SOC,cf_mean,
Georgia,BRDC_Subtropical_2030y_SOC,cf_mean,202.8681
Germany,BRDC_Subtropical_2030y_SOC,cf_mean,
Ghana,BRDC_Subtropical_2030y_SOC,cf_mean,
Gibraltar,BRDC_Subtropical_2030y_SOC,cf_mean,
Glorioso Island,BRDC_Subtropical_2030y_SOC,cf_mean,
Greece,BRDC_Subtropical_2030y_SOC,cf_mean,199.84113
Greenland,BRDC_Subtropical_2030y_SOC,cf_mean,
Grenada,BRDC_Subtropical_2030y_SOC,cf_mean,
Guadeloupe,BRDC_Subtropical_2030y_SOC,cf_mean,
Guam,BRDC_Subtropical_2030y_SOC,cf_mean,
Guatemala,BRDC_Subtropical_2030y_SOC,cf_mean,
Guernsey,BRDC_Subtropical_2030y_SOC,cf_mean,
Guinea,BRDC_Subtropical_2030y_SOC,cf_mean,
Guinea-Bissau,BRDC_Subtropical_2030y_SOC,cf_mean,
Guyana,BRDC_Subtropical_2030y_SOC,cf_mean,
Haiti,BRDC_Subtropical_2030y_SOC,cf_mean,
Hala'ib triangle,BRDC_Subtropical_2030y_SOC,cf_mean,
Heard Island and McDonald Islands,BRDC_Subtropical_2030y_SOC,cf_mean,
Holy See,BRDC_Subtropical_2030y_SOC,cf_mean,227.38005
Honduras,BRDC_Subtropical_2030y_SOC,cf_mean,
Hong Kong,BRDC_Subtropical_2030y_SOC,cf_mean,107.037766
Howland Island,BRDC_Subtropical_2030y_SOC,cf_mean,
Hungary,BRDC_Subtropical_2030y_SOC,cf_mean,
Iceland,BRDC_Subtropical_2030y_SOC,cf_mean,
Ilemi triangle,BRDC_Subtropical_2030y_SOC,cf_mean,
India,BRDC_Subtropical_2030y_SOC,cf_mean,127.03685
Indonesia,BRDC_Subtropical_2030y_SOC,cf_mean,
Iran  (Islamic Republic of),BRDC_Subtropical_2030y_SOC,cf_mean,
Iraq,BRDC_Subtropical_2030y_SOC,cf_mean,
Ireland,BRDC_Subtropical_2030y_SOC,cf_mean,
Isle of Man,BRDC_Subtropical_2030y_SOC,cf_mean,
Israel,BRDC_Subtropical_2030y_SOC,cf_mean,
Italy,BRDC_Subtropical_2030y_SOC,cf_mean,136.82104
Jamaica,BRDC_Subtropical_2030y_SOC,cf_mean,
Jammu and Kashmir,BRDC_Subtropical_2030y_SOC,cf_mean,276.7306
Japan,BRDC_Subtropical_2030y_SOC,cf_mean,202.62305
Jarvis Island,BRDC_Subtropical_2030y_SOC,cf_mean,
Jersey,BRDC_Subtropical_2030y_SOC,cf_mean,
Johnston Atoll,BRDC_Subtropical_2030y_SOC,cf_mean,
Jordan,BRDC_Subtropical_2030y_SOC,cf_mean,
Juan de Nova Island,BRDC_Subtropical_2030y_SOC,cf_mean,
Kazakhstan,BRDC_Subtropical_2030y_SOC,cf_mean,
Kenya,BRDC_Subtropical_2030y_SOC,cf_mean,
Kingman Reef,BRDC_Subtropical_2030y_SOC,cf_mean,
Kiribati,BRDC_Subtropical_2030y_SOC,cf_mean,
Kuril islands,BRDC_Subtropical_2030y_SOC,cf_mean,
Kuwait,BRDC_Subtropical_2030y_SOC,cf_mean,
Kyrgyzstan,BRDC_Subtropical_2030y_SOC,cf_mean,297.29636
Lao People's Democratic Republic,BRDC_Subtropical_2030y_SOC,cf_mean,
Latvia,BRDC_Subtropical_2030y_SOC,cf_mean,
Lebanon,BRDC_Subtropical_2030y_SOC,cf_mean,
Lesotho,BRDC_Subtropical_2030y_SOC,cf_mean,112.79577
Liberia,BRDC_Subtropical_2030y_SOC,cf_mean,
Libya,BRDC_Subtropical_2030y_SOC,cf_mean,
Liechtenstein,BRDC_Subtropical_2030y_SOC,cf_mean,
Lithuania,BRDC_Subtropical_2030y_SOC,cf_mean,
Luxembourg,BRDC_Subtropical_2030y_SOC,cf_mean,
Ma'tan al-Sarra,BRDC_Subtropical_2030y_SOC,cf_mean,
Macau,BRDC_Subtropical_2030y_SOC,cf_mean,
Madagascar,BRDC_Subtropical_2030y_SOC,cf_mean,
Madeira Islands,BRDC_Subtropical_2030y_SOC,cf_mean,
Malawi,BRDC_Subtropical_2030y_SOC,cf_mean,
Malaysia,BRDC_Subtropical_2030y_SOC,cf_mean,
Maldives,BRDC_Subtropical_2030y_SOC,cf_mean,
Mali,BRDC_Subtropical_2030y_SOC,cf_mean,
Malta,BRDC_Subtropical_2030y_SOC,cf_mean,
Marshall Islands,BRDC_Subtropical_2030y_SOC,cf_mean,
Martinique,BRDC_Subtropical_2030y_SOC,cf_mean,
Mauritania,BRDC_Subtropical_2030y_SOC,cf_mean,
Mauritius,BRDC_Subtropical_2030y_SOC,cf_mean,
Mayotte,BRDC_Subtropical_2030y_SOC,cf_mean,
Mexico,BRDC_Subtropical_2030y_SOC,cf_mean,67.815216
Micronesia (Federated States of),BRDC_Subtropical_2030y_SOC,cf_mean,
Midway Island,BRDC_Subtropical_2030y_SOC,cf_mean,
"Moldova, Republic of",BRDC_Subtropical_2030y_SOC,cf_mean,
Monaco,BRDC_Subtropical_2030y_SOC,cf_mean,
Mongolia,BRDC_Subtropical_2030y_SOC,cf_mean,
Montenegro,BRDC_Subtropical_2030y_SOC,cf_mean,213.1595
Montserrat,BRDC_Subtropical_2030y_SOC,cf_mean,
Morocco,BRDC_Subtropical_2030y_SOC,cf_mean,
Mozambique,BRDC_Subtropical_2030y_SOC,cf_mean,
Myanmar,BRDC_Subtropical_2030y_SOC,cf_mean,148.73943
Namibia,BRDC_Subtropical_2030y_SOC,cf_mean,74.45272
Nauru,BRDC_Subtropical_2030y_SOC,cf_mean,
Navassa Island,BRDC_Subtropical_2030y_SOC,cf_mean,
Nepal,BRDC_Subtropical_2030y_SOC,cf_mean,174.8381
Netherlands,BRDC_Subtropical_2030y_SOC,cf_mean,
Netherlands Antilles,BRDC_Subtropical_2030y_SOC,cf_mean,
New Caledonia,BRDC_Subtropical_2030y_SOC,cf_mean,
New Zealand,BRDC_Subtropical_2030y_SOC,cf_mean,152.28857
Nicaragua,BRDC_Subtropical_2030y_SOC,cf_mean,
Niger,BRDC_Subtropical_2030y_SOC,cf_mean,
Nigeria,BRDC_Subtropical_2030y_SOC,cf_mean,
Niue,BRDC_Subtropical_2030y_SOC,cf_mean,
Norfolk Island,BRDC_Subtropical_2030y_SOC,cf_mean,
Northern Mariana Islands,BRDC_Subtropical_2030y_SOC,cf_mean,
Norway,BRDC_Subtropical_2030y_SOC,cf_mean,
Oman,BRDC_Subtropical_2030y_SOC,cf_mean,
Pakistan,BRDC_Subtropical_2030y_SOC,cf_mean,171.29573
Palau,BRDC_Subtropical_2030y_SOC,cf_mean,
Palmyra Atoll,BRDC_Subtropical_2030y_SOC,cf_mean,
Panama,BRDC_Subtropical_2030y_SOC,cf_mean,
Papua New Guinea,BRDC_Subtropical_2030y_SOC,cf_mean,
Paracel Islands,BRDC_Subtropical_2030y_SOC,cf_mean,
Paraguay,BRDC_Subtropical_2030y_SOC,cf_mean,55.2884
Peru,BRDC_Subtropical_2030y_SOC,cf_mean,264.38876
Philippines,BRDC_Subtropical_2030y_SOC,cf_mean,
Pitcairn,BRDC_Subtropical_2030y_SOC,cf_mean,
Poland,BRDC_Subtropical_2030y_SOC,cf_mean,
Portugal,BRDC_Subtropical_2030y_SOC,cf_mean,89.130455
Puerto Rico,BRDC_Subtropical_2030y_SOC,cf_mean,
Qatar,BRDC_Subtropical_2030y_SOC,cf_mean,
Republic of Korea,BRDC_Subtropical_2030y_SOC,cf_mean,
Romania,BRDC_Subtropical_2030y_SOC,cf_mean,
Russian Federation,BRDC_Subtropical_2030y_SOC,cf_mean,
Rwanda,BRDC_Subtropical_2030y_SOC,cf_mean,
Réunion,BRDC_Subtropical_2030y_SOC,cf_mean,
Saint Helena,BRDC_Subtropical_2030y_SOC,cf_mean,
Saint Kitts and Nevis,BRDC_Subtropical_2030y_SOC,cf_mean,
Saint Lucia,BRDC_Subtropical_2030y_SOC,cf_mean,
Saint Pierre et Miquelon,BRDC_Subtropical_2030y_SOC,cf_mean,
Saint Vincent and the Grenadines,BRDC_Subtropical_2030y_SOC,cf_mean,
Samoa,BRDC_Subtropical_2030y_SOC,cf_mean,
San Marino,BRDC_Subtropical_2030y_SOC,cf_mean,
Sao Tome and Principe,BRDC_Subtropical_2030y_SOC,cf_mean,
Saudi Arabia,BRDC_Subtropical_2030y_SOC,cf_mean,
Scarborough Reef,BRDC_Subtropical_2030y_SOC,cf_mean,
Senegal,BRDC_Subtropical_2030y_SOC,cf_mean,
Senkaku Islands,BRDC_Subtropical_2030y_SOC,cf_mean,
Serbia,BRDC_Subtropical_2030y_SOC,cf_mean,261.6817
Seychelles,BRDC_Subtropical_2030y_SOC,cf_mean,
Sierra Leone,BRDC_Subtropical_2030y_SOC,cf_mean,
Singapore,BRDC_Subtropical_2030y_SOC,cf_mean,
Slovakia,BRDC_Subtropical_2030y_SOC,cf_mean,
Slovenia,BRDC_Subtropical_2030y_SOC,cf_mean,
Solomon Islands,BRDC_Subtropical_2030y_SOC,cf_mean,
Somalia,BRDC_Subtropical_2030y_SOC,cf_mean,
South Africa,BRDC_Subtropical_2030y_SOC,cf_mean,134.3643
South Georgia and the South Sandwich Islands,BRDC_Subtropical_2030y_SOC,cf_mean,
South Sudan,BRDC_Subtropical_2030y_SOC,cf_mean,
Spain,BRDC_Subtropical_2030y_SOC,cf_mean,207.30711
Spratly Islands,BRDC_Subtropical_2030y_SOC,cf_mean,
Sri Lanka,BRDC_Subtropical_2030y_SOC,cf_mean,
Sudan,BRDC_Subtropical_2030y_SOC,cf_mean,
Suriname,BRDC_Subtropical_2030y_SOC,cf_mean,
Svalbard and Jan Mayen Islands,BRDC_Subtropical_2030y_SOC,cf_mean,
Swaziland,BRDC_Subtropical_2030y_SOC,cf_mean,136.17902
Sweden,BRDC_Subtropical_2030y_SOC,cf_mean,
Switzerland,BRDC_Subtropical_2030y_SOC,cf_mean,228.74496
Syrian Arab Republic,BRDC_Subtropical_2030y_SOC,cf_mean,
Taiwan,BRDC_Subtropical_2030y_SOC,cf_mean,199.13737
Tajikistan,BRDC_Subtropical_2030y_SOC,cf_mean,271.1468
Thailand,BRDC_Subtropical_2030y_SOC,cf_mean,
The former Yugoslav Republic of Macedonia,BRDC_Subtropical_2030y_SOC,cf_mean,235.75256
Timor-Leste,BRDC_Subtropical_2030y_SOC,cf_mean,
Togo,BRDC_Subtropical_2030y_SOC,cf_mean,
Tokelau,BRDC_Subtropical_2030y_SOC,cf_mean,
Tonga,BRDC_Subtropical_2030y_SOC,cf_mean,
Trinidad and Tobago,BRDC_Subtropical_2030y_SOC,cf_mean,
Tromelin Island,BRDC_Subtropical_2030y_SOC,cf_mean,
Tunisia,BRDC_Subtropical_2030y_SOC,cf_mean,
Turkey,BRDC_Subtropical_2030y_SOC,cf_mean,223.96973
Turkmenistan,BRDC_Subtropical_2030y_SOC,cf_mean,98.622284
Turks and Caicos islands,BRDC_Subtropical_2030y_SOC,cf_mean,
Tuvalu,BRDC_Subtropical_2030y_SOC,cf_mean,
U.K. of Great Britain and Northern Ireland,BRDC_Subtropical_2030y_SOC,cf_mean,
Uganda,BRDC_Subtropical_2030y_SOC,cf_mean,
Ukraine,BRDC_Subtropical_2030y_SOC,cf_mean,
United Arab Emirates,BRDC_Subtropical_2030y_SOC,cf_mean,
United Republic of Tanzania,BRDC_Subtropical_2030y_SOC,cf_mean,
United States Virgin Islands,BRDC_Subtropical_2030y_SOC,cf_mean,
United States of America,BRDC_Subtropical_2030y_SOC,cf_mean,91.939926
Uruguay,BRDC_Subtropical_2030y_SOC,cf_mean,73.927086
Uzbekistan,BRDC_Subtropical_2030y_SOC,cf_mean,205.09225
Vanuatu,BRDC_Subtropical_2030y_SOC,cf_mean,
Venezuela,BRDC_Subtropical_2030y_SOC,cf_mean,
Viet Nam,BRDC_Subtropical_2030y_SOC,cf_mean,100.406784
Wake Island,BRDC_Subtropical_2030y_SOC,cf_mean,
Wallis and Futuna,BRDC_Subtropical_2030y_SOC,cf_mean,
West Bank,BRDC_Subtropical_2030y_SOC,cf_mean,
Western Sahara,BRDC_Subtropical_2030y_SOC,cf_mean,
Yemen,BRDC_Subtropical_2030y_SOC,cf_mean,
Zambia,BRDC_Subtropical_2030y_SOC,cf_mean,
Zimbabwe,BRDC_Subtropical_2030y_SOC,cf_mean,
Abyei,BRDC_Subtropical_2030y_SOC,cf_median,
Afghanistan,BRDC_Subtropical_2030y_SOC,cf_median,235.97865
Aksai Chin,BRDC_Subtropical_2030y_SOC,cf_median,374.77603
Albania,BRDC_Subtropical_2030y_SOC,cf_median,117.76545
Algeria,BRDC_Subtropical_2030y_SOC,cf_median,
American Samoa,BRDC_Subtropical_2030y_SOC,cf_median,
Andorra,BRDC_Subtropical_2030y_SOC,cf_median,220.20645
Angola,BRDC_Subtropical_2030y_SOC,cf_median,64.3148
Anguilla,BRDC_Subtropical_2030y_SOC,cf_median,
Antarctica,BRDC_Subtropical_2030y_SOC,cf_median,
Antigua and Barbuda,BRDC_Subtropical_2030y_SOC,cf_median,
Argentina,BRDC_Subtropical_2030y_SOC,cf_median,81.6561
Armenia,BRDC_Subtropical_2030y_SOC,cf_median,
Aruba,BRDC_Subtropical_2030y_SOC,cf_median,
Arunachal Pradesh,BRDC_Subtropical_2030y_SOC,cf_median,161.58698
Ashmore and Cartier Islands,BRDC_Subtropical_2030y_SOC,cf_median,
Australia,BRDC_Subtropical_2030y_SOC,cf_median,124.54437
Austria,BRDC_Subtropical_2030y_SOC,cf_median,
Azerbaijan,BRDC_Subtropical_2030y_SOC,cf_median,
Azores Islands,BRDC_Subtropical_2030y_SOC,cf_median,
Bahamas,BRDC_Subtropical_2030y_SOC,cf_median,
Bahrain,BRDC_Subtropical_2030y_SOC,cf_median,
Baker Island,BRDC_Subtropical_2030y_SOC,cf_median,
Bangladesh,BRDC_Subtropical_2030y_SOC,cf_median,49.971645
Barbados,BRDC_Subtropical_2030y_SOC,cf_median,
Bassas da India,BRDC_Subtropical_2030y_SOC,cf_median,
Belarus,BRDC_Subtropical_2030y_SOC,cf_median,
Belgium,BRDC_Subtropical_2030y_SOC,cf_median,
Belize,BRDC_Subtropical_2030y_SOC,cf_median,
Benin,BRDC_Subtropical_2030y_SOC,cf_median,
Bermuda,BRDC_Subtropical_2030y_SOC,cf_median,
Bhutan,BRDC_Subtropical_2030y_SOC,cf_median,219.39772
Bird Island,BRDC_Subtropical_2030y_SOC,cf_median,
Bolivia,BRDC_Subtropical_2030y_SOC,cf_median,
Bosnia and Herzegovina,BRDC_Subtropical_2030y_SOC,cf_median,217.3409
Botswana,BRDC_Subtropical_2030y_SOC,cf_median,59.39387
Bouvet Island,BRDC_Subtropical_2030y_SOC,cf_median,
Brazil,BRDC_Subtropical_2030y_SOC,cf_median,92.989975
British Indian Ocean Territory,BRDC_Subtropical_2030y_SOC,cf_median,
British Virgin Islands,BRDC_Subtropical_2030y_SOC,cf_median,
Brunei Darussalam,BRDC_Subtropical_2030y_SOC,cf_median,
Bulgaria,BRDC_Subtropical_2030y_SOC,cf_median,
Burkina Faso,BRDC_Subtropical_2030y_SOC,cf_median,
Burundi,BRDC_Subtropical_2030y_SOC,cf_median,
Cambodia,BRDC_Subtropical_2030y_SOC,cf_median,
Cameroon,BRDC_Subtropical_2030y_SOC,cf_median,
Canada,BRDC_Subtropical_2030y_SOC,cf_median,
Cape Verde,BRDC_Subtropical_2030y_SOC,cf_median,
Cayman Islands,BRDC_Subtropical_2030y_SOC,cf_median,
Central African Republic,BRDC_Subtropical_2030y_SOC,cf_median,
Chad,BRDC_Subtropical_2030y_SOC,cf_median,
Chile,BRDC_Subtropical_2030y_SOC,cf_median,197.01239
China,BRDC_Subtropical_2030y_SOC,cf_median,187.04585
China/India,BRDC_Subtropical_2030y_SOC,cf_median,336.97192
Christmas Island,BRDC_Subtropical_2030y_SOC,cf_median,
Clipperton Island,BRDC_Subtropical_2030y_SOC,cf_median,
Cocos (Keeling) Islands,BRDC_Subtropical_2030y_SOC,cf_median,
Colombia,BRDC_Subtropical_2030y_SOC,cf_median,
Comoros,BRDC_Subtropical_2030y_SOC,cf_median,
Congo,BRDC_Subtropical_2030y_SOC,cf_median,
Cook Islands,BRDC_Subtropical_2030y_SOC,cf_median,
Costa Rica,BRDC_Subtropical_2030y_SOC,cf_median,
Croatia,BRDC_Subtropical_2030y_SOC,cf_median,203.21301
Cuba,BRDC_Subtropical_2030y_SOC,cf_median,
Cyprus,BRDC_Subtropical_2030y_SOC,cf_median,
Czech Republic,BRDC_Subtropical_2030y_SOC,cf_median,
Côte d'Ivoire,BRDC_Subtropical_2030y_SOC,cf_median,
Dem People's Rep of Korea,BRDC_Subtropical_2030y_SOC,cf_median,
Democratic Republic of the Congo,BRDC_Subtropical_2030y_SOC,cf_median,
Denmark,BRDC_Subtropical_2030y_SOC,cf_median,
Djibouti,BRDC_Subtropical_2030y_SOC,cf_median,
Dominica,BRDC_Subtropical_2030y_SOC,cf_median,
Dominican Republic,BRDC_Subtropical_2030y_SOC,cf_median,
Ecuador,BRDC_Subtropical_2030y_SOC,cf_median,
Egypt,BRDC_Subtropical_2030y_SOC,cf_median,
El Salvador,BRDC_Subtropical_2030y_SOC,cf_median,
Equatorial Guinea,BRDC_Subtropical_2030y_SOC,cf_median,
Eritrea,BRDC_Subtropical_2030y_SOC,cf_median,
Estonia,BRDC_Subtropical_2030y_SOC,cf_median,
Ethiopia,BRDC_Subtropical_2030y_SOC,cf_median,
Europa Island,BRDC_Subtropical_2030y_SOC,cf_median,
Falkland Islands (Malvinas),BRDC_Subtropical_2030y_SOC,cf_median,
Faroe Islands,BRDC_Subtropical_2030y_SOC,cf_median,
Fiji,BRDC_Subtropical_2030y_SOC,cf_median,
Finland,BRDC_Subtropical_2030y_SOC,cf_median,
France,BRDC_Subtropical_2030y_SOC,cf_median,210.09483
French Guiana,BRDC_Subtropical_2030y_SOC,cf_median,
French Polynesia,BRDC_Subtropical_2030y_SOC,cf_median,
French Southern and Antarctic Territories,BRDC_Subtropical_2030y_SOC,cf_median,
Gabon,BRDC_Subtropical_2030y_SOC,cf_median,
Gambia,BRDC_Subtropical_2030y_SOC,cf_median,
Gaza Strip,BRDC_Subtropical_2030y_SOC,cf_median,
Georgia,BRDC_Subtropical_2030y_SOC,cf_median,199.71896
Germany,BRDC_Subtropical_2030y_SOC,cf_median,
Ghana,BRDC_Subtropical_2030y_SOC,cf_median,
Gibraltar,BRDC_Subtropical_2030y_SOC,cf_median,
Glorioso Island,BRDC_Subtropical_2030y_SOC,cf_median,
Greece,BRDC_Subtropical_2030y_SOC,cf_median,200.19908
Greenland,BRDC_Subtropical_2030y_SOC,cf_median,
Grenada,BRDC_Subtropical_2030y_SOC,cf_median,
Guadeloupe,BRDC_Subtropical_2030y_SOC,cf_median,
Guam,BRDC_Subtropical_2030y_SOC,cf_median,
Guatemala,BRDC_Subtropical_2030y_SOC,cf_median,
Guernsey,BRDC_Subtropical_2030y_SOC,cf_median,
Guinea,BRDC_Subtropical_2030y_SOC,cf_median,
Guinea-Bissau,BRDC_Subtropical_2030y_SOC,cf_median,
Guyana,BRDC_Subtropical_2030y_SOC,cf_median,
Haiti,BRDC_Subtropical_2030y_SOC,cf_median,
Hala'ib triangle,BRDC_Subtropical_2030y_SOC,cf_median,
Heard Island and McDonald Islands,BRDC_Subtropical_2030y_SOC,cf_median,
Holy See,BRDC_Subtropical_2030y_SOC,cf_median,227.38005
Honduras,BRDC_Subtropical_2030y_SOC,cf_median,
Hong Kong,BRDC_Subtropical_2030y_SOC,cf_median,110.05827
Howland Island,BRDC_Subtropical_2030y_SOC,cf_median,
Hungary,BRDC_Subtropical_2030y_SOC,cf_median,
Iceland,BRDC_Subtropical_2030y_SOC,cf_median,
Ilemi triangle,BRDC_Subtropical_2030y_SOC,cf_median,
India,BRDC_Subtropical_2030y_SOC,cf_median,129.47932
Indonesia,BRDC_Subtropical_2030y_SOC,cf_median,
Iran  (Islamic Republic of),BRDC_Subtropical_2030y_SOC,cf_median,
Iraq,BRDC_Subtropical_2030y_SOC,cf_median,
Ireland,BRDC_Subtropical_2030y_SOC,cf_median,
Isle of Man,BRDC_Subtropical_2030y_SOC,cf_median,
Israel,BRDC_Subtropical_2030y_SOC,cf_median,
Italy,BRDC_Subtropical_2030y_SOC,cf_median,123.443306
Jamaica,BRDC_Subtropical_2030y_SOC,cf_median,
Jammu and Kashmir,BRDC_Subtropical_2030y_SOC,cf_median,329.7182
Japan,BRDC_Subtropical_2030y_SOC,cf_median,151.57289
Jarvis Island,BRDC_Subtropical_2030y_SOC,cf_median,
Jersey,BRDC_Subtropical_2030y_SOC,cf_median,
Johnston Atoll,BRDC_Subtropical_2030y_SOC,cf_median,
Jordan,BRDC_Subtropical_2030y_SOC,cf_median,
Juan de Nova Island,BRDC_Subtropical_2030y_SOC,cf_median,
Kazakhstan,BRDC_Subtropical_2030y_SOC,cf_median,
Kenya,BRDC_Subtropical_2030y_SOC,cf_median,
Kingman Reef,BRDC_Subtropical_2030y_SOC,cf_median,
Kiribati,BRDC_Subtropical_2030y_SOC,cf_median,
Kuril islands,BRDC_Subtropical_2030y_SOC,cf_median,
Kuwait,BRDC_Subtropical_2030y_SOC,cf_median,
Kyrgyzstan,BRDC_Subtropical_2030y_SOC,cf_median,296.25174
Lao People's Democratic Republic,BRDC_Subtropical_2030y_SOC,cf_median,
Latvia,BRDC_Subtropical_2030y_SOC,cf_median,
Lebanon,BRDC_Subtropical_2030y_SOC,cf_median,
Lesotho,BRDC_Subtropical_2030y_SOC,cf_median,118.013916
Liberia,BRDC_Subtropical_2030y_SOC,cf_median,
Libya,BRDC_Subtropical_2030y_SOC,cf_median,
Liechtenstein,BRDC_Subtropical_2030y_SOC,cf_median,
Lithuania,BRDC_Subtropical_2030y_SOC,cf_median,
Luxembourg,BRDC_Subtropical_2030y_SOC,cf_median,
Ma'tan al-Sarra,BRDC_Subtropical_2030y_SOC,cf_median,
Macau,BRDC_Subtropical_2030y_SOC,cf_median,
Madagascar,BRDC_Subtropical_2030y_SOC,cf_median,
Madeira Islands,BRDC_Subtropical_2030y_SOC,cf_median,
Malawi,BRDC_Subtropical_2030y_SOC,cf_median,
Malaysia,BRDC_Subtropical_2030y_SOC,cf_median,
Maldives,BRDC_Subtropical_2030y_SOC,cf_median,
Mali,BRDC_Subtropical_2030y_SOC,cf_median,
Malta,BRDC_Subtropical_2030y_SOC,cf_median,
Marshall Islands,BRDC_Subtropical_2030y_SOC,cf_median,
Martinique,BRDC_Subtropical_2030y_SOC,cf_median,
Mauritania,BRDC_Subtropical_2030y_SOC,cf_median,
Mauritius,BRDC_Subtropical_2030y_SOC,cf_median,
Mayotte,BRDC_Subtropical_2030y_SOC,cf_median,
Mexico,BRDC_Subtropical_2030y_SOC,cf_median,66.95768
Micronesia (Federated States of),BRDC_Subtropical_2030y_SOC,cf_median,
Midway Island,BRDC_Subtropical_2030y_SOC,cf_median,
"Moldova, Republic of",BRDC_Subtropical_2030y_SOC,cf_median,
Monaco,BRDC_Subtropical_2030y_SOC,cf_median,
Mongolia,BRDC_Subtropical_2030y_SOC,cf_median,
Montenegro,BRDC_Subtropical_2030y_SOC,cf_median,217.3409
Montserrat,BRDC_Subtropical_2030y_SOC,cf_median,
Morocco,BRDC_Subtropical_2030y_SOC,cf_median,
Mozambique,BRDC_Subtropical_2030y_SOC,cf_median,
Myanmar,BRDC_Subtropical_2030y_SOC,cf_median,144.4617
Namibia,BRDC_Subtropical_2030y_SOC,cf_median,70.59894
Nauru,BRDC_Subtropical_2030y_SOC,cf_median,
Navassa Island,BRDC_Subtropical_2030y_SOC,cf_median,
Nepal,BRDC_Subtropical_2030y_SOC,cf_median,151.64375
Netherlands,BRDC_Subtropical_2030y_SOC,cf_median,
Netherlands Antilles,BRDC_Subtropical_2030y_SOC,cf_median,
New Caledonia,BRDC_Subtropical_2030y_SOC,cf_median,
New Zealand,BRDC_Subtropical_2030y_SOC,cf_median,144.14102
Nicaragua,BRDC_Subtropical_2030y_SOC,cf_median,
Niger,BRDC_Subtropical_2030y_SOC,cf_median,
Nigeria,BRDC_Subtropical_2030y_SOC,cf_median,
Niue,BRDC_Subtropical_2030y_SOC,cf_median,
Norfolk Island,BRDC_Subtropical_2030y_SOC,cf_median,
Northern Mariana Islands,BRDC_Subtropical_2030y_SOC,cf_median,
Norway,BRDC_Subtropical_2030y_SOC,cf_median,
Oman,BRDC_Subtropical_2030y_SOC,cf_median,
Pakistan,BRDC_Subtropical_2030y_SOC,cf_median,163.3961
Palau,BRDC_Subtropical_2030y_SOC,cf_median,
Palmyra Atoll,BRDC_Subtropical_2030y_SOC,cf_median,
Panama,BRDC_Subtropical_2030y_SOC,cf_median,
Papua New Guinea,BRDC_Subtropical_2030y_SOC,cf_median,
Paracel Islands,BRDC_Subtropical_2030y_SOC,cf_median,
Paraguay,BRDC_Subtropical_2030y_SOC,cf_median,51.2713
Peru,BRDC_Subtropical_2030y_SOC,cf_median,309.37408
Philippines,BRDC_Subtropical_2030y_SOC,cf_median,
Pitcairn,BRDC_Subtropical_2030y_SOC,cf_median,
Poland,BRDC_Subtropical_2030y_SOC,cf_median,
Portugal,BRDC_Subtropical_2030y_SOC,cf_median,81.20222
Puerto Rico,BRDC_Subtropical_2030y_SOC,cf_median,
Qatar,BRDC_Subtropical_2030y_SOC,cf_median,
Republic of Korea,BRDC_Subtropical_2030y_SOC,cf_median,
Romania,BRDC_Subtropical_2030y_SOC,cf_median,
Russian Federation,BRDC_Subtropical_2030y_SOC,cf_median,
Rwanda,BRDC_Subtropical_2030y_SOC,cf_median,
Réunion,BRDC_Subtropical_2030y_SOC,cf_median,
Saint Helena,BRDC_Subtropical_2030y_SOC,cf_median,
Saint Kitts and Nevis,BRDC_Subtropical_2030y_SOC,cf_median,
Saint Lucia,BRDC_Subtropical_2030y_SOC,cf_median,
Saint Pierre et Miquelon,BRDC_Subtropical_2030y_SOC,cf_median,
Saint Vincent and the Grenadines,BRDC_Subtropical_2030y_SOC,cf_median,
Samoa,BRDC_Subtropical_2030y_SOC,cf_median,
San Marino,BRDC_Subtropical_2030y_SOC,cf_median,
Sao Tome and Principe,BRDC_Subtropical_2030y_SOC,cf_median,
Saudi Arabia,BRDC_Subtropical_2030y_SOC,cf_median,
Scarborough Reef,BRDC_Subtropical_2030y_SOC,cf_median,
Senegal,BRDC_Subtropical_2030y_SOC,cf_median,
Senkaku Islands,BRDC_Subtropical_2030y_SOC,cf_median,
Serbia,BRDC_Subtropical_2030y_SOC,cf_median,263.15634
Seychelles,BRDC_Subtropical_2030y_SOC,cf_median,
Sierra Leone,BRDC_Subtropical_2030y_SOC,cf_median,
Singapore,BRDC_Subtropical_2030y_SOC,cf_median,
Slovakia,BRDC_Subtropical_2030y_SOC,cf_median,
Slovenia,BRDC_Subtropical_2030y_SOC,cf_median,
Solomon Islands,BRDC_Subtropical_2030y_SOC,cf_median,
Somalia,BRDC_Subtropical_2030y_SOC,cf_median,
South Africa,BRDC_Subtropical_2030y_SOC,cf_median,121.94908
South Georgia and the South Sandwich Islands,BRDC_Subtropical_2030y_SOC,cf_median,
South Sudan,BRDC_Subtropical_2030y_SOC,cf_median,
Spain,BRDC_Subtropical_2030y_SOC,cf_median,199.02502
Spratly Islands,BRDC_Subtropical_2030y_SOC,cf_median,
Sri Lanka,BRDC_Subtropical_2030y_SOC,cf_median,
Sudan,BRDC_Subtropical_2030y_SOC,cf_median,
Suriname,BRDC_Subtropical_2030y_SOC,cf_median,
Svalbard and Jan Mayen Islands,BRDC_Subtropical_2030y_SOC,cf_median,
Swaziland,BRDC_Subtropical_2030y_SOC,cf_median,135.60754
Sweden,BRDC_Subtropical_2030y_SOC,cf_median,
Switzerland,BRDC_Subtropical_2030y_SOC,cf_median,232.50728
Syrian Arab Republic,BRDC_Subtropical_2030y_SOC,cf_median,
Taiwan,BRDC_Subtropical_2030y_SOC,cf_median,148.10117
Tajikistan,BRDC_Subtropical_2030y_SOC,cf_median,269.41016
Thailand,BRDC_Subtropical_2030y_SOC,cf_median,
The former Yugoslav Republic of Macedonia,BRDC_Subtropical_2030y_SOC,cf_median,234.7869
Timor-Leste,BRDC_Subtropical_2030y_SOC,cf_median,
Togo,BRDC_Subtropical_2030y_SOC,cf_median,
Tokelau,BRDC_Subtropical_2030y_SOC,cf_median,
Tonga,BRDC_Subtropical_2030y_SOC,cf_median,
Trinidad and Tobago,BRDC_Subtropical_2030y_SOC,cf_median,
Tromelin Island,BRDC_Subtropical_2030y_SOC,cf_median,
Tunisia,BRDC_Subtropical_2030y_SOC,cf_median,
Turkey,BRDC_Subtropical_2030y_SOC,cf_median,217.18835
Turkmenistan,BRDC_Subtropical_2030y_SOC,cf_median,97.9607
Turks and Caicos islands,BRDC_Subtropical_2030y_SOC,cf_median,
Tuvalu,BRDC_Subtropical_2030y_SOC,cf_median,
U.K. of Great Britain and Northern Ireland,BRDC_Subtropical_2030y_SOC,cf_median,
Uganda,BRDC_Subtropical_2030y_SOC,cf_median,
Ukraine,BRDC_Subtropical_2030y_SOC,cf_median,
United Arab Emirates,BRDC_Subtropical_2030y_SOC,cf_median,
United Republic of Tanzania,BRDC_Subtropical_2030y_SOC,cf_median,
United States Virgin Islands,BRDC_Subtropical_2030y_SOC,cf_median,
United States of America,BRDC_Subtropical_2030y_SOC,cf_median,73.04184
Uruguay,BRDC_Subtropical_2030y_SOC,cf_median,70.32414
Uzbekistan,BRDC_Subtropical_2030y_SOC,cf_median,222.14636
Vanuatu,BRDC_Subtropical_2030y_SOC,cf_median,
Venezuela,BRDC_Subtropical_2030y_SOC,cf_median,
Viet Nam,BRDC_Subtropical_2030y_SOC,cf_median,109.91491
Wake Island,BRDC_Subtropical_2030y_SOC,cf_median,
Wallis and Futuna,BRDC_Subtropical_2030y_SOC,cf_median,
West Bank,BRDC_Subtropical_2030y_SOC,cf_median,
Western Sahara,BRDC_Subtropical_2030y_SOC,cf_median,
Yemen,BRDC_Subtropical_2030y_SOC,cf_median,
Zambia,BRDC_Subtropical_2030y_SOC,cf_median,
Zimbabwe,BRDC_Subtropical_2030y_SOC,cf_median,
Abyei,BRDC_Subtropical_2030y_SOC,cf_std,
Afghanistan,BRDC_Subtropical_2030y_SOC,cf_std,59.984863
Aksai Chin,BRDC_Subtropical_2030y_SOC,cf_std,9.996556
Albania,BRDC_Subtropical_2030y_SOC,cf_std,46.029026
Algeria,BRDC_Subtropical_2030y_SOC,cf_std,
American Samoa,BRDC_Subtropical_2030y_SOC,cf_std,
Andorra,BRDC_Subtropical_2030y_SOC,cf_std,4.630863
Angola,BRDC_Subtropical_2030y_SOC,cf_std,20.987482
Anguilla,BRDC_Subtropical_2030y_SOC,cf_std,
Antarctica,BRDC_Subtropical_2030y_SOC,cf_std,
Antigua and Barbuda,BRDC_Subtropical_2030y_SOC,cf_std,
Argentina,BRDC_Subtropical_2030y_SOC,cf_std,43.571594
Armenia,BRDC_Subtropical_2030y_SOC,cf_std,
Aruba,BRDC_Subtropical_2030y_SOC,cf_std,
Arunachal Pradesh,BRDC_Subtropical_2030y_SOC,cf_std,49.431637
Ashmore and Cartier Islands,BRDC_Subtropical_2030y_SOC,cf_std,
Australia,BRDC_Subtropical_2030y_SOC,cf_std,41.843807
Austria,BRDC_Subtropical_2030y_SOC,cf_std,
Azerbaijan,BRDC_Subtropical_2030y_SOC,cf_std,
Azores Islands,BRDC_Subtropical_2030y_SOC,cf_std,
Bahamas,BRDC_Subtropical_2030y_SOC,cf_std,
Bahrain,BRDC_Subtropical_2030y_SOC,cf_std,
Baker Island,BRDC_Subtropical_2030y_SOC,cf_std,
Bangladesh,BRDC_Subtropical_2030y_SOC,cf_std,13.0937605
Barbados,BRDC_Subtropical_2030y_SOC,cf_std,
Bassas da India,BRDC_Subtropical_2030y_SOC,cf_std,
Belarus,BRDC_Subtropical_2030y_SOC,cf_std,
Belgium,BRDC_Subtropical_2030y_SOC,cf_std,
Belize,BRDC_Subtropical_2030y_SOC,cf_std,
Benin,BRDC_Subtropical_2030y_SOC,cf_std,
Bermuda,BRDC_Subtropical_2030y_SOC,cf_std,
Bhutan,BRDC_Subtropical_2030y_SOC,cf_std,47.01752
Bird Island,BRDC_Subtropical_2030y_SOC,cf_std,
Bolivia,BRDC_Subtropical_2030y_SOC,cf_std,
Bosnia and Herzegovina,BRDC_Subtropical_2030y_SOC,cf_std,3.9628735
Botswana,BRDC_Subtropical_2030y_SOC,cf_std,0.92981863
Bouvet Island,BRDC_Subtropical_2030y_SOC,cf_std,
Brazil,BRDC_Subtropical_2030y_SOC,cf_std,56.84667
British Indian Ocean Territory,BRDC_Subtropical_2030y_SOC,cf_std,
British Virgin Islands,BRDC_Subtropical_2030y_SOC,cf_std,
Brunei Darussalam,BRDC_Subtropical_2030y_SOC,cf_std,
Bulgaria,BRDC_Subtropical_2030y_SOC,cf_std,
Burkina Faso,BRDC_Subtropical_2030y_SOC,cf_std,
Burundi,BRDC_Subtropical_2030y_SOC,cf_std,
Cambodia,BRDC_Subtropical_2030y_SOC,cf_std,
Cameroon,BRDC_Subtropical_2030y_SOC,cf_std,
Canada,BRDC_Subtropical_2030y_SOC,cf_std,
Cape Verde,BRDC_Subtropical_2030y_SOC,cf_std,
Cayman Islands,BRDC_Subtropical_2030y_SOC,cf_std,
Central African Republic,BRDC_Subtropical_2030y_SOC,cf_std,
Chad,BRDC_Subtropical_2030y_SOC,cf_std,
Chile,BRDC_Subtropical_2030y_SOC,cf_std,85.402985
China,BRDC_Subtropical_2030y_SOC,cf_std,98.413315
China/India,BRDC_Subtropical_2030y_SOC,cf_std,10.092417
Christmas Island,BRDC_Subtropical_2030y_SOC,cf_std,
Clipperton Island,BRDC_Subtropical_2030y_SOC,cf_std,
Cocos (Keeling) Islands,BRDC_Subtropical_2030y_SOC,cf_std,
Colombia,BRDC_Subtropical_2030y_SOC,cf_std,
Comoros,BRDC_Subtropical_2030y_SOC,cf_std,
Congo,BRDC_Subtropical_2030y_SOC,cf_std,
Cook Islands,BRDC_Subtropical_2030y_SOC,cf_std,
Costa Rica,BRDC_Subtropical_2030y_SOC,cf_std,
Croatia,BRDC_Subtropical_2030y_SOC,cf_std,0.0
Cuba,BRDC_Subtropical_2030y_SOC,cf_std,
Cyprus,BRDC_Subtropical_2030y_SOC,cf_std,
Czech Republic,BRDC_Subtropical_2030y_SOC,cf_std,
Côte d'Ivoire,BRDC_Subtropical_2030y_SOC,cf_std,
Dem People's Rep of Korea,BRDC_Subtropical_2030y_SOC,cf_std,
Democratic Republic of the Congo,BRDC_Subtropical_2030y_SOC,cf_std,
Denmark,BRDC_Subtropical_2030y_SOC,cf_std,
Djibouti,BRDC_Subtropical_2030y_SOC,cf_std,
Dominica,BRDC_Subtropical_2030y_SOC,cf_std,
Dominican Republic,BRDC_Subtropical_2030y_SOC,cf_std,
Ecuador,BRDC_Subtropical_2030y_SOC,cf_std,
Egypt,BRDC_Subtropical_2030y_SOC,cf_std,
El Salvador,BRDC_Subtropical_2030y_SOC,cf_std,
Equatorial Guinea,BRDC_Subtropical_2030y_SOC,cf_std,
Eritrea,BRDC_Subtropical_2030y_SOC,cf_std,
Estonia,BRDC_Subtropical_2030y_SOC,cf_std,
Ethiopia,BRDC_Subtropical_2030y_SOC,cf_std,
Europa Island,BRDC_Subtropical_2030y_SOC,cf_std,
Falkland Islands (Malvinas),BRDC_Subtropical_2030y_SOC,cf_std,
Faroe Islands,BRDC_Subtropical_2030y_SOC,cf_std,
Fiji,BRDC_Subtropical_2030y_SOC,cf_std,
Finland,BRDC_Subtropical_2030y_SOC,cf_std,
France,BRDC_Subtropical_2030y_SOC,cf_std,50.116615
French Guiana,BRDC_Subtropical_2030y_SOC,cf_std,
French Polynesia,BRDC_Subtropical_2030y_SOC,cf_std,
French Southern and Antarctic Territories,BRDC_Subtropical_2030y_SOC,cf_std,
Gabon,BRDC_Subtropical_2030y_SOC,cf_std,
Gambia,BRDC_Subtropical_2030y_SOC,cf_std,
Gaza Strip,BRDC_Subtropical_2030y_SOC,cf_std,
Georgia,BRDC_Subtropical_2030y_SOC,cf_std,12.651276
Germany,BRDC_Subtropical_2030y_SOC,cf_std,
Ghana,BRDC_Subtropical_2030y_SOC,cf_std,
Gibraltar,BRDC_Subtropical_2030y_SOC,cf_std,
Glorioso Island,BRDC_Subtropical_2030y_SOC,cf_std,
Greece,BRDC_Subtropical_2030y_SOC,cf_std,8.091899
Greenland,BRDC_Subtropical_2030y_SOC,cf_std,
Grenada,BRDC_Subtropical_2030y_SOC,cf_std,
Guadeloupe,BRDC_Subtropical_2030y_SOC,cf_std,
Guam,BRDC_Subtropical_2030y_SOC,cf_std,
Guatemala,BRDC_Subtropical_2030y_SOC,cf_std,
Guernsey,BRDC_Subtropical_2030y_SOC,cf_std,
Guinea,BRDC_Subtropical_2030y_SOC,cf_std,
Guinea-Bissau,BRDC_Subtropical_2030y_SOC,cf_std,
Guyana,BRDC_Subtropical_2030y_SOC,cf_std,
Haiti,BRDC_Subtropical_2030y_SOC,cf_std,
Hala'ib triangle,BRDC_Subtropical_2030y_SOC,cf_std,
Heard Island and McDonald Islands,BRDC_Subtropical_2030y_SOC,cf_std,
Holy See,BRDC_Subtropical_2030y_SOC,cf_std,0.0
Honduras,BRDC_Subtropical_2030y_SOC,cf_std,
Hong Kong,BRDC_Subtropical_2030y_SOC,cf_std,6.462232
Howland Island,BRDC_Subtropical_2030y_SOC,cf_std,
Hungary,BRDC_Subtropical_2030y_SOC,cf_std,
Iceland,BRDC_Subtropical_2030y_SOC,cf_std,
Ilemi triangle,BRDC_Subtropical_2030y_SOC,cf_std,
India,BRDC_Subtropical_2030y_SOC,cf_std,54.667152
Indonesia,BRDC_Subtropical_2030y_SOC,cf_std,
Iran  (Islamic Republic of),BRDC_Subtropical_2030y_SOC,cf_std,
Iraq,BRDC_Subtropical_2030y_SOC,cf_std,
Ireland,BRDC_Subtropical_2030y_SOC,cf_std,
Isle of Man,BRDC_Subtropical_2030y_SOC,cf_std,
Israel,BRDC_Subtropical_2030y_SOC,cf_std,
Italy,BRDC_Subtropical_2030y_SOC,cf_std,39.736305
Jamaica,BRDC_Subtropical_2030y_SOC,cf_std,
Jammu and Kashmir,BRDC_Subtropical_2030y_SOC,cf_std,97.20336
Japan,BRDC_Subtropical_2030y_SOC,cf_std,109.533775
Jarvis Island,BRDC_Subtropical_2030y_SOC,cf_std,
Jersey,BRDC_Subtropical_2030y_SOC,cf_std,
Johnston Atoll,BRDC_Subtropical_2030y_SOC,cf_std,
Jordan,BRDC_Subtropical_2030y_SOC,cf_std,
Juan de Nova Island,BRDC_Subtropical_2030y_SOC,cf_std,
Kazakhstan,BRDC_Subtropical_2030y_SOC,cf_std,
Kenya,BRDC_Subtropical_2030y_SOC,cf_std,
Kingman Reef,BRDC_Subtropical_2030y_SOC,cf_std,
Kiribati,BRDC_Subtropical_2030y_SOC,cf_std,
Kuril islands,BRDC_Subtropical_2030y_SOC,cf_std,
Kuwait,BRDC_Subtropical_2030y_SOC,cf_std,
Kyrgyzstan,BRDC_Subtropical_2030y_SOC,cf_std,4.8446074
Lao People's Democratic Republic,BRDC_Subtropical_2030y_SOC,cf_std,
Latvia,BRDC_Subtropical_2030y_SOC,cf_std,
Lebanon,BRDC_Subtropical_2030y_SOC,cf_std,
Lesotho,BRDC_Subtropical_2030y_SOC,cf_std,21.232273
Liberia,BRDC_Subtropical_2030y_SOC,cf_std,
Libya,BRDC_Subtropical_2030y_SOC,cf_std,
Liechtenstein,BRDC_Subtropical_2030y_SOC,cf_std,
Lithuania,BRDC_Subtropical_2030y_SOC,cf_std,
Luxembourg,BRDC_Subtropical_2030y_SOC,cf_std,
Ma'tan al-Sarra,BRDC_Subtropical_2030y_SOC,cf_std,
Macau,BRDC_Subtropical_2030y_SOC,cf_std,
Madagascar,BRDC_Subtropical_2030y_SOC,cf_std,
Madeira Islands,BRDC_Subtropical_2030y_SOC,cf_std,
Malawi,BRDC_Subtropical_2030y_SOC,cf_std,
Malaysia,BRDC_Subtropical_2030y_SOC,cf_std,
Maldives,BRDC_Subtropical_2030y_SOC,cf_std,
Mali,BRDC_Subtropical_2030y_SOC,cf_std,
Malta,BRDC_Subtropical_2030y_SOC,cf_std,
Marshall Islands,BRDC_Subtropical_2030y_SOC,cf_std,
Martinique,BRDC_Subtropical_2030y_SOC,cf_std,
Mauritania,BRDC_Subtropical_2030y_SOC,cf_std,
Mauritius,BRDC_Subtropical_2030y_SOC,cf_std,
Mayotte,BRDC_Subtropical_2030y_SOC,cf_std,
Mexico,BRDC_Subtropical_2030y_SOC,cf_std,11.476243
Micronesia (Federated States of),BRDC_Subtropical_2030y_SOC,cf_std,
Midway Island,BRDC_Subtropical_2030y_SOC,cf_std,
"Moldova, Republic of",BRDC_Subtropical_2030y_SOC,cf_std,
Monaco,BRDC_Subtropical_2030y_SOC,cf_std,
Mongolia,BRDC_Subtropical_2030y_SOC,cf_std,
Montenegro,BRDC_Subtropical_2030y_SOC,cf_std,8.307216
Montserrat,BRDC_Subtropical_2030y_SOC,cf_std,
Morocco,BRDC_Subtropical_2030y_SOC,cf_std,
Mozambique,BRDC_Subtropical_2030y_SOC,cf_std,
Myanmar,BRDC_Subtropical_2030y_SOC,cf_std,18.950695
Namibia,BRDC_Subtropical_2030y_SOC,cf_std,13.272762
Nauru,BRDC_Subtropical_2030y_SOC,cf_std,
Navassa Island,BRDC_Subtropical_2030y_SOC,cf_std,
Nepal,BRDC_Subtropical_2030y_SOC,cf_std,69.11147
Netherlands,BRDC_Subtropical_2030y_SOC,cf_std,
Netherlands Antilles,BRDC_Subtropical_2030y_SOC,cf_std,
New Caledonia,BRDC_Subtropical_2030y_SOC,cf_std,
New Zealand,BRDC_Subtropical_2030y_SOC,cf_std,33.30974
Nicaragua,BRDC_Subtropical_2030y_SOC,cf_std,
Niger,BRDC_Subtropical_2030y_SOC,cf_std,
Nigeria,BRDC_Subtropical_2030y_SOC,cf_std,
Niue,BRDC_Subtropical_2030y_SOC,cf_std,
Norfolk Island,BRDC_Subtropical_2030y_SOC,cf_std,
Northern Mariana Islands,BRDC_Subtropical_2030y_SOC,cf_std,
Norway,BRDC_Subtropical_2030y_SOC,cf_std,
Oman,BRDC_Subtropical_2030y_SOC,cf_std,
Pakistan,BRDC_Subtropical_2030y_SOC,cf_std,59.19744
Palau,BRDC_Subtropical_2030y_SOC,cf_std,
Palmyra Atoll,BRDC_Subtropical_2030y_SOC,cf_std,
Panama,BRDC_Subtropical_2030y_SOC,cf_std,
Papua New Guinea,BRDC_Subtropical_2030y_SOC,cf_std,
Paracel Islands,BRDC_Subtropical_2030y_SOC,cf_std,
Paraguay,BRDC_Subtropical_2030y_SOC,cf_std,12.972492
Peru,BRDC_Subtropical_2030y_SOC,cf_std,64.83358
Philippines,BRDC_Subtropical_2030y_SOC,cf_std,
Pitcairn,BRDC_Subtropical_2030y_SOC,cf_std,
Poland,BRDC_Subtropical_2030y_SOC,cf_std,
Portugal,BRDC_Subtropical_2030y_SOC,cf_std,24.73368
Puerto Rico,BRDC_Subtropical_2030y_SOC,cf_std,
Qatar,BRDC_Subtropical_2030y_SOC,cf_std,
Republic of Korea,BRDC_Subtropical_2030y_SOC,cf_std,
Romania,BRDC_Subtropical_2030y_SOC,cf_std,
Russian Federation,BRDC_Subtropical_2030y_SOC,cf_std,
Rwanda,BRDC_Subtropical_2030y_SOC,cf_std,
Réunion,BRDC_Subtropical_2030y_SOC,cf_std,
Saint Helena,BRDC_Subtropical_2030y_SOC,cf_std,
Saint Kitts and Nevis,BRDC_Subtropical_2030y_SOC,cf_std,
Saint Lucia,BRDC_Subtropical_2030y_SOC,cf_std,
Saint Pierre et Miquelon,BRDC_Subtropical_2030y_SOC,cf_std,
Saint Vincent and the Grenadines,BRDC_Subtropical_2030y_SOC,cf_std,
Samoa,BRDC_Subtropical_2030y_SOC,cf_std,
San Marino,BRDC_Subtropical_2030y_SOC,cf_std,
Sao Tome and Principe,BRDC_Subtropical_2030y_SOC,cf_std,
Saudi Arabia,BRDC_Subtropical_2030y_SOC,cf_std,
Scarborough Reef,BRDC_Subtropical_2030y_SOC,cf_std,
Senegal,BRDC_Subtropical_2030y_SOC,cf_std,
Senkaku Islands,BRDC_Subtropical_2030y_SOC,cf_std,
Serbia,BRDC_Subtropical_2030y_SOC,cf_std,2.4259486
Seychelles,BRDC_Subtropical_2030y_SOC,cf_std,
Sierra Leone,BRDC_Subtropical_2030y_SOC,cf_std,
Singapore,BRDC_Subtropical_2030y_SOC,cf_std,
Slovakia,BRDC_Subtropical_2030y_SOC,cf_std,
Slovenia,BRDC_Subtropical_2030y_SOC,cf_std,
Solomon Islands,BRDC_Subtropical_2030y_SOC,cf_std,
Somalia,BRDC_Subtropical_2030y_SOC,cf_std,
South Africa,BRDC_Subtropical_2030y_SOC,cf_std,63.833427
South Georgia and the South Sandwich Islands,BRDC_Subtropical_2030y_SOC,cf_std,
South Sudan,BRDC_Subtropical_2030y_SOC,cf_std,
Spain,BRDC_Subtropical_2030y_SOC,cf_std,46.184635
Spratly Islands,BRDC_Subtropical_2030y_SOC,cf_std,
Sri Lanka,BRDC_Subtropical_2030y_SOC,cf_std,
Sudan,BRDC_Subtropical_2030y_SOC,cf_std,
Suriname,BRDC_Subtropical_2030y_SOC,cf_std,
Svalbard and Jan Mayen Islands,BRDC_Subtropical_2030y_SOC,cf_std,
Swaziland,BRDC_Subtropical_2030y_SOC,cf_std,1.6363913
Sweden,BRDC_Subtropical_2030y_SOC,cf_std,
Switzerland,BRDC_Subtropical_2030y_SOC,cf_std,22.361845
Syrian Arab Republic,BRDC_Subtropical_2030y_SOC,cf_std,
Taiwan,BRDC_Subtropical_2030y_SOC,cf_std,128.88754
Tajikistan,BRDC_Subtropical_2030y_SOC,cf_std,63.489197
Thailand,BRDC_Subtropical_2030y_SOC,cf_std,
The former Yugoslav Republic of Macedonia,BRDC_Subtropical_2030y_SOC,cf_std,16.010157
Timor-Leste,BRDC_Subtropical_2030y_SOC,cf_std,
Togo,BRDC_Subtropical_2030y_SOC,cf_std,
Tokelau,BRDC_Subtropical_2030y_SOC,cf_std,
Tonga,BRDC_Subtropical_2030y_SOC,cf_std,
Trinidad and Tobago,BRDC_Subtropical_2030y_SOC,cf_std,
Tromelin Island,BRDC_Subtropical_2030y_SOC,cf_std,
Tunisia,BRDC_Subtropical_2030y_SOC,cf_std,
Turkey,BRDC_Subtropical_2030y_SOC,cf_std,34.38392
Turkmenistan,BRDC_Subtropical_2030y_SOC,cf_std,22.266296
Turks and Caicos islands,BRDC_Subtropical_2030y_SOC,cf_std,
Tuvalu,BRDC_Subtropical_2030y_SOC,cf_std,
U.K. of Great Britain and Northern Ireland,BRDC_Subtropical_2030y_SOC,cf_std,
Uganda,BRDC_Subtropical_2030y_SOC,cf_std,
Ukraine,BRDC_Subtropical_2030y_SOC,cf_std,
United Arab Emirates,BRDC_Subtropical_2030y_SOC,cf_std,
United Republic of Tanzania,BRDC_Subtropical_2030y_SOC,cf_std,
United States Virgin Islands,BRDC_Subtropical_2030y_SOC,cf_std,
United States of America,BRDC_Subtropical_2030y_SOC,cf_std,50.686768
Uruguay,BRDC_Subtropical_2030y_SOC,cf_std,17.333223
Uzbekistan,BRDC_Subtropical_2030y_SOC,cf_std,45.28868
Vanuatu,BRDC_Subtropical_2030y_SOC,cf_std,
Venezuela,BRDC_Subtropical_2030y_SOC,cf_std,
Viet Nam,BRDC_Subtropical_2030y_SOC,cf_std,23.831516
Wake Island,BRDC_Subtropical_2030y_SOC,cf_std,
Wallis and Futuna,BRDC_Subtropical_2030y_SOC,cf_std,
West Bank,BRDC_Subtropical_2030y_SOC,cf_std,
Western Sahara,BRDC_Subtropical_2030y_SOC,cf_std,
Yemen,BRDC_Subtropical_2030y_SOC,cf_std,
Zambia,BRDC_Subtropical_2030y_SOC,cf_std,
Zimbabwe,BRDC_Subtropical_2030y_SOC,cf_std,
Abyei,BRDC_Warm temperate moist_2030y_SOC,cf_mean,
Afghanistan,BRDC_Warm temperate moist_2030y_SOC,cf_mean,52.599796
Aksai Chin,BRDC_Warm temperate moist_2030y_SOC,cf_mean,63.121113
Albania,BRDC_Warm temperate moist_2030y_SOC,cf_mean,58.859333
Algeria,BRDC_Warm temperate moist_2030y_SOC,cf_mean,
American Samoa,BRDC_Warm temperate moist_2030y_SOC,cf_mean,
Andorra,BRDC_Warm temperate moist_2030y_SOC,cf_mean,70.7094
Angola,BRDC_Warm temperate moist_2030y_SOC,cf_mean,29.761118
Anguilla,BRDC_Warm temperate moist_2030y_SOC,cf_mean,
Antarctica,BRDC_Warm temperate moist_2030y_SOC,cf_mean,
Antigua and Barbuda,BRDC_Warm temperate moist_2030y_SOC,cf_mean,
Argentina,BRDC_Warm temperate moist_2030y_SOC,cf_mean,40.77437
Armenia,BRDC_Warm temperate moist_2030y_SOC,cf_mean,
Aruba,BRDC_Warm temperate moist_2030y_SOC,cf_mean,
Arunachal Pradesh,BRDC_Warm temperate moist_2030y_SOC,cf_mean,54.77989
Ashmore and Cartier Islands,BRDC_Warm temperate moist_2030y_SOC,cf_mean,
Australia,BRDC_Warm temperate moist_2030y_SOC,cf_mean,29.272766
Austria,BRDC_Warm temperate moist_2030y_SOC,cf_mean,
Azerbaijan,BRDC_Warm temperate moist_2030y_SOC,cf_mean,
Azores Islands,BRDC_Warm temperate moist_2030y_SOC,cf_mean,
Bahamas,BRDC_Warm temperate moist_2030y_SOC,cf_mean,
Bahrain,BRDC_Warm temperate moist_2030y_SOC,cf_mean,
Baker Island,BRDC_Warm temperate moist_2030y_SOC,cf_mean,
Bangladesh,BRDC_Warm temperate moist_2030y_SOC,cf_mean,31.057442
Barbados,BRDC_Warm temperate moist_2030y_SOC,cf_mean,
Bassas da India,BRDC_Warm temperate moist_2030y_SOC,cf_mean,
Belarus,BRDC_Warm temperate moist_2030y_SOC,cf_mean,
Belgium,BRDC_Warm temperate moist_2030y_SOC,cf_mean,
Belize,BRDC_Warm temperate moist_2030y_SOC,cf_mean,
Benin,BRDC_Warm temperate moist_2030y_SOC,cf_mean,
Bermuda,BRDC_Warm temperate moist_2030y_SOC,cf_mean,
Bhutan,BRDC_Warm temperate moist_2030y_SOC,cf_mean,62.706314
Bird Island,BRDC_Warm temperate moist_2030y_SOC,cf_mean,
Bolivia,BRDC_Warm temperate moist_2030y_SOC,cf_mean,
Bosnia and Herzegovina,BRDC_Warm temperate moist_2030y_SOC,cf_mean,73.15695
Botswana,BRDC_Warm temperate moist_2030y_SOC,cf_mean,24.047388
Bouvet Island,BRDC_Warm temperate moist_2030y_SOC,cf_mean,
Brazil,BRDC_Warm temperate moist_2030y_SOC,cf_mean,51.935093
British Indian Ocean Territory,BRDC_Warm temperate moist_2030y_SOC,cf_mean,
British Virgin Islands,BRDC_Warm temperate moist_2030y_SOC,cf_mean,
Brunei Darussalam,BRDC_Warm temperate moist_2030y_SOC,cf_mean,
Bulgaria,BRDC_Warm temperate moist_2030y_SOC,cf_mean,
Burkina Faso,BRDC_Warm temperate moist_2030y_SOC,cf_mean,
Burundi,BRDC_Warm temperate moist_2030y_SOC,cf_mean,
Cambodia,BRDC_Warm temperate moist_2030y_SOC,cf_mean,
Cameroon,BRDC_Warm temperate moist_2030y_SOC,cf_mean,
Canada,BRDC_Warm temperate moist_2030y_SOC,cf_mean,
Cape Verde,BRDC_Warm temperate moist_2030y_SOC,cf_mean,
Cayman Islands,BRDC_Warm temperate moist_2030y_SOC,cf_mean,
Central African Republic,BRDC_Warm temperate moist_2030y_SOC,cf_mean,
Chad,BRDC_Warm temperate moist_2030y_SOC,cf_mean,
Chile,BRDC_Warm temperate moist_2030y_SOC,cf_mean,89.03696
China,BRDC_Warm temperate moist_2030y_SOC,cf_mean,57.765095
China/India,BRDC_Warm temperate moist_2030y_SOC,cf_mean,81.89272
Christmas Island,BRDC_Warm temperate moist_2030y_SOC,cf_mean,
Clipperton Island,BRDC_Warm temperate moist_2030y_SOC,cf_mean,
Cocos (Keeling) Islands,BRDC_Warm temperate moist_2030y_SOC,cf_mean,
Colombia,BRDC_Warm temperate moist_2030y_SOC,cf_mean,
Comoros,BRDC_Warm temperate moist_2030y_SOC,cf_mean,
Congo,BRDC_Warm temperate moist_2030y_SOC,cf_mean,
Cook Islands,BRDC_Warm temperate moist_2030y_SOC,cf_mean,
Costa Rica,BRDC_Warm temperate moist_2030y_SOC,cf_mean,
Croatia,BRDC_Warm temperate moist_2030y_SOC,cf_mean,62.037
Cuba,BRDC_Warm temperate moist_2030y_SOC,cf_mean,
Cyprus,BRDC_Warm temperate moist_2030y_SOC,cf_mean,
Czech Republic,BRDC_Warm temperate moist_2030y_SOC,cf_mean,
Côte d'Ivoire,BRDC_Warm temperate moist_2030y_SOC,cf_mean,
Dem People's Rep of Korea,BRDC_Warm temperate moist_2030y_SOC,cf_mean,
Democratic Republic of the Congo,BRDC_Warm temperate moist_2030y_SOC,cf_mean,
Denmark,BRDC_Warm temperate moist_2030y_SOC,cf_mean,
Djibouti,BRDC_Warm temperate moist_2030y_SOC,cf_mean,
Dominica,BRDC_Warm temperate moist_2030y_SOC,cf_mean,
Dominican Republic,BRDC_Warm temperate moist_2030y_SOC,cf_mean,
Ecuador,BRDC_Warm temperate moist_2030y_SOC,cf_mean,
Egypt,BRDC_Warm temperate moist_2030y_SOC,cf_mean,
El Salvador,BRDC_Warm temperate moist_2030y_SOC,cf_mean,
Equatorial Guinea,BRDC_Warm temperate moist_2030y_SOC,cf_mean,
Eritrea,BRDC_Warm temperate moist_2030y_SOC,cf_mean,
Estonia,BRDC_Warm temperate moist_2030y_SOC,cf_mean,
Ethiopia,BRDC_Warm temperate moist_2030y_SOC,cf_mean,
Europa Island,BRDC_Warm temperate moist_2030y_SOC,cf_mean,
Falkland Islands (Malvinas),BRDC_Warm temperate moist_2030y_SOC,cf_mean,
Faroe Islands,BRDC_Warm temperate moist_2030y_SOC,cf_mean,
Fiji,BRDC_Warm temperate moist_2030y_SOC,cf_mean,
Finland,BRDC_Warm temperate moist_2030y_SOC,cf_mean,
France,BRDC_Warm temperate moist_2030y_SOC,cf_mean,61.721123
French Guiana,BRDC_Warm temperate moist_2030y_SOC,cf_mean,
French Polynesia,BRDC_Warm temperate moist_2030y_SOC,cf_mean,
French Southern and Antarctic Territories,BRDC_Warm temperate moist_2030y_SOC,cf_mean,
Gabon,BRDC_Warm temperate moist_2030y_SOC,cf_mean,
Gambia,BRDC_Warm temperate moist_2030y_SOC,cf_mean,
Gaza Strip,BRDC_Warm temperate moist_2030y_SOC,cf_mean,
Georgia,BRDC_Warm temperate moist_2030y_SOC,cf_mean,72.41722
Germany,BRDC_Warm temperate moist_2030y_SOC,cf_mean,
Ghana,BRDC_Warm temperate moist_2030y_SOC,cf_mean,
Gibraltar,BRDC_Warm temperate moist_2030y_SOC,cf_mean,
Glorioso Island,BRDC_Warm temperate moist_2030y_SOC,cf_mean,
Greece,BRDC_Warm temperate moist_2030y_SOC,cf_mean,49.91719
Greenland,BRDC_Warm temperate moist_2030y_SOC,cf_mean,
Grenada,BRDC_Warm temperate moist_2030y_SOC,cf_mean,
Guadeloupe,BRDC_Warm temperate moist_2030y_SOC,cf_mean,
Guam,BRDC_Warm temperate moist_2030y_SOC,cf_mean,
Guatemala,BRDC_Warm temperate moist_2030y_SOC,cf_mean,
Guernsey,BRDC_Warm temperate moist_2030y_SOC,cf_mean,
Guinea,BRDC_Warm temperate moist_2030y_SOC,cf_mean,
Guinea-Bissau,BRDC_Warm temperate moist_2030y_SOC,cf_mean,
Guyana,BRDC_Warm temperate moist_2030y_SOC,cf_mean,
Haiti,BRDC_Warm temperate moist_2030y_SOC,cf_mean,
Hala'ib triangle,BRDC_Warm temperate moist_2030y_SOC,cf_mean,
Heard Island and McDonald Islands,BRDC_Warm temperate moist_2030y_SOC,cf_mean,
Holy See,BRDC_Warm temperate moist_2030y_SOC,cf_mean,69.8532
Honduras,BRDC_Warm temperate moist_2030y_SOC,cf_mean,
Hong Kong,BRDC_Warm temperate moist_2030y_SOC,cf_mean,36.942493
Howland Island,BRDC_Warm temperate moist_2030y_SOC,cf_mean,
Hungary,BRDC_Warm temperate moist_2030y_SOC,cf_mean,
Iceland,BRDC_Warm temperate moist_2030y_SOC,cf_mean,
Ilemi triangle,BRDC_Warm temperate moist_2030y_SOC,cf_mean,
India,BRDC_Warm temperate moist_2030y_SOC,cf_mean,35.349194
Indonesia,BRDC_Warm temperate moist_2030y_SOC,cf_mean,
Iran  (Islamic Republic of),BRDC_Warm temperate moist_2030y_SOC,cf_mean,
Iraq,BRDC_Warm temperate moist_2030y_SOC,cf_mean,
Ireland,BRDC_Warm temperate moist_2030y_SOC,cf_mean,
Isle of Man,BRDC_Warm temperate moist_2030y_SOC,cf_mean,
Israel,BRDC_Warm temperate moist_2030y_SOC,cf_mean,
Italy,BRDC_Warm temperate moist_2030y_SOC,cf_mean,57.121445
Jamaica,BRDC_Warm temperate moist_2030y_SOC,cf_mean,
Jammu and Kashmir,BRDC_Warm temperate moist_2030y_SOC,cf_mean,60.04313
Japan,BRDC_Warm temperate moist_2030y_SOC,cf_mean,63.214844
Jarvis Island,BRDC_Warm temperate moist_2030y_SOC,cf_mean,
Jersey,BRDC_Warm temperate moist_2030y_SOC,cf_mean,
Johnston Atoll,BRDC_Warm temperate moist_2030y_SOC,cf_mean,
Jordan,BRDC_Warm temperate moist_2030y_SOC,cf_mean,
Juan de Nova Island,BRDC_Warm temperate moist_2030y_SOC,cf_mean,
Kazakhstan,BRDC_Warm temperate moist_2030y_SOC,cf_mean,
Kenya,BRDC_Warm temperate moist_2030y_SOC,cf_mean,
Kingman Reef,BRDC_Warm temperate moist_2030y_SOC,cf_mean,
Kiribati,BRDC_Warm temperate moist_2030y_SOC,cf_mean,
Kuril islands,BRDC_Warm temperate moist_2030y_SOC,cf_mean,
Kuwait,BRDC_Warm temperate moist_2030y_SOC,cf_mean,
Kyrgyzstan,BRDC_Warm temperate moist_2030y_SOC,cf_mean,68.678764
Lao People's Democratic Republic,BRDC_Warm temperate moist_2030y_SOC,cf_mean,
Latvia,BRDC_Warm temperate moist_2030y_SOC,cf_mean,
Lebanon,BRDC_Warm temperate moist_2030y_SOC,cf_mean,
Lesotho,BRDC_Warm temperate moist_2030y_SOC,cf_mean,49.939842
Liberia,BRDC_Warm temperate moist_2030y_SOC,cf_mean,
Libya,BRDC_Warm temperate moist_2030y_SOC,cf_mean,
Liechtenstein,BRDC_Warm temperate moist_2030y_SOC,cf_mean,
Lithuania,BRDC_Warm temperate moist_2030y_SOC,cf_mean,
Luxembourg,BRDC_Warm temperate moist_2030y_SOC,cf_mean,
Ma'tan al-Sarra,BRDC_Warm temperate moist_2030y_SOC,cf_mean,
Macau,BRDC_Warm temperate moist_2030y_SOC,cf_mean,
Madagascar,BRDC_Warm temperate moist_2030y_SOC,cf_mean,
Madeira Islands,BRDC_Warm temperate moist_2030y_SOC,cf_mean,
Malawi,BRDC_Warm temperate moist_2030y_SOC,cf_mean,
Malaysia,BRDC_Warm temperate moist_2030y_SOC,cf_mean,
Maldives,BRDC_Warm temperate moist_2030y_SOC,cf_mean,
Mali,BRDC_Warm temperate moist_2030y_SOC,cf_mean,
Malta,BRDC_Warm temperate moist_2030y_SOC,cf_mean,
Marshall Islands,BRDC_Warm temperate moist_2030y_SOC,cf_mean,
Martinique,BRDC_Warm temperate moist_2030y_SOC,cf_mean,
Mauritania,BRDC_Warm temperate moist_2030y_SOC,cf_mean,
Mauritius,BRDC_Warm temperate moist_2030y_SOC,cf_mean,
Mayotte,BRDC_Warm temperate moist_2030y_SOC,cf_mean,
Mexico,BRDC_Warm temperate moist_2030y_SOC,cf_mean,34.376915
Micronesia (Federated States of),BRDC_Warm temperate moist_2030y_SOC,cf_mean,
Midway Island,BRDC_Warm temperate moist_2030y_SOC,cf_mean,
"Moldova, Republic of",BRDC_Warm temperate moist_2030y_SOC,cf_mean,
Monaco,BRDC_Warm temperate moist_2030y_SOC,cf_mean,
Mongolia,BRDC_Warm temperate moist_2030y_SOC,cf_mean,
Montenegro,BRDC_Warm temperate moist_2030y_SOC,cf_mean,70.695786
Montserrat,BRDC_Warm temperate moist_2030y_SOC,cf_mean,
Morocco,BRDC_Warm temperate moist_2030y_SOC,cf_mean,
Mozambique,BRDC_Warm temperate moist_2030y_SOC,cf_mean,
Myanmar,BRDC_Warm temperate moist_2030y_SOC,cf_mean,51.197147
Namibia,BRDC_Warm temperate moist_2030y_SOC,cf_mean,29.404446
Nauru,BRDC_Warm temperate moist_2030y_SOC,cf_mean,
Navassa Island,BRDC_Warm temperate moist_2030y_SOC,cf_mean,
Nepal,BRDC_Warm temperate moist_2030y_SOC,cf_mean,49.10535
Netherlands,BRDC_Warm temperate moist_2030y_SOC,cf_mean,
Netherlands Antilles,BRDC_Warm temperate moist_2030y_SOC,cf_mean,
New Caledonia,BRDC_Warm temperate moist_2030y_SOC,cf_mean,
New Zealand,BRDC_Warm temperate moist_2030y_SOC,cf_mean,97.77222
Nicaragua,BRDC_Warm temperate moist_2030y_SOC,cf_mean,
Niger,BRDC_Warm temperate moist_2030y_SOC,cf_mean,
Nigeria,BRDC_Warm temperate moist_2030y_SOC,cf_mean,
Niue,BRDC_Warm temperate moist_2030y_SOC,cf_mean,
Norfolk Island,BRDC_Warm temperate moist_2030y_SOC,cf_mean,
Northern Mariana Islands,BRDC_Warm temperate moist_2030y_SOC,cf_mean,
Norway,BRDC_Warm temperate moist_2030y_SOC,cf_mean,
Oman,BRDC_Warm temperate moist_2030y_SOC,cf_mean,
Pakistan,BRDC_Warm temperate moist_2030y_SOC,cf_mean,34.35855
Palau,BRDC_Warm temperate moist_2030y_SOC,cf_mean,
Palmyra Atoll,BRDC_Warm temperate moist_2030y_SOC,cf_mean,
Panama,BRDC_Warm temperate moist_2030y_SOC,cf_mean,
Papua New Guinea,BRDC_Warm temperate moist_2030y_SOC,cf_mean,
Paracel Islands,BRDC_Warm temperate moist_2030y_SOC,cf_mean,
Paraguay,BRDC_Warm temperate moist_2030y_SOC,cf_mean,31.743961
Peru,BRDC_Warm temperate moist_2030y_SOC,cf_mean,64.343056
Philippines,BRDC_Warm temperate moist_2030y_SOC,cf_mean,
Pitcairn,BRDC_Warm temperate moist_2030y_SOC,cf_mean,
Poland,BRDC_Warm temperate moist_2030y_SOC,cf_mean,
Portugal,BRDC_Warm temperate moist_2030y_SOC,cf_mean,46.318493
Puerto Rico,BRDC_Warm temperate moist_2030y_SOC,cf_mean,
Qatar,BRDC_Warm temperate moist_2030y_SOC,cf_mean,
Republic of Korea,BRDC_Warm temperate moist_2030y_SOC,cf_mean,
Romania,BRDC_Warm temperate moist_2030y_SOC,cf_mean,
Russian Federation,BRDC_Warm temperate moist_2030y_SOC,cf_mean,
Rwanda,BRDC_Warm temperate moist_2030y_SOC,cf_mean,
Réunion,BRDC_Warm temperate moist_2030y_SOC,cf_mean,
Saint Helena,BRDC_Warm temperate moist_2030y_SOC,cf_mean,
Saint Kitts and Nevis,BRDC_Warm temperate moist_2030y_SOC,cf_mean,
Saint Lucia,BRDC_Warm temperate moist_2030y_SOC,cf_mean,
Saint Pierre et Miquelon,BRDC_Warm temperate moist_2030y_SOC,cf_mean,
Saint Vincent and the Grenadines,BRDC_Warm temperate moist_2030y_SOC,cf_mean,
Samoa,BRDC_Warm temperate moist_2030y_SOC,cf_mean,
San Marino,BRDC_Warm temperate moist_2030y_SOC,cf_mean,
Sao Tome and Principe,BRDC_Warm temperate moist_2030y_SOC,cf_mean,
Saudi Arabia,BRDC_Warm temperate moist_2030y_SOC,cf_mean,
Scarborough Reef,BRDC_Warm temperate moist_2030y_SOC,cf_mean,
Senegal,BRDC_Warm temperate moist_2030y_SOC,cf_mean,
Senkaku Islands,BRDC_Warm temperate moist_2030y_SOC,cf_mean,
Serbia,BRDC_Warm temperate moist_2030y_SOC,cf_mean,80.64164
Seychelles,BRDC_Warm temperate moist_2030y_SOC,cf_mean,
Sierra Leone,BRDC_Warm temperate moist_2030y_SOC,cf_mean,
Singapore,BRDC_Warm temperate moist_2030y_SOC,cf_mean,
Slovakia,BRDC_Warm temperate moist_2030y_SOC,cf_mean,
Slovenia,BRDC_Warm temperate moist_2030y_SOC,cf_mean,
Solomon Islands,BRDC_Warm temperate moist_2030y_SOC,cf_mean,
Somalia,BRDC_Warm temperate moist_2030y_SOC,cf_mean,
South Africa,BRDC_Warm temperate moist_2030y_SOC,cf_mean,37.659958
South Georgia and the South Sandwich Islands,BRDC_Warm temperate moist_2030y_SOC,cf_mean,
South Sudan,BRDC_Warm temperate moist_2030y_SOC,cf_mean,
Spain,BRDC_Warm temperate moist_2030y_SOC,cf_mean,47.591965
Spratly Islands,BRDC_Warm temperate moist_2030y_SOC,cf_mean,
Sri Lanka,BRDC_Warm temperate moist_2030y_SOC,cf_mean,
Sudan,BRDC_Warm temperate moist_2030y_SOC,cf_mean,
Suriname,BRDC_Warm temperate moist_2030y_SOC,cf_mean,
Svalbard and Jan Mayen Islands,BRDC_Warm temperate moist_2030y_SOC,cf_mean,
Swaziland,BRDC_Warm temperate moist_2030y_SOC,cf_mean,34.159843
Sweden,BRDC_Warm temperate moist_2030y_SOC,cf_mean,
Switzerland,BRDC_Warm temperate moist_2030y_SOC,cf_mean,70.493805
Syrian Arab Republic,BRDC_Warm temperate moist_2030y_SOC,cf_mean,
Taiwan,BRDC_Warm temperate moist_2030y_SOC,cf_mean,62.17938
Tajikistan,BRDC_Warm temperate moist_2030y_SOC,cf_mean,61.088673
Thailand,BRDC_Warm temperate moist_2030y_SOC,cf_mean,
The former Yugoslav Republic of Macedonia,BRDC_Warm temperate moist_2030y_SOC,cf_mean,67.33696
Timor-Leste,BRDC_Warm temperate moist_2030y_SOC,cf_mean,
Togo,BRDC_Warm temperate moist_2030y_SOC,cf_mean,
Tokelau,BRDC_Warm temperate moist_2030y_SOC,cf_mean,
Tonga,BRDC_Warm temperate moist_2030y_SOC,cf_mean,
Trinidad and Tobago,BRDC_Warm temperate moist_2030y_SOC,cf_mean,
Tromelin Island,BRDC_Warm temperate moist_2030y_SOC,cf_mean,
Tunisia,BRDC_Warm temperate moist_2030y_SOC,cf_mean,
Turkey,BRDC_Warm temperate moist_2030y_SOC,cf_mean,52.66858
Turkmenistan,BRDC_Warm temperate moist_2030y_SOC,cf_mean,41.75373
Turks and Caicos islands,BRDC_Warm temperate moist_2030y_SOC,cf_mean,
Tuvalu,BRDC_Warm temperate moist_2030y_SOC,cf_mean,
U.K. of Great Britain and Northern Ireland,BRDC_Warm temperate moist_2030y_SOC,cf_mean,
Uganda,BRDC_Warm temperate moist_2030y_SOC,cf_mean,
Ukraine,BRDC_Warm temperate moist_2030y_SOC,cf_mean,
United Arab Emirates,BRDC_Warm temperate moist_2030y_SOC,cf_mean,
United Republic of Tanzania,BRDC_Warm temperate moist_2030y_SOC,cf_mean,
United States Virgin Islands,BRDC_Warm temperate moist_2030y_SOC,cf_mean,
United States of America,BRDC_Warm temperate moist_2030y_SOC,cf_mean,39.934425
Uruguay,BRDC_Warm temperate moist_2030y_SOC,cf_mean,48.934
Uzbekistan,BRDC_Warm temperate moist_2030y_SOC,cf_mean,49.430477
Vanuatu,BRDC_Warm temperate moist_2030y_SOC,cf_mean,
Venezuela,BRDC_Warm temperate moist_2030y_SOC,cf_mean,
Viet Nam,BRDC_Warm temperate moist_2030y_SOC,cf_mean,37.997246
Wake Island,BRDC_Warm temperate moist_2030y_SOC,cf_mean,
Wallis and Futuna,BRDC_Warm temperate moist_2030y_SOC,cf_mean,
West Bank,BRDC_Warm temperate moist_2030y_SOC,cf_mean,
Western Sahara,BRDC_Warm temperate moist_2030y_SOC,cf_mean,
Yemen,BRDC_Warm temperate moist_2030y_SOC,cf_mean,
Zambia,BRDC_Warm temperate moist_2030y_SOC,cf_mean,
Zimbabwe,BRDC_Warm temperate moist_2030y_SOC,cf_mean,
Abyei,BRDC_Warm temperate moist_2030y_SOC,cf_median,
Afghanistan,BRDC_Warm temperate moist_2030y_SOC,cf_median,49.817394
Aksai Chin,BRDC_Warm temperate moist_2030y_SOC,cf_median,63.696278
Albania,BRDC_Warm temperate moist_2030y_SOC,cf_median,57.300713
Algeria,BRDC_Warm temperate moist_2030y_SOC,cf_median,
American Samoa,BRDC_Warm temperate moist_2030y_SOC,cf_median,
Andorra,BRDC_Warm temperate moist_2030y_SOC,cf_median,70.236305
Angola,BRDC_Warm temperate moist_2030y_SOC,cf_median,26.437601
Anguilla,BRDC_Warm temperate moist_2030y_SOC,cf_median,
Antarctica,BRDC_Warm temperate moist_2030y_SOC,cf_median,
Antigua and Barbuda,BRDC_Warm temperate moist_2030y_SOC,cf_median,
Argentina,BRDC_Warm temperate moist_2030y_SOC,cf_median,38.132862
Armenia,BRDC_Warm temperate moist_2030y_SOC,cf_median,
Aruba,BRDC_Warm temperate moist_2030y_SOC,cf_median,
Arunachal Pradesh,BRDC_Warm temperate moist_2030y_SOC,cf_median,49.837982
Ashmore and Cartier Islands,BRDC_Warm temperate moist_2030y_SOC,cf_median,
Australia,BRDC_Warm temperate moist_2030y_SOC,cf_median,27.846676
Austria,BRDC_Warm temperate moist_2030y_SOC,cf_median,
Azerbaijan,BRDC_Warm temperate moist_2030y_SOC,cf_median,
Azores Islands,BRDC_Warm temperate moist_2030y_SOC,cf_median,
Bahamas,BRDC_Warm temperate moist_2030y_SOC,cf_median,
Bahrain,BRDC_Warm temperate moist_2030y_SOC,cf_median,
Baker Island,BRDC_Warm temperate moist_2030y_SOC,cf_median,
Bangladesh,BRDC_Warm temperate moist_2030y_SOC,cf_median,30.793777
Barbados,BRDC_Warm temperate moist_2030y_SOC,cf_median,
Bassas da India,BRDC_Warm temperate moist_2030y_SOC,cf_median,
Belarus,BRDC_Warm temperate moist_2030y_SOC,cf_median,
Belgium,BRDC_Warm temperate moist_2030y_SOC,cf_median,
Belize,BRDC_Warm temperate moist_2030y_SOC,cf_median,
Benin,BRDC_Warm temperate moist_2030y_SOC,cf_median,
Bermuda,BRDC_Warm temperate moist_2030y_SOC,cf_median,
Bhutan,BRDC_Warm temperate moist_2030y_SOC,cf_median,62.71425
Bird Island,BRDC_Warm temperate moist_2030y_SOC,cf_median,
Bolivia,BRDC_Warm temperate moist_2030y_SOC,cf_median,
Bosnia and Herzegovina,BRDC_Warm temperate moist_2030y_SOC,cf_median,75.453995
Botswana,BRDC_Warm temperate moist_2030y_SOC,cf_median,23.965107
Bouvet Island,BRDC_Warm temperate moist_2030y_SOC,cf_median,
Brazil,BRDC_Warm temperate moist_2030y_SOC,cf_median,48.048607
British Indian Ocean Territory,BRDC_Warm temperate moist_2030y_SOC,cf_median,
British Virgin Islands,BRDC_Warm temperate moist_2030y_SOC,cf_median,
Brunei Darussalam,BRDC_Warm temperate moist_2030y_SOC,cf_median,
Bulgaria,BRDC_Warm temperate moist_2030y_SOC,cf_median,
Burkina Faso,BRDC_Warm temperate moist_2030y_SOC,cf_median,
Burundi,BRDC_Warm temperate moist_2030y_SOC,cf_median,
Cambodia,BRDC_Warm temperate moist_2030y_SOC,cf_median,
Cameroon,BRDC_Warm temperate moist_2030y_SOC,cf_median,
Canada,BRDC_Warm temperate moist_2030y_SOC,cf_median,
Cape Verde,BRDC_Warm temperate moist_2030y_SOC,cf_median,
Cayman Islands,BRDC_Warm temperate moist_2030y_SOC,cf_median,
Central African Republic,BRDC_Warm temperate moist_2030y_SOC,cf_median,
Chad,BRDC_Warm temperate moist_2030y_SOC,cf_median,
Chile,BRDC_Warm temperate moist_2030y_SOC,cf_median,88.00232
China,BRDC_Warm temperate moist_2030y_SOC,cf_median,50.46289
China/India,BRDC_Warm temperate moist_2030y_SOC,cf_median,82.1729
Christmas Island,BRDC_Warm temperate moist_2030y_SOC,cf_median,
Clipperton Island,BRDC_Warm temperate moist_2030y_SOC,cf_median,
Cocos (Keeling) Islands,BRDC_Warm temperate moist_2030y_SOC,cf_median,
Colombia,BRDC_Warm temperate moist_2030y_SOC,cf_median,
Comoros,BRDC_Warm temperate moist_2030y_SOC,cf_median,
Congo,BRDC_Warm temperate moist_2030y_SOC,cf_median,
Cook Islands,BRDC_Warm temperate moist_2030y_SOC,cf_median,
Costa Rica,BRDC_Warm temperate moist_2030y_SOC,cf_median,
Croatia,BRDC_Warm temperate moist_2030y_SOC,cf_median,62.037
Cuba,BRDC_Warm temperate moist_2030y_SOC,cf_median,
Cyprus,BRDC_Warm temperate moist_2030y_SOC,cf_median,
Czech Republic,BRDC_Warm temperate moist_2030y_SOC,cf_median,
Côte d'Ivoire,BRDC_Warm temperate moist_2030y_SOC,cf_median,
Dem People's Rep of Korea,BRDC_Warm temperate moist_2030y_SOC,cf_median,
Democratic Republic of the Congo,BRDC_Warm temperate moist_2030y_SOC,cf_median,
Denmark,BRDC_Warm temperate moist_2030y_SOC,cf_median,
Djibouti,BRDC_Warm temperate moist_2030y_SOC,cf_median,
Dominica,BRDC_Warm temperate moist_2030y_SOC,cf_median,
Dominican Republic,BRDC_Warm temperate moist_2030y_SOC,cf_median,
Ecuador,BRDC_Warm temperate moist_2030y_SOC,cf_median,
Egypt,BRDC_Warm temperate moist_2030y_SOC,cf_median,
El Salvador,BRDC_Warm temperate moist_2030y_SOC,cf_median,
Equatorial Guinea,BRDC_Warm temperate moist_2030y_SOC,cf_median,
Eritrea,BRDC_Warm temperate moist_2030y_SOC,cf_median,
Estonia,BRDC_Warm temperate moist_2030y_SOC,cf_median,
Ethiopia,BRDC_Warm temperate moist_2030y_SOC,cf_median,
Europa Island,BRDC_Warm temperate moist_2030y_SOC,cf_median,
Falkland Islands (Malvinas),BRDC_Warm temperate moist_2030y_SOC,cf_median,
Faroe Islands,BRDC_Warm temperate moist_2030y_SOC,cf_median,
Fiji,BRDC_Warm temperate moist_2030y_SOC,cf_median,
Finland,BRDC_Warm temperate moist_2030y_SOC,cf_median,
France,BRDC_Warm temperate moist_2030y_SOC,cf_median,59.92107
French Guiana,BRDC_Warm temperate moist_2030y_SOC,cf_median,
French Polynesia,BRDC_Warm temperate moist_2030y_SOC,cf_median,
French Southern and Antarctic Territories,BRDC_Warm temperate moist_2030y_SOC,cf_median,
Gabon,BRDC_Warm temperate moist_2030y_SOC,cf_median,
Gambia,BRDC_Warm temperate moist_2030y_SOC,cf_median,
Gaza Strip,BRDC_Warm temperate moist_2030y_SOC,cf_median,
Georgia,BRDC_Warm temperate moist_2030y_SOC,cf_median,72.27
Germany,BRDC_Warm temperate moist_2030y_SOC,cf_median,
Ghana,BRDC_Warm temperate moist_2030y_SOC,cf_median,
Gibraltar,BRDC_Warm temperate moist_2030y_SOC,cf_median,
Glorioso Island,BRDC_Warm temperate moist_2030y_SOC,cf_median,
Greece,BRDC_Warm temperate moist_2030y_SOC,cf_median,49.665825
Greenland,BRDC_Warm temperate moist_2030y_SOC,cf_median,
Grenada,BRDC_Warm temperate moist_2030y_SOC,cf_median,
Guadeloupe,BRDC_Warm temperate moist_2030y_SOC,cf_median,
Guam,BRDC_Warm temperate moist_2030y_SOC,cf_median,
Guatemala,BRDC_Warm temperate moist_2030y_SOC,cf_median,
Guernsey,BRDC_Warm temperate moist_2030y_SOC,cf_median,
Guinea,BRDC_Warm temperate moist_2030y_SOC,cf_median,
Guinea-Bissau,BRDC_Warm temperate moist_2030y_SOC,cf_median,
Guyana,BRDC_Warm temperate moist_2030y_SOC,cf_median,
Haiti,BRDC_Warm temperate moist_2030y_SOC,cf_median,
Hala'ib triangle,BRDC_Warm temperate moist_2030y_SOC,cf_median,
Heard Island and McDonald Islands,BRDC_Warm temperate moist_2030y_SOC,cf_median,
Holy See,BRDC_Warm temperate moist_2030y_SOC,cf_median,69.8532
Honduras,BRDC_Warm temperate moist_2030y_SOC,cf_median,
Hong Kong,BRDC_Warm temperate moist_2030y_SOC,cf_median,36.944847
Howland Island,BRDC_Warm temperate moist_2030y_SOC,cf_median,
Hungary,BRDC_Warm temperate moist_2030y_SOC,cf_median,
Iceland,BRDC_Warm temperate moist_2030y_SOC,cf_median,
Ilemi triangle,BRDC_Warm temperate moist_2030y_SOC,cf_median,
India,BRDC_Warm temperate moist_2030y_SOC,cf_median,32.990417
Indonesia,BRDC_Warm temperate moist_2030y_SOC,cf_median,
Iran  (Islamic Republic of),BRDC_Warm temperate moist_2030y_SOC,cf_median,
Iraq,BRDC_Warm temperate moist_2030y_SOC,cf_median,
Ireland,BRDC_Warm temperate moist_2030y_SOC,cf_median,
Isle of Man,BRDC_Warm temperate moist_2030y_SOC,cf_median,
Israel,BRDC_Warm temperate moist_2030y_SOC,cf_median,
Italy,BRDC_Warm temperate moist_2030y_SOC,cf_median,55.51513
Jamaica,BRDC_Warm temperate moist_2030y_SOC,cf_median,
Jammu and Kashmir,BRDC_Warm temperate moist_2030y_SOC,cf_median,62.168945
Japan,BRDC_Warm temperate moist_2030y_SOC,cf_median,55.955505
Jarvis Island,BRDC_Warm temperate moist_2030y_SOC,cf_median,
Jersey,BRDC_Warm temperate moist_2030y_SOC,cf_median,
Johnston Atoll,BRDC_Warm temperate moist_2030y_SOC,cf_median,
Jordan,BRDC_Warm temperate moist_2030y_SOC,cf_median,
Juan de Nova Island,BRDC_Warm temperate moist_2030y_SOC,cf_median,
Kazakhstan,BRDC_Warm temperate moist_2030y_SOC,cf_median,
Kenya,BRDC_Warm temperate moist_2030y_SOC,cf_median,
Kingman Reef,BRDC_Warm temperate moist_2030y_SOC,cf_median,
Kiribati,BRDC_Warm temperate moist_2030y_SOC,cf_median,
Kuril islands,BRDC_Warm temperate moist_2030y_SOC,cf_median,
Kuwait,BRDC_Warm temperate moist_2030y_SOC,cf_median,
Kyrgyzstan,BRDC_Warm temperate moist_2030y_SOC,cf_median,68.03987
Lao People's Democratic Republic,BRDC_Warm temperate moist_2030y_SOC,cf_median,
Latvia,BRDC_Warm temperate moist_2030y_SOC,cf_median,
Lebanon,BRDC_Warm temperate moist_2030y_SOC,cf_median,
Lesotho,BRDC_Warm temperate moist_2030y_SOC,cf_median,49.07839
Liberia,BRDC_Warm temperate moist_2030y_SOC,cf_median,
Libya,BRDC_Warm temperate moist_2030y_SOC,cf_median,
Liechtenstein,BRDC_Warm temperate moist_2030y_SOC,cf_median,
Lithuania,BRDC_Warm temperate moist_2030y_SOC,cf_median,
Luxembourg,BRDC_Warm temperate moist_2030y_SOC,cf_median,
Ma'tan al-Sarra,BRDC_Warm temperate moist_2030y_SOC,cf_median,
Macau,BRDC_Warm temperate moist_2030y_SOC,cf_median,
Madagascar,BRDC_Warm temperate moist_2030y_SOC,cf_median,
Madeira Islands,BRDC_Warm temperate moist_2030y_SOC,cf_median,
Malawi,BRDC_Warm temperate moist_2030y_SOC,cf_median,
Malaysia,BRDC_Warm temperate moist_2030y_SOC,cf_median,
Maldives,BRDC_Warm temperate moist_2030y_SOC,cf_median,
Mali,BRDC_Warm temperate moist_2030y_SOC,cf_median,
Malta,BRDC_Warm temperate moist_2030y_SOC,cf_median,
Marshall Islands,BRDC_Warm temperate moist_2030y_SOC,cf_median,
Martinique,BRDC_Warm temperate moist_2030y_SOC,cf_median,
Mauritania,BRDC_Warm temperate moist_2030y_SOC,cf_median,
Mauritius,BRDC_Warm temperate moist_2030y_SOC,cf_median,
Mayotte,BRDC_Warm temperate moist_2030y_SOC,cf_median,
Mexico,BRDC_Warm temperate moist_2030y_SOC,cf_median,33.06702
Micronesia (Federated States of),BRDC_Warm temperate moist_2030y_SOC,cf_median,
Midway Island,BRDC_Warm temperate moist_2030y_SOC,cf_median,
"Moldova, Republic of",BRDC_Warm temperate moist_2030y_SOC,cf_median,
Monaco,BRDC_Warm temperate moist_2030y_SOC,cf_median,
Mongolia,BRDC_Warm temperate moist_2030y_SOC,cf_median,
Montenegro,BRDC_Warm temperate moist_2030y_SOC,cf_median,73.799095
Montserrat,BRDC_Warm temperate moist_2030y_SOC,cf_median,
Morocco,BRDC_Warm temperate moist_2030y_SOC,cf_median,
Mozambique,BRDC_Warm temperate moist_2030y_SOC,cf_median,
Myanmar,BRDC_Warm temperate moist_2030y_SOC,cf_median,50.545906
Namibia,BRDC_Warm temperate moist_2030y_SOC,cf_median,29.582565
Nauru,BRDC_Warm temperate moist_2030y_SOC,cf_median,
Navassa Island,BRDC_Warm temperate moist_2030y_SOC,cf_median,
Nepal,BRDC_Warm temperate moist_2030y_SOC,cf_median,44.079308
Netherlands,BRDC_Warm temperate moist_2030y_SOC,cf_median,
Netherlands Antilles,BRDC_Warm temperate moist_2030y_SOC,cf_median,
New Caledonia,BRDC_Warm temperate moist_2030y_SOC,cf_median,
New Zealand,BRDC_Warm temperate moist_2030y_SOC,cf_median,94.31206
Nicaragua,BRDC_Warm temperate moist_2030y_SOC,cf_median,
Niger,BRDC_Warm temperate moist_2030y_SOC,cf_median,
Nigeria,BRDC_Warm temperate moist_2030y_SOC,cf_median,
Niue,BRDC_Warm temperate moist_2030y_SOC,cf_median,
Norfolk Island,BRDC_Warm temperate moist_2030y_SOC,cf_median,
Northern Mariana Islands,BRDC_Warm temperate moist_2030y_SOC,cf_median,
Norway,BRDC_Warm temperate moist_2030y_SOC,cf_median,
Oman,BRDC_Warm temperate moist_2030y_SOC,cf_median,
Pakistan,BRDC_Warm temperate moist_2030y_SOC,cf_median,29.006712
Palau,BRDC_Warm temperate moist_2030y_SOC,cf_median,
Palmyra Atoll,BRDC_Warm temperate moist_2030y_SOC,cf_median,
Panama,BRDC_Warm temperate moist_2030y_SOC,cf_median,
Papua New Guinea,BRDC_Warm temperate moist_2030y_SOC,cf_median,
Paracel Islands,BRDC_Warm temperate moist_2030y_SOC,cf_median,
Paraguay,BRDC_Warm temperate moist_2030y_SOC,cf_median,30.015795
Peru,BRDC_Warm temperate moist_2030y_SOC,cf_median,62.19247
Philippines,BRDC_Warm temperate moist_2030y_SOC,cf_median,
Pitcairn,BRDC_Warm temperate moist_2030y_SOC,cf_median,
Poland,BRDC_Warm temperate moist_2030y_SOC,cf_median,
Portugal,BRDC_Warm temperate moist_2030y_SOC,cf_median,44.27124
Puerto Rico,BRDC_Warm temperate moist_2030y_SOC,cf_median,
Qatar,BRDC_Warm temperate moist_2030y_SOC,cf_median,
Republic of Korea,BRDC_Warm temperate moist_2030y_SOC,cf_median,
Romania,BRDC_Warm temperate moist_2030y_SOC,cf_median,
Russian Federation,BRDC_Warm temperate moist_2030y_SOC,cf_median,
Rwanda,BRDC_Warm temperate moist_2030y_SOC,cf_median,
Réunion,BRDC_Warm temperate moist_2030y_SOC,cf_median,
Saint Helena,BRDC_Warm temperate moist_2030y_SOC,cf_median,
Saint Kitts and Nevis,BRDC_Warm temperate moist_2030y_SOC,cf_median,
Saint Lucia,BRDC_Warm temperate moist_2030y_SOC,cf_median,
Saint Pierre et Miquelon,BRDC_Warm temperate moist_2030y_SOC,cf_median,
Saint Vincent and the Grenadines,BRDC_Warm temperate moist_2030y_SOC,cf_median,
Samoa,BRDC_Warm temperate moist_2030y_SOC,cf_median,
San Marino,BRDC_Warm temperate moist_2030y_SOC,cf_median,
Sao Tome and Principe,BRDC_Warm temperate moist_2030y_SOC,cf_median,
Saudi Arabia,BRDC_Warm temperate moist_2030y_SOC,cf_median,
Scarborough Reef,BRDC_Warm temperate moist_2030y_SOC,cf_median,
Senegal,BRDC_Warm temperate moist_2030y_SOC,cf_median,
Senkaku Islands,BRDC_Warm temperate moist_2030y_SOC,cf_median,
Serbia,BRDC_Warm temperate moist_2030y_SOC,cf_median,81.33313
Seychelles,BRDC_Warm temperate moist_2030y_SOC,cf_median,
Sierra Leone,BRDC_Warm temperate moist_2030y_SOC,cf_median,
Singapore,BRDC_Warm temperate moist_2030y_SOC,cf_median,
Slovakia,BRDC_Warm temperate moist_2030y_SOC,cf_median,
Slovenia,BRDC_Warm temperate moist_2030y_SOC,cf_median,
Solomon Islands,BRDC_Warm temperate moist_2030y_SOC,cf_median,
Somalia,BRDC_Warm temperate moist_2030y_SOC,cf_median,
South Africa,BRDC_Warm temperate moist_2030y_SOC,cf_median,35.48855
South Georgia and the South Sandwich Islands,BRDC_Warm temperate moist_2030y_SOC,cf_median,
South Sudan,BRDC_Warm temperate moist_2030y_SOC,cf_median,
Spain,BRDC_Warm temperate moist_2030y_SOC,cf_median,42.42617
Spratly Islands,BRDC_Warm temperate moist_2030y_SOC,cf_median,
Sri Lanka,BRDC_Warm temperate moist_2030y_SOC,cf_median,
Sudan,BRDC_Warm temperate moist_2030y_SOC,cf_median,
Suriname,BRDC_Warm temperate moist_2030y_SOC,cf_median,
Svalbard and Jan Mayen Islands,BRDC_Warm temperate moist_2030y_SOC,cf_median,
Swaziland,BRDC_Warm temperate moist_2030y_SOC,cf_median,33.74868
Sweden,BRDC_Warm temperate moist_2030y_SOC,cf_median,
Switzerland,BRDC_Warm temperate moist_2030y_SOC,cf_median,70.61974
Syrian Arab Republic,BRDC_Warm temperate moist_2030y_SOC,cf_median,
Taiwan,BRDC_Warm temperate moist_2030y_SOC,cf_median,62.075813
Tajikistan,BRDC_Warm temperate moist_2030y_SOC,cf_median,63.272655
Thailand,BRDC_Warm temperate moist_2030y_SOC,cf_median,
The former Yugoslav Republic of Macedonia,BRDC_Warm temperate moist_2030y_SOC,cf_median,68.21535
Timor-Leste,BRDC_Warm temperate moist_2030y_SOC,cf_median,
Togo,BRDC_Warm temperate moist_2030y_SOC,cf_median,
Tokelau,BRDC_Warm temperate moist_2030y_SOC,cf_median,
Tonga,BRDC_Warm temperate moist_2030y_SOC,cf_median,
Trinidad and Tobago,BRDC_Warm temperate moist_2030y_SOC,cf_median,
Tromelin Island,BRDC_Warm temperate moist_2030y_SOC,cf_median,
Tunisia,BRDC_Warm temperate moist_2030y_SOC,cf_median,
Turkey,BRDC_Warm temperate moist_2030y_SOC,cf_median,50.879288
Turkmenistan,BRDC_Warm temperate moist_2030y_SOC,cf_median,41.49606
Turks and Caicos islands,BRDC_Warm temperate moist_2030y_SOC,cf_median,
Tuvalu,BRDC_Warm temperate moist_2030y_SOC,cf_median,
U.K. of Great Britain and Northern Ireland,BRDC_Warm temperate moist_2030y_SOC,cf_median,
Uganda,BRDC_Warm temperate moist_2030y_SOC,cf_median,
Ukraine,BRDC_Warm temperate moist_2030y_SOC,cf_median,
United Arab Emirates,BRDC_Warm temperate moist_2030y_SOC,cf_median,
United Republic of Tanzania,BRDC_Warm temperate moist_2030y_SOC,cf_median,
United States Virgin Islands,BRDC_Warm temperate moist_2030y_SOC,cf_median,
United States of America,BRDC_Warm temperate moist_2030y_SOC,cf_median,36.60488
Uruguay,BRDC_Warm temperate moist_2030y_SOC,cf_median,48.204594
Uzbekistan,BRDC_Warm temperate moist_2030y_SOC,cf_median,48.68992
Vanuatu,BRDC_Warm temperate moist_2030y_SOC,cf_median,
Venezuela,BRDC_Warm temperate moist_2030y_SOC,cf_median,
Viet Nam,BRDC_Warm temperate moist_2030y_SOC,cf_median,37.794262
Wake Island,BRDC_Warm temperate moist_2030y_SOC,cf_median,
Wallis and Futuna,BRDC_Warm temperate moist_2030y_SOC,cf_median,
West Bank,BRDC_Warm temperate moist_2030y_SOC,cf_median,
Western Sahara,BRDC_Warm temperate moist_2030y_SOC,cf_median,
Yemen,BRDC_Warm temperate moist_2030y_SOC,cf_median,
Zambia,BRDC_Warm temperate moist_2030y_SOC,cf_median,
Zimbabwe,BRDC_Warm temperate moist_2030y_SOC,cf_median,
Abyei,BRDC_Warm temperate moist_2030y_SOC,cf_std,
Afghanistan,BRDC_Warm temperate moist_2030y_SOC,cf_std,13.014761
Aksai Chin,BRDC_Warm temperate moist_2030y_SOC,cf_std,6.9174104
Albania,BRDC_Warm temperate moist_2030y_SOC,cf_std,7.16116
Algeria,BRDC_Warm temperate moist_2030y_SOC,cf_std,
American Samoa,BRDC_Warm temperate moist_2030y_SOC,cf_std,
Andorra,BRDC_Warm temperate moist_2030y_SOC,cf_std,5.4786057
Angola,BRDC_Warm temperate moist_2030y_SOC,cf_std,6.7270155
Anguilla,BRDC_Warm temperate moist_2030y_SOC,cf_std,
Antarctica,BRDC_Warm temperate moist_2030y_SOC,cf_std,
Antigua and Barbuda,BRDC_Warm temperate moist_2030y_SOC,cf_std,
Argentina,BRDC_Warm temperate moist_2030y_SOC,cf_std,12.531268
Armenia,BRDC_Warm temperate moist_2030y_SOC,cf_std,
Aruba,BRDC_Warm temperate moist_2030y_SOC,cf_std,
Arunachal Pradesh,BRDC_Warm temperate moist_2030y_SOC,cf_std,12.176556
Ashmore and Cartier Islands,BRDC_Warm temperate moist_2030y_SOC,cf_std,
Australia,BRDC_Warm temperate moist_2030y_SOC,cf_std,5.2516212
Austria,BRDC_Warm temperate moist_2030y_SOC,cf_std,
Azerbaijan,BRDC_Warm temperate moist_2030y_SOC,cf_std,
Azores Islands,BRDC_Warm temperate moist_2030y_SOC,cf_std,
Bahamas,BRDC_Warm temperate moist_2030y_SOC,cf_std,
Bahrain,BRDC_Warm temperate moist_2030y_SOC,cf_std,
Baker Island,BRDC_Warm temperate moist_2030y_SOC,cf_std,
Bangladesh,BRDC_Warm temperate moist_2030y_SOC,cf_std,1.6856806
Barbados,BRDC_Warm temperate moist_2030y_SOC,cf_std,
Bassas da India,BRDC_Warm temperate moist_2030y_SOC,cf_std,
Belarus,BRDC_Warm temperate moist_2030y_SOC,cf_std,
Belgium,BRDC_Warm temperate moist_2030y_SOC,cf_std,
Belize,BRDC_Warm temperate moist_2030y_SOC,cf_std,
Benin,BRDC_Warm temperate moist_2030y_SOC,cf_std,
Bermuda,BRDC_Warm temperate moist_2030y_SOC,cf_std,
Bhutan,BRDC_Warm temperate moist_2030y_SOC,cf_std,10.188071
Bird Island,BRDC_Warm temperate moist_2030y_SOC,cf_std,
Bolivia,BRDC_Warm temperate moist_2030y_SOC,cf_std,
Bosnia and Herzegovina,BRDC_Warm temperate moist_2030y_SOC,cf_std,3.4378462
Botswana,BRDC_Warm temperate moist_2030y_SOC,cf_std,0.97339815
Bouvet Island,BRDC_Warm temperate moist_2030y_SOC,cf_std,
Brazil,BRDC_Warm temperate moist_2030y_SOC,cf_std,11.718698
British Indian Ocean Territory,BRDC_Warm temperate moist_2030y_SOC,cf_std,
British Virgin Islands,BRDC_Warm temperate moist_2030y_SOC,cf_std,
Brunei Darussalam,BRDC_Warm temperate moist_2030y_SOC,cf_std,
Bulgaria,BRDC_Warm temperate moist_2030y_SOC,cf_std,
Burkina Faso,BRDC_Warm temperate moist_2030y_SOC,cf_std,
Burundi,BRDC_Warm temperate moist_2030y_SOC,cf_std,
Cambodia,BRDC_Warm temperate moist_2030y_SOC,cf_std,
Cameroon,BRDC_Warm temperate moist_2030y_SOC,cf_std,
Canada,BRDC_Warm temperate moist_2030y_SOC,cf_std,
Cape Verde,BRDC_Warm temperate moist_2030y_SOC,cf_std,
Cayman Islands,BRDC_Warm temperate moist_2030y_SOC,cf_std,
Central African Republic,BRDC_Warm temperate moist_2030y_SOC,cf_std,
Chad,BRDC_Warm temperate moist_2030y_SOC,cf_std,
Chile,BRDC_Warm temperate moist_2030y_SOC,cf_std,22.158787
China,BRDC_Warm temperate moist_2030y_SOC,cf_std,20.57053
China/India,BRDC_Warm temperate moist_2030y_SOC,cf_std,3.499314
Christmas Island,BRDC_Warm temperate moist_2030y_SOC,cf_std,
Clipperton Island,BRDC_Warm temperate moist_2030y_SOC,cf_std,
Cocos (Keeling) Islands,BRDC_Warm temperate moist_2030y_SOC,cf_std,
Colombia,BRDC_Warm temperate moist_2030y_SOC,cf_std,
Comoros,BRDC_Warm temperate moist_2030y_SOC,cf_std,
Congo,BRDC_Warm temperate moist_2030y_SOC,cf_std,
Cook Islands,BRDC_Warm temperate moist_2030y_SOC,cf_std,
Costa Rica,BRDC_Warm temperate moist_2030y_SOC,cf_std,
Croatia,BRDC_Warm temperate moist_2030y_SOC,cf_std,0.0
Cuba,BRDC_Warm temperate moist_2030y_SOC,cf_std,
Cyprus,BRDC_Warm temperate moist_2030y_SOC,cf_std,
Czech Republic,BRDC_Warm temperate moist_2030y_SOC,cf_std,
Côte d'Ivoire,BRDC_Warm temperate moist_2030y_SOC,cf_std,
Dem People's Rep of Korea,BRDC_Warm temperate moist_2030y_SOC,cf_std,
Democratic Republic of the Congo,BRDC_Warm temperate moist_2030y_SOC,cf_std,
Denmark,BRDC_Warm temperate moist_2030y_SOC,cf_std,
Djibouti,BRDC_Warm temperate moist_2030y_SOC,cf_std,
Dominica,BRDC_Warm temperate moist_2030y_SOC,cf_std,
Dominican Republic,BRDC_Warm temperate moist_2030y_SOC,cf_std,
Ecuador,BRDC_Warm temperate moist_2030y_SOC,cf_std,
Egypt,BRDC_Warm temperate moist_2030y_SOC,cf_std,
El Salvador,BRDC_Warm temperate moist_2030y_SOC,cf_std,
Equatorial Guinea,BRDC_Warm temperate moist_2030y_SOC,cf_std,
Eritrea,BRDC_Warm temperate moist_2030y_SOC,cf_std,
Estonia,BRDC_Warm temperate moist_2030y_SOC,cf_std,
Ethiopia,BRDC_Warm temperate moist_2030y_SOC,cf_std,
Europa Island,BRDC_Warm temperate moist_2030y_SOC,cf_std,
Falkland Islands (Malvinas),BRDC_Warm temperate moist_2030y_SOC,cf_std,
Faroe Islands,BRDC_Warm temperate moist_2030y_SOC,cf_std,
Fiji,BRDC_Warm temperate moist_2030y_SOC,cf_std,
Finland,BRDC_Warm temperate moist_2030y_SOC,cf_std,
France,BRDC_Warm temperate moist_2030y_SOC,cf_std,11.546974
French Guiana,BRDC_Warm temperate moist_2030y_SOC,cf_std,
French Polynesia,BRDC_Warm temperate moist_2030y_SOC,cf_std,
French Southern and Antarctic Territories,BRDC_Warm temperate moist_2030y_SOC,cf_std,
Gabon,BRDC_Warm temperate moist_2030y_SOC,cf_std,
Gambia,BRDC_Warm temperate moist_2030y_SOC,cf_std,
Gaza Strip,BRDC_Warm temperate moist_2030y_SOC,cf_std,
Georgia,BRDC_Warm temperate moist_2030y_SOC,cf_std,6.4064445
Germany,BRDC_Warm temperate moist_2030y_SOC,cf_std,
Ghana,BRDC_Warm temperate moist_2030y_SOC,cf_std,
Gibraltar,BRDC_Warm temperate moist_2030y_SOC,cf_std,
Glorioso Island,BRDC_Warm temperate moist_2030y_SOC,cf_std,
Greece,BRDC_Warm temperate moist_2030y_SOC,cf_std,7.1762524
Greenland,BRDC_Warm temperate moist_2030y_SOC,cf_std,
Grenada,BRDC_Warm temperate moist_2030y_SOC,cf_std,
Guadeloupe,BRDC_Warm temperate moist_2030y_SOC,cf_std,
Guam,BRDC_Warm temperate moist_2030y_SOC,cf_std,
Guatemala,BRDC_Warm temperate moist_2030y_SOC,cf_std,
Guernsey,BRDC_Warm temperate moist_2030y_SOC,cf_std,
Guinea,BRDC_Warm temperate moist_2030y_SOC,cf_std,
Guinea-Bissau,BRDC_Warm temperate moist_2030y_SOC,cf_std,
Guyana,BRDC_Warm temperate moist_2030y_SOC,cf_std,
Haiti,BRDC_Warm temperate moist_2030y_SOC,cf_std,
Hala'ib triangle,BRDC_Warm temperate moist_2030y_SOC,cf_std,
Heard Island and McDonald Islands,BRDC_Warm temperate moist_2030y_SOC,cf_std,
Holy See,BRDC_Warm temperate moist_2030y_SOC,cf_std,0.0
Honduras,BRDC_Warm temperate moist_2030y_SOC,cf_std,
Hong Kong,BRDC_Warm temperate moist_2030y_SOC,cf_std,0.8004482
Howland Island,BRDC_Warm temperate moist_2030y_SOC,cf_std,
Hungary,BRDC_Warm temperate moist_2030y_SOC,cf_std,
Iceland,BRDC_Warm temperate moist_2030y_SOC,cf_std,
Ilemi triangle,BRDC_Warm temperate moist_2030y_SOC,cf_std,
India,BRDC_Warm temperate moist_2030y_SOC,cf_std,10.337029
Indonesia,BRDC_Warm temperate moist_2030y_SOC,cf_std,
Iran  (Islamic Republic of),BRDC_Warm temperate moist_2030y_SOC,cf_std,
Iraq,BRDC_Warm temperate moist_2030y_SOC,cf_std,
Ireland,BRDC_Warm temperate moist_2030y_SOC,cf_std,
Isle of Man,BRDC_Warm temperate moist_2030y_SOC,cf_std,
Israel,BRDC_Warm temperate moist_2030y_SOC,cf_std,
Italy,BRDC_Warm temperate moist_2030y_SOC,cf_std,12.384816
Jamaica,BRDC_Warm temperate moist_2030y_SOC,cf_std,
Jammu and Kashmir,BRDC_Warm temperate moist_2030y_SOC,cf_std,12.023543
Japan,BRDC_Warm temperate moist_2030y_SOC,cf_std,17.192173
Jarvis Island,BRDC_Warm temperate moist_2030y_SOC,cf_std,
Jersey,BRDC_Warm temperate moist_2030y_SOC,cf_std,
Johnston Atoll,BRDC_Warm temperate moist_2030y_SOC,cf_std,
Jordan,BRDC_Warm temperate moist_2030y_SOC,cf_std,
Juan de Nova Island,BRDC_Warm temperate moist_2030y_SOC,cf_std,
Kazakhstan,BRDC_Warm temperate moist_2030y_SOC,cf_std,
Kenya,BRDC_Warm temperate moist_2030y_SOC,cf_std,
Kingman Reef,BRDC_Warm temperate moist_2030y_SOC,cf_std,
Kiribati,BRDC_Warm temperate moist_2030y_SOC,cf_std,
Kuril islands,BRDC_Warm temperate moist_2030y_SOC,cf_std,
Kuwait,BRDC_Warm temperate moist_2030y_SOC,cf_std,
Kyrgyzstan,BRDC_Warm temperate moist_2030y_SOC,cf_std,1.9830498
Lao People's Democratic Republic,BRDC_Warm temperate moist_2030y_SOC,cf_std,
Latvia,BRDC_Warm temperate moist_2030y_SOC,cf_std,
Lebanon,BRDC_Warm temperate moist_2030y_SOC,cf_std,
Lesotho,BRDC_Warm temperate moist_2030y_SOC,cf_std,10.624461
Liberia,BRDC_Warm temperate moist_2030y_SOC,cf_std,
Libya,BRDC_Warm temperate moist_2030y_SOC,cf_std,
Liechtenstein,BRDC_Warm temperate moist_2030y_SOC,cf_std,
Lithuania,BRDC_Warm temperate moist_2030y_SOC,cf_std,
Luxembourg,BRDC_Warm temperate moist_2030y_SOC,cf_std,
Ma'tan al-Sarra,BRDC_Warm temperate moist_2030y_SOC,cf_std,
Macau,BRDC_Warm temperate moist_2030y_SOC,cf_std,
Madagascar,BRDC_Warm temperate moist_2030y_SOC,cf_std,
Madeira Islands,BRDC_Warm temperate moist_2030y_SOC,cf_std,
Malawi,BRDC_Warm temperate moist_2030y_SOC,cf_std,
Malaysia,BRDC_Warm temperate moist_2030y_SOC,cf_std,
Maldives,BRDC_Warm temperate moist_2030y_SOC,cf_std,
Mali,BRDC_Warm temperate moist_2030y_SOC,cf_std,
Malta,BRDC_Warm temperate moist_2030y_SOC,cf_std,
Marshall Islands,BRDC_Warm temperate moist_2030y_SOC,cf_std,
Martinique,BRDC_Warm temperate moist_2030y_SOC,cf_std,
Mauritania,BRDC_Warm temperate moist_2030y_SOC,cf_std,
Mauritius,BRDC_Warm temperate moist_2030y_SOC,cf_std,
Mayotte,BRDC_Warm temperate moist_2030y_SOC,cf_std,
Mexico,BRDC_Warm temperate moist_2030y_SOC,cf_std,7.273836
Micronesia (Federated States of),BRDC_Warm temperate moist_2030y_SOC,cf_std,
Midway Island,BRDC_Warm temperate moist_2030y_SOC,cf_std,
"Moldova, Republic of",BRDC_Warm temperate moist_2030y_SOC,cf_std,
Monaco,BRDC_Warm temperate moist_2030y_SOC,cf_std,
Mongolia,BRDC_Warm temperate moist_2030y_SOC,cf_std,
Montenegro,BRDC_Warm temperate moist_2030y_SOC,cf_std,6.936909
Montserrat,BRDC_Warm temperate moist_2030y_SOC,cf_std,
Morocco,BRDC_Warm temperate moist_2030y_SOC,cf_std,
Mozambique,BRDC_Warm temperate moist_2030y_SOC,cf_std,
Myanmar,BRDC_Warm temperate moist_2030y_SOC,cf_std,4.955762
Namibia,BRDC_Warm temperate moist_2030y_SOC,cf_std,3.7726703
Nauru,BRDC_Warm temperate moist_2030y_SOC,cf_std,
Navassa Island,BRDC_Warm temperate moist_2030y_SOC,cf_std,
Nepal,BRDC_Warm temperate moist_2030y_SOC,cf_std,13.918977
Netherlands,BRDC_Warm temperate moist_2030y_SOC,cf_std,
Netherlands Antilles,BRDC_Warm temperate moist_2030y_SOC,cf_std,
New Caledonia,BRDC_Warm temperate moist_2030y_SOC,cf_std,
New Zealand,BRDC_Warm temperate moist_2030y_SOC,cf_std,16.875343
Nicaragua,BRDC_Warm temperate moist_2030y_SOC,cf_std,
Niger,BRDC_Warm temperate moist_2030y_SOC,cf_std,
Nigeria,BRDC_Warm temperate moist_2030y_SOC,cf_std,
Niue,BRDC_Warm temperate moist_2030y_SOC,cf_std,
Norfolk Island,BRDC_Warm temperate moist_2030y_SOC,cf_std,
Northern Mariana Islands,BRDC_Warm temperate moist_2030y_SOC,cf_std,
Norway,BRDC_Warm temperate moist_2030y_SOC,cf_std,
Oman,BRDC_Warm temperate moist_2030y_SOC,cf_std,
Pakistan,BRDC_Warm temperate moist_2030y_SOC,cf_std,13.592476
Palau,BRDC_Warm temperate moist_2030y_SOC,cf_std,
Palmyra Atoll,BRDC_Warm temperate moist_2030y_SOC,cf_std,
Panama,BRDC_Warm temperate moist_2030y_SOC,cf_std,
Papua New Guinea,BRDC_Warm temperate moist_2030y_SOC,cf_std,
Paracel Islands,BRDC_Warm temperate moist_2030y_SOC,cf_std,
Paraguay,BRDC_Warm temperate moist_2030y_SOC,cf_std,5.2479925
Peru,BRDC_Warm temperate moist_2030y_SOC,cf_std,7.861045
Philippines,BRDC_Warm temperate moist_2030y_SOC,cf_std,
Pitcairn,BRDC_Warm temperate moist_2030y_SOC,cf_std,
Poland,BRDC_Warm temperate moist_2030y_SOC,cf_std,
Portugal,BRDC_Warm temperate moist_2030y_SOC,cf_std,7.8550124
Puerto Rico,BRDC_Warm temperate moist_2030y_SOC,cf_std,
Qatar,BRDC_Warm temperate moist_2030y_SOC,cf_std,
Republic of Korea,BRDC_Warm temperate moist_2030y_SOC,cf_std,
Romania,BRDC_Warm temperate moist_2030y_SOC,cf_std,
Russian Federation,BRDC_Warm temperate moist_2030y_SOC,cf_std,
Rwanda,BRDC_Warm temperate moist_2030y_SOC,cf_std,
Réunion,BRDC_Warm temperate moist_2030y_SOC,cf_std,
Saint Helena,BRDC_Warm temperate moist_2030y_SOC,cf_std,
Saint Kitts and Nevis,BRDC_Warm temperate moist_2030y_SOC,cf_std,
Saint Lucia,BRDC_Warm temperate moist_2030y_SOC,cf_std,
Saint Pierre et Miquelon,BRDC_Warm temperate moist_2030y_SOC,cf_std,
Saint Vincent and the Grenadines,BRDC_Warm temperate moist_2030y_SOC,cf_std,
Samoa,BRDC_Warm temperate moist_2030y_SOC,cf_std,
San Marino,BRDC_Warm temperate moist_2030y_SOC,cf_std,
Sao Tome and Principe,BRDC_Warm temperate moist_2030y_SOC,cf_std,
Saudi Arabia,BRDC_Warm temperate moist_2030y_SOC,cf_std,
Scarborough Reef,BRDC_Warm temperate moist_2030y_SOC,cf_std,
Senegal,BRDC_Warm temperate moist_2030y_SOC,cf_std,
Senkaku Islands,BRDC_Warm temperate moist_2030y_SOC,cf_std,
Serbia,BRDC_Warm temperate moist_2030y_SOC,cf_std,1.1615719
Seychelles,BRDC_Warm temperate moist_2030y_SOC,cf_std,
Sierra Leone,BRDC_Warm temperate moist_2030y_SOC,cf_std,
Singapore,BRDC_Warm temperate moist_2030y_SOC,cf_std,
Slovakia,BRDC_Warm temperate moist_2030y_SOC,cf_std,
Slovenia,BRDC_Warm temperate moist_2030y_SOC,cf_std,
Solomon Islands,BRDC_Warm temperate moist_2030y_SOC,cf_std,
Somalia,BRDC_Warm temperate moist_2030y_SOC,cf_std,
South Africa,BRDC_Warm temperate moist_2030y_SOC,cf_std,8.787444
South Georgia and the South Sandwich Islands,BRDC_Warm temperate moist_2030y_SOC,cf_std,
South Sudan,BRDC_Warm temperate moist_2030y_SOC,cf_std,
Spain,BRDC_Warm temperate moist_2030y_SOC,cf_std,14.417269
Spratly Islands,BRDC_Warm temperate moist_2030y_SOC,cf_std,
Sri Lanka,BRDC_Warm temperate moist_2030y_SOC,cf_std,
Sudan,BRDC_Warm temperate moist_2030y_SOC,cf_std,
Suriname,BRDC_Warm temperate moist_2030y_SOC,cf_std,
Svalbard and Jan Mayen Islands,BRDC_Warm temperate moist_2030y_SOC,cf_std,
Swaziland,BRDC_Warm temperate moist_2030y_SOC,cf_std,1.7623534
Sweden,BRDC_Warm temperate moist_2030y_SOC,cf_std,
Switzerland,BRDC_Warm temperate moist_2030y_SOC,cf_std,5.801738
Syrian Arab Republic,BRDC_Warm temperate moist_2030y_SOC,cf_std,
Taiwan,BRDC_Warm temperate moist_2030y_SOC,cf_std,22.427416
Tajikistan,BRDC_Warm temperate moist_2030y_SOC,cf_std,11.800942
Thailand,BRDC_Warm temperate moist_2030y_SOC,cf_std,
The former Yugoslav Republic of Macedonia,BRDC_Warm temperate moist_2030y_SOC,cf_std,8.388154
Timor-Leste,BRDC_Warm temperate moist_2030y_SOC,cf_std,
Togo,BRDC_Warm temperate moist_2030y_SOC,cf_std,
Tokelau,BRDC_Warm temperate moist_2030y_SOC,cf_std,
Tonga,BRDC_Warm temperate moist_2030y_SOC,cf_std,
Trinidad and Tobago,BRDC_Warm temperate moist_2030y_SOC,cf_std,
Tromelin Island,BRDC_Warm temperate moist_2030y_SOC,cf_std,
Tunisia,BRDC_Warm temperate moist_2030y_SOC,cf_std,
Turkey,BRDC_Warm temperate moist_2030y_SOC,cf_std,8.302995
Turkmenistan,BRDC_Warm temperate moist_2030y_SOC,cf_std,4.7680006
Turks and Caicos islands,BRDC_Warm temperate moist_2030y_SOC,cf_std,
Tuvalu,BRDC_Warm temperate moist_2030y_SOC,cf_std,
U.K. of Great Britain and Northern Ireland,BRDC_Warm temperate moist_2030y_SOC,cf_std,
Uganda,BRDC_Warm temperate moist_2030y_SOC,cf_std,
Ukraine,BRDC_Warm temperate moist_2030y_SOC,cf_std,
United Arab Emirates,BRDC_Warm temperate moist_2030y_SOC,cf_std,
United Republic of Tanzania,BRDC_Warm temperate moist_2030y_SOC,cf_std,
United States Virgin Islands,BRDC_Warm temperate moist_2030y_SOC,cf_std,
United States of America,BRDC_Warm temperate moist_2030y_SOC,cf_std,12.2562065
Uruguay,BRDC_Warm temperate moist_2030y_SOC,cf_std,7.58831
Uzbekistan,BRDC_Warm temperate moist_2030y_SOC,cf_std,8.067102
Vanuatu,BRDC_Warm temperate moist_2030y_SOC,cf_std,
Venezuela,BRDC_Warm temperate moist_2030y_SOC,cf_std,
Viet Nam,BRDC_Warm temperate moist_2030y_SOC,cf_std,2.8992221
Wake Island,BRDC_Warm temperate moist_2030y_SOC,cf_std,
Wallis and Futuna,BRDC_Warm temperate moist_2030y_SOC,cf_std,
West Bank,BRDC_Warm temperate moist_2030y_SOC,cf_std,
Western Sahara,BRDC_Warm temperate moist_2030y_SOC,cf_std,
Yemen,BRDC_Warm temperate moist_2030y_SOC,cf_std,
Zambia,BRDC_Warm temperate moist_2030y_SOC,cf_std,
Zimbabwe,BRDC_Warm temperate moist_2030y_SOC,cf_std,
Abyei,NEEV_Boreal dry_2030y_SOC,cf_mean,
Afghanistan,NEEV_Boreal dry_2030y_SOC,cf_mean,
Aksai Chin,NEEV_Boreal dry_2030y_SOC,cf_mean,
Albania,NEEV_Boreal dry_2030y_SOC,cf_mean,
Algeria,NEEV_Boreal dry_2030y_SOC,cf_mean,
American Samoa,NEEV_Boreal dry_2030y_SOC,cf_mean,
Andorra,NEEV_Boreal dry_2030y_SOC,cf_mean,
Angola,NEEV_Boreal dry_2030y_SOC,cf_mean,
Anguilla,NEEV_Boreal dry_2030y_SOC,cf_mean,
Antarctica,NEEV_Boreal dry_2030y_SOC,cf_mean,
Antigua and Barbuda,NEEV_Boreal dry_2030y_SOC,cf_mean,
Argentina,NEEV_Boreal dry_2030y_SOC,cf_mean,388.43936
Armenia,NEEV_Boreal dry_2030y_SOC,cf_mean,
Aruba,NEEV_Boreal dry_2030y_SOC,cf_mean,
Arunachal Pradesh,NEEV_Boreal dry_2030y_SOC,cf_mean,
Ashmore and Cartier Islands,NEEV_Boreal dry_2030y_SOC,cf_mean,
Australia,NEEV_Boreal dry_2030y_SOC,cf_mean,
Austria,NEEV_Boreal dry_2030y_SOC,cf_mean,
Azerbaijan,NEEV_Boreal dry_2030y_SOC,cf_mean,
Azores Islands,NEEV_Boreal dry_2030y_SOC,cf_mean,
Bahamas,NEEV_Boreal dry_2030y_SOC,cf_mean,
Bahrain,NEEV_Boreal dry_2030y_SOC,cf_mean,
Baker Island,NEEV_Boreal dry_2030y_SOC,cf_mean,
Bangladesh,NEEV_Boreal dry_2030y_SOC,cf_mean,
Barbados,NEEV_Boreal dry_2030y_SOC,cf_mean,
Bassas da India,NEEV_Boreal dry_2030y_SOC,cf_mean,
Belarus,NEEV_Boreal dry_2030y_SOC,cf_mean,
Belgium,NEEV_Boreal dry_2030y_SOC,cf_mean,
Belize,NEEV_Boreal dry_2030y_SOC,cf_mean,
Benin,NEEV_Boreal dry_2030y_SOC,cf_mean,
Bermuda,NEEV_Boreal dry_2030y_SOC,cf_mean,
Bhutan,NEEV_Boreal dry_2030y_SOC,cf_mean,
Bird Island,NEEV_Boreal dry_2030y_SOC,cf_mean,
Bolivia,NEEV_Boreal dry_2030y_SOC,cf_mean,
Bosnia and Herzegovina,NEEV_Boreal dry_2030y_SOC,cf_mean,
Botswana,NEEV_Boreal dry_2030y_SOC,cf_mean,
Bouvet Island,NEEV_Boreal dry_2030y_SOC,cf_mean,
Brazil,NEEV_Boreal dry_2030y_SOC,cf_mean,
British Indian Ocean Territory,NEEV_Boreal dry_2030y_SOC,cf_mean,
British Virgin Islands,NEEV_Boreal dry_2030y_SOC,cf_mean,
Brunei Darussalam,NEEV_Boreal dry_2030y_SOC,cf_mean,
Bulgaria,NEEV_Boreal dry_2030y_SOC,cf_mean,
Burkina Faso,NEEV_Boreal dry_2030y_SOC,cf_mean,
Burundi,NEEV_Boreal dry_2030y_SOC,cf_mean,
Cambodia,NEEV_Boreal dry_2030y_SOC,cf_mean,
Cameroon,NEEV_Boreal dry_2030y_SOC,cf_mean,
Canada,NEEV_Boreal dry_2030y_SOC,cf_mean,437.0845
Cape Verde,NEEV_Boreal dry_2030y_SOC,cf_mean,
Cayman Islands,NEEV_Boreal dry_2030y_SOC,cf_mean,
Central African Republic,NEEV_Boreal dry_2030y_SOC,cf_mean,
Chad,NEEV_Boreal dry_2030y_SOC,cf_mean,
Chile,NEEV_Boreal dry_2030y_SOC,cf_mean,332.983
China,NEEV_Boreal dry_2030y_SOC,cf_mean,
China/India,NEEV_Boreal dry_2030y_SOC,cf_mean,
Christmas Island,NEEV_Boreal dry_2030y_SOC,cf_mean,
Clipperton Island,NEEV_Boreal dry_2030y_SOC,cf_mean,
Cocos (Keeling) Islands,NEEV_Boreal dry_2030y_SOC,cf_mean,
Colombia,NEEV_Boreal dry_2030y_SOC,cf_mean,
Comoros,NEEV_Boreal dry_2030y_SOC,cf_mean,
Congo,NEEV_Boreal dry_2030y_SOC,cf_mean,
Cook Islands,NEEV_Boreal dry_2030y_SOC,cf_mean,
Costa Rica,NEEV_Boreal dry_2030y_SOC,cf_mean,
Croatia,NEEV_Boreal dry_2030y_SOC,cf_mean,
Cuba,NEEV_Boreal dry_2030y_SOC,cf_mean,
Cyprus,NEEV_Boreal dry_2030y_SOC,cf_mean,
Czech Republic,NEEV_Boreal dry_2030y_SOC,cf_mean,
Côte d'Ivoire,NEEV_Boreal dry_2030y_SOC,cf_mean,
Dem People's Rep of Korea,NEEV_Boreal dry_2030y_SOC,cf_mean,
Democratic Republic of the Congo,NEEV_Boreal dry_2030y_SOC,cf_mean,
Denmark,NEEV_Boreal dry_2030y_SOC,cf_mean,
Djibouti,NEEV_Boreal dry_2030y_SOC,cf_mean,
Dominica,NEEV_Boreal dry_2030y_SOC,cf_mean,
Dominican Republic,NEEV_Boreal dry_2030y_SOC,cf_mean,
Ecuador,NEEV_Boreal dry_2030y_SOC,cf_mean,
Egypt,NEEV_Boreal dry_2030y_SOC,cf_mean,
El Salvador,NEEV_Boreal dry_2030y_SOC,cf_mean,
Equatorial Guinea,NEEV_Boreal dry_2030y_SOC,cf_mean,
Eritrea,NEEV_Boreal dry_2030y_SOC,cf_mean,
Estonia,NEEV_Boreal dry_2030y_SOC,cf_mean,
Ethiopia,NEEV_Boreal dry_2030y_SOC,cf_mean,
Europa Island,NEEV_Boreal dry_2030y_SOC,cf_mean,
Falkland Islands (Malvinas),NEEV_Boreal dry_2030y_SOC,cf_mean,
Faroe Islands,NEEV_Boreal dry_2030y_SOC,cf_mean,
Fiji,NEEV_Boreal dry_2030y_SOC,cf_mean,
Finland,NEEV_Boreal dry_2030y_SOC,cf_mean,444.75043
France,NEEV_Boreal dry_2030y_SOC,cf_mean,
French Guiana,NEEV_Boreal dry_2030y_SOC,cf_mean,
French Polynesia,NEEV_Boreal dry_2030y_SOC,cf_mean,
French Southern and Antarctic Territories,NEEV_Boreal dry_2030y_SOC,cf_mean,
Gabon,NEEV_Boreal dry_2030y_SOC,cf_mean,
Gambia,NEEV_Boreal dry_2030y_SOC,cf_mean,
Gaza Strip,NEEV_Boreal dry_2030y_SOC,cf_mean,
Georgia,NEEV_Boreal dry_2030y_SOC,cf_mean,
Germany,NEEV_Boreal dry_2030y_SOC,cf_mean,
Ghana,NEEV_Boreal dry_2030y_SOC,cf_mean,
Gibraltar,NEEV_Boreal dry_2030y_SOC,cf_mean,
Glorioso Island,NEEV_Boreal dry_2030y_SOC,cf_mean,
Greece,NEEV_Boreal dry_2030y_SOC,cf_mean,
Greenland,NEEV_Boreal dry_2030y_SOC,cf_mean,
Grenada,NEEV_Boreal dry_2030y_SOC,cf_mean,
Guadeloupe,NEEV_Boreal dry_2030y_SOC,cf_mean,
Guam,NEEV_Boreal dry_2030y_SOC,cf_mean,
Guatemala,NEEV_Boreal dry_2030y_SOC,cf_mean,
Guernsey,NEEV_Boreal dry_2030y_SOC,cf_mean,
Guinea,NEEV_Boreal dry_2030y_SOC,cf_mean,
Guinea-Bissau,NEEV_Boreal dry_2030y_SOC,cf_mean,
Guyana,NEEV_Boreal dry_2030y_SOC,cf_mean,
Haiti,NEEV_Boreal dry_2030y_SOC,cf_mean,
Hala'ib triangle,NEEV_Boreal dry_2030y_SOC,cf_mean,
Heard Island and McDonald Islands,NEEV_Boreal dry_2030y_SOC,cf_mean,
Holy See,NEEV_Boreal dry_2030y_SOC,cf_mean,
Honduras,NEEV_Boreal dry_2030y_SOC,cf_mean,
Hong Kong,NEEV_Boreal dry_2030y_SOC,cf_mean,
Howland Island,NEEV_Boreal dry_2030y_SOC,cf_mean,
Hungary,NEEV_Boreal dry_2030y_SOC,cf_mean,
Iceland,NEEV_Boreal dry_2030y_SOC,cf_mean,539.1439
Ilemi triangle,NEEV_Boreal dry_2030y_SOC,cf_mean,
India,NEEV_Boreal dry_2030y_SOC,cf_mean,
Indonesia,NEEV_Boreal dry_2030y_SOC,cf_mean,
Iran  (Islamic Republic of),NEEV_Boreal dry_2030y_SOC,cf_mean,
Iraq,NEEV_Boreal dry_2030y_SOC,cf_mean,
Ireland,NEEV_Boreal dry_2030y_SOC,cf_mean,
Isle of Man,NEEV_Boreal dry_2030y_SOC,cf_mean,
Israel,NEEV_Boreal dry_2030y_SOC,cf_mean,
Italy,NEEV_Boreal dry_2030y_SOC,cf_mean,
Jamaica,NEEV_Boreal dry_2030y_SOC,cf_mean,
Jammu and Kashmir,NEEV_Boreal dry_2030y_SOC,cf_mean,
Japan,NEEV_Boreal dry_2030y_SOC,cf_mean,
Jarvis Island,NEEV_Boreal dry_2030y_SOC,cf_mean,
Jersey,NEEV_Boreal dry_2030y_SOC,cf_mean,
Johnston Atoll,NEEV_Boreal dry_2030y_SOC,cf_mean,
Jordan,NEEV_Boreal dry_2030y_SOC,cf_mean,
Juan de Nova Island,NEEV_Boreal dry_2030y_SOC,cf_mean,
Kazakhstan,NEEV_Boreal dry_2030y_SOC,cf_mean,
Kenya,NEEV_Boreal dry_2030y_SOC,cf_mean,
Kingman Reef,NEEV_Boreal dry_2030y_SOC,cf_mean,
Kiribati,NEEV_Boreal dry_2030y_SOC,cf_mean,
Kuril islands,NEEV_Boreal dry_2030y_SOC,cf_mean,
Kuwait,NEEV_Boreal dry_2030y_SOC,cf_mean,
Kyrgyzstan,NEEV_Boreal dry_2030y_SOC,cf_mean,
Lao People's Democratic Republic,NEEV_Boreal dry_2030y_SOC,cf_mean,
Latvia,NEEV_Boreal dry_2030y_SOC,cf_mean,
Lebanon,NEEV_Boreal dry_2030y_SOC,cf_mean,
Lesotho,NEEV_Boreal dry_2030y_SOC,cf_mean,
Liberia,NEEV_Boreal dry_2030y_SOC,cf_mean,
Libya,NEEV_Boreal dry_2030y_SOC,cf_mean,
Liechtenstein,NEEV_Boreal dry_2030y_SOC,cf_mean,
Lithuania,NEEV_Boreal dry_2030y_SOC,cf_mean,
Luxembourg,NEEV_Boreal dry_2030y_SOC,cf_mean,
Ma'tan al-Sarra,NEEV_Boreal dry_2030y_SOC,cf_mean,
Macau,NEEV_Boreal dry_2030y_SOC,cf_mean,
Madagascar,NEEV_Boreal dry_2030y_SOC,cf_mean,
Madeira Islands,NEEV_Boreal dry_2030y_SOC,cf_mean,
Malawi,NEEV_Boreal dry_2030y_SOC,cf_mean,
Malaysia,NEEV_Boreal dry_2030y_SOC,cf_mean,
Maldives,NEEV_Boreal dry_2030y_SOC,cf_mean,
Mali,NEEV_Boreal dry_2030y_SOC,cf_mean,
Malta,NEEV_Boreal dry_2030y_SOC,cf_mean,
Marshall Islands,NEEV_Boreal dry_2030y_SOC,cf_mean,
Martinique,NEEV_Boreal dry_2030y_SOC,cf_mean,
Mauritania,NEEV_Boreal dry_2030y_SOC,cf_mean,
Mauritius,NEEV_Boreal dry_2030y_SOC,cf_mean,
Mayotte,NEEV_Boreal dry_2030y_SOC,cf_mean,
Mexico,NEEV_Boreal dry_2030y_SOC,cf_mean,
Micronesia (Federated States of),NEEV_Boreal dry_2030y_SOC,cf_mean,
Midway Island,NEEV_Boreal dry_2030y_SOC,cf_mean,
"Moldova, Republic of",NEEV_Boreal dry_2030y_SOC,cf_mean,
Monaco,NEEV_Boreal dry_2030y_SOC,cf_mean,
Mongolia,NEEV_Boreal dry_2030y_SOC,cf_mean,
Montenegro,NEEV_Boreal dry_2030y_SOC,cf_mean,
Montserrat,NEEV_Boreal dry_2030y_SOC,cf_mean,
Morocco,NEEV_Boreal dry_2030y_SOC,cf_mean,
Mozambique,NEEV_Boreal dry_2030y_SOC,cf_mean,
Myanmar,NEEV_Boreal dry_2030y_SOC,cf_mean,
Namibia,NEEV_Boreal dry_2030y_SOC,cf_mean,
Nauru,NEEV_Boreal dry_2030y_SOC,cf_mean,
Navassa Island,NEEV_Boreal dry_2030y_SOC,cf_mean,
Nepal,NEEV_Boreal dry_2030y_SOC,cf_mean,
Netherlands,NEEV_Boreal dry_2030y_SOC,cf_mean,
Netherlands Antilles,NEEV_Boreal dry_2030y_SOC,cf_mean,
New Caledonia,NEEV_Boreal dry_2030y_SOC,cf_mean,
New Zealand,NEEV_Boreal dry_2030y_SOC,cf_mean,
Nicaragua,NEEV_Boreal dry_2030y_SOC,cf_mean,
Niger,NEEV_Boreal dry_2030y_SOC,cf_mean,
Nigeria,NEEV_Boreal dry_2030y_SOC,cf_mean,
Niue,NEEV_Boreal dry_2030y_SOC,cf_mean,
Norfolk Island,NEEV_Boreal dry_2030y_SOC,cf_mean,
Northern Mariana Islands,NEEV_Boreal dry_2030y_SOC,cf_mean,
Norway,NEEV_Boreal dry_2030y_SOC,cf_mean,440.71585
Oman,NEEV_Boreal dry_2030y_SOC,cf_mean,
Pakistan,NEEV_Boreal dry_2030y_SOC,cf_mean,
Palau,NEEV_Boreal dry_2030y_SOC,cf_mean,
Palmyra Atoll,NEEV_Boreal dry_2030y_SOC,cf_mean,
Panama,NEEV_Boreal dry_2030y_SOC,cf_mean,
Papua New Guinea,NEEV_Boreal dry_2030y_SOC,cf_mean,
Paracel Islands,NEEV_Boreal dry_2030y_SOC,cf_mean,
Paraguay,NEEV_Boreal dry_2030y_SOC,cf_mean,
Peru,NEEV_Boreal dry_2030y_SOC,cf_mean,
Philippines,NEEV_Boreal dry_2030y_SOC,cf_mean,
Pitcairn,NEEV_Boreal dry_2030y_SOC,cf_mean,
Poland,NEEV_Boreal dry_2030y_SOC,cf_mean,
Portugal,NEEV_Boreal dry_2030y_SOC,cf_mean,
Puerto Rico,NEEV_Boreal dry_2030y_SOC,cf_mean,
Qatar,NEEV_Boreal dry_2030y_SOC,cf_mean,
Republic of Korea,NEEV_Boreal dry_2030y_SOC,cf_mean,
Romania,NEEV_Boreal dry_2030y_SOC,cf_mean,
Russian Federation,NEEV_Boreal dry_2030y_SOC,cf_mean,479.97717
Rwanda,NEEV_Boreal dry_2030y_SOC,cf_mean,
Réunion,NEEV_Boreal dry_2030y_SOC,cf_mean,
Saint Helena,NEEV_Boreal dry_2030y_SOC,cf_mean,
Saint Kitts and Nevis,NEEV_Boreal dry_2030y_SOC,cf_mean,
Saint Lucia,NEEV_Boreal dry_2030y_SOC,cf_mean,
Saint Pierre et Miquelon,NEEV_Boreal dry_2030y_SOC,cf_mean,
Saint Vincent and the Grenadines,NEEV_Boreal dry_2030y_SOC,cf_mean,
Samoa,NEEV_Boreal dry_2030y_SOC,cf_mean,
San Marino,NEEV_Boreal dry_2030y_SOC,cf_mean,
Sao Tome and Principe,NEEV_Boreal dry_2030y_SOC,cf_mean,
Saudi Arabia,NEEV_Boreal dry_2030y_SOC,cf_mean,
Scarborough Reef,NEEV_Boreal dry_2030y_SOC,cf_mean,
Senegal,NEEV_Boreal dry_2030y_SOC,cf_mean,
Senkaku Islands,NEEV_Boreal dry_2030y_SOC,cf_mean,
Serbia,NEEV_Boreal dry_2030y_SOC,cf_mean,
Seychelles,NEEV_Boreal dry_2030y_SOC,cf_mean,
Sierra Leone,NEEV_Boreal dry_2030y_SOC,cf_mean,
Singapore,NEEV_Boreal dry_2030y_SOC,cf_mean,
Slovakia,NEEV_Boreal dry_2030y_SOC,cf_mean,
Slovenia,NEEV_Boreal dry_2030y_SOC,cf_mean,
Solomon Islands,NEEV_Boreal dry_2030y_SOC,cf_mean,
Somalia,NEEV_Boreal dry_2030y_SOC,cf_mean,
South Africa,NEEV_Boreal dry_2030y_SOC,cf_mean,
South Georgia and the South Sandwich Islands,NEEV_Boreal dry_2030y_SOC,cf_mean,
South Sudan,NEEV_Boreal dry_2030y_SOC,cf_mean,
Spain,NEEV_Boreal dry_2030y_SOC,cf_mean,
Spratly Islands,NEEV_Boreal dry_2030y_SOC,cf_mean,
Sri Lanka,NEEV_Boreal dry_2030y_SOC,cf_mean,
Sudan,NEEV_Boreal dry_2030y_SOC,cf_mean,
Suriname,NEEV_Boreal dry_2030y_SOC,cf_mean,
Svalbard and Jan Mayen Islands,NEEV_Boreal dry_2030y_SOC,cf_mean,
Swaziland,NEEV_Boreal dry_2030y_SOC,cf_mean,
Sweden,NEEV_Boreal dry_2030y_SOC,cf_mean,413.98273
Switzerland,NEEV_Boreal dry_2030y_SOC,cf_mean,
Syrian Arab Republic,NEEV_Boreal dry_2030y_SOC,cf_mean,
Taiwan,NEEV_Boreal dry_2030y_SOC,cf_mean,
Tajikistan,NEEV_Boreal dry_2030y_SOC,cf_mean,
Thailand,NEEV_Boreal dry_2030y_SOC,cf_mean,
The former Yugoslav Republic of Macedonia,NEEV_Boreal dry_2030y_SOC,cf_mean,
Timor-Leste,NEEV_Boreal dry_2030y_SOC,cf_mean,
Togo,NEEV_Boreal dry_2030y_SOC,cf_mean,
Tokelau,NEEV_Boreal dry_2030y_SOC,cf_mean,
Tonga,NEEV_Boreal dry_2030y_SOC,cf_mean,
Trinidad and Tobago,NEEV_Boreal dry_2030y_SOC,cf_mean,
Tromelin Island,NEEV_Boreal dry_2030y_SOC,cf_mean,
Tunisia,NEEV_Boreal dry_2030y_SOC,cf_mean,
Turkey,NEEV_Boreal dry_2030y_SOC,cf_mean,
Turkmenistan,NEEV_Boreal dry_2030y_SOC,cf_mean,
Turks and Caicos islands,NEEV_Boreal dry_2030y_SOC,cf_mean,
Tuvalu,NEEV_Boreal dry_2030y_SOC,cf_mean,
U.K. of Great Britain and Northern Ireland,NEEV_Boreal dry_2030y_SOC,cf_mean,
Uganda,NEEV_Boreal dry_2030y_SOC,cf_mean,
Ukraine,NEEV_Boreal dry_2030y_SOC,cf_mean,
United Arab Emirates,NEEV_Boreal dry_2030y_SOC,cf_mean,
United Republic of Tanzania,NEEV_Boreal dry_2030y_SOC,cf_mean,
United States Virgin Islands,NEEV_Boreal dry_2030y_SOC,cf_mean,
United States of America,NEEV_Boreal dry_2030y_SOC,cf_mean,493.0224
Uruguay,NEEV_Boreal dry_2030y_SOC,cf_mean,
Uzbekistan,NEEV_Boreal dry_2030y_SOC,cf_mean,
Vanuatu,NEEV_Boreal dry_2030y_SOC,cf_mean,
Venezuela,NEEV_Boreal dry_2030y_SOC,cf_mean,
Viet Nam,NEEV_Boreal dry_2030y_SOC,cf_mean,
Wake Island,NEEV_Boreal dry_2030y_SOC,cf_mean,
Wallis and Futuna,NEEV_Boreal dry_2030y_SOC,cf_mean,
West Bank,NEEV_Boreal dry_2030y_SOC,cf_mean,
Western Sahara,NEEV_Boreal dry_2030y_SOC,cf_mean,
Yemen,NEEV_Boreal dry_2030y_SOC,cf_mean,
Zambia,NEEV_Boreal dry_2030y_SOC,cf_mean,
Zimbabwe,NEEV_Boreal dry_2030y_SOC,cf_mean,
Abyei,NEEV_Boreal dry_2030y_SOC,cf_median,
Afghanistan,NEEV_Boreal dry_2030y_SOC,cf_median,
Aksai Chin,NEEV_Boreal dry_2030y_SOC,cf_median,
Albania,NEEV_Boreal dry_2030y_SOC,cf_median,
Algeria,NEEV_Boreal dry_2030y_SOC,cf_median,
American Samoa,NEEV_Boreal dry_2030y_SOC,cf_median,
Andorra,NEEV_Boreal dry_2030y_SOC,cf_median,
Angola,NEEV_Boreal dry_2030y_SOC,cf_median,
Anguilla,NEEV_Boreal dry_2030y_SOC,cf_median,
Antarctica,NEEV_Boreal dry_2030y_SOC,cf_median,
Antigua and Barbuda,NEEV_Boreal dry_2030y_SOC,cf_median,
Argentina,NEEV_Boreal dry_2030y_SOC,cf_median,385.38742
Armenia,NEEV_Boreal dry_2030y_SOC,cf_median,
Aruba,NEEV_Boreal dry_2030y_SOC,cf_median,
Arunachal Pradesh,NEEV_Boreal dry_2030y_SOC,cf_median,
Ashmore and Cartier Islands,NEEV_Boreal dry_2030y_SOC,cf_median,
Australia,NEEV_Boreal dry_2030y_SOC,cf_median,
Austria,NEEV_Boreal dry_2030y_SOC,cf_median,
Azerbaijan,NEEV_Boreal dry_2030y_SOC,cf_median,
Azores Islands,NEEV_Boreal dry_2030y_SOC,cf_median,
Bahamas,NEEV_Boreal dry_2030y_SOC,cf_median,
Bahrain,NEEV_Boreal dry_2030y_SOC,cf_median,
Baker Island,NEEV_Boreal dry_2030y_SOC,cf_median,
Bangladesh,NEEV_Boreal dry_2030y_SOC,cf_median,
Barbados,NEEV_Boreal dry_2030y_SOC,cf_median,
Bassas da India,NEEV_Boreal dry_2030y_SOC,cf_median,
Belarus,NEEV_Boreal dry_2030y_SOC,cf_median,
Belgium,NEEV_Boreal dry_2030y_SOC,cf_median,
Belize,NEEV_Boreal dry_2030y_SOC,cf_median,
Benin,NEEV_Boreal dry_2030y_SOC,cf_median,
Bermuda,NEEV_Boreal dry_2030y_SOC,cf_median,
Bhutan,NEEV_Boreal dry_2030y_SOC,cf_median,
Bird Island,NEEV_Boreal dry_2030y_SOC,cf_median,
Bolivia,NEEV_Boreal dry_2030y_SOC,cf_median,
Bosnia and Herzegovina,NEEV_Boreal dry_2030y_SOC,cf_median,
Botswana,NEEV_Boreal dry_2030y_SOC,cf_median,
Bouvet Island,NEEV_Boreal dry_2030y_SOC,cf_median,
Brazil,NEEV_Boreal dry_2030y_SOC,cf_median,
British Indian Ocean Territory,NEEV_Boreal dry_2030y_SOC,cf_median,
British Virgin Islands,NEEV_Boreal dry_2030y_SOC,cf_median,
Brunei Darussalam,NEEV_Boreal dry_2030y_SOC,cf_median,
Bulgaria,NEEV_Boreal dry_2030y_SOC,cf_median,
Burkina Faso,NEEV_Boreal dry_2030y_SOC,cf_median,
Burundi,NEEV_Boreal dry_2030y_SOC,cf_median,
Cambodia,NEEV_Boreal dry_2030y_SOC,cf_median,
Cameroon,NEEV_Boreal dry_2030y_SOC,cf_median,
Canada,NEEV_Boreal dry_2030y_SOC,cf_median,443.2649
Cape Verde,NEEV_Boreal dry_2030y_SOC,cf_median,
Cayman Islands,NEEV_Boreal dry_2030y_SOC,cf_median,
Central African Republic,NEEV_Boreal dry_2030y_SOC,cf_median,
Chad,NEEV_Boreal dry_2030y_SOC,cf_median,
Chile,NEEV_Boreal dry_2030y_SOC,cf_median,321.22827
China,NEEV_Boreal dry_2030y_SOC,cf_median,
China/India,NEEV_Boreal dry_2030y_SOC,cf_median,
Christmas Island,NEEV_Boreal dry_2030y_SOC,cf_median,
Clipperton Island,NEEV_Boreal dry_2030y_SOC,cf_median,
Cocos (Keeling) Islands,NEEV_Boreal dry_2030y_SOC,cf_median,
Colombia,NEEV_Boreal dry_2030y_SOC,cf_median,
Comoros,NEEV_Boreal dry_2030y_SOC,cf_median,
Congo,NEEV_Boreal dry_2030y_SOC,cf_median,
Cook Islands,NEEV_Boreal dry_2030y_SOC,cf_median,
Costa Rica,NEEV_Boreal dry_2030y_SOC,cf_median,
Croatia,NEEV_Boreal dry_2030y_SOC,cf_median,
Cuba,NEEV_Boreal dry_2030y_SOC,cf_median,
Cyprus,NEEV_Boreal dry_2030y_SOC,cf_median,
Czech Republic,NEEV_Boreal dry_2030y_SOC,cf_median,
Côte d'Ivoire,NEEV_Boreal dry_2030y_SOC,cf_median,
Dem People's Rep of Korea,NEEV_Boreal dry_2030y_SOC,cf_median,
Democratic Republic of the Congo,NEEV_Boreal dry_2030y_SOC,cf_median,
Denmark,NEEV_Boreal dry_2030y_SOC,cf_median,
Djibouti,NEEV_Boreal dry_2030y_SOC,cf_median,
Dominica,NEEV_Boreal dry_2030y_SOC,cf_median,
Dominican Republic,NEEV_Boreal dry_2030y_SOC,cf_median,
Ecuador,NEEV_Boreal dry_2030y_SOC,cf_median,
Egypt,NEEV_Boreal dry_2030y_SOC,cf_median,
El Salvador,NEEV_Boreal dry_2030y_SOC,cf_median,
Equatorial Guinea,NEEV_Boreal dry_2030y_SOC,cf_median,
Eritrea,NEEV_Boreal dry_2030y_SOC,cf_median,
Estonia,NEEV_Boreal dry_2030y_SOC,cf_median,
Ethiopia,NEEV_Boreal dry_2030y_SOC,cf_median,
Europa Island,NEEV_Boreal dry_2030y_SOC,cf_median,
Falkland Islands (Malvinas),NEEV_Boreal dry_2030y_SOC,cf_median,
Faroe Islands,NEEV_Boreal dry_2030y_SOC,cf_median,
Fiji,NEEV_Boreal dry_2030y_SOC,cf_median,
Finland,NEEV_Boreal dry_2030y_SOC,cf_median,439.9785
France,NEEV_Boreal dry_2030y_SOC,cf_median,
French Guiana,NEEV_Boreal dry_2030y_SOC,cf_median,
French Polynesia,NEEV_Boreal dry_2030y_SOC,cf_median,
French Southern and Antarctic Territories,NEEV_Boreal dry_2030y_SOC,cf_median,
Gabon,NEEV_Boreal dry_2030y_SOC,cf_median,
Gambia,NEEV_Boreal dry_2030y_SOC,cf_median,
Gaza Strip,NEEV_Boreal dry_2030y_SOC,cf_median,
Georgia,NEEV_Boreal dry_2030y_SOC,cf_median,
Germany,NEEV_Boreal dry_2030y_SOC,cf_median,
Ghana,NEEV_Boreal dry_2030y_SOC,cf_median,
Gibraltar,NEEV_Boreal dry_2030y_SOC,cf_median,
Glorioso Island,NEEV_Boreal dry_2030y_SOC,cf_median,
Greece,NEEV_Boreal dry_2030y_SOC,cf_median,
Greenland,NEEV_Boreal dry_2030y_SOC,cf_median,
Grenada,NEEV_Boreal dry_2030y_SOC,cf_median,
Guadeloupe,NEEV_Boreal dry_2030y_SOC,cf_median,
Guam,NEEV_Boreal dry_2030y_SOC,cf_median,
Guatemala,NEEV_Boreal dry_2030y_SOC,cf_median,
Guernsey,NEEV_Boreal dry_2030y_SOC,cf_median,
Guinea,NEEV_Boreal dry_2030y_SOC,cf_median,
Guinea-Bissau,NEEV_Boreal dry_2030y_SOC,cf_median,
Guyana,NEEV_Boreal dry_2030y_SOC,cf_median,
Haiti,NEEV_Boreal dry_2030y_SOC,cf_median,
Hala'ib triangle,NEEV_Boreal dry_2030y_SOC,cf_median,
Heard Island and McDonald Islands,NEEV_Boreal dry_2030y_SOC,cf_median,
Holy See,NEEV_Boreal dry_2030y_SOC,cf_median,
Honduras,NEEV_Boreal dry_2030y_SOC,cf_median,
Hong Kong,NEEV_Boreal dry_2030y_SOC,cf_median,
Howland Island,NEEV_Boreal dry_2030y_SOC,cf_median,
Hungary,NEEV_Boreal dry_2030y_SOC,cf_median,
Iceland,NEEV_Boreal dry_2030y_SOC,cf_median,541.7766
Ilemi triangle,NEEV_Boreal dry_2030y_SOC,cf_median,
India,NEEV_Boreal dry_2030y_SOC,cf_median,
Indonesia,NEEV_Boreal dry_2030y_SOC,cf_median,
Iran  (Islamic Republic of),NEEV_Boreal dry_2030y_SOC,cf_median,
Iraq,NEEV_Boreal dry_2030y_SOC,cf_median,
Ireland,NEEV_Boreal dry_2030y_SOC,cf_median,
Isle of Man,NEEV_Boreal dry_2030y_SOC,cf_median,
Israel,NEEV_Boreal dry_2030y_SOC,cf_median,
Italy,NEEV_Boreal dry_2030y_SOC,cf_median,
Jamaica,NEEV_Boreal dry_2030y_SOC,cf_median,
Jammu and Kashmir,NEEV_Boreal dry_2030y_SOC,cf_median,
Japan,NEEV_Boreal dry_2030y_SOC,cf_median,
Jarvis Island,NEEV_Boreal dry_2030y_SOC,cf_median,
Jersey,NEEV_Boreal dry_2030y_SOC,cf_median,
Johnston Atoll,NEEV_Boreal dry_2030y_SOC,cf_median,
Jordan,NEEV_Boreal dry_2030y_SOC,cf_median,
Juan de Nova Island,NEEV_Boreal dry_2030y_SOC,cf_median,
Kazakhstan,NEEV_Boreal dry_2030y_SOC,cf_median,
Kenya,NEEV_Boreal dry_2030y_SOC,cf_median,
Kingman Reef,NEEV_Boreal dry_2030y_SOC,cf_median,
Kiribati,NEEV_Boreal dry_2030y_SOC,cf_median,
Kuril islands,NEEV_Boreal dry_2030y_SOC,cf_median,
Kuwait,NEEV_Boreal dry_2030y_SOC,cf_median,
Kyrgyzstan,NEEV_Boreal dry_2030y_SOC,cf_median,
Lao People's Democratic Republic,NEEV_Boreal dry_2030y_SOC,cf_median,
Latvia,NEEV_Boreal dry_2030y_SOC,cf_median,
Lebanon,NEEV_Boreal dry_2030y_SOC,cf_median,
Lesotho,NEEV_Boreal dry_2030y_SOC,cf_median,
Liberia,NEEV_Boreal dry_2030y_SOC,cf_median,
Libya,NEEV_Boreal dry_2030y_SOC,cf_median,
Liechtenstein,NEEV_Boreal dry_2030y_SOC,cf_median,
Lithuania,NEEV_Boreal dry_2030y_SOC,cf_median,
Luxembourg,NEEV_Boreal dry_2030y_SOC,cf_median,
Ma'tan al-Sarra,NEEV_Boreal dry_2030y_SOC,cf_median,
Macau,NEEV_Boreal dry_2030y_SOC,cf_median,
Madagascar,NEEV_Boreal dry_2030y_SOC,cf_median,
Madeira Islands,NEEV_Boreal dry_2030y_SOC,cf_median,
Malawi,NEEV_Boreal dry_2030y_SOC,cf_median,
Malaysia,NEEV_Boreal dry_2030y_SOC,cf_median,
Maldives,NEEV_Boreal dry_2030y_SOC,cf_median,
Mali,NEEV_Boreal dry_2030y_SOC,cf_median,
Malta,NEEV_Boreal dry_2030y_SOC,cf_median,
Marshall Islands,NEEV_Boreal dry_2030y_SOC,cf_median,
Martinique,NEEV_Boreal dry_2030y_SOC,cf_median,
Mauritania,NEEV_Boreal dry_2030y_SOC,cf_median,
Mauritius,NEEV_Boreal dry_2030y_SOC,cf_median,
Mayotte,NEEV_Boreal dry_2030y_SOC,cf_median,
Mexico,NEEV_Boreal dry_2030y_SOC,cf_median,
Micronesia (Federated States of),NEEV_Boreal dry_2030y_SOC,cf_median,
Midway Island,NEEV_Boreal dry_2030y_SOC,cf_median,
"Moldova, Republic of",NEEV_Boreal dry_2030y_SOC,cf_median,
Monaco,NEEV_Boreal dry_2030y_SOC,cf_median,
Mongolia,NEEV_Boreal dry_2030y_SOC,cf_median,
Montenegro,NEEV_Boreal dry_2030y_SOC,cf_median,
Montserrat,NEEV_Boreal dry_2030y_SOC,cf_median,
Morocco,NEEV_Boreal dry_2030y_SOC,cf_median,
Mozambique,NEEV_Boreal dry_2030y_SOC,cf_median,
Myanmar,NEEV_Boreal dry_2030y_SOC,cf_median,
Namibia,NEEV_Boreal dry_2030y_SOC,cf_median,
Nauru,NEEV_Boreal dry_2030y_SOC,cf_median,
Navassa Island,NEEV_Boreal dry_2030y_SOC,cf_median,
Nepal,NEEV_Boreal dry_2030y_SOC,cf_median,
Netherlands,NEEV_Boreal dry_2030y_SOC,cf_median,
Netherlands Antilles,NEEV_Boreal dry_2030y_SOC,cf_median,
New Caledonia,NEEV_Boreal dry_2030y_SOC,cf_median,
New Zealand,NEEV_Boreal dry_2030y_SOC,cf_median,
Nicaragua,NEEV_Boreal dry_2030y_SOC,cf_median,
Niger,NEEV_Boreal dry_2030y_SOC,cf_median,
Nigeria,NEEV_Boreal dry_2030y_SOC,cf_median,
Niue,NEEV_Boreal dry_2030y_SOC,cf_median,
Norfolk Island,NEEV_Boreal dry_2030y_SOC,cf_median,
Northern Mariana Islands,NEEV_Boreal dry_2030y_SOC,cf_median,
Norway,NEEV_Boreal dry_2030y_SOC,cf_median,431.63754
Oman,NEEV_Boreal dry_2030y_SOC,cf_median,
Pakistan,NEEV_Boreal dry_2030y_SOC,cf_median,
Palau,NEEV_Boreal dry_2030y_SOC,cf_median,
Palmyra Atoll,NEEV_Boreal dry_2030y_SOC,cf_median,
Panama,NEEV_Boreal dry_2030y_SOC,cf_median,
Papua New Guinea,NEEV_Boreal dry_2030y_SOC,cf_median,
Paracel Islands,NEEV_Boreal dry_2030y_SOC,cf_median,
Paraguay,NEEV_Boreal dry_2030y_SOC,cf_median,
Peru,NEEV_Boreal dry_2030y_SOC,cf_median,
Philippines,NEEV_Boreal dry_2030y_SOC,cf_median,
Pitcairn,NEEV_Boreal dry_2030y_SOC,cf_median,
Poland,NEEV_Boreal dry_2030y_SOC,cf_median,
Portugal,NEEV_Boreal dry_2030y_SOC,cf_median,
Puerto Rico,NEEV_Boreal dry_2030y_SOC,cf_median,
Qatar,NEEV_Boreal dry_2030y_SOC,cf_median,
Republic of Korea,NEEV_Boreal dry_2030y_SOC,cf_median,
Romania,NEEV_Boreal dry_2030y_SOC,cf_median,
Russian Federation,NEEV_Boreal dry_2030y_SOC,cf_median,488.26462
Rwanda,NEEV_Boreal dry_2030y_SOC,cf_median,
Réunion,NEEV_Boreal dry_2030y_SOC,cf_median,
Saint Helena,NEEV_Boreal dry_2030y_SOC,cf_median,
Saint Kitts and Nevis,NEEV_Boreal dry_2030y_SOC,cf_median,
Saint Lucia,NEEV_Boreal dry_2030y_SOC,cf_median,
Saint Pierre et Miquelon,NEEV_Boreal dry_2030y_SOC,cf_median,
Saint Vincent and the Grenadines,NEEV_Boreal dry_2030y_SOC,cf_median,
Samoa,NEEV_Boreal dry_2030y_SOC,cf_median,
San Marino,NEEV_Boreal dry_2030y_SOC,cf_median,
Sao Tome and Principe,NEEV_Boreal dry_2030y_SOC,cf_median,
Saudi Arabia,NEEV_Boreal dry_2030y_SOC,cf_median,
Scarborough Reef,NEEV_Boreal dry_2030y_SOC,cf_median,
Senegal,NEEV_Boreal dry_2030y_SOC,cf_median,
Senkaku Islands,NEEV_Boreal dry_2030y_SOC,cf_median,
Serbia,NEEV_Boreal dry_2030y_SOC,cf_median,
Seychelles,NEEV_Boreal dry_2030y_SOC,cf_median,
Sierra Leone,NEEV_Boreal dry_2030y_SOC,cf_median,
Singapore,NEEV_Boreal dry_2030y_SOC,cf_median,
Slovakia,NEEV_Boreal dry_2030y_SOC,cf_median,
Slovenia,NEEV_Boreal dry_2030y_SOC,cf_median,
Solomon Islands,NEEV_Boreal dry_2030y_SOC,cf_median,
Somalia,NEEV_Boreal dry_2030y_SOC,cf_median,
South Africa,NEEV_Boreal dry_2030y_SOC,cf_median,
South Georgia and the South Sandwich Islands,NEEV_Boreal dry_2030y_SOC,cf_median,
South Sudan,NEEV_Boreal dry_2030y_SOC,cf_median,
Spain,NEEV_Boreal dry_2030y_SOC,cf_median,
Spratly Islands,NEEV_Boreal dry_2030y_SOC,cf_median,
Sri Lanka,NEEV_Boreal dry_2030y_SOC,cf_median,
Sudan,NEEV_Boreal dry_2030y_SOC,cf_median,
Suriname,NEEV_Boreal dry_2030y_SOC,cf_median,
Svalbard and Jan Mayen Islands,NEEV_Boreal dry_2030y_SOC,cf_median,
Swaziland,NEEV_Boreal dry_2030y_SOC,cf_median,
Sweden,NEEV_Boreal dry_2030y_SOC,cf_median,409.35233
Switzerland,NEEV_Boreal dry_2030y_SOC,cf_median,
Syrian Arab Republic,NEEV_Boreal dry_2030y_SOC,cf_median,
Taiwan,NEEV_Boreal dry_2030y_SOC,cf_median,
Tajikistan,NEEV_Boreal dry_2030y_SOC,cf_median,
Thailand,NEEV_Boreal dry_2030y_SOC,cf_median,
The former Yugoslav Republic of Macedonia,NEEV_Boreal dry_2030y_SOC,cf_median,
Timor-Leste,NEEV_Boreal dry_2030y_SOC,cf_median,
Togo,NEEV_Boreal dry_2030y_SOC,cf_median,
Tokelau,NEEV_Boreal dry_2030y_SOC,cf_median,
Tonga,NEEV_Boreal dry_2030y_SOC,cf_median,
Trinidad and Tobago,NEEV_Boreal dry_2030y_SOC,cf_median,
Tromelin Island,NEEV_Boreal dry_2030y_SOC,cf_median,
Tunisia,NEEV_Boreal dry_2030y_SOC,cf_median,
Turkey,NEEV_Boreal dry_2030y_SOC,cf_median,
Turkmenistan,NEEV_Boreal dry_2030y_SOC,cf_median,
Turks and Caicos islands,NEEV_Boreal dry_2030y_SOC,cf_median,
Tuvalu,NEEV_Boreal dry_2030y_SOC,cf_median,
U.K. of Great Britain and Northern Ireland,NEEV_Boreal dry_2030y_SOC,cf_median,
Uganda,NEEV_Boreal dry_2030y_SOC,cf_median,
Ukraine,NEEV_Boreal dry_2030y_SOC,cf_median,
United Arab Emirates,NEEV_Boreal dry_2030y_SOC,cf_median,
United Republic of Tanzania,NEEV_Boreal dry_2030y_SOC,cf_median,
United States Virgin Islands,NEEV_Boreal dry_2030y_SOC,cf_median,
United States of America,NEEV_Boreal dry_2030y_SOC,cf_median,487.11462
Uruguay,NEEV_Boreal dry_2030y_SOC,cf_median,
Uzbekistan,NEEV_Boreal dry_2030y_SOC,cf_median,
Vanuatu,NEEV_Boreal dry_2030y_SOC,cf_median,
Venezuela,NEEV_Boreal dry_2030y_SOC,cf_median,
Viet Nam,NEEV_Boreal dry_2030y_SOC,cf_median,
Wake Island,NEEV_Boreal dry_2030y_SOC,cf_median,
Wallis and Futuna,NEEV_Boreal dry_2030y_SOC,cf_median,
West Bank,NEEV_Boreal dry_2030y_SOC,cf_median,
Western Sahara,NEEV_Boreal dry_2030y_SOC,cf_median,
Yemen,NEEV_Boreal dry_2030y_SOC,cf_median,
Zambia,NEEV_Boreal dry_2030y_SOC,cf_median,
Zimbabwe,NEEV_Boreal dry_2030y_SOC,cf_median,
Abyei,NEEV_Boreal dry_2030y_SOC,cf_std,
Afghanistan,NEEV_Boreal dry_2030y_SOC,cf_std,
Aksai Chin,NEEV_Boreal dry_2030y_SOC,cf_std,
Albania,NEEV_Boreal dry_2030y_SOC,cf_std,
Algeria,NEEV_Boreal dry_2030y_SOC,cf_std,
American Samoa,NEEV_Boreal dry_2030y_SOC,cf_std,
Andorra,NEEV_Boreal dry_2030y_SOC,cf_std,
Angola,NEEV_Boreal dry_2030y_SOC,cf_std,
Anguilla,NEEV_Boreal dry_2030y_SOC,cf_std,
Antarctica,NEEV_Boreal dry_2030y_SOC,cf_std,
Antigua and Barbuda,NEEV_Boreal dry_2030y_SOC,cf_std,
Argentina,NEEV_Boreal dry_2030y_SOC,cf_std,9.592207
Armenia,NEEV_Boreal dry_2030y_SOC,cf_std,
Aruba,NEEV_Boreal dry_2030y_SOC,cf_std,
Arunachal Pradesh,NEEV_Boreal dry_2030y_SOC,cf_std,
Ashmore and Cartier Islands,NEEV_Boreal dry_2030y_SOC,cf_std,
Australia,NEEV_Boreal dry_2030y_SOC,cf_std,
Austria,NEEV_Boreal dry_2030y_SOC,cf_std,
Azerbaijan,NEEV_Boreal dry_2030y_SOC,cf_std,
Azores Islands,NEEV_Boreal dry_2030y_SOC,cf_std,
Bahamas,NEEV_Boreal dry_2030y_SOC,cf_std,
Bahrain,NEEV_Boreal dry_2030y_SOC,cf_std,
Baker Island,NEEV_Boreal dry_2030y_SOC,cf_std,
Bangladesh,NEEV_Boreal dry_2030y_SOC,cf_std,
Barbados,NEEV_Boreal dry_2030y_SOC,cf_std,
Bassas da India,NEEV_Boreal dry_2030y_SOC,cf_std,
Belarus,NEEV_Boreal dry_2030y_SOC,cf_std,
Belgium,NEEV_Boreal dry_2030y_SOC,cf_std,
Belize,NEEV_Boreal dry_2030y_SOC,cf_std,
Benin,NEEV_Boreal dry_2030y_SOC,cf_std,
Bermuda,NEEV_Boreal dry_2030y_SOC,cf_std,
Bhutan,NEEV_Boreal dry_2030y_SOC,cf_std,
Bird Island,NEEV_Boreal dry_2030y_SOC,cf_std,
Bolivia,NEEV_Boreal dry_2030y_SOC,cf_std,
Bosnia and Herzegovina,NEEV_Boreal dry_2030y_SOC,cf_std,
Botswana,NEEV_Boreal dry_2030y_SOC,cf_std,
Bouvet Island,NEEV_Boreal dry_2030y_SOC,cf_std,
Brazil,NEEV_Boreal dry_2030y_SOC,cf_std,
British Indian Ocean Territory,NEEV_Boreal dry_2030y_SOC,cf_std,
British Virgin Islands,NEEV_Boreal dry_2030y_SOC,cf_std,
Brunei Darussalam,NEEV_Boreal dry_2030y_SOC,cf_std,
Bulgaria,NEEV_Boreal dry_2030y_SOC,cf_std,
Burkina Faso,NEEV_Boreal dry_2030y_SOC,cf_std,
Burundi,NEEV_Boreal dry_2030y_SOC,cf_std,
Cambodia,NEEV_Boreal dry_2030y_SOC,cf_std,
Cameroon,NEEV_Boreal dry_2030y_SOC,cf_std,
Canada,NEEV_Boreal dry_2030y_SOC,cf_std,54.967197
Cape Verde,NEEV_Boreal dry_2030y_SOC,cf_std,
Cayman Islands,NEEV_Boreal dry_2030y_SOC,cf_std,
Central African Republic,NEEV_Boreal dry_2030y_SOC,cf_std,
Chad,NEEV_Boreal dry_2030y_SOC,cf_std,
Chile,NEEV_Boreal dry_2030y_SOC,cf_std,121.63554
China,NEEV_Boreal dry_2030y_SOC,cf_std,
China/India,NEEV_Boreal dry_2030y_SOC,cf_std,
Christmas Island,NEEV_Boreal dry_2030y_SOC,cf_std,
Clipperton Island,NEEV_Boreal dry_2030y_SOC,cf_std,
Cocos (Keeling) Islands,NEEV_Boreal dry_2030y_SOC,cf_std,
Colombia,NEEV_Boreal dry_2030y_SOC,cf_std,
Comoros,NEEV_Boreal dry_2030y_SOC,cf_std,
Congo,NEEV_Boreal dry_2030y_SOC,cf_std,
Cook Islands,NEEV_Boreal dry_2030y_SOC,cf_std,
Costa Rica,NEEV_Boreal dry_2030y_SOC,cf_std,
Croatia,NEEV_Boreal dry_2030y_SOC,cf_std,
Cuba,NEEV_Boreal dry_2030y_SOC,cf_std,
Cyprus,NEEV_Boreal dry_2030y_SOC,cf_std,
Czech Republic,NEEV_Boreal dry_2030y_SOC,cf_std,
Côte d'Ivoire,NEEV_Boreal dry_2030y_SOC,cf_std,
Dem People's Rep of Korea,NEEV_Boreal dry_2030y_SOC,cf_std,
Democratic Republic of the Congo,NEEV_Boreal dry_2030y_SOC,cf_std,
Denmark,NEEV_Boreal dry_2030y_SOC,cf_std,
Djibouti,NEEV_Boreal dry_2030y_SOC,cf_std,
Dominica,NEEV_Boreal dry_2030y_SOC,cf_std,
Dominican Republic,NEEV_Boreal dry_2030y_SOC,cf_std,
Ecuador,NEEV_Boreal dry_2030y_SOC,cf_std,
Egypt,NEEV_Boreal dry_2030y_SOC,cf_std,
El Salvador,NEEV_Boreal dry_2030y_SOC,cf_std,
Equatorial Guinea,NEEV_Boreal dry_2030y_SOC,cf_std,
Eritrea,NEEV_Boreal dry_2030y_SOC,cf_std,
Estonia,NEEV_Boreal dry_2030y_SOC,cf_std,
Ethiopia,NEEV_Boreal dry_2030y_SOC,cf_std,
Europa Island,NEEV_Boreal dry_2030y_SOC,cf_std,
Falkland Islands (Malvinas),NEEV_Boreal dry_2030y_SOC,cf_std,
Faroe Islands,NEEV_Boreal dry_2030y_SOC,cf_std,
Fiji,NEEV_Boreal dry_2030y_SOC,cf_std,
Finland,NEEV_Boreal dry_2030y_SOC,cf_std,25.031137
France,NEEV_Boreal dry_2030y_SOC,cf_std,
French Guiana,NEEV_Boreal dry_2030y_SOC,cf_std,
French Polynesia,NEEV_Boreal dry_2030y_SOC,cf_std,
French Southern and Antarctic Territories,NEEV_Boreal dry_2030y_SOC,cf_std,
Gabon,NEEV_Boreal dry_2030y_SOC,cf_std,
Gambia,NEEV_Boreal dry_2030y_SOC,cf_std,
Gaza Strip,NEEV_Boreal dry_2030y_SOC,cf_std,
Georgia,NEEV_Boreal dry_2030y_SOC,cf_std,
Germany,NEEV_Boreal dry_2030y_SOC,cf_std,
Ghana,NEEV_Boreal dry_2030y_SOC,cf_std,
Gibraltar,NEEV_Boreal dry_2030y_SOC,cf_std,
Glorioso Island,NEEV_Boreal dry_2030y_SOC,cf_std,
Greece,NEEV_Boreal dry_2030y_SOC,cf_std,
Greenland,NEEV_Boreal dry_2030y_SOC,cf_std,
Grenada,NEEV_Boreal dry_2030y_SOC,cf_std,
Guadeloupe,NEEV_Boreal dry_2030y_SOC,cf_std,
Guam,NEEV_Boreal dry_2030y_SOC,cf_std,
Guatemala,NEEV_Boreal dry_2030y_SOC,cf_std,
Guernsey,NEEV_Boreal dry_2030y_SOC,cf_std,
Guinea,NEEV_Boreal dry_2030y_SOC,cf_std,
Guinea-Bissau,NEEV_Boreal dry_2030y_SOC,cf_std,
Guyana,NEEV_Boreal dry_2030y_SOC,cf_std,
Haiti,NEEV_Boreal dry_2030y_SOC,cf_std,
Hala'ib triangle,NEEV_Boreal dry_2030y_SOC,cf_std,
Heard Island and McDonald Islands,NEEV_Boreal dry_2030y_SOC,cf_std,
Holy See,NEEV_Boreal dry_2030y_SOC,cf_std,
Honduras,NEEV_Boreal dry_2030y_SOC,cf_std,
Hong Kong,NEEV_Boreal dry_2030y_SOC,cf_std,
Howland Island,NEEV_Boreal dry_2030y_SOC,cf_std,
Hungary,NEEV_Boreal dry_2030y_SOC,cf_std,
Iceland,NEEV_Boreal dry_2030y_SOC,cf_std,36.45609
Ilemi triangle,NEEV_Boreal dry_2030y_SOC,cf_std,
India,NEEV_Boreal dry_2030y_SOC,cf_std,
Indonesia,NEEV_Boreal dry_2030y_SOC,cf_std,
Iran  (Islamic Republic of),NEEV_Boreal dry_2030y_SOC,cf_std,
Iraq,NEEV_Boreal dry_2030y_SOC,cf_std,
Ireland,NEEV_Boreal dry_2030y_SOC,cf_std,
Isle of Man,NEEV_Boreal dry_2030y_SOC,cf_std,
Israel,NEEV_Boreal dry_2030y_SOC,cf_std,
Italy,NEEV_Boreal dry_2030y_SOC,cf_std,
Jamaica,NEEV_Boreal dry_2030y_SOC,cf_std,
Jammu and Kashmir,NEEV_Boreal dry_2030y_SOC,cf_std,
Japan,NEEV_Boreal dry_2030y_SOC,cf_std,
Jarvis Island,NEEV_Boreal dry_2030y_SOC,cf_std,
Jersey,NEEV_Boreal dry_2030y_SOC,cf_std,
Johnston Atoll,NEEV_Boreal dry_2030y_SOC,cf_std,
Jordan,NEEV_Boreal dry_2030y_SOC,cf_std,
Juan de Nova Island,NEEV_Boreal dry_2030y_SOC,cf_std,
Kazakhstan,NEEV_Boreal dry_2030y_SOC,cf_std,
Kenya,NEEV_Boreal dry_2030y_SOC,cf_std,
Kingman Reef,NEEV_Boreal dry_2030y_SOC,cf_std,
Kiribati,NEEV_Boreal dry_2030y_SOC,cf_std,
Kuril islands,NEEV_Boreal dry_2030y_SOC,cf_std,
Kuwait,NEEV_Boreal dry_2030y_SOC,cf_std,
Kyrgyzstan,NEEV_Boreal dry_2030y_SOC,cf_std,
Lao People's Democratic Republic,NEEV_Boreal dry_2030y_SOC,cf_std,
Latvia,NEEV_Boreal dry_2030y_SOC,cf_std,
Lebanon,NEEV_Boreal dry_2030y_SOC,cf_std,
Lesotho,NEEV_Boreal dry_2030y_SOC,cf_std,
Liberia,NEEV_Boreal dry_2030y_SOC,cf_std,
Libya,NEEV_Boreal dry_2030y_SOC,cf_std,
Liechtenstein,NEEV_Boreal dry_2030y_SOC,cf_std,
Lithuania,NEEV_Boreal dry_2030y_SOC,cf_std,
Luxembourg,NEEV_Boreal dry_2030y_SOC,cf_std,
Ma'tan al-Sarra,NEEV_Boreal dry_2030y_SOC,cf_std,
Macau,NEEV_Boreal dry_2030y_SOC,cf_std,
Madagascar,NEEV_Boreal dry_2030y_SOC,cf_std,
Madeira Islands,NEEV_Boreal dry_2030y_SOC,cf_std,
Malawi,NEEV_Boreal dry_2030y_SOC,cf_std,
Malaysia,NEEV_Boreal dry_2030y_SOC,cf_std,
Maldives,NEEV_Boreal dry_2030y_SOC,cf_std,
Mali,NEEV_Boreal dry_2030y_SOC,cf_std,
Malta,NEEV_Boreal dry_2030y_SOC,cf_std,
Marshall Islands,NEEV_Boreal dry_2030y_SOC,cf_std,
Martinique,NEEV_Boreal dry_2030y_SOC,cf_std,
Mauritania,NEEV_Boreal dry_2030y_SOC,cf_std,
Mauritius,NEEV_Boreal dry_2030y_SOC,cf_std,
Mayotte,NEEV_Boreal dry_2030y_SOC,cf_std,
Mexico,NEEV_Boreal dry_2030y_SOC,cf_std,
Micronesia (Federated States of),NEEV_Boreal dry_2030y_SOC,cf_std,
Midway Island,NEEV_Boreal dry_2030y_SOC,cf_std,
"Moldova, Republic of",NEEV_Boreal dry_2030y_SOC,cf_std,
Monaco,NEEV_Boreal dry_2030y_SOC,cf_std,
Mongolia,NEEV_Boreal dry_2030y_SOC,cf_std,
Montenegro,NEEV_Boreal dry_2030y_SOC,cf_std,
Montserrat,NEEV_Boreal dry_2030y_SOC,cf_std,
Morocco,NEEV_Boreal dry_2030y_SOC,cf_std,
Mozambique,NEEV_Boreal dry_2030y_SOC,cf_std,
Myanmar,NEEV_Boreal dry_2030y_SOC,cf_std,
Namibia,NEEV_Boreal dry_2030y_SOC,cf_std,
Nauru,NEEV_Boreal dry_2030y_SOC,cf_std,
Navassa Island,NEEV_Boreal dry_2030y_SOC,cf_std,
Nepal,NEEV_Boreal dry_2030y_SOC,cf_std,
Netherlands,NEEV_Boreal dry_2030y_SOC,cf_std,
Netherlands Antilles,NEEV_Boreal dry_2030y_SOC,cf_std,
New Caledonia,NEEV_Boreal dry_2030y_SOC,cf_std,
New Zealand,NEEV_Boreal dry_2030y_SOC,cf_std,
Nicaragua,NEEV_Boreal dry_2030y_SOC,cf_std,
Niger,NEEV_Boreal dry_2030y_SOC,cf_std,
Nigeria,NEEV_Boreal dry_2030y_SOC,cf_std,
Niue,NEEV_Boreal dry_2030y_SOC,cf_std,
Norfolk Island,NEEV_Boreal dry_2030y_SOC,cf_std,
Northern Mariana Islands,NEEV_Boreal dry_2030y_SOC,cf_std,
Norway,NEEV_Boreal dry_2030y_SOC,cf_std,49.54728
Oman,NEEV_Boreal dry_2030y_SOC,cf_std,
Pakistan,NEEV_Boreal dry_2030y_SOC,cf_std,
Palau,NEEV_Boreal dry_2030y_SOC,cf_std,
Palmyra Atoll,NEEV_Boreal dry_2030y_SOC,cf_std,
Panama,NEEV_Boreal dry_2030y_SOC,cf_std,
Papua New Guinea,NEEV_Boreal dry_2030y_SOC,cf_std,
Paracel Islands,NEEV_Boreal dry_2030y_SOC,cf_std,
Paraguay,NEEV_Boreal dry_2030y_SOC,cf_std,
Peru,NEEV_Boreal dry_2030y_SOC,cf_std,
Philippines,NEEV_Boreal dry_2030y_SOC,cf_std,
Pitcairn,NEEV_Boreal dry_2030y_SOC,cf_std,
Poland,NEEV_Boreal dry_2030y_SOC,cf_std,
Portugal,NEEV_Boreal dry_2030y_SOC,cf_std,
Puerto Rico,NEEV_Boreal dry_2030y_SOC,cf_std,
Qatar,NEEV_Boreal dry_2030y_SOC,cf_std,
Republic of Korea,NEEV_Boreal dry_2030y_SOC,cf_std,
Romania,NEEV_Boreal dry_2030y_SOC,cf_std,
Russian Federation,NEEV_Boreal dry_2030y_SOC,cf_std,47.442905
Rwanda,NEEV_Boreal dry_2030y_SOC,cf_std,
Réunion,NEEV_Boreal dry_2030y_SOC,cf_std,
Saint Helena,NEEV_Boreal dry_2030y_SOC,cf_std,
Saint Kitts and Nevis,NEEV_Boreal dry_2030y_SOC,cf_std,
Saint Lucia,NEEV_Boreal dry_2030y_SOC,cf_std,
Saint Pierre et Miquelon,NEEV_Boreal dry_2030y_SOC,cf_std,
Saint Vincent and the Grenadines,NEEV_Boreal dry_2030y_SOC,cf_std,
Samoa,NEEV_Boreal dry_2030y_SOC,cf_std,
San Marino,NEEV_Boreal dry_2030y_SOC,cf_std,
Sao Tome and Principe,NEEV_Boreal dry_2030y_SOC,cf_std,
Saudi Arabia,NEEV_Boreal dry_2030y_SOC,cf_std,
Scarborough Reef,NEEV_Boreal dry_2030y_SOC,cf_std,
Senegal,NEEV_Boreal dry_2030y_SOC,cf_std,
Senkaku Islands,NEEV_Boreal dry_2030y_SOC,cf_std,
Serbia,NEEV_Boreal dry_2030y_SOC,cf_std,
Seychelles,NEEV_Boreal dry_2030y_SOC,cf_std,
Sierra Leone,NEEV_Boreal dry_2030y_SOC,cf_std,
Singapore,NEEV_Boreal dry_2030y_SOC,cf_std,
Slovakia,NEEV_Boreal dry_2030y_SOC,cf_std,
Slovenia,NEEV_Boreal dry_2030y_SOC,cf_std,
Solomon Islands,NEEV_Boreal dry_2030y_SOC,cf_std,
Somalia,NEEV_Boreal dry_2030y_SOC,cf_std,
South Africa,NEEV_Boreal dry_2030y_SOC,cf_std,
South Georgia and the South Sandwich Islands,NEEV_Boreal dry_2030y_SOC,cf_std,
South Sudan,NEEV_Boreal dry_2030y_SOC,cf_std,
Spain,NEEV_Boreal dry_2030y_SOC,cf_std,
Spratly Islands,NEEV_Boreal dry_2030y_SOC,cf_std,
Sri Lanka,NEEV_Boreal dry_2030y_SOC,cf_std,
Sudan,NEEV_Boreal dry_2030y_SOC,cf_std,
Suriname,NEEV_Boreal dry_2030y_SOC,cf_std,
Svalbard and Jan Mayen Islands,NEEV_Boreal dry_2030y_SOC,cf_std,
Swaziland,NEEV_Boreal dry_2030y_SOC,cf_std,
Sweden,NEEV_Boreal dry_2030y_SOC,cf_std,29.310692
Switzerland,NEEV_Boreal dry_2030y_SOC,cf_std,
Syrian Arab Republic,NEEV_Boreal dry_2030y_SOC,cf_std,
Taiwan,NEEV_Boreal dry_2030y_SOC,cf_std,
Tajikistan,NEEV_Boreal dry_2030y_SOC,cf_std,
Thailand,NEEV_Boreal dry_2030y_SOC,cf_std,
The former Yugoslav Republic of Macedonia,NEEV_Boreal dry_2030y_SOC,cf_std,
Timor-Leste,NEEV_Boreal dry_2030y_SOC,cf_std,
Togo,NEEV_Boreal dry_2030y_SOC,cf_std,
Tokelau,NEEV_Boreal dry_2030y_SOC,cf_std,
Tonga,NEEV_Boreal dry_2030y_SOC,cf_std,
Trinidad and Tobago,NEEV_Boreal dry_2030y_SOC,cf_std,
Tromelin Island,NEEV_Boreal dry_2030y_SOC,cf_std,
Tunisia,NEEV_Boreal dry_2030y_SOC,cf_std,
Turkey,NEEV_Boreal dry_2030y_SOC,cf_std,
Turkmenistan,NEEV_Boreal dry_2030y_SOC,cf_std,
Turks and Caicos islands,NEEV_Boreal dry_2030y_SOC,cf_std,
Tuvalu,NEEV_Boreal dry_2030y_SOC,cf_std,
U.K. of Great Britain and Northern Ireland,NEEV_Boreal dry_2030y_SOC,cf_std,
Uganda,NEEV_Boreal dry_2030y_SOC,cf_std,
Ukraine,NEEV_Boreal dry_2030y_SOC,cf_std,
United Arab Emirates,NEEV_Boreal dry_2030y_SOC,cf_std,
United Republic of Tanzania,NEEV_Boreal dry_2030y_SOC,cf_std,
United States Virgin Islands,NEEV_Boreal dry_2030y_SOC,cf_std,
United States of America,NEEV_Boreal dry_2030y_SOC,cf_std,61.09306
Uruguay,NEEV_Boreal dry_2030y_SOC,cf_std,
Uzbekistan,NEEV_Boreal dry_2030y_SOC,cf_std,
Vanuatu,NEEV_Boreal dry_2030y_SOC,cf_std,
Venezuela,NEEV_Boreal dry_2030y_SOC,cf_std,
Viet Nam,NEEV_Boreal dry_2030y_SOC,cf_std,
Wake Island,NEEV_Boreal dry_2030y_SOC,cf_std,
Wallis and Futuna,NEEV_Boreal dry_2030y_SOC,cf_std,
West Bank,NEEV_Boreal dry_2030y_SOC,cf_std,
Western Sahara,NEEV_Boreal dry_2030y_SOC,cf_std,
Yemen,NEEV_Boreal dry_2030y_SOC,cf_std,
Zambia,NEEV_Boreal dry_2030y_SOC,cf_std,
Zimbabwe,NEEV_Boreal dry_2030y_SOC,cf_std,
Abyei,NEEV_Boreal moist_2030y_SOC,cf_mean,
Afghanistan,NEEV_Boreal moist_2030y_SOC,cf_mean,
Aksai Chin,NEEV_Boreal moist_2030y_SOC,cf_mean,
Albania,NEEV_Boreal moist_2030y_SOC,cf_mean,
Algeria,NEEV_Boreal moist_2030y_SOC,cf_mean,
American Samoa,NEEV_Boreal moist_2030y_SOC,cf_mean,
Andorra,NEEV_Boreal moist_2030y_SOC,cf_mean,
Angola,NEEV_Boreal moist_2030y_SOC,cf_mean,
Anguilla,NEEV_Boreal moist_2030y_SOC,cf_mean,
Antarctica,NEEV_Boreal moist_2030y_SOC,cf_mean,
Antigua and Barbuda,NEEV_Boreal moist_2030y_SOC,cf_mean,
Argentina,NEEV_Boreal moist_2030y_SOC,cf_mean,568.71063
Armenia,NEEV_Boreal moist_2030y_SOC,cf_mean,
Aruba,NEEV_Boreal moist_2030y_SOC,cf_mean,
Arunachal Pradesh,NEEV_Boreal moist_2030y_SOC,cf_mean,
Ashmore and Cartier Islands,NEEV_Boreal moist_2030y_SOC,cf_mean,
Australia,NEEV_Boreal moist_2030y_SOC,cf_mean,
Austria,NEEV_Boreal moist_2030y_SOC,cf_mean,
Azerbaijan,NEEV_Boreal moist_2030y_SOC,cf_mean,
Azores Islands,NEEV_Boreal moist_2030y_SOC,cf_mean,
Bahamas,NEEV_Boreal moist_2030y_SOC,cf_mean,
Bahrain,NEEV_Boreal moist_2030y_SOC,cf_mean,
Baker Island,NEEV_Boreal moist_2030y_SOC,cf_mean,
Bangladesh,NEEV_Boreal moist_2030y_SOC,cf_mean,
Barbados,NEEV_Boreal moist_2030y_SOC,cf_mean,
Bassas da India,NEEV_Boreal moist_2030y_SOC,cf_mean,
Belarus,NEEV_Boreal moist_2030y_SOC,cf_mean,
Belgium,NEEV_Boreal moist_2030y_SOC,cf_mean,
Belize,NEEV_Boreal moist_2030y_SOC,cf_mean,
Benin,NEEV_Boreal moist_2030y_SOC,cf_mean,
Bermuda,NEEV_Boreal moist_2030y_SOC,cf_mean,
Bhutan,NEEV_Boreal moist_2030y_SOC,cf_mean,
Bird Island,NEEV_Boreal moist_2030y_SOC,cf_mean,
Bolivia,NEEV_Boreal moist_2030y_SOC,cf_mean,
Bosnia and Herzegovina,NEEV_Boreal moist_2030y_SOC,cf_mean,
Botswana,NEEV_Boreal moist_2030y_SOC,cf_mean,
Bouvet Island,NEEV_Boreal moist_2030y_SOC,cf_mean,
Brazil,NEEV_Boreal moist_2030y_SOC,cf_mean,
British Indian Ocean Territory,NEEV_Boreal moist_2030y_SOC,cf_mean,
British Virgin Islands,NEEV_Boreal moist_2030y_SOC,cf_mean,
Brunei Darussalam,NEEV_Boreal moist_2030y_SOC,cf_mean,
Bulgaria,NEEV_Boreal moist_2030y_SOC,cf_mean,
Burkina Faso,NEEV_Boreal moist_2030y_SOC,cf_mean,
Burundi,NEEV_Boreal moist_2030y_SOC,cf_mean,
Cambodia,NEEV_Boreal moist_2030y_SOC,cf_mean,
Cameroon,NEEV_Boreal moist_2030y_SOC,cf_mean,
Canada,NEEV_Boreal moist_2030y_SOC,cf_mean,612.49896
Cape Verde,NEEV_Boreal moist_2030y_SOC,cf_mean,
Cayman Islands,NEEV_Boreal moist_2030y_SOC,cf_mean,
Central African Republic,NEEV_Boreal moist_2030y_SOC,cf_mean,
Chad,NEEV_Boreal moist_2030y_SOC,cf_mean,
Chile,NEEV_Boreal moist_2030y_SOC,cf_mean,616.9485
China,NEEV_Boreal moist_2030y_SOC,cf_mean,
China/India,NEEV_Boreal moist_2030y_SOC,cf_mean,
Christmas Island,NEEV_Boreal moist_2030y_SOC,cf_mean,
Clipperton Island,NEEV_Boreal moist_2030y_SOC,cf_mean,
Cocos (Keeling) Islands,NEEV_Boreal moist_2030y_SOC,cf_mean,
Colombia,NEEV_Boreal moist_2030y_SOC,cf_mean,
Comoros,NEEV_Boreal moist_2030y_SOC,cf_mean,
Congo,NEEV_Boreal moist_2030y_SOC,cf_mean,
Cook Islands,NEEV_Boreal moist_2030y_SOC,cf_mean,
Costa Rica,NEEV_Boreal moist_2030y_SOC,cf_mean,
Croatia,NEEV_Boreal moist_2030y_SOC,cf_mean,
Cuba,NEEV_Boreal moist_2030y_SOC,cf_mean,
Cyprus,NEEV_Boreal moist_2030y_SOC,cf_mean,
Czech Republic,NEEV_Boreal moist_2030y_SOC,cf_mean,
Côte d'Ivoire,NEEV_Boreal moist_2030y_SOC,cf_mean,
Dem People's Rep of Korea,NEEV_Boreal moist_2030y_SOC,cf_mean,
Democratic Republic of the Congo,NEEV_Boreal moist_2030y_SOC,cf_mean,
Denmark,NEEV_Boreal moist_2030y_SOC,cf_mean,
Djibouti,NEEV_Boreal moist_2030y_SOC,cf_mean,
Dominica,NEEV_Boreal moist_2030y_SOC,cf_mean,
Dominican Republic,NEEV_Boreal moist_2030y_SOC,cf_mean,
Ecuador,NEEV_Boreal moist_2030y_SOC,cf_mean,
Egypt,NEEV_Boreal moist_2030y_SOC,cf_mean,
El Salvador,NEEV_Boreal moist_2030y_SOC,cf_mean,
Equatorial Guinea,NEEV_Boreal moist_2030y_SOC,cf_mean,
Eritrea,NEEV_Boreal moist_2030y_SOC,cf_mean,
Estonia,NEEV_Boreal moist_2030y_SOC,cf_mean,
Ethiopia,NEEV_Boreal moist_2030y_SOC,cf_mean,
Europa Island,NEEV_Boreal moist_2030y_SOC,cf_mean,
Falkland Islands (Malvinas),NEEV_Boreal moist_2030y_SOC,cf_mean,
Faroe Islands,NEEV_Boreal moist_2030y_SOC,cf_mean,
Fiji,NEEV_Boreal moist_2030y_SOC,cf_mean,
Finland,NEEV_Boreal moist_2030y_SOC,cf_mean,636.8104
France,NEEV_Boreal moist_2030y_SOC,cf_mean,
French Guiana,NEEV_Boreal moist_2030y_SOC,cf_mean,
French Polynesia,NEEV_Boreal moist_2030y_SOC,cf_mean,
French Southern and Antarctic Territories,NEEV_Boreal moist_2030y_SOC,cf_mean,
Gabon,NEEV_Boreal moist_2030y_SOC,cf_mean,
Gambia,NEEV_Boreal moist_2030y_SOC,cf_mean,
Gaza Strip,NEEV_Boreal moist_2030y_SOC,cf_mean,
Georgia,NEEV_Boreal moist_2030y_SOC,cf_mean,
Germany,NEEV_Boreal moist_2030y_SOC,cf_mean,
Ghana,NEEV_Boreal moist_2030y_SOC,cf_mean,
Gibraltar,NEEV_Boreal moist_2030y_SOC,cf_mean,
Glorioso Island,NEEV_Boreal moist_2030y_SOC,cf_mean,
Greece,NEEV_Boreal moist_2030y_SOC,cf_mean,
Greenland,NEEV_Boreal moist_2030y_SOC,cf_mean,
Grenada,NEEV_Boreal moist_2030y_SOC,cf_mean,
Guadeloupe,NEEV_Boreal moist_2030y_SOC,cf_mean,
Guam,NEEV_Boreal moist_2030y_SOC,cf_mean,
Guatemala,NEEV_Boreal moist_2030y_SOC,cf_mean,
Guernsey,NEEV_Boreal moist_2030y_SOC,cf_mean,
Guinea,NEEV_Boreal moist_2030y_SOC,cf_mean,
Guinea-Bissau,NEEV_Boreal moist_2030y_SOC,cf_mean,
Guyana,NEEV_Boreal moist_2030y_SOC,cf_mean,
Haiti,NEEV_Boreal moist_2030y_SOC,cf_mean,
Hala'ib triangle,NEEV_Boreal moist_2030y_SOC,cf_mean,
Heard Island and McDonald Islands,NEEV_Boreal moist_2030y_SOC,cf_mean,
Holy See,NEEV_Boreal moist_2030y_SOC,cf_mean,
Honduras,NEEV_Boreal moist_2030y_SOC,cf_mean,
Hong Kong,NEEV_Boreal moist_2030y_SOC,cf_mean,
Howland Island,NEEV_Boreal moist_2030y_SOC,cf_mean,
Hungary,NEEV_Boreal moist_2030y_SOC,cf_mean,
Iceland,NEEV_Boreal moist_2030y_SOC,cf_mean,757.9055
Ilemi triangle,NEEV_Boreal moist_2030y_SOC,cf_mean,
India,NEEV_Boreal moist_2030y_SOC,cf_mean,
Indonesia,NEEV_Boreal moist_2030y_SOC,cf_mean,
Iran  (Islamic Republic of),NEEV_Boreal moist_2030y_SOC,cf_mean,
Iraq,NEEV_Boreal moist_2030y_SOC,cf_mean,
Ireland,NEEV_Boreal moist_2030y_SOC,cf_mean,
Isle of Man,NEEV_Boreal moist_2030y_SOC,cf_mean,
Israel,NEEV_Boreal moist_2030y_SOC,cf_mean,
Italy,NEEV_Boreal moist_2030y_SOC,cf_mean,
Jamaica,NEEV_Boreal moist_2030y_SOC,cf_mean,
Jammu and Kashmir,NEEV_Boreal moist_2030y_SOC,cf_mean,
Japan,NEEV_Boreal moist_2030y_SOC,cf_mean,
Jarvis Island,NEEV_Boreal moist_2030y_SOC,cf_mean,
Jersey,NEEV_Boreal moist_2030y_SOC,cf_mean,
Johnston Atoll,NEEV_Boreal moist_2030y_SOC,cf_mean,
Jordan,NEEV_Boreal moist_2030y_SOC,cf_mean,
Juan de Nova Island,NEEV_Boreal moist_2030y_SOC,cf_mean,
Kazakhstan,NEEV_Boreal moist_2030y_SOC,cf_mean,
Kenya,NEEV_Boreal moist_2030y_SOC,cf_mean,
Kingman Reef,NEEV_Boreal moist_2030y_SOC,cf_mean,
Kiribati,NEEV_Boreal moist_2030y_SOC,cf_mean,
Kuril islands,NEEV_Boreal moist_2030y_SOC,cf_mean,
Kuwait,NEEV_Boreal moist_2030y_SOC,cf_mean,
Kyrgyzstan,NEEV_Boreal moist_2030y_SOC,cf_mean,
Lao People's Democratic Republic,NEEV_Boreal moist_2030y_SOC,cf_mean,
Latvia,NEEV_Boreal moist_2030y_SOC,cf_mean,
Lebanon,NEEV_Boreal moist_2030y_SOC,cf_mean,
Lesotho,NEEV_Boreal moist_2030y_SOC,cf_mean,
Liberia,NEEV_Boreal moist_2030y_SOC,cf_mean,
Libya,NEEV_Boreal moist_2030y_SOC,cf_mean,
Liechtenstein,NEEV_Boreal moist_2030y_SOC,cf_mean,
Lithuania,NEEV_Boreal moist_2030y_SOC,cf_mean,
Luxembourg,NEEV_Boreal moist_2030y_SOC,cf_mean,
Ma'tan al-Sarra,NEEV_Boreal moist_2030y_SOC,cf_mean,
Macau,NEEV_Boreal moist_2030y_SOC,cf_mean,
Madagascar,NEEV_Boreal moist_2030y_SOC,cf_mean,
Madeira Islands,NEEV_Boreal moist_2030y_SOC,cf_mean,
Malawi,NEEV_Boreal moist_2030y_SOC,cf_mean,
Malaysia,NEEV_Boreal moist_2030y_SOC,cf_mean,
Maldives,NEEV_Boreal moist_2030y_SOC,cf_mean,
Mali,NEEV_Boreal moist_2030y_SOC,cf_mean,
Malta,NEEV_Boreal moist_2030y_SOC,cf_mean,
Marshall Islands,NEEV_Boreal moist_2030y_SOC,cf_mean,
Martinique,NEEV_Boreal moist_2030y_SOC,cf_mean,
Mauritania,NEEV_Boreal moist_2030y_SOC,cf_mean,
Mauritius,NEEV_Boreal moist_2030y_SOC,cf_mean,
Mayotte,NEEV_Boreal moist_2030y_SOC,cf_mean,
Mexico,NEEV_Boreal moist_2030y_SOC,cf_mean,
Micronesia (Federated States of),NEEV_Boreal moist_2030y_SOC,cf_mean,
Midway Island,NEEV_Boreal moist_2030y_SOC,cf_mean,
"Moldova, Republic of",NEEV_Boreal moist_2030y_SOC,cf_mean,
Monaco,NEEV_Boreal moist_2030y_SOC,cf_mean,
Mongolia,NEEV_Boreal moist_2030y_SOC,cf_mean,
Montenegro,NEEV_Boreal moist_2030y_SOC,cf_mean,
Montserrat,NEEV_Boreal moist_2030y_SOC,cf_mean,
Morocco,NEEV_Boreal moist_2030y_SOC,cf_mean,
Mozambique,NEEV_Boreal moist_2030y_SOC,cf_mean,
Myanmar,NEEV_Boreal moist_2030y_SOC,cf_mean,
Namibia,NEEV_Boreal moist_2030y_SOC,cf_mean,
Nauru,NEEV_Boreal moist_2030y_SOC,cf_mean,
Navassa Island,NEEV_Boreal moist_2030y_SOC,cf_mean,
Nepal,NEEV_Boreal moist_2030y_SOC,cf_mean,
Netherlands,NEEV_Boreal moist_2030y_SOC,cf_mean,
Netherlands Antilles,NEEV_Boreal moist_2030y_SOC,cf_mean,
New Caledonia,NEEV_Boreal moist_2030y_SOC,cf_mean,
New Zealand,NEEV_Boreal moist_2030y_SOC,cf_mean,
Nicaragua,NEEV_Boreal moist_2030y_SOC,cf_mean,
Niger,NEEV_Boreal moist_2030y_SOC,cf_mean,
Nigeria,NEEV_Boreal moist_2030y_SOC,cf_mean,
Niue,NEEV_Boreal moist_2030y_SOC,cf_mean,
Norfolk Island,NEEV_Boreal moist_2030y_SOC,cf_mean,
Northern Mariana Islands,NEEV_Boreal moist_2030y_SOC,cf_mean,
Norway,NEEV_Boreal moist_2030y_SOC,cf_mean,620.4476
Oman,NEEV_Boreal moist_2030y_SOC,cf_mean,
Pakistan,NEEV_Boreal moist_2030y_SOC,cf_mean,
Palau,NEEV_Boreal moist_2030y_SOC,cf_mean,
Palmyra Atoll,NEEV_Boreal moist_2030y_SOC,cf_mean,
Panama,NEEV_Boreal moist_2030y_SOC,cf_mean,
Papua New Guinea,NEEV_Boreal moist_2030y_SOC,cf_mean,
Paracel Islands,NEEV_Boreal moist_2030y_SOC,cf_mean,
Paraguay,NEEV_Boreal moist_2030y_SOC,cf_mean,
Peru,NEEV_Boreal moist_2030y_SOC,cf_mean,
Philippines,NEEV_Boreal moist_2030y_SOC,cf_mean,
Pitcairn,NEEV_Boreal moist_2030y_SOC,cf_mean,
Poland,NEEV_Boreal moist_2030y_SOC,cf_mean,
Portugal,NEEV_Boreal moist_2030y_SOC,cf_mean,
Puerto Rico,NEEV_Boreal moist_2030y_SOC,cf_mean,
Qatar,NEEV_Boreal moist_2030y_SOC,cf_mean,
Republic of Korea,NEEV_Boreal moist_2030y_SOC,cf_mean,
Romania,NEEV_Boreal moist_2030y_SOC,cf_mean,
Russian Federation,NEEV_Boreal moist_2030y_SOC,cf_mean,673.71765
Rwanda,NEEV_Boreal moist_2030y_SOC,cf_mean,
Réunion,NEEV_Boreal moist_2030y_SOC,cf_mean,
Saint Helena,NEEV_Boreal moist_2030y_SOC,cf_mean,
Saint Kitts and Nevis,NEEV_Boreal moist_2030y_SOC,cf_mean,
Saint Lucia,NEEV_Boreal moist_2030y_SOC,cf_mean,
Saint Pierre et Miquelon,NEEV_Boreal moist_2030y_SOC,cf_mean,
Saint Vincent and the Grenadines,NEEV_Boreal moist_2030y_SOC,cf_mean,
Samoa,NEEV_Boreal moist_2030y_SOC,cf_mean,
San Marino,NEEV_Boreal moist_2030y_SOC,cf_mean,
Sao Tome and Principe,NEEV_Boreal moist_2030y_SOC,cf_mean,
Saudi Arabia,NEEV_Boreal moist_2030y_SOC,cf_mean,
Scarborough Reef,NEEV_Boreal moist_2030y_SOC,cf_mean,
Senegal,NEEV_Boreal moist_2030y_SOC,cf_mean,
Senkaku Islands,NEEV_Boreal moist_2030y_SOC,cf_mean,
Serbia,NEEV_Boreal moist_2030y_SOC,cf_mean,
Seychelles,NEEV_Boreal moist_2030y_SOC,cf_mean,
Sierra Leone,NEEV_Boreal moist_2030y_SOC,cf_mean,
Singapore,NEEV_Boreal moist_2030y_SOC,cf_mean,
Slovakia,NEEV_Boreal moist_2030y_SOC,cf_mean,
Slovenia,NEEV_Boreal moist_2030y_SOC,cf_mean,
Solomon Islands,NEEV_Boreal moist_2030y_SOC,cf_mean,
Somalia,NEEV_Boreal moist_2030y_SOC,cf_mean,
South Africa,NEEV_Boreal moist_2030y_SOC,cf_mean,
South Georgia and the South Sandwich Islands,NEEV_Boreal moist_2030y_SOC,cf_mean,
South Sudan,NEEV_Boreal moist_2030y_SOC,cf_mean,
Spain,NEEV_Boreal moist_2030y_SOC,cf_mean,
Spratly Islands,NEEV_Boreal moist_2030y_SOC,cf_mean,
Sri Lanka,NEEV_Boreal moist_2030y_SOC,cf_mean,
Sudan,NEEV_Boreal moist_2030y_SOC,cf_mean,
Suriname,NEEV_Boreal moist_2030y_SOC,cf_mean,
Svalbard and Jan Mayen Islands,NEEV_Boreal moist_2030y_SOC,cf_mean,
Swaziland,NEEV_Boreal moist_2030y_SOC,cf_mean,
Sweden,NEEV_Boreal moist_2030y_SOC,cf_mean,571.1848
Switzerland,NEEV_Boreal moist_2030y_SOC,cf_mean,
Syrian Arab Republic,NEEV_Boreal moist_2030y_SOC,cf_mean,
Taiwan,NEEV_Boreal moist_2030y_SOC,cf_mean,
Tajikistan,NEEV_Boreal moist_2030y_SOC,cf_mean,
Thailand,NEEV_Boreal moist_2030y_SOC,cf_mean,
The former Yugoslav Republic of Macedonia,NEEV_Boreal moist_2030y_SOC,cf_mean,
Timor-Leste,NEEV_Boreal moist_2030y_SOC,cf_mean,
Togo,NEEV_Boreal moist_2030y_SOC,cf_mean,
Tokelau,NEEV_Boreal moist_2030y_SOC,cf_mean,
Tonga,NEEV_Boreal moist_2030y_SOC,cf_mean,
Trinidad and Tobago,NEEV_Boreal moist_2030y_SOC,cf_mean,
Tromelin Island,NEEV_Boreal moist_2030y_SOC,cf_mean,
Tunisia,NEEV_Boreal moist_2030y_SOC,cf_mean,
Turkey,NEEV_Boreal moist_2030y_SOC,cf_mean,
Turkmenistan,NEEV_Boreal moist_2030y_SOC,cf_mean,
Turks and Caicos islands,NEEV_Boreal moist_2030y_SOC,cf_mean,
Tuvalu,NEEV_Boreal moist_2030y_SOC,cf_mean,
U.K. of Great Britain and Northern Ireland,NEEV_Boreal moist_2030y_SOC,cf_mean,
Uganda,NEEV_Boreal moist_2030y_SOC,cf_mean,
Ukraine,NEEV_Boreal moist_2030y_SOC,cf_mean,
United Arab Emirates,NEEV_Boreal moist_2030y_SOC,cf_mean,
United Republic of Tanzania,NEEV_Boreal moist_2030y_SOC,cf_mean,
United States Virgin Islands,NEEV_Boreal moist_2030y_SOC,cf_mean,
United States of America,NEEV_Boreal moist_2030y_SOC,cf_mean,703.61505
Uruguay,NEEV_Boreal moist_2030y_SOC,cf_mean,
Uzbekistan,NEEV_Boreal moist_2030y_SOC,cf_mean,
Vanuatu,NEEV_Boreal moist_2030y_SOC,cf_mean,
Venezuela,NEEV_Boreal moist_2030y_SOC,cf_mean,
Viet Nam,NEEV_Boreal moist_2030y_SOC,cf_mean,
Wake Island,NEEV_Boreal moist_2030y_SOC,cf_mean,
Wallis and Futuna,NEEV_Boreal moist_2030y_SOC,cf_mean,
West Bank,NEEV_Boreal moist_2030y_SOC,cf_mean,
Western Sahara,NEEV_Boreal moist_2030y_SOC,cf_mean,
Yemen,NEEV_Boreal moist_2030y_SOC,cf_mean,
Zambia,NEEV_Boreal moist_2030y_SOC,cf_mean,
Zimbabwe,NEEV_Boreal moist_2030y_SOC,cf_mean,
Abyei,NEEV_Boreal moist_2030y_SOC,cf_median,
Afghanistan,NEEV_Boreal moist_2030y_SOC,cf_median,
Aksai Chin,NEEV_Boreal moist_2030y_SOC,cf_median,
Albania,NEEV_Boreal moist_2030y_SOC,cf_median,
Algeria,NEEV_Boreal moist_2030y_SOC,cf_median,
American Samoa,NEEV_Boreal moist_2030y_SOC,cf_median,
Andorra,NEEV_Boreal moist_2030y_SOC,cf_median,
Angola,NEEV_Boreal moist_2030y_SOC,cf_median,
Anguilla,NEEV_Boreal moist_2030y_SOC,cf_median,
Antarctica,NEEV_Boreal moist_2030y_SOC,cf_median,
Antigua and Barbuda,NEEV_Boreal moist_2030y_SOC,cf_median,
Argentina,NEEV_Boreal moist_2030y_SOC,cf_median,568.71063
Armenia,NEEV_Boreal moist_2030y_SOC,cf_median,
Aruba,NEEV_Boreal moist_2030y_SOC,cf_median,
Arunachal Pradesh,NEEV_Boreal moist_2030y_SOC,cf_median,
Ashmore and Cartier Islands,NEEV_Boreal moist_2030y_SOC,cf_median,
Australia,NEEV_Boreal moist_2030y_SOC,cf_median,
Austria,NEEV_Boreal moist_2030y_SOC,cf_median,
Azerbaijan,NEEV_Boreal moist_2030y_SOC,cf_median,
Azores Islands,NEEV_Boreal moist_2030y_SOC,cf_median,
Bahamas,NEEV_Boreal moist_2030y_SOC,cf_median,
Bahrain,NEEV_Boreal moist_2030y_SOC,cf_median,
Baker Island,NEEV_Boreal moist_2030y_SOC,cf_median,
Bangladesh,NEEV_Boreal moist_2030y_SOC,cf_median,
Barbados,NEEV_Boreal moist_2030y_SOC,cf_median,
Bassas da India,NEEV_Boreal moist_2030y_SOC,cf_median,
Belarus,NEEV_Boreal moist_2030y_SOC,cf_median,
Belgium,NEEV_Boreal moist_2030y_SOC,cf_median,
Belize,NEEV_Boreal moist_2030y_SOC,cf_median,
Benin,NEEV_Boreal moist_2030y_SOC,cf_median,
Bermuda,NEEV_Boreal moist_2030y_SOC,cf_median,
Bhutan,NEEV_Boreal moist_2030y_SOC,cf_median,
Bird Island,NEEV_Boreal moist_2030y_SOC,cf_median,
Bolivia,NEEV_Boreal moist_2030y_SOC,cf_median,
Bosnia and Herzegovina,NEEV_Boreal moist_2030y_SOC,cf_median,
Botswana,NEEV_Boreal moist_2030y_SOC,cf_median,
Bouvet Island,NEEV_Boreal moist_2030y_SOC,cf_median,
Brazil,NEEV_Boreal moist_2030y_SOC,cf_median,
British Indian Ocean Territory,NEEV_Boreal moist_2030y_SOC,cf_median,
British Virgin Islands,NEEV_Boreal moist_2030y_SOC,cf_median,
Brunei Darussalam,NEEV_Boreal moist_2030y_SOC,cf_median,
Bulgaria,NEEV_Boreal moist_2030y_SOC,cf_median,
Burkina Faso,NEEV_Boreal moist_2030y_SOC,cf_median,
Burundi,NEEV_Boreal moist_2030y_SOC,cf_median,
Cambodia,NEEV_Boreal moist_2030y_SOC,cf_median,
Cameroon,NEEV_Boreal moist_2030y_SOC,cf_median,
Canada,NEEV_Boreal moist_2030y_SOC,cf_median,603.6182
Cape Verde,NEEV_Boreal moist_2030y_SOC,cf_median,
Cayman Islands,NEEV_Boreal moist_2030y_SOC,cf_median,
Central African Republic,NEEV_Boreal moist_2030y_SOC,cf_median,
Chad,NEEV_Boreal moist_2030y_SOC,cf_median,
Chile,NEEV_Boreal moist_2030y_SOC,cf_median,583.6989
China,NEEV_Boreal moist_2030y_SOC,cf_median,
China/India,NEEV_Boreal moist_2030y_SOC,cf_median,
Christmas Island,NEEV_Boreal moist_2030y_SOC,cf_median,
Clipperton Island,NEEV_Boreal moist_2030y_SOC,cf_median,
Cocos (Keeling) Islands,NEEV_Boreal moist_2030y_SOC,cf_median,
Colombia,NEEV_Boreal moist_2030y_SOC,cf_median,
Comoros,NEEV_Boreal moist_2030y_SOC,cf_median,
Congo,NEEV_Boreal moist_2030y_SOC,cf_median,
Cook Islands,NEEV_Boreal moist_2030y_SOC,cf_median,
Costa Rica,NEEV_Boreal moist_2030y_SOC,cf_median,
Croatia,NEEV_Boreal moist_2030y_SOC,cf_median,
Cuba,NEEV_Boreal moist_2030y_SOC,cf_median,
Cyprus,NEEV_Boreal moist_2030y_SOC,cf_median,
Czech Republic,NEEV_Boreal moist_2030y_SOC,cf_median,
Côte d'Ivoire,NEEV_Boreal moist_2030y_SOC,cf_median,
Dem People's Rep of Korea,NEEV_Boreal moist_2030y_SOC,cf_median,
Democratic Republic of the Congo,NEEV_Boreal moist_2030y_SOC,cf_median,
Denmark,NEEV_Boreal moist_2030y_SOC,cf_median,
Djibouti,NEEV_Boreal moist_2030y_SOC,cf_median,
Dominica,NEEV_Boreal moist_2030y_SOC,cf_median,
Dominican Republic,NEEV_Boreal moist_2030y_SOC,cf_median,
Ecuador,NEEV_Boreal moist_2030y_SOC,cf_median,
Egypt,NEEV_Boreal moist_2030y_SOC,cf_median,
El Salvador,NEEV_Boreal moist_2030y_SOC,cf_median,
Equatorial Guinea,NEEV_Boreal moist_2030y_SOC,cf_median,
Eritrea,NEEV_Boreal moist_2030y_SOC,cf_median,
Estonia,NEEV_Boreal moist_2030y_SOC,cf_median,
Ethiopia,NEEV_Boreal moist_2030y_SOC,cf_median,
Europa Island,NEEV_Boreal moist_2030y_SOC,cf_median,
Falkland Islands (Malvinas),NEEV_Boreal moist_2030y_SOC,cf_median,
Faroe Islands,NEEV_Boreal moist_2030y_SOC,cf_median,
Fiji,NEEV_Boreal moist_2030y_SOC,cf_median,
Finland,NEEV_Boreal moist_2030y_SOC,cf_median,625.44635
France,NEEV_Boreal moist_2030y_SOC,cf_median,
French Guiana,NEEV_Boreal moist_2030y_SOC,cf_median,
French Polynesia,NEEV_Boreal moist_2030y_SOC,cf_median,
French Southern and Antarctic Territories,NEEV_Boreal moist_2030y_SOC,cf_median,
Gabon,NEEV_Boreal moist_2030y_SOC,cf_median,
Gambia,NEEV_Boreal moist_2030y_SOC,cf_median,
Gaza Strip,NEEV_Boreal moist_2030y_SOC,cf_median,
Georgia,NEEV_Boreal moist_2030y_SOC,cf_median,
Germany,NEEV_Boreal moist_2030y_SOC,cf_median,
Ghana,NEEV_Boreal moist_2030y_SOC,cf_median,
Gibraltar,NEEV_Boreal moist_2030y_SOC,cf_median,
Glorioso Island,NEEV_Boreal moist_2030y_SOC,cf_median,
Greece,NEEV_Boreal moist_2030y_SOC,cf_median,
Greenland,NEEV_Boreal moist_2030y_SOC,cf_median,
Grenada,NEEV_Boreal moist_2030y_SOC,cf_median,
Guadeloupe,NEEV_Boreal moist_2030y_SOC,cf_median,
Guam,NEEV_Boreal moist_2030y_SOC,cf_median,
Guatemala,NEEV_Boreal moist_2030y_SOC,cf_median,
Guernsey,NEEV_Boreal moist_2030y_SOC,cf_median,
Guinea,NEEV_Boreal moist_2030y_SOC,cf_median,
Guinea-Bissau,NEEV_Boreal moist_2030y_SOC,cf_median,
Guyana,NEEV_Boreal moist_2030y_SOC,cf_median,
Haiti,NEEV_Boreal moist_2030y_SOC,cf_median,
Hala'ib triangle,NEEV_Boreal moist_2030y_SOC,cf_median,
Heard Island and McDonald Islands,NEEV_Boreal moist_2030y_SOC,cf_median,
Holy See,NEEV_Boreal moist_2030y_SOC,cf_median,
Honduras,NEEV_Boreal moist_2030y_SOC,cf_median,
Hong Kong,NEEV_Boreal moist_2030y_SOC,cf_median,
Howland Island,NEEV_Boreal moist_2030y_SOC,cf_median,
Hungary,NEEV_Boreal moist_2030y_SOC,cf_median,
Iceland,NEEV_Boreal moist_2030y_SOC,cf_median,765.6383
Ilemi triangle,NEEV_Boreal moist_2030y_SOC,cf_median,
India,NEEV_Boreal moist_2030y_SOC,cf_median,
Indonesia,NEEV_Boreal moist_2030y_SOC,cf_median,
Iran  (Islamic Republic of),NEEV_Boreal moist_2030y_SOC,cf_median,
Iraq,NEEV_Boreal moist_2030y_SOC,cf_median,
Ireland,NEEV_Boreal moist_2030y_SOC,cf_median,
Isle of Man,NEEV_Boreal moist_2030y_SOC,cf_median,
Israel,NEEV_Boreal moist_2030y_SOC,cf_median,
Italy,NEEV_Boreal moist_2030y_SOC,cf_median,
Jamaica,NEEV_Boreal moist_2030y_SOC,cf_median,
Jammu and Kashmir,NEEV_Boreal moist_2030y_SOC,cf_median,
Japan,NEEV_Boreal moist_2030y_SOC,cf_median,
Jarvis Island,NEEV_Boreal moist_2030y_SOC,cf_median,
Jersey,NEEV_Boreal moist_2030y_SOC,cf_median,
Johnston Atoll,NEEV_Boreal moist_2030y_SOC,cf_median,
Jordan,NEEV_Boreal moist_2030y_SOC,cf_median,
Juan de Nova Island,NEEV_Boreal moist_2030y_SOC,cf_median,
Kazakhstan,NEEV_Boreal moist_2030y_SOC,cf_median,
Kenya,NEEV_Boreal moist_2030y_SOC,cf_median,
Kingman Reef,NEEV_Boreal moist_2030y_SOC,cf_median,
Kiribati,NEEV_Boreal moist_2030y_SOC,cf_median,
Kuril islands,NEEV_Boreal moist_2030y_SOC,cf_median,
Kuwait,NEEV_Boreal moist_2030y_SOC,cf_median,
Kyrgyzstan,NEEV_Boreal moist_2030y_SOC,cf_median,
Lao People's Democratic Republic,NEEV_Boreal moist_2030y_SOC,cf_median,
Latvia,NEEV_Boreal moist_2030y_SOC,cf_median,
Lebanon,NEEV_Boreal moist_2030y_SOC,cf_median,
Lesotho,NEEV_Boreal moist_2030y_SOC,cf_median,
Liberia,NEEV_Boreal moist_2030y_SOC,cf_median,
Libya,NEEV_Boreal moist_2030y_SOC,cf_median,
Liechtenstein,NEEV_Boreal moist_2030y_SOC,cf_median,
Lithuania,NEEV_Boreal moist_2030y_SOC,cf_median,
Luxembourg,NEEV_Boreal moist_2030y_SOC,cf_median,
Ma'tan al-Sarra,NEEV_Boreal moist_2030y_SOC,cf_median,
Macau,NEEV_Boreal moist_2030y_SOC,cf_median,
Madagascar,NEEV_Boreal moist_2030y_SOC,cf_median,
Madeira Islands,NEEV_Boreal moist_2030y_SOC,cf_median,
Malawi,NEEV_Boreal moist_2030y_SOC,cf_median,
Malaysia,NEEV_Boreal moist_2030y_SOC,cf_median,
Maldives,NEEV_Boreal moist_2030y_SOC,cf_median,
Mali,NEEV_Boreal moist_2030y_SOC,cf_median,
Malta,NEEV_Boreal moist_2030y_SOC,cf_median,
Marshall Islands,NEEV_Boreal moist_2030y_SOC,cf_median,
Martinique,NEEV_Boreal moist_2030y_SOC,cf_median,
Mauritania,NEEV_Boreal moist_2030y_SOC,cf_median,
Mauritius,NEEV_Boreal moist_2030y_SOC,cf_median,
Mayotte,NEEV_Boreal moist_2030y_SOC,cf_median,
Mexico,NEEV_Boreal moist_2030y_SOC,cf_median,
Micronesia (Federated States of),NEEV_Boreal moist_2030y_SOC,cf_median,
Midway Island,NEEV_Boreal moist_2030y_SOC,cf_median,
"Moldova, Republic of",NEEV_Boreal moist_2030y_SOC,cf_median,
Monaco,NEEV_Boreal moist_2030y_SOC,cf_median,
Mongolia,NEEV_Boreal moist_2030y_SOC,cf_median,
Montenegro,NEEV_Boreal moist_2030y_SOC,cf_median,
Montserrat,NEEV_Boreal moist_2030y_SOC,cf_median,
Morocco,NEEV_Boreal moist_2030y_SOC,cf_median,
Mozambique,NEEV_Boreal moist_2030y_SOC,cf_median,
Myanmar,NEEV_Boreal moist_2030y_SOC,cf_median,
Namibia,NEEV_Boreal moist_2030y_SOC,cf_median,
Nauru,NEEV_Boreal moist_2030y_SOC,cf_median,
Navassa Island,NEEV_Boreal moist_2030y_SOC,cf_median,
Nepal,NEEV_Boreal moist_2030y_SOC,cf_median,
Netherlands,NEEV_Boreal moist_2030y_SOC,cf_median,
Netherlands Antilles,NEEV_Boreal moist_2030y_SOC,cf_median,
New Caledonia,NEEV_Boreal moist_2030y_SOC,cf_median,
New Zealand,NEEV_Boreal moist_2030y_SOC,cf_median,
Nicaragua,NEEV_Boreal moist_2030y_SOC,cf_median,
Niger,NEEV_Boreal moist_2030y_SOC,cf_median,
Nigeria,NEEV_Boreal moist_2030y_SOC,cf_median,
Niue,NEEV_Boreal moist_2030y_SOC,cf_median,
Norfolk Island,NEEV_Boreal moist_2030y_SOC,cf_median,
Northern Mariana Islands,NEEV_Boreal moist_2030y_SOC,cf_median,
Norway,NEEV_Boreal moist_2030y_SOC,cf_median,608.46173
Oman,NEEV_Boreal moist_2030y_SOC,cf_median,
Pakistan,NEEV_Boreal moist_2030y_SOC,cf_median,
Palau,NEEV_Boreal moist_2030y_SOC,cf_median,
Palmyra Atoll,NEEV_Boreal moist_2030y_SOC,cf_median,
Panama,NEEV_Boreal moist_2030y_SOC,cf_median,
Papua New Guinea,NEEV_Boreal moist_2030y_SOC,cf_median,
Paracel Islands,NEEV_Boreal moist_2030y_SOC,cf_median,
Paraguay,NEEV_Boreal moist_2030y_SOC,cf_median,
Peru,NEEV_Boreal moist_2030y_SOC,cf_median,
Philippines,NEEV_Boreal moist_2030y_SOC,cf_median,
Pitcairn,NEEV_Boreal moist_2030y_SOC,cf_median,
Poland,NEEV_Boreal moist_2030y_SOC,cf_median,
Portugal,NEEV_Boreal moist_2030y_SOC,cf_median,
Puerto Rico,NEEV_Boreal moist_2030y_SOC,cf_median,
Qatar,NEEV_Boreal moist_2030y_SOC,cf_median,
Republic of Korea,NEEV_Boreal moist_2030y_SOC,cf_median,
Romania,NEEV_Boreal moist_2030y_SOC,cf_median,
Russian Federation,NEEV_Boreal moist_2030y_SOC,cf_median,683.8367
Rwanda,NEEV_Boreal moist_2030y_SOC,cf_median,
Réunion,NEEV_Boreal moist_2030y_SOC,cf_median,
Saint Helena,NEEV_Boreal moist_2030y_SOC,cf_median,
Saint Kitts and Nevis,NEEV_Boreal moist_2030y_SOC,cf_median,
Saint Lucia,NEEV_Boreal moist_2030y_SOC,cf_median,
Saint Pierre et Miquelon,NEEV_Boreal moist_2030y_SOC,cf_median,
Saint Vincent and the Grenadines,NEEV_Boreal moist_2030y_SOC,cf_median,
Samoa,NEEV_Boreal moist_2030y_SOC,cf_median,
San Marino,NEEV_Boreal moist_2030y_SOC,cf_median,
Sao Tome and Principe,NEEV_Boreal moist_2030y_SOC,cf_median,
Saudi Arabia,NEEV_Boreal moist_2030y_SOC,cf_median,
Scarborough Reef,NEEV_Boreal moist_2030y_SOC,cf_median,
Senegal,NEEV_Boreal moist_2030y_SOC,cf_median,
Senkaku Islands,NEEV_Boreal moist_2030y_SOC,cf_median,
Serbia,NEEV_Boreal moist_2030y_SOC,cf_median,
Seychelles,NEEV_Boreal moist_2030y_SOC,cf_median,
Sierra Leone,NEEV_Boreal moist_2030y_SOC,cf_median,
Singapore,NEEV_Boreal moist_2030y_SOC,cf_median,
Slovakia,NEEV_Boreal moist_2030y_SOC,cf_median,
Slovenia,NEEV_Boreal moist_2030y_SOC,cf_median,
Solomon Islands,NEEV_Boreal moist_2030y_SOC,cf_median,
Somalia,NEEV_Boreal moist_2030y_SOC,cf_median,
South Africa,NEEV_Boreal moist_2030y_SOC,cf_median,
South Georgia and the South Sandwich Islands,NEEV_Boreal moist_2030y_SOC,cf_median,
South Sudan,NEEV_Boreal moist_2030y_SOC,cf_median,
Spain,NEEV_Boreal moist_2030y_SOC,cf_median,
Spratly Islands,NEEV_Boreal moist_2030y_SOC,cf_median,
Sri Lanka,NEEV_Boreal moist_2030y_SOC,cf_median,
Sudan,NEEV_Boreal moist_2030y_SOC,cf_median,
Suriname,NEEV_Boreal moist_2030y_SOC,cf_median,
Svalbard and Jan Mayen Islands,NEEV_Boreal moist_2030y_SOC,cf_median,
Swaziland,NEEV_Boreal moist_2030y_SOC,cf_median,
Sweden,NEEV_Boreal moist_2030y_SOC,cf_median,559.29724
Switzerland,NEEV_Boreal moist_2030y_SOC,cf_median,
Syrian Arab Republic,NEEV_Boreal moist_2030y_SOC,cf_median,
Taiwan,NEEV_Boreal moist_2030y_SOC,cf_median,
Tajikistan,NEEV_Boreal moist_2030y_SOC,cf_median,
Thailand,NEEV_Boreal moist_2030y_SOC,cf_median,
The former Yugoslav Republic of Macedonia,NEEV_Boreal moist_2030y_SOC,cf_median,
Timor-Leste,NEEV_Boreal moist_2030y_SOC,cf_median,
Togo,NEEV_Boreal moist_2030y_SOC,cf_median,
Tokelau,NEEV_Boreal moist_2030y_SOC,cf_median,
Tonga,NEEV_Boreal moist_2030y_SOC,cf_median,
Trinidad and Tobago,NEEV_Boreal moist_2030y_SOC,cf_median,
Tromelin Island,NEEV_Boreal moist_2030y_SOC,cf_median,
Tunisia,NEEV_Boreal moist_2030y_SOC,cf_median,
Turkey,NEEV_Boreal moist_2030y_SOC,cf_median,
Turkmenistan,NEEV_Boreal moist_2030y_SOC,cf_median,
Turks and Caicos islands,NEEV_Boreal moist_2030y_SOC,cf_median,
Tuvalu,NEEV_Boreal moist_2030y_SOC,cf_median,
U.K. of Great Britain and Northern Ireland,NEEV_Boreal moist_2030y_SOC,cf_median,
Uganda,NEEV_Boreal moist_2030y_SOC,cf_median,
Ukraine,NEEV_Boreal moist_2030y_SOC,cf_median,
United Arab Emirates,NEEV_Boreal moist_2030y_SOC,cf_median,
United Republic of Tanzania,NEEV_Boreal moist_2030y_SOC,cf_median,
United States Virgin Islands,NEEV_Boreal moist_2030y_SOC,cf_median,
United States of America,NEEV_Boreal moist_2030y_SOC,cf_median,695.6141
Uruguay,NEEV_Boreal moist_2030y_SOC,cf_median,
Uzbekistan,NEEV_Boreal moist_2030y_SOC,cf_median,
Vanuatu,NEEV_Boreal moist_2030y_SOC,cf_median,
Venezuela,NEEV_Boreal moist_2030y_SOC,cf_median,
Viet Nam,NEEV_Boreal moist_2030y_SOC,cf_median,
Wake Island,NEEV_Boreal moist_2030y_SOC,cf_median,
Wallis and Futuna,NEEV_Boreal moist_2030y_SOC,cf_median,
West Bank,NEEV_Boreal moist_2030y_SOC,cf_median,
Western Sahara,NEEV_Boreal moist_2030y_SOC,cf_median,
Yemen,NEEV_Boreal moist_2030y_SOC,cf_median,
Zambia,NEEV_Boreal moist_2030y_SOC,cf_median,
Zimbabwe,NEEV_Boreal moist_2030y_SOC,cf_median,
Abyei,NEEV_Boreal moist_2030y_SOC,cf_std,
Afghanistan,NEEV_Boreal moist_2030y_SOC,cf_std,
Aksai Chin,NEEV_Boreal moist_2030y_SOC,cf_std,
Albania,NEEV_Boreal moist_2030y_SOC,cf_std,
Algeria,NEEV_Boreal moist_2030y_SOC,cf_std,
American Samoa,NEEV_Boreal moist_2030y_SOC,cf_std,
Andorra,NEEV_Boreal moist_2030y_SOC,cf_std,
Angola,NEEV_Boreal moist_2030y_SOC,cf_std,
Anguilla,NEEV_Boreal moist_2030y_SOC,cf_std,
Antarctica,NEEV_Boreal moist_2030y_SOC,cf_std,
Antigua and Barbuda,NEEV_Boreal moist_2030y_SOC,cf_std,
Argentina,NEEV_Boreal moist_2030y_SOC,cf_std,0.0
Armenia,NEEV_Boreal moist_2030y_SOC,cf_std,
Aruba,NEEV_Boreal moist_2030y_SOC,cf_std,
Arunachal Pradesh,NEEV_Boreal moist_2030y_SOC,cf_std,
Ashmore and Cartier Islands,NEEV_Boreal moist_2030y_SOC,cf_std,
Australia,NEEV_Boreal moist_2030y_SOC,cf_std,
Austria,NEEV_Boreal moist_2030y_SOC,cf_std,
Azerbaijan,NEEV_Boreal moist_2030y_SOC,cf_std,
Azores Islands,NEEV_Boreal moist_2030y_SOC,cf_std,
Bahamas,NEEV_Boreal moist_2030y_SOC,cf_std,
Bahrain,NEEV_Boreal moist_2030y_SOC,cf_std,
Baker Island,NEEV_Boreal moist_2030y_SOC,cf_std,
Bangladesh,NEEV_Boreal moist_2030y_SOC,cf_std,
Barbados,NEEV_Boreal moist_2030y_SOC,cf_std,
Bassas da India,NEEV_Boreal moist_2030y_SOC,cf_std,
Belarus,NEEV_Boreal moist_2030y_SOC,cf_std,
Belgium,NEEV_Boreal moist_2030y_SOC,cf_std,
Belize,NEEV_Boreal moist_2030y_SOC,cf_std,
Benin,NEEV_Boreal moist_2030y_SOC,cf_std,
Bermuda,NEEV_Boreal moist_2030y_SOC,cf_std,
Bhutan,NEEV_Boreal moist_2030y_SOC,cf_std,
Bird Island,NEEV_Boreal moist_2030y_SOC,cf_std,
Bolivia,NEEV_Boreal moist_2030y_SOC,cf_std,
Bosnia and Herzegovina,NEEV_Boreal moist_2030y_SOC,cf_std,
Botswana,NEEV_Boreal moist_2030y_SOC,cf_std,
Bouvet Island,NEEV_Boreal moist_2030y_SOC,cf_std,
Brazil,NEEV_Boreal moist_2030y_SOC,cf_std,
British Indian Ocean Territory,NEEV_Boreal moist_2030y_SOC,cf_std,
British Virgin Islands,NEEV_Boreal moist_2030y_SOC,cf_std,
Brunei Darussalam,NEEV_Boreal moist_2030y_SOC,cf_std,
Bulgaria,NEEV_Boreal moist_2030y_SOC,cf_std,
Burkina Faso,NEEV_Boreal moist_2030y_SOC,cf_std,
Burundi,NEEV_Boreal moist_2030y_SOC,cf_std,
Cambodia,NEEV_Boreal moist_2030y_SOC,cf_std,
Cameroon,NEEV_Boreal moist_2030y_SOC,cf_std,
Canada,NEEV_Boreal moist_2030y_SOC,cf_std,82.378586
Cape Verde,NEEV_Boreal moist_2030y_SOC,cf_std,
Cayman Islands,NEEV_Boreal moist_2030y_SOC,cf_std,
Central African Republic,NEEV_Boreal moist_2030y_SOC,cf_std,
Chad,NEEV_Boreal moist_2030y_SOC,cf_std,
Chile,NEEV_Boreal moist_2030y_SOC,cf_std,110.42147
China,NEEV_Boreal moist_2030y_SOC,cf_std,
China/India,NEEV_Boreal moist_2030y_SOC,cf_std,
Christmas Island,NEEV_Boreal moist_2030y_SOC,cf_std,
Clipperton Island,NEEV_Boreal moist_2030y_SOC,cf_std,
Cocos (Keeling) Islands,NEEV_Boreal moist_2030y_SOC,cf_std,
Colombia,NEEV_Boreal moist_2030y_SOC,cf_std,
Comoros,NEEV_Boreal moist_2030y_SOC,cf_std,
Congo,NEEV_Boreal moist_2030y_SOC,cf_std,
Cook Islands,NEEV_Boreal moist_2030y_SOC,cf_std,
Costa Rica,NEEV_Boreal moist_2030y_SOC,cf_std,
Croatia,NEEV_Boreal moist_2030y_SOC,cf_std,
Cuba,NEEV_Boreal moist_2030y_SOC,cf_std,
Cyprus,NEEV_Boreal moist_2030y_SOC,cf_std,
Czech Republic,NEEV_Boreal moist_2030y_SOC,cf_std,
Côte d'Ivoire,NEEV_Boreal moist_2030y_SOC,cf_std,
Dem People's Rep of Korea,NEEV_Boreal moist_2030y_SOC,cf_std,
Democratic Republic of the Congo,NEEV_Boreal moist_2030y_SOC,cf_std,
Denmark,NEEV_Boreal moist_2030y_SOC,cf_std,
Djibouti,NEEV_Boreal moist_2030y_SOC,cf_std,
Dominica,NEEV_Boreal moist_2030y_SOC,cf_std,
Dominican Republic,NEEV_Boreal moist_2030y_SOC,cf_std,
Ecuador,NEEV_Boreal moist_2030y_SOC,cf_std,
Egypt,NEEV_Boreal moist_2030y_SOC,cf_std,
El Salvador,NEEV_Boreal moist_2030y_SOC,cf_std,
Equatorial Guinea,NEEV_Boreal moist_2030y_SOC,cf_std,
Eritrea,NEEV_Boreal moist_2030y_SOC,cf_std,
Estonia,NEEV_Boreal moist_2030y_SOC,cf_std,
Ethiopia,NEEV_Boreal moist_2030y_SOC,cf_std,
Europa Island,NEEV_Boreal moist_2030y_SOC,cf_std,
Falkland Islands (Malvinas),NEEV_Boreal moist_2030y_SOC,cf_std,
Faroe Islands,NEEV_Boreal moist_2030y_SOC,cf_std,
Fiji,NEEV_Boreal moist_2030y_SOC,cf_std,
Finland,NEEV_Boreal moist_2030y_SOC,cf_std,36.826733
France,NEEV_Boreal moist_2030y_SOC,cf_std,
French Guiana,NEEV_Boreal moist_2030y_SOC,cf_std,
French Polynesia,NEEV_Boreal moist_2030y_SOC,cf_std,
French Southern and Antarctic Territories,NEEV_Boreal moist_2030y_SOC,cf_std,
Gabon,NEEV_Boreal moist_2030y_SOC,cf_std,
Gambia,NEEV_Boreal moist_2030y_SOC,cf_std,
Gaza Strip,NEEV_Boreal moist_2030y_SOC,cf_std,
Georgia,NEEV_Boreal moist_2030y_SOC,cf_std,
Germany,NEEV_Boreal moist_2030y_SOC,cf_std,
Ghana,NEEV_Boreal moist_2030y_SOC,cf_std,
Gibraltar,NEEV_Boreal moist_2030y_SOC,cf_std,
Glorioso Island,NEEV_Boreal moist_2030y_SOC,cf_std,
Greece,NEEV_Boreal moist_2030y_SOC,cf_std,
Greenland,NEEV_Boreal moist_2030y_SOC,cf_std,
Grenada,NEEV_Boreal moist_2030y_SOC,cf_std,
Guadeloupe,NEEV_Boreal moist_2030y_SOC,cf_std,
Guam,NEEV_Boreal moist_2030y_SOC,cf_std,
Guatemala,NEEV_Boreal moist_2030y_SOC,cf_std,
Guernsey,NEEV_Boreal moist_2030y_SOC,cf_std,
Guinea,NEEV_Boreal moist_2030y_SOC,cf_std,
Guinea-Bissau,NEEV_Boreal moist_2030y_SOC,cf_std,
Guyana,NEEV_Boreal moist_2030y_SOC,cf_std,
Haiti,NEEV_Boreal moist_2030y_SOC,cf_std,
Hala'ib triangle,NEEV_Boreal moist_2030y_SOC,cf_std,
Heard Island and McDonald Islands,NEEV_Boreal moist_2030y_SOC,cf_std,
Holy See,NEEV_Boreal moist_2030y_SOC,cf_std,
Honduras,NEEV_Boreal moist_2030y_SOC,cf_std,
Hong Kong,NEEV_Boreal moist_2030y_SOC,cf_std,
Howland Island,NEEV_Boreal moist_2030y_SOC,cf_std,
Hungary,NEEV_Boreal moist_2030y_SOC,cf_std,
Iceland,NEEV_Boreal moist_2030y_SOC,cf_std,55.135128
Ilemi triangle,NEEV_Boreal moist_2030y_SOC,cf_std,
India,NEEV_Boreal moist_2030y_SOC,cf_std,
Indonesia,NEEV_Boreal moist_2030y_SOC,cf_std,
Iran  (Islamic Republic of),NEEV_Boreal moist_2030y_SOC,cf_std,
Iraq,NEEV_Boreal moist_2030y_SOC,cf_std,
Ireland,NEEV_Boreal moist_2030y_SOC,cf_std,
Isle of Man,NEEV_Boreal moist_2030y_SOC,cf_std,
Israel,NEEV_Boreal moist_2030y_SOC,cf_std,
Italy,NEEV_Boreal moist_2030y_SOC,cf_std,
Jamaica,NEEV_Boreal moist_2030y_SOC,cf_std,
Jammu and Kashmir,NEEV_Boreal moist_2030y_SOC,cf_std,
Japan,NEEV_Boreal moist_2030y_SOC,cf_std,
Jarvis Island,NEEV_Boreal moist_2030y_SOC,cf_std,
Jersey,NEEV_Boreal moist_2030y_SOC,cf_std,
Johnston Atoll,NEEV_Boreal moist_2030y_SOC,cf_std,
Jordan,NEEV_Boreal moist_2030y_SOC,cf_std,
Juan de Nova Island,NEEV_Boreal moist_2030y_SOC,cf_std,
Kazakhstan,NEEV_Boreal moist_2030y_SOC,cf_std,
Kenya,NEEV_Boreal moist_2030y_SOC,cf_std,
Kingman Reef,NEEV_Boreal moist_2030y_SOC,cf_std,
Kiribati,NEEV_Boreal moist_2030y_SOC,cf_std,
Kuril islands,NEEV_Boreal moist_2030y_SOC,cf_std,
Kuwait,NEEV_Boreal moist_2030y_SOC,cf_std,
Kyrgyzstan,NEEV_Boreal moist_2030y_SOC,cf_std,
Lao People's Democratic Republic,NEEV_Boreal moist_2030y_SOC,cf_std,
Latvia,NEEV_Boreal moist_2030y_SOC,cf_std,
Lebanon,NEEV_Boreal moist_2030y_SOC,cf_std,
Lesotho,NEEV_Boreal moist_2030y_SOC,cf_std,
Liberia,NEEV_Boreal moist_2030y_SOC,cf_std,
Libya,NEEV_Boreal moist_2030y_SOC,cf_std,
Liechtenstein,NEEV_Boreal moist_2030y_SOC,cf_std,
Lithuania,NEEV_Boreal moist_2030y_SOC,cf_std,
Luxembourg,NEEV_Boreal moist_2030y_SOC,cf_std,
Ma'tan al-Sarra,NEEV_Boreal moist_2030y_SOC,cf_std,
Macau,NEEV_Boreal moist_2030y_SOC,cf_std,
Madagascar,NEEV_Boreal moist_2030y_SOC,cf_std,
Madeira Islands,NEEV_Boreal moist_2030y_SOC,cf_std,
Malawi,NEEV_Boreal moist_2030y_SOC,cf_std,
Malaysia,NEEV_Boreal moist_2030y_SOC,cf_std,
Maldives,NEEV_Boreal moist_2030y_SOC,cf_std,
Mali,NEEV_Boreal moist_2030y_SOC,cf_std,
Malta,NEEV_Boreal moist_2030y_SOC,cf_std,
Marshall Islands,NEEV_Boreal moist_2030y_SOC,cf_std,
Martinique,NEEV_Boreal moist_2030y_SOC,cf_std,
Mauritania,NEEV_Boreal moist_2030y_SOC,cf_std,
Mauritius,NEEV_Boreal moist_2030y_SOC,cf_std,
Mayotte,NEEV_Boreal moist_2030y_SOC,cf_std,
Mexico,NEEV_Boreal moist_2030y_SOC,cf_std,
Micronesia (Federated States of),NEEV_Boreal moist_2030y_SOC,cf_std,
Midway Island,NEEV_Boreal moist_2030y_SOC,cf_std,
"Moldova, Republic of",NEEV_Boreal moist_2030y_SOC,cf_std,
Monaco,NEEV_Boreal moist_2030y_SOC,cf_std,
Mongolia,NEEV_Boreal moist_2030y_SOC,cf_std,
Montenegro,NEEV_Boreal moist_2030y_SOC,cf_std,
Montserrat,NEEV_Boreal moist_2030y_SOC,cf_std,
Morocco,NEEV_Boreal moist_2030y_SOC,cf_std,
Mozambique,NEEV_Boreal moist_2030y_SOC,cf_std,
Myanmar,NEEV_Boreal moist_2030y_SOC,cf_std,
Namibia,NEEV_Boreal moist_2030y_SOC,cf_std,
Nauru,NEEV_Boreal moist_2030y_SOC,cf_std,
Navassa Island,NEEV_Boreal moist_2030y_SOC,cf_std,
Nepal,NEEV_Boreal moist_2030y_SOC,cf_std,
Netherlands,NEEV_Boreal moist_2030y_SOC,cf_std,
Netherlands Antilles,NEEV_Boreal moist_2030y_SOC,cf_std,
New Caledonia,NEEV_Boreal moist_2030y_SOC,cf_std,
New Zealand,NEEV_Boreal moist_2030y_SOC,cf_std,
Nicaragua,NEEV_Boreal moist_2030y_SOC,cf_std,
Niger,NEEV_Boreal moist_2030y_SOC,cf_std,
Nigeria,NEEV_Boreal moist_2030y_SOC,cf_std,
Niue,NEEV_Boreal moist_2030y_SOC,cf_std,
Norfolk Island,NEEV_Boreal moist_2030y_SOC,cf_std,
Northern Mariana Islands,NEEV_Boreal moist_2030y_SOC,cf_std,
Norway,NEEV_Boreal moist_2030y_SOC,cf_std,72.79149
Oman,NEEV_Boreal moist_2030y_SOC,cf_std,
Pakistan,NEEV_Boreal moist_2030y_SOC,cf_std,
Palau,NEEV_Boreal moist_2030y_SOC,cf_std,
Palmyra Atoll,NEEV_Boreal moist_2030y_SOC,cf_std,
Panama,NEEV_Boreal moist_2030y_SOC,cf_std,
Papua New Guinea,NEEV_Boreal moist_2030y_SOC,cf_std,
Paracel Islands,NEEV_Boreal moist_2030y_SOC,cf_std,
Paraguay,NEEV_Boreal moist_2030y_SOC,cf_std,
Peru,NEEV_Boreal moist_2030y_SOC,cf_std,
Philippines,NEEV_Boreal moist_2030y_SOC,cf_std,
Pitcairn,NEEV_Boreal moist_2030y_SOC,cf_std,
Poland,NEEV_Boreal moist_2030y_SOC,cf_std,
Portugal,NEEV_Boreal moist_2030y_SOC,cf_std,
Puerto Rico,NEEV_Boreal moist_2030y_SOC,cf_std,
Qatar,NEEV_Boreal moist_2030y_SOC,cf_std,
Republic of Korea,NEEV_Boreal moist_2030y_SOC,cf_std,
Romania,NEEV_Boreal moist_2030y_SOC,cf_std,
Russian Federation,NEEV_Boreal moist_2030y_SOC,cf_std,68.78601
Rwanda,NEEV_Boreal moist_2030y_SOC,cf_std,
Réunion,NEEV_Boreal moist_2030y_SOC,cf_std,
Saint Helena,NEEV_Boreal moist_2030y_SOC,cf_std,
Saint Kitts and Nevis,NEEV_Boreal moist_2030y_SOC,cf_std,
Saint Lucia,NEEV_Boreal moist_2030y_SOC,cf_std,
Saint Pierre et Miquelon,NEEV_Boreal moist_2030y_SOC,cf_std,
Saint Vincent and the Grenadines,NEEV_Boreal moist_2030y_SOC,cf_std,
Samoa,NEEV_Boreal moist_2030y_SOC,cf_std,
San Marino,NEEV_Boreal moist_2030y_SOC,cf_std,
Sao Tome and Principe,NEEV_Boreal moist_2030y_SOC,cf_std,
Saudi Arabia,NEEV_Boreal moist_2030y_SOC,cf_std,
Scarborough Reef,NEEV_Boreal moist_2030y_SOC,cf_std,
Senegal,NEEV_Boreal moist_2030y_SOC,cf_std,
Senkaku Islands,NEEV_Boreal moist_2030y_SOC,cf_std,
Serbia,NEEV_Boreal moist_2030y_SOC,cf_std,
Seychelles,NEEV_Boreal moist_2030y_SOC,cf_std,
Sierra Leone,NEEV_Boreal moist_2030y_SOC,cf_std,
Singapore,NEEV_Boreal moist_2030y_SOC,cf_std,
Slovakia,NEEV_Boreal moist_2030y_SOC,cf_std,
Slovenia,NEEV_Boreal moist_2030y_SOC,cf_std,
Solomon Islands,NEEV_Boreal moist_2030y_SOC,cf_std,
Somalia,NEEV_Boreal moist_2030y_SOC,cf_std,
South Africa,NEEV_Boreal moist_2030y_SOC,cf_std,
South Georgia and the South Sandwich Islands,NEEV_Boreal moist_2030y_SOC,cf_std,
South Sudan,NEEV_Boreal moist_2030y_SOC,cf_std,
Spain,NEEV_Boreal moist_2030y_SOC,cf_std,
Spratly Islands,NEEV_Boreal moist_2030y_SOC,cf_std,
Sri Lanka,NEEV_Boreal moist_2030y_SOC,cf_std,
Sudan,NEEV_Boreal moist_2030y_SOC,cf_std,
Suriname,NEEV_Boreal moist_2030y_SOC,cf_std,
Svalbard and Jan Mayen Islands,NEEV_Boreal moist_2030y_SOC,cf_std,
Swaziland,NEEV_Boreal moist_2030y_SOC,cf_std,
Sweden,NEEV_Boreal moist_2030y_SOC,cf_std,39.06821
Switzerland,NEEV_Boreal moist_2030y_SOC,cf_std,
Syrian Arab Republic,NEEV_Boreal moist_2030y_SOC,cf_std,
Taiwan,NEEV_Boreal moist_2030y_SOC,cf_std,
Tajikistan,NEEV_Boreal moist_2030y_SOC,cf_std,
Thailand,NEEV_Boreal moist_2030y_SOC,cf_std,
The former Yugoslav Republic of Macedonia,NEEV_Boreal moist_2030y_SOC,cf_std,
Timor-Leste,NEEV_Boreal moist_2030y_SOC,cf_std,
Togo,NEEV_Boreal moist_2030y_SOC,cf_std,
Tokelau,NEEV_Boreal moist_2030y_SOC,cf_std,
Tonga,NEEV_Boreal moist_2030y_SOC,cf_std,
Trinidad and Tobago,NEEV_Boreal moist_2030y_SOC,cf_std,
Tromelin Island,NEEV_Boreal moist_2030y_SOC,cf_std,
Tunisia,NEEV_Boreal moist_2030y_SOC,cf_std,
Turkey,NEEV_Boreal moist_2030y_SOC,cf_std,
Turkmenistan,NEEV_Boreal moist_2030y_SOC,cf_std,
Turks and Caicos islands,NEEV_Boreal moist_2030y_SOC,cf_std,
Tuvalu,NEEV_Boreal moist_2030y_SOC,cf_std,
U.K. of Great Britain and Northern Ireland,NEEV_Boreal moist_2030y_SOC,cf_std,
Uganda,NEEV_Boreal moist_2030y_SOC,cf_std,
Ukraine,NEEV_Boreal moist_2030y_SOC,cf_std,
United Arab Emirates,NEEV_Boreal moist_2030y_SOC,cf_std,
United Republic of Tanzania,NEEV_Boreal moist_2030y_SOC,cf_std,
United States Virgin Islands,NEEV_Boreal moist_2030y_SOC,cf_std,
United States of America,NEEV_Boreal moist_2030y_SOC,cf_std,104.09877
Uruguay,NEEV_Boreal moist_2030y_SOC,cf_std,
Uzbekistan,NEEV_Boreal moist_2030y_SOC,cf_std,
Vanuatu,NEEV_Boreal moist_2030y_SOC,cf_std,
Venezuela,NEEV_Boreal moist_2030y_SOC,cf_std,
Viet Nam,NEEV_Boreal moist_2030y_SOC,cf_std,
Wake Island,NEEV_Boreal moist_2030y_SOC,cf_std,
Wallis and Futuna,NEEV_Boreal moist_2030y_SOC,cf_std,
West Bank,NEEV_Boreal moist_2030y_SOC,cf_std,
Western Sahara,NEEV_Boreal moist_2030y_SOC,cf_std,
Yemen,NEEV_Boreal moist_2030y_SOC,cf_std,
Zambia,NEEV_Boreal moist_2030y_SOC,cf_std,
Zimbabwe,NEEV_Boreal moist_2030y_SOC,cf_std,
Abyei,NEEV_Cold temperate dry_2030y_SOC,cf_mean,
Afghanistan,NEEV_Cold temperate dry_2030y_SOC,cf_mean,158.33304
Aksai Chin,NEEV_Cold temperate dry_2030y_SOC,cf_mean,
Albania,NEEV_Cold temperate dry_2030y_SOC,cf_mean,186.40578
Algeria,NEEV_Cold temperate dry_2030y_SOC,cf_mean,
American Samoa,NEEV_Cold temperate dry_2030y_SOC,cf_mean,
Andorra,NEEV_Cold temperate dry_2030y_SOC,cf_mean,
Angola,NEEV_Cold temperate dry_2030y_SOC,cf_mean,
Anguilla,NEEV_Cold temperate dry_2030y_SOC,cf_mean,
Antarctica,NEEV_Cold temperate dry_2030y_SOC,cf_mean,
Antigua and Barbuda,NEEV_Cold temperate dry_2030y_SOC,cf_mean,
Argentina,NEEV_Cold temperate dry_2030y_SOC,cf_mean,175.11166
Armenia,NEEV_Cold temperate dry_2030y_SOC,cf_mean,
Aruba,NEEV_Cold temperate dry_2030y_SOC,cf_mean,
Arunachal Pradesh,NEEV_Cold temperate dry_2030y_SOC,cf_mean,
Ashmore and Cartier Islands,NEEV_Cold temperate dry_2030y_SOC,cf_mean,
Australia,NEEV_Cold temperate dry_2030y_SOC,cf_mean,
Austria,NEEV_Cold temperate dry_2030y_SOC,cf_mean,213.97935
Azerbaijan,NEEV_Cold temperate dry_2030y_SOC,cf_mean,
Azores Islands,NEEV_Cold temperate dry_2030y_SOC,cf_mean,
Bahamas,NEEV_Cold temperate dry_2030y_SOC,cf_mean,
Bahrain,NEEV_Cold temperate dry_2030y_SOC,cf_mean,
Baker Island,NEEV_Cold temperate dry_2030y_SOC,cf_mean,
Bangladesh,NEEV_Cold temperate dry_2030y_SOC,cf_mean,
Barbados,NEEV_Cold temperate dry_2030y_SOC,cf_mean,
Bassas da India,NEEV_Cold temperate dry_2030y_SOC,cf_mean,
Belarus,NEEV_Cold temperate dry_2030y_SOC,cf_mean,204.16734
Belgium,NEEV_Cold temperate dry_2030y_SOC,cf_mean,164.75348
Belize,NEEV_Cold temperate dry_2030y_SOC,cf_mean,
Benin,NEEV_Cold temperate dry_2030y_SOC,cf_mean,
Bermuda,NEEV_Cold temperate dry_2030y_SOC,cf_mean,
Bhutan,NEEV_Cold temperate dry_2030y_SOC,cf_mean,
Bird Island,NEEV_Cold temperate dry_2030y_SOC,cf_mean,
Bolivia,NEEV_Cold temperate dry_2030y_SOC,cf_mean,
Bosnia and Herzegovina,NEEV_Cold temperate dry_2030y_SOC,cf_mean,147.75589
Botswana,NEEV_Cold temperate dry_2030y_SOC,cf_mean,
Bouvet Island,NEEV_Cold temperate dry_2030y_SOC,cf_mean,
Brazil,NEEV_Cold temperate dry_2030y_SOC,cf_mean,
British Indian Ocean Territory,NEEV_Cold temperate dry_2030y_SOC,cf_mean,
British Virgin Islands,NEEV_Cold temperate dry_2030y_SOC,cf_mean,
Brunei Darussalam,NEEV_Cold temperate dry_2030y_SOC,cf_mean,
Bulgaria,NEEV_Cold temperate dry_2030y_SOC,cf_mean,149.86723
Burkina Faso,NEEV_Cold temperate dry_2030y_SOC,cf_mean,
Burundi,NEEV_Cold temperate dry_2030y_SOC,cf_mean,
Cambodia,NEEV_Cold temperate dry_2030y_SOC,cf_mean,
Cameroon,NEEV_Cold temperate dry_2030y_SOC,cf_mean,
Canada,NEEV_Cold temperate dry_2030y_SOC,cf_mean,284.7243
Cape Verde,NEEV_Cold temperate dry_2030y_SOC,cf_mean,
Cayman Islands,NEEV_Cold temperate dry_2030y_SOC,cf_mean,
Central African Republic,NEEV_Cold temperate dry_2030y_SOC,cf_mean,
Chad,NEEV_Cold temperate dry_2030y_SOC,cf_mean,
Chile,NEEV_Cold temperate dry_2030y_SOC,cf_mean,286.49667
China,NEEV_Cold temperate dry_2030y_SOC,cf_mean,188.04959
China/India,NEEV_Cold temperate dry_2030y_SOC,cf_mean,
Christmas Island,NEEV_Cold temperate dry_2030y_SOC,cf_mean,
Clipperton Island,NEEV_Cold temperate dry_2030y_SOC,cf_mean,
Cocos (Keeling) Islands,NEEV_Cold temperate dry_2030y_SOC,cf_mean,
Colombia,NEEV_Cold temperate dry_2030y_SOC,cf_mean,
Comoros,NEEV_Cold temperate dry_2030y_SOC,cf_mean,
Congo,NEEV_Cold temperate dry_2030y_SOC,cf_mean,
Cook Islands,NEEV_Cold temperate dry_2030y_SOC,cf_mean,
Costa Rica,NEEV_Cold temperate dry_2030y_SOC,cf_mean,
Croatia,NEEV_Cold temperate dry_2030y_SOC,cf_mean,129.49414
Cuba,NEEV_Cold temperate dry_2030y_SOC,cf_mean,
Cyprus,NEEV_Cold temperate dry_2030y_SOC,cf_mean,
Czech Republic,NEEV_Cold temperate dry_2030y_SOC,cf_mean,200.5278
Côte d'Ivoire,NEEV_Cold temperate dry_2030y_SOC,cf_mean,
Dem People's Rep of Korea,NEEV_Cold temperate dry_2030y_SOC,cf_mean,134.06078
Democratic Republic of the Congo,NEEV_Cold temperate dry_2030y_SOC,cf_mean,
Denmark,NEEV_Cold temperate dry_2030y_SOC,cf_mean,175.33264
Djibouti,NEEV_Cold temperate dry_2030y_SOC,cf_mean,
Dominica,NEEV_Cold temperate dry_2030y_SOC,cf_mean,
Dominican Republic,NEEV_Cold temperate dry_2030y_SOC,cf_mean,
Ecuador,NEEV_Cold temperate dry_2030y_SOC,cf_mean,
Egypt,NEEV_Cold temperate dry_2030y_SOC,cf_mean,
El Salvador,NEEV_Cold temperate dry_2030y_SOC,cf_mean,
Equatorial Guinea,NEEV_Cold temperate dry_2030y_SOC,cf_mean,
Eritrea,NEEV_Cold temperate dry_2030y_SOC,cf_mean,
Estonia,NEEV_Cold temperate dry_2030y_SOC,cf_mean,291.70975
Ethiopia,NEEV_Cold temperate dry_2030y_SOC,cf_mean,
Europa Island,NEEV_Cold temperate dry_2030y_SOC,cf_mean,
Falkland Islands (Malvinas),NEEV_Cold temperate dry_2030y_SOC,cf_mean,
Faroe Islands,NEEV_Cold temperate dry_2030y_SOC,cf_mean,
Fiji,NEEV_Cold temperate dry_2030y_SOC,cf_mean,
Finland,NEEV_Cold temperate dry_2030y_SOC,cf_mean,326.32883
France,NEEV_Cold temperate dry_2030y_SOC,cf_mean,165.62372
French Guiana,NEEV_Cold temperate dry_2030y_SOC,cf_mean,
French Polynesia,NEEV_Cold temperate dry_2030y_SOC,cf_mean,
French Southern and Antarctic Territories,NEEV_Cold temperate dry_2030y_SOC,cf_mean,
Gabon,NEEV_Cold temperate dry_2030y_SOC,cf_mean,
Gambia,NEEV_Cold temperate dry_2030y_SOC,cf_mean,
Gaza Strip,NEEV_Cold temperate dry_2030y_SOC,cf_mean,
Georgia,NEEV_Cold temperate dry_2030y_SOC,cf_mean,174.40482
Germany,NEEV_Cold temperate dry_2030y_SOC,cf_mean,195.57426
Ghana,NEEV_Cold temperate dry_2030y_SOC,cf_mean,
Gibraltar,NEEV_Cold temperate dry_2030y_SOC,cf_mean,
Glorioso Island,NEEV_Cold temperate dry_2030y_SOC,cf_mean,
Greece,NEEV_Cold temperate dry_2030y_SOC,cf_mean,159.98611
Greenland,NEEV_Cold temperate dry_2030y_SOC,cf_mean,
Grenada,NEEV_Cold temperate dry_2030y_SOC,cf_mean,
Guadeloupe,NEEV_Cold temperate dry_2030y_SOC,cf_mean,
Guam,NEEV_Cold temperate dry_2030y_SOC,cf_mean,
Guatemala,NEEV_Cold temperate dry_2030y_SOC,cf_mean,
Guernsey,NEEV_Cold temperate dry_2030y_SOC,cf_mean,
Guinea,NEEV_Cold temperate dry_2030y_SOC,cf_mean,
Guinea-Bissau,NEEV_Cold temperate dry_2030y_SOC,cf_mean,
Guyana,NEEV_Cold temperate dry_2030y_SOC,cf_mean,
Haiti,NEEV_Cold temperate dry_2030y_SOC,cf_mean,
Hala'ib triangle,NEEV_Cold temperate dry_2030y_SOC,cf_mean,
Heard Island and McDonald Islands,NEEV_Cold temperate dry_2030y_SOC,cf_mean,
Holy See,NEEV_Cold temperate dry_2030y_SOC,cf_mean,
Honduras,NEEV_Cold temperate dry_2030y_SOC,cf_mean,
Hong Kong,NEEV_Cold temperate dry_2030y_SOC,cf_mean,
Howland Island,NEEV_Cold temperate dry_2030y_SOC,cf_mean,
Hungary,NEEV_Cold temperate dry_2030y_SOC,cf_mean,134.47112
Iceland,NEEV_Cold temperate dry_2030y_SOC,cf_mean,353.78888
Ilemi triangle,NEEV_Cold temperate dry_2030y_SOC,cf_mean,
India,NEEV_Cold temperate dry_2030y_SOC,cf_mean,
Indonesia,NEEV_Cold temperate dry_2030y_SOC,cf_mean,
Iran  (Islamic Republic of),NEEV_Cold temperate dry_2030y_SOC,cf_mean,
Iraq,NEEV_Cold temperate dry_2030y_SOC,cf_mean,
Ireland,NEEV_Cold temperate dry_2030y_SOC,cf_mean,139.50522
Isle of Man,NEEV_Cold temperate dry_2030y_SOC,cf_mean,
Israel,NEEV_Cold temperate dry_2030y_SOC,cf_mean,
Italy,NEEV_Cold temperate dry_2030y_SOC,cf_mean,187.7701
Jamaica,NEEV_Cold temperate dry_2030y_SOC,cf_mean,
Jammu and Kashmir,NEEV_Cold temperate dry_2030y_SOC,cf_mean,
Japan,NEEV_Cold temperate dry_2030y_SOC,cf_mean,176.8466
Jarvis Island,NEEV_Cold temperate dry_2030y_SOC,cf_mean,
Jersey,NEEV_Cold temperate dry_2030y_SOC,cf_mean,
Johnston Atoll,NEEV_Cold temperate dry_2030y_SOC,cf_mean,
Jordan,NEEV_Cold temperate dry_2030y_SOC,cf_mean,
Juan de Nova Island,NEEV_Cold temperate dry_2030y_SOC,cf_mean,
Kazakhstan,NEEV_Cold temperate dry_2030y_SOC,cf_mean,288.10004
Kenya,NEEV_Cold temperate dry_2030y_SOC,cf_mean,
Kingman Reef,NEEV_Cold temperate dry_2030y_SOC,cf_mean,
Kiribati,NEEV_Cold temperate dry_2030y_SOC,cf_mean,
Kuril islands,NEEV_Cold temperate dry_2030y_SOC,cf_mean,
Kuwait,NEEV_Cold temperate dry_2030y_SOC,cf_mean,
Kyrgyzstan,NEEV_Cold temperate dry_2030y_SOC,cf_mean,360.1565
Lao People's Democratic Republic,NEEV_Cold temperate dry_2030y_SOC,cf_mean,
Latvia,NEEV_Cold temperate dry_2030y_SOC,cf_mean,279.8137
Lebanon,NEEV_Cold temperate dry_2030y_SOC,cf_mean,
Lesotho,NEEV_Cold temperate dry_2030y_SOC,cf_mean,
Liberia,NEEV_Cold temperate dry_2030y_SOC,cf_mean,
Libya,NEEV_Cold temperate dry_2030y_SOC,cf_mean,
Liechtenstein,NEEV_Cold temperate dry_2030y_SOC,cf_mean,260.2588
Lithuania,NEEV_Cold temperate dry_2030y_SOC,cf_mean,234.07504
Luxembourg,NEEV_Cold temperate dry_2030y_SOC,cf_mean,174.4806
Ma'tan al-Sarra,NEEV_Cold temperate dry_2030y_SOC,cf_mean,
Macau,NEEV_Cold temperate dry_2030y_SOC,cf_mean,
Madagascar,NEEV_Cold temperate dry_2030y_SOC,cf_mean,
Madeira Islands,NEEV_Cold temperate dry_2030y_SOC,cf_mean,
Malawi,NEEV_Cold temperate dry_2030y_SOC,cf_mean,
Malaysia,NEEV_Cold temperate dry_2030y_SOC,cf_mean,
Maldives,NEEV_Cold temperate dry_2030y_SOC,cf_mean,
Mali,NEEV_Cold temperate dry_2030y_SOC,cf_mean,
Malta,NEEV_Cold temperate dry_2030y_SOC,cf_mean,
Marshall Islands,NEEV_Cold temperate dry_2030y_SOC,cf_mean,
Martinique,NEEV_Cold temperate dry_2030y_SOC,cf_mean,
Mauritania,NEEV_Cold temperate dry_2030y_SOC,cf_mean,
Mauritius,NEEV_Cold temperate dry_2030y_SOC,cf_mean,
Mayotte,NEEV_Cold temperate dry_2030y_SOC,cf_mean,
Mexico,NEEV_Cold temperate dry_2030y_SOC,cf_mean,
Micronesia (Federated States of),NEEV_Cold temperate dry_2030y_SOC,cf_mean,
Midway Island,NEEV_Cold temperate dry_2030y_SOC,cf_mean,
"Moldova, Republic of",NEEV_Cold temperate dry_2030y_SOC,cf_mean,199.15398
Monaco,NEEV_Cold temperate dry_2030y_SOC,cf_mean,
Mongolia,NEEV_Cold temperate dry_2030y_SOC,cf_mean,329.2045
Montenegro,NEEV_Cold temperate dry_2030y_SOC,cf_mean,216.2734
Montserrat,NEEV_Cold temperate dry_2030y_SOC,cf_mean,
Morocco,NEEV_Cold temperate dry_2030y_SOC,cf_mean,
Mozambique,NEEV_Cold temperate dry_2030y_SOC,cf_mean,
Myanmar,NEEV_Cold temperate dry_2030y_SOC,cf_mean,
Namibia,NEEV_Cold temperate dry_2030y_SOC,cf_mean,
Nauru,NEEV_Cold temperate dry_2030y_SOC,cf_mean,
Navassa Island,NEEV_Cold temperate dry_2030y_SOC,cf_mean,
Nepal,NEEV_Cold temperate dry_2030y_SOC,cf_mean,
Netherlands,NEEV_Cold temperate dry_2030y_SOC,cf_mean,208.26051
Netherlands Antilles,NEEV_Cold temperate dry_2030y_SOC,cf_mean,
New Caledonia,NEEV_Cold temperate dry_2030y_SOC,cf_mean,
New Zealand,NEEV_Cold temperate dry_2030y_SOC,cf_mean,150.9019
Nicaragua,NEEV_Cold temperate dry_2030y_SOC,cf_mean,
Niger,NEEV_Cold temperate dry_2030y_SOC,cf_mean,
Nigeria,NEEV_Cold temperate dry_2030y_SOC,cf_mean,
Niue,NEEV_Cold temperate dry_2030y_SOC,cf_mean,
Norfolk Island,NEEV_Cold temperate dry_2030y_SOC,cf_mean,
Northern Mariana Islands,NEEV_Cold temperate dry_2030y_SOC,cf_mean,
Norway,NEEV_Cold temperate dry_2030y_SOC,cf_mean,299.07504
Oman,NEEV_Cold temperate dry_2030y_SOC,cf_mean,
Pakistan,NEEV_Cold temperate dry_2030y_SOC,cf_mean,
Palau,NEEV_Cold temperate dry_2030y_SOC,cf_mean,
Palmyra Atoll,NEEV_Cold temperate dry_2030y_SOC,cf_mean,
Panama,NEEV_Cold temperate dry_2030y_SOC,cf_mean,
Papua New Guinea,NEEV_Cold temperate dry_2030y_SOC,cf_mean,
Paracel Islands,NEEV_Cold temperate dry_2030y_SOC,cf_mean,
Paraguay,NEEV_Cold temperate dry_2030y_SOC,cf_mean,
Peru,NEEV_Cold temperate dry_2030y_SOC,cf_mean,
Philippines,NEEV_Cold temperate dry_2030y_SOC,cf_mean,
Pitcairn,NEEV_Cold temperate dry_2030y_SOC,cf_mean,
Poland,NEEV_Cold temperate dry_2030y_SOC,cf_mean,186.4419
Portugal,NEEV_Cold temperate dry_2030y_SOC,cf_mean,
Puerto Rico,NEEV_Cold temperate dry_2030y_SOC,cf_mean,
Qatar,NEEV_Cold temperate dry_2030y_SOC,cf_mean,
Republic of Korea,NEEV_Cold temperate dry_2030y_SOC,cf_mean,130.42639
Romania,NEEV_Cold temperate dry_2030y_SOC,cf_mean,176.19916
Russian Federation,NEEV_Cold temperate dry_2030y_SOC,cf_mean,266.61172
Rwanda,NEEV_Cold temperate dry_2030y_SOC,cf_mean,
Réunion,NEEV_Cold temperate dry_2030y_SOC,cf_mean,
Saint Helena,NEEV_Cold temperate dry_2030y_SOC,cf_mean,
Saint Kitts and Nevis,NEEV_Cold temperate dry_2030y_SOC,cf_mean,
Saint Lucia,NEEV_Cold temperate dry_2030y_SOC,cf_mean,
Saint Pierre et Miquelon,NEEV_Cold temperate dry_2030y_SOC,cf_mean,
Saint Vincent and the Grenadines,NEEV_Cold temperate dry_2030y_SOC,cf_mean,
Samoa,NEEV_Cold temperate dry_2030y_SOC,cf_mean,
San Marino,NEEV_Cold temperate dry_2030y_SOC,cf_mean,
Sao Tome and Principe,NEEV_Cold temperate dry_2030y_SOC,cf_mean,
Saudi Arabia,NEEV_Cold temperate dry_2030y_SOC,cf_mean,
Scarborough Reef,NEEV_Cold temperate dry_2030y_SOC,cf_mean,
Senegal,NEEV_Cold temperate dry_2030y_SOC,cf_mean,
Senkaku Islands,NEEV_Cold temperate dry_2030y_SOC,cf_mean,
Serbia,NEEV_Cold temperate dry_2030y_SOC,cf_mean,138.77667
Seychelles,NEEV_Cold temperate dry_2030y_SOC,cf_mean,
Sierra Leone,NEEV_Cold temperate dry_2030y_SOC,cf_mean,
Singapore,NEEV_Cold temperate dry_2030y_SOC,cf_mean,
Slovakia,NEEV_Cold temperate dry_2030y_SOC,cf_mean,189.42072
Slovenia,NEEV_Cold temperate dry_2030y_SOC,cf_mean,192.43097
Solomon Islands,NEEV_Cold temperate dry_2030y_SOC,cf_mean,
Somalia,NEEV_Cold temperate dry_2030y_SOC,cf_mean,
South Africa,NEEV_Cold temperate dry_2030y_SOC,cf_mean,
South Georgia and the South Sandwich Islands,NEEV_Cold temperate dry_2030y_SOC,cf_mean,
South Sudan,NEEV_Cold temperate dry_2030y_SOC,cf_mean,
Spain,NEEV_Cold temperate dry_2030y_SOC,cf_mean,
Spratly Islands,NEEV_Cold temperate dry_2030y_SOC,cf_mean,
Sri Lanka,NEEV_Cold temperate dry_2030y_SOC,cf_mean,
Sudan,NEEV_Cold temperate dry_2030y_SOC,cf_mean,
Suriname,NEEV_Cold temperate dry_2030y_SOC,cf_mean,
Svalbard and Jan Mayen Islands,NEEV_Cold temperate dry_2030y_SOC,cf_mean,
Swaziland,NEEV_Cold temperate dry_2030y_SOC,cf_mean,
Sweden,NEEV_Cold temperate dry_2030y_SOC,cf_mean,273.8229
Switzerland,NEEV_Cold temperate dry_2030y_SOC,cf_mean,239.93266
Syrian Arab Republic,NEEV_Cold temperate dry_2030y_SOC,cf_mean,
Taiwan,NEEV_Cold temperate dry_2030y_SOC,cf_mean,
Tajikistan,NEEV_Cold temperate dry_2030y_SOC,cf_mean,340.58087
Thailand,NEEV_Cold temperate dry_2030y_SOC,cf_mean,
The former Yugoslav Republic of Macedonia,NEEV_Cold temperate dry_2030y_SOC,cf_mean,139.80104
Timor-Leste,NEEV_Cold temperate dry_2030y_SOC,cf_mean,
Togo,NEEV_Cold temperate dry_2030y_SOC,cf_mean,
Tokelau,NEEV_Cold temperate dry_2030y_SOC,cf_mean,
Tonga,NEEV_Cold temperate dry_2030y_SOC,cf_mean,
Trinidad and Tobago,NEEV_Cold temperate dry_2030y_SOC,cf_mean,
Tromelin Island,NEEV_Cold temperate dry_2030y_SOC,cf_mean,
Tunisia,NEEV_Cold temperate dry_2030y_SOC,cf_mean,
Turkey,NEEV_Cold temperate dry_2030y_SOC,cf_mean,208.47963
Turkmenistan,NEEV_Cold temperate dry_2030y_SOC,cf_mean,84.12065
Turks and Caicos islands,NEEV_Cold temperate dry_2030y_SOC,cf_mean,
Tuvalu,NEEV_Cold temperate dry_2030y_SOC,cf_mean,
U.K. of Great Britain and Northern Ireland,NEEV_Cold temperate dry_2030y_SOC,cf_mean,194.85558
Uganda,NEEV_Cold temperate dry_2030y_SOC,cf_mean,
Ukraine,NEEV_Cold temperate dry_2030y_SOC,cf_mean,201.0353
United Arab Emirates,NEEV_Cold temperate dry_2030y_SOC,cf_mean,
United Republic of Tanzania,NEEV_Cold temperate dry_2030y_SOC,cf_mean,
United States Virgin Islands,NEEV_Cold temperate dry_2030y_SOC,cf_mean,
United States of America,NEEV_Cold temperate dry_2030y_SOC,cf_mean,198.56651
Uruguay,NEEV_Cold temperate dry_2030y_SOC,cf_mean,
Uzbekistan,NEEV_Cold temperate dry_2030y_SOC,cf_mean,107.58551
Vanuatu,NEEV_Cold temperate dry_2030y_SOC,cf_mean,
Venezuela,NEEV_Cold temperate dry_2030y_SOC,cf_mean,
Viet Nam,NEEV_Cold temperate dry_2030y_SOC,cf_mean,
Wake Island,NEEV_Cold temperate dry_2030y_SOC,cf_mean,
Wallis and Futuna,NEEV_Cold temperate dry_2030y_SOC,cf_mean,
West Bank,NEEV_Cold temperate dry_2030y_SOC,cf_mean,
Western Sahara,NEEV_Cold temperate dry_2030y_SOC,cf_mean,
Yemen,NEEV_Cold temperate dry_2030y_SOC,cf_mean,
Zambia,NEEV_Cold temperate dry_2030y_SOC,cf_mean,
Zimbabwe,NEEV_Cold temperate dry_2030y_SOC,cf_mean,
Abyei,NEEV_Cold temperate dry_2030y_SOC,cf_median,
Afghanistan,NEEV_Cold temperate dry_2030y_SOC,cf_median,141.5409
Aksai Chin,NEEV_Cold temperate dry_2030y_SOC,cf_median,
Albania,NEEV_Cold temperate dry_2030y_SOC,cf_median,183.87796
Algeria,NEEV_Cold temperate dry_2030y_SOC,cf_median,
American Samoa,NEEV_Cold temperate dry_2030y_SOC,cf_median,
Andorra,NEEV_Cold temperate dry_2030y_SOC,cf_median,
Angola,NEEV_Cold temperate dry_2030y_SOC,cf_median,
Anguilla,NEEV_Cold temperate dry_2030y_SOC,cf_median,
Antarctica,NEEV_Cold temperate dry_2030y_SOC,cf_median,
Antigua and Barbuda,NEEV_Cold temperate dry_2030y_SOC,cf_median,
Argentina,NEEV_Cold temperate dry_2030y_SOC,cf_median,166.75244
Armenia,NEEV_Cold temperate dry_2030y_SOC,cf_median,
Aruba,NEEV_Cold temperate dry_2030y_SOC,cf_median,
Arunachal Pradesh,NEEV_Cold temperate dry_2030y_SOC,cf_median,
Ashmore and Cartier Islands,NEEV_Cold temperate dry_2030y_SOC,cf_median,
Australia,NEEV_Cold temperate dry_2030y_SOC,cf_median,
Austria,NEEV_Cold temperate dry_2030y_SOC,cf_median,211.94398
Azerbaijan,NEEV_Cold temperate dry_2030y_SOC,cf_median,
Azores Islands,NEEV_Cold temperate dry_2030y_SOC,cf_median,
Bahamas,NEEV_Cold temperate dry_2030y_SOC,cf_median,
Bahrain,NEEV_Cold temperate dry_2030y_SOC,cf_median,
Baker Island,NEEV_Cold temperate dry_2030y_SOC,cf_median,
Bangladesh,NEEV_Cold temperate dry_2030y_SOC,cf_median,
Barbados,NEEV_Cold temperate dry_2030y_SOC,cf_median,
Bassas da India,NEEV_Cold temperate dry_2030y_SOC,cf_median,
Belarus,NEEV_Cold temperate dry_2030y_SOC,cf_median,205.66063
Belgium,NEEV_Cold temperate dry_2030y_SOC,cf_median,158.38525
Belize,NEEV_Cold temperate dry_2030y_SOC,cf_median,
Benin,NEEV_Cold temperate dry_2030y_SOC,cf_median,
Bermuda,NEEV_Cold temperate dry_2030y_SOC,cf_median,
Bhutan,NEEV_Cold temperate dry_2030y_SOC,cf_median,
Bird Island,NEEV_Cold temperate dry_2030y_SOC,cf_median,
Bolivia,NEEV_Cold temperate dry_2030y_SOC,cf_median,
Bosnia and Herzegovina,NEEV_Cold temperate dry_2030y_SOC,cf_median,144.70108
Botswana,NEEV_Cold temperate dry_2030y_SOC,cf_median,
Bouvet Island,NEEV_Cold temperate dry_2030y_SOC,cf_median,
Brazil,NEEV_Cold temperate dry_2030y_SOC,cf_median,
British Indian Ocean Territory,NEEV_Cold temperate dry_2030y_SOC,cf_median,
British Virgin Islands,NEEV_Cold temperate dry_2030y_SOC,cf_median,
Brunei Darussalam,NEEV_Cold temperate dry_2030y_SOC,cf_median,
Bulgaria,NEEV_Cold temperate dry_2030y_SOC,cf_median,148.50397
Burkina Faso,NEEV_Cold temperate dry_2030y_SOC,cf_median,
Burundi,NEEV_Cold temperate dry_2030y_SOC,cf_median,
Cambodia,NEEV_Cold temperate dry_2030y_SOC,cf_median,
Cameroon,NEEV_Cold temperate dry_2030y_SOC,cf_median,
Canada,NEEV_Cold temperate dry_2030y_SOC,cf_median,282.6426
Cape Verde,NEEV_Cold temperate dry_2030y_SOC,cf_median,
Cayman Islands,NEEV_Cold temperate dry_2030y_SOC,cf_median,
Central African Republic,NEEV_Cold temperate dry_2030y_SOC,cf_median,
Chad,NEEV_Cold temperate dry_2030y_SOC,cf_median,
Chile,NEEV_Cold temperate dry_2030y_SOC,cf_median,283.95084
China,NEEV_Cold temperate dry_2030y_SOC,cf_median,176.22
China/India,NEEV_Cold temperate dry_2030y_SOC,cf_median,
Christmas Island,NEEV_Cold temperate dry_2030y_SOC,cf_median,
Clipperton Island,NEEV_Cold temperate dry_2030y_SOC,cf_median,
Cocos (Keeling) Islands,NEEV_Cold temperate dry_2030y_SOC,cf_median,
Colombia,NEEV_Cold temperate dry_2030y_SOC,cf_median,
Comoros,NEEV_Cold temperate dry_2030y_SOC,cf_median,
Congo,NEEV_Cold temperate dry_2030y_SOC,cf_median,
Cook Islands,NEEV_Cold temperate dry_2030y_SOC,cf_median,
Costa Rica,NEEV_Cold temperate dry_2030y_SOC,cf_median,
Croatia,NEEV_Cold temperate dry_2030y_SOC,cf_median,125.08784
Cuba,NEEV_Cold temperate dry_2030y_SOC,cf_median,
Cyprus,NEEV_Cold temperate dry_2030y_SOC,cf_median,
Czech Republic,NEEV_Cold temperate dry_2030y_SOC,cf_median,201.72624
Côte d'Ivoire,NEEV_Cold temperate dry_2030y_SOC,cf_median,
Dem People's Rep of Korea,NEEV_Cold temperate dry_2030y_SOC,cf_median,118.244995
Democratic Republic of the Congo,NEEV_Cold temperate dry_2030y_SOC,cf_median,
Denmark,NEEV_Cold temperate dry_2030y_SOC,cf_median,140.2696
Djibouti,NEEV_Cold temperate dry_2030y_SOC,cf_median,
Dominica,NEEV_Cold temperate dry_2030y_SOC,cf_median,
Dominican Republic,NEEV_Cold temperate dry_2030y_SOC,cf_median,
Ecuador,NEEV_Cold temperate dry_2030y_SOC,cf_median,
Egypt,NEEV_Cold temperate dry_2030y_SOC,cf_median,
El Salvador,NEEV_Cold temperate dry_2030y_SOC,cf_median,
Equatorial Guinea,NEEV_Cold temperate dry_2030y_SOC,cf_median,
Eritrea,NEEV_Cold temperate dry_2030y_SOC,cf_median,
Estonia,NEEV_Cold temperate dry_2030y_SOC,cf_median,281.44748
Ethiopia,NEEV_Cold temperate dry_2030y_SOC,cf_median,
Europa Island,NEEV_Cold temperate dry_2030y_SOC,cf_median,
Falkland Islands (Malvinas),NEEV_Cold temperate dry_2030y_SOC,cf_median,
Faroe Islands,NEEV_Cold temperate dry_2030y_SOC,cf_median,
Fiji,NEEV_Cold temperate dry_2030y_SOC,cf_median,
Finland,NEEV_Cold temperate dry_2030y_SOC,cf_median,327.45062
France,NEEV_Cold temperate dry_2030y_SOC,cf_median,150.46419
French Guiana,NEEV_Cold temperate dry_2030y_SOC,cf_median,
French Polynesia,NEEV_Cold temperate dry_2030y_SOC,cf_median,
French Southern and Antarctic Territories,NEEV_Cold temperate dry_2030y_SOC,cf_median,
Gabon,NEEV_Cold temperate dry_2030y_SOC,cf_median,
Gambia,NEEV_Cold temperate dry_2030y_SOC,cf_median,
Gaza Strip,NEEV_Cold temperate dry_2030y_SOC,cf_median,
Georgia,NEEV_Cold temperate dry_2030y_SOC,cf_median,171.10765
Germany,NEEV_Cold temperate dry_2030y_SOC,cf_median,194.72015
Ghana,NEEV_Cold temperate dry_2030y_SOC,cf_median,
Gibraltar,NEEV_Cold temperate dry_2030y_SOC,cf_median,
Glorioso Island,NEEV_Cold temperate dry_2030y_SOC,cf_median,
Greece,NEEV_Cold temperate dry_2030y_SOC,cf_median,161.45122
Greenland,NEEV_Cold temperate dry_2030y_SOC,cf_median,
Grenada,NEEV_Cold temperate dry_2030y_SOC,cf_median,
Guadeloupe,NEEV_Cold temperate dry_2030y_SOC,cf_median,
Guam,NEEV_Cold temperate dry_2030y_SOC,cf_median,
Guatemala,NEEV_Cold temperate dry_2030y_SOC,cf_median,
Guernsey,NEEV_Cold temperate dry_2030y_SOC,cf_median,
Guinea,NEEV_Cold temperate dry_2030y_SOC,cf_median,
Guinea-Bissau,NEEV_Cold temperate dry_2030y_SOC,cf_median,
Guyana,NEEV_Cold temperate dry_2030y_SOC,cf_median,
Haiti,NEEV_Cold temperate dry_2030y_SOC,cf_median,
Hala'ib triangle,NEEV_Cold temperate dry_2030y_SOC,cf_median,
Heard Island and McDonald Islands,NEEV_Cold temperate dry_2030y_SOC,cf_median,
Holy See,NEEV_Cold temperate dry_2030y_SOC,cf_median,
Honduras,NEEV_Cold temperate dry_2030y_SOC,cf_median,
Hong Kong,NEEV_Cold temperate dry_2030y_SOC,cf_median,
Howland Island,NEEV_Cold temperate dry_2030y_SOC,cf_median,
Hungary,NEEV_Cold temperate dry_2030y_SOC,cf_median,132.78851
Iceland,NEEV_Cold temperate dry_2030y_SOC,cf_median,353.78888
Ilemi triangle,NEEV_Cold temperate dry_2030y_SOC,cf_median,
India,NEEV_Cold temperate dry_2030y_SOC,cf_median,
Indonesia,NEEV_Cold temperate dry_2030y_SOC,cf_median,
Iran  (Islamic Republic of),NEEV_Cold temperate dry_2030y_SOC,cf_median,
Iraq,NEEV_Cold temperate dry_2030y_SOC,cf_median,
Ireland,NEEV_Cold temperate dry_2030y_SOC,cf_median,135.1303
Isle of Man,NEEV_Cold temperate dry_2030y_SOC,cf_median,
Israel,NEEV_Cold temperate dry_2030y_SOC,cf_median,
Italy,NEEV_Cold temperate dry_2030y_SOC,cf_median,182.24796
Jamaica,NEEV_Cold temperate dry_2030y_SOC,cf_median,
Jammu and Kashmir,NEEV_Cold temperate dry_2030y_SOC,cf_median,
Japan,NEEV_Cold temperate dry_2030y_SOC,cf_median,160.06775
Jarvis Island,NEEV_Cold temperate dry_2030y_SOC,cf_median,
Jersey,NEEV_Cold temperate dry_2030y_SOC,cf_median,
Johnston Atoll,NEEV_Cold temperate dry_2030y_SOC,cf_median,
Jordan,NEEV_Cold temperate dry_2030y_SOC,cf_median,
Juan de Nova Island,NEEV_Cold temperate dry_2030y_SOC,cf_median,
Kazakhstan,NEEV_Cold temperate dry_2030y_SOC,cf_median,296.52518
Kenya,NEEV_Cold temperate dry_2030y_SOC,cf_median,
Kingman Reef,NEEV_Cold temperate dry_2030y_SOC,cf_median,
Kiribati,NEEV_Cold temperate dry_2030y_SOC,cf_median,
Kuril islands,NEEV_Cold temperate dry_2030y_SOC,cf_median,
Kuwait,NEEV_Cold temperate dry_2030y_SOC,cf_median,
Kyrgyzstan,NEEV_Cold temperate dry_2030y_SOC,cf_median,369.3196
Lao People's Democratic Republic,NEEV_Cold temperate dry_2030y_SOC,cf_median,
Latvia,NEEV_Cold temperate dry_2030y_SOC,cf_median,277.51392
Lebanon,NEEV_Cold temperate dry_2030y_SOC,cf_median,
Lesotho,NEEV_Cold temperate dry_2030y_SOC,cf_median,
Liberia,NEEV_Cold temperate dry_2030y_SOC,cf_median,
Libya,NEEV_Cold temperate dry_2030y_SOC,cf_median,
Liechtenstein,NEEV_Cold temperate dry_2030y_SOC,cf_median,260.40894
Lithuania,NEEV_Cold temperate dry_2030y_SOC,cf_median,234.2106
Luxembourg,NEEV_Cold temperate dry_2030y_SOC,cf_median,170.99379
Ma'tan al-Sarra,NEEV_Cold temperate dry_2030y_SOC,cf_median,
Macau,NEEV_Cold temperate dry_2030y_SOC,cf_median,
Madagascar,NEEV_Cold temperate dry_2030y_SOC,cf_median,
Madeira Islands,NEEV_Cold temperate dry_2030y_SOC,cf_median,
Malawi,NEEV_Cold temperate dry_2030y_SOC,cf_median,
Malaysia,NEEV_Cold temperate dry_2030y_SOC,cf_median,
Maldives,NEEV_Cold temperate dry_2030y_SOC,cf_median,
Mali,NEEV_Cold temperate dry_2030y_SOC,cf_median,
Malta,NEEV_Cold temperate dry_2030y_SOC,cf_median,
Marshall Islands,NEEV_Cold temperate dry_2030y_SOC,cf_median,
Martinique,NEEV_Cold temperate dry_2030y_SOC,cf_median,
Mauritania,NEEV_Cold temperate dry_2030y_SOC,cf_median,
Mauritius,NEEV_Cold temperate dry_2030y_SOC,cf_median,
Mayotte,NEEV_Cold temperate dry_2030y_SOC,cf_median,
Mexico,NEEV_Cold temperate dry_2030y_SOC,cf_median,
Micronesia (Federated States of),NEEV_Cold temperate dry_2030y_SOC,cf_median,
Midway Island,NEEV_Cold temperate dry_2030y_SOC,cf_median,
"Moldova, Republic of",NEEV_Cold temperate dry_2030y_SOC,cf_median,200.23364
Monaco,NEEV_Cold temperate dry_2030y_SOC,cf_median,
Mongolia,NEEV_Cold temperate dry_2030y_SOC,cf_median,332.7421
Montenegro,NEEV_Cold temperate dry_2030y_SOC,cf_median,223.25505
Montserrat,NEEV_Cold temperate dry_2030y_SOC,cf_median,
Morocco,NEEV_Cold temperate dry_2030y_SOC,cf_median,
Mozambique,NEEV_Cold temperate dry_2030y_SOC,cf_median,
Myanmar,NEEV_Cold temperate dry_2030y_SOC,cf_median,
Namibia,NEEV_Cold temperate dry_2030y_SOC,cf_median,
Nauru,NEEV_Cold temperate dry_2030y_SOC,cf_median,
Navassa Island,NEEV_Cold temperate dry_2030y_SOC,cf_median,
Nepal,NEEV_Cold temperate dry_2030y_SOC,cf_median,
Netherlands,NEEV_Cold temperate dry_2030y_SOC,cf_median,177.6111
Netherlands Antilles,NEEV_Cold temperate dry_2030y_SOC,cf_median,
New Caledonia,NEEV_Cold temperate dry_2030y_SOC,cf_median,
New Zealand,NEEV_Cold temperate dry_2030y_SOC,cf_median,145.72177
Nicaragua,NEEV_Cold temperate dry_2030y_SOC,cf_median,
Niger,NEEV_Cold temperate dry_2030y_SOC,cf_median,
Nigeria,NEEV_Cold temperate dry_2030y_SOC,cf_median,
Niue,NEEV_Cold temperate dry_2030y_SOC,cf_median,
Norfolk Island,NEEV_Cold temperate dry_2030y_SOC,cf_median,
Northern Mariana Islands,NEEV_Cold temperate dry_2030y_SOC,cf_median,
Norway,NEEV_Cold temperate dry_2030y_SOC,cf_median,295.73837
Oman,NEEV_Cold temperate dry_2030y_SOC,cf_median,
Pakistan,NEEV_Cold temperate dry_2030y_SOC,cf_median,
Palau,NEEV_Cold temperate dry_2030y_SOC,cf_median,
Palmyra Atoll,NEEV_Cold temperate dry_2030y_SOC,cf_median,
Panama,NEEV_Cold temperate dry_2030y_SOC,cf_median,
Papua New Guinea,NEEV_Cold temperate dry_2030y_SOC,cf_median,
Paracel Islands,NEEV_Cold temperate dry_2030y_SOC,cf_median,
Paraguay,NEEV_Cold temperate dry_2030y_SOC,cf_median,
Peru,NEEV_Cold temperate dry_2030y_SOC,cf_median,
Philippines,NEEV_Cold temperate dry_2030y_SOC,cf_median,
Pitcairn,NEEV_Cold temperate dry_2030y_SOC,cf_median,
Poland,NEEV_Cold temperate dry_2030y_SOC,cf_median,187.40804
Portugal,NEEV_Cold temperate dry_2030y_SOC,cf_median,
Puerto Rico,NEEV_Cold temperate dry_2030y_SOC,cf_median,
Qatar,NEEV_Cold temperate dry_2030y_SOC,cf_median,
Republic of Korea,NEEV_Cold temperate dry_2030y_SOC,cf_median,110.749725
Romania,NEEV_Cold temperate dry_2030y_SOC,cf_median,174.68053
Russian Federation,NEEV_Cold temperate dry_2030y_SOC,cf_median,264.15445
Rwanda,NEEV_Cold temperate dry_2030y_SOC,cf_median,
Réunion,NEEV_Cold temperate dry_2030y_SOC,cf_median,
Saint Helena,NEEV_Cold temperate dry_2030y_SOC,cf_median,
Saint Kitts and Nevis,NEEV_Cold temperate dry_2030y_SOC,cf_median,
Saint Lucia,NEEV_Cold temperate dry_2030y_SOC,cf_median,
Saint Pierre et Miquelon,NEEV_Cold temperate dry_2030y_SOC,cf_median,
Saint Vincent and the Grenadines,NEEV_Cold temperate dry_2030y_SOC,cf_median,
Samoa,NEEV_Cold temperate dry_2030y_SOC,cf_median,
San Marino,NEEV_Cold temperate dry_2030y_SOC,cf_median,
Sao Tome and Principe,NEEV_Cold temperate dry_2030y_SOC,cf_median,
Saudi Arabia,NEEV_Cold temperate dry_2030y_SOC,cf_median,
Scarborough Reef,NEEV_Cold temperate dry_2030y_SOC,cf_median,
Senegal,NEEV_Cold temperate dry_2030y_SOC,cf_median,
Senkaku Islands,NEEV_Cold temperate dry_2030y_SOC,cf_median,
Serbia,NEEV_Cold temperate dry_2030y_SOC,cf_median,128.13155
Seychelles,NEEV_Cold temperate dry_2030y_SOC,cf_median,
Sierra Leone,NEEV_Cold temperate dry_2030y_SOC,cf_median,
Singapore,NEEV_Cold temperate dry_2030y_SOC,cf_median,
Slovakia,NEEV_Cold temperate dry_2030y_SOC,cf_median,191.31691
Slovenia,NEEV_Cold temperate dry_2030y_SOC,cf_median,191.01097
Solomon Islands,NEEV_Cold temperate dry_2030y_SOC,cf_median,
Somalia,NEEV_Cold temperate dry_2030y_SOC,cf_median,
South Africa,NEEV_Cold temperate dry_2030y_SOC,cf_median,
South Georgia and the South Sandwich Islands,NEEV_Cold temperate dry_2030y_SOC,cf_median,
South Sudan,NEEV_Cold temperate dry_2030y_SOC,cf_median,
Spain,NEEV_Cold temperate dry_2030y_SOC,cf_median,
Spratly Islands,NEEV_Cold temperate dry_2030y_SOC,cf_median,
Sri Lanka,NEEV_Cold temperate dry_2030y_SOC,cf_median,
Sudan,NEEV_Cold temperate dry_2030y_SOC,cf_median,
Suriname,NEEV_Cold temperate dry_2030y_SOC,cf_median,
Svalbard and Jan Mayen Islands,NEEV_Cold temperate dry_2030y_SOC,cf_median,
Swaziland,NEEV_Cold temperate dry_2030y_SOC,cf_median,
Sweden,NEEV_Cold temperate dry_2030y_SOC,cf_median,274.65347
Switzerland,NEEV_Cold temperate dry_2030y_SOC,cf_median,241.94447
Syrian Arab Republic,NEEV_Cold temperate dry_2030y_SOC,cf_median,
Taiwan,NEEV_Cold temperate dry_2030y_SOC,cf_median,
Tajikistan,NEEV_Cold temperate dry_2030y_SOC,cf_median,358.5694
Thailand,NEEV_Cold temperate dry_2030y_SOC,cf_median,
The former Yugoslav Republic of Macedonia,NEEV_Cold temperate dry_2030y_SOC,cf_median,133.664
Timor-Leste,NEEV_Cold temperate dry_2030y_SOC,cf_median,
Togo,NEEV_Cold temperate dry_2030y_SOC,cf_median,
Tokelau,NEEV_Cold temperate dry_2030y_SOC,cf_median,
Tonga,NEEV_Cold temperate dry_2030y_SOC,cf_median,
Trinidad and Tobago,NEEV_Cold temperate dry_2030y_SOC,cf_median,
Tromelin Island,NEEV_Cold temperate dry_2030y_SOC,cf_median,
Tunisia,NEEV_Cold temperate dry_2030y_SOC,cf_median,
Turkey,NEEV_Cold temperate dry_2030y_SOC,cf_median,204.28001
Turkmenistan,NEEV_Cold temperate dry_2030y_SOC,cf_median,69.61912
Turks and Caicos islands,NEEV_Cold temperate dry_2030y_SOC,cf_median,
Tuvalu,NEEV_Cold temperate dry_2030y_SOC,cf_median,
U.K. of Great Britain and Northern Ireland,NEEV_Cold temperate dry_2030y_SOC,cf_median,189.11142
Uganda,NEEV_Cold temperate dry_2030y_SOC,cf_median,
Ukraine,NEEV_Cold temperate dry_2030y_SOC,cf_median,201.53716
United Arab Emirates,NEEV_Cold temperate dry_2030y_SOC,cf_median,
United Republic of Tanzania,NEEV_Cold temperate dry_2030y_SOC,cf_median,
United States Virgin Islands,NEEV_Cold temperate dry_2030y_SOC,cf_median,
United States of America,NEEV_Cold temperate dry_2030y_SOC,cf_median,191.15184
Uruguay,NEEV_Cold temperate dry_2030y_SOC,cf_median,
Uzbekistan,NEEV_Cold temperate dry_2030y_SOC,cf_median,105.701416
Vanuatu,NEEV_Cold temperate dry_2030y_SOC,cf_median,
Venezuela,NEEV_Cold temperate dry_2030y_SOC,cf_median,
Viet Nam,NEEV_Cold temperate dry_2030y_SOC,cf_median,
Wake Island,NEEV_Cold temperate dry_2030y_SOC,cf_median,
Wallis and Futuna,NEEV_Cold temperate dry_2030y_SOC,cf_median,
West Bank,NEEV_Cold temperate dry_2030y_SOC,cf_median,
Western Sahara,NEEV_Cold temperate dry_2030y_SOC,cf_median,
Yemen,NEEV_Cold temperate dry_2030y_SOC,cf_median,
Zambia,NEEV_Cold temperate dry_2030y_SOC,cf_median,
Zimbabwe,NEEV_Cold temperate dry_2030y_SOC,cf_median,
Abyei,NEEV_Cold temperate dry_2030y_SOC,cf_std,
Afghanistan,NEEV_Cold temperate dry_2030y_SOC,cf_std,73.94972
Aksai Chin,NEEV_Cold temperate dry_2030y_SOC,cf_std,
Albania,NEEV_Cold temperate dry_2030y_SOC,cf_std,16.876844
Algeria,NEEV_Cold temperate dry_2030y_SOC,cf_std,
American Samoa,NEEV_Cold temperate dry_2030y_SOC,cf_std,
Andorra,NEEV_Cold temperate dry_2030y_SOC,cf_std,
Angola,NEEV_Cold temperate dry_2030y_SOC,cf_std,
Anguilla,NEEV_Cold temperate dry_2030y_SOC,cf_std,
Antarctica,NEEV_Cold temperate dry_2030y_SOC,cf_std,
Antigua and Barbuda,NEEV_Cold temperate dry_2030y_SOC,cf_std,
Argentina,NEEV_Cold temperate dry_2030y_SOC,cf_std,46.776123
Armenia,NEEV_Cold temperate dry_2030y_SOC,cf_std,
Aruba,NEEV_Cold temperate dry_2030y_SOC,cf_std,
Arunachal Pradesh,NEEV_Cold temperate dry_2030y_SOC,cf_std,
Ashmore and Cartier Islands,NEEV_Cold temperate dry_2030y_SOC,cf_std,
Australia,NEEV_Cold temperate dry_2030y_SOC,cf_std,
Austria,NEEV_Cold temperate dry_2030y_SOC,cf_std,27.218891
Azerbaijan,NEEV_Cold temperate dry_2030y_SOC,cf_std,
Azores Islands,NEEV_Cold temperate dry_2030y_SOC,cf_std,
Bahamas,NEEV_Cold temperate dry_2030y_SOC,cf_std,
Bahrain,NEEV_Cold temperate dry_2030y_SOC,cf_std,
Baker Island,NEEV_Cold temperate dry_2030y_SOC,cf_std,
Bangladesh,NEEV_Cold temperate dry_2030y_SOC,cf_std,
Barbados,NEEV_Cold temperate dry_2030y_SOC,cf_std,
Bassas da India,NEEV_Cold temperate dry_2030y_SOC,cf_std,
Belarus,NEEV_Cold temperate dry_2030y_SOC,cf_std,10.2939005
Belgium,NEEV_Cold temperate dry_2030y_SOC,cf_std,23.694334
Belize,NEEV_Cold temperate dry_2030y_SOC,cf_std,
Benin,NEEV_Cold temperate dry_2030y_SOC,cf_std,
Bermuda,NEEV_Cold temperate dry_2030y_SOC,cf_std,
Bhutan,NEEV_Cold temperate dry_2030y_SOC,cf_std,
Bird Island,NEEV_Cold temperate dry_2030y_SOC,cf_std,
Bolivia,NEEV_Cold temperate dry_2030y_SOC,cf_std,
Bosnia and Herzegovina,NEEV_Cold temperate dry_2030y_SOC,cf_std,19.99521
Botswana,NEEV_Cold temperate dry_2030y_SOC,cf_std,
Bouvet Island,NEEV_Cold temperate dry_2030y_SOC,cf_std,
Brazil,NEEV_Cold temperate dry_2030y_SOC,cf_std,
British Indian Ocean Territory,NEEV_Cold temperate dry_2030y_SOC,cf_std,
British Virgin Islands,NEEV_Cold temperate dry_2030y_SOC,cf_std,
Brunei Darussalam,NEEV_Cold temperate dry_2030y_SOC,cf_std,
Bulgaria,NEEV_Cold temperate dry_2030y_SOC,cf_std,7.7750854
Burkina Faso,NEEV_Cold temperate dry_2030y_SOC,cf_std,
Burundi,NEEV_Cold temperate dry_2030y_SOC,cf_std,
Cambodia,NEEV_Cold temperate dry_2030y_SOC,cf_std,
Cameroon,NEEV_Cold temperate dry_2030y_SOC,cf_std,
Canada,NEEV_Cold temperate dry_2030y_SOC,cf_std,52.701263
Cape Verde,NEEV_Cold temperate dry_2030y_SOC,cf_std,
Cayman Islands,NEEV_Cold temperate dry_2030y_SOC,cf_std,
Central African Republic,NEEV_Cold temperate dry_2030y_SOC,cf_std,
Chad,NEEV_Cold temperate dry_2030y_SOC,cf_std,
Chile,NEEV_Cold temperate dry_2030y_SOC,cf_std,75.7095
China,NEEV_Cold temperate dry_2030y_SOC,cf_std,79.440384
China/India,NEEV_Cold temperate dry_2030y_SOC,cf_std,
Christmas Island,NEEV_Cold temperate dry_2030y_SOC,cf_std,
Clipperton Island,NEEV_Cold temperate dry_2030y_SOC,cf_std,
Cocos (Keeling) Islands,NEEV_Cold temperate dry_2030y_SOC,cf_std,
Colombia,NEEV_Cold temperate dry_2030y_SOC,cf_std,
Comoros,NEEV_Cold temperate dry_2030y_SOC,cf_std,
Congo,NEEV_Cold temperate dry_2030y_SOC,cf_std,
Cook Islands,NEEV_Cold temperate dry_2030y_SOC,cf_std,
Costa Rica,NEEV_Cold temperate dry_2030y_SOC,cf_std,
Croatia,NEEV_Cold temperate dry_2030y_SOC,cf_std,18.285566
Cuba,NEEV_Cold temperate dry_2030y_SOC,cf_std,
Cyprus,NEEV_Cold temperate dry_2030y_SOC,cf_std,
Czech Republic,NEEV_Cold temperate dry_2030y_SOC,cf_std,14.100652
Côte d'Ivoire,NEEV_Cold temperate dry_2030y_SOC,cf_std,
Dem People's Rep of Korea,NEEV_Cold temperate dry_2030y_SOC,cf_std,55.06425
Democratic Republic of the Congo,NEEV_Cold temperate dry_2030y_SOC,cf_std,
Denmark,NEEV_Cold temperate dry_2030y_SOC,cf_std,65.696045
Djibouti,NEEV_Cold temperate dry_2030y_SOC,cf_std,
Dominica,NEEV_Cold temperate dry_2030y_SOC,cf_std,
Dominican Republic,NEEV_Cold temperate dry_2030y_SOC,cf_std,
Ecuador,NEEV_Cold temperate dry_2030y_SOC,cf_std,
Egypt,NEEV_Cold temperate dry_2030y_SOC,cf_std,
El Salvador,NEEV_Cold temperate dry_2030y_SOC,cf_std,
Equatorial Guinea,NEEV_Cold temperate dry_2030y_SOC,cf_std,
Eritrea,NEEV_Cold temperate dry_2030y_SOC,cf_std,
Estonia,NEEV_Cold temperate dry_2030y_SOC,cf_std,45.16935
Ethiopia,NEEV_Cold temperate dry_2030y_SOC,cf_std,
Europa Island,NEEV_Cold temperate dry_2030y_SOC,cf_std,
Falkland Islands (Malvinas),NEEV_Cold temperate dry_2030y_SOC,cf_std,
Faroe Islands,NEEV_Cold temperate dry_2030y_SOC,cf_std,
Fiji,NEEV_Cold temperate dry_2030y_SOC,cf_std,
Finland,NEEV_Cold temperate dry_2030y_SOC,cf_std,6.4982367
France,NEEV_Cold temperate dry_2030y_SOC,cf_std,35.073868
French Guiana,NEEV_Cold temperate dry_2030y_SOC,cf_std,
French Polynesia,NEEV_Cold temperate dry_2030y_SOC,cf_std,
French Southern and Antarctic Territories,NEEV_Cold temperate dry_2030y_SOC,cf_std,
Gabon,NEEV_Cold temperate dry_2030y_SOC,cf_std,
Gambia,NEEV_Cold temperate dry_2030y_SOC,cf_std,
Gaza Strip,NEEV_Cold temperate dry_2030y_SOC,cf_std,
Georgia,NEEV_Cold temperate dry_2030y_SOC,cf_std,22.330982
Germany,NEEV_Cold temperate dry_2030y_SOC,cf_std,21.980598
Ghana,NEEV_Cold temperate dry_2030y_SOC,cf_std,
Gibraltar,NEEV_Cold temperate dry_2030y_SOC,cf_std,
Glorioso Island,NEEV_Cold temperate dry_2030y_SOC,cf_std,
Greece,NEEV_Cold temperate dry_2030y_SOC,cf_std,13.183708
Greenland,NEEV_Cold temperate dry_2030y_SOC,cf_std,
Grenada,NEEV_Cold temperate dry_2030y_SOC,cf_std,
Guadeloupe,NEEV_Cold temperate dry_2030y_SOC,cf_std,
Guam,NEEV_Cold temperate dry_2030y_SOC,cf_std,
Guatemala,NEEV_Cold temperate dry_2030y_SOC,cf_std,
Guernsey,NEEV_Cold temperate dry_2030y_SOC,cf_std,
Guinea,NEEV_Cold temperate dry_2030y_SOC,cf_std,
Guinea-Bissau,NEEV_Cold temperate dry_2030y_SOC,cf_std,
Guyana,NEEV_Cold temperate dry_2030y_SOC,cf_std,
Haiti,NEEV_Cold temperate dry_2030y_SOC,cf_std,
Hala'ib triangle,NEEV_Cold temperate dry_2030y_SOC,cf_std,
Heard Island and McDonald Islands,NEEV_Cold temperate dry_2030y_SOC,cf_std,
Holy See,NEEV_Cold temperate dry_2030y_SOC,cf_std,
Honduras,NEEV_Cold temperate dry_2030y_SOC,cf_std,
Hong Kong,NEEV_Cold temperate dry_2030y_SOC,cf_std,
Howland Island,NEEV_Cold temperate dry_2030y_SOC,cf_std,
Hungary,NEEV_Cold temperate dry_2030y_SOC,cf_std,15.105856
Iceland,NEEV_Cold temperate dry_2030y_SOC,cf_std,0.0
Ilemi triangle,NEEV_Cold temperate dry_2030y_SOC,cf_std,
India,NEEV_Cold temperate dry_2030y_SOC,cf_std,
Indonesia,NEEV_Cold temperate dry_2030y_SOC,cf_std,
Iran  (Islamic Republic of),NEEV_Cold temperate dry_2030y_SOC,cf_std,
Iraq,NEEV_Cold temperate dry_2030y_SOC,cf_std,
Ireland,NEEV_Cold temperate dry_2030y_SOC,cf_std,24.467121
Isle of Man,NEEV_Cold temperate dry_2030y_SOC,cf_std,
Israel,NEEV_Cold temperate dry_2030y_SOC,cf_std,
Italy,NEEV_Cold temperate dry_2030y_SOC,cf_std,24.918226
Jamaica,NEEV_Cold temperate dry_2030y_SOC,cf_std,
Jammu and Kashmir,NEEV_Cold temperate dry_2030y_SOC,cf_std,
Japan,NEEV_Cold temperate dry_2030y_SOC,cf_std,61.37578
Jarvis Island,NEEV_Cold temperate dry_2030y_SOC,cf_std,
Jersey,NEEV_Cold temperate dry_2030y_SOC,cf_std,
Johnston Atoll,NEEV_Cold temperate dry_2030y_SOC,cf_std,
Jordan,NEEV_Cold temperate dry_2030y_SOC,cf_std,
Juan de Nova Island,NEEV_Cold temperate dry_2030y_SOC,cf_std,
Kazakhstan,NEEV_Cold temperate dry_2030y_SOC,cf_std,28.943346
Kenya,NEEV_Cold temperate dry_2030y_SOC,cf_std,
Kingman Reef,NEEV_Cold temperate dry_2030y_SOC,cf_std,
Kiribati,NEEV_Cold temperate dry_2030y_SOC,cf_std,
Kuril islands,NEEV_Cold temperate dry_2030y_SOC,cf_std,
Kuwait,NEEV_Cold temperate dry_2030y_SOC,cf_std,
Kyrgyzstan,NEEV_Cold temperate dry_2030y_SOC,cf_std,40.730858
Lao People's Democratic Republic,NEEV_Cold temperate dry_2030y_SOC,cf_std,
Latvia,NEEV_Cold temperate dry_2030y_SOC,cf_std,23.030258
Lebanon,NEEV_Cold temperate dry_2030y_SOC,cf_std,
Lesotho,NEEV_Cold temperate dry_2030y_SOC,cf_std,
Liberia,NEEV_Cold temperate dry_2030y_SOC,cf_std,
Libya,NEEV_Cold temperate dry_2030y_SOC,cf_std,
Liechtenstein,NEEV_Cold temperate dry_2030y_SOC,cf_std,4.7891817
Lithuania,NEEV_Cold temperate dry_2030y_SOC,cf_std,17.451735
Luxembourg,NEEV_Cold temperate dry_2030y_SOC,cf_std,8.216248
Ma'tan al-Sarra,NEEV_Cold temperate dry_2030y_SOC,cf_std,
Macau,NEEV_Cold temperate dry_2030y_SOC,cf_std,
Madagascar,NEEV_Cold temperate dry_2030y_SOC,cf_std,
Madeira Islands,NEEV_Cold temperate dry_2030y_SOC,cf_std,
Malawi,NEEV_Cold temperate dry_2030y_SOC,cf_std,
Malaysia,NEEV_Cold temperate dry_2030y_SOC,cf_std,
Maldives,NEEV_Cold temperate dry_2030y_SOC,cf_std,
Mali,NEEV_Cold temperate dry_2030y_SOC,cf_std,
Malta,NEEV_Cold temperate dry_2030y_SOC,cf_std,
Marshall Islands,NEEV_Cold temperate dry_2030y_SOC,cf_std,
Martinique,NEEV_Cold temperate dry_2030y_SOC,cf_std,
Mauritania,NEEV_Cold temperate dry_2030y_SOC,cf_std,
Mauritius,NEEV_Cold temperate dry_2030y_SOC,cf_std,
Mayotte,NEEV_Cold temperate dry_2030y_SOC,cf_std,
Mexico,NEEV_Cold temperate dry_2030y_SOC,cf_std,
Micronesia (Federated States of),NEEV_Cold temperate dry_2030y_SOC,cf_std,
Midway Island,NEEV_Cold temperate dry_2030y_SOC,cf_std,
"Moldova, Republic of",NEEV_Cold temperate dry_2030y_SOC,cf_std,8.82697
Monaco,NEEV_Cold temperate dry_2030y_SOC,cf_std,
Mongolia,NEEV_Cold temperate dry_2030y_SOC,cf_std,34.136074
Montenegro,NEEV_Cold temperate dry_2030y_SOC,cf_std,16.566013
Montserrat,NEEV_Cold temperate dry_2030y_SOC,cf_std,
Morocco,NEEV_Cold temperate dry_2030y_SOC,cf_std,
Mozambique,NEEV_Cold temperate dry_2030y_SOC,cf_std,
Myanmar,NEEV_Cold temperate dry_2030y_SOC,cf_std,
Namibia,NEEV_Cold temperate dry_2030y_SOC,cf_std,
Nauru,NEEV_Cold temperate dry_2030y_SOC,cf_std,
Navassa Island,NEEV_Cold temperate dry_2030y_SOC,cf_std,
Nepal,NEEV_Cold temperate dry_2030y_SOC,cf_std,
Netherlands,NEEV_Cold temperate dry_2030y_SOC,cf_std,77.88624
Netherlands Antilles,NEEV_Cold temperate dry_2030y_SOC,cf_std,
New Caledonia,NEEV_Cold temperate dry_2030y_SOC,cf_std,
New Zealand,NEEV_Cold temperate dry_2030y_SOC,cf_std,25.769644
Nicaragua,NEEV_Cold temperate dry_2030y_SOC,cf_std,
Niger,NEEV_Cold temperate dry_2030y_SOC,cf_std,
Nigeria,NEEV_Cold temperate dry_2030y_SOC,cf_std,
Niue,NEEV_Cold temperate dry_2030y_SOC,cf_std,
Norfolk Island,NEEV_Cold temperate dry_2030y_SOC,cf_std,
Northern Mariana Islands,NEEV_Cold temperate dry_2030y_SOC,cf_std,
Norway,NEEV_Cold temperate dry_2030y_SOC,cf_std,33.0715
Oman,NEEV_Cold temperate dry_2030y_SOC,cf_std,
Pakistan,NEEV_Cold temperate dry_2030y_SOC,cf_std,
Palau,NEEV_Cold temperate dry_2030y_SOC,cf_std,
Palmyra Atoll,NEEV_Cold temperate dry_2030y_SOC,cf_std,
Panama,NEEV_Cold temperate dry_2030y_SOC,cf_std,
Papua New Guinea,NEEV_Cold temperate dry_2030y_SOC,cf_std,
Paracel Islands,NEEV_Cold temperate dry_2030y_SOC,cf_std,
Paraguay,NEEV_Cold temperate dry_2030y_SOC,cf_std,
Peru,NEEV_Cold temperate dry_2030y_SOC,cf_std,
Philippines,NEEV_Cold temperate dry_2030y_SOC,cf_std,
Pitcairn,NEEV_Cold temperate dry_2030y_SOC,cf_std,
Poland,NEEV_Cold temperate dry_2030y_SOC,cf_std,11.70492
Portugal,NEEV_Cold temperate dry_2030y_SOC,cf_std,
Puerto Rico,NEEV_Cold temperate dry_2030y_SOC,cf_std,
Qatar,NEEV_Cold temperate dry_2030y_SOC,cf_std,
Republic of Korea,NEEV_Cold temperate dry_2030y_SOC,cf_std,55.154697
Romania,NEEV_Cold temperate dry_2030y_SOC,cf_std,10.570206
Russian Federation,NEEV_Cold temperate dry_2030y_SOC,cf_std,49.139286
Rwanda,NEEV_Cold temperate dry_2030y_SOC,cf_std,
Réunion,NEEV_Cold temperate dry_2030y_SOC,cf_std,
Saint Helena,NEEV_Cold temperate dry_2030y_SOC,cf_std,
Saint Kitts and Nevis,NEEV_Cold temperate dry_2030y_SOC,cf_std,
Saint Lucia,NEEV_Cold temperate dry_2030y_SOC,cf_std,
Saint Pierre et Miquelon,NEEV_Cold temperate dry_2030y_SOC,cf_std,
Saint Vincent and the Grenadines,NEEV_Cold temperate dry_2030y_SOC,cf_std,
Samoa,NEEV_Cold temperate dry_2030y_SOC,cf_std,
San Marino,NEEV_Cold temperate dry_2030y_SOC,cf_std,
Sao Tome and Principe,NEEV_Cold temperate dry_2030y_SOC,cf_std,
Saudi Arabia,NEEV_Cold temperate dry_2030y_SOC,cf_std,
Scarborough Reef,NEEV_Cold temperate dry_2030y_SOC,cf_std,
Senegal,NEEV_Cold temperate dry_2030y_SOC,cf_std,
Senkaku Islands,NEEV_Cold temperate dry_2030y_SOC,cf_std,
Serbia,NEEV_Cold temperate dry_2030y_SOC,cf_std,26.515862
Seychelles,NEEV_Cold temperate dry_2030y_SOC,cf_std,
Sierra Leone,NEEV_Cold temperate dry_2030y_SOC,cf_std,
Singapore,NEEV_Cold temperate dry_2030y_SOC,cf_std,
Slovakia,NEEV_Cold temperate dry_2030y_SOC,cf_std,14.059944
Slovenia,NEEV_Cold temperate dry_2030y_SOC,cf_std,19.838366
Solomon Islands,NEEV_Cold temperate dry_2030y_SOC,cf_std,
Somalia,NEEV_Cold temperate dry_2030y_SOC,cf_std,
South Africa,NEEV_Cold temperate dry_2030y_SOC,cf_std,
South Georgia and the South Sandwich Islands,NEEV_Cold temperate dry_2030y_SOC,cf_std,
South Sudan,NEEV_Cold temperate dry_2030y_SOC,cf_std,
Spain,NEEV_Cold temperate dry_2030y_SOC,cf_std,
Spratly Islands,NEEV_Cold temperate dry_2030y_SOC,cf_std,
Sri Lanka,NEEV_Cold temperate dry_2030y_SOC,cf_std,
Sudan,NEEV_Cold temperate dry_2030y_SOC,cf_std,
Suriname,NEEV_Cold temperate dry_2030y_SOC,cf_std,
Svalbard and Jan Mayen Islands,NEEV_Cold temperate dry_2030y_SOC,cf_std,
Swaziland,NEEV_Cold temperate dry_2030y_SOC,cf_std,
Sweden,NEEV_Cold temperate dry_2030y_SOC,cf_std,27.348392
Switzerland,NEEV_Cold temperate dry_2030y_SOC,cf_std,16.94414
Syrian Arab Republic,NEEV_Cold temperate dry_2030y_SOC,cf_std,
Taiwan,NEEV_Cold temperate dry_2030y_SOC,cf_std,
Tajikistan,NEEV_Cold temperate dry_2030y_SOC,cf_std,49.142056
Thailand,NEEV_Cold temperate dry_2030y_SOC,cf_std,
The former Yugoslav Republic of Macedonia,NEEV_Cold temperate dry_2030y_SOC,cf_std,18.424726
Timor-Leste,NEEV_Cold temperate dry_2030y_SOC,cf_std,
Togo,NEEV_Cold temperate dry_2030y_SOC,cf_std,
Tokelau,NEEV_Cold temperate dry_2030y_SOC,cf_std,
Tonga,NEEV_Cold temperate dry_2030y_SOC,cf_std,
Trinidad and Tobago,NEEV_Cold temperate dry_2030y_SOC,cf_std,
Tromelin Island,NEEV_Cold temperate dry_2030y_SOC,cf_std,
Tunisia,NEEV_Cold temperate dry_2030y_SOC,cf_std,
Turkey,NEEV_Cold temperate dry_2030y_SOC,cf_std,23.70778
Turkmenistan,NEEV_Cold temperate dry_2030y_SOC,cf_std,30.264904
Turks and Caicos islands,NEEV_Cold temperate dry_2030y_SOC,cf_std,
Tuvalu,NEEV_Cold temperate dry_2030y_SOC,cf_std,
U.K. of Great Britain and Northern Ireland,NEEV_Cold temperate dry_2030y_SOC,cf_std,42.613842
Uganda,NEEV_Cold temperate dry_2030y_SOC,cf_std,
Ukraine,NEEV_Cold temperate dry_2030y_SOC,cf_std,16.272541
United Arab Emirates,NEEV_Cold temperate dry_2030y_SOC,cf_std,
United Republic of Tanzania,NEEV_Cold temperate dry_2030y_SOC,cf_std,
United States Virgin Islands,NEEV_Cold temperate dry_2030y_SOC,cf_std,
United States of America,NEEV_Cold temperate dry_2030y_SOC,cf_std,77.24812
Uruguay,NEEV_Cold temperate dry_2030y_SOC,cf_std,
Uzbekistan,NEEV_Cold temperate dry_2030y_SOC,cf_std,28.08412
Vanuatu,NEEV_Cold temperate dry_2030y_SOC,cf_std,
Venezuela,NEEV_Cold temperate dry_2030y_SOC,cf_std,
Viet Nam,NEEV_Cold temperate dry_2030y_SOC,cf_std,
Wake Island,NEEV_Cold temperate dry_2030y_SOC,cf_std,
Wallis and Futuna,NEEV_Cold temperate dry_2030y_SOC,cf_std,
West Bank,NEEV_Cold temperate dry_2030y_SOC,cf_std,
Western Sahara,NEEV_Cold temperate dry_2030y_SOC,cf_std,
Yemen,NEEV_Cold temperate dry_2030y_SOC,cf_std,
Zambia,NEEV_Cold temperate dry_2030y_SOC,cf_std,
Zimbabwe,NEEV_Cold temperate dry_2030y_SOC,cf_std,
Abyei,NEEV_Cold temperate moist_2030y_SOC,cf_mean,
Afghanistan,NEEV_Cold temperate moist_2030y_SOC,cf_mean,310.74756
Aksai Chin,NEEV_Cold temperate moist_2030y_SOC,cf_mean,
Albania,NEEV_Cold temperate moist_2030y_SOC,cf_mean,
Algeria,NEEV_Cold temperate moist_2030y_SOC,cf_mean,
American Samoa,NEEV_Cold temperate moist_2030y_SOC,cf_mean,
Andorra,NEEV_Cold temperate moist_2030y_SOC,cf_mean,
Angola,NEEV_Cold temperate moist_2030y_SOC,cf_mean,
Anguilla,NEEV_Cold temperate moist_2030y_SOC,cf_mean,
Antarctica,NEEV_Cold temperate moist_2030y_SOC,cf_mean,
Antigua and Barbuda,NEEV_Cold temperate moist_2030y_SOC,cf_mean,
Argentina,NEEV_Cold temperate moist_2030y_SOC,cf_mean,242.0697
Armenia,NEEV_Cold temperate moist_2030y_SOC,cf_mean,
Aruba,NEEV_Cold temperate moist_2030y_SOC,cf_mean,
Arunachal Pradesh,NEEV_Cold temperate moist_2030y_SOC,cf_mean,
Ashmore and Cartier Islands,NEEV_Cold temperate moist_2030y_SOC,cf_mean,
Australia,NEEV_Cold temperate moist_2030y_SOC,cf_mean,
Austria,NEEV_Cold temperate moist_2030y_SOC,cf_mean,241.12608
Azerbaijan,NEEV_Cold temperate moist_2030y_SOC,cf_mean,
Azores Islands,NEEV_Cold temperate moist_2030y_SOC,cf_mean,
Bahamas,NEEV_Cold temperate moist_2030y_SOC,cf_mean,
Bahrain,NEEV_Cold temperate moist_2030y_SOC,cf_mean,
Baker Island,NEEV_Cold temperate moist_2030y_SOC,cf_mean,
Bangladesh,NEEV_Cold temperate moist_2030y_SOC,cf_mean,
Barbados,NEEV_Cold temperate moist_2030y_SOC,cf_mean,
Bassas da India,NEEV_Cold temperate moist_2030y_SOC,cf_mean,
Belarus,NEEV_Cold temperate moist_2030y_SOC,cf_mean,241.88492
Belgium,NEEV_Cold temperate moist_2030y_SOC,cf_mean,227.30392
Belize,NEEV_Cold temperate moist_2030y_SOC,cf_mean,
Benin,NEEV_Cold temperate moist_2030y_SOC,cf_mean,
Bermuda,NEEV_Cold temperate moist_2030y_SOC,cf_mean,
Bhutan,NEEV_Cold temperate moist_2030y_SOC,cf_mean,
Bird Island,NEEV_Cold temperate moist_2030y_SOC,cf_mean,
Bolivia,NEEV_Cold temperate moist_2030y_SOC,cf_mean,
Bosnia and Herzegovina,NEEV_Cold temperate moist_2030y_SOC,cf_mean,214.38477
Botswana,NEEV_Cold temperate moist_2030y_SOC,cf_mean,
Bouvet Island,NEEV_Cold temperate moist_2030y_SOC,cf_mean,
Brazil,NEEV_Cold temperate moist_2030y_SOC,cf_mean,
British Indian Ocean Territory,NEEV_Cold temperate moist_2030y_SOC,cf_mean,
British Virgin Islands,NEEV_Cold temperate moist_2030y_SOC,cf_mean,
Brunei Darussalam,NEEV_Cold temperate moist_2030y_SOC,cf_mean,
Bulgaria,NEEV_Cold temperate moist_2030y_SOC,cf_mean,
Burkina Faso,NEEV_Cold temperate moist_2030y_SOC,cf_mean,
Burundi,NEEV_Cold temperate moist_2030y_SOC,cf_mean,
Cambodia,NEEV_Cold temperate moist_2030y_SOC,cf_mean,
Cameroon,NEEV_Cold temperate moist_2030y_SOC,cf_mean,
Canada,NEEV_Cold temperate moist_2030y_SOC,cf_mean,284.3911
Cape Verde,NEEV_Cold temperate moist_2030y_SOC,cf_mean,
Cayman Islands,NEEV_Cold temperate moist_2030y_SOC,cf_mean,
Central African Republic,NEEV_Cold temperate moist_2030y_SOC,cf_mean,
Chad,NEEV_Cold temperate moist_2030y_SOC,cf_mean,
Chile,NEEV_Cold temperate moist_2030y_SOC,cf_mean,298.5404
China,NEEV_Cold temperate moist_2030y_SOC,cf_mean,265.1003
China/India,NEEV_Cold temperate moist_2030y_SOC,cf_mean,
Christmas Island,NEEV_Cold temperate moist_2030y_SOC,cf_mean,
Clipperton Island,NEEV_Cold temperate moist_2030y_SOC,cf_mean,
Cocos (Keeling) Islands,NEEV_Cold temperate moist_2030y_SOC,cf_mean,
Colombia,NEEV_Cold temperate moist_2030y_SOC,cf_mean,
Comoros,NEEV_Cold temperate moist_2030y_SOC,cf_mean,
Congo,NEEV_Cold temperate moist_2030y_SOC,cf_mean,
Cook Islands,NEEV_Cold temperate moist_2030y_SOC,cf_mean,
Costa Rica,NEEV_Cold temperate moist_2030y_SOC,cf_mean,
Croatia,NEEV_Cold temperate moist_2030y_SOC,cf_mean,214.38477
Cuba,NEEV_Cold temperate moist_2030y_SOC,cf_mean,
Cyprus,NEEV_Cold temperate moist_2030y_SOC,cf_mean,
Czech Republic,NEEV_Cold temperate moist_2030y_SOC,cf_mean,205.56018
Côte d'Ivoire,NEEV_Cold temperate moist_2030y_SOC,cf_mean,
Dem People's Rep of Korea,NEEV_Cold temperate moist_2030y_SOC,cf_mean,
Democratic Republic of the Congo,NEEV_Cold temperate moist_2030y_SOC,cf_mean,
Denmark,NEEV_Cold temperate moist_2030y_SOC,cf_mean,206.26572
Djibouti,NEEV_Cold temperate moist_2030y_SOC,cf_mean,
Dominica,NEEV_Cold temperate moist_2030y_SOC,cf_mean,
Dominican Republic,NEEV_Cold temperate moist_2030y_SOC,cf_mean,
Ecuador,NEEV_Cold temperate moist_2030y_SOC,cf_mean,
Egypt,NEEV_Cold temperate moist_2030y_SOC,cf_mean,
El Salvador,NEEV_Cold temperate moist_2030y_SOC,cf_mean,
Equatorial Guinea,NEEV_Cold temperate moist_2030y_SOC,cf_mean,
Eritrea,NEEV_Cold temperate moist_2030y_SOC,cf_mean,
Estonia,NEEV_Cold temperate moist_2030y_SOC,cf_mean,333.41196
Ethiopia,NEEV_Cold temperate moist_2030y_SOC,cf_mean,
Europa Island,NEEV_Cold temperate moist_2030y_SOC,cf_mean,
Falkland Islands (Malvinas),NEEV_Cold temperate moist_2030y_SOC,cf_mean,
Faroe Islands,NEEV_Cold temperate moist_2030y_SOC,cf_mean,
Fiji,NEEV_Cold temperate moist_2030y_SOC,cf_mean,
Finland,NEEV_Cold temperate moist_2030y_SOC,cf_mean,324.18777
France,NEEV_Cold temperate moist_2030y_SOC,cf_mean,222.25352
French Guiana,NEEV_Cold temperate moist_2030y_SOC,cf_mean,
French Polynesia,NEEV_Cold temperate moist_2030y_SOC,cf_mean,
French Southern and Antarctic Territories,NEEV_Cold temperate moist_2030y_SOC,cf_mean,
Gabon,NEEV_Cold temperate moist_2030y_SOC,cf_mean,
Gambia,NEEV_Cold temperate moist_2030y_SOC,cf_mean,
Gaza Strip,NEEV_Cold temperate moist_2030y_SOC,cf_mean,
Georgia,NEEV_Cold temperate moist_2030y_SOC,cf_mean,220.8801
Germany,NEEV_Cold temperate moist_2030y_SOC,cf_mean,215.21336
Ghana,NEEV_Cold temperate moist_2030y_SOC,cf_mean,
Gibraltar,NEEV_Cold temperate moist_2030y_SOC,cf_mean,
Glorioso Island,NEEV_Cold temperate moist_2030y_SOC,cf_mean,
Greece,NEEV_Cold temperate moist_2030y_SOC,cf_mean,
Greenland,NEEV_Cold temperate moist_2030y_SOC,cf_mean,
Grenada,NEEV_Cold temperate moist_2030y_SOC,cf_mean,
Guadeloupe,NEEV_Cold temperate moist_2030y_SOC,cf_mean,
Guam,NEEV_Cold temperate moist_2030y_SOC,cf_mean,
Guatemala,NEEV_Cold temperate moist_2030y_SOC,cf_mean,
Guernsey,NEEV_Cold temperate moist_2030y_SOC,cf_mean,
Guinea,NEEV_Cold temperate moist_2030y_SOC,cf_mean,
Guinea-Bissau,NEEV_Cold temperate moist_2030y_SOC,cf_mean,
Guyana,NEEV_Cold temperate moist_2030y_SOC,cf_mean,
Haiti,NEEV_Cold temperate moist_2030y_SOC,cf_mean,
Hala'ib triangle,NEEV_Cold temperate moist_2030y_SOC,cf_mean,
Heard Island and McDonald Islands,NEEV_Cold temperate moist_2030y_SOC,cf_mean,
Holy See,NEEV_Cold temperate moist_2030y_SOC,cf_mean,
Honduras,NEEV_Cold temperate moist_2030y_SOC,cf_mean,
Hong Kong,NEEV_Cold temperate moist_2030y_SOC,cf_mean,
Howland Island,NEEV_Cold temperate moist_2030y_SOC,cf_mean,
Hungary,NEEV_Cold temperate moist_2030y_SOC,cf_mean,185.00462
Iceland,NEEV_Cold temperate moist_2030y_SOC,cf_mean,347.39557
Ilemi triangle,NEEV_Cold temperate moist_2030y_SOC,cf_mean,
India,NEEV_Cold temperate moist_2030y_SOC,cf_mean,
Indonesia,NEEV_Cold temperate moist_2030y_SOC,cf_mean,
Iran  (Islamic Republic of),NEEV_Cold temperate moist_2030y_SOC,cf_mean,
Iraq,NEEV_Cold temperate moist_2030y_SOC,cf_mean,
Ireland,NEEV_Cold temperate moist_2030y_SOC,cf_mean,184.20625
Isle of Man,NEEV_Cold temperate moist_2030y_SOC,cf_mean,
Israel,NEEV_Cold temperate moist_2030y_SOC,cf_mean,
Italy,NEEV_Cold temperate moist_2030y_SOC,cf_mean,236.02843
Jamaica,NEEV_Cold temperate moist_2030y_SOC,cf_mean,
Jammu and Kashmir,NEEV_Cold temperate moist_2030y_SOC,cf_mean,
Japan,NEEV_Cold temperate moist_2030y_SOC,cf_mean,215.83421
Jarvis Island,NEEV_Cold temperate moist_2030y_SOC,cf_mean,
Jersey,NEEV_Cold temperate moist_2030y_SOC,cf_mean,
Johnston Atoll,NEEV_Cold temperate moist_2030y_SOC,cf_mean,
Jordan,NEEV_Cold temperate moist_2030y_SOC,cf_mean,
Juan de Nova Island,NEEV_Cold temperate moist_2030y_SOC,cf_mean,
Kazakhstan,NEEV_Cold temperate moist_2030y_SOC,cf_mean,273.00696
Kenya,NEEV_Cold temperate moist_2030y_SOC,cf_mean,
Kingman Reef,NEEV_Cold temperate moist_2030y_SOC,cf_mean,
Kiribati,NEEV_Cold temperate moist_2030y_SOC,cf_mean,
Kuril islands,NEEV_Cold temperate moist_2030y_SOC,cf_mean,
Kuwait,NEEV_Cold temperate moist_2030y_SOC,cf_mean,
Kyrgyzstan,NEEV_Cold temperate moist_2030y_SOC,cf_mean,336.63034
Lao People's Democratic Republic,NEEV_Cold temperate moist_2030y_SOC,cf_mean,
Latvia,NEEV_Cold temperate moist_2030y_SOC,cf_mean,279.9241
Lebanon,NEEV_Cold temperate moist_2030y_SOC,cf_mean,
Lesotho,NEEV_Cold temperate moist_2030y_SOC,cf_mean,
Liberia,NEEV_Cold temperate moist_2030y_SOC,cf_mean,
Libya,NEEV_Cold temperate moist_2030y_SOC,cf_mean,
Liechtenstein,NEEV_Cold temperate moist_2030y_SOC,cf_mean,
Lithuania,NEEV_Cold temperate moist_2030y_SOC,cf_mean,248.14786
Luxembourg,NEEV_Cold temperate moist_2030y_SOC,cf_mean,225.96326
Ma'tan al-Sarra,NEEV_Cold temperate moist_2030y_SOC,cf_mean,
Macau,NEEV_Cold temperate moist_2030y_SOC,cf_mean,
Madagascar,NEEV_Cold temperate moist_2030y_SOC,cf_mean,
Madeira Islands,NEEV_Cold temperate moist_2030y_SOC,cf_mean,
Malawi,NEEV_Cold temperate moist_2030y_SOC,cf_mean,
Malaysia,NEEV_Cold temperate moist_2030y_SOC,cf_mean,
Maldives,NEEV_Cold temperate moist_2030y_SOC,cf_mean,
Mali,NEEV_Cold temperate moist_2030y_SOC,cf_mean,
Malta,NEEV_Cold temperate moist_2030y_SOC,cf_mean,
Marshall Islands,NEEV_Cold temperate moist_2030y_SOC,cf_mean,
Martinique,NEEV_Cold temperate moist_2030y_SOC,cf_mean,
Mauritania,NEEV_Cold temperate moist_2030y_SOC,cf_mean,
Mauritius,NEEV_Cold temperate moist_2030y_SOC,cf_mean,
Mayotte,NEEV_Cold temperate moist_2030y_SOC,cf_mean,
Mexico,NEEV_Cold temperate moist_2030y_SOC,cf_mean,
Micronesia (Federated States of),NEEV_Cold temperate moist_2030y_SOC,cf_mean,
Midway Island,NEEV_Cold temperate moist_2030y_SOC,cf_mean,
"Moldova, Republic of",NEEV_Cold temperate moist_2030y_SOC,cf_mean,219.2059
Monaco,NEEV_Cold temperate moist_2030y_SOC,cf_mean,
Mongolia,NEEV_Cold temperate moist_2030y_SOC,cf_mean,321.34506
Montenegro,NEEV_Cold temperate moist_2030y_SOC,cf_mean,
Montserrat,NEEV_Cold temperate moist_2030y_SOC,cf_mean,
Morocco,NEEV_Cold temperate moist_2030y_SOC,cf_mean,
Mozambique,NEEV_Cold temperate moist_2030y_SOC,cf_mean,
Myanmar,NEEV_Cold temperate moist_2030y_SOC,cf_mean,
Namibia,NEEV_Cold temperate moist_2030y_SOC,cf_mean,
Nauru,NEEV_Cold temperate moist_2030y_SOC,cf_mean,
Navassa Island,NEEV_Cold temperate moist_2030y_SOC,cf_mean,
Nepal,NEEV_Cold temperate moist_2030y_SOC,cf_mean,
Netherlands,NEEV_Cold temperate moist_2030y_SOC,cf_mean,279.3186
Netherlands Antilles,NEEV_Cold temperate moist_2030y_SOC,cf_mean,
New Caledonia,NEEV_Cold temperate moist_2030y_SOC,cf_mean,
New Zealand,NEEV_Cold temperate moist_2030y_SOC,cf_mean,195.2964
Nicaragua,NEEV_Cold temperate moist_2030y_SOC,cf_mean,
Niger,NEEV_Cold temperate moist_2030y_SOC,cf_mean,
Nigeria,NEEV_Cold temperate moist_2030y_SOC,cf_mean,
Niue,NEEV_Cold temperate moist_2030y_SOC,cf_mean,
Norfolk Island,NEEV_Cold temperate moist_2030y_SOC,cf_mean,
Northern Mariana Islands,NEEV_Cold temperate moist_2030y_SOC,cf_mean,
Norway,NEEV_Cold temperate moist_2030y_SOC,cf_mean,292.78973
Oman,NEEV_Cold temperate moist_2030y_SOC,cf_mean,
Pakistan,NEEV_Cold temperate moist_2030y_SOC,cf_mean,
Palau,NEEV_Cold temperate moist_2030y_SOC,cf_mean,
Palmyra Atoll,NEEV_Cold temperate moist_2030y_SOC,cf_mean,
Panama,NEEV_Cold temperate moist_2030y_SOC,cf_mean,
Papua New Guinea,NEEV_Cold temperate moist_2030y_SOC,cf_mean,
Paracel Islands,NEEV_Cold temperate moist_2030y_SOC,cf_mean,
Paraguay,NEEV_Cold temperate moist_2030y_SOC,cf_mean,
Peru,NEEV_Cold temperate moist_2030y_SOC,cf_mean,
Philippines,NEEV_Cold temperate moist_2030y_SOC,cf_mean,
Pitcairn,NEEV_Cold temperate moist_2030y_SOC,cf_mean,
Poland,NEEV_Cold temperate moist_2030y_SOC,cf_mean,209.9825
Portugal,NEEV_Cold temperate moist_2030y_SOC,cf_mean,
Puerto Rico,NEEV_Cold temperate moist_2030y_SOC,cf_mean,
Qatar,NEEV_Cold temperate moist_2030y_SOC,cf_mean,
Republic of Korea,NEEV_Cold temperate moist_2030y_SOC,cf_mean,
Romania,NEEV_Cold temperate moist_2030y_SOC,cf_mean,202.9
Russian Federation,NEEV_Cold temperate moist_2030y_SOC,cf_mean,285.1956
Rwanda,NEEV_Cold temperate moist_2030y_SOC,cf_mean,
Réunion,NEEV_Cold temperate moist_2030y_SOC,cf_mean,
Saint Helena,NEEV_Cold temperate moist_2030y_SOC,cf_mean,
Saint Kitts and Nevis,NEEV_Cold temperate moist_2030y_SOC,cf_mean,
Saint Lucia,NEEV_Cold temperate moist_2030y_SOC,cf_mean,
Saint Pierre et Miquelon,NEEV_Cold temperate moist_2030y_SOC,cf_mean,
Saint Vincent and the Grenadines,NEEV_Cold temperate moist_2030y_SOC,cf_mean,
Samoa,NEEV_Cold temperate moist_2030y_SOC,cf_mean,
San Marino,NEEV_Cold temperate moist_2030y_SOC,cf_mean,
Sao Tome and Principe,NEEV_Cold temperate moist_2030y_SOC,cf_mean,
Saudi Arabia,NEEV_Cold temperate moist_2030y_SOC,cf_mean,
Scarborough Reef,NEEV_Cold temperate moist_2030y_SOC,cf_mean,
Senegal,NEEV_Cold temperate moist_2030y_SOC,cf_mean,
Senkaku Islands,NEEV_Cold temperate moist_2030y_SOC,cf_mean,
Serbia,NEEV_Cold temperate moist_2030y_SOC,cf_mean,
Seychelles,NEEV_Cold temperate moist_2030y_SOC,cf_mean,
Sierra Leone,NEEV_Cold temperate moist_2030y_SOC,cf_mean,
Singapore,NEEV_Cold temperate moist_2030y_SOC,cf_mean,
Slovakia,NEEV_Cold temperate moist_2030y_SOC,cf_mean,205.629
Slovenia,NEEV_Cold temperate moist_2030y_SOC,cf_mean,196.2169
Solomon Islands,NEEV_Cold temperate moist_2030y_SOC,cf_mean,
Somalia,NEEV_Cold temperate moist_2030y_SOC,cf_mean,
South Africa,NEEV_Cold temperate moist_2030y_SOC,cf_mean,
South Georgia and the South Sandwich Islands,NEEV_Cold temperate moist_2030y_SOC,cf_mean,
South Sudan,NEEV_Cold temperate moist_2030y_SOC,cf_mean,
Spain,NEEV_Cold temperate moist_2030y_SOC,cf_mean,
Spratly Islands,NEEV_Cold temperate moist_2030y_SOC,cf_mean,
Sri Lanka,NEEV_Cold temperate moist_2030y_SOC,cf_mean,
Sudan,NEEV_Cold temperate moist_2030y_SOC,cf_mean,
Suriname,NEEV_Cold temperate moist_2030y_SOC,cf_mean,
Svalbard and Jan Mayen Islands,NEEV_Cold temperate moist_2030y_SOC,cf_mean,
Swaziland,NEEV_Cold temperate moist_2030y_SOC,cf_mean,
Sweden,NEEV_Cold temperate moist_2030y_SOC,cf_mean,291.0687
Switzerland,NEEV_Cold temperate moist_2030y_SOC,cf_mean,238.97377
Syrian Arab Republic,NEEV_Cold temperate moist_2030y_SOC,cf_mean,
Taiwan,NEEV_Cold temperate moist_2030y_SOC,cf_mean,
Tajikistan,NEEV_Cold temperate moist_2030y_SOC,cf_mean,336.32797
Thailand,NEEV_Cold temperate moist_2030y_SOC,cf_mean,
The former Yugoslav Republic of Macedonia,NEEV_Cold temperate moist_2030y_SOC,cf_mean,
Timor-Leste,NEEV_Cold temperate moist_2030y_SOC,cf_mean,
Togo,NEEV_Cold temperate moist_2030y_SOC,cf_mean,
Tokelau,NEEV_Cold temperate moist_2030y_SOC,cf_mean,
Tonga,NEEV_Cold temperate moist_2030y_SOC,cf_mean,
Trinidad and Tobago,NEEV_Cold temperate moist_2030y_SOC,cf_mean,
Tromelin Island,NEEV_Cold temperate moist_2030y_SOC,cf_mean,
Tunisia,NEEV_Cold temperate moist_2030y_SOC,cf_mean,
Turkey,NEEV_Cold temperate moist_2030y_SOC,cf_mean,219.36115
Turkmenistan,NEEV_Cold temperate moist_2030y_SOC,cf_mean,
Turks and Caicos islands,NEEV_Cold temperate moist_2030y_SOC,cf_mean,
Tuvalu,NEEV_Cold temperate moist_2030y_SOC,cf_mean,
U.K. of Great Britain and Northern Ireland,NEEV_Cold temperate moist_2030y_SOC,cf_mean,240.4457
Uganda,NEEV_Cold temperate moist_2030y_SOC,cf_mean,
Ukraine,NEEV_Cold temperate moist_2030y_SOC,cf_mean,237.48656
United Arab Emirates,NEEV_Cold temperate moist_2030y_SOC,cf_mean,
United Republic of Tanzania,NEEV_Cold temperate moist_2030y_SOC,cf_mean,
United States Virgin Islands,NEEV_Cold temperate moist_2030y_SOC,cf_mean,
United States of America,NEEV_Cold temperate moist_2030y_SOC,cf_mean,251.94525
Uruguay,NEEV_Cold temperate moist_2030y_SOC,cf_mean,
Uzbekistan,NEEV_Cold temperate moist_2030y_SOC,cf_mean,199.22153
Vanuatu,NEEV_Cold temperate moist_2030y_SOC,cf_mean,
Venezuela,NEEV_Cold temperate moist_2030y_SOC,cf_mean,
Viet Nam,NEEV_Cold temperate moist_2030y_SOC,cf_mean,
Wake Island,NEEV_Cold temperate moist_2030y_SOC,cf_mean,
Wallis and Futuna,NEEV_Cold temperate moist_2030y_SOC,cf_mean,
West Bank,NEEV_Cold temperate moist_2030y_SOC,cf_mean,
Western Sahara,NEEV_Cold temperate moist_2030y_SOC,cf_mean,
Yemen,NEEV_Cold temperate moist_2030y_SOC,cf_mean,
Zambia,NEEV_Cold temperate moist_2030y_SOC,cf_mean,
Zimbabwe,NEEV_Cold temperate moist_2030y_SOC,cf_mean,
Abyei,NEEV_Cold temperate moist_2030y_SOC,cf_median,
Afghanistan,NEEV_Cold temperate moist_2030y_SOC,cf_median,310.75595
Aksai Chin,NEEV_Cold temperate moist_2030y_SOC,cf_median,
Albania,NEEV_Cold temperate moist_2030y_SOC,cf_median,
Algeria,NEEV_Cold temperate moist_2030y_SOC,cf_median,
American Samoa,NEEV_Cold temperate moist_2030y_SOC,cf_median,
Andorra,NEEV_Cold temperate moist_2030y_SOC,cf_median,
Angola,NEEV_Cold temperate moist_2030y_SOC,cf_median,
Anguilla,NEEV_Cold temperate moist_2030y_SOC,cf_median,
Antarctica,NEEV_Cold temperate moist_2030y_SOC,cf_median,
Antigua and Barbuda,NEEV_Cold temperate moist_2030y_SOC,cf_median,
Argentina,NEEV_Cold temperate moist_2030y_SOC,cf_median,237.14282
Armenia,NEEV_Cold temperate moist_2030y_SOC,cf_median,
Aruba,NEEV_Cold temperate moist_2030y_SOC,cf_median,
Arunachal Pradesh,NEEV_Cold temperate moist_2030y_SOC,cf_median,
Ashmore and Cartier Islands,NEEV_Cold temperate moist_2030y_SOC,cf_median,
Australia,NEEV_Cold temperate moist_2030y_SOC,cf_median,
Austria,NEEV_Cold temperate moist_2030y_SOC,cf_median,246.67767
Azerbaijan,NEEV_Cold temperate moist_2030y_SOC,cf_median,
Azores Islands,NEEV_Cold temperate moist_2030y_SOC,cf_median,
Bahamas,NEEV_Cold temperate moist_2030y_SOC,cf_median,
Bahrain,NEEV_Cold temperate moist_2030y_SOC,cf_median,
Baker Island,NEEV_Cold temperate moist_2030y_SOC,cf_median,
Bangladesh,NEEV_Cold temperate moist_2030y_SOC,cf_median,
Barbados,NEEV_Cold temperate moist_2030y_SOC,cf_median,
Bassas da India,NEEV_Cold temperate moist_2030y_SOC,cf_median,
Belarus,NEEV_Cold temperate moist_2030y_SOC,cf_median,243.4456
Belgium,NEEV_Cold temperate moist_2030y_SOC,cf_median,226.97067
Belize,NEEV_Cold temperate moist_2030y_SOC,cf_median,
Benin,NEEV_Cold temperate moist_2030y_SOC,cf_median,
Bermuda,NEEV_Cold temperate moist_2030y_SOC,cf_median,
Bhutan,NEEV_Cold temperate moist_2030y_SOC,cf_median,
Bird Island,NEEV_Cold temperate moist_2030y_SOC,cf_median,
Bolivia,NEEV_Cold temperate moist_2030y_SOC,cf_median,
Bosnia and Herzegovina,NEEV_Cold temperate moist_2030y_SOC,cf_median,214.38477
Botswana,NEEV_Cold temperate moist_2030y_SOC,cf_median,
Bouvet Island,NEEV_Cold temperate moist_2030y_SOC,cf_median,
Brazil,NEEV_Cold temperate moist_2030y_SOC,cf_median,
British Indian Ocean Territory,NEEV_Cold temperate moist_2030y_SOC,cf_median,
British Virgin Islands,NEEV_Cold temperate moist_2030y_SOC,cf_median,
Brunei Darussalam,NEEV_Cold temperate moist_2030y_SOC,cf_median,
Bulgaria,NEEV_Cold temperate moist_2030y_SOC,cf_median,
Burkina Faso,NEEV_Cold temperate moist_2030y_SOC,cf_median,
Burundi,NEEV_Cold temperate moist_2030y_SOC,cf_median,
Cambodia,NEEV_Cold temperate moist_2030y_SOC,cf_median,
Cameroon,NEEV_Cold temperate moist_2030y_SOC,cf_median,
Canada,NEEV_Cold temperate moist_2030y_SOC,cf_median,278.97174
Cape Verde,NEEV_Cold temperate moist_2030y_SOC,cf_median,
Cayman Islands,NEEV_Cold temperate moist_2030y_SOC,cf_median,
Central African Republic,NEEV_Cold temperate moist_2030y_SOC,cf_median,
Chad,NEEV_Cold temperate moist_2030y_SOC,cf_median,
Chile,NEEV_Cold temperate moist_2030y_SOC,cf_median,292.79315
China,NEEV_Cold temperate moist_2030y_SOC,cf_median,267.0161
China/India,NEEV_Cold temperate moist_2030y_SOC,cf_median,
Christmas Island,NEEV_Cold temperate moist_2030y_SOC,cf_median,
Clipperton Island,NEEV_Cold temperate moist_2030y_SOC,cf_median,
Cocos (Keeling) Islands,NEEV_Cold temperate moist_2030y_SOC,cf_median,
Colombia,NEEV_Cold temperate moist_2030y_SOC,cf_median,
Comoros,NEEV_Cold temperate moist_2030y_SOC,cf_median,
Congo,NEEV_Cold temperate moist_2030y_SOC,cf_median,
Cook Islands,NEEV_Cold temperate moist_2030y_SOC,cf_median,
Costa Rica,NEEV_Cold temperate moist_2030y_SOC,cf_median,
Croatia,NEEV_Cold temperate moist_2030y_SOC,cf_median,214.38477
Cuba,NEEV_Cold temperate moist_2030y_SOC,cf_median,
Cyprus,NEEV_Cold temperate moist_2030y_SOC,cf_median,
Czech Republic,NEEV_Cold temperate moist_2030y_SOC,cf_median,207.83798
Côte d'Ivoire,NEEV_Cold temperate moist_2030y_SOC,cf_median,
Dem People's Rep of Korea,NEEV_Cold temperate moist_2030y_SOC,cf_median,
Democratic Republic of the Congo,NEEV_Cold temperate moist_2030y_SOC,cf_median,
Denmark,NEEV_Cold temperate moist_2030y_SOC,cf_median,181.79092
Djibouti,NEEV_Cold temperate moist_2030y_SOC,cf_median,
Dominica,NEEV_Cold temperate moist_2030y_SOC,cf_median,
Dominican Republic,NEEV_Cold temperate moist_2030y_SOC,cf_median,
Ecuador,NEEV_Cold temperate moist_2030y_SOC,cf_median,
Egypt,NEEV_Cold temperate moist_2030y_SOC,cf_median,
El Salvador,NEEV_Cold temperate moist_2030y_SOC,cf_median,
Equatorial Guinea,NEEV_Cold temperate moist_2030y_SOC,cf_median,
Eritrea,NEEV_Cold temperate moist_2030y_SOC,cf_median,
Estonia,NEEV_Cold temperate moist_2030y_SOC,cf_median,314.22534
Ethiopia,NEEV_Cold temperate moist_2030y_SOC,cf_median,
Europa Island,NEEV_Cold temperate moist_2030y_SOC,cf_median,
Falkland Islands (Malvinas),NEEV_Cold temperate moist_2030y_SOC,cf_median,
Faroe Islands,NEEV_Cold temperate moist_2030y_SOC,cf_median,
Fiji,NEEV_Cold temperate moist_2030y_SOC,cf_median,
Finland,NEEV_Cold temperate moist_2030y_SOC,cf_median,326.1618
France,NEEV_Cold temperate moist_2030y_SOC,cf_median,217.29408
French Guiana,NEEV_Cold temperate moist_2030y_SOC,cf_median,
French Polynesia,NEEV_Cold temperate moist_2030y_SOC,cf_median,
French Southern and Antarctic Territories,NEEV_Cold temperate moist_2030y_SOC,cf_median,
Gabon,NEEV_Cold temperate moist_2030y_SOC,cf_median,
Gambia,NEEV_Cold temperate moist_2030y_SOC,cf_median,
Gaza Strip,NEEV_Cold temperate moist_2030y_SOC,cf_median,
Georgia,NEEV_Cold temperate moist_2030y_SOC,cf_median,221.37189
Germany,NEEV_Cold temperate moist_2030y_SOC,cf_median,212.06058
Ghana,NEEV_Cold temperate moist_2030y_SOC,cf_median,
Gibraltar,NEEV_Cold temperate moist_2030y_SOC,cf_median,
Glorioso Island,NEEV_Cold temperate moist_2030y_SOC,cf_median,
Greece,NEEV_Cold temperate moist_2030y_SOC,cf_median,
Greenland,NEEV_Cold temperate moist_2030y_SOC,cf_median,
Grenada,NEEV_Cold temperate moist_2030y_SOC,cf_median,
Guadeloupe,NEEV_Cold temperate moist_2030y_SOC,cf_median,
Guam,NEEV_Cold temperate moist_2030y_SOC,cf_median,
Guatemala,NEEV_Cold temperate moist_2030y_SOC,cf_median,
Guernsey,NEEV_Cold temperate moist_2030y_SOC,cf_median,
Guinea,NEEV_Cold temperate moist_2030y_SOC,cf_median,
Guinea-Bissau,NEEV_Cold temperate moist_2030y_SOC,cf_median,
Guyana,NEEV_Cold temperate moist_2030y_SOC,cf_median,
Haiti,NEEV_Cold temperate moist_2030y_SOC,cf_median,
Hala'ib triangle,NEEV_Cold temperate moist_2030y_SOC,cf_median,
Heard Island and McDonald Islands,NEEV_Cold temperate moist_2030y_SOC,cf_median,
Holy See,NEEV_Cold temperate moist_2030y_SOC,cf_median,
Honduras,NEEV_Cold temperate moist_2030y_SOC,cf_median,
Hong Kong,NEEV_Cold temperate moist_2030y_SOC,cf_median,
Howland Island,NEEV_Cold temperate moist_2030y_SOC,cf_median,
Hungary,NEEV_Cold temperate moist_2030y_SOC,cf_median,186.6827
Iceland,NEEV_Cold temperate moist_2030y_SOC,cf_median,347.39557
Ilemi triangle,NEEV_Cold temperate moist_2030y_SOC,cf_median,
India,NEEV_Cold temperate moist_2030y_SOC,cf_median,
Indonesia,NEEV_Cold temperate moist_2030y_SOC,cf_median,
Iran  (Islamic Republic of),NEEV_Cold temperate moist_2030y_SOC,cf_median,
Iraq,NEEV_Cold temperate moist_2030y_SOC,cf_median,
Ireland,NEEV_Cold temperate moist_2030y_SOC,cf_median,169.84789
Isle of Man,NEEV_Cold temperate moist_2030y_SOC,cf_median,
Israel,NEEV_Cold temperate moist_2030y_SOC,cf_median,
Italy,NEEV_Cold temperate moist_2030y_SOC,cf_median,234.08957
Jamaica,NEEV_Cold temperate moist_2030y_SOC,cf_median,
Jammu and Kashmir,NEEV_Cold temperate moist_2030y_SOC,cf_median,
Japan,NEEV_Cold temperate moist_2030y_SOC,cf_median,190.27795
Jarvis Island,NEEV_Cold temperate moist_2030y_SOC,cf_median,
Jersey,NEEV_Cold temperate moist_2030y_SOC,cf_median,
Johnston Atoll,NEEV_Cold temperate moist_2030y_SOC,cf_median,
Jordan,NEEV_Cold temperate moist_2030y_SOC,cf_median,
Juan de Nova Island,NEEV_Cold temperate moist_2030y_SOC,cf_median,
Kazakhstan,NEEV_Cold temperate moist_2030y_SOC,cf_median,270.95187
Kenya,NEEV_Cold temperate moist_2030y_SOC,cf_median,
Kingman Reef,NEEV_Cold temperate moist_2030y_SOC,cf_median,
Kiribati,NEEV_Cold temperate moist_2030y_SOC,cf_median,
Kuril islands,NEEV_Cold temperate moist_2030y_SOC,cf_median,
Kuwait,NEEV_Cold temperate moist_2030y_SOC,cf_median,
Kyrgyzstan,NEEV_Cold temperate moist_2030y_SOC,cf_median,349.15863
Lao People's Democratic Republic,NEEV_Cold temperate moist_2030y_SOC,cf_median,
Latvia,NEEV_Cold temperate moist_2030y_SOC,cf_median,280.147
Lebanon,NEEV_Cold temperate moist_2030y_SOC,cf_median,
Lesotho,NEEV_Cold temperate moist_2030y_SOC,cf_median,
Liberia,NEEV_Cold temperate moist_2030y_SOC,cf_median,
Libya,NEEV_Cold temperate moist_2030y_SOC,cf_median,
Liechtenstein,NEEV_Cold temperate moist_2030y_SOC,cf_median,
Lithuania,NEEV_Cold temperate moist_2030y_SOC,cf_median,248.59842
Luxembourg,NEEV_Cold temperate moist_2030y_SOC,cf_median,225.96326
Ma'tan al-Sarra,NEEV_Cold temperate moist_2030y_SOC,cf_median,
Macau,NEEV_Cold temperate moist_2030y_SOC,cf_median,
Madagascar,NEEV_Cold temperate moist_2030y_SOC,cf_median,
Madeira Islands,NEEV_Cold temperate moist_2030y_SOC,cf_median,
Malawi,NEEV_Cold temperate moist_2030y_SOC,cf_median,
Malaysia,NEEV_Cold temperate moist_2030y_SOC,cf_median,
Maldives,NEEV_Cold temperate moist_2030y_SOC,cf_median,
Mali,NEEV_Cold temperate moist_2030y_SOC,cf_median,
Malta,NEEV_Cold temperate moist_2030y_SOC,cf_median,
Marshall Islands,NEEV_Cold temperate moist_2030y_SOC,cf_median,
Martinique,NEEV_Cold temperate moist_2030y_SOC,cf_median,
Mauritania,NEEV_Cold temperate moist_2030y_SOC,cf_median,
Mauritius,NEEV_Cold temperate moist_2030y_SOC,cf_median,
Mayotte,NEEV_Cold temperate moist_2030y_SOC,cf_median,
Mexico,NEEV_Cold temperate moist_2030y_SOC,cf_median,
Micronesia (Federated States of),NEEV_Cold temperate moist_2030y_SOC,cf_median,
Midway Island,NEEV_Cold temperate moist_2030y_SOC,cf_median,
"Moldova, Republic of",NEEV_Cold temperate moist_2030y_SOC,cf_median,213.66238
Monaco,NEEV_Cold temperate moist_2030y_SOC,cf_median,
Mongolia,NEEV_Cold temperate moist_2030y_SOC,cf_median,317.14795
Montenegro,NEEV_Cold temperate moist_2030y_SOC,cf_median,
Montserrat,NEEV_Cold temperate moist_2030y_SOC,cf_median,
Morocco,NEEV_Cold temperate moist_2030y_SOC,cf_median,
Mozambique,NEEV_Cold temperate moist_2030y_SOC,cf_median,
Myanmar,NEEV_Cold temperate moist_2030y_SOC,cf_median,
Namibia,NEEV_Cold temperate moist_2030y_SOC,cf_median,
Nauru,NEEV_Cold temperate moist_2030y_SOC,cf_median,
Navassa Island,NEEV_Cold temperate moist_2030y_SOC,cf_median,
Nepal,NEEV_Cold temperate moist_2030y_SOC,cf_median,
Netherlands,NEEV_Cold temperate moist_2030y_SOC,cf_median,208.33217
Netherlands Antilles,NEEV_Cold temperate moist_2030y_SOC,cf_median,
New Caledonia,NEEV_Cold temperate moist_2030y_SOC,cf_median,
New Zealand,NEEV_Cold temperate moist_2030y_SOC,cf_median,181.90242
Nicaragua,NEEV_Cold temperate moist_2030y_SOC,cf_median,
Niger,NEEV_Cold temperate moist_2030y_SOC,cf_median,
Nigeria,NEEV_Cold temperate moist_2030y_SOC,cf_median,
Niue,NEEV_Cold temperate moist_2030y_SOC,cf_median,
Norfolk Island,NEEV_Cold temperate moist_2030y_SOC,cf_median,
Northern Mariana Islands,NEEV_Cold temperate moist_2030y_SOC,cf_median,
Norway,NEEV_Cold temperate moist_2030y_SOC,cf_median,284.31757
Oman,NEEV_Cold temperate moist_2030y_SOC,cf_median,
Pakistan,NEEV_Cold temperate moist_2030y_SOC,cf_median,
Palau,NEEV_Cold temperate moist_2030y_SOC,cf_median,
Palmyra Atoll,NEEV_Cold temperate moist_2030y_SOC,cf_median,
Panama,NEEV_Cold temperate moist_2030y_SOC,cf_median,
Papua New Guinea,NEEV_Cold temperate moist_2030y_SOC,cf_median,
Paracel Islands,NEEV_Cold temperate moist_2030y_SOC,cf_median,
Paraguay,NEEV_Cold temperate moist_2030y_SOC,cf_median,
Peru,NEEV_Cold temperate moist_2030y_SOC,cf_median,
Philippines,NEEV_Cold temperate moist_2030y_SOC,cf_median,
Pitcairn,NEEV_Cold temperate moist_2030y_SOC,cf_median,
Poland,NEEV_Cold temperate moist_2030y_SOC,cf_median,210.52232
Portugal,NEEV_Cold temperate moist_2030y_SOC,cf_median,
Puerto Rico,NEEV_Cold temperate moist_2030y_SOC,cf_median,
Qatar,NEEV_Cold temperate moist_2030y_SOC,cf_median,
Republic of Korea,NEEV_Cold temperate moist_2030y_SOC,cf_median,
Romania,NEEV_Cold temperate moist_2030y_SOC,cf_median,205.06714
Russian Federation,NEEV_Cold temperate moist_2030y_SOC,cf_median,286.32364
Rwanda,NEEV_Cold temperate moist_2030y_SOC,cf_median,
Réunion,NEEV_Cold temperate moist_2030y_SOC,cf_median,
Saint Helena,NEEV_Cold temperate moist_2030y_SOC,cf_median,
Saint Kitts and Nevis,NEEV_Cold temperate moist_2030y_SOC,cf_median,
Saint Lucia,NEEV_Cold temperate moist_2030y_SOC,cf_median,
Saint Pierre et Miquelon,NEEV_Cold temperate moist_2030y_SOC,cf_median,
Saint Vincent and the Grenadines,NEEV_Cold temperate moist_2030y_SOC,cf_median,
Samoa,NEEV_Cold temperate moist_2030y_SOC,cf_median,
San Marino,NEEV_Cold temperate moist_2030y_SOC,cf_median,
Sao Tome and Principe,NEEV_Cold temperate moist_2030y_SOC,cf_median,
Saudi Arabia,NEEV_Cold temperate moist_2030y_SOC,cf_median,
Scarborough Reef,NEEV_Cold temperate moist_2030y_SOC,cf_median,
Senegal,NEEV_Cold temperate moist_2030y_SOC,cf_median,
Senkaku Islands,NEEV_Cold temperate moist_2030y_SOC,cf_median,
Serbia,NEEV_Cold temperate moist_2030y_SOC,cf_median,
Seychelles,NEEV_Cold temperate moist_2030y_SOC,cf_median,
Sierra Leone,NEEV_Cold temperate moist_2030y_SOC,cf_median,
Singapore,NEEV_Cold temperate moist_2030y_SOC,cf_median,
Slovakia,NEEV_Cold temperate moist_2030y_SOC,cf_median,206.44142
Slovenia,NEEV_Cold temperate moist_2030y_SOC,cf_median,194.14142
Solomon Islands,NEEV_Cold temperate moist_2030y_SOC,cf_median,
Somalia,NEEV_Cold temperate moist_2030y_SOC,cf_median,
South Africa,NEEV_Cold temperate moist_2030y_SOC,cf_median,
South Georgia and the South Sandwich Islands,NEEV_Cold temperate moist_2030y_SOC,cf_median,
South Sudan,NEEV_Cold temperate moist_2030y_SOC,cf_median,
Spain,NEEV_Cold temperate moist_2030y_SOC,cf_median,
Spratly Islands,NEEV_Cold temperate moist_2030y_SOC,cf_median,
Sri Lanka,NEEV_Cold temperate moist_2030y_SOC,cf_median,
Sudan,NEEV_Cold temperate moist_2030y_SOC,cf_median,
Suriname,NEEV_Cold temperate moist_2030y_SOC,cf_median,
Svalbard and Jan Mayen Islands,NEEV_Cold temperate moist_2030y_SOC,cf_median,
Swaziland,NEEV_Cold temperate moist_2030y_SOC,cf_median,
Sweden,NEEV_Cold temperate moist_2030y_SOC,cf_median,289.41595
Switzerland,NEEV_Cold temperate moist_2030y_SOC,cf_median,241.52507
Syrian Arab Republic,NEEV_Cold temperate moist_2030y_SOC,cf_median,
Taiwan,NEEV_Cold temperate moist_2030y_SOC,cf_median,
Tajikistan,NEEV_Cold temperate moist_2030y_SOC,cf_median,361.0307
Thailand,NEEV_Cold temperate moist_2030y_SOC,cf_median,
The former Yugoslav Republic of Macedonia,NEEV_Cold temperate moist_2030y_SOC,cf_median,
Timor-Leste,NEEV_Cold temperate moist_2030y_SOC,cf_median,
Togo,NEEV_Cold temperate moist_2030y_SOC,cf_median,
Tokelau,NEEV_Cold temperate moist_2030y_SOC,cf_median,
Tonga,NEEV_Cold temperate moist_2030y_SOC,cf_median,
Trinidad and Tobago,NEEV_Cold temperate moist_2030y_SOC,cf_median,
Tromelin Island,NEEV_Cold temperate moist_2030y_SOC,cf_median,
Tunisia,NEEV_Cold temperate moist_2030y_SOC,cf_median,
Turkey,NEEV_Cold temperate moist_2030y_SOC,cf_median,217.81122
Turkmenistan,NEEV_Cold temperate moist_2030y_SOC,cf_median,
Turks and Caicos islands,NEEV_Cold temperate moist_2030y_SOC,cf_median,
Tuvalu,NEEV_Cold temperate moist_2030y_SOC,cf_median,
U.K. of Great Britain and Northern Ireland,NEEV_Cold temperate moist_2030y_SOC,cf_median,226.11894
Uganda,NEEV_Cold temperate moist_2030y_SOC,cf_median,
Ukraine,NEEV_Cold temperate moist_2030y_SOC,cf_median,240.94658
United Arab Emirates,NEEV_Cold temperate moist_2030y_SOC,cf_median,
United Republic of Tanzania,NEEV_Cold temperate moist_2030y_SOC,cf_median,
United States Virgin Islands,NEEV_Cold temperate moist_2030y_SOC,cf_median,
United States of America,NEEV_Cold temperate moist_2030y_SOC,cf_median,253.93695
Uruguay,NEEV_Cold temperate moist_2030y_SOC,cf_median,
Uzbekistan,NEEV_Cold temperate moist_2030y_SOC,cf_median,199.22153
Vanuatu,NEEV_Cold temperate moist_2030y_SOC,cf_median,
Venezuela,NEEV_Cold temperate moist_2030y_SOC,cf_median,
Viet Nam,NEEV_Cold temperate moist_2030y_SOC,cf_median,
Wake Island,NEEV_Cold temperate moist_2030y_SOC,cf_median,
Wallis and Futuna,NEEV_Cold temperate moist_2030y_SOC,cf_median,
West Bank,NEEV_Cold temperate moist_2030y_SOC,cf_median,
Western Sahara,NEEV_Cold temperate moist_2030y_SOC,cf_median,
Yemen,NEEV_Cold temperate moist_2030y_SOC,cf_median,
Zambia,NEEV_Cold temperate moist_2030y_SOC,cf_median,
Zimbabwe,NEEV_Cold temperate moist_2030y_SOC,cf_median,
Abyei,NEEV_Cold temperate moist_2030y_SOC,cf_std,
Afghanistan,NEEV_Cold temperate moist_2030y_SOC,cf_std,5.754447
Aksai Chin,NEEV_Cold temperate moist_2030y_SOC,cf_std,
Albania,NEEV_Cold temperate moist_2030y_SOC,cf_std,
Algeria,NEEV_Cold temperate moist_2030y_SOC,cf_std,
American Samoa,NEEV_Cold temperate moist_2030y_SOC,cf_std,
Andorra,NEEV_Cold temperate moist_2030y_SOC,cf_std,
Angola,NEEV_Cold temperate moist_2030y_SOC,cf_std,
Anguilla,NEEV_Cold temperate moist_2030y_SOC,cf_std,
Antarctica,NEEV_Cold temperate moist_2030y_SOC,cf_std,
Antigua and Barbuda,NEEV_Cold temperate moist_2030y_SOC,cf_std,
Argentina,NEEV_Cold temperate moist_2030y_SOC,cf_std,55.774326
Armenia,NEEV_Cold temperate moist_2030y_SOC,cf_std,
Aruba,NEEV_Cold temperate moist_2030y_SOC,cf_std,
Arunachal Pradesh,NEEV_Cold temperate moist_2030y_SOC,cf_std,
Ashmore and Cartier Islands,NEEV_Cold temperate moist_2030y_SOC,cf_std,
Australia,NEEV_Cold temperate moist_2030y_SOC,cf_std,
Austria,NEEV_Cold temperate moist_2030y_SOC,cf_std,20.188974
Azerbaijan,NEEV_Cold temperate moist_2030y_SOC,cf_std,
Azores Islands,NEEV_Cold temperate moist_2030y_SOC,cf_std,
Bahamas,NEEV_Cold temperate moist_2030y_SOC,cf_std,
Bahrain,NEEV_Cold temperate moist_2030y_SOC,cf_std,
Baker Island,NEEV_Cold temperate moist_2030y_SOC,cf_std,
Bangladesh,NEEV_Cold temperate moist_2030y_SOC,cf_std,
Barbados,NEEV_Cold temperate moist_2030y_SOC,cf_std,
Bassas da India,NEEV_Cold temperate moist_2030y_SOC,cf_std,
Belarus,NEEV_Cold temperate moist_2030y_SOC,cf_std,12.026451
Belgium,NEEV_Cold temperate moist_2030y_SOC,cf_std,5.458103
Belize,NEEV_Cold temperate moist_2030y_SOC,cf_std,
Benin,NEEV_Cold temperate moist_2030y_SOC,cf_std,
Bermuda,NEEV_Cold temperate moist_2030y_SOC,cf_std,
Bhutan,NEEV_Cold temperate moist_2030y_SOC,cf_std,
Bird Island,NEEV_Cold temperate moist_2030y_SOC,cf_std,
Bolivia,NEEV_Cold temperate moist_2030y_SOC,cf_std,
Bosnia and Herzegovina,NEEV_Cold temperate moist_2030y_SOC,cf_std,0.0
Botswana,NEEV_Cold temperate moist_2030y_SOC,cf_std,
Bouvet Island,NEEV_Cold temperate moist_2030y_SOC,cf_std,
Brazil,NEEV_Cold temperate moist_2030y_SOC,cf_std,
British Indian Ocean Territory,NEEV_Cold temperate moist_2030y_SOC,cf_std,
British Virgin Islands,NEEV_Cold temperate moist_2030y_SOC,cf_std,
Brunei Darussalam,NEEV_Cold temperate moist_2030y_SOC,cf_std,
Bulgaria,NEEV_Cold temperate moist_2030y_SOC,cf_std,
Burkina Faso,NEEV_Cold temperate moist_2030y_SOC,cf_std,
Burundi,NEEV_Cold temperate moist_2030y_SOC,cf_std,
Cambodia,NEEV_Cold temperate moist_2030y_SOC,cf_std,
Cameroon,NEEV_Cold temperate moist_2030y_SOC,cf_std,
Canada,NEEV_Cold temperate moist_2030y_SOC,cf_std,46.94805
Cape Verde,NEEV_Cold temperate moist_2030y_SOC,cf_std,
Cayman Islands,NEEV_Cold temperate moist_2030y_SOC,cf_std,
Central African Republic,NEEV_Cold temperate moist_2030y_SOC,cf_std,
Chad,NEEV_Cold temperate moist_2030y_SOC,cf_std,
Chile,NEEV_Cold temperate moist_2030y_SOC,cf_std,53.409508
China,NEEV_Cold temperate moist_2030y_SOC,cf_std,50.633205
China/India,NEEV_Cold temperate moist_2030y_SOC,cf_std,
Christmas Island,NEEV_Cold temperate moist_2030y_SOC,cf_std,
Clipperton Island,NEEV_Cold temperate moist_2030y_SOC,cf_std,
Cocos (Keeling) Islands,NEEV_Cold temperate moist_2030y_SOC,cf_std,
Colombia,NEEV_Cold temperate moist_2030y_SOC,cf_std,
Comoros,NEEV_Cold temperate moist_2030y_SOC,cf_std,
Congo,NEEV_Cold temperate moist_2030y_SOC,cf_std,
Cook Islands,NEEV_Cold temperate moist_2030y_SOC,cf_std,
Costa Rica,NEEV_Cold temperate moist_2030y_SOC,cf_std,
Croatia,NEEV_Cold temperate moist_2030y_SOC,cf_std,0.0
Cuba,NEEV_Cold temperate moist_2030y_SOC,cf_std,
Cyprus,NEEV_Cold temperate moist_2030y_SOC,cf_std,
Czech Republic,NEEV_Cold temperate moist_2030y_SOC,cf_std,12.573507
Côte d'Ivoire,NEEV_Cold temperate moist_2030y_SOC,cf_std,
Dem People's Rep of Korea,NEEV_Cold temperate moist_2030y_SOC,cf_std,
Democratic Republic of the Congo,NEEV_Cold temperate moist_2030y_SOC,cf_std,
Denmark,NEEV_Cold temperate moist_2030y_SOC,cf_std,67.67409
Djibouti,NEEV_Cold temperate moist_2030y_SOC,cf_std,
Dominica,NEEV_Cold temperate moist_2030y_SOC,cf_std,
Dominican Republic,NEEV_Cold temperate moist_2030y_SOC,cf_std,
Ecuador,NEEV_Cold temperate moist_2030y_SOC,cf_std,
Egypt,NEEV_Cold temperate moist_2030y_SOC,cf_std,
El Salvador,NEEV_Cold temperate moist_2030y_SOC,cf_std,
Equatorial Guinea,NEEV_Cold temperate moist_2030y_SOC,cf_std,
Eritrea,NEEV_Cold temperate moist_2030y_SOC,cf_std,
Estonia,NEEV_Cold temperate moist_2030y_SOC,cf_std,65.011826
Ethiopia,NEEV_Cold temperate moist_2030y_SOC,cf_std,
Europa Island,NEEV_Cold temperate moist_2030y_SOC,cf_std,
Falkland Islands (Malvinas),NEEV_Cold temperate moist_2030y_SOC,cf_std,
Faroe Islands,NEEV_Cold temperate moist_2030y_SOC,cf_std,
Fiji,NEEV_Cold temperate moist_2030y_SOC,cf_std,
Finland,NEEV_Cold temperate moist_2030y_SOC,cf_std,8.3008
France,NEEV_Cold temperate moist_2030y_SOC,cf_std,36.84594
French Guiana,NEEV_Cold temperate moist_2030y_SOC,cf_std,
French Polynesia,NEEV_Cold temperate moist_2030y_SOC,cf_std,
French Southern and Antarctic Territories,NEEV_Cold temperate moist_2030y_SOC,cf_std,
Gabon,NEEV_Cold temperate moist_2030y_SOC,cf_std,
Gambia,NEEV_Cold temperate moist_2030y_SOC,cf_std,
Gaza Strip,NEEV_Cold temperate moist_2030y_SOC,cf_std,
Georgia,NEEV_Cold temperate moist_2030y_SOC,cf_std,13.2971735
Germany,NEEV_Cold temperate moist_2030y_SOC,cf_std,35.847565
Ghana,NEEV_Cold temperate moist_2030y_SOC,cf_std,
Gibraltar,NEEV_Cold temperate moist_2030y_SOC,cf_std,
Glorioso Island,NEEV_Cold temperate moist_2030y_SOC,cf_std,
Greece,NEEV_Cold temperate moist_2030y_SOC,cf_std,
Greenland,NEEV_Cold temperate moist_2030y_SOC,cf_std,
Grenada,NEEV_Cold temperate moist_2030y_SOC,cf_std,
Guadeloupe,NEEV_Cold temperate moist_2030y_SOC,cf_std,
Guam,NEEV_Cold temperate moist_2030y_SOC,cf_std,
Guatemala,NEEV_Cold temperate moist_2030y_SOC,cf_std,
Guernsey,NEEV_Cold temperate moist_2030y_SOC,cf_std,
Guinea,NEEV_Cold temperate moist_2030y_SOC,cf_std,
Guinea-Bissau,NEEV_Cold temperate moist_2030y_SOC,cf_std,
Guyana,NEEV_Cold temperate moist_2030y_SOC,cf_std,
Haiti,NEEV_Cold temperate moist_2030y_SOC,cf_std,
Hala'ib triangle,NEEV_Cold temperate moist_2030y_SOC,cf_std,
Heard Island and McDonald Islands,NEEV_Cold temperate moist_2030y_SOC,cf_std,
Holy See,NEEV_Cold temperate moist_2030y_SOC,cf_std,
Honduras,NEEV_Cold temperate moist_2030y_SOC,cf_std,
Hong Kong,NEEV_Cold temperate moist_2030y_SOC,cf_std,
Howland Island,NEEV_Cold temperate moist_2030y_SOC,cf_std,
Hungary,NEEV_Cold temperate moist_2030y_SOC,cf_std,15.312775
Iceland,NEEV_Cold temperate moist_2030y_SOC,cf_std,0.0
Ilemi triangle,NEEV_Cold temperate moist_2030y_SOC,cf_std,
India,NEEV_Cold temperate moist_2030y_SOC,cf_std,
Indonesia,NEEV_Cold temperate moist_2030y_SOC,cf_std,
Iran  (Islamic Republic of),NEEV_Cold temperate moist_2030y_SOC,cf_std,
Iraq,NEEV_Cold temperate moist_2030y_SOC,cf_std,
Ireland,NEEV_Cold temperate moist_2030y_SOC,cf_std,45.756027
Isle of Man,NEEV_Cold temperate moist_2030y_SOC,cf_std,
Israel,NEEV_Cold temperate moist_2030y_SOC,cf_std,
Italy,NEEV_Cold temperate moist_2030y_SOC,cf_std,22.353336
Jamaica,NEEV_Cold temperate moist_2030y_SOC,cf_std,
Jammu and Kashmir,NEEV_Cold temperate moist_2030y_SOC,cf_std,
Japan,NEEV_Cold temperate moist_2030y_SOC,cf_std,80.473816
Jarvis Island,NEEV_Cold temperate moist_2030y_SOC,cf_std,
Jersey,NEEV_Cold temperate moist_2030y_SOC,cf_std,
Johnston Atoll,NEEV_Cold temperate moist_2030y_SOC,cf_std,
Jordan,NEEV_Cold temperate moist_2030y_SOC,cf_std,
Juan de Nova Island,NEEV_Cold temperate moist_2030y_SOC,cf_std,
Kazakhstan,NEEV_Cold temperate moist_2030y_SOC,cf_std,29.402376
Kenya,NEEV_Cold temperate moist_2030y_SOC,cf_std,
Kingman Reef,NEEV_Cold temperate moist_2030y_SOC,cf_std,
Kiribati,NEEV_Cold temperate moist_2030y_SOC,cf_std,
Kuril islands,NEEV_Cold temperate moist_2030y_SOC,cf_std,
Kuwait,NEEV_Cold temperate moist_2030y_SOC,cf_std,
Kyrgyzstan,NEEV_Cold temperate moist_2030y_SOC,cf_std,40.711132
Lao People's Democratic Republic,NEEV_Cold temperate moist_2030y_SOC,cf_std,
Latvia,NEEV_Cold temperate moist_2030y_SOC,cf_std,12.543481
Lebanon,NEEV_Cold temperate moist_2030y_SOC,cf_std,
Lesotho,NEEV_Cold temperate moist_2030y_SOC,cf_std,
Liberia,NEEV_Cold temperate moist_2030y_SOC,cf_std,
Libya,NEEV_Cold temperate moist_2030y_SOC,cf_std,
Liechtenstein,NEEV_Cold temperate moist_2030y_SOC,cf_std,
Lithuania,NEEV_Cold temperate moist_2030y_SOC,cf_std,15.283967
Luxembourg,NEEV_Cold temperate moist_2030y_SOC,cf_std,2.842171e-14
Ma'tan al-Sarra,NEEV_Cold temperate moist_2030y_SOC,cf_std,
Macau,NEEV_Cold temperate moist_2030y_SOC,cf_std,
Madagascar,NEEV_Cold temperate moist_2030y_SOC,cf_std,
Madeira Islands,NEEV_Cold temperate moist_2030y_SOC,cf_std,
Malawi,NEEV_Cold temperate moist_2030y_SOC,cf_std,
Malaysia,NEEV_Cold temperate moist_2030y_SOC,cf_std,
Maldives,NEEV_Cold temperate moist_2030y_SOC,cf_std,
Mali,NEEV_Cold temperate moist_2030y_SOC,cf_std,
Malta,NEEV_Cold temperate moist_2030y_SOC,cf_std,
Marshall Islands,NEEV_Cold temperate moist_2030y_SOC,cf_std,
Martinique,NEEV_Cold temperate moist_2030y_SOC,cf_std,
Mauritania,NEEV_Cold temperate moist_2030y_SOC,cf_std,
Mauritius,NEEV_Cold temperate moist_2030y_SOC,cf_std,
Mayotte,NEEV_Cold temperate moist_2030y_SOC,cf_std,
Mexico,NEEV_Cold temperate moist_2030y_SOC,cf_std,
Micronesia (Federated States of),NEEV_Cold temperate moist_2030y_SOC,cf_std,
Midway Island,NEEV_Cold temperate moist_2030y_SOC,cf_std,
"Moldova, Republic of",NEEV_Cold temperate moist_2030y_SOC,cf_std,10.476338
Monaco,NEEV_Cold temperate moist_2030y_SOC,cf_std,
Mongolia,NEEV_Cold temperate moist_2030y_SOC,cf_std,34.77205
Montenegro,NEEV_Cold temperate moist_2030y_SOC,cf_std,
Montserrat,NEEV_Cold temperate moist_2030y_SOC,cf_std,
Morocco,NEEV_Cold temperate moist_2030y_SOC,cf_std,
Mozambique,NEEV_Cold temperate moist_2030y_SOC,cf_std,
Myanmar,NEEV_Cold temperate moist_2030y_SOC,cf_std,
Namibia,NEEV_Cold temperate moist_2030y_SOC,cf_std,
Nauru,NEEV_Cold temperate moist_2030y_SOC,cf_std,
Navassa Island,NEEV_Cold temperate moist_2030y_SOC,cf_std,
Nepal,NEEV_Cold temperate moist_2030y_SOC,cf_std,
Netherlands,NEEV_Cold temperate moist_2030y_SOC,cf_std,117.57945
Netherlands Antilles,NEEV_Cold temperate moist_2030y_SOC,cf_std,
New Caledonia,NEEV_Cold temperate moist_2030y_SOC,cf_std,
New Zealand,NEEV_Cold temperate moist_2030y_SOC,cf_std,39.827312
Nicaragua,NEEV_Cold temperate moist_2030y_SOC,cf_std,
Niger,NEEV_Cold temperate moist_2030y_SOC,cf_std,
Nigeria,NEEV_Cold temperate moist_2030y_SOC,cf_std,
Niue,NEEV_Cold temperate moist_2030y_SOC,cf_std,
Norfolk Island,NEEV_Cold temperate moist_2030y_SOC,cf_std,
Northern Mariana Islands,NEEV_Cold temperate moist_2030y_SOC,cf_std,
Norway,NEEV_Cold temperate moist_2030y_SOC,cf_std,33.565166
Oman,NEEV_Cold temperate moist_2030y_SOC,cf_std,
Pakistan,NEEV_Cold temperate moist_2030y_SOC,cf_std,
Palau,NEEV_Cold temperate moist_2030y_SOC,cf_std,
Palmyra Atoll,NEEV_Cold temperate moist_2030y_SOC,cf_std,
Panama,NEEV_Cold temperate moist_2030y_SOC,cf_std,
Papua New Guinea,NEEV_Cold temperate moist_2030y_SOC,cf_std,
Paracel Islands,NEEV_Cold temperate moist_2030y_SOC,cf_std,
Paraguay,NEEV_Cold temperate moist_2030y_SOC,cf_std,
Peru,NEEV_Cold temperate moist_2030y_SOC,cf_std,
Philippines,NEEV_Cold temperate moist_2030y_SOC,cf_std,
Pitcairn,NEEV_Cold temperate moist_2030y_SOC,cf_std,
Poland,NEEV_Cold temperate moist_2030y_SOC,cf_std,12.055499
Portugal,NEEV_Cold temperate moist_2030y_SOC,cf_std,
Puerto Rico,NEEV_Cold temperate moist_2030y_SOC,cf_std,
Qatar,NEEV_Cold temperate moist_2030y_SOC,cf_std,
Republic of Korea,NEEV_Cold temperate moist_2030y_SOC,cf_std,
Romania,NEEV_Cold temperate moist_2030y_SOC,cf_std,10.029841
Russian Federation,NEEV_Cold temperate moist_2030y_SOC,cf_std,39.48551
Rwanda,NEEV_Cold temperate moist_2030y_SOC,cf_std,
Réunion,NEEV_Cold temperate moist_2030y_SOC,cf_std,
Saint Helena,NEEV_Cold temperate moist_2030y_SOC,cf_std,
Saint Kitts and Nevis,NEEV_Cold temperate moist_2030y_SOC,cf_std,
Saint Lucia,NEEV_Cold temperate moist_2030y_SOC,cf_std,
Saint Pierre et Miquelon,NEEV_Cold temperate moist_2030y_SOC,cf_std,
Saint Vincent and the Grenadines,NEEV_Cold temperate moist_2030y_SOC,cf_std,
Samoa,NEEV_Cold temperate moist_2030y_SOC,cf_std,
San Marino,NEEV_Cold temperate moist_2030y_SOC,cf_std,
Sao Tome and Principe,NEEV_Cold temperate moist_2030y_SOC,cf_std,
Saudi Arabia,NEEV_Cold temperate moist_2030y_SOC,cf_std,
Scarborough Reef,NEEV_Cold temperate moist_2030y_SOC,cf_std,
Senegal,NEEV_Cold temperate moist_2030y_SOC,cf_std,
Senkaku Islands,NEEV_Cold temperate moist_2030y_SOC,cf_std,
Serbia,NEEV_Cold temperate moist_2030y_SOC,cf_std,
Seychelles,NEEV_Cold temperate moist_2030y_SOC,cf_std,
Sierra Leone,NEEV_Cold temperate moist_2030y_SOC,cf_std,
Singapore,NEEV_Cold temperate moist_2030y_SOC,cf_std,
Slovakia,NEEV_Cold temperate moist_2030y_SOC,cf_std,4.252492
Slovenia,NEEV_Cold temperate moist_2030y_SOC,cf_std,2.0754852
Solomon Islands,NEEV_Cold temperate moist_2030y_SOC,cf_std,
Somalia,NEEV_Cold temperate moist_2030y_SOC,cf_std,
South Africa,NEEV_Cold temperate moist_2030y_SOC,cf_std,
South Georgia and the South Sandwich Islands,NEEV_Cold temperate moist_2030y_SOC,cf_std,
South Sudan,NEEV_Cold temperate moist_2030y_SOC,cf_std,
Spain,NEEV_Cold temperate moist_2030y_SOC,cf_std,
Spratly Islands,NEEV_Cold temperate moist_2030y_SOC,cf_std,
Sri Lanka,NEEV_Cold temperate moist_2030y_SOC,cf_std,
Sudan,NEEV_Cold temperate moist_2030y_SOC,cf_std,
Suriname,NEEV_Cold temperate moist_2030y_SOC,cf_std,
Svalbard and Jan Mayen Islands,NEEV_Cold temperate moist_2030y_SOC,cf_std,
Swaziland,NEEV_Cold temperate moist_2030y_SOC,cf_std,
Sweden,NEEV_Cold temperate moist_2030y_SOC,cf_std,31.203157
Switzerland,NEEV_Cold temperate moist_2030y_SOC,cf_std,17.110039
Syrian Arab Republic,NEEV_Cold temperate moist_2030y_SOC,cf_std,
Taiwan,NEEV_Cold temperate moist_2030y_SOC,cf_std,
Tajikistan,NEEV_Cold temperate moist_2030y_SOC,cf_std,43.548523
Thailand,NEEV_Cold temperate moist_2030y_SOC,cf_std,
The former Yugoslav Republic of Macedonia,NEEV_Cold temperate moist_2030y_SOC,cf_std,
Timor-Leste,NEEV_Cold temperate moist_2030y_SOC,cf_std,
Togo,NEEV_Cold temperate moist_2030y_SOC,cf_std,
Tokelau,NEEV_Cold temperate moist_2030y_SOC,cf_std,
Tonga,NEEV_Cold temperate moist_2030y_SOC,cf_std,
Trinidad and Tobago,NEEV_Cold temperate moist_2030y_SOC,cf_std,
Tromelin Island,NEEV_Cold temperate moist_2030y_SOC,cf_std,
Tunisia,NEEV_Cold temperate moist_2030y_SOC,cf_std,
Turkey,NEEV_Cold temperate moist_2030y_SOC,cf_std,3.4496012
Turkmenistan,NEEV_Cold temperate moist_2030y_SOC,cf_std,
Turks and Caicos islands,NEEV_Cold temperate moist_2030y_SOC,cf_std,
Tuvalu,NEEV_Cold temperate moist_2030y_SOC,cf_std,
U.K. of Great Britain and Northern Ireland,NEEV_Cold temperate moist_2030y_SOC,cf_std,58.023388
Uganda,NEEV_Cold temperate moist_2030y_SOC,cf_std,
Ukraine,NEEV_Cold temperate moist_2030y_SOC,cf_std,16.14966
United Arab Emirates,NEEV_Cold temperate moist_2030y_SOC,cf_std,
United Republic of Tanzania,NEEV_Cold temperate moist_2030y_SOC,cf_std,
United States Virgin Islands,NEEV_Cold temperate moist_2030y_SOC,cf_std,
United States of America,NEEV_Cold temperate moist_2030y_SOC,cf_std,53.363792
Uruguay,NEEV_Cold temperate moist_2030y_SOC,cf_std,
Uzbekistan,NEEV_Cold temperate moist_2030y_SOC,cf_std,0.0
Vanuatu,NEEV_Cold temperate moist_2030y_SOC,cf_std,
Venezuela,NEEV_Cold temperate moist_2030y_SOC,cf_std,
Viet Nam,NEEV_Cold temperate moist_2030y_SOC,cf_std,
Wake Island,NEEV_Cold temperate moist_2030y_SOC,cf_std,
Wallis and Futuna,NEEV_Cold temperate moist_2030y_SOC,cf_std,
West Bank,NEEV_Cold temperate moist_2030y_SOC,cf_std,
Western Sahara,NEEV_Cold temperate moist_2030y_SOC,cf_std,
Yemen,NEEV_Cold temperate moist_2030y_SOC,cf_std,
Zambia,NEEV_Cold temperate moist_2030y_SOC,cf_std,
Zimbabwe,NEEV_Cold temperate moist_2030y_SOC,cf_std,
Abyei,NEEV_Subtropical_2030y_SOC,cf_mean,
Afghanistan,NEEV_Subtropical_2030y_SOC,cf_mean,180.18906
Aksai Chin,NEEV_Subtropical_2030y_SOC,cf_mean,273.33313
Albania,NEEV_Subtropical_2030y_SOC,cf_mean,126.6475
Algeria,NEEV_Subtropical_2030y_SOC,cf_mean,
American Samoa,NEEV_Subtropical_2030y_SOC,cf_mean,
Andorra,NEEV_Subtropical_2030y_SOC,cf_mean,164.79852
Angola,NEEV_Subtropical_2030y_SOC,cf_mean,55.255505
Anguilla,NEEV_Subtropical_2030y_SOC,cf_mean,
Antarctica,NEEV_Subtropical_2030y_SOC,cf_mean,
Antigua and Barbuda,NEEV_Subtropical_2030y_SOC,cf_mean,
Argentina,NEEV_Subtropical_2030y_SOC,cf_mean,74.0499
Armenia,NEEV_Subtropical_2030y_SOC,cf_mean,
Aruba,NEEV_Subtropical_2030y_SOC,cf_mean,
Arunachal Pradesh,NEEV_Subtropical_2030y_SOC,cf_mean,138.29079
Ashmore and Cartier Islands,NEEV_Subtropical_2030y_SOC,cf_mean,
Australia,NEEV_Subtropical_2030y_SOC,cf_mean,94.4474
Austria,NEEV_Subtropical_2030y_SOC,cf_mean,
Azerbaijan,NEEV_Subtropical_2030y_SOC,cf_mean,
Azores Islands,NEEV_Subtropical_2030y_SOC,cf_mean,
Bahamas,NEEV_Subtropical_2030y_SOC,cf_mean,
Bahrain,NEEV_Subtropical_2030y_SOC,cf_mean,
Baker Island,NEEV_Subtropical_2030y_SOC,cf_mean,
Bangladesh,NEEV_Subtropical_2030y_SOC,cf_mean,46.18895
Barbados,NEEV_Subtropical_2030y_SOC,cf_mean,
Bassas da India,NEEV_Subtropical_2030y_SOC,cf_mean,
Belarus,NEEV_Subtropical_2030y_SOC,cf_mean,
Belgium,NEEV_Subtropical_2030y_SOC,cf_mean,
Belize,NEEV_Subtropical_2030y_SOC,cf_mean,
Benin,NEEV_Subtropical_2030y_SOC,cf_mean,
Bermuda,NEEV_Subtropical_2030y_SOC,cf_mean,
Bhutan,NEEV_Subtropical_2030y_SOC,cf_mean,167.00659
Bird Island,NEEV_Subtropical_2030y_SOC,cf_mean,
Bolivia,NEEV_Subtropical_2030y_SOC,cf_mean,
Bosnia and Herzegovina,NEEV_Subtropical_2030y_SOC,cf_mean,135.43823
Botswana,NEEV_Subtropical_2030y_SOC,cf_mean,44.917484
Bouvet Island,NEEV_Subtropical_2030y_SOC,cf_mean,
Brazil,NEEV_Subtropical_2030y_SOC,cf_mean,88.36885
British Indian Ocean Territory,NEEV_Subtropical_2030y_SOC,cf_mean,
British Virgin Islands,NEEV_Subtropical_2030y_SOC,cf_mean,
Brunei Darussalam,NEEV_Subtropical_2030y_SOC,cf_mean,
Bulgaria,NEEV_Subtropical_2030y_SOC,cf_mean,
Burkina Faso,NEEV_Subtropical_2030y_SOC,cf_mean,
Burundi,NEEV_Subtropical_2030y_SOC,cf_mean,
Cambodia,NEEV_Subtropical_2030y_SOC,cf_mean,
Cameroon,NEEV_Subtropical_2030y_SOC,cf_mean,
Canada,NEEV_Subtropical_2030y_SOC,cf_mean,
Cape Verde,NEEV_Subtropical_2030y_SOC,cf_mean,
Cayman Islands,NEEV_Subtropical_2030y_SOC,cf_mean,
Central African Republic,NEEV_Subtropical_2030y_SOC,cf_mean,
Chad,NEEV_Subtropical_2030y_SOC,cf_mean,
Chile,NEEV_Subtropical_2030y_SOC,cf_mean,175.96638
China,NEEV_Subtropical_2030y_SOC,cf_mean,150.78607
China/India,NEEV_Subtropical_2030y_SOC,cf_mean,253.26369
Christmas Island,NEEV_Subtropical_2030y_SOC,cf_mean,
Clipperton Island,NEEV_Subtropical_2030y_SOC,cf_mean,
Cocos (Keeling) Islands,NEEV_Subtropical_2030y_SOC,cf_mean,
Colombia,NEEV_Subtropical_2030y_SOC,cf_mean,
Comoros,NEEV_Subtropical_2030y_SOC,cf_mean,
Congo,NEEV_Subtropical_2030y_SOC,cf_mean,
Cook Islands,NEEV_Subtropical_2030y_SOC,cf_mean,
Costa Rica,NEEV_Subtropical_2030y_SOC,cf_mean,
Croatia,NEEV_Subtropical_2030y_SOC,cf_mean,113.84924
Cuba,NEEV_Subtropical_2030y_SOC,cf_mean,
Cyprus,NEEV_Subtropical_2030y_SOC,cf_mean,
Czech Republic,NEEV_Subtropical_2030y_SOC,cf_mean,
Côte d'Ivoire,NEEV_Subtropical_2030y_SOC,cf_mean,
Dem People's Rep of Korea,NEEV_Subtropical_2030y_SOC,cf_mean,
Democratic Republic of the Congo,NEEV_Subtropical_2030y_SOC,cf_mean,
Denmark,NEEV_Subtropical_2030y_SOC,cf_mean,
Djibouti,NEEV_Subtropical_2030y_SOC,cf_mean,
Dominica,NEEV_Subtropical_2030y_SOC,cf_mean,
Dominican Republic,NEEV_Subtropical_2030y_SOC,cf_mean,
Ecuador,NEEV_Subtropical_2030y_SOC,cf_mean,
Egypt,NEEV_Subtropical_2030y_SOC,cf_mean,
El Salvador,NEEV_Subtropical_2030y_SOC,cf_mean,
Equatorial Guinea,NEEV_Subtropical_2030y_SOC,cf_mean,
Eritrea,NEEV_Subtropical_2030y_SOC,cf_mean,
Estonia,NEEV_Subtropical_2030y_SOC,cf_mean,
Ethiopia,NEEV_Subtropical_2030y_SOC,cf_mean,
Europa Island,NEEV_Subtropical_2030y_SOC,cf_mean,
Falkland Islands (Malvinas),NEEV_Subtropical_2030y_SOC,cf_mean,
Faroe Islands,NEEV_Subtropical_2030y_SOC,cf_mean,
Fiji,NEEV_Subtropical_2030y_SOC,cf_mean,
Finland,NEEV_Subtropical_2030y_SOC,cf_mean,
France,NEEV_Subtropical_2030y_SOC,cf_mean,153.63875
French Guiana,NEEV_Subtropical_2030y_SOC,cf_mean,
French Polynesia,NEEV_Subtropical_2030y_SOC,cf_mean,
French Southern and Antarctic Territories,NEEV_Subtropical_2030y_SOC,cf_mean,
Gabon,NEEV_Subtropical_2030y_SOC,cf_mean,
Gambia,NEEV_Subtropical_2030y_SOC,cf_mean,
Gaza Strip,NEEV_Subtropical_2030y_SOC,cf_mean,
Georgia,NEEV_Subtropical_2030y_SOC,cf_mean,126.09786
Germany,NEEV_Subtropical_2030y_SOC,cf_mean,
Ghana,NEEV_Subtropical_2030y_SOC,cf_mean,
Gibraltar,NEEV_Subtropical_2030y_SOC,cf_mean,
Glorioso Island,NEEV_Subtropical_2030y_SOC,cf_mean,
Greece,NEEV_Subtropical_2030y_SOC,cf_mean,137.33334
Greenland,NEEV_Subtropical_2030y_SOC,cf_mean,
Grenada,NEEV_Subtropical_2030y_SOC,cf_mean,
Guadeloupe,NEEV_Subtropical_2030y_SOC,cf_mean,
Guam,NEEV_Subtropical_2030y_SOC,cf_mean,
Guatemala,NEEV_Subtropical_2030y_SOC,cf_mean,
Guernsey,NEEV_Subtropical_2030y_SOC,cf_mean,
Guinea,NEEV_Subtropical_2030y_SOC,cf_mean,
Guinea-Bissau,NEEV_Subtropical_2030y_SOC,cf_mean,
Guyana,NEEV_Subtropical_2030y_SOC,cf_mean,
Haiti,NEEV_Subtropical_2030y_SOC,cf_mean,
Hala'ib triangle,NEEV_Subtropical_2030y_SOC,cf_mean,
Heard Island and McDonald Islands,NEEV_Subtropical_2030y_SOC,cf_mean,
Holy See,NEEV_Subtropical_2030y_SOC,cf_mean,274.42233
Honduras,NEEV_Subtropical_2030y_SOC,cf_mean,
Hong Kong,NEEV_Subtropical_2030y_SOC,cf_mean,72.796616
Howland Island,NEEV_Subtropical_2030y_SOC,cf_mean,
Hungary,NEEV_Subtropical_2030y_SOC,cf_mean,
Iceland,NEEV_Subtropical_2030y_SOC,cf_mean,
Ilemi triangle,NEEV_Subtropical_2030y_SOC,cf_mean,
India,NEEV_Subtropical_2030y_SOC,cf_mean,96.42583
Indonesia,NEEV_Subtropical_2030y_SOC,cf_mean,
Iran  (Islamic Republic of),NEEV_Subtropical_2030y_SOC,cf_mean,
Iraq,NEEV_Subtropical_2030y_SOC,cf_mean,
Ireland,NEEV_Subtropical_2030y_SOC,cf_mean,
Isle of Man,NEEV_Subtropical_2030y_SOC,cf_mean,
Israel,NEEV_Subtropical_2030y_SOC,cf_mean,
Italy,NEEV_Subtropical_2030y_SOC,cf_mean,150.5674
Jamaica,NEEV_Subtropical_2030y_SOC,cf_mean,
Jammu and Kashmir,NEEV_Subtropical_2030y_SOC,cf_mean,209.57498
Japan,NEEV_Subtropical_2030y_SOC,cf_mean,147.8224
Jarvis Island,NEEV_Subtropical_2030y_SOC,cf_mean,
Jersey,NEEV_Subtropical_2030y_SOC,cf_mean,
Johnston Atoll,NEEV_Subtropical_2030y_SOC,cf_mean,
Jordan,NEEV_Subtropical_2030y_SOC,cf_mean,
Juan de Nova Island,NEEV_Subtropical_2030y_SOC,cf_mean,
Kazakhstan,NEEV_Subtropical_2030y_SOC,cf_mean,
Kenya,NEEV_Subtropical_2030y_SOC,cf_mean,
Kingman Reef,NEEV_Subtropical_2030y_SOC,cf_mean,
Kiribati,NEEV_Subtropical_2030y_SOC,cf_mean,
Kuril islands,NEEV_Subtropical_2030y_SOC,cf_mean,
Kuwait,NEEV_Subtropical_2030y_SOC,cf_mean,
Kyrgyzstan,NEEV_Subtropical_2030y_SOC,cf_mean,221.82062
Lao People's Democratic Republic,NEEV_Subtropical_2030y_SOC,cf_mean,
Latvia,NEEV_Subtropical_2030y_SOC,cf_mean,
Lebanon,NEEV_Subtropical_2030y_SOC,cf_mean,
Lesotho,NEEV_Subtropical_2030y_SOC,cf_mean,90.68154
Liberia,NEEV_Subtropical_2030y_SOC,cf_mean,
Libya,NEEV_Subtropical_2030y_SOC,cf_mean,
Liechtenstein,NEEV_Subtropical_2030y_SOC,cf_mean,
Lithuania,NEEV_Subtropical_2030y_SOC,cf_mean,
Luxembourg,NEEV_Subtropical_2030y_SOC,cf_mean,
Ma'tan al-Sarra,NEEV_Subtropical_2030y_SOC,cf_mean,
Macau,NEEV_Subtropical_2030y_SOC,cf_mean,
Madagascar,NEEV_Subtropical_2030y_SOC,cf_mean,
Madeira Islands,NEEV_Subtropical_2030y_SOC,cf_mean,
Malawi,NEEV_Subtropical_2030y_SOC,cf_mean,
Malaysia,NEEV_Subtropical_2030y_SOC,cf_mean,
Maldives,NEEV_Subtropical_2030y_SOC,cf_mean,
Mali,NEEV_Subtropical_2030y_SOC,cf_mean,
Malta,NEEV_Subtropical_2030y_SOC,cf_mean,
Marshall Islands,NEEV_Subtropical_2030y_SOC,cf_mean,
Martinique,NEEV_Subtropical_2030y_SOC,cf_mean,
Mauritania,NEEV_Subtropical_2030y_SOC,cf_mean,
Mauritius,NEEV_Subtropical_2030y_SOC,cf_mean,
Mayotte,NEEV_Subtropical_2030y_SOC,cf_mean,
Mexico,NEEV_Subtropical_2030y_SOC,cf_mean,55.604294
Micronesia (Federated States of),NEEV_Subtropical_2030y_SOC,cf_mean,
Midway Island,NEEV_Subtropical_2030y_SOC,cf_mean,
"Moldova, Republic of",NEEV_Subtropical_2030y_SOC,cf_mean,
Monaco,NEEV_Subtropical_2030y_SOC,cf_mean,
Mongolia,NEEV_Subtropical_2030y_SOC,cf_mean,
Montenegro,NEEV_Subtropical_2030y_SOC,cf_mean,164.13889
Montserrat,NEEV_Subtropical_2030y_SOC,cf_mean,
Morocco,NEEV_Subtropical_2030y_SOC,cf_mean,
Mozambique,NEEV_Subtropical_2030y_SOC,cf_mean,
Myanmar,NEEV_Subtropical_2030y_SOC,cf_mean,116.562126
Namibia,NEEV_Subtropical_2030y_SOC,cf_mean,60.10508
Nauru,NEEV_Subtropical_2030y_SOC,cf_mean,
Navassa Island,NEEV_Subtropical_2030y_SOC,cf_mean,
Nepal,NEEV_Subtropical_2030y_SOC,cf_mean,133.18964
Netherlands,NEEV_Subtropical_2030y_SOC,cf_mean,
Netherlands Antilles,NEEV_Subtropical_2030y_SOC,cf_mean,
New Caledonia,NEEV_Subtropical_2030y_SOC,cf_mean,
New Zealand,NEEV_Subtropical_2030y_SOC,cf_mean,131.94098
Nicaragua,NEEV_Subtropical_2030y_SOC,cf_mean,
Niger,NEEV_Subtropical_2030y_SOC,cf_mean,
Nigeria,NEEV_Subtropical_2030y_SOC,cf_mean,
Niue,NEEV_Subtropical_2030y_SOC,cf_mean,
Norfolk Island,NEEV_Subtropical_2030y_SOC,cf_mean,
Northern Mariana Islands,NEEV_Subtropical_2030y_SOC,cf_mean,
Norway,NEEV_Subtropical_2030y_SOC,cf_mean,
Oman,NEEV_Subtropical_2030y_SOC,cf_mean,
Pakistan,NEEV_Subtropical_2030y_SOC,cf_mean,125.84511
Palau,NEEV_Subtropical_2030y_SOC,cf_mean,
Palmyra Atoll,NEEV_Subtropical_2030y_SOC,cf_mean,
Panama,NEEV_Subtropical_2030y_SOC,cf_mean,
Papua New Guinea,NEEV_Subtropical_2030y_SOC,cf_mean,
Paracel Islands,NEEV_Subtropical_2030y_SOC,cf_mean,
Paraguay,NEEV_Subtropical_2030y_SOC,cf_mean,46.310783
Peru,NEEV_Subtropical_2030y_SOC,cf_mean,195.86694
Philippines,NEEV_Subtropical_2030y_SOC,cf_mean,
Pitcairn,NEEV_Subtropical_2030y_SOC,cf_mean,
Poland,NEEV_Subtropical_2030y_SOC,cf_mean,
Portugal,NEEV_Subtropical_2030y_SOC,cf_mean,108.42385
Puerto Rico,NEEV_Subtropical_2030y_SOC,cf_mean,
Qatar,NEEV_Subtropical_2030y_SOC,cf_mean,
Republic of Korea,NEEV_Subtropical_2030y_SOC,cf_mean,
Romania,NEEV_Subtropical_2030y_SOC,cf_mean,
Russian Federation,NEEV_Subtropical_2030y_SOC,cf_mean,
Rwanda,NEEV_Subtropical_2030y_SOC,cf_mean,
Réunion,NEEV_Subtropical_2030y_SOC,cf_mean,
Saint Helena,NEEV_Subtropical_2030y_SOC,cf_mean,
Saint Kitts and Nevis,NEEV_Subtropical_2030y_SOC,cf_mean,
Saint Lucia,NEEV_Subtropical_2030y_SOC,cf_mean,
Saint Pierre et Miquelon,NEEV_Subtropical_2030y_SOC,cf_mean,
Saint Vincent and the Grenadines,NEEV_Subtropical_2030y_SOC,cf_mean,
Samoa,NEEV_Subtropical_2030y_SOC,cf_mean,
San Marino,NEEV_Subtropical_2030y_SOC,cf_mean,
Sao Tome and Principe,NEEV_Subtropical_2030y_SOC,cf_mean,
Saudi Arabia,NEEV_Subtropical_2030y_SOC,cf_mean,
Scarborough Reef,NEEV_Subtropical_2030y_SOC,cf_mean,
Senegal,NEEV_Subtropical_2030y_SOC,cf_mean,
Senkaku Islands,NEEV_Subtropical_2030y_SOC,cf_mean,
Serbia,NEEV_Subtropical_2030y_SOC,cf_mean,159.17998
Seychelles,NEEV_Subtropical_2030y_SOC,cf_mean,
Sierra Leone,NEEV_Subtropical_2030y_SOC,cf_mean,
Singapore,NEEV_Subtropical_2030y_SOC,cf_mean,
Slovakia,NEEV_Subtropical_2030y_SOC,cf_mean,
Slovenia,NEEV_Subtropical_2030y_SOC,cf_mean,
Solomon Islands,NEEV_Subtropical_2030y_SOC,cf_mean,
Somalia,NEEV_Subtropical_2030y_SOC,cf_mean,
South Africa,NEEV_Subtropical_2030y_SOC,cf_mean,101.088036
South Georgia and the South Sandwich Islands,NEEV_Subtropical_2030y_SOC,cf_mean,
South Sudan,NEEV_Subtropical_2030y_SOC,cf_mean,
Spain,NEEV_Subtropical_2030y_SOC,cf_mean,155.00826
Spratly Islands,NEEV_Subtropical_2030y_SOC,cf_mean,
Sri Lanka,NEEV_Subtropical_2030y_SOC,cf_mean,
Sudan,NEEV_Subtropical_2030y_SOC,cf_mean,
Suriname,NEEV_Subtropical_2030y_SOC,cf_mean,
Svalbard and Jan Mayen Islands,NEEV_Subtropical_2030y_SOC,cf_mean,
Swaziland,NEEV_Subtropical_2030y_SOC,cf_mean,102.51932
Sweden,NEEV_Subtropical_2030y_SOC,cf_mean,
Switzerland,NEEV_Subtropical_2030y_SOC,cf_mean,179.8685
Syrian Arab Republic,NEEV_Subtropical_2030y_SOC,cf_mean,
Taiwan,NEEV_Subtropical_2030y_SOC,cf_mean,153.75267
Tajikistan,NEEV_Subtropical_2030y_SOC,cf_mean,201.74121
Thailand,NEEV_Subtropical_2030y_SOC,cf_mean,
The former Yugoslav Republic of Macedonia,NEEV_Subtropical_2030y_SOC,cf_mean,132.87456
Timor-Leste,NEEV_Subtropical_2030y_SOC,cf_mean,
Togo,NEEV_Subtropical_2030y_SOC,cf_mean,
Tokelau,NEEV_Subtropical_2030y_SOC,cf_mean,
Tonga,NEEV_Subtropical_2030y_SOC,cf_mean,
Trinidad and Tobago,NEEV_Subtropical_2030y_SOC,cf_mean,
Tromelin Island,NEEV_Subtropical_2030y_SOC,cf_mean,
Tunisia,NEEV_Subtropical_2030y_SOC,cf_mean,
Turkey,NEEV_Subtropical_2030y_SOC,cf_mean,152.53587
Turkmenistan,NEEV_Subtropical_2030y_SOC,cf_mean,77.59484
Turks and Caicos islands,NEEV_Subtropical_2030y_SOC,cf_mean,
Tuvalu,NEEV_Subtropical_2030y_SOC,cf_mean,
U.K. of Great Britain and Northern Ireland,NEEV_Subtropical_2030y_SOC,cf_mean,
Uganda,NEEV_Subtropical_2030y_SOC,cf_mean,
Ukraine,NEEV_Subtropical_2030y_SOC,cf_mean,
United Arab Emirates,NEEV_Subtropical_2030y_SOC,cf_mean,
United Republic of Tanzania,NEEV_Subtropical_2030y_SOC,cf_mean,
United States Virgin Islands,NEEV_Subtropical_2030y_SOC,cf_mean,
United States of America,NEEV_Subtropical_2030y_SOC,cf_mean,126.23193
Uruguay,NEEV_Subtropical_2030y_SOC,cf_mean,64.0743
Uzbekistan,NEEV_Subtropical_2030y_SOC,cf_mean,153.31905
Vanuatu,NEEV_Subtropical_2030y_SOC,cf_mean,
Venezuela,NEEV_Subtropical_2030y_SOC,cf_mean,
Viet Nam,NEEV_Subtropical_2030y_SOC,cf_mean,78.707146
Wake Island,NEEV_Subtropical_2030y_SOC,cf_mean,
Wallis and Futuna,NEEV_Subtropical_2030y_SOC,cf_mean,
West Bank,NEEV_Subtropical_2030y_SOC,cf_mean,
Western Sahara,NEEV_Subtropical_2030y_SOC,cf_mean,
Yemen,NEEV_Subtropical_2030y_SOC,cf_mean,
Zambia,NEEV_Subtropical_2030y_SOC,cf_mean,
Zimbabwe,NEEV_Subtropical_2030y_SOC,cf_mean,
Abyei,NEEV_Subtropical_2030y_SOC,cf_median,
Afghanistan,NEEV_Subtropical_2030y_SOC,cf_median,174.008
Aksai Chin,NEEV_Subtropical_2030y_SOC,cf_median,277.02838
Albania,NEEV_Subtropical_2030y_SOC,cf_median,124.81288
Algeria,NEEV_Subtropical_2030y_SOC,cf_median,
American Samoa,NEEV_Subtropical_2030y_SOC,cf_median,
Andorra,NEEV_Subtropical_2030y_SOC,cf_median,165.10365
Angola,NEEV_Subtropical_2030y_SOC,cf_median,48.07371
Anguilla,NEEV_Subtropical_2030y_SOC,cf_median,
Antarctica,NEEV_Subtropical_2030y_SOC,cf_median,
Antigua and Barbuda,NEEV_Subtropical_2030y_SOC,cf_median,
Argentina,NEEV_Subtropical_2030y_SOC,cf_median,66.07101
Armenia,NEEV_Subtropical_2030y_SOC,cf_median,
Aruba,NEEV_Subtropical_2030y_SOC,cf_median,
Arunachal Pradesh,NEEV_Subtropical_2030y_SOC,cf_median,124.363884
Ashmore and Cartier Islands,NEEV_Subtropical_2030y_SOC,cf_median,
Australia,NEEV_Subtropical_2030y_SOC,cf_median,92.05499
Austria,NEEV_Subtropical_2030y_SOC,cf_median,
Azerbaijan,NEEV_Subtropical_2030y_SOC,cf_median,
Azores Islands,NEEV_Subtropical_2030y_SOC,cf_median,
Bahamas,NEEV_Subtropical_2030y_SOC,cf_median,
Bahrain,NEEV_Subtropical_2030y_SOC,cf_median,
Baker Island,NEEV_Subtropical_2030y_SOC,cf_median,
Bangladesh,NEEV_Subtropical_2030y_SOC,cf_median,42.270786
Barbados,NEEV_Subtropical_2030y_SOC,cf_median,
Bassas da India,NEEV_Subtropical_2030y_SOC,cf_median,
Belarus,NEEV_Subtropical_2030y_SOC,cf_median,
Belgium,NEEV_Subtropical_2030y_SOC,cf_median,
Belize,NEEV_Subtropical_2030y_SOC,cf_median,
Benin,NEEV_Subtropical_2030y_SOC,cf_median,
Bermuda,NEEV_Subtropical_2030y_SOC,cf_median,
Bhutan,NEEV_Subtropical_2030y_SOC,cf_median,167.41805
Bird Island,NEEV_Subtropical_2030y_SOC,cf_median,
Bolivia,NEEV_Subtropical_2030y_SOC,cf_median,
Bosnia and Herzegovina,NEEV_Subtropical_2030y_SOC,cf_median,141.98347
Botswana,NEEV_Subtropical_2030y_SOC,cf_median,44.859642
Bouvet Island,NEEV_Subtropical_2030y_SOC,cf_median,
Brazil,NEEV_Subtropical_2030y_SOC,cf_median,78.10291
British Indian Ocean Territory,NEEV_Subtropical_2030y_SOC,cf_median,
British Virgin Islands,NEEV_Subtropical_2030y_SOC,cf_median,
Brunei Darussalam,NEEV_Subtropical_2030y_SOC,cf_median,
Bulgaria,NEEV_Subtropical_2030y_SOC,cf_median,
Burkina Faso,NEEV_Subtropical_2030y_SOC,cf_median,
Burundi,NEEV_Subtropical_2030y_SOC,cf_median,
Cambodia,NEEV_Subtropical_2030y_SOC,cf_median,
Cameroon,NEEV_Subtropical_2030y_SOC,cf_median,
Canada,NEEV_Subtropical_2030y_SOC,cf_median,
Cape Verde,NEEV_Subtropical_2030y_SOC,cf_median,
Cayman Islands,NEEV_Subtropical_2030y_SOC,cf_median,
Central African Republic,NEEV_Subtropical_2030y_SOC,cf_median,
Chad,NEEV_Subtropical_2030y_SOC,cf_median,
Chile,NEEV_Subtropical_2030y_SOC,cf_median,158.70256
China,NEEV_Subtropical_2030y_SOC,cf_median,140.54556
China/India,NEEV_Subtropical_2030y_SOC,cf_median,250.97626
Christmas Island,NEEV_Subtropical_2030y_SOC,cf_median,
Clipperton Island,NEEV_Subtropical_2030y_SOC,cf_median,
Cocos (Keeling) Islands,NEEV_Subtropical_2030y_SOC,cf_median,
Colombia,NEEV_Subtropical_2030y_SOC,cf_median,
Comoros,NEEV_Subtropical_2030y_SOC,cf_median,
Congo,NEEV_Subtropical_2030y_SOC,cf_median,
Cook Islands,NEEV_Subtropical_2030y_SOC,cf_median,
Costa Rica,NEEV_Subtropical_2030y_SOC,cf_median,
Croatia,NEEV_Subtropical_2030y_SOC,cf_median,113.84924
Cuba,NEEV_Subtropical_2030y_SOC,cf_median,
Cyprus,NEEV_Subtropical_2030y_SOC,cf_median,
Czech Republic,NEEV_Subtropical_2030y_SOC,cf_median,
Côte d'Ivoire,NEEV_Subtropical_2030y_SOC,cf_median,
Dem People's Rep of Korea,NEEV_Subtropical_2030y_SOC,cf_median,
Democratic Republic of the Congo,NEEV_Subtropical_2030y_SOC,cf_median,
Denmark,NEEV_Subtropical_2030y_SOC,cf_median,
Djibouti,NEEV_Subtropical_2030y_SOC,cf_median,
Dominica,NEEV_Subtropical_2030y_SOC,cf_median,
Dominican Republic,NEEV_Subtropical_2030y_SOC,cf_median,
Ecuador,NEEV_Subtropical_2030y_SOC,cf_median,
Egypt,NEEV_Subtropical_2030y_SOC,cf_median,
El Salvador,NEEV_Subtropical_2030y_SOC,cf_median,
Equatorial Guinea,NEEV_Subtropical_2030y_SOC,cf_median,
Eritrea,NEEV_Subtropical_2030y_SOC,cf_median,
Estonia,NEEV_Subtropical_2030y_SOC,cf_median,
Ethiopia,NEEV_Subtropical_2030y_SOC,cf_median,
Europa Island,NEEV_Subtropical_2030y_SOC,cf_median,
Falkland Islands (Malvinas),NEEV_Subtropical_2030y_SOC,cf_median,
Faroe Islands,NEEV_Subtropical_2030y_SOC,cf_median,
Fiji,NEEV_Subtropical_2030y_SOC,cf_median,
Finland,NEEV_Subtropical_2030y_SOC,cf_median,
France,NEEV_Subtropical_2030y_SOC,cf_median,142.96458
French Guiana,NEEV_Subtropical_2030y_SOC,cf_median,
French Polynesia,NEEV_Subtropical_2030y_SOC,cf_median,
French Southern and Antarctic Territories,NEEV_Subtropical_2030y_SOC,cf_median,
Gabon,NEEV_Subtropical_2030y_SOC,cf_median,
Gambia,NEEV_Subtropical_2030y_SOC,cf_median,
Gaza Strip,NEEV_Subtropical_2030y_SOC,cf_median,
Georgia,NEEV_Subtropical_2030y_SOC,cf_median,124.232635
Germany,NEEV_Subtropical_2030y_SOC,cf_median,
Ghana,NEEV_Subtropical_2030y_SOC,cf_median,
Gibraltar,NEEV_Subtropical_2030y_SOC,cf_median,
Glorioso Island,NEEV_Subtropical_2030y_SOC,cf_median,
Greece,NEEV_Subtropical_2030y_SOC,cf_median,137.6569
Greenland,NEEV_Subtropical_2030y_SOC,cf_median,
Grenada,NEEV_Subtropical_2030y_SOC,cf_median,
Guadeloupe,NEEV_Subtropical_2030y_SOC,cf_median,
Guam,NEEV_Subtropical_2030y_SOC,cf_median,
Guatemala,NEEV_Subtropical_2030y_SOC,cf_median,
Guernsey,NEEV_Subtropical_2030y_SOC,cf_median,
Guinea,NEEV_Subtropical_2030y_SOC,cf_median,
Guinea-Bissau,NEEV_Subtropical_2030y_SOC,cf_median,
Guyana,NEEV_Subtropical_2030y_SOC,cf_median,
Haiti,NEEV_Subtropical_2030y_SOC,cf_median,
Hala'ib triangle,NEEV_Subtropical_2030y_SOC,cf_median,
Heard Island and McDonald Islands,NEEV_Subtropical_2030y_SOC,cf_median,
Holy See,NEEV_Subtropical_2030y_SOC,cf_median,274.42233
Honduras,NEEV_Subtropical_2030y_SOC,cf_median,
Hong Kong,NEEV_Subtropical_2030y_SOC,cf_median,72.17324
Howland Island,NEEV_Subtropical_2030y_SOC,cf_median,
Hungary,NEEV_Subtropical_2030y_SOC,cf_median,
Iceland,NEEV_Subtropical_2030y_SOC,cf_median,
Ilemi triangle,NEEV_Subtropical_2030y_SOC,cf_median,
India,NEEV_Subtropical_2030y_SOC,cf_median,97.249275
Indonesia,NEEV_Subtropical_2030y_SOC,cf_median,
Iran  (Islamic Republic of),NEEV_Subtropical_2030y_SOC,cf_median,
Iraq,NEEV_Subtropical_2030y_SOC,cf_median,
Ireland,NEEV_Subtropical_2030y_SOC,cf_median,
Isle of Man,NEEV_Subtropical_2030y_SOC,cf_median,
Israel,NEEV_Subtropical_2030y_SOC,cf_median,
Italy,NEEV_Subtropical_2030y_SOC,cf_median,141.43492
Jamaica,NEEV_Subtropical_2030y_SOC,cf_median,
Jammu and Kashmir,NEEV_Subtropical_2030y_SOC,cf_median,250.03545
Japan,NEEV_Subtropical_2030y_SOC,cf_median,111.20229
Jarvis Island,NEEV_Subtropical_2030y_SOC,cf_median,
Jersey,NEEV_Subtropical_2030y_SOC,cf_median,
Johnston Atoll,NEEV_Subtropical_2030y_SOC,cf_median,
Jordan,NEEV_Subtropical_2030y_SOC,cf_median,
Juan de Nova Island,NEEV_Subtropical_2030y_SOC,cf_median,
Kazakhstan,NEEV_Subtropical_2030y_SOC,cf_median,
Kenya,NEEV_Subtropical_2030y_SOC,cf_median,
Kingman Reef,NEEV_Subtropical_2030y_SOC,cf_median,
Kiribati,NEEV_Subtropical_2030y_SOC,cf_median,
Kuril islands,NEEV_Subtropical_2030y_SOC,cf_median,
Kuwait,NEEV_Subtropical_2030y_SOC,cf_median,
Kyrgyzstan,NEEV_Subtropical_2030y_SOC,cf_median,220.77188
Lao People's Democratic Republic,NEEV_Subtropical_2030y_SOC,cf_median,
Latvia,NEEV_Subtropical_2030y_SOC,cf_median,
Lebanon,NEEV_Subtropical_2030y_SOC,cf_median,
Lesotho,NEEV_Subtropical_2030y_SOC,cf_median,94.28467
Liberia,NEEV_Subtropical_2030y_SOC,cf_median,
Libya,NEEV_Subtropical_2030y_SOC,cf_median,
Liechtenstein,NEEV_Subtropical_2030y_SOC,cf_median,
Lithuania,NEEV_Subtropical_2030y_SOC,cf_median,
Luxembourg,NEEV_Subtropical_2030y_SOC,cf_median,
Ma'tan al-Sarra,NEEV_Subtropical_2030y_SOC,cf_median,
Macau,NEEV_Subtropical_2030y_SOC,cf_median,
Madagascar,NEEV_Subtropical_2030y_SOC,cf_median,
Madeira Islands,NEEV_Subtropical_2030y_SOC,cf_median,
Malawi,NEEV_Subtropical_2030y_SOC,cf_median,
Malaysia,NEEV_Subtropical_2030y_SOC,cf_median,
Maldives,NEEV_Subtropical_2030y_SOC,cf_median,
Mali,NEEV_Subtropical_2030y_SOC,cf_median,
Malta,NEEV_Subtropical_2030y_SOC,cf_median,
Marshall Islands,NEEV_Subtropical_2030y_SOC,cf_median,
Martinique,NEEV_Subtropical_2030y_SOC,cf_median,
Mauritania,NEEV_Subtropical_2030y_SOC,cf_median,
Mauritius,NEEV_Subtropical_2030y_SOC,cf_median,
Mayotte,NEEV_Subtropical_2030y_SOC,cf_median,
Mexico,NEEV_Subtropical_2030y_SOC,cf_median,53.695705
Micronesia (Federated States of),NEEV_Subtropical_2030y_SOC,cf_median,
Midway Island,NEEV_Subtropical_2030y_SOC,cf_median,
"Moldova, Republic of",NEEV_Subtropical_2030y_SOC,cf_median,
Monaco,NEEV_Subtropical_2030y_SOC,cf_median,
Mongolia,NEEV_Subtropical_2030y_SOC,cf_median,
Montenegro,NEEV_Subtropical_2030y_SOC,cf_median,166.7688
Montserrat,NEEV_Subtropical_2030y_SOC,cf_median,
Morocco,NEEV_Subtropical_2030y_SOC,cf_median,
Mozambique,NEEV_Subtropical_2030y_SOC,cf_median,
Myanmar,NEEV_Subtropical_2030y_SOC,cf_median,113.51101
Namibia,NEEV_Subtropical_2030y_SOC,cf_median,58.444622
Nauru,NEEV_Subtropical_2030y_SOC,cf_median,
Navassa Island,NEEV_Subtropical_2030y_SOC,cf_median,
Nepal,NEEV_Subtropical_2030y_SOC,cf_median,115.90812
Netherlands,NEEV_Subtropical_2030y_SOC,cf_median,
Netherlands Antilles,NEEV_Subtropical_2030y_SOC,cf_median,
New Caledonia,NEEV_Subtropical_2030y_SOC,cf_median,
New Zealand,NEEV_Subtropical_2030y_SOC,cf_median,125.42597
Nicaragua,NEEV_Subtropical_2030y_SOC,cf_median,
Niger,NEEV_Subtropical_2030y_SOC,cf_median,
Nigeria,NEEV_Subtropical_2030y_SOC,cf_median,
Niue,NEEV_Subtropical_2030y_SOC,cf_median,
Norfolk Island,NEEV_Subtropical_2030y_SOC,cf_median,
Northern Mariana Islands,NEEV_Subtropical_2030y_SOC,cf_median,
Norway,NEEV_Subtropical_2030y_SOC,cf_median,
Oman,NEEV_Subtropical_2030y_SOC,cf_median,
Pakistan,NEEV_Subtropical_2030y_SOC,cf_median,119.24913
Palau,NEEV_Subtropical_2030y_SOC,cf_median,
Palmyra Atoll,NEEV_Subtropical_2030y_SOC,cf_median,
Panama,NEEV_Subtropical_2030y_SOC,cf_median,
Papua New Guinea,NEEV_Subtropical_2030y_SOC,cf_median,
Paracel Islands,NEEV_Subtropical_2030y_SOC,cf_median,
Paraguay,NEEV_Subtropical_2030y_SOC,cf_median,43.141094
Peru,NEEV_Subtropical_2030y_SOC,cf_median,225.65826
Philippines,NEEV_Subtropical_2030y_SOC,cf_median,
Pitcairn,NEEV_Subtropical_2030y_SOC,cf_median,
Poland,NEEV_Subtropical_2030y_SOC,cf_median,
Portugal,NEEV_Subtropical_2030y_SOC,cf_median,104.70358
Puerto Rico,NEEV_Subtropical_2030y_SOC,cf_median,
Qatar,NEEV_Subtropical_2030y_SOC,cf_median,
Republic of Korea,NEEV_Subtropical_2030y_SOC,cf_median,
Romania,NEEV_Subtropical_2030y_SOC,cf_median,
Russian Federation,NEEV_Subtropical_2030y_SOC,cf_median,
Rwanda,NEEV_Subtropical_2030y_SOC,cf_median,
Réunion,NEEV_Subtropical_2030y_SOC,cf_median,
Saint Helena,NEEV_Subtropical_2030y_SOC,cf_median,
Saint Kitts and Nevis,NEEV_Subtropical_2030y_SOC,cf_median,
Saint Lucia,NEEV_Subtropical_2030y_SOC,cf_median,
Saint Pierre et Miquelon,NEEV_Subtropical_2030y_SOC,cf_median,
Saint Vincent and the Grenadines,NEEV_Subtropical_2030y_SOC,cf_median,
Samoa,NEEV_Subtropical_2030y_SOC,cf_median,
San Marino,NEEV_Subtropical_2030y_SOC,cf_median,
Sao Tome and Principe,NEEV_Subtropical_2030y_SOC,cf_median,
Saudi Arabia,NEEV_Subtropical_2030y_SOC,cf_median,
Scarborough Reef,NEEV_Subtropical_2030y_SOC,cf_median,
Senegal,NEEV_Subtropical_2030y_SOC,cf_median,
Senkaku Islands,NEEV_Subtropical_2030y_SOC,cf_median,
Serbia,NEEV_Subtropical_2030y_SOC,cf_median,161.9262
Seychelles,NEEV_Subtropical_2030y_SOC,cf_median,
Sierra Leone,NEEV_Subtropical_2030y_SOC,cf_median,
Singapore,NEEV_Subtropical_2030y_SOC,cf_median,
Slovakia,NEEV_Subtropical_2030y_SOC,cf_median,
Slovenia,NEEV_Subtropical_2030y_SOC,cf_median,
Solomon Islands,NEEV_Subtropical_2030y_SOC,cf_median,
Somalia,NEEV_Subtropical_2030y_SOC,cf_median,
South Africa,NEEV_Subtropical_2030y_SOC,cf_median,93.02219
South Georgia and the South Sandwich Islands,NEEV_Subtropical_2030y_SOC,cf_median,
South Sudan,NEEV_Subtropical_2030y_SOC,cf_median,
Spain,NEEV_Subtropical_2030y_SOC,cf_median,147.8489
Spratly Islands,NEEV_Subtropical_2030y_SOC,cf_median,
Sri Lanka,NEEV_Subtropical_2030y_SOC,cf_median,
Sudan,NEEV_Subtropical_2030y_SOC,cf_median,
Suriname,NEEV_Subtropical_2030y_SOC,cf_median,
Svalbard and Jan Mayen Islands,NEEV_Subtropical_2030y_SOC,cf_median,
Swaziland,NEEV_Subtropical_2030y_SOC,cf_median,102.00523
Sweden,NEEV_Subtropical_2030y_SOC,cf_median,
Switzerland,NEEV_Subtropical_2030y_SOC,cf_median,181.62445
Syrian Arab Republic,NEEV_Subtropical_2030y_SOC,cf_median,
Taiwan,NEEV_Subtropical_2030y_SOC,cf_median,119.95701
Tajikistan,NEEV_Subtropical_2030y_SOC,cf_median,200.96638
Thailand,NEEV_Subtropical_2030y_SOC,cf_median,
The former Yugoslav Republic of Macedonia,NEEV_Subtropical_2030y_SOC,cf_median,131.19592
Timor-Leste,NEEV_Subtropical_2030y_SOC,cf_median,
Togo,NEEV_Subtropical_2030y_SOC,cf_median,
Tokelau,NEEV_Subtropical_2030y_SOC,cf_median,
Tonga,NEEV_Subtropical_2030y_SOC,cf_median,
Trinidad and Tobago,NEEV_Subtropical_2030y_SOC,cf_median,
Tromelin Island,NEEV_Subtropical_2030y_SOC,cf_median,
Tunisia,NEEV_Subtropical_2030y_SOC,cf_median,
Turkey,NEEV_Subtropical_2030y_SOC,cf_median,148.39363
Turkmenistan,NEEV_Subtropical_2030y_SOC,cf_median,77.72943
Turks and Caicos islands,NEEV_Subtropical_2030y_SOC,cf_median,
Tuvalu,NEEV_Subtropical_2030y_SOC,cf_median,
U.K. of Great Britain and Northern Ireland,NEEV_Subtropical_2030y_SOC,cf_median,
Uganda,NEEV_Subtropical_2030y_SOC,cf_median,
Ukraine,NEEV_Subtropical_2030y_SOC,cf_median,
United Arab Emirates,NEEV_Subtropical_2030y_SOC,cf_median,
United Republic of Tanzania,NEEV_Subtropical_2030y_SOC,cf_median,
United States Virgin Islands,NEEV_Subtropical_2030y_SOC,cf_median,
United States of America,NEEV_Subtropical_2030y_SOC,cf_median,106.79743
Uruguay,NEEV_Subtropical_2030y_SOC,cf_median,61.584465
Uzbekistan,NEEV_Subtropical_2030y_SOC,cf_median,165.1509
Vanuatu,NEEV_Subtropical_2030y_SOC,cf_median,
Venezuela,NEEV_Subtropical_2030y_SOC,cf_median,
Viet Nam,NEEV_Subtropical_2030y_SOC,cf_median,84.544586
Wake Island,NEEV_Subtropical_2030y_SOC,cf_median,
Wallis and Futuna,NEEV_Subtropical_2030y_SOC,cf_median,
West Bank,NEEV_Subtropical_2030y_SOC,cf_median,
Western Sahara,NEEV_Subtropical_2030y_SOC,cf_median,
Yemen,NEEV_Subtropical_2030y_SOC,cf_median,
Zambia,NEEV_Subtropical_2030y_SOC,cf_median,
Zimbabwe,NEEV_Subtropical_2030y_SOC,cf_median,
Abyei,NEEV_Subtropical_2030y_SOC,cf_std,
Afghanistan,NEEV_Subtropical_2030y_SOC,cf_std,43.8848
Aksai Chin,NEEV_Subtropical_2030y_SOC,cf_std,10.307635
Albania,NEEV_Subtropical_2030y_SOC,cf_std,10.2721815
Algeria,NEEV_Subtropical_2030y_SOC,cf_std,
American Samoa,NEEV_Subtropical_2030y_SOC,cf_std,
Andorra,NEEV_Subtropical_2030y_SOC,cf_std,4.57421
Angola,NEEV_Subtropical_2030y_SOC,cf_std,13.951506
Anguilla,NEEV_Subtropical_2030y_SOC,cf_std,
Antarctica,NEEV_Subtropical_2030y_SOC,cf_std,
Antigua and Barbuda,NEEV_Subtropical_2030y_SOC,cf_std,
Argentina,NEEV_Subtropical_2030y_SOC,cf_std,32.162117
Armenia,NEEV_Subtropical_2030y_SOC,cf_std,
Aruba,NEEV_Subtropical_2030y_SOC,cf_std,
Arunachal Pradesh,NEEV_Subtropical_2030y_SOC,cf_std,36.991447
Ashmore and Cartier Islands,NEEV_Subtropical_2030y_SOC,cf_std,
Australia,NEEV_Subtropical_2030y_SOC,cf_std,29.51009
Austria,NEEV_Subtropical_2030y_SOC,cf_std,
Azerbaijan,NEEV_Subtropical_2030y_SOC,cf_std,
Azores Islands,NEEV_Subtropical_2030y_SOC,cf_std,
Bahamas,NEEV_Subtropical_2030y_SOC,cf_std,
Bahrain,NEEV_Subtropical_2030y_SOC,cf_std,
Baker Island,NEEV_Subtropical_2030y_SOC,cf_std,
Bangladesh,NEEV_Subtropical_2030y_SOC,cf_std,9.463378
Barbados,NEEV_Subtropical_2030y_SOC,cf_std,
Bassas da India,NEEV_Subtropical_2030y_SOC,cf_std,
Belarus,NEEV_Subtropical_2030y_SOC,cf_std,
Belgium,NEEV_Subtropical_2030y_SOC,cf_std,
Belize,NEEV_Subtropical_2030y_SOC,cf_std,
Benin,NEEV_Subtropical_2030y_SOC,cf_std,
Bermuda,NEEV_Subtropical_2030y_SOC,cf_std,
Bhutan,NEEV_Subtropical_2030y_SOC,cf_std,34.596184
Bird Island,NEEV_Subtropical_2030y_SOC,cf_std,
Bolivia,NEEV_Subtropical_2030y_SOC,cf_std,
Bosnia and Herzegovina,NEEV_Subtropical_2030y_SOC,cf_std,11.662839
Botswana,NEEV_Subtropical_2030y_SOC,cf_std,0.9446981
Bouvet Island,NEEV_Subtropical_2030y_SOC,cf_std,
Brazil,NEEV_Subtropical_2030y_SOC,cf_std,41.58871
British Indian Ocean Territory,NEEV_Subtropical_2030y_SOC,cf_std,
British Virgin Islands,NEEV_Subtropical_2030y_SOC,cf_std,
Brunei Darussalam,NEEV_Subtropical_2030y_SOC,cf_std,
Bulgaria,NEEV_Subtropical_2030y_SOC,cf_std,
Burkina Faso,NEEV_Subtropical_2030y_SOC,cf_std,
Burundi,NEEV_Subtropical_2030y_SOC,cf_std,
Cambodia,NEEV_Subtropical_2030y_SOC,cf_std,
Cameroon,NEEV_Subtropical_2030y_SOC,cf_std,
Canada,NEEV_Subtropical_2030y_SOC,cf_std,
Cape Verde,NEEV_Subtropical_2030y_SOC,cf_std,
Cayman Islands,NEEV_Subtropical_2030y_SOC,cf_std,
Central African Republic,NEEV_Subtropical_2030y_SOC,cf_std,
Chad,NEEV_Subtropical_2030y_SOC,cf_std,
Chile,NEEV_Subtropical_2030y_SOC,cf_std,64.68506
China,NEEV_Subtropical_2030y_SOC,cf_std,79.14021
China/India,NEEV_Subtropical_2030y_SOC,cf_std,10.518648
Christmas Island,NEEV_Subtropical_2030y_SOC,cf_std,
Clipperton Island,NEEV_Subtropical_2030y_SOC,cf_std,
Cocos (Keeling) Islands,NEEV_Subtropical_2030y_SOC,cf_std,
Colombia,NEEV_Subtropical_2030y_SOC,cf_std,
Comoros,NEEV_Subtropical_2030y_SOC,cf_std,
Congo,NEEV_Subtropical_2030y_SOC,cf_std,
Cook Islands,NEEV_Subtropical_2030y_SOC,cf_std,
Costa Rica,NEEV_Subtropical_2030y_SOC,cf_std,
Croatia,NEEV_Subtropical_2030y_SOC,cf_std,0.0
Cuba,NEEV_Subtropical_2030y_SOC,cf_std,
Cyprus,NEEV_Subtropical_2030y_SOC,cf_std,
Czech Republic,NEEV_Subtropical_2030y_SOC,cf_std,
Côte d'Ivoire,NEEV_Subtropical_2030y_SOC,cf_std,
Dem People's Rep of Korea,NEEV_Subtropical_2030y_SOC,cf_std,
Democratic Republic of the Congo,NEEV_Subtropical_2030y_SOC,cf_std,
Denmark,NEEV_Subtropical_2030y_SOC,cf_std,
Djibouti,NEEV_Subtropical_2030y_SOC,cf_std,
Dominica,NEEV_Subtropical_2030y_SOC,cf_std,
Dominican Republic,NEEV_Subtropical_2030y_SOC,cf_std,
Ecuador,NEEV_Subtropical_2030y_SOC,cf_std,
Egypt,NEEV_Subtropical_2030y_SOC,cf_std,
El Salvador,NEEV_Subtropical_2030y_SOC,cf_std,
Equatorial Guinea,NEEV_Subtropical_2030y_SOC,cf_std,
Eritrea,NEEV_Subtropical_2030y_SOC,cf_std,
Estonia,NEEV_Subtropical_2030y_SOC,cf_std,
Ethiopia,NEEV_Subtropical_2030y_SOC,cf_std,
Europa Island,NEEV_Subtropical_2030y_SOC,cf_std,
Falkland Islands (Malvinas),NEEV_Subtropical_2030y_SOC,cf_std,
Faroe Islands,NEEV_Subtropical_2030y_SOC,cf_std,
Fiji,NEEV_Subtropical_2030y_SOC,cf_std,
Finland,NEEV_Subtropical_2030y_SOC,cf_std,
France,NEEV_Subtropical_2030y_SOC,cf_std,43.476215
French Guiana,NEEV_Subtropical_2030y_SOC,cf_std,
French Polynesia,NEEV_Subtropical_2030y_SOC,cf_std,
French Southern and Antarctic Territories,NEEV_Subtropical_2030y_SOC,cf_std,
Gabon,NEEV_Subtropical_2030y_SOC,cf_std,
Gambia,NEEV_Subtropical_2030y_SOC,cf_std,
Gaza Strip,NEEV_Subtropical_2030y_SOC,cf_std,
Georgia,NEEV_Subtropical_2030y_SOC,cf_std,10.142852
Germany,NEEV_Subtropical_2030y_SOC,cf_std,
Ghana,NEEV_Subtropical_2030y_SOC,cf_std,
Gibraltar,NEEV_Subtropical_2030y_SOC,cf_std,
Glorioso Island,NEEV_Subtropical_2030y_SOC,cf_std,
Greece,NEEV_Subtropical_2030y_SOC,cf_std,7.0788975
Greenland,NEEV_Subtropical_2030y_SOC,cf_std,
Grenada,NEEV_Subtropical_2030y_SOC,cf_std,
Guadeloupe,NEEV_Subtropical_2030y_SOC,cf_std,
Guam,NEEV_Subtropical_2030y_SOC,cf_std,
Guatemala,NEEV_Subtropical_2030y_SOC,cf_std,
Guernsey,NEEV_Subtropical_2030y_SOC,cf_std,
Guinea,NEEV_Subtropical_2030y_SOC,cf_std,
Guinea-Bissau,NEEV_Subtropical_2030y_SOC,cf_std,
Guyana,NEEV_Subtropical_2030y_SOC,cf_std,
Haiti,NEEV_Subtropical_2030y_SOC,cf_std,
Hala'ib triangle,NEEV_Subtropical_2030y_SOC,cf_std,
Heard Island and McDonald Islands,NEEV_Subtropical_2030y_SOC,cf_std,
Holy See,NEEV_Subtropical_2030y_SOC,cf_std,0.0
Honduras,NEEV_Subtropical_2030y_SOC,cf_std,
Hong Kong,NEEV_Subtropical_2030y_SOC,cf_std,4.2814026
Howland Island,NEEV_Subtropical_2030y_SOC,cf_std,
Hungary,NEEV_Subtropical_2030y_SOC,cf_std,
Iceland,NEEV_Subtropical_2030y_SOC,cf_std,
Ilemi triangle,NEEV_Subtropical_2030y_SOC,cf_std,
India,NEEV_Subtropical_2030y_SOC,cf_std,41.759007
Indonesia,NEEV_Subtropical_2030y_SOC,cf_std,
Iran  (Islamic Republic of),NEEV_Subtropical_2030y_SOC,cf_std,
Iraq,NEEV_Subtropical_2030y_SOC,cf_std,
Ireland,NEEV_Subtropical_2030y_SOC,cf_std,
Isle of Man,NEEV_Subtropical_2030y_SOC,cf_std,
Israel,NEEV_Subtropical_2030y_SOC,cf_std,
Italy,NEEV_Subtropical_2030y_SOC,cf_std,33.89117
Jamaica,NEEV_Subtropical_2030y_SOC,cf_std,
Jammu and Kashmir,NEEV_Subtropical_2030y_SOC,cf_std,67.493614
Japan,NEEV_Subtropical_2030y_SOC,cf_std,74.91063
Jarvis Island,NEEV_Subtropical_2030y_SOC,cf_std,
Jersey,NEEV_Subtropical_2030y_SOC,cf_std,
Johnston Atoll,NEEV_Subtropical_2030y_SOC,cf_std,
Jordan,NEEV_Subtropical_2030y_SOC,cf_std,
Juan de Nova Island,NEEV_Subtropical_2030y_SOC,cf_std,
Kazakhstan,NEEV_Subtropical_2030y_SOC,cf_std,
Kenya,NEEV_Subtropical_2030y_SOC,cf_std,
Kingman Reef,NEEV_Subtropical_2030y_SOC,cf_std,
Kiribati,NEEV_Subtropical_2030y_SOC,cf_std,
Kuril islands,NEEV_Subtropical_2030y_SOC,cf_std,
Kuwait,NEEV_Subtropical_2030y_SOC,cf_std,
Kyrgyzstan,NEEV_Subtropical_2030y_SOC,cf_std,3.8842819
Lao People's Democratic Republic,NEEV_Subtropical_2030y_SOC,cf_std,
Latvia,NEEV_Subtropical_2030y_SOC,cf_std,
Lebanon,NEEV_Subtropical_2030y_SOC,cf_std,
Lesotho,NEEV_Subtropical_2030y_SOC,cf_std,17.536526
Liberia,NEEV_Subtropical_2030y_SOC,cf_std,
Libya,NEEV_Subtropical_2030y_SOC,cf_std,
Liechtenstein,NEEV_Subtropical_2030y_SOC,cf_std,
Lithuania,NEEV_Subtropical_2030y_SOC,cf_std,
Luxembourg,NEEV_Subtropical_2030y_SOC,cf_std,
Ma'tan al-Sarra,NEEV_Subtropical_2030y_SOC,cf_std,
Macau,NEEV_Subtropical_2030y_SOC,cf_std,
Madagascar,NEEV_Subtropical_2030y_SOC,cf_std,
Madeira Islands,NEEV_Subtropical_2030y_SOC,cf_std,
Malawi,NEEV_Subtropical_2030y_SOC,cf_std,
Malaysia,NEEV_Subtropical_2030y_SOC,cf_std,
Maldives,NEEV_Subtropical_2030y_SOC,cf_std,
Mali,NEEV_Subtropical_2030y_SOC,cf_std,
Malta,NEEV_Subtropical_2030y_SOC,cf_std,
Marshall Islands,NEEV_Subtropical_2030y_SOC,cf_std,
Martinique,NEEV_Subtropical_2030y_SOC,cf_std,
Mauritania,NEEV_Subtropical_2030y_SOC,cf_std,
Mauritius,NEEV_Subtropical_2030y_SOC,cf_std,
Mayotte,NEEV_Subtropical_2030y_SOC,cf_std,
Mexico,NEEV_Subtropical_2030y_SOC,cf_std,10.76152
Micronesia (Federated States of),NEEV_Subtropical_2030y_SOC,cf_std,
Midway Island,NEEV_Subtropical_2030y_SOC,cf_std,
"Moldova, Republic of",NEEV_Subtropical_2030y_SOC,cf_std,
Monaco,NEEV_Subtropical_2030y_SOC,cf_std,
Mongolia,NEEV_Subtropical_2030y_SOC,cf_std,
Montenegro,NEEV_Subtropical_2030y_SOC,cf_std,7.582728
Montserrat,NEEV_Subtropical_2030y_SOC,cf_std,
Morocco,NEEV_Subtropical_2030y_SOC,cf_std,
Mozambique,NEEV_Subtropical_2030y_SOC,cf_std,
Myanmar,NEEV_Subtropical_2030y_SOC,cf_std,14.192735
Namibia,NEEV_Subtropical_2030y_SOC,cf_std,6.7817903
Nauru,NEEV_Subtropical_2030y_SOC,cf_std,
Navassa Island,NEEV_Subtropical_2030y_SOC,cf_std,
Nepal,NEEV_Subtropical_2030y_SOC,cf_std,50.89396
Netherlands,NEEV_Subtropical_2030y_SOC,cf_std,
Netherlands Antilles,NEEV_Subtropical_2030y_SOC,cf_std,
New Caledonia,NEEV_Subtropical_2030y_SOC,cf_std,
New Zealand,NEEV_Subtropical_2030y_SOC,cf_std,26.732256
Nicaragua,NEEV_Subtropical_2030y_SOC,cf_std,
Niger,NEEV_Subtropical_2030y_SOC,cf_std,
Nigeria,NEEV_Subtropical_2030y_SOC,cf_std,
Niue,NEEV_Subtropical_2030y_SOC,cf_std,
Norfolk Island,NEEV_Subtropical_2030y_SOC,cf_std,
Northern Mariana Islands,NEEV_Subtropical_2030y_SOC,cf_std,
Norway,NEEV_Subtropical_2030y_SOC,cf_std,
Oman,NEEV_Subtropical_2030y_SOC,cf_std,
Pakistan,NEEV_Subtropical_2030y_SOC,cf_std,43.609722
Palau,NEEV_Subtropical_2030y_SOC,cf_std,
Palmyra Atoll,NEEV_Subtropical_2030y_SOC,cf_std,
Panama,NEEV_Subtropical_2030y_SOC,cf_std,
Papua New Guinea,NEEV_Subtropical_2030y_SOC,cf_std,
Paracel Islands,NEEV_Subtropical_2030y_SOC,cf_std,
Paraguay,NEEV_Subtropical_2030y_SOC,cf_std,10.348581
Peru,NEEV_Subtropical_2030y_SOC,cf_std,45.22102
Philippines,NEEV_Subtropical_2030y_SOC,cf_std,
Pitcairn,NEEV_Subtropical_2030y_SOC,cf_std,
Poland,NEEV_Subtropical_2030y_SOC,cf_std,
Portugal,NEEV_Subtropical_2030y_SOC,cf_std,18.824543
Puerto Rico,NEEV_Subtropical_2030y_SOC,cf_std,
Qatar,NEEV_Subtropical_2030y_SOC,cf_std,
Republic of Korea,NEEV_Subtropical_2030y_SOC,cf_std,
Romania,NEEV_Subtropical_2030y_SOC,cf_std,
Russian Federation,NEEV_Subtropical_2030y_SOC,cf_std,
Rwanda,NEEV_Subtropical_2030y_SOC,cf_std,
Réunion,NEEV_Subtropical_2030y_SOC,cf_std,
Saint Helena,NEEV_Subtropical_2030y_SOC,cf_std,
Saint Kitts and Nevis,NEEV_Subtropical_2030y_SOC,cf_std,
Saint Lucia,NEEV_Subtropical_2030y_SOC,cf_std,
Saint Pierre et Miquelon,NEEV_Subtropical_2030y_SOC,cf_std,
Saint Vincent and the Grenadines,NEEV_Subtropical_2030y_SOC,cf_std,
Samoa,NEEV_Subtropical_2030y_SOC,cf_std,
San Marino,NEEV_Subtropical_2030y_SOC,cf_std,
Sao Tome and Principe,NEEV_Subtropical_2030y_SOC,cf_std,
Saudi Arabia,NEEV_Subtropical_2030y_SOC,cf_std,
Scarborough Reef,NEEV_Subtropical_2030y_SOC,cf_std,
Senegal,NEEV_Subtropical_2030y_SOC,cf_std,
Senkaku Islands,NEEV_Subtropical_2030y_SOC,cf_std,
Serbia,NEEV_Subtropical_2030y_SOC,cf_std,4.726527
Seychelles,NEEV_Subtropical_2030y_SOC,cf_std,
Sierra Leone,NEEV_Subtropical_2030y_SOC,cf_std,
Singapore,NEEV_Subtropical_2030y_SOC,cf_std,
Slovakia,NEEV_Subtropical_2030y_SOC,cf_std,
Slovenia,NEEV_Subtropical_2030y_SOC,cf_std,
Solomon Islands,NEEV_Subtropical_2030y_SOC,cf_std,
Somalia,NEEV_Subtropical_2030y_SOC,cf_std,
South Africa,NEEV_Subtropical_2030y_SOC,cf_std,45.70414
South Georgia and the South Sandwich Islands,NEEV_Subtropical_2030y_SOC,cf_std,
South Sudan,NEEV_Subtropical_2030y_SOC,cf_std,
Spain,NEEV_Subtropical_2030y_SOC,cf_std,34.32409
Spratly Islands,NEEV_Subtropical_2030y_SOC,cf_std,
Sri Lanka,NEEV_Subtropical_2030y_SOC,cf_std,
Sudan,NEEV_Subtropical_2030y_SOC,cf_std,
Suriname,NEEV_Subtropical_2030y_SOC,cf_std,
Svalbard and Jan Mayen Islands,NEEV_Subtropical_2030y_SOC,cf_std,
Swaziland,NEEV_Subtropical_2030y_SOC,cf_std,1.6599983
Sweden,NEEV_Subtropical_2030y_SOC,cf_std,
Switzerland,NEEV_Subtropical_2030y_SOC,cf_std,10.421882
Syrian Arab Republic,NEEV_Subtropical_2030y_SOC,cf_std,
Taiwan,NEEV_Subtropical_2030y_SOC,cf_std,92.6874
Tajikistan,NEEV_Subtropical_2030y_SOC,cf_std,46.210243
Thailand,NEEV_Subtropical_2030y_SOC,cf_std,
The former Yugoslav Republic of Macedonia,NEEV_Subtropical_2030y_SOC,cf_std,12.1706
Timor-Leste,NEEV_Subtropical_2030y_SOC,cf_std,
Togo,NEEV_Subtropical_2030y_SOC,cf_std,
Tokelau,NEEV_Subtropical_2030y_SOC,cf_std,
Tonga,NEEV_Subtropical_2030y_SOC,cf_std,
Trinidad and Tobago,NEEV_Subtropical_2030y_SOC,cf_std,
Tromelin Island,NEEV_Subtropical_2030y_SOC,cf_std,
Tunisia,NEEV_Subtropical_2030y_SOC,cf_std,
Turkey,NEEV_Subtropical_2030y_SOC,cf_std,21.873312
Turkmenistan,NEEV_Subtropical_2030y_SOC,cf_std,16.303572
Turks and Caicos islands,NEEV_Subtropical_2030y_SOC,cf_std,
Tuvalu,NEEV_Subtropical_2030y_SOC,cf_std,
U.K. of Great Britain and Northern Ireland,NEEV_Subtropical_2030y_SOC,cf_std,
Uganda,NEEV_Subtropical_2030y_SOC,cf_std,
Ukraine,NEEV_Subtropical_2030y_SOC,cf_std,
United Arab Emirates,NEEV_Subtropical_2030y_SOC,cf_std,
United Republic of Tanzania,NEEV_Subtropical_2030y_SOC,cf_std,
United States Virgin Islands,NEEV_Subtropical_2030y_SOC,cf_std,
United States of America,NEEV_Subtropical_2030y_SOC,cf_std,57.64444
Uruguay,NEEV_Subtropical_2030y_SOC,cf_std,13.3657
Uzbekistan,NEEV_Subtropical_2030y_SOC,cf_std,33.17451
Vanuatu,NEEV_Subtropical_2030y_SOC,cf_std,
Venezuela,NEEV_Subtropical_2030y_SOC,cf_std,
Viet Nam,NEEV_Subtropical_2030y_SOC,cf_std,17.104265
Wake Island,NEEV_Subtropical_2030y_SOC,cf_std,
Wallis and Futuna,NEEV_Subtropical_2030y_SOC,cf_std,
West Bank,NEEV_Subtropical_2030y_SOC,cf_std,
Western Sahara,NEEV_Subtropical_2030y_SOC,cf_std,
Yemen,NEEV_Subtropical_2030y_SOC,cf_std,
Zambia,NEEV_Subtropical_2030y_SOC,cf_std,
Zimbabwe,NEEV_Subtropical_2030y_SOC,cf_std,
Abyei,NEEV_Tropical_2030y_SOC,cf_mean,113.48483
Afghanistan,NEEV_Tropical_2030y_SOC,cf_mean,
Aksai Chin,NEEV_Tropical_2030y_SOC,cf_mean,
Albania,NEEV_Tropical_2030y_SOC,cf_mean,
Algeria,NEEV_Tropical_2030y_SOC,cf_mean,
American Samoa,NEEV_Tropical_2030y_SOC,cf_mean,
Andorra,NEEV_Tropical_2030y_SOC,cf_mean,
Angola,NEEV_Tropical_2030y_SOC,cf_mean,97.383316
Anguilla,NEEV_Tropical_2030y_SOC,cf_mean,
Antarctica,NEEV_Tropical_2030y_SOC,cf_mean,
Antigua and Barbuda,NEEV_Tropical_2030y_SOC,cf_mean,
Argentina,NEEV_Tropical_2030y_SOC,cf_mean,111.20035
Armenia,NEEV_Tropical_2030y_SOC,cf_mean,
Aruba,NEEV_Tropical_2030y_SOC,cf_mean,
Arunachal Pradesh,NEEV_Tropical_2030y_SOC,cf_mean,
Ashmore and Cartier Islands,NEEV_Tropical_2030y_SOC,cf_mean,
Australia,NEEV_Tropical_2030y_SOC,cf_mean,150.77325
Austria,NEEV_Tropical_2030y_SOC,cf_mean,
Azerbaijan,NEEV_Tropical_2030y_SOC,cf_mean,
Azores Islands,NEEV_Tropical_2030y_SOC,cf_mean,
Bahamas,NEEV_Tropical_2030y_SOC,cf_mean,367.2762
Bahrain,NEEV_Tropical_2030y_SOC,cf_mean,
Baker Island,NEEV_Tropical_2030y_SOC,cf_mean,
Bangladesh,NEEV_Tropical_2030y_SOC,cf_mean,164.52098
Barbados,NEEV_Tropical_2030y_SOC,cf_mean,
Bassas da India,NEEV_Tropical_2030y_SOC,cf_mean,
Belarus,NEEV_Tropical_2030y_SOC,cf_mean,
Belgium,NEEV_Tropical_2030y_SOC,cf_mean,
Belize,NEEV_Tropical_2030y_SOC,cf_mean,111.22223
Benin,NEEV_Tropical_2030y_SOC,cf_mean,86.84845
Bermuda,NEEV_Tropical_2030y_SOC,cf_mean,
Bhutan,NEEV_Tropical_2030y_SOC,cf_mean,
Bird Island,NEEV_Tropical_2030y_SOC,cf_mean,
Bolivia,NEEV_Tropical_2030y_SOC,cf_mean,108.01311
Bosnia and Herzegovina,NEEV_Tropical_2030y_SOC,cf_mean,
Botswana,NEEV_Tropical_2030y_SOC,cf_mean,148.8572
Bouvet Island,NEEV_Tropical_2030y_SOC,cf_mean,
Brazil,NEEV_Tropical_2030y_SOC,cf_mean,94.5322
British Indian Ocean Territory,NEEV_Tropical_2030y_SOC,cf_mean,
British Virgin Islands,NEEV_Tropical_2030y_SOC,cf_mean,
Brunei Darussalam,NEEV_Tropical_2030y_SOC,cf_mean,
Bulgaria,NEEV_Tropical_2030y_SOC,cf_mean,
Burkina Faso,NEEV_Tropical_2030y_SOC,cf_mean,90.29148
Burundi,NEEV_Tropical_2030y_SOC,cf_mean,
Cambodia,NEEV_Tropical_2030y_SOC,cf_mean,105.288246
Cameroon,NEEV_Tropical_2030y_SOC,cf_mean,103.36183
Canada,NEEV_Tropical_2030y_SOC,cf_mean,
Cape Verde,NEEV_Tropical_2030y_SOC,cf_mean,
Cayman Islands,NEEV_Tropical_2030y_SOC,cf_mean,
Central African Republic,NEEV_Tropical_2030y_SOC,cf_mean,96.00694
Chad,NEEV_Tropical_2030y_SOC,cf_mean,100.820366
Chile,NEEV_Tropical_2030y_SOC,cf_mean,256.18048
China,NEEV_Tropical_2030y_SOC,cf_mean,131.04312
China/India,NEEV_Tropical_2030y_SOC,cf_mean,
Christmas Island,NEEV_Tropical_2030y_SOC,cf_mean,
Clipperton Island,NEEV_Tropical_2030y_SOC,cf_mean,
Cocos (Keeling) Islands,NEEV_Tropical_2030y_SOC,cf_mean,
Colombia,NEEV_Tropical_2030y_SOC,cf_mean,93.90825
Comoros,NEEV_Tropical_2030y_SOC,cf_mean,
Congo,NEEV_Tropical_2030y_SOC,cf_mean,101.46868
Cook Islands,NEEV_Tropical_2030y_SOC,cf_mean,
Costa Rica,NEEV_Tropical_2030y_SOC,cf_mean,190.57193
Croatia,NEEV_Tropical_2030y_SOC,cf_mean,
Cuba,NEEV_Tropical_2030y_SOC,cf_mean,167.45149
Cyprus,NEEV_Tropical_2030y_SOC,cf_mean,
Czech Republic,NEEV_Tropical_2030y_SOC,cf_mean,
Côte d'Ivoire,NEEV_Tropical_2030y_SOC,cf_mean,88.44502
Dem People's Rep of Korea,NEEV_Tropical_2030y_SOC,cf_mean,
Democratic Republic of the Congo,NEEV_Tropical_2030y_SOC,cf_mean,101.32711
Denmark,NEEV_Tropical_2030y_SOC,cf_mean,
Djibouti,NEEV_Tropical_2030y_SOC,cf_mean,
Dominica,NEEV_Tropical_2030y_SOC,cf_mean,
Dominican Republic,NEEV_Tropical_2030y_SOC,cf_mean,150.48637
Ecuador,NEEV_Tropical_2030y_SOC,cf_mean,154.7842
Egypt,NEEV_Tropical_2030y_SOC,cf_mean,
El Salvador,NEEV_Tropical_2030y_SOC,cf_mean,139.70532
Equatorial Guinea,NEEV_Tropical_2030y_SOC,cf_mean,
Eritrea,NEEV_Tropical_2030y_SOC,cf_mean,
Estonia,NEEV_Tropical_2030y_SOC,cf_mean,
Ethiopia,NEEV_Tropical_2030y_SOC,cf_mean,122.091515
Europa Island,NEEV_Tropical_2030y_SOC,cf_mean,
Falkland Islands (Malvinas),NEEV_Tropical_2030y_SOC,cf_mean,
Faroe Islands,NEEV_Tropical_2030y_SOC,cf_mean,
Fiji,NEEV_Tropical_2030y_SOC,cf_mean,
Finland,NEEV_Tropical_2030y_SOC,cf_mean,
France,NEEV_Tropical_2030y_SOC,cf_mean,
French Guiana,NEEV_Tropical_2030y_SOC,cf_mean,112.18809
French Polynesia,NEEV_Tropical_2030y_SOC,cf_mean,
French Southern and Antarctic Territories,NEEV_Tropical_2030y_SOC,cf_mean,
Gabon,NEEV_Tropical_2030y_SOC,cf_mean,104.30207
Gambia,NEEV_Tropical_2030y_SOC,cf_mean,
Gaza Strip,NEEV_Tropical_2030y_SOC,cf_mean,
Georgia,NEEV_Tropical_2030y_SOC,cf_mean,
Germany,NEEV_Tropical_2030y_SOC,cf_mean,
Ghana,NEEV_Tropical_2030y_SOC,cf_mean,110.80576
Gibraltar,NEEV_Tropical_2030y_SOC,cf_mean,
Glorioso Island,NEEV_Tropical_2030y_SOC,cf_mean,
Greece,NEEV_Tropical_2030y_SOC,cf_mean,
Greenland,NEEV_Tropical_2030y_SOC,cf_mean,
Grenada,NEEV_Tropical_2030y_SOC,cf_mean,
Guadeloupe,NEEV_Tropical_2030y_SOC,cf_mean,
Guam,NEEV_Tropical_2030y_SOC,cf_mean,
Guatemala,NEEV_Tropical_2030y_SOC,cf_mean,127.012955
Guernsey,NEEV_Tropical_2030y_SOC,cf_mean,
Guinea,NEEV_Tropical_2030y_SOC,cf_mean,95.64987
Guinea-Bissau,NEEV_Tropical_2030y_SOC,cf_mean,116.12075
Guyana,NEEV_Tropical_2030y_SOC,cf_mean,118.1459
Haiti,NEEV_Tropical_2030y_SOC,cf_mean,171.25333
Hala'ib triangle,NEEV_Tropical_2030y_SOC,cf_mean,
Heard Island and McDonald Islands,NEEV_Tropical_2030y_SOC,cf_mean,
Holy See,NEEV_Tropical_2030y_SOC,cf_mean,
Honduras,NEEV_Tropical_2030y_SOC,cf_mean,121.30711
Hong Kong,NEEV_Tropical_2030y_SOC,cf_mean,
Howland Island,NEEV_Tropical_2030y_SOC,cf_mean,
Hungary,NEEV_Tropical_2030y_SOC,cf_mean,
Iceland,NEEV_Tropical_2030y_SOC,cf_mean,
Ilemi triangle,NEEV_Tropical_2030y_SOC,cf_mean,163.50647
India,NEEV_Tropical_2030y_SOC,cf_mean,116.58026
Indonesia,NEEV_Tropical_2030y_SOC,cf_mean,142.50017
Iran  (Islamic Republic of),NEEV_Tropical_2030y_SOC,cf_mean,
Iraq,NEEV_Tropical_2030y_SOC,cf_mean,
Ireland,NEEV_Tropical_2030y_SOC,cf_mean,
Isle of Man,NEEV_Tropical_2030y_SOC,cf_mean,
Israel,NEEV_Tropical_2030y_SOC,cf_mean,
Italy,NEEV_Tropical_2030y_SOC,cf_mean,
Jamaica,NEEV_Tropical_2030y_SOC,cf_mean,
Jammu and Kashmir,NEEV_Tropical_2030y_SOC,cf_mean,
Japan,NEEV_Tropical_2030y_SOC,cf_mean,
Jarvis Island,NEEV_Tropical_2030y_SOC,cf_mean,
Jersey,NEEV_Tropical_2030y_SOC,cf_mean,
Johnston Atoll,NEEV_Tropical_2030y_SOC,cf_mean,
Jordan,NEEV_Tropical_2030y_SOC,cf_mean,
Juan de Nova Island,NEEV_Tropical_2030y_SOC,cf_mean,
Kazakhstan,NEEV_Tropical_2030y_SOC,cf_mean,
Kenya,NEEV_Tropical_2030y_SOC,cf_mean,148.52637
Kingman Reef,NEEV_Tropical_2030y_SOC,cf_mean,
Kiribati,NEEV_Tropical_2030y_SOC,cf_mean,
Kuril islands,NEEV_Tropical_2030y_SOC,cf_mean,
Kuwait,NEEV_Tropical_2030y_SOC,cf_mean,
Kyrgyzstan,NEEV_Tropical_2030y_SOC,cf_mean,
Lao People's Democratic Republic,NEEV_Tropical_2030y_SOC,cf_mean,111.78619
Latvia,NEEV_Tropical_2030y_SOC,cf_mean,
Lebanon,NEEV_Tropical_2030y_SOC,cf_mean,
Lesotho,NEEV_Tropical_2030y_SOC,cf_mean,149.17587
Liberia,NEEV_Tropical_2030y_SOC,cf_mean,122.39554
Libya,NEEV_Tropical_2030y_SOC,cf_mean,
Liechtenstein,NEEV_Tropical_2030y_SOC,cf_mean,
Lithuania,NEEV_Tropical_2030y_SOC,cf_mean,
Luxembourg,NEEV_Tropical_2030y_SOC,cf_mean,
Ma'tan al-Sarra,NEEV_Tropical_2030y_SOC,cf_mean,
Macau,NEEV_Tropical_2030y_SOC,cf_mean,
Madagascar,NEEV_Tropical_2030y_SOC,cf_mean,108.02916
Madeira Islands,NEEV_Tropical_2030y_SOC,cf_mean,
Malawi,NEEV_Tropical_2030y_SOC,cf_mean,120.45862
Malaysia,NEEV_Tropical_2030y_SOC,cf_mean,162.52231
Maldives,NEEV_Tropical_2030y_SOC,cf_mean,
Mali,NEEV_Tropical_2030y_SOC,cf_mean,91.28611
Malta,NEEV_Tropical_2030y_SOC,cf_mean,
Marshall Islands,NEEV_Tropical_2030y_SOC,cf_mean,
Martinique,NEEV_Tropical_2030y_SOC,cf_mean,
Mauritania,NEEV_Tropical_2030y_SOC,cf_mean,
Mauritius,NEEV_Tropical_2030y_SOC,cf_mean,
Mayotte,NEEV_Tropical_2030y_SOC,cf_mean,
Mexico,NEEV_Tropical_2030y_SOC,cf_mean,116.19378
Micronesia (Federated States of),NEEV_Tropical_2030y_SOC,cf_mean,
Midway Island,NEEV_Tropical_2030y_SOC,cf_mean,
"Moldova, Republic of",NEEV_Tropical_2030y_SOC,cf_mean,
Monaco,NEEV_Tropical_2030y_SOC,cf_mean,
Mongolia,NEEV_Tropical_2030y_SOC,cf_mean,
Montenegro,NEEV_Tropical_2030y_SOC,cf_mean,
Montserrat,NEEV_Tropical_2030y_SOC,cf_mean,
Morocco,NEEV_Tropical_2030y_SOC,cf_mean,
Mozambique,NEEV_Tropical_2030y_SOC,cf_mean,117.478905
Myanmar,NEEV_Tropical_2030y_SOC,cf_mean,128.0995
Namibia,NEEV_Tropical_2030y_SOC,cf_mean,127.55511
Nauru,NEEV_Tropical_2030y_SOC,cf_mean,
Navassa Island,NEEV_Tropical_2030y_SOC,cf_mean,
Nepal,NEEV_Tropical_2030y_SOC,cf_mean,
Netherlands,NEEV_Tropical_2030y_SOC,cf_mean,
Netherlands Antilles,NEEV_Tropical_2030y_SOC,cf_mean,
New Caledonia,NEEV_Tropical_2030y_SOC,cf_mean,
New Zealand,NEEV_Tropical_2030y_SOC,cf_mean,
Nicaragua,NEEV_Tropical_2030y_SOC,cf_mean,150.72903
Niger,NEEV_Tropical_2030y_SOC,cf_mean,101.29221
Nigeria,NEEV_Tropical_2030y_SOC,cf_mean,86.32333
Niue,NEEV_Tropical_2030y_SOC,cf_mean,
Norfolk Island,NEEV_Tropical_2030y_SOC,cf_mean,
Northern Mariana Islands,NEEV_Tropical_2030y_SOC,cf_mean,
Norway,NEEV_Tropical_2030y_SOC,cf_mean,
Oman,NEEV_Tropical_2030y_SOC,cf_mean,
Pakistan,NEEV_Tropical_2030y_SOC,cf_mean,
Palau,NEEV_Tropical_2030y_SOC,cf_mean,
Palmyra Atoll,NEEV_Tropical_2030y_SOC,cf_mean,
Panama,NEEV_Tropical_2030y_SOC,cf_mean,132.01503
Papua New Guinea,NEEV_Tropical_2030y_SOC,cf_mean,151.17053
Paracel Islands,NEEV_Tropical_2030y_SOC,cf_mean,
Paraguay,NEEV_Tropical_2030y_SOC,cf_mean,77.70042
Peru,NEEV_Tropical_2030y_SOC,cf_mean,160.46094
Philippines,NEEV_Tropical_2030y_SOC,cf_mean,164.15227
Pitcairn,NEEV_Tropical_2030y_SOC,cf_mean,
Poland,NEEV_Tropical_2030y_SOC,cf_mean,
Portugal,NEEV_Tropical_2030y_SOC,cf_mean,
Puerto Rico,NEEV_Tropical_2030y_SOC,cf_mean,
Qatar,NEEV_Tropical_2030y_SOC,cf_mean,
Republic of Korea,NEEV_Tropical_2030y_SOC,cf_mean,
Romania,NEEV_Tropical_2030y_SOC,cf_mean,
Russian Federation,NEEV_Tropical_2030y_SOC,cf_mean,
Rwanda,NEEV_Tropical_2030y_SOC,cf_mean,
Réunion,NEEV_Tropical_2030y_SOC,cf_mean,
Saint Helena,NEEV_Tropical_2030y_SOC,cf_mean,
Saint Kitts and Nevis,NEEV_Tropical_2030y_SOC,cf_mean,
Saint Lucia,NEEV_Tropical_2030y_SOC,cf_mean,
Saint Pierre et Miquelon,NEEV_Tropical_2030y_SOC,cf_mean,
Saint Vincent and the Grenadines,NEEV_Tropical_2030y_SOC,cf_mean,
Samoa,NEEV_Tropical_2030y_SOC,cf_mean,
San Marino,NEEV_Tropical_2030y_SOC,cf_mean,
Sao Tome and Principe,NEEV_Tropical_2030y_SOC,cf_mean,
Saudi Arabia,NEEV_Tropical_2030y_SOC,cf_mean,
Scarborough Reef,NEEV_Tropical_2030y_SOC,cf_mean,
Senegal,NEEV_Tropical_2030y_SOC,cf_mean,109.31205
Senkaku Islands,NEEV_Tropical_2030y_SOC,cf_mean,
Serbia,NEEV_Tropical_2030y_SOC,cf_mean,
Seychelles,NEEV_Tropical_2030y_SOC,cf_mean,
Sierra Leone,NEEV_Tropical_2030y_SOC,cf_mean,106.33821
Singapore,NEEV_Tropical_2030y_SOC,cf_mean,88.620804
Slovakia,NEEV_Tropical_2030y_SOC,cf_mean,
Slovenia,NEEV_Tropical_2030y_SOC,cf_mean,
Solomon Islands,NEEV_Tropical_2030y_SOC,cf_mean,
Somalia,NEEV_Tropical_2030y_SOC,cf_mean,150.74373
South Africa,NEEV_Tropical_2030y_SOC,cf_mean,140.49713
South Georgia and the South Sandwich Islands,NEEV_Tropical_2030y_SOC,cf_mean,
South Sudan,NEEV_Tropical_2030y_SOC,cf_mean,91.07645
Spain,NEEV_Tropical_2030y_SOC,cf_mean,
Spratly Islands,NEEV_Tropical_2030y_SOC,cf_mean,
Sri Lanka,NEEV_Tropical_2030y_SOC,cf_mean,175.7302
Sudan,NEEV_Tropical_2030y_SOC,cf_mean,109.64185
Suriname,NEEV_Tropical_2030y_SOC,cf_mean,92.75658
Svalbard and Jan Mayen Islands,NEEV_Tropical_2030y_SOC,cf_mean,
Swaziland,NEEV_Tropical_2030y_SOC,cf_mean,122.70868
Sweden,NEEV_Tropical_2030y_SOC,cf_mean,
Switzerland,NEEV_Tropical_2030y_SOC,cf_mean,
Syrian Arab Republic,NEEV_Tropical_2030y_SOC,cf_mean,
Taiwan,NEEV_Tropical_2030y_SOC,cf_mean,124.677925
Tajikistan,NEEV_Tropical_2030y_SOC,cf_mean,
Thailand,NEEV_Tropical_2030y_SOC,cf_mean,115.304344
The former Yugoslav Republic of Macedonia,NEEV_Tropical_2030y_SOC,cf_mean,
Timor-Leste,NEEV_Tropical_2030y_SOC,cf_mean,395.42218
Togo,NEEV_Tropical_2030y_SOC,cf_mean,84.39984
Tokelau,NEEV_Tropical_2030y_SOC,cf_mean,
Tonga,NEEV_Tropical_2030y_SOC,cf_mean,
Trinidad and Tobago,NEEV_Tropical_2030y_SOC,cf_mean,
Tromelin Island,NEEV_Tropical_2030y_SOC,cf_mean,
Tunisia,NEEV_Tropical_2030y_SOC,cf_mean,
Turkey,NEEV_Tropical_2030y_SOC,cf_mean,
Turkmenistan,NEEV_Tropical_2030y_SOC,cf_mean,
Turks and Caicos islands,NEEV_Tropical_2030y_SOC,cf_mean,
Tuvalu,NEEV_Tropical_2030y_SOC,cf_mean,
U.K. of Great Britain and Northern Ireland,NEEV_Tropical_2030y_SOC,cf_mean,
Uganda,NEEV_Tropical_2030y_SOC,cf_mean,108.233444
Ukraine,NEEV_Tropical_2030y_SOC,cf_mean,
United Arab Emirates,NEEV_Tropical_2030y_SOC,cf_mean,
United Republic of Tanzania,NEEV_Tropical_2030y_SOC,cf_mean,115.06631
United States Virgin Islands,NEEV_Tropical_2030y_SOC,cf_mean,
United States of America,NEEV_Tropical_2030y_SOC,cf_mean,
Uruguay,NEEV_Tropical_2030y_SOC,cf_mean,
Uzbekistan,NEEV_Tropical_2030y_SOC,cf_mean,
Vanuatu,NEEV_Tropical_2030y_SOC,cf_mean,
Venezuela,NEEV_Tropical_2030y_SOC,cf_mean,104.923485
Viet Nam,NEEV_Tropical_2030y_SOC,cf_mean,112.73854
Wake Island,NEEV_Tropical_2030y_SOC,cf_mean,
Wallis and Futuna,NEEV_Tropical_2030y_SOC,cf_mean,
West Bank,NEEV_Tropical_2030y_SOC,cf_mean,
Western Sahara,NEEV_Tropical_2030y_SOC,cf_mean,
Yemen,NEEV_Tropical_2030y_SOC,cf_mean,
Zambia,NEEV_Tropical_2030y_SOC,cf_mean,113.37368
Zimbabwe,NEEV_Tropical_2030y_SOC,cf_mean,127.58951
Abyei,NEEV_Tropical_2030y_SOC,cf_median,112.97103
Afghanistan,NEEV_Tropical_2030y_SOC,cf_median,
Aksai Chin,NEEV_Tropical_2030y_SOC,cf_median,
Albania,NEEV_Tropical_2030y_SOC,cf_median,
Algeria,NEEV_Tropical_2030y_SOC,cf_median,
American Samoa,NEEV_Tropical_2030y_SOC,cf_median,
Andorra,NEEV_Tropical_2030y_SOC,cf_median,
Angola,NEEV_Tropical_2030y_SOC,cf_median,90.608955
Anguilla,NEEV_Tropical_2030y_SOC,cf_median,
Antarctica,NEEV_Tropical_2030y_SOC,cf_median,
Antigua and Barbuda,NEEV_Tropical_2030y_SOC,cf_median,
Argentina,NEEV_Tropical_2030y_SOC,cf_median,116.84418
Armenia,NEEV_Tropical_2030y_SOC,cf_median,
Aruba,NEEV_Tropical_2030y_SOC,cf_median,
Arunachal Pradesh,NEEV_Tropical_2030y_SOC,cf_median,
Ashmore and Cartier Islands,NEEV_Tropical_2030y_SOC,cf_median,
Australia,NEEV_Tropical_2030y_SOC,cf_median,154.79012
Austria,NEEV_Tropical_2030y_SOC,cf_median,
Azerbaijan,NEEV_Tropical_2030y_SOC,cf_median,
Azores Islands,NEEV_Tropical_2030y_SOC,cf_median,
Bahamas,NEEV_Tropical_2030y_SOC,cf_median,381.5872
Bahrain,NEEV_Tropical_2030y_SOC,cf_median,
Baker Island,NEEV_Tropical_2030y_SOC,cf_median,
Bangladesh,NEEV_Tropical_2030y_SOC,cf_median,107.29381
Barbados,NEEV_Tropical_2030y_SOC,cf_median,
Bassas da India,NEEV_Tropical_2030y_SOC,cf_median,
Belarus,NEEV_Tropical_2030y_SOC,cf_median,
Belgium,NEEV_Tropical_2030y_SOC,cf_median,
Belize,NEEV_Tropical_2030y_SOC,cf_median,111.22223
Benin,NEEV_Tropical_2030y_SOC,cf_median,84.88075
Bermuda,NEEV_Tropical_2030y_SOC,cf_median,
Bhutan,NEEV_Tropical_2030y_SOC,cf_median,
Bird Island,NEEV_Tropical_2030y_SOC,cf_median,
Bolivia,NEEV_Tropical_2030y_SOC,cf_median,103.27332
Bosnia and Herzegovina,NEEV_Tropical_2030y_SOC,cf_median,
Botswana,NEEV_Tropical_2030y_SOC,cf_median,131.9491
Bouvet Island,NEEV_Tropical_2030y_SOC,cf_median,
Brazil,NEEV_Tropical_2030y_SOC,cf_median,96.02198
British Indian Ocean Territory,NEEV_Tropical_2030y_SOC,cf_median,
British Virgin Islands,NEEV_Tropical_2030y_SOC,cf_median,
Brunei Darussalam,NEEV_Tropical_2030y_SOC,cf_median,
Bulgaria,NEEV_Tropical_2030y_SOC,cf_median,
Burkina Faso,NEEV_Tropical_2030y_SOC,cf_median,89.360504
Burundi,NEEV_Tropical_2030y_SOC,cf_median,
Cambodia,NEEV_Tropical_2030y_SOC,cf_median,106.6248
Cameroon,NEEV_Tropical_2030y_SOC,cf_median,104.88698
Canada,NEEV_Tropical_2030y_SOC,cf_median,
Cape Verde,NEEV_Tropical_2030y_SOC,cf_median,
Cayman Islands,NEEV_Tropical_2030y_SOC,cf_median,
Central African Republic,NEEV_Tropical_2030y_SOC,cf_median,98.05148
Chad,NEEV_Tropical_2030y_SOC,cf_median,100.79494
Chile,NEEV_Tropical_2030y_SOC,cf_median,260.22644
China,NEEV_Tropical_2030y_SOC,cf_median,127.10675
China/India,NEEV_Tropical_2030y_SOC,cf_median,
Christmas Island,NEEV_Tropical_2030y_SOC,cf_median,
Clipperton Island,NEEV_Tropical_2030y_SOC,cf_median,
Cocos (Keeling) Islands,NEEV_Tropical_2030y_SOC,cf_median,
Colombia,NEEV_Tropical_2030y_SOC,cf_median,80.93561
Comoros,NEEV_Tropical_2030y_SOC,cf_median,
Congo,NEEV_Tropical_2030y_SOC,cf_median,97.55764
Cook Islands,NEEV_Tropical_2030y_SOC,cf_median,
Costa Rica,NEEV_Tropical_2030y_SOC,cf_median,107.5742
Croatia,NEEV_Tropical_2030y_SOC,cf_median,
Cuba,NEEV_Tropical_2030y_SOC,cf_median,109.3879
Cyprus,NEEV_Tropical_2030y_SOC,cf_median,
Czech Republic,NEEV_Tropical_2030y_SOC,cf_median,
Côte d'Ivoire,NEEV_Tropical_2030y_SOC,cf_median,85.532776
Dem People's Rep of Korea,NEEV_Tropical_2030y_SOC,cf_median,
Democratic Republic of the Congo,NEEV_Tropical_2030y_SOC,cf_median,99.22469
Denmark,NEEV_Tropical_2030y_SOC,cf_median,
Djibouti,NEEV_Tropical_2030y_SOC,cf_median,
Dominica,NEEV_Tropical_2030y_SOC,cf_median,
Dominican Republic,NEEV_Tropical_2030y_SOC,cf_median,110.32847
Ecuador,NEEV_Tropical_2030y_SOC,cf_median,133.49199
Egypt,NEEV_Tropical_2030y_SOC,cf_median,
El Salvador,NEEV_Tropical_2030y_SOC,cf_median,118.55145
Equatorial Guinea,NEEV_Tropical_2030y_SOC,cf_median,
Eritrea,NEEV_Tropical_2030y_SOC,cf_median,
Estonia,NEEV_Tropical_2030y_SOC,cf_median,
Ethiopia,NEEV_Tropical_2030y_SOC,cf_median,120.94336
Europa Island,NEEV_Tropical_2030y_SOC,cf_median,
Falkland Islands (Malvinas),NEEV_Tropical_2030y_SOC,cf_median,
Faroe Islands,NEEV_Tropical_2030y_SOC,cf_median,
Fiji,NEEV_Tropical_2030y_SOC,cf_median,
Finland,NEEV_Tropical_2030y_SOC,cf_median,
France,NEEV_Tropical_2030y_SOC,cf_median,
French Guiana,NEEV_Tropical_2030y_SOC,cf_median,96.07265
French Polynesia,NEEV_Tropical_2030y_SOC,cf_median,
French Southern and Antarctic Territories,NEEV_Tropical_2030y_SOC,cf_median,
Gabon,NEEV_Tropical_2030y_SOC,cf_median,108.06995
Gambia,NEEV_Tropical_2030y_SOC,cf_median,
Gaza Strip,NEEV_Tropical_2030y_SOC,cf_median,
Georgia,NEEV_Tropical_2030y_SOC,cf_median,
Germany,NEEV_Tropical_2030y_SOC,cf_median,
Ghana,NEEV_Tropical_2030y_SOC,cf_median,98.00228
Gibraltar,NEEV_Tropical_2030y_SOC,cf_median,
Glorioso Island,NEEV_Tropical_2030y_SOC,cf_median,
Greece,NEEV_Tropical_2030y_SOC,cf_median,
Greenland,NEEV_Tropical_2030y_SOC,cf_median,
Grenada,NEEV_Tropical_2030y_SOC,cf_median,
Guadeloupe,NEEV_Tropical_2030y_SOC,cf_median,
Guam,NEEV_Tropical_2030y_SOC,cf_median,
Guatemala,NEEV_Tropical_2030y_SOC,cf_median,120.96053
Guernsey,NEEV_Tropical_2030y_SOC,cf_median,
Guinea,NEEV_Tropical_2030y_SOC,cf_median,92.68794
Guinea-Bissau,NEEV_Tropical_2030y_SOC,cf_median,116.12075
Guyana,NEEV_Tropical_2030y_SOC,cf_median,90.26374
Haiti,NEEV_Tropical_2030y_SOC,cf_median,100.79286
Hala'ib triangle,NEEV_Tropical_2030y_SOC,cf_median,
Heard Island and McDonald Islands,NEEV_Tropical_2030y_SOC,cf_median,
Holy See,NEEV_Tropical_2030y_SOC,cf_median,
Honduras,NEEV_Tropical_2030y_SOC,cf_median,113.381805
Hong Kong,NEEV_Tropical_2030y_SOC,cf_median,
Howland Island,NEEV_Tropical_2030y_SOC,cf_median,
Hungary,NEEV_Tropical_2030y_SOC,cf_median,
Iceland,NEEV_Tropical_2030y_SOC,cf_median,
Ilemi triangle,NEEV_Tropical_2030y_SOC,cf_median,163.50647
India,NEEV_Tropical_2030y_SOC,cf_median,115.90042
Indonesia,NEEV_Tropical_2030y_SOC,cf_median,150.76213
Iran  (Islamic Republic of),NEEV_Tropical_2030y_SOC,cf_median,
Iraq,NEEV_Tropical_2030y_SOC,cf_median,
Ireland,NEEV_Tropical_2030y_SOC,cf_median,
Isle of Man,NEEV_Tropical_2030y_SOC,cf_median,
Israel,NEEV_Tropical_2030y_SOC,cf_median,
Italy,NEEV_Tropical_2030y_SOC,cf_median,
Jamaica,NEEV_Tropical_2030y_SOC,cf_median,
Jammu and Kashmir,NEEV_Tropical_2030y_SOC,cf_median,
Japan,NEEV_Tropical_2030y_SOC,cf_median,
Jarvis Island,NEEV_Tropical_2030y_SOC,cf_median,
Jersey,NEEV_Tropical_2030y_SOC,cf_median,
Johnston Atoll,NEEV_Tropical_2030y_SOC,cf_median,
Jordan,NEEV_Tropical_2030y_SOC,cf_median,
Juan de Nova Island,NEEV_Tropical_2030y_SOC,cf_median,
Kazakhstan,NEEV_Tropical_2030y_SOC,cf_median,
Kenya,NEEV_Tropical_2030y_SOC,cf_median,141.14012
Kingman Reef,NEEV_Tropical_2030y_SOC,cf_median,
Kiribati,NEEV_Tropical_2030y_SOC,cf_median,
Kuril islands,NEEV_Tropical_2030y_SOC,cf_median,
Kuwait,NEEV_Tropical_2030y_SOC,cf_median,
Kyrgyzstan,NEEV_Tropical_2030y_SOC,cf_median,
Lao People's Democratic Republic,NEEV_Tropical_2030y_SOC,cf_median,111.46457
Latvia,NEEV_Tropical_2030y_SOC,cf_median,
Lebanon,NEEV_Tropical_2030y_SOC,cf_median,
Lesotho,NEEV_Tropical_2030y_SOC,cf_median,149.46931
Liberia,NEEV_Tropical_2030y_SOC,cf_median,100.90888
Libya,NEEV_Tropical_2030y_SOC,cf_median,
Liechtenstein,NEEV_Tropical_2030y_SOC,cf_median,
Lithuania,NEEV_Tropical_2030y_SOC,cf_median,
Luxembourg,NEEV_Tropical_2030y_SOC,cf_median,
Ma'tan al-Sarra,NEEV_Tropical_2030y_SOC,cf_median,
Macau,NEEV_Tropical_2030y_SOC,cf_median,
Madagascar,NEEV_Tropical_2030y_SOC,cf_median,92.363976
Madeira Islands,NEEV_Tropical_2030y_SOC,cf_median,
Malawi,NEEV_Tropical_2030y_SOC,cf_median,121.489586
Malaysia,NEEV_Tropical_2030y_SOC,cf_median,93.95088
Maldives,NEEV_Tropical_2030y_SOC,cf_median,
Mali,NEEV_Tropical_2030y_SOC,cf_median,85.44964
Malta,NEEV_Tropical_2030y_SOC,cf_median,
Marshall Islands,NEEV_Tropical_2030y_SOC,cf_median,
Martinique,NEEV_Tropical_2030y_SOC,cf_median,
Mauritania,NEEV_Tropical_2030y_SOC,cf_median,
Mauritius,NEEV_Tropical_2030y_SOC,cf_median,
Mayotte,NEEV_Tropical_2030y_SOC,cf_median,
Mexico,NEEV_Tropical_2030y_SOC,cf_median,108.16376
Micronesia (Federated States of),NEEV_Tropical_2030y_SOC,cf_median,
Midway Island,NEEV_Tropical_2030y_SOC,cf_median,
"Moldova, Republic of",NEEV_Tropical_2030y_SOC,cf_median,
Monaco,NEEV_Tropical_2030y_SOC,cf_median,
Mongolia,NEEV_Tropical_2030y_SOC,cf_median,
Montenegro,NEEV_Tropical_2030y_SOC,cf_median,
Montserrat,NEEV_Tropical_2030y_SOC,cf_median,
Morocco,NEEV_Tropical_2030y_SOC,cf_median,
Mozambique,NEEV_Tropical_2030y_SOC,cf_median,116.623695
Myanmar,NEEV_Tropical_2030y_SOC,cf_median,121.250694
Namibia,NEEV_Tropical_2030y_SOC,cf_median,124.89779
Nauru,NEEV_Tropical_2030y_SOC,cf_median,
Navassa Island,NEEV_Tropical_2030y_SOC,cf_median,
Nepal,NEEV_Tropical_2030y_SOC,cf_median,
Netherlands,NEEV_Tropical_2030y_SOC,cf_median,
Netherlands Antilles,NEEV_Tropical_2030y_SOC,cf_median,
New Caledonia,NEEV_Tropical_2030y_SOC,cf_median,
New Zealand,NEEV_Tropical_2030y_SOC,cf_median,
Nicaragua,NEEV_Tropical_2030y_SOC,cf_median,119.70232
Niger,NEEV_Tropical_2030y_SOC,cf_median,101.87837
Nigeria,NEEV_Tropical_2030y_SOC,cf_median,85.914
Niue,NEEV_Tropical_2030y_SOC,cf_median,
Norfolk Island,NEEV_Tropical_2030y_SOC,cf_median,
Northern Mariana Islands,NEEV_Tropical_2030y_SOC,cf_median,
Norway,NEEV_Tropical_2030y_SOC,cf_median,
Oman,NEEV_Tropical_2030y_SOC,cf_median,
Pakistan,NEEV_Tropical_2030y_SOC,cf_median,
Palau,NEEV_Tropical_2030y_SOC,cf_median,
Palmyra Atoll,NEEV_Tropical_2030y_SOC,cf_median,
Panama,NEEV_Tropical_2030y_SOC,cf_median,99.4521
Papua New Guinea,NEEV_Tropical_2030y_SOC,cf_median,138.23842
Paracel Islands,NEEV_Tropical_2030y_SOC,cf_median,
Paraguay,NEEV_Tropical_2030y_SOC,cf_median,69.96716
Peru,NEEV_Tropical_2030y_SOC,cf_median,162.33751
Philippines,NEEV_Tropical_2030y_SOC,cf_median,99.65864
Pitcairn,NEEV_Tropical_2030y_SOC,cf_median,
Poland,NEEV_Tropical_2030y_SOC,cf_median,
Portugal,NEEV_Tropical_2030y_SOC,cf_median,
Puerto Rico,NEEV_Tropical_2030y_SOC,cf_median,
Qatar,NEEV_Tropical_2030y_SOC,cf_median,
Republic of Korea,NEEV_Tropical_2030y_SOC,cf_median,
Romania,NEEV_Tropical_2030y_SOC,cf_median,
Russian Federation,NEEV_Tropical_2030y_SOC,cf_median,
Rwanda,NEEV_Tropical_2030y_SOC,cf_median,
Réunion,NEEV_Tropical_2030y_SOC,cf_median,
Saint Helena,NEEV_Tropical_2030y_SOC,cf_median,
Saint Kitts and Nevis,NEEV_Tropical_2030y_SOC,cf_median,
Saint Lucia,NEEV_Tropical_2030y_SOC,cf_median,
Saint Pierre et Miquelon,NEEV_Tropical_2030y_SOC,cf_median,
Saint Vincent and the Grenadines,NEEV_Tropical_2030y_SOC,cf_median,
Samoa,NEEV_Tropical_2030y_SOC,cf_median,
San Marino,NEEV_Tropical_2030y_SOC,cf_median,
Sao Tome and Principe,NEEV_Tropical_2030y_SOC,cf_median,
Saudi Arabia,NEEV_Tropical_2030y_SOC,cf_median,
Scarborough Reef,NEEV_Tropical_2030y_SOC,cf_median,
Senegal,NEEV_Tropical_2030y_SOC,cf_median,108.07186
Senkaku Islands,NEEV_Tropical_2030y_SOC,cf_median,
Serbia,NEEV_Tropical_2030y_SOC,cf_median,
Seychelles,NEEV_Tropical_2030y_SOC,cf_median,
Sierra Leone,NEEV_Tropical_2030y_SOC,cf_median,105.186134
Singapore,NEEV_Tropical_2030y_SOC,cf_median,88.620804
Slovakia,NEEV_Tropical_2030y_SOC,cf_median,
Slovenia,NEEV_Tropical_2030y_SOC,cf_median,
Solomon Islands,NEEV_Tropical_2030y_SOC,cf_median,
Somalia,NEEV_Tropical_2030y_SOC,cf_median,151.30533
South Africa,NEEV_Tropical_2030y_SOC,cf_median,132.29922
South Georgia and the South Sandwich Islands,NEEV_Tropical_2030y_SOC,cf_median,
South Sudan,NEEV_Tropical_2030y_SOC,cf_median,90.48386
Spain,NEEV_Tropical_2030y_SOC,cf_median,
Spratly Islands,NEEV_Tropical_2030y_SOC,cf_median,
Sri Lanka,NEEV_Tropical_2030y_SOC,cf_median,109.596054
Sudan,NEEV_Tropical_2030y_SOC,cf_median,109.70843
Suriname,NEEV_Tropical_2030y_SOC,cf_median,92.1902
Svalbard and Jan Mayen Islands,NEEV_Tropical_2030y_SOC,cf_median,
Swaziland,NEEV_Tropical_2030y_SOC,cf_median,121.6985
Sweden,NEEV_Tropical_2030y_SOC,cf_median,
Switzerland,NEEV_Tropical_2030y_SOC,cf_median,
Syrian Arab Republic,NEEV_Tropical_2030y_SOC,cf_median,
Taiwan,NEEV_Tropical_2030y_SOC,cf_median,139.77402
Tajikistan,NEEV_Tropical_2030y_SOC,cf_median,
Thailand,NEEV_Tropical_2030y_SOC,cf_median,115.49526
The former Yugoslav Republic of Macedonia,NEEV_Tropical_2030y_SOC,cf_median,
Timor-Leste,NEEV_Tropical_2030y_SOC,cf_median,385.7553
Togo,NEEV_Tropical_2030y_SOC,cf_median,78.98479
Tokelau,NEEV_Tropical_2030y_SOC,cf_median,
Tonga,NEEV_Tropical_2030y_SOC,cf_median,
Trinidad and Tobago,NEEV_Tropical_2030y_SOC,cf_median,
Tromelin Island,NEEV_Tropical_2030y_SOC,cf_median,
Tunisia,NEEV_Tropical_2030y_SOC,cf_median,
Turkey,NEEV_Tropical_2030y_SOC,cf_median,
Turkmenistan,NEEV_Tropical_2030y_SOC,cf_median,
Turks and Caicos islands,NEEV_Tropical_2030y_SOC,cf_median,
Tuvalu,NEEV_Tropical_2030y_SOC,cf_median,
U.K. of Great Britain and Northern Ireland,NEEV_Tropical_2030y_SOC,cf_median,
Uganda,NEEV_Tropical_2030y_SOC,cf_median,110.54809
Ukraine,NEEV_Tropical_2030y_SOC,cf_median,
United Arab Emirates,NEEV_Tropical_2030y_SOC,cf_median,
United Republic of Tanzania,NEEV_Tropical_2030y_SOC,cf_median,117.352875
United States Virgin Islands,NEEV_Tropical_2030y_SOC,cf_median,
United States of America,NEEV_Tropical_2030y_SOC,cf_median,
Uruguay,NEEV_Tropical_2030y_SOC,cf_median,
Uzbekistan,NEEV_Tropical_2030y_SOC,cf_median,
Vanuatu,NEEV_Tropical_2030y_SOC,cf_median,
Venezuela,NEEV_Tropical_2030y_SOC,cf_median,102.45262
Viet Nam,NEEV_Tropical_2030y_SOC,cf_median,107.033554
Wake Island,NEEV_Tropical_2030y_SOC,cf_median,
Wallis and Futuna,NEEV_Tropical_2030y_SOC,cf_median,
West Bank,NEEV_Tropical_2030y_SOC,cf_median,
Western Sahara,NEEV_Tropical_2030y_SOC,cf_median,
Yemen,NEEV_Tropical_2030y_SOC,cf_median,
Zambia,NEEV_Tropical_2030y_SOC,cf_median,120.4083
Zimbabwe,NEEV_Tropical_2030y_SOC,cf_median,126.656845
Abyei,NEEV_Tropical_2030y_SOC,cf_std,0.8147258
Afghanistan,NEEV_Tropical_2030y_SOC,cf_std,
Aksai Chin,NEEV_Tropical_2030y_SOC,cf_std,
Albania,NEEV_Tropical_2030y_SOC,cf_std,
Algeria,NEEV_Tropical_2030y_SOC,cf_std,
American Samoa,NEEV_Tropical_2030y_SOC,cf_std,
Andorra,NEEV_Tropical_2030y_SOC,cf_std,
Angola,NEEV_Tropical_2030y_SOC,cf_std,28.393887
Anguilla,NEEV_Tropical_2030y_SOC,cf_std,
Antarctica,NEEV_Tropical_2030y_SOC,cf_std,
Antigua and Barbuda,NEEV_Tropical_2030y_SOC,cf_std,
Argentina,NEEV_Tropical_2030y_SOC,cf_std,33.417034
Armenia,NEEV_Tropical_2030y_SOC,cf_std,
Aruba,NEEV_Tropical_2030y_SOC,cf_std,
Arunachal Pradesh,NEEV_Tropical_2030y_SOC,cf_std,
Ashmore and Cartier Islands,NEEV_Tropical_2030y_SOC,cf_std,
Australia,NEEV_Tropical_2030y_SOC,cf_std,39.34724
Austria,NEEV_Tropical_2030y_SOC,cf_std,
Azerbaijan,NEEV_Tropical_2030y_SOC,cf_std,
Azores Islands,NEEV_Tropical_2030y_SOC,cf_std,
Bahamas,NEEV_Tropical_2030y_SOC,cf_std,27.296883
Bahrain,NEEV_Tropical_2030y_SOC,cf_std,
Baker Island,NEEV_Tropical_2030y_SOC,cf_std,
Bangladesh,NEEV_Tropical_2030y_SOC,cf_std,111.35822
Barbados,NEEV_Tropical_2030y_SOC,cf_std,
Bassas da India,NEEV_Tropical_2030y_SOC,cf_std,
Belarus,NEEV_Tropical_2030y_SOC,cf_std,
Belgium,NEEV_Tropical_2030y_SOC,cf_std,
Belize,NEEV_Tropical_2030y_SOC,cf_std,0.0
Benin,NEEV_Tropical_2030y_SOC,cf_std,11.456728
Bermuda,NEEV_Tropical_2030y_SOC,cf_std,
Bhutan,NEEV_Tropical_2030y_SOC,cf_std,
Bird Island,NEEV_Tropical_2030y_SOC,cf_std,
Bolivia,NEEV_Tropical_2030y_SOC,cf_std,18.662508
Bosnia and Herzegovina,NEEV_Tropical_2030y_SOC,cf_std,
Botswana,NEEV_Tropical_2030y_SOC,cf_std,22.655685
Bouvet Island,NEEV_Tropical_2030y_SOC,cf_std,
Brazil,NEEV_Tropical_2030y_SOC,cf_std,19.27207
British Indian Ocean Territory,NEEV_Tropical_2030y_SOC,cf_std,
British Virgin Islands,NEEV_Tropical_2030y_SOC,cf_std,
Brunei Darussalam,NEEV_Tropical_2030y_SOC,cf_std,
Bulgaria,NEEV_Tropical_2030y_SOC,cf_std,
Burkina Faso,NEEV_Tropical_2030y_SOC,cf_std,6.7920794
Burundi,NEEV_Tropical_2030y_SOC,cf_std,
Cambodia,NEEV_Tropical_2030y_SOC,cf_std,6.3737783
Cameroon,NEEV_Tropical_2030y_SOC,cf_std,15.413921
Canada,NEEV_Tropical_2030y_SOC,cf_std,
Cape Verde,NEEV_Tropical_2030y_SOC,cf_std,
Cayman Islands,NEEV_Tropical_2030y_SOC,cf_std,
Central African Republic,NEEV_Tropical_2030y_SOC,cf_std,11.719636
Chad,NEEV_Tropical_2030y_SOC,cf_std,12.487245
Chile,NEEV_Tropical_2030y_SOC,cf_std,4.877348
China,NEEV_Tropical_2030y_SOC,cf_std,23.645403
China/India,NEEV_Tropical_2030y_SOC,cf_std,
Christmas Island,NEEV_Tropical_2030y_SOC,cf_std,
Clipperton Island,NEEV_Tropical_2030y_SOC,cf_std,
Cocos (Keeling) Islands,NEEV_Tropical_2030y_SOC,cf_std,
Colombia,NEEV_Tropical_2030y_SOC,cf_std,46.21079
Comoros,NEEV_Tropical_2030y_SOC,cf_std,
Congo,NEEV_Tropical_2030y_SOC,cf_std,28.97835
Cook Islands,NEEV_Tropical_2030y_SOC,cf_std,
Costa Rica,NEEV_Tropical_2030y_SOC,cf_std,120.8521
Croatia,NEEV_Tropical_2030y_SOC,cf_std,
Cuba,NEEV_Tropical_2030y_SOC,cf_std,112.742836
Cyprus,NEEV_Tropical_2030y_SOC,cf_std,
Czech Republic,NEEV_Tropical_2030y_SOC,cf_std,
Côte d'Ivoire,NEEV_Tropical_2030y_SOC,cf_std,9.172225
Dem People's Rep of Korea,NEEV_Tropical_2030y_SOC,cf_std,
Democratic Republic of the Congo,NEEV_Tropical_2030y_SOC,cf_std,11.89579
Denmark,NEEV_Tropical_2030y_SOC,cf_std,
Djibouti,NEEV_Tropical_2030y_SOC,cf_std,
Dominica,NEEV_Tropical_2030y_SOC,cf_std,
Dominican Republic,NEEV_Tropical_2030y_SOC,cf_std,97.777664
Ecuador,NEEV_Tropical_2030y_SOC,cf_std,70.834496
Egypt,NEEV_Tropical_2030y_SOC,cf_std,
El Salvador,NEEV_Tropical_2030y_SOC,cf_std,70.45243
Equatorial Guinea,NEEV_Tropical_2030y_SOC,cf_std,
Eritrea,NEEV_Tropical_2030y_SOC,cf_std,
Estonia,NEEV_Tropical_2030y_SOC,cf_std,
Ethiopia,NEEV_Tropical_2030y_SOC,cf_std,17.958092
Europa Island,NEEV_Tropical_2030y_SOC,cf_std,
Falkland Islands (Malvinas),NEEV_Tropical_2030y_SOC,cf_std,
Faroe Islands,NEEV_Tropical_2030y_SOC,cf_std,
Fiji,NEEV_Tropical_2030y_SOC,cf_std,
Finland,NEEV_Tropical_2030y_SOC,cf_std,
France,NEEV_Tropical_2030y_SOC,cf_std,
French Guiana,NEEV_Tropical_2030y_SOC,cf_std,60.640133
French Polynesia,NEEV_Tropical_2030y_SOC,cf_std,
French Southern and Antarctic Territories,NEEV_Tropical_2030y_SOC,cf_std,
Gabon,NEEV_Tropical_2030y_SOC,cf_std,9.23976
Gambia,NEEV_Tropical_2030y_SOC,cf_std,
Gaza Strip,NEEV_Tropical_2030y_SOC,cf_std,
Georgia,NEEV_Tropical_2030y_SOC,cf_std,
Germany,NEEV_Tropical_2030y_SOC,cf_std,
Ghana,NEEV_Tropical_2030y_SOC,cf_std,60.404522
Gibraltar,NEEV_Tropical_2030y_SOC,cf_std,
Glorioso Island,NEEV_Tropical_2030y_SOC,cf_std,
Greece,NEEV_Tropical_2030y_SOC,cf_std,
Greenland,NEEV_Tropical_2030y_SOC,cf_std,
Grenada,NEEV_Tropical_2030y_SOC,cf_std,
Guadeloupe,NEEV_Tropical_2030y_SOC,cf_std,
Guam,NEEV_Tropical_2030y_SOC,cf_std,
Guatemala,NEEV_Tropical_2030y_SOC,cf_std,42.566692
Guernsey,NEEV_Tropical_2030y_SOC,cf_std,
Guinea,NEEV_Tropical_2030y_SOC,cf_std,10.002358
Guinea-Bissau,NEEV_Tropical_2030y_SOC,cf_std,1.4210855e-14
Guyana,NEEV_Tropical_2030y_SOC,cf_std,82.30805
Haiti,NEEV_Tropical_2030y_SOC,cf_std,129.5168
Hala'ib triangle,NEEV_Tropical_2030y_SOC,cf_std,
Heard Island and McDonald Islands,NEEV_Tropical_2030y_SOC,cf_std,
Holy See,NEEV_Tropical_2030y_SOC,cf_std,
Honduras,NEEV_Tropical_2030y_SOC,cf_std,47.888096
Hong Kong,NEEV_Tropical_2030y_SOC,cf_std,
Howland Island,NEEV_Tropical_2030y_SOC,cf_std,
Hungary,NEEV_Tropical_2030y_SOC,cf_std,
Iceland,NEEV_Tropical_2030y_SOC,cf_std,
Ilemi triangle,NEEV_Tropical_2030y_SOC,cf_std,0.0
India,NEEV_Tropical_2030y_SOC,cf_std,24.61701
Indonesia,NEEV_Tropical_2030y_SOC,cf_std,19.573154
Iran  (Islamic Republic of),NEEV_Tropical_2030y_SOC,cf_std,
Iraq,NEEV_Tropical_2030y_SOC,cf_std,
Ireland,NEEV_Tropical_2030y_SOC,cf_std,
Isle of Man,NEEV_Tropical_2030y_SOC,cf_std,
Israel,NEEV_Tropical_2030y_SOC,cf_std,
Italy,NEEV_Tropical_2030y_SOC,cf_std,
Jamaica,NEEV_Tropical_2030y_SOC,cf_std,
Jammu and Kashmir,NEEV_Tropical_2030y_SOC,cf_std,
Japan,NEEV_Tropical_2030y_SOC,cf_std,
Jarvis Island,NEEV_Tropical_2030y_SOC,cf_std,
Jersey,NEEV_Tropical_2030y_SOC,cf_std,
Johnston Atoll,NEEV_Tropical_2030y_SOC,cf_std,
Jordan,NEEV_Tropical_2030y_SOC,cf_std,
Juan de Nova Island,NEEV_Tropical_2030y_SOC,cf_std,
Kazakhstan,NEEV_Tropical_2030y_SOC,cf_std,
Kenya,NEEV_Tropical_2030y_SOC,cf_std,45.735413
Kingman Reef,NEEV_Tropical_2030y_SOC,cf_std,
Kiribati,NEEV_Tropical_2030y_SOC,cf_std,
Kuril islands,NEEV_Tropical_2030y_SOC,cf_std,
Kuwait,NEEV_Tropical_2030y_SOC,cf_std,
Kyrgyzstan,NEEV_Tropical_2030y_SOC,cf_std,
Lao People's Democratic Republic,NEEV_Tropical_2030y_SOC,cf_std,3.9051802
Latvia,NEEV_Tropical_2030y_SOC,cf_std,
Lebanon,NEEV_Tropical_2030y_SOC,cf_std,
Lesotho,NEEV_Tropical_2030y_SOC,cf_std,3.2521868
Liberia,NEEV_Tropical_2030y_SOC,cf_std,73.71432
Libya,NEEV_Tropical_2030y_SOC,cf_std,
Liechtenstein,NEEV_Tropical_2030y_SOC,cf_std,
Lithuania,NEEV_Tropical_2030y_SOC,cf_std,
Luxembourg,NEEV_Tropical_2030y_SOC,cf_std,
Ma'tan al-Sarra,NEEV_Tropical_2030y_SOC,cf_std,
Macau,NEEV_Tropical_2030y_SOC,cf_std,
Madagascar,NEEV_Tropical_2030y_SOC,cf_std,51.23183
Madeira Islands,NEEV_Tropical_2030y_SOC,cf_std,
Malawi,NEEV_Tropical_2030y_SOC,cf_std,9.187461
Malaysia,NEEV_Tropical_2030y_SOC,cf_std,121.940956
Maldives,NEEV_Tropical_2030y_SOC,cf_std,
Mali,NEEV_Tropical_2030y_SOC,cf_std,13.316523
Malta,NEEV_Tropical_2030y_SOC,cf_std,
Marshall Islands,NEEV_Tropical_2030y_SOC,cf_std,
Martinique,NEEV_Tropical_2030y_SOC,cf_std,
Mauritania,NEEV_Tropical_2030y_SOC,cf_std,
Mauritius,NEEV_Tropical_2030y_SOC,cf_std,
Mayotte,NEEV_Tropical_2030y_SOC,cf_std,
Mexico,NEEV_Tropical_2030y_SOC,cf_std,37.685898
Micronesia (Federated States of),NEEV_Tropical_2030y_SOC,cf_std,
Midway Island,NEEV_Tropical_2030y_SOC,cf_std,
"Moldova, Republic of",NEEV_Tropical_2030y_SOC,cf_std,
Monaco,NEEV_Tropical_2030y_SOC,cf_std,
Mongolia,NEEV_Tropical_2030y_SOC,cf_std,
Montenegro,NEEV_Tropical_2030y_SOC,cf_std,
Montserrat,NEEV_Tropical_2030y_SOC,cf_std,
Morocco,NEEV_Tropical_2030y_SOC,cf_std,
Mozambique,NEEV_Tropical_2030y_SOC,cf_std,27.161072
Myanmar,NEEV_Tropical_2030y_SOC,cf_std,19.593718
Namibia,NEEV_Tropical_2030y_SOC,cf_std,3.5698726
Nauru,NEEV_Tropical_2030y_SOC,cf_std,
Navassa Island,NEEV_Tropical_2030y_SOC,cf_std,
Nepal,NEEV_Tropical_2030y_SOC,cf_std,
Netherlands,NEEV_Tropical_2030y_SOC,cf_std,
Netherlands Antilles,NEEV_Tropical_2030y_SOC,cf_std,
New Caledonia,NEEV_Tropical_2030y_SOC,cf_std,
New Zealand,NEEV_Tropical_2030y_SOC,cf_std,
Nicaragua,NEEV_Tropical_2030y_SOC,cf_std,88.59424
Niger,NEEV_Tropical_2030y_SOC,cf_std,2.929263
Nigeria,NEEV_Tropical_2030y_SOC,cf_std,13.387127
Niue,NEEV_Tropical_2030y_SOC,cf_std,
Norfolk Island,NEEV_Tropical_2030y_SOC,cf_std,
Northern Mariana Islands,NEEV_Tropical_2030y_SOC,cf_std,
Norway,NEEV_Tropical_2030y_SOC,cf_std,
Oman,NEEV_Tropical_2030y_SOC,cf_std,
Pakistan,NEEV_Tropical_2030y_SOC,cf_std,
Palau,NEEV_Tropical_2030y_SOC,cf_std,
Palmyra Atoll,NEEV_Tropical_2030y_SOC,cf_std,
Panama,NEEV_Tropical_2030y_SOC,cf_std,88.75897
Papua New Guinea,NEEV_Tropical_2030y_SOC,cf_std,12.932114
Paracel Islands,NEEV_Tropical_2030y_SOC,cf_std,
Paraguay,NEEV_Tropical_2030y_SOC,cf_std,21.469027
Peru,NEEV_Tropical_2030y_SOC,cf_std,34.42611
Philippines,NEEV_Tropical_2030y_SOC,cf_std,122.632774
Pitcairn,NEEV_Tropical_2030y_SOC,cf_std,
Poland,NEEV_Tropical_2030y_SOC,cf_std,
Portugal,NEEV_Tropical_2030y_SOC,cf_std,
Puerto Rico,NEEV_Tropical_2030y_SOC,cf_std,
Qatar,NEEV_Tropical_2030y_SOC,cf_std,
Republic of Korea,NEEV_Tropical_2030y_SOC,cf_std,
Romania,NEEV_Tropical_2030y_SOC,cf_std,
Russian Federation,NEEV_Tropical_2030y_SOC,cf_std,
Rwanda,NEEV_Tropical_2030y_SOC,cf_std,
Réunion,NEEV_Tropical_2030y_SOC,cf_std,
Saint Helena,NEEV_Tropical_2030y_SOC,cf_std,
Saint Kitts and Nevis,NEEV_Tropical_2030y_SOC,cf_std,
Saint Lucia,NEEV_Tropical_2030y_SOC,cf_std,
Saint Pierre et Miquelon,NEEV_Tropical_2030y_SOC,cf_std,
Saint Vincent and the Grenadines,NEEV_Tropical_2030y_SOC,cf_std,
Samoa,NEEV_Tropical_2030y_SOC,cf_std,
San Marino,NEEV_Tropical_2030y_SOC,cf_std,
Sao Tome and Principe,NEEV_Tropical_2030y_SOC,cf_std,
Saudi Arabia,NEEV_Tropical_2030y_SOC,cf_std,
Scarborough Reef,NEEV_Tropical_2030y_SOC,cf_std,
Senegal,NEEV_Tropical_2030y_SOC,cf_std,7.7909565
Senkaku Islands,NEEV_Tropical_2030y_SOC,cf_std,
Serbia,NEEV_Tropical_2030y_SOC,cf_std,
Seychelles,NEEV_Tropical_2030y_SOC,cf_std,
Sierra Leone,NEEV_Tropical_2030y_SOC,cf_std,7.057471
Singapore,NEEV_Tropical_2030y_SOC,cf_std,0.0
Slovakia,NEEV_Tropical_2030y_SOC,cf_std,
Slovenia,NEEV_Tropical_2030y_SOC,cf_std,
Solomon Islands,NEEV_Tropical_2030y_SOC,cf_std,
Somalia,NEEV_Tropical_2030y_SOC,cf_std,6.466339
South Africa,NEEV_Tropical_2030y_SOC,cf_std,34.559223
South Georgia and the South Sandwich Islands,NEEV_Tropical_2030y_SOC,cf_std,
South Sudan,NEEV_Tropical_2030y_SOC,cf_std,13.400244
Spain,NEEV_Tropical_2030y_SOC,cf_std,
Spratly Islands,NEEV_Tropical_2030y_SOC,cf_std,
Sri Lanka,NEEV_Tropical_2030y_SOC,cf_std,106.59552
Sudan,NEEV_Tropical_2030y_SOC,cf_std,5.155241
Suriname,NEEV_Tropical_2030y_SOC,cf_std,2.9215596
Svalbard and Jan Mayen Islands,NEEV_Tropical_2030y_SOC,cf_std,
Swaziland,NEEV_Tropical_2030y_SOC,cf_std,5.0333347
Sweden,NEEV_Tropical_2030y_SOC,cf_std,
Switzerland,NEEV_Tropical_2030y_SOC,cf_std,
Syrian Arab Republic,NEEV_Tropical_2030y_SOC,cf_std,
Taiwan,NEEV_Tropical_2030y_SOC,cf_std,18.972372
Tajikistan,NEEV_Tropical_2030y_SOC,cf_std,
Thailand,NEEV_Tropical_2030y_SOC,cf_std,5.790612
The former Yugoslav Republic of Macedonia,NEEV_Tropical_2030y_SOC,cf_std,
Timor-Leste,NEEV_Tropical_2030y_SOC,cf_std,9.666885
Togo,NEEV_Tropical_2030y_SOC,cf_std,10.101962
Tokelau,NEEV_Tropical_2030y_SOC,cf_std,
Tonga,NEEV_Tropical_2030y_SOC,cf_std,
Trinidad and Tobago,NEEV_Tropical_2030y_SOC,cf_std,
Tromelin Island,NEEV_Tropical_2030y_SOC,cf_std,
Tunisia,NEEV_Tropical_2030y_SOC,cf_std,
Turkey,NEEV_Tropical_2030y_SOC,cf_std,
Turkmenistan,NEEV_Tropical_2030y_SOC,cf_std,
Turks and Caicos islands,NEEV_Tropical_2030y_SOC,cf_std,
Tuvalu,NEEV_Tropical_2030y_SOC,cf_std,
U.K. of Great Britain and Northern Ireland,NEEV_Tropical_2030y_SOC,cf_std,
Uganda,NEEV_Tropical_2030y_SOC,cf_std,18.135843
Ukraine,NEEV_Tropical_2030y_SOC,cf_std,
United Arab Emirates,NEEV_Tropical_2030y_SOC,cf_std,
United Republic of Tanzania,NEEV_Tropical_2030y_SOC,cf_std,13.921653
United States Virgin Islands,NEEV_Tropical_2030y_SOC,cf_std,
United States of America,NEEV_Tropical_2030y_SOC,cf_std,
Uruguay,NEEV_Tropical_2030y_SOC,cf_std,
Uzbekistan,NEEV_Tropical_2030y_SOC,cf_std,
Vanuatu,NEEV_Tropical_2030y_SOC,cf_std,
Venezuela,NEEV_Tropical_2030y_SOC,cf_std,29.169155
Viet Nam,NEEV_Tropical_2030y_SOC,cf_std,42.6019
Wake Island,NEEV_Tropical_2030y_SOC,cf_std,
Wallis and Futuna,NEEV_Tropical_2030y_SOC,cf_std,
West Bank,NEEV_Tropical_2030y_SOC,cf_std,
Western Sahara,NEEV_Tropical_2030y_SOC,cf_std,
Yemen,NEEV_Tropical_2030y_SOC,cf_std,
Zambia,NEEV_Tropical_2030y_SOC,cf_std,14.844497
Zimbabwe,NEEV_Tropical_2030y_SOC,cf_std,5.2122536
Abyei,NEEV_Warm temperate dry_2030y_SOC,cf_mean,
Afghanistan,NEEV_Warm temperate dry_2030y_SOC,cf_mean,56.795822
Aksai Chin,NEEV_Warm temperate dry_2030y_SOC,cf_mean,
Albania,NEEV_Warm temperate dry_2030y_SOC,cf_mean,89.06005
Algeria,NEEV_Warm temperate dry_2030y_SOC,cf_mean,
American Samoa,NEEV_Warm temperate dry_2030y_SOC,cf_mean,
Andorra,NEEV_Warm temperate dry_2030y_SOC,cf_mean,
Angola,NEEV_Warm temperate dry_2030y_SOC,cf_mean,
Anguilla,NEEV_Warm temperate dry_2030y_SOC,cf_mean,
Antarctica,NEEV_Warm temperate dry_2030y_SOC,cf_mean,
Antigua and Barbuda,NEEV_Warm temperate dry_2030y_SOC,cf_mean,
Argentina,NEEV_Warm temperate dry_2030y_SOC,cf_mean,88.44423
Armenia,NEEV_Warm temperate dry_2030y_SOC,cf_mean,
Aruba,NEEV_Warm temperate dry_2030y_SOC,cf_mean,
Arunachal Pradesh,NEEV_Warm temperate dry_2030y_SOC,cf_mean,
Ashmore and Cartier Islands,NEEV_Warm temperate dry_2030y_SOC,cf_mean,
Australia,NEEV_Warm temperate dry_2030y_SOC,cf_mean,
Austria,NEEV_Warm temperate dry_2030y_SOC,cf_mean,83.2144
Azerbaijan,NEEV_Warm temperate dry_2030y_SOC,cf_mean,
Azores Islands,NEEV_Warm temperate dry_2030y_SOC,cf_mean,
Bahamas,NEEV_Warm temperate dry_2030y_SOC,cf_mean,
Bahrain,NEEV_Warm temperate dry_2030y_SOC,cf_mean,
Baker Island,NEEV_Warm temperate dry_2030y_SOC,cf_mean,
Bangladesh,NEEV_Warm temperate dry_2030y_SOC,cf_mean,
Barbados,NEEV_Warm temperate dry_2030y_SOC,cf_mean,
Bassas da India,NEEV_Warm temperate dry_2030y_SOC,cf_mean,
Belarus,NEEV_Warm temperate dry_2030y_SOC,cf_mean,73.04747
Belgium,NEEV_Warm temperate dry_2030y_SOC,cf_mean,74.90852
Belize,NEEV_Warm temperate dry_2030y_SOC,cf_mean,
Benin,NEEV_Warm temperate dry_2030y_SOC,cf_mean,
Bermuda,NEEV_Warm temperate dry_2030y_SOC,cf_mean,
Bhutan,NEEV_Warm temperate dry_2030y_SOC,cf_mean,
Bird Island,NEEV_Warm temperate dry_2030y_SOC,cf_mean,
Bolivia,NEEV_Warm temperate dry_2030y_SOC,cf_mean,
Bosnia and Herzegovina,NEEV_Warm temperate dry_2030y_SOC,cf_mean,78.315216
Botswana,NEEV_Warm temperate dry_2030y_SOC,cf_mean,
Bouvet Island,NEEV_Warm temperate dry_2030y_SOC,cf_mean,
Brazil,NEEV_Warm temperate dry_2030y_SOC,cf_mean,
British Indian Ocean Territory,NEEV_Warm temperate dry_2030y_SOC,cf_mean,
British Virgin Islands,NEEV_Warm temperate dry_2030y_SOC,cf_mean,
Brunei Darussalam,NEEV_Warm temperate dry_2030y_SOC,cf_mean,
Bulgaria,NEEV_Warm temperate dry_2030y_SOC,cf_mean,62.363277
Burkina Faso,NEEV_Warm temperate dry_2030y_SOC,cf_mean,
Burundi,NEEV_Warm temperate dry_2030y_SOC,cf_mean,
Cambodia,NEEV_Warm temperate dry_2030y_SOC,cf_mean,
Cameroon,NEEV_Warm temperate dry_2030y_SOC,cf_mean,
Canada,NEEV_Warm temperate dry_2030y_SOC,cf_mean,89.90316
Cape Verde,NEEV_Warm temperate dry_2030y_SOC,cf_mean,
Cayman Islands,NEEV_Warm temperate dry_2030y_SOC,cf_mean,
Central African Republic,NEEV_Warm temperate dry_2030y_SOC,cf_mean,
Chad,NEEV_Warm temperate dry_2030y_SOC,cf_mean,
Chile,NEEV_Warm temperate dry_2030y_SOC,cf_mean,138.5132
China,NEEV_Warm temperate dry_2030y_SOC,cf_mean,63.55627
China/India,NEEV_Warm temperate dry_2030y_SOC,cf_mean,
Christmas Island,NEEV_Warm temperate dry_2030y_SOC,cf_mean,
Clipperton Island,NEEV_Warm temperate dry_2030y_SOC,cf_mean,
Cocos (Keeling) Islands,NEEV_Warm temperate dry_2030y_SOC,cf_mean,
Colombia,NEEV_Warm temperate dry_2030y_SOC,cf_mean,
Comoros,NEEV_Warm temperate dry_2030y_SOC,cf_mean,
Congo,NEEV_Warm temperate dry_2030y_SOC,cf_mean,
Cook Islands,NEEV_Warm temperate dry_2030y_SOC,cf_mean,
Costa Rica,NEEV_Warm temperate dry_2030y_SOC,cf_mean,
Croatia,NEEV_Warm temperate dry_2030y_SOC,cf_mean,67.53567
Cuba,NEEV_Warm temperate dry_2030y_SOC,cf_mean,
Cyprus,NEEV_Warm temperate dry_2030y_SOC,cf_mean,
Czech Republic,NEEV_Warm temperate dry_2030y_SOC,cf_mean,68.399414
Côte d'Ivoire,NEEV_Warm temperate dry_2030y_SOC,cf_mean,
Dem People's Rep of Korea,NEEV_Warm temperate dry_2030y_SOC,cf_mean,65.48097
Democratic Republic of the Congo,NEEV_Warm temperate dry_2030y_SOC,cf_mean,
Denmark,NEEV_Warm temperate dry_2030y_SOC,cf_mean,77.18839
Djibouti,NEEV_Warm temperate dry_2030y_SOC,cf_mean,
Dominica,NEEV_Warm temperate dry_2030y_SOC,cf_mean,
Dominican Republic,NEEV_Warm temperate dry_2030y_SOC,cf_mean,
Ecuador,NEEV_Warm temperate dry_2030y_SOC,cf_mean,
Egypt,NEEV_Warm temperate dry_2030y_SOC,cf_mean,
El Salvador,NEEV_Warm temperate dry_2030y_SOC,cf_mean,
Equatorial Guinea,NEEV_Warm temperate dry_2030y_SOC,cf_mean,
Eritrea,NEEV_Warm temperate dry_2030y_SOC,cf_mean,
Estonia,NEEV_Warm temperate dry_2030y_SOC,cf_mean,111.60601
Ethiopia,NEEV_Warm temperate dry_2030y_SOC,cf_mean,
Europa Island,NEEV_Warm temperate dry_2030y_SOC,cf_mean,
Falkland Islands (Malvinas),NEEV_Warm temperate dry_2030y_SOC,cf_mean,
Faroe Islands,NEEV_Warm temperate dry_2030y_SOC,cf_mean,
Fiji,NEEV_Warm temperate dry_2030y_SOC,cf_mean,
Finland,NEEV_Warm temperate dry_2030y_SOC,cf_mean,119.61697
France,NEEV_Warm temperate dry_2030y_SOC,cf_mean,71.58724
French Guiana,NEEV_Warm temperate dry_2030y_SOC,cf_mean,
French Polynesia,NEEV_Warm temperate dry_2030y_SOC,cf_mean,
French Southern and Antarctic Territories,NEEV_Warm temperate dry_2030y_SOC,cf_mean,
Gabon,NEEV_Warm temperate dry_2030y_SOC,cf_mean,
Gambia,NEEV_Warm temperate dry_2030y_SOC,cf_mean,
Gaza Strip,NEEV_Warm temperate dry_2030y_SOC,cf_mean,
Georgia,NEEV_Warm temperate dry_2030y_SOC,cf_mean,85.18775
Germany,NEEV_Warm temperate dry_2030y_SOC,cf_mean,73.44819
Ghana,NEEV_Warm temperate dry_2030y_SOC,cf_mean,
Gibraltar,NEEV_Warm temperate dry_2030y_SOC,cf_mean,
Glorioso Island,NEEV_Warm temperate dry_2030y_SOC,cf_mean,
Greece,NEEV_Warm temperate dry_2030y_SOC,cf_mean,59.062344
Greenland,NEEV_Warm temperate dry_2030y_SOC,cf_mean,
Grenada,NEEV_Warm temperate dry_2030y_SOC,cf_mean,
Guadeloupe,NEEV_Warm temperate dry_2030y_SOC,cf_mean,
Guam,NEEV_Warm temperate dry_2030y_SOC,cf_mean,
Guatemala,NEEV_Warm temperate dry_2030y_SOC,cf_mean,
Guernsey,NEEV_Warm temperate dry_2030y_SOC,cf_mean,
Guinea,NEEV_Warm temperate dry_2030y_SOC,cf_mean,
Guinea-Bissau,NEEV_Warm temperate dry_2030y_SOC,cf_mean,
Guyana,NEEV_Warm temperate dry_2030y_SOC,cf_mean,
Haiti,NEEV_Warm temperate dry_2030y_SOC,cf_mean,
Hala'ib triangle,NEEV_Warm temperate dry_2030y_SOC,cf_mean,
Heard Island and McDonald Islands,NEEV_Warm temperate dry_2030y_SOC,cf_mean,
Holy See,NEEV_Warm temperate dry_2030y_SOC,cf_mean,
Honduras,NEEV_Warm temperate dry_2030y_SOC,cf_mean,
Hong Kong,NEEV_Warm temperate dry_2030y_SOC,cf_mean,
Howland Island,NEEV_Warm temperate dry_2030y_SOC,cf_mean,
Hungary,NEEV_Warm temperate dry_2030y_SOC,cf_mean,63.265068
Iceland,NEEV_Warm temperate dry_2030y_SOC,cf_mean,
Ilemi triangle,NEEV_Warm temperate dry_2030y_SOC,cf_mean,
India,NEEV_Warm temperate dry_2030y_SOC,cf_mean,
Indonesia,NEEV_Warm temperate dry_2030y_SOC,cf_mean,
Iran  (Islamic Republic of),NEEV_Warm temperate dry_2030y_SOC,cf_mean,
Iraq,NEEV_Warm temperate dry_2030y_SOC,cf_mean,
Ireland,NEEV_Warm temperate dry_2030y_SOC,cf_mean,100.03615
Isle of Man,NEEV_Warm temperate dry_2030y_SOC,cf_mean,
Israel,NEEV_Warm temperate dry_2030y_SOC,cf_mean,
Italy,NEEV_Warm temperate dry_2030y_SOC,cf_mean,74.42987
Jamaica,NEEV_Warm temperate dry_2030y_SOC,cf_mean,
Jammu and Kashmir,NEEV_Warm temperate dry_2030y_SOC,cf_mean,
Japan,NEEV_Warm temperate dry_2030y_SOC,cf_mean,86.31579
Jarvis Island,NEEV_Warm temperate dry_2030y_SOC,cf_mean,
Jersey,NEEV_Warm temperate dry_2030y_SOC,cf_mean,
Johnston Atoll,NEEV_Warm temperate dry_2030y_SOC,cf_mean,
Jordan,NEEV_Warm temperate dry_2030y_SOC,cf_mean,
Juan de Nova Island,NEEV_Warm temperate dry_2030y_SOC,cf_mean,
Kazakhstan,NEEV_Warm temperate dry_2030y_SOC,cf_mean,81.19689
Kenya,NEEV_Warm temperate dry_2030y_SOC,cf_mean,
Kingman Reef,NEEV_Warm temperate dry_2030y_SOC,cf_mean,
Kiribati,NEEV_Warm temperate dry_2030y_SOC,cf_mean,
Kuril islands,NEEV_Warm temperate dry_2030y_SOC,cf_mean,
Kuwait,NEEV_Warm temperate dry_2030y_SOC,cf_mean,
Kyrgyzstan,NEEV_Warm temperate dry_2030y_SOC,cf_mean,101.2271
Lao People's Democratic Republic,NEEV_Warm temperate dry_2030y_SOC,cf_mean,
Latvia,NEEV_Warm temperate dry_2030y_SOC,cf_mean,91.9447
Lebanon,NEEV_Warm temperate dry_2030y_SOC,cf_mean,
Lesotho,NEEV_Warm temperate dry_2030y_SOC,cf_mean,
Liberia,NEEV_Warm temperate dry_2030y_SOC,cf_mean,
Libya,NEEV_Warm temperate dry_2030y_SOC,cf_mean,
Liechtenstein,NEEV_Warm temperate dry_2030y_SOC,cf_mean,98.219406
Lithuania,NEEV_Warm temperate dry_2030y_SOC,cf_mean,76.957664
Luxembourg,NEEV_Warm temperate dry_2030y_SOC,cf_mean,78.678246
Ma'tan al-Sarra,NEEV_Warm temperate dry_2030y_SOC,cf_mean,
Macau,NEEV_Warm temperate dry_2030y_SOC,cf_mean,
Madagascar,NEEV_Warm temperate dry_2030y_SOC,cf_mean,
Madeira Islands,NEEV_Warm temperate dry_2030y_SOC,cf_mean,
Malawi,NEEV_Warm temperate dry_2030y_SOC,cf_mean,
Malaysia,NEEV_Warm temperate dry_2030y_SOC,cf_mean,
Maldives,NEEV_Warm temperate dry_2030y_SOC,cf_mean,
Mali,NEEV_Warm temperate dry_2030y_SOC,cf_mean,
Malta,NEEV_Warm temperate dry_2030y_SOC,cf_mean,
Marshall Islands,NEEV_Warm temperate dry_2030y_SOC,cf_mean,
Martinique,NEEV_Warm temperate dry_2030y_SOC,cf_mean,
Mauritania,NEEV_Warm temperate dry_2030y_SOC,cf_mean,
Mauritius,NEEV_Warm temperate dry_2030y_SOC,cf_mean,
Mayotte,NEEV_Warm temperate dry_2030y_SOC,cf_mean,
Mexico,NEEV_Warm temperate dry_2030y_SOC,cf_mean,
Micronesia (Federated States of),NEEV_Warm temperate dry_2030y_SOC,cf_mean,
Midway Island,NEEV_Warm temperate dry_2030y_SOC,cf_mean,
"Moldova, Republic of",NEEV_Warm temperate dry_2030y_SOC,cf_mean,75.86341
Monaco,NEEV_Warm temperate dry_2030y_SOC,cf_mean,
Mongolia,NEEV_Warm temperate dry_2030y_SOC,cf_mean,95.14965
Montenegro,NEEV_Warm temperate dry_2030y_SOC,cf_mean,92.09351
Montserrat,NEEV_Warm temperate dry_2030y_SOC,cf_mean,
Morocco,NEEV_Warm temperate dry_2030y_SOC,cf_mean,
Mozambique,NEEV_Warm temperate dry_2030y_SOC,cf_mean,
Myanmar,NEEV_Warm temperate dry_2030y_SOC,cf_mean,
Namibia,NEEV_Warm temperate dry_2030y_SOC,cf_mean,
Nauru,NEEV_Warm temperate dry_2030y_SOC,cf_mean,
Navassa Island,NEEV_Warm temperate dry_2030y_SOC,cf_mean,
Nepal,NEEV_Warm temperate dry_2030y_SOC,cf_mean,
Netherlands,NEEV_Warm temperate dry_2030y_SOC,cf_mean,84.91574
Netherlands Antilles,NEEV_Warm temperate dry_2030y_SOC,cf_mean,
New Caledonia,NEEV_Warm temperate dry_2030y_SOC,cf_mean,
New Zealand,NEEV_Warm temperate dry_2030y_SOC,cf_mean,111.74424
Nicaragua,NEEV_Warm temperate dry_2030y_SOC,cf_mean,
Niger,NEEV_Warm temperate dry_2030y_SOC,cf_mean,
Nigeria,NEEV_Warm temperate dry_2030y_SOC,cf_mean,
Niue,NEEV_Warm temperate dry_2030y_SOC,cf_mean,
Norfolk Island,NEEV_Warm temperate dry_2030y_SOC,cf_mean,
Northern Mariana Islands,NEEV_Warm temperate dry_2030y_SOC,cf_mean,
Norway,NEEV_Warm temperate dry_2030y_SOC,cf_mean,107.381454
Oman,NEEV_Warm temperate dry_2030y_SOC,cf_mean,
Pakistan,NEEV_Warm temperate dry_2030y_SOC,cf_mean,
Palau,NEEV_Warm temperate dry_2030y_SOC,cf_mean,
Palmyra Atoll,NEEV_Warm temperate dry_2030y_SOC,cf_mean,
Panama,NEEV_Warm temperate dry_2030y_SOC,cf_mean,
Papua New Guinea,NEEV_Warm temperate dry_2030y_SOC,cf_mean,
Paracel Islands,NEEV_Warm temperate dry_2030y_SOC,cf_mean,
Paraguay,NEEV_Warm temperate dry_2030y_SOC,cf_mean,
Peru,NEEV_Warm temperate dry_2030y_SOC,cf_mean,
Philippines,NEEV_Warm temperate dry_2030y_SOC,cf_mean,
Pitcairn,NEEV_Warm temperate dry_2030y_SOC,cf_mean,
Poland,NEEV_Warm temperate dry_2030y_SOC,cf_mean,62.264362
Portugal,NEEV_Warm temperate dry_2030y_SOC,cf_mean,
Puerto Rico,NEEV_Warm temperate dry_2030y_SOC,cf_mean,
Qatar,NEEV_Warm temperate dry_2030y_SOC,cf_mean,
Republic of Korea,NEEV_Warm temperate dry_2030y_SOC,cf_mean,64.609566
Romania,NEEV_Warm temperate dry_2030y_SOC,cf_mean,62.8469
Russian Federation,NEEV_Warm temperate dry_2030y_SOC,cf_mean,96.221504
Rwanda,NEEV_Warm temperate dry_2030y_SOC,cf_mean,
Réunion,NEEV_Warm temperate dry_2030y_SOC,cf_mean,
Saint Helena,NEEV_Warm temperate dry_2030y_SOC,cf_mean,
Saint Kitts and Nevis,NEEV_Warm temperate dry_2030y_SOC,cf_mean,
Saint Lucia,NEEV_Warm temperate dry_2030y_SOC,cf_mean,
Saint Pierre et Miquelon,NEEV_Warm temperate dry_2030y_SOC,cf_mean,
Saint Vincent and the Grenadines,NEEV_Warm temperate dry_2030y_SOC,cf_mean,
Samoa,NEEV_Warm temperate dry_2030y_SOC,cf_mean,
San Marino,NEEV_Warm temperate dry_2030y_SOC,cf_mean,
Sao Tome and Principe,NEEV_Warm temperate dry_2030y_SOC,cf_mean,
Saudi Arabia,NEEV_Warm temperate dry_2030y_SOC,cf_mean,
Scarborough Reef,NEEV_Warm temperate dry_2030y_SOC,cf_mean,
Senegal,NEEV_Warm temperate dry_2030y_SOC,cf_mean,
Senkaku Islands,NEEV_Warm temperate dry_2030y_SOC,cf_mean,
Serbia,NEEV_Warm temperate dry_2030y_SOC,cf_mean,67.83956
Seychelles,NEEV_Warm temperate dry_2030y_SOC,cf_mean,
Sierra Leone,NEEV_Warm temperate dry_2030y_SOC,cf_mean,
Singapore,NEEV_Warm temperate dry_2030y_SOC,cf_mean,
Slovakia,NEEV_Warm temperate dry_2030y_SOC,cf_mean,70.29173
Slovenia,NEEV_Warm temperate dry_2030y_SOC,cf_mean,81.249825
Solomon Islands,NEEV_Warm temperate dry_2030y_SOC,cf_mean,
Somalia,NEEV_Warm temperate dry_2030y_SOC,cf_mean,
South Africa,NEEV_Warm temperate dry_2030y_SOC,cf_mean,
South Georgia and the South Sandwich Islands,NEEV_Warm temperate dry_2030y_SOC,cf_mean,
South Sudan,NEEV_Warm temperate dry_2030y_SOC,cf_mean,
Spain,NEEV_Warm temperate dry_2030y_SOC,cf_mean,
Spratly Islands,NEEV_Warm temperate dry_2030y_SOC,cf_mean,
Sri Lanka,NEEV_Warm temperate dry_2030y_SOC,cf_mean,
Sudan,NEEV_Warm temperate dry_2030y_SOC,cf_mean,
Suriname,NEEV_Warm temperate dry_2030y_SOC,cf_mean,
Svalbard and Jan Mayen Islands,NEEV_Warm temperate dry_2030y_SOC,cf_mean,
Swaziland,NEEV_Warm temperate dry_2030y_SOC,cf_mean,
Sweden,NEEV_Warm temperate dry_2030y_SOC,cf_mean,107.586914
Switzerland,NEEV_Warm temperate dry_2030y_SOC,cf_mean,92.74667
Syrian Arab Republic,NEEV_Warm temperate dry_2030y_SOC,cf_mean,
Taiwan,NEEV_Warm temperate dry_2030y_SOC,cf_mean,
Tajikistan,NEEV_Warm temperate dry_2030y_SOC,cf_mean,95.38509
Thailand,NEEV_Warm temperate dry_2030y_SOC,cf_mean,
The former Yugoslav Republic of Macedonia,NEEV_Warm temperate dry_2030y_SOC,cf_mean,66.04922
Timor-Leste,NEEV_Warm temperate dry_2030y_SOC,cf_mean,
Togo,NEEV_Warm temperate dry_2030y_SOC,cf_mean,
Tokelau,NEEV_Warm temperate dry_2030y_SOC,cf_mean,
Tonga,NEEV_Warm temperate dry_2030y_SOC,cf_mean,
Trinidad and Tobago,NEEV_Warm temperate dry_2030y_SOC,cf_mean,
Tromelin Island,NEEV_Warm temperate dry_2030y_SOC,cf_mean,
Tunisia,NEEV_Warm temperate dry_2030y_SOC,cf_mean,
Turkey,NEEV_Warm temperate dry_2030y_SOC,cf_mean,75.542076
Turkmenistan,NEEV_Warm temperate dry_2030y_SOC,cf_mean,45.898678
Turks and Caicos islands,NEEV_Warm temperate dry_2030y_SOC,cf_mean,
Tuvalu,NEEV_Warm temperate dry_2030y_SOC,cf_mean,
U.K. of Great Britain and Northern Ireland,NEEV_Warm temperate dry_2030y_SOC,cf_mean,94.41403
Uganda,NEEV_Warm temperate dry_2030y_SOC,cf_mean,
Ukraine,NEEV_Warm temperate dry_2030y_SOC,cf_mean,79.656494
United Arab Emirates,NEEV_Warm temperate dry_2030y_SOC,cf_mean,
United Republic of Tanzania,NEEV_Warm temperate dry_2030y_SOC,cf_mean,
United States Virgin Islands,NEEV_Warm temperate dry_2030y_SOC,cf_mean,
United States of America,NEEV_Warm temperate dry_2030y_SOC,cf_mean,69.32735
Uruguay,NEEV_Warm temperate dry_2030y_SOC,cf_mean,
Uzbekistan,NEEV_Warm temperate dry_2030y_SOC,cf_mean,49.043007
Vanuatu,NEEV_Warm temperate dry_2030y_SOC,cf_mean,
Venezuela,NEEV_Warm temperate dry_2030y_SOC,cf_mean,
Viet Nam,NEEV_Warm temperate dry_2030y_SOC,cf_mean,
Wake Island,NEEV_Warm temperate dry_2030y_SOC,cf_mean,
Wallis and Futuna,NEEV_Warm temperate dry_2030y_SOC,cf_mean,
West Bank,NEEV_Warm temperate dry_2030y_SOC,cf_mean,
Western Sahara,NEEV_Warm temperate dry_2030y_SOC,cf_mean,
Yemen,NEEV_Warm temperate dry_2030y_SOC,cf_mean,
Zambia,NEEV_Warm temperate dry_2030y_SOC,cf_mean,
Zimbabwe,NEEV_Warm temperate dry_2030y_SOC,cf_mean,
Abyei,NEEV_Warm temperate dry_2030y_SOC,cf_median,
Afghanistan,NEEV_Warm temperate dry_2030y_SOC,cf_median,53.03332
Aksai Chin,NEEV_Warm temperate dry_2030y_SOC,cf_median,
Albania,NEEV_Warm temperate dry_2030y_SOC,cf_median,89.97558
Algeria,NEEV_Warm temperate dry_2030y_SOC,cf_median,
American Samoa,NEEV_Warm temperate dry_2030y_SOC,cf_median,
Andorra,NEEV_Warm temperate dry_2030y_SOC,cf_median,
Angola,NEEV_Warm temperate dry_2030y_SOC,cf_median,
Anguilla,NEEV_Warm temperate dry_2030y_SOC,cf_median,
Antarctica,NEEV_Warm temperate dry_2030y_SOC,cf_median,
Antigua and Barbuda,NEEV_Warm temperate dry_2030y_SOC,cf_median,
Argentina,NEEV_Warm temperate dry_2030y_SOC,cf_median,79.97168
Armenia,NEEV_Warm temperate dry_2030y_SOC,cf_median,
Aruba,NEEV_Warm temperate dry_2030y_SOC,cf_median,
Arunachal Pradesh,NEEV_Warm temperate dry_2030y_SOC,cf_median,
Ashmore and Cartier Islands,NEEV_Warm temperate dry_2030y_SOC,cf_median,
Australia,NEEV_Warm temperate dry_2030y_SOC,cf_median,
Austria,NEEV_Warm temperate dry_2030y_SOC,cf_median,86.894
Azerbaijan,NEEV_Warm temperate dry_2030y_SOC,cf_median,
Azores Islands,NEEV_Warm temperate dry_2030y_SOC,cf_median,
Bahamas,NEEV_Warm temperate dry_2030y_SOC,cf_median,
Bahrain,NEEV_Warm temperate dry_2030y_SOC,cf_median,
Baker Island,NEEV_Warm temperate dry_2030y_SOC,cf_median,
Bangladesh,NEEV_Warm temperate dry_2030y_SOC,cf_median,
Barbados,NEEV_Warm temperate dry_2030y_SOC,cf_median,
Bassas da India,NEEV_Warm temperate dry_2030y_SOC,cf_median,
Belarus,NEEV_Warm temperate dry_2030y_SOC,cf_median,73.2677
Belgium,NEEV_Warm temperate dry_2030y_SOC,cf_median,71.98835
Belize,NEEV_Warm temperate dry_2030y_SOC,cf_median,
Benin,NEEV_Warm temperate dry_2030y_SOC,cf_median,
Bermuda,NEEV_Warm temperate dry_2030y_SOC,cf_median,
Bhutan,NEEV_Warm temperate dry_2030y_SOC,cf_median,
Bird Island,NEEV_Warm temperate dry_2030y_SOC,cf_median,
Bolivia,NEEV_Warm temperate dry_2030y_SOC,cf_median,
Bosnia and Herzegovina,NEEV_Warm temperate dry_2030y_SOC,cf_median,78.124695
Botswana,NEEV_Warm temperate dry_2030y_SOC,cf_median,
Bouvet Island,NEEV_Warm temperate dry_2030y_SOC,cf_median,
Brazil,NEEV_Warm temperate dry_2030y_SOC,cf_median,
British Indian Ocean Territory,NEEV_Warm temperate dry_2030y_SOC,cf_median,
British Virgin Islands,NEEV_Warm temperate dry_2030y_SOC,cf_median,
Brunei Darussalam,NEEV_Warm temperate dry_2030y_SOC,cf_median,
Bulgaria,NEEV_Warm temperate dry_2030y_SOC,cf_median,61.341587
Burkina Faso,NEEV_Warm temperate dry_2030y_SOC,cf_median,
Burundi,NEEV_Warm temperate dry_2030y_SOC,cf_median,
Cambodia,NEEV_Warm temperate dry_2030y_SOC,cf_median,
Cameroon,NEEV_Warm temperate dry_2030y_SOC,cf_median,
Canada,NEEV_Warm temperate dry_2030y_SOC,cf_median,86.594475
Cape Verde,NEEV_Warm temperate dry_2030y_SOC,cf_median,
Cayman Islands,NEEV_Warm temperate dry_2030y_SOC,cf_median,
Central African Republic,NEEV_Warm temperate dry_2030y_SOC,cf_median,
Chad,NEEV_Warm temperate dry_2030y_SOC,cf_median,
Chile,NEEV_Warm temperate dry_2030y_SOC,cf_median,138.40964
China,NEEV_Warm temperate dry_2030y_SOC,cf_median,61.18098
China/India,NEEV_Warm temperate dry_2030y_SOC,cf_median,
Christmas Island,NEEV_Warm temperate dry_2030y_SOC,cf_median,
Clipperton Island,NEEV_Warm temperate dry_2030y_SOC,cf_median,
Cocos (Keeling) Islands,NEEV_Warm temperate dry_2030y_SOC,cf_median,
Colombia,NEEV_Warm temperate dry_2030y_SOC,cf_median,
Comoros,NEEV_Warm temperate dry_2030y_SOC,cf_median,
Congo,NEEV_Warm temperate dry_2030y_SOC,cf_median,
Cook Islands,NEEV_Warm temperate dry_2030y_SOC,cf_median,
Costa Rica,NEEV_Warm temperate dry_2030y_SOC,cf_median,
Croatia,NEEV_Warm temperate dry_2030y_SOC,cf_median,64.52095
Cuba,NEEV_Warm temperate dry_2030y_SOC,cf_median,
Cyprus,NEEV_Warm temperate dry_2030y_SOC,cf_median,
Czech Republic,NEEV_Warm temperate dry_2030y_SOC,cf_median,67.588615
Côte d'Ivoire,NEEV_Warm temperate dry_2030y_SOC,cf_median,
Dem People's Rep of Korea,NEEV_Warm temperate dry_2030y_SOC,cf_median,63.300858
Democratic Republic of the Congo,NEEV_Warm temperate dry_2030y_SOC,cf_median,
Denmark,NEEV_Warm temperate dry_2030y_SOC,cf_median,68.91776
Djibouti,NEEV_Warm temperate dry_2030y_SOC,cf_median,
Dominica,NEEV_Warm temperate dry_2030y_SOC,cf_median,
Dominican Republic,NEEV_Warm temperate dry_2030y_SOC,cf_median,
Ecuador,NEEV_Warm temperate dry_2030y_SOC,cf_median,
Egypt,NEEV_Warm temperate dry_2030y_SOC,cf_median,
El Salvador,NEEV_Warm temperate dry_2030y_SOC,cf_median,
Equatorial Guinea,NEEV_Warm temperate dry_2030y_SOC,cf_median,
Eritrea,NEEV_Warm temperate dry_2030y_SOC,cf_median,
Estonia,NEEV_Warm temperate dry_2030y_SOC,cf_median,109.65992
Ethiopia,NEEV_Warm temperate dry_2030y_SOC,cf_median,
Europa Island,NEEV_Warm temperate dry_2030y_SOC,cf_median,
Falkland Islands (Malvinas),NEEV_Warm temperate dry_2030y_SOC,cf_median,
Faroe Islands,NEEV_Warm temperate dry_2030y_SOC,cf_median,
Fiji,NEEV_Warm temperate dry_2030y_SOC,cf_median,
Finland,NEEV_Warm temperate dry_2030y_SOC,cf_median,119.98518
France,NEEV_Warm temperate dry_2030y_SOC,cf_median,68.798904
French Guiana,NEEV_Warm temperate dry_2030y_SOC,cf_median,
French Polynesia,NEEV_Warm temperate dry_2030y_SOC,cf_median,
French Southern and Antarctic Territories,NEEV_Warm temperate dry_2030y_SOC,cf_median,
Gabon,NEEV_Warm temperate dry_2030y_SOC,cf_median,
Gambia,NEEV_Warm temperate dry_2030y_SOC,cf_median,
Gaza Strip,NEEV_Warm temperate dry_2030y_SOC,cf_median,
Georgia,NEEV_Warm temperate dry_2030y_SOC,cf_median,87.440926
Germany,NEEV_Warm temperate dry_2030y_SOC,cf_median,71.54471
Ghana,NEEV_Warm temperate dry_2030y_SOC,cf_median,
Gibraltar,NEEV_Warm temperate dry_2030y_SOC,cf_median,
Glorioso Island,NEEV_Warm temperate dry_2030y_SOC,cf_median,
Greece,NEEV_Warm temperate dry_2030y_SOC,cf_median,58.31606
Greenland,NEEV_Warm temperate dry_2030y_SOC,cf_median,
Grenada,NEEV_Warm temperate dry_2030y_SOC,cf_median,
Guadeloupe,NEEV_Warm temperate dry_2030y_SOC,cf_median,
Guam,NEEV_Warm temperate dry_2030y_SOC,cf_median,
Guatemala,NEEV_Warm temperate dry_2030y_SOC,cf_median,
Guernsey,NEEV_Warm temperate dry_2030y_SOC,cf_median,
Guinea,NEEV_Warm temperate dry_2030y_SOC,cf_median,
Guinea-Bissau,NEEV_Warm temperate dry_2030y_SOC,cf_median,
Guyana,NEEV_Warm temperate dry_2030y_SOC,cf_median,
Haiti,NEEV_Warm temperate dry_2030y_SOC,cf_median,
Hala'ib triangle,NEEV_Warm temperate dry_2030y_SOC,cf_median,
Heard Island and McDonald Islands,NEEV_Warm temperate dry_2030y_SOC,cf_median,
Holy See,NEEV_Warm temperate dry_2030y_SOC,cf_median,
Honduras,NEEV_Warm temperate dry_2030y_SOC,cf_median,
Hong Kong,NEEV_Warm temperate dry_2030y_SOC,cf_median,
Howland Island,NEEV_Warm temperate dry_2030y_SOC,cf_median,
Hungary,NEEV_Warm temperate dry_2030y_SOC,cf_median,63.90276
Iceland,NEEV_Warm temperate dry_2030y_SOC,cf_median,
Ilemi triangle,NEEV_Warm temperate dry_2030y_SOC,cf_median,
India,NEEV_Warm temperate dry_2030y_SOC,cf_median,
Indonesia,NEEV_Warm temperate dry_2030y_SOC,cf_median,
Iran  (Islamic Republic of),NEEV_Warm temperate dry_2030y_SOC,cf_median,
Iraq,NEEV_Warm temperate dry_2030y_SOC,cf_median,
Ireland,NEEV_Warm temperate dry_2030y_SOC,cf_median,98.197495
Isle of Man,NEEV_Warm temperate dry_2030y_SOC,cf_median,
Israel,NEEV_Warm temperate dry_2030y_SOC,cf_median,
Italy,NEEV_Warm temperate dry_2030y_SOC,cf_median,74.49738
Jamaica,NEEV_Warm temperate dry_2030y_SOC,cf_median,
Jammu and Kashmir,NEEV_Warm temperate dry_2030y_SOC,cf_median,
Japan,NEEV_Warm temperate dry_2030y_SOC,cf_median,81.61363
Jarvis Island,NEEV_Warm temperate dry_2030y_SOC,cf_median,
Jersey,NEEV_Warm temperate dry_2030y_SOC,cf_median,
Johnston Atoll,NEEV_Warm temperate dry_2030y_SOC,cf_median,
Jordan,NEEV_Warm temperate dry_2030y_SOC,cf_median,
Juan de Nova Island,NEEV_Warm temperate dry_2030y_SOC,cf_median,
Kazakhstan,NEEV_Warm temperate dry_2030y_SOC,cf_median,84.13327
Kenya,NEEV_Warm temperate dry_2030y_SOC,cf_median,
Kingman Reef,NEEV_Warm temperate dry_2030y_SOC,cf_median,
Kiribati,NEEV_Warm temperate dry_2030y_SOC,cf_median,
Kuril islands,NEEV_Warm temperate dry_2030y_SOC,cf_median,
Kuwait,NEEV_Warm temperate dry_2030y_SOC,cf_median,
Kyrgyzstan,NEEV_Warm temperate dry_2030y_SOC,cf_median,103.9329
Lao People's Democratic Republic,NEEV_Warm temperate dry_2030y_SOC,cf_median,
Latvia,NEEV_Warm temperate dry_2030y_SOC,cf_median,91.25074
Lebanon,NEEV_Warm temperate dry_2030y_SOC,cf_median,
Lesotho,NEEV_Warm temperate dry_2030y_SOC,cf_median,
Liberia,NEEV_Warm temperate dry_2030y_SOC,cf_median,
Libya,NEEV_Warm temperate dry_2030y_SOC,cf_median,
Liechtenstein,NEEV_Warm temperate dry_2030y_SOC,cf_median,97.3592
Lithuania,NEEV_Warm temperate dry_2030y_SOC,cf_median,76.49869
Luxembourg,NEEV_Warm temperate dry_2030y_SOC,cf_median,78.85455
Ma'tan al-Sarra,NEEV_Warm temperate dry_2030y_SOC,cf_median,
Macau,NEEV_Warm temperate dry_2030y_SOC,cf_median,
Madagascar,NEEV_Warm temperate dry_2030y_SOC,cf_median,
Madeira Islands,NEEV_Warm temperate dry_2030y_SOC,cf_median,
Malawi,NEEV_Warm temperate dry_2030y_SOC,cf_median,
Malaysia,NEEV_Warm temperate dry_2030y_SOC,cf_median,
Maldives,NEEV_Warm temperate dry_2030y_SOC,cf_median,
Mali,NEEV_Warm temperate dry_2030y_SOC,cf_median,
Malta,NEEV_Warm temperate dry_2030y_SOC,cf_median,
Marshall Islands,NEEV_Warm temperate dry_2030y_SOC,cf_median,
Martinique,NEEV_Warm temperate dry_2030y_SOC,cf_median,
Mauritania,NEEV_Warm temperate dry_2030y_SOC,cf_median,
Mauritius,NEEV_Warm temperate dry_2030y_SOC,cf_median,
Mayotte,NEEV_Warm temperate dry_2030y_SOC,cf_median,
Mexico,NEEV_Warm temperate dry_2030y_SOC,cf_median,
Micronesia (Federated States of),NEEV_Warm temperate dry_2030y_SOC,cf_median,
Midway Island,NEEV_Warm temperate dry_2030y_SOC,cf_median,
"Moldova, Republic of",NEEV_Warm temperate dry_2030y_SOC,cf_median,76.600746
Monaco,NEEV_Warm temperate dry_2030y_SOC,cf_median,
Mongolia,NEEV_Warm temperate dry_2030y_SOC,cf_median,98.01373
Montenegro,NEEV_Warm temperate dry_2030y_SOC,cf_median,91.74505
Montserrat,NEEV_Warm temperate dry_2030y_SOC,cf_median,
Morocco,NEEV_Warm temperate dry_2030y_SOC,cf_median,
Mozambique,NEEV_Warm temperate dry_2030y_SOC,cf_median,
Myanmar,NEEV_Warm temperate dry_2030y_SOC,cf_median,
Namibia,NEEV_Warm temperate dry_2030y_SOC,cf_median,
Nauru,NEEV_Warm temperate dry_2030y_SOC,cf_median,
Navassa Island,NEEV_Warm temperate dry_2030y_SOC,cf_median,
Nepal,NEEV_Warm temperate dry_2030y_SOC,cf_median,
Netherlands,NEEV_Warm temperate dry_2030y_SOC,cf_median,76.30597
Netherlands Antilles,NEEV_Warm temperate dry_2030y_SOC,cf_median,
New Caledonia,NEEV_Warm temperate dry_2030y_SOC,cf_median,
New Zealand,NEEV_Warm temperate dry_2030y_SOC,cf_median,107.854576
Nicaragua,NEEV_Warm temperate dry_2030y_SOC,cf_median,
Niger,NEEV_Warm temperate dry_2030y_SOC,cf_median,
Nigeria,NEEV_Warm temperate dry_2030y_SOC,cf_median,
Niue,NEEV_Warm temperate dry_2030y_SOC,cf_median,
Norfolk Island,NEEV_Warm temperate dry_2030y_SOC,cf_median,
Northern Mariana Islands,NEEV_Warm temperate dry_2030y_SOC,cf_median,
Norway,NEEV_Warm temperate dry_2030y_SOC,cf_median,106.666855
Oman,NEEV_Warm temperate dry_2030y_SOC,cf_median,
Pakistan,NEEV_Warm temperate dry_2030y_SOC,cf_median,
Palau,NEEV_Warm temperate dry_2030y_SOC,cf_median,
Palmyra Atoll,NEEV_Warm temperate dry_2030y_SOC,cf_median,
Panama,NEEV_Warm temperate dry_2030y_SOC,cf_median,
Papua New Guinea,NEEV_Warm temperate dry_2030y_SOC,cf_median,
Paracel Islands,NEEV_Warm temperate dry_2030y_SOC,cf_median,
Paraguay,NEEV_Warm temperate dry_2030y_SOC,cf_median,
Peru,NEEV_Warm temperate dry_2030y_SOC,cf_median,
Philippines,NEEV_Warm temperate dry_2030y_SOC,cf_median,
Pitcairn,NEEV_Warm temperate dry_2030y_SOC,cf_median,
Poland,NEEV_Warm temperate dry_2030y_SOC,cf_median,61.115334
Portugal,NEEV_Warm temperate dry_2030y_SOC,cf_median,
Puerto Rico,NEEV_Warm temperate dry_2030y_SOC,cf_median,
Qatar,NEEV_Warm temperate dry_2030y_SOC,cf_median,
Republic of Korea,NEEV_Warm temperate dry_2030y_SOC,cf_median,56.855766
Romania,NEEV_Warm temperate dry_2030y_SOC,cf_median,61.167496
Russian Federation,NEEV_Warm temperate dry_2030y_SOC,cf_median,95.617096
Rwanda,NEEV_Warm temperate dry_2030y_SOC,cf_median,
Réunion,NEEV_Warm temperate dry_2030y_SOC,cf_median,
Saint Helena,NEEV_Warm temperate dry_2030y_SOC,cf_median,
Saint Kitts and Nevis,NEEV_Warm temperate dry_2030y_SOC,cf_median,
Saint Lucia,NEEV_Warm temperate dry_2030y_SOC,cf_median,
Saint Pierre et Miquelon,NEEV_Warm temperate dry_2030y_SOC,cf_median,
Saint Vincent and the Grenadines,NEEV_Warm temperate dry_2030y_SOC,cf_median,
Samoa,NEEV_Warm temperate dry_2030y_SOC,cf_median,
San Marino,NEEV_Warm temperate dry_2030y_SOC,cf_median,
Sao Tome and Principe,NEEV_Warm temperate dry_2030y_SOC,cf_median,
Saudi Arabia,NEEV_Warm temperate dry_2030y_SOC,cf_median,
Scarborough Reef,NEEV_Warm temperate dry_2030y_SOC,cf_median,
Senegal,NEEV_Warm temperate dry_2030y_SOC,cf_median,
Senkaku Islands,NEEV_Warm temperate dry_2030y_SOC,cf_median,
Serbia,NEEV_Warm temperate dry_2030y_SOC,cf_median,65.822655
Seychelles,NEEV_Warm temperate dry_2030y_SOC,cf_median,
Sierra Leone,NEEV_Warm temperate dry_2030y_SOC,cf_median,
Singapore,NEEV_Warm temperate dry_2030y_SOC,cf_median,
Slovakia,NEEV_Warm temperate dry_2030y_SOC,cf_median,68.86568
Slovenia,NEEV_Warm temperate dry_2030y_SOC,cf_median,82.10167
Solomon Islands,NEEV_Warm temperate dry_2030y_SOC,cf_median,
Somalia,NEEV_Warm temperate dry_2030y_SOC,cf_median,
South Africa,NEEV_Warm temperate dry_2030y_SOC,cf_median,
South Georgia and the South Sandwich Islands,NEEV_Warm temperate dry_2030y_SOC,cf_median,
South Sudan,NEEV_Warm temperate dry_2030y_SOC,cf_median,
Spain,NEEV_Warm temperate dry_2030y_SOC,cf_median,
Spratly Islands,NEEV_Warm temperate dry_2030y_SOC,cf_median,
Sri Lanka,NEEV_Warm temperate dry_2030y_SOC,cf_median,
Sudan,NEEV_Warm temperate dry_2030y_SOC,cf_median,
Suriname,NEEV_Warm temperate dry_2030y_SOC,cf_median,
Svalbard and Jan Mayen Islands,NEEV_Warm temperate dry_2030y_SOC,cf_median,
Swaziland,NEEV_Warm temperate dry_2030y_SOC,cf_median,
Sweden,NEEV_Warm temperate dry_2030y_SOC,cf_median,107.01665
Switzerland,NEEV_Warm temperate dry_2030y_SOC,cf_median,92.917175
Syrian Arab Republic,NEEV_Warm temperate dry_2030y_SOC,cf_median,
Taiwan,NEEV_Warm temperate dry_2030y_SOC,cf_median,
Tajikistan,NEEV_Warm temperate dry_2030y_SOC,cf_median,93.72734
Thailand,NEEV_Warm temperate dry_2030y_SOC,cf_median,
The former Yugoslav Republic of Macedonia,NEEV_Warm temperate dry_2030y_SOC,cf_median,63.262436
Timor-Leste,NEEV_Warm temperate dry_2030y_SOC,cf_median,
Togo,NEEV_Warm temperate dry_2030y_SOC,cf_median,
Tokelau,NEEV_Warm temperate dry_2030y_SOC,cf_median,
Tonga,NEEV_Warm temperate dry_2030y_SOC,cf_median,
Trinidad and Tobago,NEEV_Warm temperate dry_2030y_SOC,cf_median,
Tromelin Island,NEEV_Warm temperate dry_2030y_SOC,cf_median,
Tunisia,NEEV_Warm temperate dry_2030y_SOC,cf_median,
Turkey,NEEV_Warm temperate dry_2030y_SOC,cf_median,75.03797
Turkmenistan,NEEV_Warm temperate dry_2030y_SOC,cf_median,44.73384
Turks and Caicos islands,NEEV_Warm temperate dry_2030y_SOC,cf_median,
Tuvalu,NEEV_Warm temperate dry_2030y_SOC,cf_median,
U.K. of Great Britain and Northern Ireland,NEEV_Warm temperate dry_2030y_SOC,cf_median,91.0884
Uganda,NEEV_Warm temperate dry_2030y_SOC,cf_median,
Ukraine,NEEV_Warm temperate dry_2030y_SOC,cf_median,78.78424
United Arab Emirates,NEEV_Warm temperate dry_2030y_SOC,cf_median,
United Republic of Tanzania,NEEV_Warm temperate dry_2030y_SOC,cf_median,
United States Virgin Islands,NEEV_Warm temperate dry_2030y_SOC,cf_median,
United States of America,NEEV_Warm temperate dry_2030y_SOC,cf_median,66.354225
Uruguay,NEEV_Warm temperate dry_2030y_SOC,cf_median,
Uzbekistan,NEEV_Warm temperate dry_2030y_SOC,cf_median,49.00566
Vanuatu,NEEV_Warm temperate dry_2030y_SOC,cf_median,
Venezuela,NEEV_Warm temperate dry_2030y_SOC,cf_median,
Viet Nam,NEEV_Warm temperate dry_2030y_SOC,cf_median,
Wake Island,NEEV_Warm temperate dry_2030y_SOC,cf_median,
Wallis and Futuna,NEEV_Warm temperate dry_2030y_SOC,cf_median,
West Bank,NEEV_Warm temperate dry_2030y_SOC,cf_median,
Western Sahara,NEEV_Warm temperate dry_2030y_SOC,cf_median,
Yemen,NEEV_Warm temperate dry_2030y_SOC,cf_median,
Zambia,NEEV_Warm temperate dry_2030y_SOC,cf_median,
Zimbabwe,NEEV_Warm temperate dry_2030y_SOC,cf_median,
Abyei,NEEV_Warm temperate dry_2030y_SOC,cf_std,
Afghanistan,NEEV_Warm temperate dry_2030y_SOC,cf_std,15.578501
Aksai Chin,NEEV_Warm temperate dry_2030y_SOC,cf_std,
Albania,NEEV_Warm temperate dry_2030y_SOC,cf_std,5.792307
Algeria,NEEV_Warm temperate dry_2030y_SOC,cf_std,
American Samoa,NEEV_Warm temperate dry_2030y_SOC,cf_std,
Andorra,NEEV_Warm temperate dry_2030y_SOC,cf_std,
Angola,NEEV_Warm temperate dry_2030y_SOC,cf_std,
Anguilla,NEEV_Warm temperate dry_2030y_SOC,cf_std,
Antarctica,NEEV_Warm temperate dry_2030y_SOC,cf_std,
Antigua and Barbuda,NEEV_Warm temperate dry_2030y_SOC,cf_std,
Argentina,NEEV_Warm temperate dry_2030y_SOC,cf_std,19.334938
Armenia,NEEV_Warm temperate dry_2030y_SOC,cf_std,
Aruba,NEEV_Warm temperate dry_2030y_SOC,cf_std,
Arunachal Pradesh,NEEV_Warm temperate dry_2030y_SOC,cf_std,
Ashmore and Cartier Islands,NEEV_Warm temperate dry_2030y_SOC,cf_std,
Australia,NEEV_Warm temperate dry_2030y_SOC,cf_std,
Austria,NEEV_Warm temperate dry_2030y_SOC,cf_std,14.799216
Azerbaijan,NEEV_Warm temperate dry_2030y_SOC,cf_std,
Azores Islands,NEEV_Warm temperate dry_2030y_SOC,cf_std,
Bahamas,NEEV_Warm temperate dry_2030y_SOC,cf_std,
Bahrain,NEEV_Warm temperate dry_2030y_SOC,cf_std,
Baker Island,NEEV_Warm temperate dry_2030y_SOC,cf_std,
Bangladesh,NEEV_Warm temperate dry_2030y_SOC,cf_std,
Barbados,NEEV_Warm temperate dry_2030y_SOC,cf_std,
Bassas da India,NEEV_Warm temperate dry_2030y_SOC,cf_std,
Belarus,NEEV_Warm temperate dry_2030y_SOC,cf_std,4.6296353
Belgium,NEEV_Warm temperate dry_2030y_SOC,cf_std,9.909432
Belize,NEEV_Warm temperate dry_2030y_SOC,cf_std,
Benin,NEEV_Warm temperate dry_2030y_SOC,cf_std,
Bermuda,NEEV_Warm temperate dry_2030y_SOC,cf_std,
Bhutan,NEEV_Warm temperate dry_2030y_SOC,cf_std,
Bird Island,NEEV_Warm temperate dry_2030y_SOC,cf_std,
Bolivia,NEEV_Warm temperate dry_2030y_SOC,cf_std,
Bosnia and Herzegovina,NEEV_Warm temperate dry_2030y_SOC,cf_std,12.046242
Botswana,NEEV_Warm temperate dry_2030y_SOC,cf_std,
Bouvet Island,NEEV_Warm temperate dry_2030y_SOC,cf_std,
Brazil,NEEV_Warm temperate dry_2030y_SOC,cf_std,
British Indian Ocean Territory,NEEV_Warm temperate dry_2030y_SOC,cf_std,
British Virgin Islands,NEEV_Warm temperate dry_2030y_SOC,cf_std,
Brunei Darussalam,NEEV_Warm temperate dry_2030y_SOC,cf_std,
Bulgaria,NEEV_Warm temperate dry_2030y_SOC,cf_std,5.622846
Burkina Faso,NEEV_Warm temperate dry_2030y_SOC,cf_std,
Burundi,NEEV_Warm temperate dry_2030y_SOC,cf_std,
Cambodia,NEEV_Warm temperate dry_2030y_SOC,cf_std,
Cameroon,NEEV_Warm temperate dry_2030y_SOC,cf_std,
Canada,NEEV_Warm temperate dry_2030y_SOC,cf_std,15.530445
Cape Verde,NEEV_Warm temperate dry_2030y_SOC,cf_std,
Cayman Islands,NEEV_Warm temperate dry_2030y_SOC,cf_std,
Central African Republic,NEEV_Warm temperate dry_2030y_SOC,cf_std,
Chad,NEEV_Warm temperate dry_2030y_SOC,cf_std,
Chile,NEEV_Warm temperate dry_2030y_SOC,cf_std,19.716614
China,NEEV_Warm temperate dry_2030y_SOC,cf_std,18.833624
China/India,NEEV_Warm temperate dry_2030y_SOC,cf_std,
Christmas Island,NEEV_Warm temperate dry_2030y_SOC,cf_std,
Clipperton Island,NEEV_Warm temperate dry_2030y_SOC,cf_std,
Cocos (Keeling) Islands,NEEV_Warm temperate dry_2030y_SOC,cf_std,
Colombia,NEEV_Warm temperate dry_2030y_SOC,cf_std,
Comoros,NEEV_Warm temperate dry_2030y_SOC,cf_std,
Congo,NEEV_Warm temperate dry_2030y_SOC,cf_std,
Cook Islands,NEEV_Warm temperate dry_2030y_SOC,cf_std,
Costa Rica,NEEV_Warm temperate dry_2030y_SOC,cf_std,
Croatia,NEEV_Warm temperate dry_2030y_SOC,cf_std,12.054388
Cuba,NEEV_Warm temperate dry_2030y_SOC,cf_std,
Cyprus,NEEV_Warm temperate dry_2030y_SOC,cf_std,
Czech Republic,NEEV_Warm temperate dry_2030y_SOC,cf_std,5.753
Côte d'Ivoire,NEEV_Warm temperate dry_2030y_SOC,cf_std,
Dem People's Rep of Korea,NEEV_Warm temperate dry_2030y_SOC,cf_std,12.703885
Democratic Republic of the Congo,NEEV_Warm temperate dry_2030y_SOC,cf_std,
Denmark,NEEV_Warm temperate dry_2030y_SOC,cf_std,20.342474
Djibouti,NEEV_Warm temperate dry_2030y_SOC,cf_std,
Dominica,NEEV_Warm temperate dry_2030y_SOC,cf_std,
Dominican Republic,NEEV_Warm temperate dry_2030y_SOC,cf_std,
Ecuador,NEEV_Warm temperate dry_2030y_SOC,cf_std,
Egypt,NEEV_Warm temperate dry_2030y_SOC,cf_std,
El Salvador,NEEV_Warm temperate dry_2030y_SOC,cf_std,
Equatorial Guinea,NEEV_Warm temperate dry_2030y_SOC,cf_std,
Eritrea,NEEV_Warm temperate dry_2030y_SOC,cf_std,
Estonia,NEEV_Warm temperate dry_2030y_SOC,cf_std,20.652714
Ethiopia,NEEV_Warm temperate dry_2030y_SOC,cf_std,
Europa Island,NEEV_Warm temperate dry_2030y_SOC,cf_std,
Falkland Islands (Malvinas),NEEV_Warm temperate dry_2030y_SOC,cf_std,
Faroe Islands,NEEV_Warm temperate dry_2030y_SOC,cf_std,
Fiji,NEEV_Warm temperate dry_2030y_SOC,cf_std,
Finland,NEEV_Warm temperate dry_2030y_SOC,cf_std,4.917279
France,NEEV_Warm temperate dry_2030y_SOC,cf_std,12.293466
French Guiana,NEEV_Warm temperate dry_2030y_SOC,cf_std,
French Polynesia,NEEV_Warm temperate dry_2030y_SOC,cf_std,
French Southern and Antarctic Territories,NEEV_Warm temperate dry_2030y_SOC,cf_std,
Gabon,NEEV_Warm temperate dry_2030y_SOC,cf_std,
Gambia,NEEV_Warm temperate dry_2030y_SOC,cf_std,
Gaza Strip,NEEV_Warm temperate dry_2030y_SOC,cf_std,
Georgia,NEEV_Warm temperate dry_2030y_SOC,cf_std,7.7845554
Germany,NEEV_Warm temperate dry_2030y_SOC,cf_std,9.334596
Ghana,NEEV_Warm temperate dry_2030y_SOC,cf_std,
Gibraltar,NEEV_Warm temperate dry_2030y_SOC,cf_std,
Glorioso Island,NEEV_Warm temperate dry_2030y_SOC,cf_std,
Greece,NEEV_Warm temperate dry_2030y_SOC,cf_std,5.411252
Greenland,NEEV_Warm temperate dry_2030y_SOC,cf_std,
Grenada,NEEV_Warm temperate dry_2030y_SOC,cf_std,
Guadeloupe,NEEV_Warm temperate dry_2030y_SOC,cf_std,
Guam,NEEV_Warm temperate dry_2030y_SOC,cf_std,
Guatemala,NEEV_Warm temperate dry_2030y_SOC,cf_std,
Guernsey,NEEV_Warm temperate dry_2030y_SOC,cf_std,
Guinea,NEEV_Warm temperate dry_2030y_SOC,cf_std,
Guinea-Bissau,NEEV_Warm temperate dry_2030y_SOC,cf_std,
Guyana,NEEV_Warm temperate dry_2030y_SOC,cf_std,
Haiti,NEEV_Warm temperate dry_2030y_SOC,cf_std,
Hala'ib triangle,NEEV_Warm temperate dry_2030y_SOC,cf_std,
Heard Island and McDonald Islands,NEEV_Warm temperate dry_2030y_SOC,cf_std,
Holy See,NEEV_Warm temperate dry_2030y_SOC,cf_std,
Honduras,NEEV_Warm temperate dry_2030y_SOC,cf_std,
Hong Kong,NEEV_Warm temperate dry_2030y_SOC,cf_std,
Howland Island,NEEV_Warm temperate dry_2030y_SOC,cf_std,
Hungary,NEEV_Warm temperate dry_2030y_SOC,cf_std,6.1389027
Iceland,NEEV_Warm temperate dry_2030y_SOC,cf_std,
Ilemi triangle,NEEV_Warm temperate dry_2030y_SOC,cf_std,
India,NEEV_Warm temperate dry_2030y_SOC,cf_std,
Indonesia,NEEV_Warm temperate dry_2030y_SOC,cf_std,
Iran  (Islamic Republic of),NEEV_Warm temperate dry_2030y_SOC,cf_std,
Iraq,NEEV_Warm temperate dry_2030y_SOC,cf_std,
Ireland,NEEV_Warm temperate dry_2030y_SOC,cf_std,15.76963
Isle of Man,NEEV_Warm temperate dry_2030y_SOC,cf_std,
Israel,NEEV_Warm temperate dry_2030y_SOC,cf_std,
Italy,NEEV_Warm temperate dry_2030y_SOC,cf_std,12.394668
Jamaica,NEEV_Warm temperate dry_2030y_SOC,cf_std,
Jammu and Kashmir,NEEV_Warm temperate dry_2030y_SOC,cf_std,
Japan,NEEV_Warm temperate dry_2030y_SOC,cf_std,22.285782
Jarvis Island,NEEV_Warm temperate dry_2030y_SOC,cf_std,
Jersey,NEEV_Warm temperate dry_2030y_SOC,cf_std,
Johnston Atoll,NEEV_Warm temperate dry_2030y_SOC,cf_std,
Jordan,NEEV_Warm temperate dry_2030y_SOC,cf_std,
Juan de Nova Island,NEEV_Warm temperate dry_2030y_SOC,cf_std,
Kazakhstan,NEEV_Warm temperate dry_2030y_SOC,cf_std,12.63472
Kenya,NEEV_Warm temperate dry_2030y_SOC,cf_std,
Kingman Reef,NEEV_Warm temperate dry_2030y_SOC,cf_std,
Kiribati,NEEV_Warm temperate dry_2030y_SOC,cf_std,
Kuril islands,NEEV_Warm temperate dry_2030y_SOC,cf_std,
Kuwait,NEEV_Warm temperate dry_2030y_SOC,cf_std,
Kyrgyzstan,NEEV_Warm temperate dry_2030y_SOC,cf_std,7.9350786
Lao People's Democratic Republic,NEEV_Warm temperate dry_2030y_SOC,cf_std,
Latvia,NEEV_Warm temperate dry_2030y_SOC,cf_std,7.075588
Lebanon,NEEV_Warm temperate dry_2030y_SOC,cf_std,
Lesotho,NEEV_Warm temperate dry_2030y_SOC,cf_std,
Liberia,NEEV_Warm temperate dry_2030y_SOC,cf_std,
Libya,NEEV_Warm temperate dry_2030y_SOC,cf_std,
Liechtenstein,NEEV_Warm temperate dry_2030y_SOC,cf_std,4.2579217
Lithuania,NEEV_Warm temperate dry_2030y_SOC,cf_std,6.871711
Luxembourg,NEEV_Warm temperate dry_2030y_SOC,cf_std,2.787373
Ma'tan al-Sarra,NEEV_Warm temperate dry_2030y_SOC,cf_std,
Macau,NEEV_Warm temperate dry_2030y_SOC,cf_std,
Madagascar,NEEV_Warm temperate dry_2030y_SOC,cf_std,
Madeira Islands,NEEV_Warm temperate dry_2030y_SOC,cf_std,
Malawi,NEEV_Warm temperate dry_2030y_SOC,cf_std,
Malaysia,NEEV_Warm temperate dry_2030y_SOC,cf_std,
Maldives,NEEV_Warm temperate dry_2030y_SOC,cf_std,
Mali,NEEV_Warm temperate dry_2030y_SOC,cf_std,
Malta,NEEV_Warm temperate dry_2030y_SOC,cf_std,
Marshall Islands,NEEV_Warm temperate dry_2030y_SOC,cf_std,
Martinique,NEEV_Warm temperate dry_2030y_SOC,cf_std,
Mauritania,NEEV_Warm temperate dry_2030y_SOC,cf_std,
Mauritius,NEEV_Warm temperate dry_2030y_SOC,cf_std,
Mayotte,NEEV_Warm temperate dry_2030y_SOC,cf_std,
Mexico,NEEV_Warm temperate dry_2030y_SOC,cf_std,
Micronesia (Federated States of),NEEV_Warm temperate dry_2030y_SOC,cf_std,
Midway Island,NEEV_Warm temperate dry_2030y_SOC,cf_std,
"Moldova, Republic of",NEEV_Warm temperate dry_2030y_SOC,cf_std,5.221958
Monaco,NEEV_Warm temperate dry_2030y_SOC,cf_std,
Mongolia,NEEV_Warm temperate dry_2030y_SOC,cf_std,13.70714
Montenegro,NEEV_Warm temperate dry_2030y_SOC,cf_std,3.7725136
Montserrat,NEEV_Warm temperate dry_2030y_SOC,cf_std,
Morocco,NEEV_Warm temperate dry_2030y_SOC,cf_std,
Mozambique,NEEV_Warm temperate dry_2030y_SOC,cf_std,
Myanmar,NEEV_Warm temperate dry_2030y_SOC,cf_std,
Namibia,NEEV_Warm temperate dry_2030y_SOC,cf_std,
Nauru,NEEV_Warm temperate dry_2030y_SOC,cf_std,
Navassa Island,NEEV_Warm temperate dry_2030y_SOC,cf_std,
Nepal,NEEV_Warm temperate dry_2030y_SOC,cf_std,
Netherlands,NEEV_Warm temperate dry_2030y_SOC,cf_std,23.482964
Netherlands Antilles,NEEV_Warm temperate dry_2030y_SOC,cf_std,
New Caledonia,NEEV_Warm temperate dry_2030y_SOC,cf_std,
New Zealand,NEEV_Warm temperate dry_2030y_SOC,cf_std,19.751305
Nicaragua,NEEV_Warm temperate dry_2030y_SOC,cf_std,
Niger,NEEV_Warm temperate dry_2030y_SOC,cf_std,
Nigeria,NEEV_Warm temperate dry_2030y_SOC,cf_std,
Niue,NEEV_Warm temperate dry_2030y_SOC,cf_std,
Norfolk Island,NEEV_Warm temperate dry_2030y_SOC,cf_std,
Northern Mariana Islands,NEEV_Warm temperate dry_2030y_SOC,cf_std,
Norway,NEEV_Warm temperate dry_2030y_SOC,cf_std,10.215326
Oman,NEEV_Warm temperate dry_2030y_SOC,cf_std,
Pakistan,NEEV_Warm temperate dry_2030y_SOC,cf_std,
Palau,NEEV_Warm temperate dry_2030y_SOC,cf_std,
Palmyra Atoll,NEEV_Warm temperate dry_2030y_SOC,cf_std,
Panama,NEEV_Warm temperate dry_2030y_SOC,cf_std,
Papua New Guinea,NEEV_Warm temperate dry_2030y_SOC,cf_std,
Paracel Islands,NEEV_Warm temperate dry_2030y_SOC,cf_std,
Paraguay,NEEV_Warm temperate dry_2030y_SOC,cf_std,
Peru,NEEV_Warm temperate dry_2030y_SOC,cf_std,
Philippines,NEEV_Warm temperate dry_2030y_SOC,cf_std,
Pitcairn,NEEV_Warm temperate dry_2030y_SOC,cf_std,
Poland,NEEV_Warm temperate dry_2030y_SOC,cf_std,5.8583364
Portugal,NEEV_Warm temperate dry_2030y_SOC,cf_std,
Puerto Rico,NEEV_Warm temperate dry_2030y_SOC,cf_std,
Qatar,NEEV_Warm temperate dry_2030y_SOC,cf_std,
Republic of Korea,NEEV_Warm temperate dry_2030y_SOC,cf_std,20.777613
Romania,NEEV_Warm temperate dry_2030y_SOC,cf_std,7.133151
Russian Federation,NEEV_Warm temperate dry_2030y_SOC,cf_std,11.764021
Rwanda,NEEV_Warm temperate dry_2030y_SOC,cf_std,
Réunion,NEEV_Warm temperate dry_2030y_SOC,cf_std,
Saint Helena,NEEV_Warm temperate dry_2030y_SOC,cf_std,
Saint Kitts and Nevis,NEEV_Warm temperate dry_2030y_SOC,cf_std,
Saint Lucia,NEEV_Warm temperate dry_2030y_SOC,cf_std,
Saint Pierre et Miquelon,NEEV_Warm temperate dry_2030y_SOC,cf_std,
Saint Vincent and the Grenadines,NEEV_Warm temperate dry_2030y_SOC,cf_std,
Samoa,NEEV_Warm temperate dry_2030y_SOC,cf_std,
San Marino,NEEV_Warm temperate dry_2030y_SOC,cf_std,
Sao Tome and Principe,NEEV_Warm temperate dry_2030y_SOC,cf_std,
Saudi Arabia,NEEV_Warm temperate dry_2030y_SOC,cf_std,
Scarborough Reef,NEEV_Warm temperate dry_2030y_SOC,cf_std,
Senegal,NEEV_Warm temperate dry_2030y_SOC,cf_std,
Senkaku Islands,NEEV_Warm temperate dry_2030y_SOC,cf_std,
Serbia,NEEV_Warm temperate dry_2030y_SOC,cf_std,7.727547
Seychelles,NEEV_Warm temperate dry_2030y_SOC,cf_std,
Sierra Leone,NEEV_Warm temperate dry_2030y_SOC,cf_std,
Singapore,NEEV_Warm temperate dry_2030y_SOC,cf_std,
Slovakia,NEEV_Warm temperate dry_2030y_SOC,cf_std,6.120236
Slovenia,NEEV_Warm temperate dry_2030y_SOC,cf_std,14.40053
Solomon Islands,NEEV_Warm temperate dry_2030y_SOC,cf_std,
Somalia,NEEV_Warm temperate dry_2030y_SOC,cf_std,
South Africa,NEEV_Warm temperate dry_2030y_SOC,cf_std,
South Georgia and the South Sandwich Islands,NEEV_Warm temperate dry_2030y_SOC,cf_std,
South Sudan,NEEV_Warm temperate dry_2030y_SOC,cf_std,
Spain,NEEV_Warm temperate dry_2030y_SOC,cf_std,
Spratly Islands,NEEV_Warm temperate dry_2030y_SOC,cf_std,
Sri Lanka,NEEV_Warm temperate dry_2030y_SOC,cf_std,
Sudan,NEEV_Warm temperate dry_2030y_SOC,cf_std,
Suriname,NEEV_Warm temperate dry_2030y_SOC,cf_std,
Svalbard and Jan Mayen Islands,NEEV_Warm temperate dry_2030y_SOC,cf_std,
Swaziland,NEEV_Warm temperate dry_2030y_SOC,cf_std,
Sweden,NEEV_Warm temperate dry_2030y_SOC,cf_std,10.848639
Switzerland,NEEV_Warm temperate dry_2030y_SOC,cf_std,9.7135105
Syrian Arab Republic,NEEV_Warm temperate dry_2030y_SOC,cf_std,
Taiwan,NEEV_Warm temperate dry_2030y_SOC,cf_std,
Tajikistan,NEEV_Warm temperate dry_2030y_SOC,cf_std,10.37793
Thailand,NEEV_Warm temperate dry_2030y_SOC,cf_std,
The former Yugoslav Republic of Macedonia,NEEV_Warm temperate dry_2030y_SOC,cf_std,9.041541
Timor-Leste,NEEV_Warm temperate dry_2030y_SOC,cf_std,
Togo,NEEV_Warm temperate dry_2030y_SOC,cf_std,
Tokelau,NEEV_Warm temperate dry_2030y_SOC,cf_std,
Tonga,NEEV_Warm temperate dry_2030y_SOC,cf_std,
Trinidad and Tobago,NEEV_Warm temperate dry_2030y_SOC,cf_std,
Tromelin Island,NEEV_Warm temperate dry_2030y_SOC,cf_std,
Tunisia,NEEV_Warm temperate dry_2030y_SOC,cf_std,
Turkey,NEEV_Warm temperate dry_2030y_SOC,cf_std,10.161974
Turkmenistan,NEEV_Warm temperate dry_2030y_SOC,cf_std,3.6702933
Turks and Caicos islands,NEEV_Warm temperate dry_2030y_SOC,cf_std,
Tuvalu,NEEV_Warm temperate dry_2030y_SOC,cf_std,
U.K. of Great Britain and Northern Ireland,NEEV_Warm temperate dry_2030y_SOC,cf_std,14.868322
Uganda,NEEV_Warm temperate dry_2030y_SOC,cf_std,
Ukraine,NEEV_Warm temperate dry_2030y_SOC,cf_std,8.688821
United Arab Emirates,NEEV_Warm temperate dry_2030y_SOC,cf_std,
United Republic of Tanzania,NEEV_Warm temperate dry_2030y_SOC,cf_std,
United States Virgin Islands,NEEV_Warm temperate dry_2030y_SOC,cf_std,
United States of America,NEEV_Warm temperate dry_2030y_SOC,cf_std,18.333475
Uruguay,NEEV_Warm temperate dry_2030y_SOC,cf_std,
Uzbekistan,NEEV_Warm temperate dry_2030y_SOC,cf_std,3.2630453
Vanuatu,NEEV_Warm temperate dry_2030y_SOC,cf_std,
Venezuela,NEEV_Warm temperate dry_2030y_SOC,cf_std,
Viet Nam,NEEV_Warm temperate dry_2030y_SOC,cf_std,
Wake Island,NEEV_Warm temperate dry_2030y_SOC,cf_std,
Wallis and Futuna,NEEV_Warm temperate dry_2030y_SOC,cf_std,
West Bank,NEEV_Warm temperate dry_2030y_SOC,cf_std,
Western Sahara,NEEV_Warm temperate dry_2030y_SOC,cf_std,
Yemen,NEEV_Warm temperate dry_2030y_SOC,cf_std,
Zambia,NEEV_Warm temperate dry_2030y_SOC,cf_std,
Zimbabwe,NEEV_Warm temperate dry_2030y_SOC,cf_std,
Abyei,natural_grassland_cattle_avg_2030y_SOC,cf_mean,32.6891
Afghanistan,natural_grassland_cattle_avg_2030y_SOC,cf_mean,45.326107
Aksai Chin,natural_grassland_cattle_avg_2030y_SOC,cf_mean,45.774834
Albania,natural_grassland_cattle_avg_2030y_SOC,cf_mean,55.782158
Algeria,natural_grassland_cattle_avg_2030y_SOC,cf_mean,32.140526
American Samoa,natural_grassland_cattle_avg_2030y_SOC,cf_mean,
Andorra,natural_grassland_cattle_avg_2030y_SOC,cf_mean,65.52986
Angola,natural_grassland_cattle_avg_2030y_SOC,cf_mean,31.606792
Anguilla,natural_grassland_cattle_avg_2030y_SOC,cf_mean,
Antarctica,natural_grassland_cattle_avg_2030y_SOC,cf_mean,
Antigua and Barbuda,natural_grassland_cattle_avg_2030y_SOC,cf_mean,
Argentina,natural_grassland_cattle_avg_2030y_SOC,cf_mean,42.312054
Armenia,natural_grassland_cattle_avg_2030y_SOC,cf_mean,61.233696
Aruba,natural_grassland_cattle_avg_2030y_SOC,cf_mean,
Arunachal Pradesh,natural_grassland_cattle_avg_2030y_SOC,cf_mean,56.2713
Ashmore and Cartier Islands,natural_grassland_cattle_avg_2030y_SOC,cf_mean,
Australia,natural_grassland_cattle_avg_2030y_SOC,cf_mean,36.78384
Austria,natural_grassland_cattle_avg_2030y_SOC,cf_mean,77.224396
Azerbaijan,natural_grassland_cattle_avg_2030y_SOC,cf_mean,57.93729
Azores Islands,natural_grassland_cattle_avg_2030y_SOC,cf_mean,
Bahamas,natural_grassland_cattle_avg_2030y_SOC,cf_mean,121.442154
Bahrain,natural_grassland_cattle_avg_2030y_SOC,cf_mean,
Baker Island,natural_grassland_cattle_avg_2030y_SOC,cf_mean,
Bangladesh,natural_grassland_cattle_avg_2030y_SOC,cf_mean,43.02139
Barbados,natural_grassland_cattle_avg_2030y_SOC,cf_mean,
Bassas da India,natural_grassland_cattle_avg_2030y_SOC,cf_mean,
Belarus,natural_grassland_cattle_avg_2030y_SOC,cf_mean,60.360626
Belgium,natural_grassland_cattle_avg_2030y_SOC,cf_mean,66.02385
Belize,natural_grassland_cattle_avg_2030y_SOC,cf_mean,43.880627
Benin,natural_grassland_cattle_avg_2030y_SOC,cf_mean,30.117802
Bermuda,natural_grassland_cattle_avg_2030y_SOC,cf_mean,
Bhutan,natural_grassland_cattle_avg_2030y_SOC,cf_mean,62.433056
Bird Island,natural_grassland_cattle_avg_2030y_SOC,cf_mean,
Bolivia,natural_grassland_cattle_avg_2030y_SOC,cf_mean,41.816708
Bosnia and Herzegovina,natural_grassland_cattle_avg_2030y_SOC,cf_mean,71.68606
Botswana,natural_grassland_cattle_avg_2030y_SOC,cf_mean,31.48398
Bouvet Island,natural_grassland_cattle_avg_2030y_SOC,cf_mean,
Brazil,natural_grassland_cattle_avg_2030y_SOC,cf_mean,38.220486
British Indian Ocean Territory,natural_grassland_cattle_avg_2030y_SOC,cf_mean,
British Virgin Islands,natural_grassland_cattle_avg_2030y_SOC,cf_mean,
Brunei Darussalam,natural_grassland_cattle_avg_2030y_SOC,cf_mean,
Bulgaria,natural_grassland_cattle_avg_2030y_SOC,cf_mean,46.212643
Burkina Faso,natural_grassland_cattle_avg_2030y_SOC,cf_mean,32.172195
Burundi,natural_grassland_cattle_avg_2030y_SOC,cf_mean,56.360203
Cambodia,natural_grassland_cattle_avg_2030y_SOC,cf_mean,41.13908
Cameroon,natural_grassland_cattle_avg_2030y_SOC,cf_mean,34.04083
Canada,natural_grassland_cattle_avg_2030y_SOC,cf_mean,72.66952
Cape Verde,natural_grassland_cattle_avg_2030y_SOC,cf_mean,
Cayman Islands,natural_grassland_cattle_avg_2030y_SOC,cf_mean,
Central African Republic,natural_grassland_cattle_avg_2030y_SOC,cf_mean,30.798376
Chad,natural_grassland_cattle_avg_2030y_SOC,cf_mean,31.426405
Chile,natural_grassland_cattle_avg_2030y_SOC,cf_mean,94.169266
China,natural_grassland_cattle_avg_2030y_SOC,cf_mean,49.567993
China/India,natural_grassland_cattle_avg_2030y_SOC,cf_mean,59.433212
Christmas Island,natural_grassland_cattle_avg_2030y_SOC,cf_mean,
Clipperton Island,natural_grassland_cattle_avg_2030y_SOC,cf_mean,
Cocos (Keeling) Islands,natural_grassland_cattle_avg_2030y_SOC,cf_mean,
Colombia,natural_grassland_cattle_avg_2030y_SOC,cf_mean,49.81854
Comoros,natural_grassland_cattle_avg_2030y_SOC,cf_mean,
Congo,natural_grassland_cattle_avg_2030y_SOC,cf_mean,43.30901
Cook Islands,natural_grassland_cattle_avg_2030y_SOC,cf_mean,
Costa Rica,natural_grassland_cattle_avg_2030y_SOC,cf_mean,47.498108
Croatia,natural_grassland_cattle_avg_2030y_SOC,cf_mean,70.79802
Cuba,natural_grassland_cattle_avg_2030y_SOC,cf_mean,76.320946
Cyprus,natural_grassland_cattle_avg_2030y_SOC,cf_mean,59.23682
Czech Republic,natural_grassland_cattle_avg_2030y_SOC,cf_mean,57.52429
Côte d'Ivoire,natural_grassland_cattle_avg_2030y_SOC,cf_mean,34.64725
Dem People's Rep of Korea,natural_grassland_cattle_avg_2030y_SOC,cf_mean,59.48326
Democratic Republic of the Congo,natural_grassland_cattle_avg_2030y_SOC,cf_mean,35.279324
Denmark,natural_grassland_cattle_avg_2030y_SOC,cf_mean,101.17885
Djibouti,natural_grassland_cattle_avg_2030y_SOC,cf_mean,39.714645
Dominica,natural_grassland_cattle_avg_2030y_SOC,cf_mean,
Dominican Republic,natural_grassland_cattle_avg_2030y_SOC,cf_mean,64.213394
Ecuador,natural_grassland_cattle_avg_2030y_SOC,cf_mean,64.37966
Egypt,natural_grassland_cattle_avg_2030y_SOC,cf_mean,32.369896
El Salvador,natural_grassland_cattle_avg_2030y_SOC,cf_mean,
Equatorial Guinea,natural_grassland_cattle_avg_2030y_SOC,cf_mean,41.64322
Eritrea,natural_grassland_cattle_avg_2030y_SOC,cf_mean,42.210808
Estonia,natural_grassland_cattle_avg_2030y_SOC,cf_mean,80.33008
Ethiopia,natural_grassland_cattle_avg_2030y_SOC,cf_mean,49.33187
Europa Island,natural_grassland_cattle_avg_2030y_SOC,cf_mean,
Falkland Islands (Malvinas),natural_grassland_cattle_avg_2030y_SOC,cf_mean,
Faroe Islands,natural_grassland_cattle_avg_2030y_SOC,cf_mean,121.00127
Fiji,natural_grassland_cattle_avg_2030y_SOC,cf_mean,
Finland,natural_grassland_cattle_avg_2030y_SOC,cf_mean,86.829544
France,natural_grassland_cattle_avg_2030y_SOC,cf_mean,57.421654
French Guiana,natural_grassland_cattle_avg_2030y_SOC,cf_mean,38.782005
French Polynesia,natural_grassland_cattle_avg_2030y_SOC,cf_mean,
French Southern and Antarctic Territories,natural_grassland_cattle_avg_2030y_SOC,cf_mean,
Gabon,natural_grassland_cattle_avg_2030y_SOC,cf_mean,44.74557
Gambia,natural_grassland_cattle_avg_2030y_SOC,cf_mean,30.132528
Gaza Strip,natural_grassland_cattle_avg_2030y_SOC,cf_mean,29.04875
Georgia,natural_grassland_cattle_avg_2030y_SOC,cf_mean,69.09565
Germany,natural_grassland_cattle_avg_2030y_SOC,cf_mean,61.9782
Ghana,natural_grassland_cattle_avg_2030y_SOC,cf_mean,34.963573
Gibraltar,natural_grassland_cattle_avg_2030y_SOC,cf_mean,49.534172
Glorioso Island,natural_grassland_cattle_avg_2030y_SOC,cf_mean,
Greece,natural_grassland_cattle_avg_2030y_SOC,cf_mean,48.47027
Greenland,natural_grassland_cattle_avg_2030y_SOC,cf_mean,106.49128
Grenada,natural_grassland_cattle_avg_2030y_SOC,cf_mean,
Guadeloupe,natural_grassland_cattle_avg_2030y_SOC,cf_mean,
Guam,natural_grassland_cattle_avg_2030y_SOC,cf_mean,
Guatemala,natural_grassland_cattle_avg_2030y_SOC,cf_mean,50.35083
Guernsey,natural_grassland_cattle_avg_2030y_SOC,cf_mean,
Guinea,natural_grassland_cattle_avg_2030y_SOC,cf_mean,48.26881
Guinea-Bissau,natural_grassland_cattle_avg_2030y_SOC,cf_mean,51.268646
Guyana,natural_grassland_cattle_avg_2030y_SOC,cf_mean,39.154396
Haiti,natural_grassland_cattle_avg_2030y_SOC,cf_mean,76.29529
Hala'ib triangle,natural_grassland_cattle_avg_2030y_SOC,cf_mean,36.523174
Heard Island and McDonald Islands,natural_grassland_cattle_avg_2030y_SOC,cf_mean,
Holy See,natural_grassland_cattle_avg_2030y_SOC,cf_mean,
Honduras,natural_grassland_cattle_avg_2030y_SOC,cf_mean,52.407196
Hong Kong,natural_grassland_cattle_avg_2030y_SOC,cf_mean,
Howland Island,natural_grassland_cattle_avg_2030y_SOC,cf_mean,
Hungary,natural_grassland_cattle_avg_2030y_SOC,cf_mean,51.73303
Iceland,natural_grassland_cattle_avg_2030y_SOC,cf_mean,119.885086
Ilemi triangle,natural_grassland_cattle_avg_2030y_SOC,cf_mean,47.484207
India,natural_grassland_cattle_avg_2030y_SOC,cf_mean,39.50237
Indonesia,natural_grassland_cattle_avg_2030y_SOC,cf_mean,57.742367
Iran  (Islamic Republic of),natural_grassland_cattle_avg_2030y_SOC,cf_mean,37.734604
Iraq,natural_grassland_cattle_avg_2030y_SOC,cf_mean,30.614086
Ireland,natural_grassland_cattle_avg_2030y_SOC,cf_mean,96.651215
Isle of Man,natural_grassland_cattle_avg_2030y_SOC,cf_mean,
Israel,natural_grassland_cattle_avg_2030y_SOC,cf_mean,40.89854
Italy,natural_grassland_cattle_avg_2030y_SOC,cf_mean,55.763096
Jamaica,natural_grassland_cattle_avg_2030y_SOC,cf_mean,
Jammu and Kashmir,natural_grassland_cattle_avg_2030y_SOC,cf_mean,54.096767
Japan,natural_grassland_cattle_avg_2030y_SOC,cf_mean,81.14634
Jarvis Island,natural_grassland_cattle_avg_2030y_SOC,cf_mean,
Jersey,natural_grassland_cattle_avg_2030y_SOC,cf_mean,
Johnston Atoll,natural_grassland_cattle_avg_2030y_SOC,cf_mean,
Jordan,natural_grassland_cattle_avg_2030y_SOC,cf_mean,39.946877
Juan de Nova Island,natural_grassland_cattle_avg_2030y_SOC,cf_mean,
Kazakhstan,natural_grassland_cattle_avg_2030y_SOC,cf_mean,52.281136
Kenya,natural_grassland_cattle_avg_2030y_SOC,cf_mean,41.361217
Kingman Reef,natural_grassland_cattle_avg_2030y_SOC,cf_mean,
Kiribati,natural_grassland_cattle_avg_2030y_SOC,cf_mean,
Kuril islands,natural_grassland_cattle_avg_2030y_SOC,cf_mean,124.14599
Kuwait,natural_grassland_cattle_avg_2030y_SOC,cf_mean,
Kyrgyzstan,natural_grassland_cattle_avg_2030y_SOC,cf_mean,65.15819
Lao People's Democratic Republic,natural_grassland_cattle_avg_2030y_SOC,cf_mean,41.469467
Latvia,natural_grassland_cattle_avg_2030y_SOC,cf_mean,70.25214
Lebanon,natural_grassland_cattle_avg_2030y_SOC,cf_mean,45.041904
Lesotho,natural_grassland_cattle_avg_2030y_SOC,cf_mean,48.020504
Liberia,natural_grassland_cattle_avg_2030y_SOC,cf_mean,
Libya,natural_grassland_cattle_avg_2030y_SOC,cf_mean,27.196964
Liechtenstein,natural_grassland_cattle_avg_2030y_SOC,cf_mean,80.33662
Lithuania,natural_grassland_cattle_avg_2030y_SOC,cf_mean,59.139496
Luxembourg,natural_grassland_cattle_avg_2030y_SOC,cf_mean,63.65214
Ma'tan al-Sarra,natural_grassland_cattle_avg_2030y_SOC,cf_mean,27.493269
Macau,natural_grassland_cattle_avg_2030y_SOC,cf_mean,
Madagascar,natural_grassland_cattle_avg_2030y_SOC,cf_mean,45.91409
Madeira Islands,natural_grassland_cattle_avg_2030y_SOC,cf_mean,94.64881
Malawi,natural_grassland_cattle_avg_2030y_SOC,cf_mean,38.46807
Malaysia,natural_grassland_cattle_avg_2030y_SOC,cf_mean,44.08327
Maldives,natural_grassland_cattle_avg_2030y_SOC,cf_mean,
Mali,natural_grassland_cattle_avg_2030y_SOC,cf_mean,29.52386
Malta,natural_grassland_cattle_avg_2030y_SOC,cf_mean,
Marshall Islands,natural_grassland_cattle_avg_2030y_SOC,cf_mean,
Martinique,natural_grassland_cattle_avg_2030y_SOC,cf_mean,
Mauritania,natural_grassland_cattle_avg_2030y_SOC,cf_mean,29.666264
Mauritius,natural_grassland_cattle_avg_2030y_SOC,cf_mean,
Mayotte,natural_grassland_cattle_avg_2030y_SOC,cf_mean,
Mexico,natural_grassland_cattle_avg_2030y_SOC,cf_mean,43.47756
Micronesia (Federated States of),natural_grassland_cattle_avg_2030y_SOC,cf_mean,
Midway Island,natural_grassland_cattle_avg_2030y_SOC,cf_mean,
"Moldova, Republic of",natural_grassland_cattle_avg_2030y_SOC,cf_mean,56.06973
Monaco,natural_grassland_cattle_avg_2030y_SOC,cf_mean,85.54406
Mongolia,natural_grassland_cattle_avg_2030y_SOC,cf_mean,49.37166
Montenegro,natural_grassland_cattle_avg_2030y_SOC,cf_mean,71.26902
Montserrat,natural_grassland_cattle_avg_2030y_SOC,cf_mean,
Morocco,natural_grassland_cattle_avg_2030y_SOC,cf_mean,32.019554
Mozambique,natural_grassland_cattle_avg_2030y_SOC,cf_mean,46.072105
Myanmar,natural_grassland_cattle_avg_2030y_SOC,cf_mean,53.83796
Namibia,natural_grassland_cattle_avg_2030y_SOC,cf_mean,30.230864
Nauru,natural_grassland_cattle_avg_2030y_SOC,cf_mean,
Navassa Island,natural_grassland_cattle_avg_2030y_SOC,cf_mean,
Nepal,natural_grassland_cattle_avg_2030y_SOC,cf_mean,51.894436
Netherlands,natural_grassland_cattle_avg_2030y_SOC,cf_mean,85.72011
Netherlands Antilles,natural_grassland_cattle_avg_2030y_SOC,cf_mean,
New Caledonia,natural_grassland_cattle_avg_2030y_SOC,cf_mean,
New Zealand,natural_grassland_cattle_avg_2030y_SOC,cf_mean,99.05572
Nicaragua,natural_grassland_cattle_avg_2030y_SOC,cf_mean,56.60955
Niger,natural_grassland_cattle_avg_2030y_SOC,cf_mean,29.57907
Nigeria,natural_grassland_cattle_avg_2030y_SOC,cf_mean,30.322794
Niue,natural_grassland_cattle_avg_2030y_SOC,cf_mean,
Norfolk Island,natural_grassland_cattle_avg_2030y_SOC,cf_mean,
Northern Mariana Islands,natural_grassland_cattle_avg_2030y_SOC,cf_mean,
Norway,natural_grassland_cattle_avg_2030y_SOC,cf_mean,91.41486
Oman,natural_grassland_cattle_avg_2030y_SOC,cf_mean,32.131313
Pakistan,natural_grassland_cattle_avg_2030y_SOC,cf_mean,35.899525
Palau,natural_grassland_cattle_avg_2030y_SOC,cf_mean,
Palmyra Atoll,natural_grassland_cattle_avg_2030y_SOC,cf_mean,
Panama,natural_grassland_cattle_avg_2030y_SOC,cf_mean,43.724873
Papua New Guinea,natural_grassland_cattle_avg_2030y_SOC,cf_mean,90.17776
Paracel Islands,natural_grassland_cattle_avg_2030y_SOC,cf_mean,
Paraguay,natural_grassland_cattle_avg_2030y_SOC,cf_mean,39.95253
Peru,natural_grassland_cattle_avg_2030y_SOC,cf_mean,58.204113
Philippines,natural_grassland_cattle_avg_2030y_SOC,cf_mean,81.67266
Pitcairn,natural_grassland_cattle_avg_2030y_SOC,cf_mean,
Poland,natural_grassland_cattle_avg_2030y_SOC,cf_mean,46.66416
Portugal,natural_grassland_cattle_avg_2030y_SOC,cf_mean,44.899887
Puerto Rico,natural_grassland_cattle_avg_2030y_SOC,cf_mean,
Qatar,natural_grassland_cattle_avg_2030y_SOC,cf_mean,
Republic of Korea,natural_grassland_cattle_avg_2030y_SOC,cf_mean,47.809494
Romania,natural_grassland_cattle_avg_2030y_SOC,cf_mean,50.365044
Russian Federation,natural_grassland_cattle_avg_2030y_SOC,cf_mean,79.60636
Rwanda,natural_grassland_cattle_avg_2030y_SOC,cf_mean,58.65821
Réunion,natural_grassland_cattle_avg_2030y_SOC,cf_mean,
Saint Helena,natural_grassland_cattle_avg_2030y_SOC,cf_mean,
Saint Kitts and Nevis,natural_grassland_cattle_avg_2030y_SOC,cf_mean,
Saint Lucia,natural_grassland_cattle_avg_2030y_SOC,cf_mean,
Saint Pierre et Miquelon,natural_grassland_cattle_avg_2030y_SOC,cf_mean,
Saint Vincent and the Grenadines,natural_grassland_cattle_avg_2030y_SOC,cf_mean,
Samoa,natural_grassland_cattle_avg_2030y_SOC,cf_mean,
San Marino,natural_grassland_cattle_avg_2030y_SOC,cf_mean,47.016
Sao Tome and Principe,natural_grassland_cattle_avg_2030y_SOC,cf_mean,
Saudi Arabia,natural_grassland_cattle_avg_2030y_SOC,cf_mean,28.403133
Scarborough Reef,natural_grassland_cattle_avg_2030y_SOC,cf_mean,
Senegal,natural_grassland_cattle_avg_2030y_SOC,cf_mean,30.94657
Senkaku Islands,natural_grassland_cattle_avg_2030y_SOC,cf_mean,
Serbia,natural_grassland_cattle_avg_2030y_SOC,cf_mean,60.106365
Seychelles,natural_grassland_cattle_avg_2030y_SOC,cf_mean,
Sierra Leone,natural_grassland_cattle_avg_2030y_SOC,cf_mean,47.640156
Singapore,natural_grassland_cattle_avg_2030y_SOC,cf_mean,
Slovakia,natural_grassland_cattle_avg_2030y_SOC,cf_mean,68.68965
Slovenia,natural_grassland_cattle_avg_2030y_SOC,cf_mean,78.36222
Solomon Islands,natural_grassland_cattle_avg_2030y_SOC,cf_mean,
Somalia,natural_grassland_cattle_avg_2030y_SOC,cf_mean,43.34779
South Africa,natural_grassland_cattle_avg_2030y_SOC,cf_mean,37.787167
South Georgia and the South Sandwich Islands,natural_grassland_cattle_avg_2030y_SOC,cf_mean,
South Sudan,natural_grassland_cattle_avg_2030y_SOC,cf_mean,35.254166
Spain,natural_grassland_cattle_avg_2030y_SOC,cf_mean,45.19865
Spratly Islands,natural_grassland_cattle_avg_2030y_SOC,cf_mean,
Sri Lanka,natural_grassland_cattle_avg_2030y_SOC,cf_mean,
Sudan,natural_grassland_cattle_avg_2030y_SOC,cf_mean,30.976698
Suriname,natural_grassland_cattle_avg_2030y_SOC,cf_mean,35.629135
Svalbard and Jan Mayen Islands,natural_grassland_cattle_avg_2030y_SOC,cf_mean,
Swaziland,natural_grassland_cattle_avg_2030y_SOC,cf_mean,47.46076
Sweden,natural_grassland_cattle_avg_2030y_SOC,cf_mean,88.02361
Switzerland,natural_grassland_cattle_avg_2030y_SOC,cf_mean,76.34868
Syrian Arab Republic,natural_grassland_cattle_avg_2030y_SOC,cf_mean,31.910656
Taiwan,natural_grassland_cattle_avg_2030y_SOC,cf_mean,
Tajikistan,natural_grassland_cattle_avg_2030y_SOC,cf_mean,54.485497
Thailand,natural_grassland_cattle_avg_2030y_SOC,cf_mean,42.295277
The former Yugoslav Republic of Macedonia,natural_grassland_cattle_avg_2030y_SOC,cf_mean,46.672745
Timor-Leste,natural_grassland_cattle_avg_2030y_SOC,cf_mean,72.84942
Togo,natural_grassland_cattle_avg_2030y_SOC,cf_mean,33.38859
Tokelau,natural_grassland_cattle_avg_2030y_SOC,cf_mean,
Tonga,natural_grassland_cattle_avg_2030y_SOC,cf_mean,
Trinidad and Tobago,natural_grassland_cattle_avg_2030y_SOC,cf_mean,
Tromelin Island,natural_grassland_cattle_avg_2030y_SOC,cf_mean,
Tunisia,natural_grassland_cattle_avg_2030y_SOC,cf_mean,28.752443
Turkey,natural_grassland_cattle_avg_2030y_SOC,cf_mean,50.830032
Turkmenistan,natural_grassland_cattle_avg_2030y_SOC,cf_mean,34.9426
Turks and Caicos islands,natural_grassland_cattle_avg_2030y_SOC,cf_mean,
Tuvalu,natural_grassland_cattle_avg_2030y_SOC,cf_mean,
U.K. of Great Britain and Northern Ireland,natural_grassland_cattle_avg_2030y_SOC,cf_mean,90.75042
Uganda,natural_grassland_cattle_avg_2030y_SOC,cf_mean,49.327606
Ukraine,natural_grassland_cattle_avg_2030y_SOC,cf_mean,63.091724
United Arab Emirates,natural_grassland_cattle_avg_2030y_SOC,cf_mean,35.507797
United Republic of Tanzania,natural_grassland_cattle_avg_2030y_SOC,cf_mean,37.756287
United States Virgin Islands,natural_grassland_cattle_avg_2030y_SOC,cf_mean,
United States of America,natural_grassland_cattle_avg_2030y_SOC,cf_mean,49.13254
Uruguay,natural_grassland_cattle_avg_2030y_SOC,cf_mean,48.47046
Uzbekistan,natural_grassland_cattle_avg_2030y_SOC,cf_mean,38.91349
Vanuatu,natural_grassland_cattle_avg_2030y_SOC,cf_mean,
Venezuela,natural_grassland_cattle_avg_2030y_SOC,cf_mean,41.771496
Viet Nam,natural_grassland_cattle_avg_2030y_SOC,cf_mean,53.70914
Wake Island,natural_grassland_cattle_avg_2030y_SOC,cf_mean,
Wallis and Futuna,natural_grassland_cattle_avg_2030y_SOC,cf_mean,
West Bank,natural_grassland_cattle_avg_2030y_SOC,cf_mean,39.865242
Western Sahara,natural_grassland_cattle_avg_2030y_SOC,cf_mean,29.94214
Yemen,natural_grassland_cattle_avg_2030y_SOC,cf_mean,32.58326
Zambia,natural_grassland_cattle_avg_2030y_SOC,cf_mean,37.029537
Zimbabwe,natural_grassland_cattle_avg_2030y_SOC,cf_mean,34.14934
Abyei,natural_grassland_cattle_avg_2030y_SOC,cf_median,32.68556
Afghanistan,natural_grassland_cattle_avg_2030y_SOC,cf_median,43.448753
Aksai Chin,natural_grassland_cattle_avg_2030y_SOC,cf_median,44.822586
Albania,natural_grassland_cattle_avg_2030y_SOC,cf_median,52.910534
Algeria,natural_grassland_cattle_avg_2030y_SOC,cf_median,31.338076
American Samoa,natural_grassland_cattle_avg_2030y_SOC,cf_median,
Andorra,natural_grassland_cattle_avg_2030y_SOC,cf_median,64.83653
Angola,natural_grassland_cattle_avg_2030y_SOC,cf_median,30.572266
Anguilla,natural_grassland_cattle_avg_2030y_SOC,cf_median,
Antarctica,natural_grassland_cattle_avg_2030y_SOC,cf_median,
Antigua and Barbuda,natural_grassland_cattle_avg_2030y_SOC,cf_median,
Argentina,natural_grassland_cattle_avg_2030y_SOC,cf_median,40.301933
Armenia,natural_grassland_cattle_avg_2030y_SOC,cf_median,63.24268
Aruba,natural_grassland_cattle_avg_2030y_SOC,cf_median,
Arunachal Pradesh,natural_grassland_cattle_avg_2030y_SOC,cf_median,55.06897
Ashmore and Cartier Islands,natural_grassland_cattle_avg_2030y_SOC,cf_median,
Australia,natural_grassland_cattle_avg_2030y_SOC,cf_median,33.23402
Austria,natural_grassland_cattle_avg_2030y_SOC,cf_median,76.90397
Azerbaijan,natural_grassland_cattle_avg_2030y_SOC,cf_median,56.60545
Azores Islands,natural_grassland_cattle_avg_2030y_SOC,cf_median,
Bahamas,natural_grassland_cattle_avg_2030y_SOC,cf_median,121.603004
Bahrain,natural_grassland_cattle_avg_2030y_SOC,cf_median,
Baker Island,natural_grassland_cattle_avg_2030y_SOC,cf_median,
Bangladesh,natural_grassland_cattle_avg_2030y_SOC,cf_median,42.00704
Barbados,natural_grassland_cattle_avg_2030y_SOC,cf_median,
Bassas da India,natural_grassland_cattle_avg_2030y_SOC,cf_median,
Belarus,natural_grassland_cattle_avg_2030y_SOC,cf_median,60.97966
Belgium,natural_grassland_cattle_avg_2030y_SOC,cf_median,66.750435
Belize,natural_grassland_cattle_avg_2030y_SOC,cf_median,42.913834
Benin,natural_grassland_cattle_avg_2030y_SOC,cf_median,29.36449
Bermuda,natural_grassland_cattle_avg_2030y_SOC,cf_median,
Bhutan,natural_grassland_cattle_avg_2030y_SOC,cf_median,63.144386
Bird Island,natural_grassland_cattle_avg_2030y_SOC,cf_median,
Bolivia,natural_grassland_cattle_avg_2030y_SOC,cf_median,38.68702
Bosnia and Herzegovina,natural_grassland_cattle_avg_2030y_SOC,cf_median,72.340256
Botswana,natural_grassland_cattle_avg_2030y_SOC,cf_median,31.440567
Bouvet Island,natural_grassland_cattle_avg_2030y_SOC,cf_median,
Brazil,natural_grassland_cattle_avg_2030y_SOC,cf_median,37.438797
British Indian Ocean Territory,natural_grassland_cattle_avg_2030y_SOC,cf_median,
British Virgin Islands,natural_grassland_cattle_avg_2030y_SOC,cf_median,
Brunei Darussalam,natural_grassland_cattle_avg_2030y_SOC,cf_median,
Bulgaria,natural_grassland_cattle_avg_2030y_SOC,cf_median,45.691643
Burkina Faso,natural_grassland_cattle_avg_2030y_SOC,cf_median,31.756258
Burundi,natural_grassland_cattle_avg_2030y_SOC,cf_median,56.532413
Cambodia,natural_grassland_cattle_avg_2030y_SOC,cf_median,41.089672
Cameroon,natural_grassland_cattle_avg_2030y_SOC,cf_median,31.649548
Canada,natural_grassland_cattle_avg_2030y_SOC,cf_median,70.93663
Cape Verde,natural_grassland_cattle_avg_2030y_SOC,cf_median,
Cayman Islands,natural_grassland_cattle_avg_2030y_SOC,cf_median,
Central African Republic,natural_grassland_cattle_avg_2030y_SOC,cf_median,30.468199
Chad,natural_grassland_cattle_avg_2030y_SOC,cf_median,31.42881
Chile,natural_grassland_cattle_avg_2030y_SOC,cf_median,101.3175
China,natural_grassland_cattle_avg_2030y_SOC,cf_median,44.259506
China/India,natural_grassland_cattle_avg_2030y_SOC,cf_median,60.40507
Christmas Island,natural_grassland_cattle_avg_2030y_SOC,cf_median,
Clipperton Island,natural_grassland_cattle_avg_2030y_SOC,cf_median,
Cocos (Keeling) Islands,natural_grassland_cattle_avg_2030y_SOC,cf_median,
Colombia,natural_grassland_cattle_avg_2030y_SOC,cf_median,41.410072
Comoros,natural_grassland_cattle_avg_2030y_SOC,cf_median,
Congo,natural_grassland_cattle_avg_2030y_SOC,cf_median,42.642742
Cook Islands,natural_grassland_cattle_avg_2030y_SOC,cf_median,
Costa Rica,natural_grassland_cattle_avg_2030y_SOC,cf_median,48.396736
Croatia,natural_grassland_cattle_avg_2030y_SOC,cf_median,71.69751
Cuba,natural_grassland_cattle_avg_2030y_SOC,cf_median,52.47204
Cyprus,natural_grassland_cattle_avg_2030y_SOC,cf_median,60.15736
Czech Republic,natural_grassland_cattle_avg_2030y_SOC,cf_median,55.995125
Côte d'Ivoire,natural_grassland_cattle_avg_2030y_SOC,cf_median,34.79242
Dem People's Rep of Korea,natural_grassland_cattle_avg_2030y_SOC,cf_median,57.295532
Democratic Republic of the Congo,natural_grassland_cattle_avg_2030y_SOC,cf_median,34.63255
Denmark,natural_grassland_cattle_avg_2030y_SOC,cf_median,105.44512
Djibouti,natural_grassland_cattle_avg_2030y_SOC,cf_median,31.535
Dominica,natural_grassland_cattle_avg_2030y_SOC,cf_median,
Dominican Republic,natural_grassland_cattle_avg_2030y_SOC,cf_median,53.261173
Ecuador,natural_grassland_cattle_avg_2030y_SOC,cf_median,65.04199
Egypt,natural_grassland_cattle_avg_2030y_SOC,cf_median,29.301489
El Salvador,natural_grassland_cattle_avg_2030y_SOC,cf_median,
Equatorial Guinea,natural_grassland_cattle_avg_2030y_SOC,cf_median,41.709194
Eritrea,natural_grassland_cattle_avg_2030y_SOC,cf_median,39.316643
Estonia,natural_grassland_cattle_avg_2030y_SOC,cf_median,67.380135
Ethiopia,natural_grassland_cattle_avg_2030y_SOC,cf_median,47.974796
Europa Island,natural_grassland_cattle_avg_2030y_SOC,cf_median,
Falkland Islands (Malvinas),natural_grassland_cattle_avg_2030y_SOC,cf_median,
Faroe Islands,natural_grassland_cattle_avg_2030y_SOC,cf_median,119.44727
Fiji,natural_grassland_cattle_avg_2030y_SOC,cf_median,
Finland,natural_grassland_cattle_avg_2030y_SOC,cf_median,85.60741
France,natural_grassland_cattle_avg_2030y_SOC,cf_median,53.80894
French Guiana,natural_grassland_cattle_avg_2030y_SOC,cf_median,38.083355
French Polynesia,natural_grassland_cattle_avg_2030y_SOC,cf_median,
French Southern and Antarctic Territories,natural_grassland_cattle_avg_2030y_SOC,cf_median,
Gabon,natural_grassland_cattle_avg_2030y_SOC,cf_median,41.329678
Gambia,natural_grassland_cattle_avg_2030y_SOC,cf_median,30.152653
Gaza Strip,natural_grassland_cattle_avg_2030y_SOC,cf_median,28.300957
Georgia,natural_grassland_cattle_avg_2030y_SOC,cf_median,71.97925
Germany,natural_grassland_cattle_avg_2030y_SOC,cf_median,59.10606
Ghana,natural_grassland_cattle_avg_2030y_SOC,cf_median,33.705734
Gibraltar,natural_grassland_cattle_avg_2030y_SOC,cf_median,49.534172
Glorioso Island,natural_grassland_cattle_avg_2030y_SOC,cf_median,
Greece,natural_grassland_cattle_avg_2030y_SOC,cf_median,44.53901
Greenland,natural_grassland_cattle_avg_2030y_SOC,cf_median,107.86798
Grenada,natural_grassland_cattle_avg_2030y_SOC,cf_median,
Guadeloupe,natural_grassland_cattle_avg_2030y_SOC,cf_median,
Guam,natural_grassland_cattle_avg_2030y_SOC,cf_median,
Guatemala,natural_grassland_cattle_avg_2030y_SOC,cf_median,47.832516
Guernsey,natural_grassland_cattle_avg_2030y_SOC,cf_median,
Guinea,natural_grassland_cattle_avg_2030y_SOC,cf_median,47.72046
Guinea-Bissau,natural_grassland_cattle_avg_2030y_SOC,cf_median,44.082024
Guyana,natural_grassland_cattle_avg_2030y_SOC,cf_median,37.818417
Haiti,natural_grassland_cattle_avg_2030y_SOC,cf_median,53.10183
Hala'ib triangle,natural_grassland_cattle_avg_2030y_SOC,cf_median,30.34373
Heard Island and McDonald Islands,natural_grassland_cattle_avg_2030y_SOC,cf_median,
Holy See,natural_grassland_cattle_avg_2030y_SOC,cf_median,
Honduras,natural_grassland_cattle_avg_2030y_SOC,cf_median,48.36687
Hong Kong,natural_grassland_cattle_avg_2030y_SOC,cf_median,
Howland Island,natural_grassland_cattle_avg_2030y_SOC,cf_median,
Hungary,natural_grassland_cattle_avg_2030y_SOC,cf_median,51.940643
Iceland,natural_grassland_cattle_avg_2030y_SOC,cf_median,119.53676
Ilemi triangle,natural_grassland_cattle_avg_2030y_SOC,cf_median,46.649765
India,natural_grassland_cattle_avg_2030y_SOC,cf_median,37.200146
Indonesia,natural_grassland_cattle_avg_2030y_SOC,cf_median,43.141506
Iran  (Islamic Republic of),natural_grassland_cattle_avg_2030y_SOC,cf_median,37.942463
Iraq,natural_grassland_cattle_avg_2030y_SOC,cf_median,26.962212
Ireland,natural_grassland_cattle_avg_2030y_SOC,cf_median,90.11736
Isle of Man,natural_grassland_cattle_avg_2030y_SOC,cf_median,
Israel,natural_grassland_cattle_avg_2030y_SOC,cf_median,42.22825
Italy,natural_grassland_cattle_avg_2030y_SOC,cf_median,55.209454
Jamaica,natural_grassland_cattle_avg_2030y_SOC,cf_median,
Jammu and Kashmir,natural_grassland_cattle_avg_2030y_SOC,cf_median,54.584774
Japan,natural_grassland_cattle_avg_2030y_SOC,cf_median,75.60824
Jarvis Island,natural_grassland_cattle_avg_2030y_SOC,cf_median,
Jersey,natural_grassland_cattle_avg_2030y_SOC,cf_median,
Johnston Atoll,natural_grassland_cattle_avg_2030y_SOC,cf_median,
Jordan,natural_grassland_cattle_avg_2030y_SOC,cf_median,37.371727
Juan de Nova Island,natural_grassland_cattle_avg_2030y_SOC,cf_median,
Kazakhstan,natural_grassland_cattle_avg_2030y_SOC,cf_median,54.046013
Kenya,natural_grassland_cattle_avg_2030y_SOC,cf_median,39.402046
Kingman Reef,natural_grassland_cattle_avg_2030y_SOC,cf_median,
Kiribati,natural_grassland_cattle_avg_2030y_SOC,cf_median,
Kuril islands,natural_grassland_cattle_avg_2030y_SOC,cf_median,124.32516
Kuwait,natural_grassland_cattle_avg_2030y_SOC,cf_median,
Kyrgyzstan,natural_grassland_cattle_avg_2030y_SOC,cf_median,65.95825
Lao People's Democratic Republic,natural_grassland_cattle_avg_2030y_SOC,cf_median,41.08423
Latvia,natural_grassland_cattle_avg_2030y_SOC,cf_median,69.96656
Lebanon,natural_grassland_cattle_avg_2030y_SOC,cf_median,42.679527
Lesotho,natural_grassland_cattle_avg_2030y_SOC,cf_median,47.128864
Liberia,natural_grassland_cattle_avg_2030y_SOC,cf_median,
Libya,natural_grassland_cattle_avg_2030y_SOC,cf_median,25.188429
Liechtenstein,natural_grassland_cattle_avg_2030y_SOC,cf_median,82.353226
Lithuania,natural_grassland_cattle_avg_2030y_SOC,cf_median,59.369686
Luxembourg,natural_grassland_cattle_avg_2030y_SOC,cf_median,65.81659
Ma'tan al-Sarra,natural_grassland_cattle_avg_2030y_SOC,cf_median,27.317184
Macau,natural_grassland_cattle_avg_2030y_SOC,cf_median,
Madagascar,natural_grassland_cattle_avg_2030y_SOC,cf_median,42.133472
Madeira Islands,natural_grassland_cattle_avg_2030y_SOC,cf_median,94.64881
Malawi,natural_grassland_cattle_avg_2030y_SOC,cf_median,36.969543
Malaysia,natural_grassland_cattle_avg_2030y_SOC,cf_median,41.15705
Maldives,natural_grassland_cattle_avg_2030y_SOC,cf_median,
Mali,natural_grassland_cattle_avg_2030y_SOC,cf_median,29.372004
Malta,natural_grassland_cattle_avg_2030y_SOC,cf_median,
Marshall Islands,natural_grassland_cattle_avg_2030y_SOC,cf_median,
Martinique,natural_grassland_cattle_avg_2030y_SOC,cf_median,
Mauritania,natural_grassland_cattle_avg_2030y_SOC,cf_median,28.85359
Mauritius,natural_grassland_cattle_avg_2030y_SOC,cf_median,
Mayotte,natural_grassland_cattle_avg_2030y_SOC,cf_median,
Mexico,natural_grassland_cattle_avg_2030y_SOC,cf_median,41.355896
Micronesia (Federated States of),natural_grassland_cattle_avg_2030y_SOC,cf_median,
Midway Island,natural_grassland_cattle_avg_2030y_SOC,cf_median,
"Moldova, Republic of",natural_grassland_cattle_avg_2030y_SOC,cf_median,56.93085
Monaco,natural_grassland_cattle_avg_2030y_SOC,cf_median,85.54406
Mongolia,natural_grassland_cattle_avg_2030y_SOC,cf_median,44.08096
Montenegro,natural_grassland_cattle_avg_2030y_SOC,cf_median,71.05097
Montserrat,natural_grassland_cattle_avg_2030y_SOC,cf_median,
Morocco,natural_grassland_cattle_avg_2030y_SOC,cf_median,32.30144
Mozambique,natural_grassland_cattle_avg_2030y_SOC,cf_median,36.04453
Myanmar,natural_grassland_cattle_avg_2030y_SOC,cf_median,50.236137
Namibia,natural_grassland_cattle_avg_2030y_SOC,cf_median,29.898193
Nauru,natural_grassland_cattle_avg_2030y_SOC,cf_median,
Navassa Island,natural_grassland_cattle_avg_2030y_SOC,cf_median,
Nepal,natural_grassland_cattle_avg_2030y_SOC,cf_median,49.49714
Netherlands,natural_grassland_cattle_avg_2030y_SOC,cf_median,73.6027
Netherlands Antilles,natural_grassland_cattle_avg_2030y_SOC,cf_median,
New Caledonia,natural_grassland_cattle_avg_2030y_SOC,cf_median,
New Zealand,natural_grassland_cattle_avg_2030y_SOC,cf_median,92.80272
Nicaragua,natural_grassland_cattle_avg_2030y_SOC,cf_median,47.161537
Niger,natural_grassland_cattle_avg_2030y_SOC,cf_median,30.677454
Nigeria,natural_grassland_cattle_avg_2030y_SOC,cf_median,29.940422
Niue,natural_grassland_cattle_avg_2030y_SOC,cf_median,
Norfolk Island,natural_grassland_cattle_avg_2030y_SOC,cf_median,
Northern Mariana Islands,natural_grassland_cattle_avg_2030y_SOC,cf_median,
Norway,natural_grassland_cattle_avg_2030y_SOC,cf_median,89.81091
Oman,natural_grassland_cattle_avg_2030y_SOC,cf_median,29.897257
Pakistan,natural_grassland_cattle_avg_2030y_SOC,cf_median,32.84756
Palau,natural_grassland_cattle_avg_2030y_SOC,cf_median,
Palmyra Atoll,natural_grassland_cattle_avg_2030y_SOC,cf_median,
Panama,natural_grassland_cattle_avg_2030y_SOC,cf_median,42.301773
Papua New Guinea,natural_grassland_cattle_avg_2030y_SOC,cf_median,84.51254
Paracel Islands,natural_grassland_cattle_avg_2030y_SOC,cf_median,
Paraguay,natural_grassland_cattle_avg_2030y_SOC,cf_median,39.53084
Peru,natural_grassland_cattle_avg_2030y_SOC,cf_median,59.807755
Philippines,natural_grassland_cattle_avg_2030y_SOC,cf_median,103.0125
Pitcairn,natural_grassland_cattle_avg_2030y_SOC,cf_median,
Poland,natural_grassland_cattle_avg_2030y_SOC,cf_median,45.092373
Portugal,natural_grassland_cattle_avg_2030y_SOC,cf_median,42.40396
Puerto Rico,natural_grassland_cattle_avg_2030y_SOC,cf_median,
Qatar,natural_grassland_cattle_avg_2030y_SOC,cf_median,
Republic of Korea,natural_grassland_cattle_avg_2030y_SOC,cf_median,46.130737
Romania,natural_grassland_cattle_avg_2030y_SOC,cf_median,47.465725
Russian Federation,natural_grassland_cattle_avg_2030y_SOC,cf_median,77.90228
Rwanda,natural_grassland_cattle_avg_2030y_SOC,cf_median,58.317623
Réunion,natural_grassland_cattle_avg_2030y_SOC,cf_median,
Saint Helena,natural_grassland_cattle_avg_2030y_SOC,cf_median,
Saint Kitts and Nevis,natural_grassland_cattle_avg_2030y_SOC,cf_median,
Saint Lucia,natural_grassland_cattle_avg_2030y_SOC,cf_median,
Saint Pierre et Miquelon,natural_grassland_cattle_avg_2030y_SOC,cf_median,
Saint Vincent and the Grenadines,natural_grassland_cattle_avg_2030y_SOC,cf_median,
Samoa,natural_grassland_cattle_avg_2030y_SOC,cf_median,
San Marino,natural_grassland_cattle_avg_2030y_SOC,cf_median,45.067795
Sao Tome and Principe,natural_grassland_cattle_avg_2030y_SOC,cf_median,
Saudi Arabia,natural_grassland_cattle_avg_2030y_SOC,cf_median,28.149845
Scarborough Reef,natural_grassland_cattle_avg_2030y_SOC,cf_median,
Senegal,natural_grassland_cattle_avg_2030y_SOC,cf_median,29.647045
Senkaku Islands,natural_grassland_cattle_avg_2030y_SOC,cf_median,
Serbia,natural_grassland_cattle_avg_2030y_SOC,cf_median,60.074436
Seychelles,natural_grassland_cattle_avg_2030y_SOC,cf_median,
Sierra Leone,natural_grassland_cattle_avg_2030y_SOC,cf_median,45.95176
Singapore,natural_grassland_cattle_avg_2030y_SOC,cf_median,
Slovakia,natural_grassland_cattle_avg_2030y_SOC,cf_median,69.055954
Slovenia,natural_grassland_cattle_avg_2030y_SOC,cf_median,78.66526
Solomon Islands,natural_grassland_cattle_avg_2030y_SOC,cf_median,
Somalia,natural_grassland_cattle_avg_2030y_SOC,cf_median,41.37298
South Africa,natural_grassland_cattle_avg_2030y_SOC,cf_median,36.540424
South Georgia and the South Sandwich Islands,natural_grassland_cattle_avg_2030y_SOC,cf_median,
South Sudan,natural_grassland_cattle_avg_2030y_SOC,cf_median,34.642067
Spain,natural_grassland_cattle_avg_2030y_SOC,cf_median,38.179493
Spratly Islands,natural_grassland_cattle_avg_2030y_SOC,cf_median,
Sri Lanka,natural_grassland_cattle_avg_2030y_SOC,cf_median,
Sudan,natural_grassland_cattle_avg_2030y_SOC,cf_median,30.214367
Suriname,natural_grassland_cattle_avg_2030y_SOC,cf_median,34.158756
Svalbard and Jan Mayen Islands,natural_grassland_cattle_avg_2030y_SOC,cf_median,
Swaziland,natural_grassland_cattle_avg_2030y_SOC,cf_median,48.17589
Sweden,natural_grassland_cattle_avg_2030y_SOC,cf_median,86.47167
Switzerland,natural_grassland_cattle_avg_2030y_SOC,cf_median,76.01241
Syrian Arab Republic,natural_grassland_cattle_avg_2030y_SOC,cf_median,30.824383
Taiwan,natural_grassland_cattle_avg_2030y_SOC,cf_median,
Tajikistan,natural_grassland_cattle_avg_2030y_SOC,cf_median,57.177746
Thailand,natural_grassland_cattle_avg_2030y_SOC,cf_median,39.502407
The former Yugoslav Republic of Macedonia,natural_grassland_cattle_avg_2030y_SOC,cf_median,43.810715
Timor-Leste,natural_grassland_cattle_avg_2030y_SOC,cf_median,48.43917
Togo,natural_grassland_cattle_avg_2030y_SOC,cf_median,32.926422
Tokelau,natural_grassland_cattle_avg_2030y_SOC,cf_median,
Tonga,natural_grassland_cattle_avg_2030y_SOC,cf_median,
Trinidad and Tobago,natural_grassland_cattle_avg_2030y_SOC,cf_median,
Tromelin Island,natural_grassland_cattle_avg_2030y_SOC,cf_median,
Tunisia,natural_grassland_cattle_avg_2030y_SOC,cf_median,27.930586
Turkey,natural_grassland_cattle_avg_2030y_SOC,cf_median,48.032433
Turkmenistan,natural_grassland_cattle_avg_2030y_SOC,cf_median,33.952
Turks and Caicos islands,natural_grassland_cattle_avg_2030y_SOC,cf_median,
Tuvalu,natural_grassland_cattle_avg_2030y_SOC,cf_median,
U.K. of Great Britain and Northern Ireland,natural_grassland_cattle_avg_2030y_SOC,cf_median,82.18879
Uganda,natural_grassland_cattle_avg_2030y_SOC,cf_median,47.899593
Ukraine,natural_grassland_cattle_avg_2030y_SOC,cf_median,60.69188
United Arab Emirates,natural_grassland_cattle_avg_2030y_SOC,cf_median,29.35268
United Republic of Tanzania,natural_grassland_cattle_avg_2030y_SOC,cf_median,35.727375
United States Virgin Islands,natural_grassland_cattle_avg_2030y_SOC,cf_median,
United States of America,natural_grassland_cattle_avg_2030y_SOC,cf_median,46.02248
Uruguay,natural_grassland_cattle_avg_2030y_SOC,cf_median,47.23413
Uzbekistan,natural_grassland_cattle_avg_2030y_SOC,cf_median,35.95645
Vanuatu,natural_grassland_cattle_avg_2030y_SOC,cf_median,
Venezuela,natural_grassland_cattle_avg_2030y_SOC,cf_median,40.175488
Viet Nam,natural_grassland_cattle_avg_2030y_SOC,cf_median,44.00152
Wake Island,natural_grassland_cattle_avg_2030y_SOC,cf_median,
Wallis and Futuna,natural_grassland_cattle_avg_2030y_SOC,cf_median,
West Bank,natural_grassland_cattle_avg_2030y_SOC,cf_median,40.260803
Western Sahara,natural_grassland_cattle_avg_2030y_SOC,cf_median,27.133478
Yemen,natural_grassland_cattle_avg_2030y_SOC,cf_median,31.159819
Zambia,natural_grassland_cattle_avg_2030y_SOC,cf_median,36.867764
Zimbabwe,natural_grassland_cattle_avg_2030y_SOC,cf_median,34.387787
Abyei,natural_grassland_cattle_avg_2030y_SOC,cf_std,0.70218945
Afghanistan,natural_grassland_cattle_avg_2030y_SOC,cf_std,11.9309225
Aksai Chin,natural_grassland_cattle_avg_2030y_SOC,cf_std,6.981759
Albania,natural_grassland_cattle_avg_2030y_SOC,cf_std,9.839062
Algeria,natural_grassland_cattle_avg_2030y_SOC,cf_std,8.243065
American Samoa,natural_grassland_cattle_avg_2030y_SOC,cf_std,
Andorra,natural_grassland_cattle_avg_2030y_SOC,cf_std,5.002167
Angola,natural_grassland_cattle_avg_2030y_SOC,cf_std,7.6704707
Anguilla,natural_grassland_cattle_avg_2030y_SOC,cf_std,
Antarctica,natural_grassland_cattle_avg_2030y_SOC,cf_std,
Antigua and Barbuda,natural_grassland_cattle_avg_2030y_SOC,cf_std,
Argentina,natural_grassland_cattle_avg_2030y_SOC,cf_std,13.3278265
Armenia,natural_grassland_cattle_avg_2030y_SOC,cf_std,8.024261
Aruba,natural_grassland_cattle_avg_2030y_SOC,cf_std,
Arunachal Pradesh,natural_grassland_cattle_avg_2030y_SOC,cf_std,10.11994
Ashmore and Cartier Islands,natural_grassland_cattle_avg_2030y_SOC,cf_std,
Australia,natural_grassland_cattle_avg_2030y_SOC,cf_std,13.798823
Austria,natural_grassland_cattle_avg_2030y_SOC,cf_std,7.172147
Azerbaijan,natural_grassland_cattle_avg_2030y_SOC,cf_std,11.700192
Azores Islands,natural_grassland_cattle_avg_2030y_SOC,cf_std,
Bahamas,natural_grassland_cattle_avg_2030y_SOC,cf_std,3.4668345
Bahrain,natural_grassland_cattle_avg_2030y_SOC,cf_std,
Baker Island,natural_grassland_cattle_avg_2030y_SOC,cf_std,
Bangladesh,natural_grassland_cattle_avg_2030y_SOC,cf_std,10.592526
Barbados,natural_grassland_cattle_avg_2030y_SOC,cf_std,
Bassas da India,natural_grassland_cattle_avg_2030y_SOC,cf_std,
Belarus,natural_grassland_cattle_avg_2030y_SOC,cf_std,5.264074
Belgium,natural_grassland_cattle_avg_2030y_SOC,cf_std,10.555472
Belize,natural_grassland_cattle_avg_2030y_SOC,cf_std,1.5377363
Benin,natural_grassland_cattle_avg_2030y_SOC,cf_std,2.7686138
Bermuda,natural_grassland_cattle_avg_2030y_SOC,cf_std,
Bhutan,natural_grassland_cattle_avg_2030y_SOC,cf_std,7.8661227
Bird Island,natural_grassland_cattle_avg_2030y_SOC,cf_std,
Bolivia,natural_grassland_cattle_avg_2030y_SOC,cf_std,8.757771
Bosnia and Herzegovina,natural_grassland_cattle_avg_2030y_SOC,cf_std,7.9479537
Botswana,natural_grassland_cattle_avg_2030y_SOC,cf_std,3.1555214
Bouvet Island,natural_grassland_cattle_avg_2030y_SOC,cf_std,
Brazil,natural_grassland_cattle_avg_2030y_SOC,cf_std,6.2028666
British Indian Ocean Territory,natural_grassland_cattle_avg_2030y_SOC,cf_std,
British Virgin Islands,natural_grassland_cattle_avg_2030y_SOC,cf_std,
Brunei Darussalam,natural_grassland_cattle_avg_2030y_SOC,cf_std,
Bulgaria,natural_grassland_cattle_avg_2030y_SOC,cf_std,5.7024655
Burkina Faso,natural_grassland_cattle_avg_2030y_SOC,cf_std,2.5626988
Burundi,natural_grassland_cattle_avg_2030y_SOC,cf_std,3.8494277
Cambodia,natural_grassland_cattle_avg_2030y_SOC,cf_std,2.0800176
Cameroon,natural_grassland_cattle_avg_2030y_SOC,cf_std,7.937392
Canada,natural_grassland_cattle_avg_2030y_SOC,cf_std,13.539769
Cape Verde,natural_grassland_cattle_avg_2030y_SOC,cf_std,
Cayman Islands,natural_grassland_cattle_avg_2030y_SOC,cf_std,
Central African Republic,natural_grassland_cattle_avg_2030y_SOC,cf_std,2.0338829
Chad,natural_grassland_cattle_avg_2030y_SOC,cf_std,3.44115
Chile,natural_grassland_cattle_avg_2030y_SOC,cf_std,32.95281
China,natural_grassland_cattle_avg_2030y_SOC,cf_std,17.941248
China/India,natural_grassland_cattle_avg_2030y_SOC,cf_std,16.196926
Christmas Island,natural_grassland_cattle_avg_2030y_SOC,cf_std,
Clipperton Island,natural_grassland_cattle_avg_2030y_SOC,cf_std,
Cocos (Keeling) Islands,natural_grassland_cattle_avg_2030y_SOC,cf_std,
Colombia,natural_grassland_cattle_avg_2030y_SOC,cf_std,19.88106
Comoros,natural_grassland_cattle_avg_2030y_SOC,cf_std,
Congo,natural_grassland_cattle_avg_2030y_SOC,cf_std,9.694618
Cook Islands,natural_grassland_cattle_avg_2030y_SOC,cf_std,
Costa Rica,natural_grassland_cattle_avg_2030y_SOC,cf_std,1.572906
Croatia,natural_grassland_cattle_avg_2030y_SOC,cf_std,13.887259
Cuba,natural_grassland_cattle_avg_2030y_SOC,cf_std,34.491768
Cyprus,natural_grassland_cattle_avg_2030y_SOC,cf_std,3.5282578
Czech Republic,natural_grassland_cattle_avg_2030y_SOC,cf_std,6.617865
Côte d'Ivoire,natural_grassland_cattle_avg_2030y_SOC,cf_std,2.1919646
Dem People's Rep of Korea,natural_grassland_cattle_avg_2030y_SOC,cf_std,10.361215
Democratic Republic of the Congo,natural_grassland_cattle_avg_2030y_SOC,cf_std,3.9769332
Denmark,natural_grassland_cattle_avg_2030y_SOC,cf_std,24.410032
Djibouti,natural_grassland_cattle_avg_2030y_SOC,cf_std,15.541587
Dominica,natural_grassland_cattle_avg_2030y_SOC,cf_std,
Dominican Republic,natural_grassland_cattle_avg_2030y_SOC,cf_std,26.403534
Ecuador,natural_grassland_cattle_avg_2030y_SOC,cf_std,14.110657
Egypt,natural_grassland_cattle_avg_2030y_SOC,cf_std,10.783959
El Salvador,natural_grassland_cattle_avg_2030y_SOC,cf_std,
Equatorial Guinea,natural_grassland_cattle_avg_2030y_SOC,cf_std,0.5494749
Eritrea,natural_grassland_cattle_avg_2030y_SOC,cf_std,11.973625
Estonia,natural_grassland_cattle_avg_2030y_SOC,cf_std,27.22645
Ethiopia,natural_grassland_cattle_avg_2030y_SOC,cf_std,10.476945
Europa Island,natural_grassland_cattle_avg_2030y_SOC,cf_std,
Falkland Islands (Malvinas),natural_grassland_cattle_avg_2030y_SOC,cf_std,
Faroe Islands,natural_grassland_cattle_avg_2030y_SOC,cf_std,6.197046
Fiji,natural_grassland_cattle_avg_2030y_SOC,cf_std,
Finland,natural_grassland_cattle_avg_2030y_SOC,cf_std,10.435076
France,natural_grassland_cattle_avg_2030y_SOC,cf_std,13.889597
French Guiana,natural_grassland_cattle_avg_2030y_SOC,cf_std,3.2968137
French Polynesia,natural_grassland_cattle_avg_2030y_SOC,cf_std,
French Southern and Antarctic Territories,natural_grassland_cattle_avg_2030y_SOC,cf_std,
Gabon,natural_grassland_cattle_avg_2030y_SOC,cf_std,14.259318
Gambia,natural_grassland_cattle_avg_2030y_SOC,cf_std,3.8213024
Gaza Strip,natural_grassland_cattle_avg_2030y_SOC,cf_std,1.4109287
Georgia,natural_grassland_cattle_avg_2030y_SOC,cf_std,9.479634
Germany,natural_grassland_cattle_avg_2030y_SOC,cf_std,11.693519
Ghana,natural_grassland_cattle_avg_2030y_SOC,cf_std,7.8417172
Gibraltar,natural_grassland_cattle_avg_2030y_SOC,cf_std,0.0
Glorioso Island,natural_grassland_cattle_avg_2030y_SOC,cf_std,
Greece,natural_grassland_cattle_avg_2030y_SOC,cf_std,12.803772
Greenland,natural_grassland_cattle_avg_2030y_SOC,cf_std,6.8486185
Grenada,natural_grassland_cattle_avg_2030y_SOC,cf_std,
Guadeloupe,natural_grassland_cattle_avg_2030y_SOC,cf_std,
Guam,natural_grassland_cattle_avg_2030y_SOC,cf_std,
Guatemala,natural_grassland_cattle_avg_2030y_SOC,cf_std,14.385892
Guernsey,natural_grassland_cattle_avg_2030y_SOC,cf_std,
Guinea,natural_grassland_cattle_avg_2030y_SOC,cf_std,7.20927
Guinea-Bissau,natural_grassland_cattle_avg_2030y_SOC,cf_std,21.66805
Guyana,natural_grassland_cattle_avg_2030y_SOC,cf_std,8.844311
Haiti,natural_grassland_cattle_avg_2030y_SOC,cf_std,35.873924
Hala'ib triangle,natural_grassland_cattle_avg_2030y_SOC,cf_std,14.847947
Heard Island and McDonald Islands,natural_grassland_cattle_avg_2030y_SOC,cf_std,
Holy See,natural_grassland_cattle_avg_2030y_SOC,cf_std,
Honduras,natural_grassland_cattle_avg_2030y_SOC,cf_std,17.852276
Hong Kong,natural_grassland_cattle_avg_2030y_SOC,cf_std,
Howland Island,natural_grassland_cattle_avg_2030y_SOC,cf_std,
Hungary,natural_grassland_cattle_avg_2030y_SOC,cf_std,1.7534783
Iceland,natural_grassland_cattle_avg_2030y_SOC,cf_std,16.879986
Ilemi triangle,natural_grassland_cattle_avg_2030y_SOC,cf_std,2.8507788
India,natural_grassland_cattle_avg_2030y_SOC,cf_std,10.198736
Indonesia,natural_grassland_cattle_avg_2030y_SOC,cf_std,28.64323
Iran  (Islamic Republic of),natural_grassland_cattle_avg_2030y_SOC,cf_std,9.779461
Iraq,natural_grassland_cattle_avg_2030y_SOC,cf_std,8.842896
Ireland,natural_grassland_cattle_avg_2030y_SOC,cf_std,21.754293
Isle of Man,natural_grassland_cattle_avg_2030y_SOC,cf_std,
Israel,natural_grassland_cattle_avg_2030y_SOC,cf_std,6.3787074
Italy,natural_grassland_cattle_avg_2030y_SOC,cf_std,14.07301
Jamaica,natural_grassland_cattle_avg_2030y_SOC,cf_std,
Jammu and Kashmir,natural_grassland_cattle_avg_2030y_SOC,cf_std,8.119891
Japan,natural_grassland_cattle_avg_2030y_SOC,cf_std,23.344505
Jarvis Island,natural_grassland_cattle_avg_2030y_SOC,cf_std,
Jersey,natural_grassland_cattle_avg_2030y_SOC,cf_std,
Johnston Atoll,natural_grassland_cattle_avg_2030y_SOC,cf_std,
Jordan,natural_grassland_cattle_avg_2030y_SOC,cf_std,8.286889
Juan de Nova Island,natural_grassland_cattle_avg_2030y_SOC,cf_std,
Kazakhstan,natural_grassland_cattle_avg_2030y_SOC,cf_std,14.139388
Kenya,natural_grassland_cattle_avg_2030y_SOC,cf_std,9.023747
Kingman Reef,natural_grassland_cattle_avg_2030y_SOC,cf_std,
Kiribati,natural_grassland_cattle_avg_2030y_SOC,cf_std,
Kuril islands,natural_grassland_cattle_avg_2030y_SOC,cf_std,4.026167
Kuwait,natural_grassland_cattle_avg_2030y_SOC,cf_std,
Kyrgyzstan,natural_grassland_cattle_avg_2030y_SOC,cf_std,9.963184
Lao People's Democratic Republic,natural_grassland_cattle_avg_2030y_SOC,cf_std,2.401011
Latvia,natural_grassland_cattle_avg_2030y_SOC,cf_std,2.8283713
Lebanon,natural_grassland_cattle_avg_2030y_SOC,cf_std,11.53624
Lesotho,natural_grassland_cattle_avg_2030y_SOC,cf_std,10.360151
Liberia,natural_grassland_cattle_avg_2030y_SOC,cf_std,
Libya,natural_grassland_cattle_avg_2030y_SOC,cf_std,9.438926
Liechtenstein,natural_grassland_cattle_avg_2030y_SOC,cf_std,5.4829016
Lithuania,natural_grassland_cattle_avg_2030y_SOC,cf_std,4.770216
Luxembourg,natural_grassland_cattle_avg_2030y_SOC,cf_std,3.696067
Ma'tan al-Sarra,natural_grassland_cattle_avg_2030y_SOC,cf_std,0.64277804
Macau,natural_grassland_cattle_avg_2030y_SOC,cf_std,
Madagascar,natural_grassland_cattle_avg_2030y_SOC,cf_std,14.832741
Madeira Islands,natural_grassland_cattle_avg_2030y_SOC,cf_std,0.0
Malawi,natural_grassland_cattle_avg_2030y_SOC,cf_std,5.921787
Malaysia,natural_grassland_cattle_avg_2030y_SOC,cf_std,7.71322
Maldives,natural_grassland_cattle_avg_2030y_SOC,cf_std,
Mali,natural_grassland_cattle_avg_2030y_SOC,cf_std,2.9149902
Malta,natural_grassland_cattle_avg_2030y_SOC,cf_std,
Marshall Islands,natural_grassland_cattle_avg_2030y_SOC,cf_std,
Martinique,natural_grassland_cattle_avg_2030y_SOC,cf_std,
Mauritania,natural_grassland_cattle_avg_2030y_SOC,cf_std,7.2376885
Mauritius,natural_grassland_cattle_avg_2030y_SOC,cf_std,
Mayotte,natural_grassland_cattle_avg_2030y_SOC,cf_std,
Mexico,natural_grassland_cattle_avg_2030y_SOC,cf_std,14.097874
Micronesia (Federated States of),natural_grassland_cattle_avg_2030y_SOC,cf_std,
Midway Island,natural_grassland_cattle_avg_2030y_SOC,cf_std,
"Moldova, Republic of",natural_grassland_cattle_avg_2030y_SOC,cf_std,6.78393
Monaco,natural_grassland_cattle_avg_2030y_SOC,cf_std,0.0
Mongolia,natural_grassland_cattle_avg_2030y_SOC,cf_std,16.844597
Montenegro,natural_grassland_cattle_avg_2030y_SOC,cf_std,5.6688066
Montserrat,natural_grassland_cattle_avg_2030y_SOC,cf_std,
Morocco,natural_grassland_cattle_avg_2030y_SOC,cf_std,10.121768
Mozambique,natural_grassland_cattle_avg_2030y_SOC,cf_std,21.218746
Myanmar,natural_grassland_cattle_avg_2030y_SOC,cf_std,16.141129
Namibia,natural_grassland_cattle_avg_2030y_SOC,cf_std,3.819944
Nauru,natural_grassland_cattle_avg_2030y_SOC,cf_std,
Navassa Island,natural_grassland_cattle_avg_2030y_SOC,cf_std,
Nepal,natural_grassland_cattle_avg_2030y_SOC,cf_std,11.498295
Netherlands,natural_grassland_cattle_avg_2030y_SOC,cf_std,30.353765
Netherlands Antilles,natural_grassland_cattle_avg_2030y_SOC,cf_std,
New Caledonia,natural_grassland_cattle_avg_2030y_SOC,cf_std,
New Zealand,natural_grassland_cattle_avg_2030y_SOC,cf_std,23.992466
Nicaragua,natural_grassland_cattle_avg_2030y_SOC,cf_std,23.780167
Niger,natural_grassland_cattle_avg_2030y_SOC,cf_std,5.158789
Nigeria,natural_grassland_cattle_avg_2030y_SOC,cf_std,3.69428
Niue,natural_grassland_cattle_avg_2030y_SOC,cf_std,
Norfolk Island,natural_grassland_cattle_avg_2030y_SOC,cf_std,
Northern Mariana Islands,natural_grassland_cattle_avg_2030y_SOC,cf_std,
Norway,natural_grassland_cattle_avg_2030y_SOC,cf_std,12.063036
Oman,natural_grassland_cattle_avg_2030y_SOC,cf_std,8.472159
Pakistan,natural_grassland_cattle_avg_2030y_SOC,cf_std,11.898802
Palau,natural_grassland_cattle_avg_2030y_SOC,cf_std,
Palmyra Atoll,natural_grassland_cattle_avg_2030y_SOC,cf_std,
Panama,natural_grassland_cattle_avg_2030y_SOC,cf_std,2.4268618
Papua New Guinea,natural_grassland_cattle_avg_2030y_SOC,cf_std,19.360909
Paracel Islands,natural_grassland_cattle_avg_2030y_SOC,cf_std,
Paraguay,natural_grassland_cattle_avg_2030y_SOC,cf_std,7.6491146
Peru,natural_grassland_cattle_avg_2030y_SOC,cf_std,12.38967
Philippines,natural_grassland_cattle_avg_2030y_SOC,cf_std,35.412106
Pitcairn,natural_grassland_cattle_avg_2030y_SOC,cf_std,
Poland,natural_grassland_cattle_avg_2030y_SOC,cf_std,8.534001
Portugal,natural_grassland_cattle_avg_2030y_SOC,cf_std,9.7058115
Puerto Rico,natural_grassland_cattle_avg_2030y_SOC,cf_std,
Qatar,natural_grassland_cattle_avg_2030y_SOC,cf_std,
Republic of Korea,natural_grassland_cattle_avg_2030y_SOC,cf_std,11.201177
Romania,natural_grassland_cattle_avg_2030y_SOC,cf_std,8.712936
Russian Federation,natural_grassland_cattle_avg_2030y_SOC,cf_std,12.259373
Rwanda,natural_grassland_cattle_avg_2030y_SOC,cf_std,4.932566
Réunion,natural_grassland_cattle_avg_2030y_SOC,cf_std,
Saint Helena,natural_grassland_cattle_avg_2030y_SOC,cf_std,
Saint Kitts and Nevis,natural_grassland_cattle_avg_2030y_SOC,cf_std,
Saint Lucia,natural_grassland_cattle_avg_2030y_SOC,cf_std,
Saint Pierre et Miquelon,natural_grassland_cattle_avg_2030y_SOC,cf_std,
Saint Vincent and the Grenadines,natural_grassland_cattle_avg_2030y_SOC,cf_std,
Samoa,natural_grassland_cattle_avg_2030y_SOC,cf_std,
San Marino,natural_grassland_cattle_avg_2030y_SOC,cf_std,2.917174
Sao Tome and Principe,natural_grassland_cattle_avg_2030y_SOC,cf_std,
Saudi Arabia,natural_grassland_cattle_avg_2030y_SOC,cf_std,9.96195
Scarborough Reef,natural_grassland_cattle_avg_2030y_SOC,cf_std,
Senegal,natural_grassland_cattle_avg_2030y_SOC,cf_std,8.023519
Senkaku Islands,natural_grassland_cattle_avg_2030y_SOC,cf_std,
Serbia,natural_grassland_cattle_avg_2030y_SOC,cf_std,7.5002103
Seychelles,natural_grassland_cattle_avg_2030y_SOC,cf_std,
Sierra Leone,natural_grassland_cattle_avg_2030y_SOC,cf_std,2.7959895
Singapore,natural_grassland_cattle_avg_2030y_SOC,cf_std,
Slovakia,natural_grassland_cattle_avg_2030y_SOC,cf_std,5.3497615
Slovenia,natural_grassland_cattle_avg_2030y_SOC,cf_std,10.863538
Solomon Islands,natural_grassland_cattle_avg_2030y_SOC,cf_std,
Somalia,natural_grassland_cattle_avg_2030y_SOC,cf_std,10.807062
South Africa,natural_grassland_cattle_avg_2030y_SOC,cf_std,7.485715
South Georgia and the South Sandwich Islands,natural_grassland_cattle_avg_2030y_SOC,cf_std,
South Sudan,natural_grassland_cattle_avg_2030y_SOC,cf_std,4.981304
Spain,natural_grassland_cattle_avg_2030y_SOC,cf_std,18.056677
Spratly Islands,natural_grassland_cattle_avg_2030y_SOC,cf_std,
Sri Lanka,natural_grassland_cattle_avg_2030y_SOC,cf_std,
Sudan,natural_grassland_cattle_avg_2030y_SOC,cf_std,2.7270641
Suriname,natural_grassland_cattle_avg_2030y_SOC,cf_std,3.6572003
Svalbard and Jan Mayen Islands,natural_grassland_cattle_avg_2030y_SOC,cf_std,
Swaziland,natural_grassland_cattle_avg_2030y_SOC,cf_std,3.2645173
Sweden,natural_grassland_cattle_avg_2030y_SOC,cf_std,14.338181
Switzerland,natural_grassland_cattle_avg_2030y_SOC,cf_std,9.905844
Syrian Arab Republic,natural_grassland_cattle_avg_2030y_SOC,cf_std,7.8968124
Taiwan,natural_grassland_cattle_avg_2030y_SOC,cf_std,
Tajikistan,natural_grassland_cattle_avg_2030y_SOC,cf_std,10.930248
Thailand,natural_grassland_cattle_avg_2030y_SOC,cf_std,12.569894
The former Yugoslav Republic of Macedonia,natural_grassland_cattle_avg_2030y_SOC,cf_std,9.111859
Timor-Leste,natural_grassland_cattle_avg_2030y_SOC,cf_std,31.973295
Togo,natural_grassland_cattle_avg_2030y_SOC,cf_std,3.6087306
Tokelau,natural_grassland_cattle_avg_2030y_SOC,cf_std,
Tonga,natural_grassland_cattle_avg_2030y_SOC,cf_std,
Trinidad and Tobago,natural_grassland_cattle_avg_2030y_SOC,cf_std,
Tromelin Island,natural_grassland_cattle_avg_2030y_SOC,cf_std,
Tunisia,natural_grassland_cattle_avg_2030y_SOC,cf_std,7.1956673
Turkey,natural_grassland_cattle_avg_2030y_SOC,cf_std,10.868076
Turkmenistan,natural_grassland_cattle_avg_2030y_SOC,cf_std,8.235484
Turks and Caicos islands,natural_grassland_cattle_avg_2030y_SOC,cf_std,
Tuvalu,natural_grassland_cattle_avg_2030y_SOC,cf_std,
U.K. of Great Britain and Northern Ireland,natural_grassland_cattle_avg_2030y_SOC,cf_std,26.092266
Uganda,natural_grassland_cattle_avg_2030y_SOC,cf_std,6.173034
Ukraine,natural_grassland_cattle_avg_2030y_SOC,cf_std,10.803556
United Arab Emirates,natural_grassland_cattle_avg_2030y_SOC,cf_std,13.654904
United Republic of Tanzania,natural_grassland_cattle_avg_2030y_SOC,cf_std,8.721711
United States Virgin Islands,natural_grassland_cattle_avg_2030y_SOC,cf_std,
United States of America,natural_grassland_cattle_avg_2030y_SOC,cf_std,19.994877
Uruguay,natural_grassland_cattle_avg_2030y_SOC,cf_std,9.301245
Uzbekistan,natural_grassland_cattle_avg_2030y_SOC,cf_std,8.795367
Vanuatu,natural_grassland_cattle_avg_2030y_SOC,cf_std,
Venezuela,natural_grassland_cattle_avg_2030y_SOC,cf_std,8.378733
Viet Nam,natural_grassland_cattle_avg_2030y_SOC,cf_std,25.062576
Wake Island,natural_grassland_cattle_avg_2030y_SOC,cf_std,
Wallis and Futuna,natural_grassland_cattle_avg_2030y_SOC,cf_std,
West Bank,natural_grassland_cattle_avg_2030y_SOC,cf_std,4.0786943
Western Sahara,natural_grassland_cattle_avg_2030y_SOC,cf_std,8.583555
Yemen,natural_grassland_cattle_avg_2030y_SOC,cf_std,8.19996
Zambia,natural_grassland_cattle_avg_2030y_SOC,cf_std,3.0675588
Zimbabwe,natural_grassland_cattle_avg_2030y_SOC,cf_std,2.5358202
Abyei,natural_grassland_cattle_avg_sheep_goat_2030y_SOC,cf_mean,32.689266
Afghanistan,natural_grassland_cattle_avg_sheep_goat_2030y_SOC,cf_mean,45.54824
Aksai Chin,natural_grassland_cattle_avg_sheep_goat_2030y_SOC,cf_mean,45.837246
Albania,natural_grassland_cattle_avg_sheep_goat_2030y_SOC,cf_mean,56.397034
Algeria,natural_grassland_cattle_avg_sheep_goat_2030y_SOC,cf_mean,32.637264
American Samoa,natural_grassland_cattle_avg_sheep_goat_2030y_SOC,cf_mean,
Andorra,natural_grassland_cattle_avg_sheep_goat_2030y_SOC,cf_mean,65.57115
Angola,natural_grassland_cattle_avg_sheep_goat_2030y_SOC,cf_mean,31.617285
Anguilla,natural_grassland_cattle_avg_sheep_goat_2030y_SOC,cf_mean,
Antarctica,natural_grassland_cattle_avg_sheep_goat_2030y_SOC,cf_mean,
Antigua and Barbuda,natural_grassland_cattle_avg_sheep_goat_2030y_SOC,cf_mean,
Argentina,natural_grassland_cattle_avg_sheep_goat_2030y_SOC,cf_mean,42.33756
Armenia,natural_grassland_cattle_avg_sheep_goat_2030y_SOC,cf_mean,61.360653
Aruba,natural_grassland_cattle_avg_sheep_goat_2030y_SOC,cf_mean,
Arunachal Pradesh,natural_grassland_cattle_avg_sheep_goat_2030y_SOC,cf_mean,56.286438
Ashmore and Cartier Islands,natural_grassland_cattle_avg_sheep_goat_2030y_SOC,cf_mean,
Australia,natural_grassland_cattle_avg_sheep_goat_2030y_SOC,cf_mean,36.87177
Austria,natural_grassland_cattle_avg_sheep_goat_2030y_SOC,cf_mean,77.2617
Azerbaijan,natural_grassland_cattle_avg_sheep_goat_2030y_SOC,cf_mean,58.354507
Azores Islands,natural_grassland_cattle_avg_sheep_goat_2030y_SOC,cf_mean,
Bahamas,natural_grassland_cattle_avg_sheep_goat_2030y_SOC,cf_mean,121.44248
Bahrain,natural_grassland_cattle_avg_sheep_goat_2030y_SOC,cf_mean,
Baker Island,natural_grassland_cattle_avg_sheep_goat_2030y_SOC,cf_mean,
Bangladesh,natural_grassland_cattle_avg_sheep_goat_2030y_SOC,cf_mean,43.65856
Barbados,natural_grassland_cattle_avg_sheep_goat_2030y_SOC,cf_mean,
Bassas da India,natural_grassland_cattle_avg_sheep_goat_2030y_SOC,cf_mean,
Belarus,natural_grassland_cattle_avg_sheep_goat_2030y_SOC,cf_mean,60.35912
Belgium,natural_grassland_cattle_avg_sheep_goat_2030y_SOC,cf_mean,66.12258
Belize,natural_grassland_cattle_avg_sheep_goat_2030y_SOC,cf_mean,43.905365
Benin,natural_grassland_cattle_avg_sheep_goat_2030y_SOC,cf_mean,30.198805
Bermuda,natural_grassland_cattle_avg_sheep_goat_2030y_SOC,cf_mean,
Bhutan,natural_grassland_cattle_avg_sheep_goat_2030y_SOC,cf_mean,62.441658
Bird Island,natural_grassland_cattle_avg_sheep_goat_2030y_SOC,cf_mean,
Bolivia,natural_grassland_cattle_avg_sheep_goat_2030y_SOC,cf_mean,41.8648
Bosnia and Herzegovina,natural_grassland_cattle_avg_sheep_goat_2030y_SOC,cf_mean,71.80475
Botswana,natural_grassland_cattle_avg_sheep_goat_2030y_SOC,cf_mean,31.495167
Bouvet Island,natural_grassland_cattle_avg_sheep_goat_2030y_SOC,cf_mean,
Brazil,natural_grassland_cattle_avg_sheep_goat_2030y_SOC,cf_mean,38.233517
British Indian Ocean Territory,natural_grassland_cattle_avg_sheep_goat_2030y_SOC,cf_mean,
British Virgin Islands,natural_grassland_cattle_avg_sheep_goat_2030y_SOC,cf_mean,
Brunei Darussalam,natural_grassland_cattle_avg_sheep_goat_2030y_SOC,cf_mean,
Bulgaria,natural_grassland_cattle_avg_sheep_goat_2030y_SOC,cf_mean,46.30454
Burkina Faso,natural_grassland_cattle_avg_sheep_goat_2030y_SOC,cf_mean,32.470047
Burundi,natural_grassland_cattle_avg_sheep_goat_2030y_SOC,cf_mean,56.829247
Cambodia,natural_grassland_cattle_avg_sheep_goat_2030y_SOC,cf_mean,41.137146
Cameroon,natural_grassland_cattle_avg_sheep_goat_2030y_SOC,cf_mean,34.194283
Canada,natural_grassland_cattle_avg_sheep_goat_2030y_SOC,cf_mean,72.66874
Cape Verde,natural_grassland_cattle_avg_sheep_goat_2030y_SOC,cf_mean,
Cayman Islands,natural_grassland_cattle_avg_sheep_goat_2030y_SOC,cf_mean,
Central African Republic,natural_grassland_cattle_avg_sheep_goat_2030y_SOC,cf_mean,30.844183
Chad,natural_grassland_cattle_avg_sheep_goat_2030y_SOC,cf_mean,31.6759
Chile,natural_grassland_cattle_avg_sheep_goat_2030y_SOC,cf_mean,94.18632
China,natural_grassland_cattle_avg_sheep_goat_2030y_SOC,cf_mean,49.717964
China/India,natural_grassland_cattle_avg_sheep_goat_2030y_SOC,cf_mean,59.483105
Christmas Island,natural_grassland_cattle_avg_sheep_goat_2030y_SOC,cf_mean,
Clipperton Island,natural_grassland_cattle_avg_sheep_goat_2030y_SOC,cf_mean,
Cocos (Keeling) Islands,natural_grassland_cattle_avg_sheep_goat_2030y_SOC,cf_mean,
Colombia,natural_grassland_cattle_avg_sheep_goat_2030y_SOC,cf_mean,49.831818
Comoros,natural_grassland_cattle_avg_sheep_goat_2030y_SOC,cf_mean,
Congo,natural_grassland_cattle_avg_sheep_goat_2030y_SOC,cf_mean,43.315586
Cook Islands,natural_grassland_cattle_avg_sheep_goat_2030y_SOC,cf_mean,
Costa Rica,natural_grassland_cattle_avg_sheep_goat_2030y_SOC,cf_mean,47.52339
Croatia,natural_grassland_cattle_avg_sheep_goat_2030y_SOC,cf_mean,70.93554
Cuba,natural_grassland_cattle_avg_sheep_goat_2030y_SOC,cf_mean,76.383194
Cyprus,natural_grassland_cattle_avg_sheep_goat_2030y_SOC,cf_mean,59.85727
Czech Republic,natural_grassland_cattle_avg_sheep_goat_2030y_SOC,cf_mean,57.540096
Côte d'Ivoire,natural_grassland_cattle_avg_sheep_goat_2030y_SOC,cf_mean,34.741608
Dem People's Rep of Korea,natural_grassland_cattle_avg_sheep_goat_2030y_SOC,cf_mean,59.56837
Democratic Republic of the Congo,natural_grassland_cattle_avg_sheep_goat_2030y_SOC,cf_mean,35.28617
Denmark,natural_grassland_cattle_avg_sheep_goat_2030y_SOC,cf_mean,97.117905
Djibouti,natural_grassland_cattle_avg_sheep_goat_2030y_SOC,cf_mean,39.934242
Dominica,natural_grassland_cattle_avg_sheep_goat_2030y_SOC,cf_mean,
Dominican Republic,natural_grassland_cattle_avg_sheep_goat_2030y_SOC,cf_mean,64.16552
Ecuador,natural_grassland_cattle_avg_sheep_goat_2030y_SOC,cf_mean,64.39382
Egypt,natural_grassland_cattle_avg_sheep_goat_2030y_SOC,cf_mean,32.373295
El Salvador,natural_grassland_cattle_avg_sheep_goat_2030y_SOC,cf_mean,
Equatorial Guinea,natural_grassland_cattle_avg_sheep_goat_2030y_SOC,cf_mean,41.685795
Eritrea,natural_grassland_cattle_avg_sheep_goat_2030y_SOC,cf_mean,42.34254
Estonia,natural_grassland_cattle_avg_sheep_goat_2030y_SOC,cf_mean,80.32411
Ethiopia,natural_grassland_cattle_avg_sheep_goat_2030y_SOC,cf_mean,49.602364
Europa Island,natural_grassland_cattle_avg_sheep_goat_2030y_SOC,cf_mean,
Falkland Islands (Malvinas),natural_grassland_cattle_avg_sheep_goat_2030y_SOC,cf_mean,
Faroe Islands,natural_grassland_cattle_avg_sheep_goat_2030y_SOC,cf_mean,120.72305
Fiji,natural_grassland_cattle_avg_sheep_goat_2030y_SOC,cf_mean,
Finland,natural_grassland_cattle_avg_sheep_goat_2030y_SOC,cf_mean,86.83183
France,natural_grassland_cattle_avg_sheep_goat_2030y_SOC,cf_mean,57.52391
French Guiana,natural_grassland_cattle_avg_sheep_goat_2030y_SOC,cf_mean,38.78585
French Polynesia,natural_grassland_cattle_avg_sheep_goat_2030y_SOC,cf_mean,
French Southern and Antarctic Territories,natural_grassland_cattle_avg_sheep_goat_2030y_SOC,cf_mean,
Gabon,natural_grassland_cattle_avg_sheep_goat_2030y_SOC,cf_mean,44.745644
Gambia,natural_grassland_cattle_avg_sheep_goat_2030y_SOC,cf_mean,30.380838
Gaza Strip,natural_grassland_cattle_avg_sheep_goat_2030y_SOC,cf_mean,29.198784
Georgia,natural_grassland_cattle_avg_sheep_goat_2030y_SOC,cf_mean,69.15173
Germany,natural_grassland_cattle_avg_sheep_goat_2030y_SOC,cf_mean,62.011166
Ghana,natural_grassland_cattle_avg_sheep_goat_2030y_SOC,cf_mean,35.110786
Gibraltar,natural_grassland_cattle_avg_sheep_goat_2030y_SOC,cf_mean,49.565784
Glorioso Island,natural_grassland_cattle_avg_sheep_goat_2030y_SOC,cf_mean,
Greece,natural_grassland_cattle_avg_sheep_goat_2030y_SOC,cf_mean,49.51681
Greenland,natural_grassland_cattle_avg_sheep_goat_2030y_SOC,cf_mean,106.48136
Grenada,natural_grassland_cattle_avg_sheep_goat_2030y_SOC,cf_mean,
Guadeloupe,natural_grassland_cattle_avg_sheep_goat_2030y_SOC,cf_mean,
Guam,natural_grassland_cattle_avg_sheep_goat_2030y_SOC,cf_mean,
Guatemala,natural_grassland_cattle_avg_sheep_goat_2030y_SOC,cf_mean,50.42777
Guernsey,natural_grassland_cattle_avg_sheep_goat_2030y_SOC,cf_mean,
Guinea,natural_grassland_cattle_avg_sheep_goat_2030y_SOC,cf_mean,48.354473
Guinea-Bissau,natural_grassland_cattle_avg_sheep_goat_2030y_SOC,cf_mean,51.3595
Guyana,natural_grassland_cattle_avg_sheep_goat_2030y_SOC,cf_mean,39.155197
Haiti,natural_grassland_cattle_avg_sheep_goat_2030y_SOC,cf_mean,76.70839
Hala'ib triangle,natural_grassland_cattle_avg_sheep_goat_2030y_SOC,cf_mean,36.520203
Heard Island and McDonald Islands,natural_grassland_cattle_avg_sheep_goat_2030y_SOC,cf_mean,
Holy See,natural_grassland_cattle_avg_sheep_goat_2030y_SOC,cf_mean,
Honduras,natural_grassland_cattle_avg_sheep_goat_2030y_SOC,cf_mean,52.40604
Hong Kong,natural_grassland_cattle_avg_sheep_goat_2030y_SOC,cf_mean,
Howland Island,natural_grassland_cattle_avg_sheep_goat_2030y_SOC,cf_mean,
Hungary,natural_grassland_cattle_avg_sheep_goat_2030y_SOC,cf_mean,52.025528
Iceland,natural_grassland_cattle_avg_sheep_goat_2030y_SOC,cf_mean,119.92746
Ilemi triangle,natural_grassland_cattle_avg_sheep_goat_2030y_SOC,cf_mean,47.481052
India,natural_grassland_cattle_avg_sheep_goat_2030y_SOC,cf_mean,39.726505
Indonesia,natural_grassland_cattle_avg_sheep_goat_2030y_SOC,cf_mean,57.776585
Iran  (Islamic Republic of),natural_grassland_cattle_avg_sheep_goat_2030y_SOC,cf_mean,38.036396
Iraq,natural_grassland_cattle_avg_sheep_goat_2030y_SOC,cf_mean,30.73878
Ireland,natural_grassland_cattle_avg_sheep_goat_2030y_SOC,cf_mean,97.12616
Isle of Man,natural_grassland_cattle_avg_sheep_goat_2030y_SOC,cf_mean,
Israel,natural_grassland_cattle_avg_sheep_goat_2030y_SOC,cf_mean,41.07976
Italy,natural_grassland_cattle_avg_sheep_goat_2030y_SOC,cf_mean,56.000732
Jamaica,natural_grassland_cattle_avg_sheep_goat_2030y_SOC,cf_mean,
Jammu and Kashmir,natural_grassland_cattle_avg_sheep_goat_2030y_SOC,cf_mean,54.27631
Japan,natural_grassland_cattle_avg_sheep_goat_2030y_SOC,cf_mean,81.148056
Jarvis Island,natural_grassland_cattle_avg_sheep_goat_2030y_SOC,cf_mean,
Jersey,natural_grassland_cattle_avg_sheep_goat_2030y_SOC,cf_mean,
Johnston Atoll,natural_grassland_cattle_avg_sheep_goat_2030y_SOC,cf_mean,
Jordan,natural_grassland_cattle_avg_sheep_goat_2030y_SOC,cf_mean,40.502174
Juan de Nova Island,natural_grassland_cattle_avg_sheep_goat_2030y_SOC,cf_mean,
Kazakhstan,natural_grassland_cattle_avg_sheep_goat_2030y_SOC,cf_mean,52.322624
Kenya,natural_grassland_cattle_avg_sheep_goat_2030y_SOC,cf_mean,41.68757
Kingman Reef,natural_grassland_cattle_avg_sheep_goat_2030y_SOC,cf_mean,
Kiribati,natural_grassland_cattle_avg_sheep_goat_2030y_SOC,cf_mean,
Kuril islands,natural_grassland_cattle_avg_sheep_goat_2030y_SOC,cf_mean,124.06468
Kuwait,natural_grassland_cattle_avg_sheep_goat_2030y_SOC,cf_mean,
Kyrgyzstan,natural_grassland_cattle_avg_sheep_goat_2030y_SOC,cf_mean,65.36311
Lao People's Democratic Republic,natural_grassland_cattle_avg_sheep_goat_2030y_SOC,cf_mean,41.48582
Latvia,natural_grassland_cattle_avg_sheep_goat_2030y_SOC,cf_mean,70.27448
Lebanon,natural_grassland_cattle_avg_sheep_goat_2030y_SOC,cf_mean,45.393463
Lesotho,natural_grassland_cattle_avg_sheep_goat_2030y_SOC,cf_mean,48.27551
Liberia,natural_grassland_cattle_avg_sheep_goat_2030y_SOC,cf_mean,
Libya,natural_grassland_cattle_avg_sheep_goat_2030y_SOC,cf_mean,27.746367
Liechtenstein,natural_grassland_cattle_avg_sheep_goat_2030y_SOC,cf_mean,80.45275
Lithuania,natural_grassland_cattle_avg_sheep_goat_2030y_SOC,cf_mean,59.189404
Luxembourg,natural_grassland_cattle_avg_sheep_goat_2030y_SOC,cf_mean,62.554092
Ma'tan al-Sarra,natural_grassland_cattle_avg_sheep_goat_2030y_SOC,cf_mean,27.495407
Macau,natural_grassland_cattle_avg_sheep_goat_2030y_SOC,cf_mean,
Madagascar,natural_grassland_cattle_avg_sheep_goat_2030y_SOC,cf_mean,45.93384
Madeira Islands,natural_grassland_cattle_avg_sheep_goat_2030y_SOC,cf_mean,94.67
Malawi,natural_grassland_cattle_avg_sheep_goat_2030y_SOC,cf_mean,38.84842
Malaysia,natural_grassland_cattle_avg_sheep_goat_2030y_SOC,cf_mean,44.080326
Maldives,natural_grassland_cattle_avg_sheep_goat_2030y_SOC,cf_mean,
Mali,natural_grassland_cattle_avg_sheep_goat_2030y_SOC,cf_mean,29.704725
Malta,natural_grassland_cattle_avg_sheep_goat_2030y_SOC,cf_mean,
Marshall Islands,natural_grassland_cattle_avg_sheep_goat_2030y_SOC,cf_mean,
Martinique,natural_grassland_cattle_avg_sheep_goat_2030y_SOC,cf_mean,
Mauritania,natural_grassland_cattle_avg_sheep_goat_2030y_SOC,cf_mean,29.803734
Mauritius,natural_grassland_cattle_avg_sheep_goat_2030y_SOC,cf_mean,
Mayotte,natural_grassland_cattle_avg_sheep_goat_2030y_SOC,cf_mean,
Mexico,natural_grassland_cattle_avg_sheep_goat_2030y_SOC,cf_mean,43.512146
Micronesia (Federated States of),natural_grassland_cattle_avg_sheep_goat_2030y_SOC,cf_mean,
Midway Island,natural_grassland_cattle_avg_sheep_goat_2030y_SOC,cf_mean,
"Moldova, Republic of",natural_grassland_cattle_avg_sheep_goat_2030y_SOC,cf_mean,56.27188
Monaco,natural_grassland_cattle_avg_sheep_goat_2030y_SOC,cf_mean,85.75422
Mongolia,natural_grassland_cattle_avg_sheep_goat_2030y_SOC,cf_mean,49.59357
Montenegro,natural_grassland_cattle_avg_sheep_goat_2030y_SOC,cf_mean,71.36308
Montserrat,natural_grassland_cattle_avg_sheep_goat_2030y_SOC,cf_mean,
Morocco,natural_grassland_cattle_avg_sheep_goat_2030y_SOC,cf_mean,32.473053
Mozambique,natural_grassland_cattle_avg_sheep_goat_2030y_SOC,cf_mean,46.109184
Myanmar,natural_grassland_cattle_avg_sheep_goat_2030y_SOC,cf_mean,53.90782
Namibia,natural_grassland_cattle_avg_sheep_goat_2030y_SOC,cf_mean,30.244957
Nauru,natural_grassland_cattle_avg_sheep_goat_2030y_SOC,cf_mean,
Navassa Island,natural_grassland_cattle_avg_sheep_goat_2030y_SOC,cf_mean,
Nepal,natural_grassland_cattle_avg_sheep_goat_2030y_SOC,cf_mean,52.10277
Netherlands,natural_grassland_cattle_avg_sheep_goat_2030y_SOC,cf_mean,86.08843
Netherlands Antilles,natural_grassland_cattle_avg_sheep_goat_2030y_SOC,cf_mean,
New Caledonia,natural_grassland_cattle_avg_sheep_goat_2030y_SOC,cf_mean,
New Zealand,natural_grassland_cattle_avg_sheep_goat_2030y_SOC,cf_mean,99.82367
Nicaragua,natural_grassland_cattle_avg_sheep_goat_2030y_SOC,cf_mean,56.60354
Niger,natural_grassland_cattle_avg_sheep_goat_2030y_SOC,cf_mean,29.737007
Nigeria,natural_grassland_cattle_avg_sheep_goat_2030y_SOC,cf_mean,30.694345
Niue,natural_grassland_cattle_avg_sheep_goat_2030y_SOC,cf_mean,
Norfolk Island,natural_grassland_cattle_avg_sheep_goat_2030y_SOC,cf_mean,
Northern Mariana Islands,natural_grassland_cattle_avg_sheep_goat_2030y_SOC,cf_mean,
Norway,natural_grassland_cattle_avg_sheep_goat_2030y_SOC,cf_mean,91.47311
Oman,natural_grassland_cattle_avg_sheep_goat_2030y_SOC,cf_mean,32.281296
Pakistan,natural_grassland_cattle_avg_sheep_goat_2030y_SOC,cf_mean,36.36558
Palau,natural_grassland_cattle_avg_sheep_goat_2030y_SOC,cf_mean,
Palmyra Atoll,natural_grassland_cattle_avg_sheep_goat_2030y_SOC,cf_mean,
Panama,natural_grassland_cattle_avg_sheep_goat_2030y_SOC,cf_mean,43.75508
Papua New Guinea,natural_grassland_cattle_avg_sheep_goat_2030y_SOC,cf_mean,90.176834
Paracel Islands,natural_grassland_cattle_avg_sheep_goat_2030y_SOC,cf_mean,
Paraguay,natural_grassland_cattle_avg_sheep_goat_2030y_SOC,cf_mean,39.957436
Peru,natural_grassland_cattle_avg_sheep_goat_2030y_SOC,cf_mean,58.298386
Philippines,natural_grassland_cattle_avg_sheep_goat_2030y_SOC,cf_mean,81.71836
Pitcairn,natural_grassland_cattle_avg_sheep_goat_2030y_SOC,cf_mean,
Poland,natural_grassland_cattle_avg_sheep_goat_2030y_SOC,cf_mean,46.670063
Portugal,natural_grassland_cattle_avg_sheep_goat_2030y_SOC,cf_mean,45.065067
Puerto Rico,natural_grassland_cattle_avg_sheep_goat_2030y_SOC,cf_mean,
Qatar,natural_grassland_cattle_avg_sheep_goat_2030y_SOC,cf_mean,
Republic of Korea,natural_grassland_cattle_avg_sheep_goat_2030y_SOC,cf_mean,47.827675
Romania,natural_grassland_cattle_avg_sheep_goat_2030y_SOC,cf_mean,50.670162
Russian Federation,natural_grassland_cattle_avg_sheep_goat_2030y_SOC,cf_mean,79.61722
Rwanda,natural_grassland_cattle_avg_sheep_goat_2030y_SOC,cf_mean,58.927216
Réunion,natural_grassland_cattle_avg_sheep_goat_2030y_SOC,cf_mean,
Saint Helena,natural_grassland_cattle_avg_sheep_goat_2030y_SOC,cf_mean,
Saint Kitts and Nevis,natural_grassland_cattle_avg_sheep_goat_2030y_SOC,cf_mean,
Saint Lucia,natural_grassland_cattle_avg_sheep_goat_2030y_SOC,cf_mean,
Saint Pierre et Miquelon,natural_grassland_cattle_avg_sheep_goat_2030y_SOC,cf_mean,
Saint Vincent and the Grenadines,natural_grassland_cattle_avg_sheep_goat_2030y_SOC,cf_mean,
Samoa,natural_grassland_cattle_avg_sheep_goat_2030y_SOC,cf_mean,
San Marino,natural_grassland_cattle_avg_sheep_goat_2030y_SOC,cf_mean,47.039127
Sao Tome and Principe,natural_grassland_cattle_avg_sheep_goat_2030y_SOC,cf_mean,
Saudi Arabia,natural_grassland_cattle_avg_sheep_goat_2030y_SOC,cf_mean,28.468065
Scarborough Reef,natural_grassland_cattle_avg_sheep_goat_2030y_SOC,cf_mean,
Senegal,natural_grassland_cattle_avg_sheep_goat_2030y_SOC,cf_mean,31.206408
Senkaku Islands,natural_grassland_cattle_avg_sheep_goat_2030y_SOC,cf_mean,
Serbia,natural_grassland_cattle_avg_sheep_goat_2030y_SOC,cf_mean,60.209663
Seychelles,natural_grassland_cattle_avg_sheep_goat_2030y_SOC,cf_mean,
Sierra Leone,natural_grassland_cattle_avg_sheep_goat_2030y_SOC,cf_mean,47.67601
Singapore,natural_grassland_cattle_avg_sheep_goat_2030y_SOC,cf_mean,
Slovakia,natural_grassland_cattle_avg_sheep_goat_2030y_SOC,cf_mean,68.73234
Slovenia,natural_grassland_cattle_avg_sheep_goat_2030y_SOC,cf_mean,78.40252
Solomon Islands,natural_grassland_cattle_avg_sheep_goat_2030y_SOC,cf_mean,
Somalia,natural_grassland_cattle_avg_sheep_goat_2030y_SOC,cf_mean,43.50698
South Africa,natural_grassland_cattle_avg_sheep_goat_2030y_SOC,cf_mean,37.877464
South Georgia and the South Sandwich Islands,natural_grassland_cattle_avg_sheep_goat_2030y_SOC,cf_mean,
South Sudan,natural_grassland_cattle_avg_sheep_goat_2030y_SOC,cf_mean,35.38656
Spain,natural_grassland_cattle_avg_sheep_goat_2030y_SOC,cf_mean,45.44874
Spratly Islands,natural_grassland_cattle_avg_sheep_goat_2030y_SOC,cf_mean,
Sri Lanka,natural_grassland_cattle_avg_sheep_goat_2030y_SOC,cf_mean,
Sudan,natural_grassland_cattle_avg_sheep_goat_2030y_SOC,cf_mean,31.05329
Suriname,natural_grassland_cattle_avg_sheep_goat_2030y_SOC,cf_mean,35.63931
Svalbard and Jan Mayen Islands,natural_grassland_cattle_avg_sheep_goat_2030y_SOC,cf_mean,
Swaziland,natural_grassland_cattle_avg_sheep_goat_2030y_SOC,cf_mean,47.49989
Sweden,natural_grassland_cattle_avg_sheep_goat_2030y_SOC,cf_mean,88.037766
Switzerland,natural_grassland_cattle_avg_sheep_goat_2030y_SOC,cf_mean,76.4184
Syrian Arab Republic,natural_grassland_cattle_avg_sheep_goat_2030y_SOC,cf_mean,32.492428
Taiwan,natural_grassland_cattle_avg_sheep_goat_2030y_SOC,cf_mean,
Tajikistan,natural_grassland_cattle_avg_sheep_goat_2030y_SOC,cf_mean,54.754147
Thailand,natural_grassland_cattle_avg_sheep_goat_2030y_SOC,cf_mean,42.293747
The former Yugoslav Republic of Macedonia,natural_grassland_cattle_avg_sheep_goat_2030y_SOC,cf_mean,46.871464
Timor-Leste,natural_grassland_cattle_avg_sheep_goat_2030y_SOC,cf_mean,72.8986
Togo,natural_grassland_cattle_avg_sheep_goat_2030y_SOC,cf_mean,33.7386
Tokelau,natural_grassland_cattle_avg_sheep_goat_2030y_SOC,cf_mean,
Tonga,natural_grassland_cattle_avg_sheep_goat_2030y_SOC,cf_mean,
Trinidad and Tobago,natural_grassland_cattle_avg_sheep_goat_2030y_SOC,cf_mean,
Tromelin Island,natural_grassland_cattle_avg_sheep_goat_2030y_SOC,cf_mean,
Tunisia,natural_grassland_cattle_avg_sheep_goat_2030y_SOC,cf_mean,29.13308
Turkey,natural_grassland_cattle_avg_sheep_goat_2030y_SOC,cf_mean,51.157166
Turkmenistan,natural_grassland_cattle_avg_sheep_goat_2030y_SOC,cf_mean,35.099983
Turks and Caicos islands,natural_grassland_cattle_avg_sheep_goat_2030y_SOC,cf_mean,
Tuvalu,natural_grassland_cattle_avg_sheep_goat_2030y_SOC,cf_mean,
U.K. of Great Britain and Northern Ireland,natural_grassland_cattle_avg_sheep_goat_2030y_SOC,cf_mean,91.971054
Uganda,natural_grassland_cattle_avg_sheep_goat_2030y_SOC,cf_mean,49.49146
Ukraine,natural_grassland_cattle_avg_sheep_goat_2030y_SOC,cf_mean,63.12133
United Arab Emirates,natural_grassland_cattle_avg_sheep_goat_2030y_SOC,cf_mean,36.601364
United Republic of Tanzania,natural_grassland_cattle_avg_sheep_goat_2030y_SOC,cf_mean,37.846798
United States Virgin Islands,natural_grassland_cattle_avg_sheep_goat_2030y_SOC,cf_mean,
United States of America,natural_grassland_cattle_avg_sheep_goat_2030y_SOC,cf_mean,49.138504
Uruguay,natural_grassland_cattle_avg_sheep_goat_2030y_SOC,cf_mean,48.570217
Uzbekistan,natural_grassland_cattle_avg_sheep_goat_2030y_SOC,cf_mean,39.19284
Vanuatu,natural_grassland_cattle_avg_sheep_goat_2030y_SOC,cf_mean,
Venezuela,natural_grassland_cattle_avg_sheep_goat_2030y_SOC,cf_mean,41.786526
Viet Nam,natural_grassland_cattle_avg_sheep_goat_2030y_SOC,cf_mean,51.968834
Wake Island,natural_grassland_cattle_avg_sheep_goat_2030y_SOC,cf_mean,
Wallis and Futuna,natural_grassland_cattle_avg_sheep_goat_2030y_SOC,cf_mean,
West Bank,natural_grassland_cattle_avg_sheep_goat_2030y_SOC,cf_mean,40.196667
Western Sahara,natural_grassland_cattle_avg_sheep_goat_2030y_SOC,cf_mean,29.946865
Yemen,natural_grassland_cattle_avg_sheep_goat_2030y_SOC,cf_mean,32.680492
Zambia,natural_grassland_cattle_avg_sheep_goat_2030y_SOC,cf_mean,37.03505
Zimbabwe,natural_grassland_cattle_avg_sheep_goat_2030y_SOC,cf_mean,34.186787
Abyei,natural_grassland_cattle_avg_sheep_goat_2030y_SOC,cf_median,32.68455
Afghanistan,natural_grassland_cattle_avg_sheep_goat_2030y_SOC,cf_median,43.72628
Aksai Chin,natural_grassland_cattle_avg_sheep_goat_2030y_SOC,cf_median,44.90052
Albania,natural_grassland_cattle_avg_sheep_goat_2030y_SOC,cf_median,53.539936
Algeria,natural_grassland_cattle_avg_sheep_goat_2030y_SOC,cf_median,31.881968
American Samoa,natural_grassland_cattle_avg_sheep_goat_2030y_SOC,cf_median,
Andorra,natural_grassland_cattle_avg_sheep_goat_2030y_SOC,cf_median,64.90348
Angola,natural_grassland_cattle_avg_sheep_goat_2030y_SOC,cf_median,30.580473
Anguilla,natural_grassland_cattle_avg_sheep_goat_2030y_SOC,cf_median,
Antarctica,natural_grassland_cattle_avg_sheep_goat_2030y_SOC,cf_median,
Antigua and Barbuda,natural_grassland_cattle_avg_sheep_goat_2030y_SOC,cf_median,
Argentina,natural_grassland_cattle_avg_sheep_goat_2030y_SOC,cf_median,40.3244
Armenia,natural_grassland_cattle_avg_sheep_goat_2030y_SOC,cf_median,63.264774
Aruba,natural_grassland_cattle_avg_sheep_goat_2030y_SOC,cf_median,
Arunachal Pradesh,natural_grassland_cattle_avg_sheep_goat_2030y_SOC,cf_median,55.12292
Ashmore and Cartier Islands,natural_grassland_cattle_avg_sheep_goat_2030y_SOC,cf_median,
Australia,natural_grassland_cattle_avg_sheep_goat_2030y_SOC,cf_median,33.27703
Austria,natural_grassland_cattle_avg_sheep_goat_2030y_SOC,cf_median,76.95327
Azerbaijan,natural_grassland_cattle_avg_sheep_goat_2030y_SOC,cf_median,56.904438
Azores Islands,natural_grassland_cattle_avg_sheep_goat_2030y_SOC,cf_median,
Bahamas,natural_grassland_cattle_avg_sheep_goat_2030y_SOC,cf_median,121.54023
Bahrain,natural_grassland_cattle_avg_sheep_goat_2030y_SOC,cf_median,
Baker Island,natural_grassland_cattle_avg_sheep_goat_2030y_SOC,cf_median,
Bangladesh,natural_grassland_cattle_avg_sheep_goat_2030y_SOC,cf_median,42.964985
Barbados,natural_grassland_cattle_avg_sheep_goat_2030y_SOC,cf_median,
Bassas da India,natural_grassland_cattle_avg_sheep_goat_2030y_SOC,cf_median,
Belarus,natural_grassland_cattle_avg_sheep_goat_2030y_SOC,cf_median,61.005264
Belgium,natural_grassland_cattle_avg_sheep_goat_2030y_SOC,cf_median,66.77966
Belize,natural_grassland_cattle_avg_sheep_goat_2030y_SOC,cf_median,42.92794
Benin,natural_grassland_cattle_avg_sheep_goat_2030y_SOC,cf_median,29.490847
Bermuda,natural_grassland_cattle_avg_sheep_goat_2030y_SOC,cf_median,
Bhutan,natural_grassland_cattle_avg_sheep_goat_2030y_SOC,cf_median,63.17718
Bird Island,natural_grassland_cattle_avg_sheep_goat_2030y_SOC,cf_median,
Bolivia,natural_grassland_cattle_avg_sheep_goat_2030y_SOC,cf_median,38.708107
Bosnia and Herzegovina,natural_grassland_cattle_avg_sheep_goat_2030y_SOC,cf_median,72.45364
Botswana,natural_grassland_cattle_avg_sheep_goat_2030y_SOC,cf_median,31.459421
Bouvet Island,natural_grassland_cattle_avg_sheep_goat_2030y_SOC,cf_median,
Brazil,natural_grassland_cattle_avg_sheep_goat_2030y_SOC,cf_median,37.44374
British Indian Ocean Territory,natural_grassland_cattle_avg_sheep_goat_2030y_SOC,cf_median,
British Virgin Islands,natural_grassland_cattle_avg_sheep_goat_2030y_SOC,cf_median,
Brunei Darussalam,natural_grassland_cattle_avg_sheep_goat_2030y_SOC,cf_median,
Bulgaria,natural_grassland_cattle_avg_sheep_goat_2030y_SOC,cf_median,45.78627
Burkina Faso,natural_grassland_cattle_avg_sheep_goat_2030y_SOC,cf_median,32.02343
Burundi,natural_grassland_cattle_avg_sheep_goat_2030y_SOC,cf_median,57.006893
Cambodia,natural_grassland_cattle_avg_sheep_goat_2030y_SOC,cf_median,41.08203
Cameroon,natural_grassland_cattle_avg_sheep_goat_2030y_SOC,cf_median,31.776825
Canada,natural_grassland_cattle_avg_sheep_goat_2030y_SOC,cf_median,70.94383
Cape Verde,natural_grassland_cattle_avg_sheep_goat_2030y_SOC,cf_median,
Cayman Islands,natural_grassland_cattle_avg_sheep_goat_2030y_SOC,cf_median,
Central African Republic,natural_grassland_cattle_avg_sheep_goat_2030y_SOC,cf_median,30.54041
Chad,natural_grassland_cattle_avg_sheep_goat_2030y_SOC,cf_median,31.64875
Chile,natural_grassland_cattle_avg_sheep_goat_2030y_SOC,cf_median,101.34536
China,natural_grassland_cattle_avg_sheep_goat_2030y_SOC,cf_median,44.414864
China/India,natural_grassland_cattle_avg_sheep_goat_2030y_SOC,cf_median,60.499985
Christmas Island,natural_grassland_cattle_avg_sheep_goat_2030y_SOC,cf_median,
Clipperton Island,natural_grassland_cattle_avg_sheep_goat_2030y_SOC,cf_median,
Cocos (Keeling) Islands,natural_grassland_cattle_avg_sheep_goat_2030y_SOC,cf_median,
Colombia,natural_grassland_cattle_avg_sheep_goat_2030y_SOC,cf_median,41.417828
Comoros,natural_grassland_cattle_avg_sheep_goat_2030y_SOC,cf_median,
Congo,natural_grassland_cattle_avg_sheep_goat_2030y_SOC,cf_median,42.731285
Cook Islands,natural_grassland_cattle_avg_sheep_goat_2030y_SOC,cf_median,
Costa Rica,natural_grassland_cattle_avg_sheep_goat_2030y_SOC,cf_median,48.434032
Croatia,natural_grassland_cattle_avg_sheep_goat_2030y_SOC,cf_median,71.80085
Cuba,natural_grassland_cattle_avg_sheep_goat_2030y_SOC,cf_median,52.525806
Cyprus,natural_grassland_cattle_avg_sheep_goat_2030y_SOC,cf_median,60.92367
Czech Republic,natural_grassland_cattle_avg_sheep_goat_2030y_SOC,cf_median,56.013958
Côte d'Ivoire,natural_grassland_cattle_avg_sheep_goat_2030y_SOC,cf_median,34.896362
Dem People's Rep of Korea,natural_grassland_cattle_avg_sheep_goat_2030y_SOC,cf_median,57.321854
Democratic Republic of the Congo,natural_grassland_cattle_avg_sheep_goat_2030y_SOC,cf_median,34.617973
Denmark,natural_grassland_cattle_avg_sheep_goat_2030y_SOC,cf_median,103.74036
Djibouti,natural_grassland_cattle_avg_sheep_goat_2030y_SOC,cf_median,31.700056
Dominica,natural_grassland_cattle_avg_sheep_goat_2030y_SOC,cf_median,
Dominican Republic,natural_grassland_cattle_avg_sheep_goat_2030y_SOC,cf_median,53.16652
Ecuador,natural_grassland_cattle_avg_sheep_goat_2030y_SOC,cf_median,64.99631
Egypt,natural_grassland_cattle_avg_sheep_goat_2030y_SOC,cf_median,29.2845
El Salvador,natural_grassland_cattle_avg_sheep_goat_2030y_SOC,cf_median,
Equatorial Guinea,natural_grassland_cattle_avg_sheep_goat_2030y_SOC,cf_median,41.796257
Eritrea,natural_grassland_cattle_avg_sheep_goat_2030y_SOC,cf_median,39.459892
Estonia,natural_grassland_cattle_avg_sheep_goat_2030y_SOC,cf_median,67.45022
Ethiopia,natural_grassland_cattle_avg_sheep_goat_2030y_SOC,cf_median,48.179043
Europa Island,natural_grassland_cattle_avg_sheep_goat_2030y_SOC,cf_median,
Falkland Islands (Malvinas),natural_grassland_cattle_avg_sheep_goat_2030y_SOC,cf_median,
Faroe Islands,natural_grassland_cattle_avg_sheep_goat_2030y_SOC,cf_median,119.32679
Fiji,natural_grassland_cattle_avg_sheep_goat_2030y_SOC,cf_median,
Finland,natural_grassland_cattle_avg_sheep_goat_2030y_SOC,cf_median,85.59321
France,natural_grassland_cattle_avg_sheep_goat_2030y_SOC,cf_median,53.907475
French Guiana,natural_grassland_cattle_avg_sheep_goat_2030y_SOC,cf_median,37.993183
French Polynesia,natural_grassland_cattle_avg_sheep_goat_2030y_SOC,cf_median,
French Southern and Antarctic Territories,natural_grassland_cattle_avg_sheep_goat_2030y_SOC,cf_median,
Gabon,natural_grassland_cattle_avg_sheep_goat_2030y_SOC,cf_median,41.343544
Gambia,natural_grassland_cattle_avg_sheep_goat_2030y_SOC,cf_median,30.345713
Gaza Strip,natural_grassland_cattle_avg_sheep_goat_2030y_SOC,cf_median,28.446632
Georgia,natural_grassland_cattle_avg_sheep_goat_2030y_SOC,cf_median,71.991516
Germany,natural_grassland_cattle_avg_sheep_goat_2030y_SOC,cf_median,59.156063
Ghana,natural_grassland_cattle_avg_sheep_goat_2030y_SOC,cf_median,33.826
Gibraltar,natural_grassland_cattle_avg_sheep_goat_2030y_SOC,cf_median,49.565784
Glorioso Island,natural_grassland_cattle_avg_sheep_goat_2030y_SOC,cf_median,
Greece,natural_grassland_cattle_avg_sheep_goat_2030y_SOC,cf_median,44.963264
Greenland,natural_grassland_cattle_avg_sheep_goat_2030y_SOC,cf_median,107.945274
Grenada,natural_grassland_cattle_avg_sheep_goat_2030y_SOC,cf_median,
Guadeloupe,natural_grassland_cattle_avg_sheep_goat_2030y_SOC,cf_median,
Guam,natural_grassland_cattle_avg_sheep_goat_2030y_SOC,cf_median,
Guatemala,natural_grassland_cattle_avg_sheep_goat_2030y_SOC,cf_median,47.78564
Guernsey,natural_grassland_cattle_avg_sheep_goat_2030y_SOC,cf_median,
Guinea,natural_grassland_cattle_avg_sheep_goat_2030y_SOC,cf_median,47.85475
Guinea-Bissau,natural_grassland_cattle_avg_sheep_goat_2030y_SOC,cf_median,44.09908
Guyana,natural_grassland_cattle_avg_sheep_goat_2030y_SOC,cf_median,37.841213
Haiti,natural_grassland_cattle_avg_sheep_goat_2030y_SOC,cf_median,53.22834
Hala'ib triangle,natural_grassland_cattle_avg_sheep_goat_2030y_SOC,cf_median,30.350851
Heard Island and McDonald Islands,natural_grassland_cattle_avg_sheep_goat_2030y_SOC,cf_median,
Holy See,natural_grassland_cattle_avg_sheep_goat_2030y_SOC,cf_median,
Honduras,natural_grassland_cattle_avg_sheep_goat_2030y_SOC,cf_median,48.356133
Hong Kong,natural_grassland_cattle_avg_sheep_goat_2030y_SOC,cf_median,
Howland Island,natural_grassland_cattle_avg_sheep_goat_2030y_SOC,cf_median,
Hungary,natural_grassland_cattle_avg_sheep_goat_2030y_SOC,cf_median,52.239952
Iceland,natural_grassland_cattle_avg_sheep_goat_2030y_SOC,cf_median,119.530815
Ilemi triangle,natural_grassland_cattle_avg_sheep_goat_2030y_SOC,cf_median,46.746536
India,natural_grassland_cattle_avg_sheep_goat_2030y_SOC,cf_median,37.4364
Indonesia,natural_grassland_cattle_avg_sheep_goat_2030y_SOC,cf_median,43.13992
Iran  (Islamic Republic of),natural_grassland_cattle_avg_sheep_goat_2030y_SOC,cf_median,38.2725
Iraq,natural_grassland_cattle_avg_sheep_goat_2030y_SOC,cf_median,27.134367
Ireland,natural_grassland_cattle_avg_sheep_goat_2030y_SOC,cf_median,90.46569
Isle of Man,natural_grassland_cattle_avg_sheep_goat_2030y_SOC,cf_median,
Israel,natural_grassland_cattle_avg_sheep_goat_2030y_SOC,cf_median,42.465122
Italy,natural_grassland_cattle_avg_sheep_goat_2030y_SOC,cf_median,55.299145
Jamaica,natural_grassland_cattle_avg_sheep_goat_2030y_SOC,cf_median,
Jammu and Kashmir,natural_grassland_cattle_avg_sheep_goat_2030y_SOC,cf_median,54.74673
Japan,natural_grassland_cattle_avg_sheep_goat_2030y_SOC,cf_median,75.63276
Jarvis Island,natural_grassland_cattle_avg_sheep_goat_2030y_SOC,cf_median,
Jersey,natural_grassland_cattle_avg_sheep_goat_2030y_SOC,cf_median,
Johnston Atoll,natural_grassland_cattle_avg_sheep_goat_2030y_SOC,cf_median,
Jordan,natural_grassland_cattle_avg_sheep_goat_2030y_SOC,cf_median,38.12308
Juan de Nova Island,natural_grassland_cattle_avg_sheep_goat_2030y_SOC,cf_median,
Kazakhstan,natural_grassland_cattle_avg_sheep_goat_2030y_SOC,cf_median,54.135754
Kenya,natural_grassland_cattle_avg_sheep_goat_2030y_SOC,cf_median,39.70798
Kingman Reef,natural_grassland_cattle_avg_sheep_goat_2030y_SOC,cf_median,
Kiribati,natural_grassland_cattle_avg_sheep_goat_2030y_SOC,cf_median,
Kuril islands,natural_grassland_cattle_avg_sheep_goat_2030y_SOC,cf_median,124.14408
Kuwait,natural_grassland_cattle_avg_sheep_goat_2030y_SOC,cf_median,
Kyrgyzstan,natural_grassland_cattle_avg_sheep_goat_2030y_SOC,cf_median,66.11013
Lao People's Democratic Republic,natural_grassland_cattle_avg_sheep_goat_2030y_SOC,cf_median,41.124783
Latvia,natural_grassland_cattle_avg_sheep_goat_2030y_SOC,cf_median,69.91125
Lebanon,natural_grassland_cattle_avg_sheep_goat_2030y_SOC,cf_median,42.976936
Lesotho,natural_grassland_cattle_avg_sheep_goat_2030y_SOC,cf_median,47.44924
Liberia,natural_grassland_cattle_avg_sheep_goat_2030y_SOC,cf_median,
Libya,natural_grassland_cattle_avg_sheep_goat_2030y_SOC,cf_median,25.315115
Liechtenstein,natural_grassland_cattle_avg_sheep_goat_2030y_SOC,cf_median,82.51694
Lithuania,natural_grassland_cattle_avg_sheep_goat_2030y_SOC,cf_median,59.52728
Luxembourg,natural_grassland_cattle_avg_sheep_goat_2030y_SOC,cf_median,61.397133
Ma'tan al-Sarra,natural_grassland_cattle_avg_sheep_goat_2030y_SOC,cf_median,27.446257
Macau,natural_grassland_cattle_avg_sheep_goat_2030y_SOC,cf_median,
Madagascar,natural_grassland_cattle_avg_sheep_goat_2030y_SOC,cf_median,42.152428
Madeira Islands,natural_grassland_cattle_avg_sheep_goat_2030y_SOC,cf_median,94.67
Malawi,natural_grassland_cattle_avg_sheep_goat_2030y_SOC,cf_median,37.40872
Malaysia,natural_grassland_cattle_avg_sheep_goat_2030y_SOC,cf_median,41.12684
Maldives,natural_grassland_cattle_avg_sheep_goat_2030y_SOC,cf_median,
Mali,natural_grassland_cattle_avg_sheep_goat_2030y_SOC,cf_median,29.557241
Malta,natural_grassland_cattle_avg_sheep_goat_2030y_SOC,cf_median,
Marshall Islands,natural_grassland_cattle_avg_sheep_goat_2030y_SOC,cf_median,
Martinique,natural_grassland_cattle_avg_sheep_goat_2030y_SOC,cf_median,
Mauritania,natural_grassland_cattle_avg_sheep_goat_2030y_SOC,cf_median,28.9917
Mauritius,natural_grassland_cattle_avg_sheep_goat_2030y_SOC,cf_median,
Mayotte,natural_grassland_cattle_avg_sheep_goat_2030y_SOC,cf_median,
Mexico,natural_grassland_cattle_avg_sheep_goat_2030y_SOC,cf_median,41.382626
Micronesia (Federated States of),natural_grassland_cattle_avg_sheep_goat_2030y_SOC,cf_median,
Midway Island,natural_grassland_cattle_avg_sheep_goat_2030y_SOC,cf_median,
"Moldova, Republic of",natural_grassland_cattle_avg_sheep_goat_2030y_SOC,cf_median,56.917084
Monaco,natural_grassland_cattle_avg_sheep_goat_2030y_SOC,cf_median,85.75422
Mongolia,natural_grassland_cattle_avg_sheep_goat_2030y_SOC,cf_median,44.317924
Montenegro,natural_grassland_cattle_avg_sheep_goat_2030y_SOC,cf_median,71.23206
Montserrat,natural_grassland_cattle_avg_sheep_goat_2030y_SOC,cf_median,
Morocco,natural_grassland_cattle_avg_sheep_goat_2030y_SOC,cf_median,32.767025
Mozambique,natural_grassland_cattle_avg_sheep_goat_2030y_SOC,cf_median,36.061108
Myanmar,natural_grassland_cattle_avg_sheep_goat_2030y_SOC,cf_median,50.27492
Namibia,natural_grassland_cattle_avg_sheep_goat_2030y_SOC,cf_median,29.92447
Nauru,natural_grassland_cattle_avg_sheep_goat_2030y_SOC,cf_median,
Navassa Island,natural_grassland_cattle_avg_sheep_goat_2030y_SOC,cf_median,
Nepal,natural_grassland_cattle_avg_sheep_goat_2030y_SOC,cf_median,49.795082
Netherlands,natural_grassland_cattle_avg_sheep_goat_2030y_SOC,cf_median,73.960144
Netherlands Antilles,natural_grassland_cattle_avg_sheep_goat_2030y_SOC,cf_median,
New Caledonia,natural_grassland_cattle_avg_sheep_goat_2030y_SOC,cf_median,
New Zealand,natural_grassland_cattle_avg_sheep_goat_2030y_SOC,cf_median,93.772316
Nicaragua,natural_grassland_cattle_avg_sheep_goat_2030y_SOC,cf_median,47.10606
Niger,natural_grassland_cattle_avg_sheep_goat_2030y_SOC,cf_median,30.80917
Nigeria,natural_grassland_cattle_avg_sheep_goat_2030y_SOC,cf_median,30.323576
Niue,natural_grassland_cattle_avg_sheep_goat_2030y_SOC,cf_median,
Norfolk Island,natural_grassland_cattle_avg_sheep_goat_2030y_SOC,cf_median,
Northern Mariana Islands,natural_grassland_cattle_avg_sheep_goat_2030y_SOC,cf_median,
Norway,natural_grassland_cattle_avg_sheep_goat_2030y_SOC,cf_median,89.87117
Oman,natural_grassland_cattle_avg_sheep_goat_2030y_SOC,cf_median,30.06873
Pakistan,natural_grassland_cattle_avg_sheep_goat_2030y_SOC,cf_median,33.291367
Palau,natural_grassland_cattle_avg_sheep_goat_2030y_SOC,cf_median,
Palmyra Atoll,natural_grassland_cattle_avg_sheep_goat_2030y_SOC,cf_median,
Panama,natural_grassland_cattle_avg_sheep_goat_2030y_SOC,cf_median,42.340046
Papua New Guinea,natural_grassland_cattle_avg_sheep_goat_2030y_SOC,cf_median,84.51602
Paracel Islands,natural_grassland_cattle_avg_sheep_goat_2030y_SOC,cf_median,
Paraguay,natural_grassland_cattle_avg_sheep_goat_2030y_SOC,cf_median,39.54922
Peru,natural_grassland_cattle_avg_sheep_goat_2030y_SOC,cf_median,59.91743
Philippines,natural_grassland_cattle_avg_sheep_goat_2030y_SOC,cf_median,103.14223
Pitcairn,natural_grassland_cattle_avg_sheep_goat_2030y_SOC,cf_median,
Poland,natural_grassland_cattle_avg_sheep_goat_2030y_SOC,cf_median,45.10103
Portugal,natural_grassland_cattle_avg_sheep_goat_2030y_SOC,cf_median,42.63315
Puerto Rico,natural_grassland_cattle_avg_sheep_goat_2030y_SOC,cf_median,
Qatar,natural_grassland_cattle_avg_sheep_goat_2030y_SOC,cf_median,
Republic of Korea,natural_grassland_cattle_avg_sheep_goat_2030y_SOC,cf_median,46.12938
Romania,natural_grassland_cattle_avg_sheep_goat_2030y_SOC,cf_median,47.79516
Russian Federation,natural_grassland_cattle_avg_sheep_goat_2030y_SOC,cf_median,77.90885
Rwanda,natural_grassland_cattle_avg_sheep_goat_2030y_SOC,cf_median,58.57448
Réunion,natural_grassland_cattle_avg_sheep_goat_2030y_SOC,cf_median,
Saint Helena,natural_grassland_cattle_avg_sheep_goat_2030y_SOC,cf_median,
Saint Kitts and Nevis,natural_grassland_cattle_avg_sheep_goat_2030y_SOC,cf_median,
Saint Lucia,natural_grassland_cattle_avg_sheep_goat_2030y_SOC,cf_median,
Saint Pierre et Miquelon,natural_grassland_cattle_avg_sheep_goat_2030y_SOC,cf_median,
Saint Vincent and the Grenadines,natural_grassland_cattle_avg_sheep_goat_2030y_SOC,cf_median,
Samoa,natural_grassland_cattle_avg_sheep_goat_2030y_SOC,cf_median,
San Marino,natural_grassland_cattle_avg_sheep_goat_2030y_SOC,cf_median,45.084877
Sao Tome and Principe,natural_grassland_cattle_avg_sheep_goat_2030y_SOC,cf_median,
Saudi Arabia,natural_grassland_cattle_avg_sheep_goat_2030y_SOC,cf_median,28.17906
Scarborough Reef,natural_grassland_cattle_avg_sheep_goat_2030y_SOC,cf_median,
Senegal,natural_grassland_cattle_avg_sheep_goat_2030y_SOC,cf_median,29.961802
Senkaku Islands,natural_grassland_cattle_avg_sheep_goat_2030y_SOC,cf_median,
Serbia,natural_grassland_cattle_avg_sheep_goat_2030y_SOC,cf_median,60.227448
Seychelles,natural_grassland_cattle_avg_sheep_goat_2030y_SOC,cf_median,
Sierra Leone,natural_grassland_cattle_avg_sheep_goat_2030y_SOC,cf_median,45.99147
Singapore,natural_grassland_cattle_avg_sheep_goat_2030y_SOC,cf_median,
Slovakia,natural_grassland_cattle_avg_sheep_goat_2030y_SOC,cf_median,69.17904
Slovenia,natural_grassland_cattle_avg_sheep_goat_2030y_SOC,cf_median,78.74905
Solomon Islands,natural_grassland_cattle_avg_sheep_goat_2030y_SOC,cf_median,
Somalia,natural_grassland_cattle_avg_sheep_goat_2030y_SOC,cf_median,41.535423
South Africa,natural_grassland_cattle_avg_sheep_goat_2030y_SOC,cf_median,36.609737
South Georgia and the South Sandwich Islands,natural_grassland_cattle_avg_sheep_goat_2030y_SOC,cf_median,
South Sudan,natural_grassland_cattle_avg_sheep_goat_2030y_SOC,cf_median,34.73611
Spain,natural_grassland_cattle_avg_sheep_goat_2030y_SOC,cf_median,38.427654
Spratly Islands,natural_grassland_cattle_avg_sheep_goat_2030y_SOC,cf_median,
Sri Lanka,natural_grassland_cattle_avg_sheep_goat_2030y_SOC,cf_median,
Sudan,natural_grassland_cattle_avg_sheep_goat_2030y_SOC,cf_median,30.263386
Suriname,natural_grassland_cattle_avg_sheep_goat_2030y_SOC,cf_median,34.073864
Svalbard and Jan Mayen Islands,natural_grassland_cattle_avg_sheep_goat_2030y_SOC,cf_median,
Swaziland,natural_grassland_cattle_avg_sheep_goat_2030y_SOC,cf_median,48.28823
Sweden,natural_grassland_cattle_avg_sheep_goat_2030y_SOC,cf_median,86.46815
Switzerland,natural_grassland_cattle_avg_sheep_goat_2030y_SOC,cf_median,76.11965
Syrian Arab Republic,natural_grassland_cattle_avg_sheep_goat_2030y_SOC,cf_median,31.421753
Taiwan,natural_grassland_cattle_avg_sheep_goat_2030y_SOC,cf_median,
Tajikistan,natural_grassland_cattle_avg_sheep_goat_2030y_SOC,cf_median,57.40045
Thailand,natural_grassland_cattle_avg_sheep_goat_2030y_SOC,cf_median,39.4919
The former Yugoslav Republic of Macedonia,natural_grassland_cattle_avg_sheep_goat_2030y_SOC,cf_median,44.088192
Timor-Leste,natural_grassland_cattle_avg_sheep_goat_2030y_SOC,cf_median,48.53087
Togo,natural_grassland_cattle_avg_sheep_goat_2030y_SOC,cf_median,33.352055
Tokelau,natural_grassland_cattle_avg_sheep_goat_2030y_SOC,cf_median,
Tonga,natural_grassland_cattle_avg_sheep_goat_2030y_SOC,cf_median,
Trinidad and Tobago,natural_grassland_cattle_avg_sheep_goat_2030y_SOC,cf_median,
Tromelin Island,natural_grassland_cattle_avg_sheep_goat_2030y_SOC,cf_median,
Tunisia,natural_grassland_cattle_avg_sheep_goat_2030y_SOC,cf_median,28.241747
Turkey,natural_grassland_cattle_avg_sheep_goat_2030y_SOC,cf_median,48.272053
Turkmenistan,natural_grassland_cattle_avg_sheep_goat_2030y_SOC,cf_median,34.090763
Turks and Caicos islands,natural_grassland_cattle_avg_sheep_goat_2030y_SOC,cf_median,
Tuvalu,natural_grassland_cattle_avg_sheep_goat_2030y_SOC,cf_median,
U.K. of Great Britain and Northern Ireland,natural_grassland_cattle_avg_sheep_goat_2030y_SOC,cf_median,83.17806
Uganda,natural_grassland_cattle_avg_sheep_goat_2030y_SOC,cf_median,48.02694
Ukraine,natural_grassland_cattle_avg_sheep_goat_2030y_SOC,cf_median,60.711464
United Arab Emirates,natural_grassland_cattle_avg_sheep_goat_2030y_SOC,cf_median,30.546778
United Republic of Tanzania,natural_grassland_cattle_avg_sheep_goat_2030y_SOC,cf_median,35.810112
United States Virgin Islands,natural_grassland_cattle_avg_sheep_goat_2030y_SOC,cf_median,
United States of America,natural_grassland_cattle_avg_sheep_goat_2030y_SOC,cf_median,46.035675
Uruguay,natural_grassland_cattle_avg_sheep_goat_2030y_SOC,cf_median,47.35257
Uzbekistan,natural_grassland_cattle_avg_sheep_goat_2030y_SOC,cf_median,36.154495
Vanuatu,natural_grassland_cattle_avg_sheep_goat_2030y_SOC,cf_median,
Venezuela,natural_grassland_cattle_avg_sheep_goat_2030y_SOC,cf_median,40.182972
Viet Nam,natural_grassland_cattle_avg_sheep_goat_2030y_SOC,cf_median,43.28995
Wake Island,natural_grassland_cattle_avg_sheep_goat_2030y_SOC,cf_median,
Wallis and Futuna,natural_grassland_cattle_avg_sheep_goat_2030y_SOC,cf_median,
West Bank,natural_grassland_cattle_avg_sheep_goat_2030y_SOC,cf_median,40.528862
Western Sahara,natural_grassland_cattle_avg_sheep_goat_2030y_SOC,cf_median,27.249445
Yemen,natural_grassland_cattle_avg_sheep_goat_2030y_SOC,cf_median,31.326057
Zambia,natural_grassland_cattle_avg_sheep_goat_2030y_SOC,cf_median,36.854904
Zimbabwe,natural_grassland_cattle_avg_sheep_goat_2030y_SOC,cf_median,34.435936
Abyei,natural_grassland_cattle_avg_sheep_goat_2030y_SOC,cf_std,0.70673037
Afghanistan,natural_grassland_cattle_avg_sheep_goat_2030y_SOC,cf_std,11.943614
Aksai Chin,natural_grassland_cattle_avg_sheep_goat_2030y_SOC,cf_std,6.9851823
Albania,natural_grassland_cattle_avg_sheep_goat_2030y_SOC,cf_std,9.672454
Algeria,natural_grassland_cattle_avg_sheep_goat_2030y_SOC,cf_std,8.260582
American Samoa,natural_grassland_cattle_avg_sheep_goat_2030y_SOC,cf_std,
Andorra,natural_grassland_cattle_avg_sheep_goat_2030y_SOC,cf_std,4.9946637
Angola,natural_grassland_cattle_avg_sheep_goat_2030y_SOC,cf_std,7.677733
Anguilla,natural_grassland_cattle_avg_sheep_goat_2030y_SOC,cf_std,
Antarctica,natural_grassland_cattle_avg_sheep_goat_2030y_SOC,cf_std,
Antigua and Barbuda,natural_grassland_cattle_avg_sheep_goat_2030y_SOC,cf_std,
Argentina,natural_grassland_cattle_avg_sheep_goat_2030y_SOC,cf_std,13.337493
Armenia,natural_grassland_cattle_avg_sheep_goat_2030y_SOC,cf_std,7.947914
Aruba,natural_grassland_cattle_avg_sheep_goat_2030y_SOC,cf_std,
Arunachal Pradesh,natural_grassland_cattle_avg_sheep_goat_2030y_SOC,cf_std,10.121563
Ashmore and Cartier Islands,natural_grassland_cattle_avg_sheep_goat_2030y_SOC,cf_std,
Australia,natural_grassland_cattle_avg_sheep_goat_2030y_SOC,cf_std,13.850196
Austria,natural_grassland_cattle_avg_sheep_goat_2030y_SOC,cf_std,7.171407
Azerbaijan,natural_grassland_cattle_avg_sheep_goat_2030y_SOC,cf_std,11.717285
Azores Islands,natural_grassland_cattle_avg_sheep_goat_2030y_SOC,cf_std,
Bahamas,natural_grassland_cattle_avg_sheep_goat_2030y_SOC,cf_std,3.4451017
Bahrain,natural_grassland_cattle_avg_sheep_goat_2030y_SOC,cf_std,
Baker Island,natural_grassland_cattle_avg_sheep_goat_2030y_SOC,cf_std,
Bangladesh,natural_grassland_cattle_avg_sheep_goat_2030y_SOC,cf_std,8.792273
Barbados,natural_grassland_cattle_avg_sheep_goat_2030y_SOC,cf_std,
Bassas da India,natural_grassland_cattle_avg_sheep_goat_2030y_SOC,cf_std,
Belarus,natural_grassland_cattle_avg_sheep_goat_2030y_SOC,cf_std,5.271273
Belgium,natural_grassland_cattle_avg_sheep_goat_2030y_SOC,cf_std,10.57719
Belize,natural_grassland_cattle_avg_sheep_goat_2030y_SOC,cf_std,1.5512792
Benin,natural_grassland_cattle_avg_sheep_goat_2030y_SOC,cf_std,2.7798738
Bermuda,natural_grassland_cattle_avg_sheep_goat_2030y_SOC,cf_std,
Bhutan,natural_grassland_cattle_avg_sheep_goat_2030y_SOC,cf_std,7.8686357
Bird Island,natural_grassland_cattle_avg_sheep_goat_2030y_SOC,cf_std,
Bolivia,natural_grassland_cattle_avg_sheep_goat_2030y_SOC,cf_std,8.786592
Bosnia and Herzegovina,natural_grassland_cattle_avg_sheep_goat_2030y_SOC,cf_std,7.9587584
Botswana,natural_grassland_cattle_avg_sheep_goat_2030y_SOC,cf_std,3.16015
Bouvet Island,natural_grassland_cattle_avg_sheep_goat_2030y_SOC,cf_std,
Brazil,natural_grassland_cattle_avg_sheep_goat_2030y_SOC,cf_std,6.198614
British Indian Ocean Territory,natural_grassland_cattle_avg_sheep_goat_2030y_SOC,cf_std,
British Virgin Islands,natural_grassland_cattle_avg_sheep_goat_2030y_SOC,cf_std,
Brunei Darussalam,natural_grassland_cattle_avg_sheep_goat_2030y_SOC,cf_std,
Bulgaria,natural_grassland_cattle_avg_sheep_goat_2030y_SOC,cf_std,5.6816034
Burkina Faso,natural_grassland_cattle_avg_sheep_goat_2030y_SOC,cf_std,2.529818
Burundi,natural_grassland_cattle_avg_sheep_goat_2030y_SOC,cf_std,3.8626716
Cambodia,natural_grassland_cattle_avg_sheep_goat_2030y_SOC,cf_std,2.0763688
Cameroon,natural_grassland_cattle_avg_sheep_goat_2030y_SOC,cf_std,7.919013
Canada,natural_grassland_cattle_avg_sheep_goat_2030y_SOC,cf_std,13.536884
Cape Verde,natural_grassland_cattle_avg_sheep_goat_2030y_SOC,cf_std,
Cayman Islands,natural_grassland_cattle_avg_sheep_goat_2030y_SOC,cf_std,
Central African Republic,natural_grassland_cattle_avg_sheep_goat_2030y_SOC,cf_std,2.0281835
Chad,natural_grassland_cattle_avg_sheep_goat_2030y_SOC,cf_std,3.599725
Chile,natural_grassland_cattle_avg_sheep_goat_2030y_SOC,cf_std,32.95257
China,natural_grassland_cattle_avg_sheep_goat_2030y_SOC,cf_std,17.927454
China/India,natural_grassland_cattle_avg_sheep_goat_2030y_SOC,cf_std,16.192505
Christmas Island,natural_grassland_cattle_avg_sheep_goat_2030y_SOC,cf_std,
Clipperton Island,natural_grassland_cattle_avg_sheep_goat_2030y_SOC,cf_std,
Cocos (Keeling) Islands,natural_grassland_cattle_avg_sheep_goat_2030y_SOC,cf_std,
Colombia,natural_grassland_cattle_avg_sheep_goat_2030y_SOC,cf_std,19.898897
Comoros,natural_grassland_cattle_avg_sheep_goat_2030y_SOC,cf_std,
Congo,natural_grassland_cattle_avg_sheep_goat_2030y_SOC,cf_std,9.702469
Cook Islands,natural_grassland_cattle_avg_sheep_goat_2030y_SOC,cf_std,
Costa Rica,natural_grassland_cattle_avg_sheep_goat_2030y_SOC,cf_std,1.6092982
Croatia,natural_grassland_cattle_avg_sheep_goat_2030y_SOC,cf_std,13.901989
Cuba,natural_grassland_cattle_avg_sheep_goat_2030y_SOC,cf_std,34.543243
Cyprus,natural_grassland_cattle_avg_sheep_goat_2030y_SOC,cf_std,3.6374283
Czech Republic,natural_grassland_cattle_avg_sheep_goat_2030y_SOC,cf_std,6.6154723
Côte d'Ivoire,natural_grassland_cattle_avg_sheep_goat_2030y_SOC,cf_std,2.1956222
Dem People's Rep of Korea,natural_grassland_cattle_avg_sheep_goat_2030y_SOC,cf_std,10.383867
Democratic Republic of the Congo,natural_grassland_cattle_avg_sheep_goat_2030y_SOC,cf_std,3.975356
Denmark,natural_grassland_cattle_avg_sheep_goat_2030y_SOC,cf_std,22.708048
Djibouti,natural_grassland_cattle_avg_sheep_goat_2030y_SOC,cf_std,15.618159
Dominica,natural_grassland_cattle_avg_sheep_goat_2030y_SOC,cf_std,
Dominican Republic,natural_grassland_cattle_avg_sheep_goat_2030y_SOC,cf_std,26.276949
Ecuador,natural_grassland_cattle_avg_sheep_goat_2030y_SOC,cf_std,14.12301
Egypt,natural_grassland_cattle_avg_sheep_goat_2030y_SOC,cf_std,10.792639
El Salvador,natural_grassland_cattle_avg_sheep_goat_2030y_SOC,cf_std,
Equatorial Guinea,natural_grassland_cattle_avg_sheep_goat_2030y_SOC,cf_std,0.55071294
Eritrea,natural_grassland_cattle_avg_sheep_goat_2030y_SOC,cf_std,11.992019
Estonia,natural_grassland_cattle_avg_sheep_goat_2030y_SOC,cf_std,27.27341
Ethiopia,natural_grassland_cattle_avg_sheep_goat_2030y_SOC,cf_std,10.5107765
Europa Island,natural_grassland_cattle_avg_sheep_goat_2030y_SOC,cf_std,
Falkland Islands (Malvinas),natural_grassland_cattle_avg_sheep_goat_2030y_SOC,cf_std,
Faroe Islands,natural_grassland_cattle_avg_sheep_goat_2030y_SOC,cf_std,6.3228664
Fiji,natural_grassland_cattle_avg_sheep_goat_2030y_SOC,cf_std,
Finland,natural_grassland_cattle_avg_sheep_goat_2030y_SOC,cf_std,10.429712
France,natural_grassland_cattle_avg_sheep_goat_2030y_SOC,cf_std,13.899658
French Guiana,natural_grassland_cattle_avg_sheep_goat_2030y_SOC,cf_std,3.2954113
French Polynesia,natural_grassland_cattle_avg_sheep_goat_2030y_SOC,cf_std,
French Southern and Antarctic Territories,natural_grassland_cattle_avg_sheep_goat_2030y_SOC,cf_std,
Gabon,natural_grassland_cattle_avg_sheep_goat_2030y_SOC,cf_std,14.255867
Gambia,natural_grassland_cattle_avg_sheep_goat_2030y_SOC,cf_std,3.7210984
Gaza Strip,natural_grassland_cattle_avg_sheep_goat_2030y_SOC,cf_std,1.418358
Georgia,natural_grassland_cattle_avg_sheep_goat_2030y_SOC,cf_std,9.416992
Germany,natural_grassland_cattle_avg_sheep_goat_2030y_SOC,cf_std,11.705873
Ghana,natural_grassland_cattle_avg_sheep_goat_2030y_SOC,cf_std,7.858597
Gibraltar,natural_grassland_cattle_avg_sheep_goat_2030y_SOC,cf_std,0.0
Glorioso Island,natural_grassland_cattle_avg_sheep_goat_2030y_SOC,cf_std,
Greece,natural_grassland_cattle_avg_sheep_goat_2030y_SOC,cf_std,13.765099
Greenland,natural_grassland_cattle_avg_sheep_goat_2030y_SOC,cf_std,6.841591
Grenada,natural_grassland_cattle_avg_sheep_goat_2030y_SOC,cf_std,
Guadeloupe,natural_grassland_cattle_avg_sheep_goat_2030y_SOC,cf_std,
Guam,natural_grassland_cattle_avg_sheep_goat_2030y_SOC,cf_std,
Guatemala,natural_grassland_cattle_avg_sheep_goat_2030y_SOC,cf_std,14.373265
Guernsey,natural_grassland_cattle_avg_sheep_goat_2030y_SOC,cf_std,
Guinea,natural_grassland_cattle_avg_sheep_goat_2030y_SOC,cf_std,7.227377
Guinea-Bissau,natural_grassland_cattle_avg_sheep_goat_2030y_SOC,cf_std,21.71342
Guyana,natural_grassland_cattle_avg_sheep_goat_2030y_SOC,cf_std,8.830728
Haiti,natural_grassland_cattle_avg_sheep_goat_2030y_SOC,cf_std,36.214207
Hala'ib triangle,natural_grassland_cattle_avg_sheep_goat_2030y_SOC,cf_std,14.826389
Heard Island and McDonald Islands,natural_grassland_cattle_avg_sheep_goat_2030y_SOC,cf_std,
Holy See,natural_grassland_cattle_avg_sheep_goat_2030y_SOC,cf_std,
Honduras,natural_grassland_cattle_avg_sheep_goat_2030y_SOC,cf_std,17.873995
Hong Kong,natural_grassland_cattle_avg_sheep_goat_2030y_SOC,cf_std,
Howland Island,natural_grassland_cattle_avg_sheep_goat_2030y_SOC,cf_std,
Hungary,natural_grassland_cattle_avg_sheep_goat_2030y_SOC,cf_std,1.7390413
Iceland,natural_grassland_cattle_avg_sheep_goat_2030y_SOC,cf_std,16.884693
Ilemi triangle,natural_grassland_cattle_avg_sheep_goat_2030y_SOC,cf_std,2.8590395
India,natural_grassland_cattle_avg_sheep_goat_2030y_SOC,cf_std,10.242233
Indonesia,natural_grassland_cattle_avg_sheep_goat_2030y_SOC,cf_std,28.684347
Iran  (Islamic Republic of),natural_grassland_cattle_avg_sheep_goat_2030y_SOC,cf_std,9.843161
Iraq,natural_grassland_cattle_avg_sheep_goat_2030y_SOC,cf_std,8.868611
Ireland,natural_grassland_cattle_avg_sheep_goat_2030y_SOC,cf_std,22.090954
Isle of Man,natural_grassland_cattle_avg_sheep_goat_2030y_SOC,cf_std,
Israel,natural_grassland_cattle_avg_sheep_goat_2030y_SOC,cf_std,6.3747196
Italy,natural_grassland_cattle_avg_sheep_goat_2030y_SOC,cf_std,14.0793295
Jamaica,natural_grassland_cattle_avg_sheep_goat_2030y_SOC,cf_std,
Jammu and Kashmir,natural_grassland_cattle_avg_sheep_goat_2030y_SOC,cf_std,8.109791
Japan,natural_grassland_cattle_avg_sheep_goat_2030y_SOC,cf_std,23.347729
Jarvis Island,natural_grassland_cattle_avg_sheep_goat_2030y_SOC,cf_std,
Jersey,natural_grassland_cattle_avg_sheep_goat_2030y_SOC,cf_std,
Johnston Atoll,natural_grassland_cattle_avg_sheep_goat_2030y_SOC,cf_std,
Jordan,natural_grassland_cattle_avg_sheep_goat_2030y_SOC,cf_std,7.9762726
Juan de Nova Island,natural_grassland_cattle_avg_sheep_goat_2030y_SOC,cf_std,
Kazakhstan,natural_grassland_cattle_avg_sheep_goat_2030y_SOC,cf_std,14.141724
Kenya,natural_grassland_cattle_avg_sheep_goat_2030y_SOC,cf_std,9.084574
Kingman Reef,natural_grassland_cattle_avg_sheep_goat_2030y_SOC,cf_std,
Kiribati,natural_grassland_cattle_avg_sheep_goat_2030y_SOC,cf_std,
Kuril islands,natural_grassland_cattle_avg_sheep_goat_2030y_SOC,cf_std,3.9604046
Kuwait,natural_grassland_cattle_avg_sheep_goat_2030y_SOC,cf_std,
Kyrgyzstan,natural_grassland_cattle_avg_sheep_goat_2030y_SOC,cf_std,9.886461
Lao People's Democratic Republic,natural_grassland_cattle_avg_sheep_goat_2030y_SOC,cf_std,2.3957295
Latvia,natural_grassland_cattle_avg_sheep_goat_2030y_SOC,cf_std,2.8186305
Lebanon,natural_grassland_cattle_avg_sheep_goat_2030y_SOC,cf_std,11.522522
Lesotho,natural_grassland_cattle_avg_sheep_goat_2030y_SOC,cf_std,10.340945
Liberia,natural_grassland_cattle_avg_sheep_goat_2030y_SOC,cf_std,
Libya,natural_grassland_cattle_avg_sheep_goat_2030y_SOC,cf_std,10.220799
Liechtenstein,natural_grassland_cattle_avg_sheep_goat_2030y_SOC,cf_std,5.495902
Lithuania,natural_grassland_cattle_avg_sheep_goat_2030y_SOC,cf_std,4.8008614
Luxembourg,natural_grassland_cattle_avg_sheep_goat_2030y_SOC,cf_std,3.5434568
Ma'tan al-Sarra,natural_grassland_cattle_avg_sheep_goat_2030y_SOC,cf_std,0.62702256
Macau,natural_grassland_cattle_avg_sheep_goat_2030y_SOC,cf_std,
Madagascar,natural_grassland_cattle_avg_sheep_goat_2030y_SOC,cf_std,14.85342
Madeira Islands,natural_grassland_cattle_avg_sheep_goat_2030y_SOC,cf_std,0.0
Malawi,natural_grassland_cattle_avg_sheep_goat_2030y_SOC,cf_std,5.9111795
Malaysia,natural_grassland_cattle_avg_sheep_goat_2030y_SOC,cf_std,7.7118616
Maldives,natural_grassland_cattle_avg_sheep_goat_2030y_SOC,cf_std,
Mali,natural_grassland_cattle_avg_sheep_goat_2030y_SOC,cf_std,2.959423
Malta,natural_grassland_cattle_avg_sheep_goat_2030y_SOC,cf_std,
Marshall Islands,natural_grassland_cattle_avg_sheep_goat_2030y_SOC,cf_std,
Martinique,natural_grassland_cattle_avg_sheep_goat_2030y_SOC,cf_std,
Mauritania,natural_grassland_cattle_avg_sheep_goat_2030y_SOC,cf_std,7.2735543
Mauritius,natural_grassland_cattle_avg_sheep_goat_2030y_SOC,cf_std,
Mayotte,natural_grassland_cattle_avg_sheep_goat_2030y_SOC,cf_std,
Mexico,natural_grassland_cattle_avg_sheep_goat_2030y_SOC,cf_std,14.116626
Micronesia (Federated States of),natural_grassland_cattle_avg_sheep_goat_2030y_SOC,cf_std,
Midway Island,natural_grassland_cattle_avg_sheep_goat_2030y_SOC,cf_std,
"Moldova, Republic of",natural_grassland_cattle_avg_sheep_goat_2030y_SOC,cf_std,6.6582174
Monaco,natural_grassland_cattle_avg_sheep_goat_2030y_SOC,cf_std,0.0
Mongolia,natural_grassland_cattle_avg_sheep_goat_2030y_SOC,cf_std,16.90697
Montenegro,natural_grassland_cattle_avg_sheep_goat_2030y_SOC,cf_std,5.6612816
Montserrat,natural_grassland_cattle_avg_sheep_goat_2030y_SOC,cf_std,
Morocco,natural_grassland_cattle_avg_sheep_goat_2030y_SOC,cf_std,10.3469
Mozambique,natural_grassland_cattle_avg_sheep_goat_2030y_SOC,cf_std,21.257574
Myanmar,natural_grassland_cattle_avg_sheep_goat_2030y_SOC,cf_std,16.144588
Namibia,natural_grassland_cattle_avg_sheep_goat_2030y_SOC,cf_std,3.8158293
Nauru,natural_grassland_cattle_avg_sheep_goat_2030y_SOC,cf_std,
Navassa Island,natural_grassland_cattle_avg_sheep_goat_2030y_SOC,cf_std,
Nepal,natural_grassland_cattle_avg_sheep_goat_2030y_SOC,cf_std,11.431184
Netherlands,natural_grassland_cattle_avg_sheep_goat_2030y_SOC,cf_std,30.64041
Netherlands Antilles,natural_grassland_cattle_avg_sheep_goat_2030y_SOC,cf_std,
New Caledonia,natural_grassland_cattle_avg_sheep_goat_2030y_SOC,cf_std,
New Zealand,natural_grassland_cattle_avg_sheep_goat_2030y_SOC,cf_std,24.030407
Nicaragua,natural_grassland_cattle_avg_sheep_goat_2030y_SOC,cf_std,23.751404
Niger,natural_grassland_cattle_avg_sheep_goat_2030y_SOC,cf_std,5.3005033
Nigeria,natural_grassland_cattle_avg_sheep_goat_2030y_SOC,cf_std,3.7321827
Niue,natural_grassland_cattle_avg_sheep_goat_2030y_SOC,cf_std,
Norfolk Island,natural_grassland_cattle_avg_sheep_goat_2030y_SOC,cf_std,
Northern Mariana Islands,natural_grassland_cattle_avg_sheep_goat_2030y_SOC,cf_std,
Norway,natural_grassland_cattle_avg_sheep_goat_2030y_SOC,cf_std,12.075363
Oman,natural_grassland_cattle_avg_sheep_goat_2030y_SOC,cf_std,8.554184
Pakistan,natural_grassland_cattle_avg_sheep_goat_2030y_SOC,cf_std,12.004539
Palau,natural_grassland_cattle_avg_sheep_goat_2030y_SOC,cf_std,
Palmyra Atoll,natural_grassland_cattle_avg_sheep_goat_2030y_SOC,cf_std,
Panama,natural_grassland_cattle_avg_sheep_goat_2030y_SOC,cf_std,2.4361818
Papua New Guinea,natural_grassland_cattle_avg_sheep_goat_2030y_SOC,cf_std,19.359179
Paracel Islands,natural_grassland_cattle_avg_sheep_goat_2030y_SOC,cf_std,
Paraguay,natural_grassland_cattle_avg_sheep_goat_2030y_SOC,cf_std,7.65184
Peru,natural_grassland_cattle_avg_sheep_goat_2030y_SOC,cf_std,12.415779
Philippines,natural_grassland_cattle_avg_sheep_goat_2030y_SOC,cf_std,35.43957
Pitcairn,natural_grassland_cattle_avg_sheep_goat_2030y_SOC,cf_std,
Poland,natural_grassland_cattle_avg_sheep_goat_2030y_SOC,cf_std,8.532004
Portugal,natural_grassland_cattle_avg_sheep_goat_2030y_SOC,cf_std,9.703881
Puerto Rico,natural_grassland_cattle_avg_sheep_goat_2030y_SOC,cf_std,
Qatar,natural_grassland_cattle_avg_sheep_goat_2030y_SOC,cf_std,
Republic of Korea,natural_grassland_cattle_avg_sheep_goat_2030y_SOC,cf_std,11.208526
Romania,natural_grassland_cattle_avg_sheep_goat_2030y_SOC,cf_std,8.655377
Russian Federation,natural_grassland_cattle_avg_sheep_goat_2030y_SOC,cf_std,12.255255
Rwanda,natural_grassland_cattle_avg_sheep_goat_2030y_SOC,cf_std,4.945539
Réunion,natural_grassland_cattle_avg_sheep_goat_2030y_SOC,cf_std,
Saint Helena,natural_grassland_cattle_avg_sheep_goat_2030y_SOC,cf_std,
Saint Kitts and Nevis,natural_grassland_cattle_avg_sheep_goat_2030y_SOC,cf_std,
Saint Lucia,natural_grassland_cattle_avg_sheep_goat_2030y_SOC,cf_std,
Saint Pierre et Miquelon,natural_grassland_cattle_avg_sheep_goat_2030y_SOC,cf_std,
Saint Vincent and the Grenadines,natural_grassland_cattle_avg_sheep_goat_2030y_SOC,cf_std,
Samoa,natural_grassland_cattle_avg_sheep_goat_2030y_SOC,cf_std,
San Marino,natural_grassland_cattle_avg_sheep_goat_2030y_SOC,cf_std,2.9202898
Sao Tome and Principe,natural_grassland_cattle_avg_sheep_goat_2030y_SOC,cf_std,
Saudi Arabia,natural_grassland_cattle_avg_sheep_goat_2030y_SOC,cf_std,10.011773
Scarborough Reef,natural_grassland_cattle_avg_sheep_goat_2030y_SOC,cf_std,
Senegal,natural_grassland_cattle_avg_sheep_goat_2030y_SOC,cf_std,8.03942
Senkaku Islands,natural_grassland_cattle_avg_sheep_goat_2030y_SOC,cf_std,
Serbia,natural_grassland_cattle_avg_sheep_goat_2030y_SOC,cf_std,7.5757194
Seychelles,natural_grassland_cattle_avg_sheep_goat_2030y_SOC,cf_std,
Sierra Leone,natural_grassland_cattle_avg_sheep_goat_2030y_SOC,cf_std,2.7754908
Singapore,natural_grassland_cattle_avg_sheep_goat_2030y_SOC,cf_std,
Slovakia,natural_grassland_cattle_avg_sheep_goat_2030y_SOC,cf_std,5.3257976
Slovenia,natural_grassland_cattle_avg_sheep_goat_2030y_SOC,cf_std,10.86307
Solomon Islands,natural_grassland_cattle_avg_sheep_goat_2030y_SOC,cf_std,
Somalia,natural_grassland_cattle_avg_sheep_goat_2030y_SOC,cf_std,10.854952
South Africa,natural_grassland_cattle_avg_sheep_goat_2030y_SOC,cf_std,7.501607
South Georgia and the South Sandwich Islands,natural_grassland_cattle_avg_sheep_goat_2030y_SOC,cf_std,
South Sudan,natural_grassland_cattle_avg_sheep_goat_2030y_SOC,cf_std,5.0273075
Spain,natural_grassland_cattle_avg_sheep_goat_2030y_SOC,cf_std,18.069603
Spratly Islands,natural_grassland_cattle_avg_sheep_goat_2030y_SOC,cf_std,
Sri Lanka,natural_grassland_cattle_avg_sheep_goat_2030y_SOC,cf_std,
Sudan,natural_grassland_cattle_avg_sheep_goat_2030y_SOC,cf_std,2.7781193
Suriname,natural_grassland_cattle_avg_sheep_goat_2030y_SOC,cf_std,3.673423
Svalbard and Jan Mayen Islands,natural_grassland_cattle_avg_sheep_goat_2030y_SOC,cf_std,
Swaziland,natural_grassland_cattle_avg_sheep_goat_2030y_SOC,cf_std,3.2654762
Sweden,natural_grassland_cattle_avg_sheep_goat_2030y_SOC,cf_std,14.356704
Switzerland,natural_grassland_cattle_avg_sheep_goat_2030y_SOC,cf_std,9.912752
Syrian Arab Republic,natural_grassland_cattle_avg_sheep_goat_2030y_SOC,cf_std,7.848901
Taiwan,natural_grassland_cattle_avg_sheep_goat_2030y_SOC,cf_std,
Tajikistan,natural_grassland_cattle_avg_sheep_goat_2030y_SOC,cf_std,10.83527
Thailand,natural_grassland_cattle_avg_sheep_goat_2030y_SOC,cf_std,12.560765
The former Yugoslav Republic of Macedonia,natural_grassland_cattle_avg_sheep_goat_2030y_SOC,cf_std,9.115563
Timor-Leste,natural_grassland_cattle_avg_sheep_goat_2030y_SOC,cf_std,32.01476
Togo,natural_grassland_cattle_avg_sheep_goat_2030y_SOC,cf_std,3.6501896
Tokelau,natural_grassland_cattle_avg_sheep_goat_2030y_SOC,cf_std,
Tonga,natural_grassland_cattle_avg_sheep_goat_2030y_SOC,cf_std,
Trinidad and Tobago,natural_grassland_cattle_avg_sheep_goat_2030y_SOC,cf_std,
Tromelin Island,natural_grassland_cattle_avg_sheep_goat_2030y_SOC,cf_std,
Tunisia,natural_grassland_cattle_avg_sheep_goat_2030y_SOC,cf_std,7.273433
Turkey,natural_grassland_cattle_avg_sheep_goat_2030y_SOC,cf_std,10.884919
Turkmenistan,natural_grassland_cattle_avg_sheep_goat_2030y_SOC,cf_std,8.229611
Turks and Caicos islands,natural_grassland_cattle_avg_sheep_goat_2030y_SOC,cf_std,
Tuvalu,natural_grassland_cattle_avg_sheep_goat_2030y_SOC,cf_std,
U.K. of Great Britain and Northern Ireland,natural_grassland_cattle_avg_sheep_goat_2030y_SOC,cf_std,26.967222
Uganda,natural_grassland_cattle_avg_sheep_goat_2030y_SOC,cf_std,6.231952
Ukraine,natural_grassland_cattle_avg_sheep_goat_2030y_SOC,cf_std,10.823606
United Arab Emirates,natural_grassland_cattle_avg_sheep_goat_2030y_SOC,cf_std,14.232791
United Republic of Tanzania,natural_grassland_cattle_avg_sheep_goat_2030y_SOC,cf_std,8.752382
United States Virgin Islands,natural_grassland_cattle_avg_sheep_goat_2030y_SOC,cf_std,
United States of America,natural_grassland_cattle_avg_sheep_goat_2030y_SOC,cf_std,19.993128
Uruguay,natural_grassland_cattle_avg_sheep_goat_2030y_SOC,cf_std,9.319755
Uzbekistan,natural_grassland_cattle_avg_sheep_goat_2030y_SOC,cf_std,8.915372
Vanuatu,natural_grassland_cattle_avg_sheep_goat_2030y_SOC,cf_std,
Venezuela,natural_grassland_cattle_avg_sheep_goat_2030y_SOC,cf_std,8.43516
Viet Nam,natural_grassland_cattle_avg_sheep_goat_2030y_SOC,cf_std,22.668055
Wake Island,natural_grassland_cattle_avg_sheep_goat_2030y_SOC,cf_std,
Wallis and Futuna,natural_grassland_cattle_avg_sheep_goat_2030y_SOC,cf_std,
West Bank,natural_grassland_cattle_avg_sheep_goat_2030y_SOC,cf_std,4.0454783
Western Sahara,natural_grassland_cattle_avg_sheep_goat_2030y_SOC,cf_std,8.577288
Yemen,natural_grassland_cattle_avg_sheep_goat_2030y_SOC,cf_std,8.222566
Zambia,natural_grassland_cattle_avg_sheep_goat_2030y_SOC,cf_std,3.0688124
Zimbabwe,natural_grassland_cattle_avg_sheep_goat_2030y_SOC,cf_std,2.5437822
Abyei,natural_grassland_cattle_hps_2030y_SOC,cf_mean,32.68538
Afghanistan,natural_grassland_cattle_hps_2030y_SOC,cf_mean,45.312366
Aksai Chin,natural_grassland_cattle_hps_2030y_SOC,cf_mean,45.771915
Albania,natural_grassland_cattle_hps_2030y_SOC,cf_mean,55.777214
Algeria,natural_grassland_cattle_hps_2030y_SOC,cf_mean,32.20649
American Samoa,natural_grassland_cattle_hps_2030y_SOC,cf_mean,
Andorra,natural_grassland_cattle_hps_2030y_SOC,cf_mean,65.50841
Angola,natural_grassland_cattle_hps_2030y_SOC,cf_mean,31.631475
Anguilla,natural_grassland_cattle_hps_2030y_SOC,cf_mean,
Antarctica,natural_grassland_cattle_hps_2030y_SOC,cf_mean,
Antigua and Barbuda,natural_grassland_cattle_hps_2030y_SOC,cf_mean,
Argentina,natural_grassland_cattle_hps_2030y_SOC,cf_mean,42.460365
Armenia,natural_grassland_cattle_hps_2030y_SOC,cf_mean,61.208843
Aruba,natural_grassland_cattle_hps_2030y_SOC,cf_mean,
Arunachal Pradesh,natural_grassland_cattle_hps_2030y_SOC,cf_mean,56.281235
Ashmore and Cartier Islands,natural_grassland_cattle_hps_2030y_SOC,cf_mean,
Australia,natural_grassland_cattle_hps_2030y_SOC,cf_mean,36.78453
Austria,natural_grassland_cattle_hps_2030y_SOC,cf_mean,77.22196
Azerbaijan,natural_grassland_cattle_hps_2030y_SOC,cf_mean,57.915028
Azores Islands,natural_grassland_cattle_hps_2030y_SOC,cf_mean,
Bahamas,natural_grassland_cattle_hps_2030y_SOC,cf_mean,121.52809
Bahrain,natural_grassland_cattle_hps_2030y_SOC,cf_mean,
Baker Island,natural_grassland_cattle_hps_2030y_SOC,cf_mean,
Bangladesh,natural_grassland_cattle_hps_2030y_SOC,cf_mean,42.998405
Barbados,natural_grassland_cattle_hps_2030y_SOC,cf_mean,
Bassas da India,natural_grassland_cattle_hps_2030y_SOC,cf_mean,
Belarus,natural_grassland_cattle_hps_2030y_SOC,cf_mean,60.34981
Belgium,natural_grassland_cattle_hps_2030y_SOC,cf_mean,66.03239
Belize,natural_grassland_cattle_hps_2030y_SOC,cf_mean,43.86892
Benin,natural_grassland_cattle_hps_2030y_SOC,cf_mean,30.237646
Bermuda,natural_grassland_cattle_hps_2030y_SOC,cf_mean,
Bhutan,natural_grassland_cattle_hps_2030y_SOC,cf_mean,62.426903
Bird Island,natural_grassland_cattle_hps_2030y_SOC,cf_mean,
Bolivia,natural_grassland_cattle_hps_2030y_SOC,cf_mean,41.88575
Bosnia and Herzegovina,natural_grassland_cattle_hps_2030y_SOC,cf_mean,71.68032
Botswana,natural_grassland_cattle_hps_2030y_SOC,cf_mean,31.502378
Bouvet Island,natural_grassland_cattle_hps_2030y_SOC,cf_mean,
Brazil,natural_grassland_cattle_hps_2030y_SOC,cf_mean,38.398384
British Indian Ocean Territory,natural_grassland_cattle_hps_2030y_SOC,cf_mean,
British Virgin Islands,natural_grassland_cattle_hps_2030y_SOC,cf_mean,
Brunei Darussalam,natural_grassland_cattle_hps_2030y_SOC,cf_mean,
Bulgaria,natural_grassland_cattle_hps_2030y_SOC,cf_mean,46.21088
Burkina Faso,natural_grassland_cattle_hps_2030y_SOC,cf_mean,32.425644
Burundi,natural_grassland_cattle_hps_2030y_SOC,cf_mean,56.63027
Cambodia,natural_grassland_cattle_hps_2030y_SOC,cf_mean,41.12746
Cameroon,natural_grassland_cattle_hps_2030y_SOC,cf_mean,34.26237
Canada,natural_grassland_cattle_hps_2030y_SOC,cf_mean,72.66887
Cape Verde,natural_grassland_cattle_hps_2030y_SOC,cf_mean,
Cayman Islands,natural_grassland_cattle_hps_2030y_SOC,cf_mean,
Central African Republic,natural_grassland_cattle_hps_2030y_SOC,cf_mean,30.876606
Chad,natural_grassland_cattle_hps_2030y_SOC,cf_mean,31.661957
Chile,natural_grassland_cattle_hps_2030y_SOC,cf_mean,94.268585
China,natural_grassland_cattle_hps_2030y_SOC,cf_mean,49.562237
China/India,natural_grassland_cattle_hps_2030y_SOC,cf_mean,59.41576
Christmas Island,natural_grassland_cattle_hps_2030y_SOC,cf_mean,
Clipperton Island,natural_grassland_cattle_hps_2030y_SOC,cf_mean,
Cocos (Keeling) Islands,natural_grassland_cattle_hps_2030y_SOC,cf_mean,
Colombia,natural_grassland_cattle_hps_2030y_SOC,cf_mean,49.986557
Comoros,natural_grassland_cattle_hps_2030y_SOC,cf_mean,
Congo,natural_grassland_cattle_hps_2030y_SOC,cf_mean,43.31108
Cook Islands,natural_grassland_cattle_hps_2030y_SOC,cf_mean,
Costa Rica,natural_grassland_cattle_hps_2030y_SOC,cf_mean,47.70953
Croatia,natural_grassland_cattle_hps_2030y_SOC,cf_mean,70.79822
Cuba,natural_grassland_cattle_hps_2030y_SOC,cf_mean,76.72497
Cyprus,natural_grassland_cattle_hps_2030y_SOC,cf_mean,59.20082
Czech Republic,natural_grassland_cattle_hps_2030y_SOC,cf_mean,57.529327
Côte d'Ivoire,natural_grassland_cattle_hps_2030y_SOC,cf_mean,34.77083
Dem People's Rep of Korea,natural_grassland_cattle_hps_2030y_SOC,cf_mean,59.475063
Democratic Republic of the Congo,natural_grassland_cattle_hps_2030y_SOC,cf_mean,35.281868
Denmark,natural_grassland_cattle_hps_2030y_SOC,cf_mean,101.220535
Djibouti,natural_grassland_cattle_hps_2030y_SOC,cf_mean,39.858536
Dominica,natural_grassland_cattle_hps_2030y_SOC,cf_mean,
Dominican Republic,natural_grassland_cattle_hps_2030y_SOC,cf_mean,64.38427
Ecuador,natural_grassland_cattle_hps_2030y_SOC,cf_mean,64.51686
Egypt,natural_grassland_cattle_hps_2030y_SOC,cf_mean,32.38133
El Salvador,natural_grassland_cattle_hps_2030y_SOC,cf_mean,
Equatorial Guinea,natural_grassland_cattle_hps_2030y_SOC,cf_mean,41.67039
Eritrea,natural_grassland_cattle_hps_2030y_SOC,cf_mean,42.349304
Estonia,natural_grassland_cattle_hps_2030y_SOC,cf_mean,80.30848
Ethiopia,natural_grassland_cattle_hps_2030y_SOC,cf_mean,49.732433
Europa Island,natural_grassland_cattle_hps_2030y_SOC,cf_mean,
Falkland Islands (Malvinas),natural_grassland_cattle_hps_2030y_SOC,cf_mean,
Faroe Islands,natural_grassland_cattle_hps_2030y_SOC,cf_mean,121.048004
Fiji,natural_grassland_cattle_hps_2030y_SOC,cf_mean,
Finland,natural_grassland_cattle_hps_2030y_SOC,cf_mean,86.82833
France,natural_grassland_cattle_hps_2030y_SOC,cf_mean,57.42104
French Guiana,natural_grassland_cattle_hps_2030y_SOC,cf_mean,38.77037
French Polynesia,natural_grassland_cattle_hps_2030y_SOC,cf_mean,
French Southern and Antarctic Territories,natural_grassland_cattle_hps_2030y_SOC,cf_mean,
Gabon,natural_grassland_cattle_hps_2030y_SOC,cf_mean,44.74705
Gambia,natural_grassland_cattle_hps_2030y_SOC,cf_mean,30.345934
Gaza Strip,natural_grassland_cattle_hps_2030y_SOC,cf_mean,29.103666
Georgia,natural_grassland_cattle_hps_2030y_SOC,cf_mean,69.08296
Germany,natural_grassland_cattle_hps_2030y_SOC,cf_mean,61.978764
Ghana,natural_grassland_cattle_hps_2030y_SOC,cf_mean,35.00712
Gibraltar,natural_grassland_cattle_hps_2030y_SOC,cf_mean,49.51207
Glorioso Island,natural_grassland_cattle_hps_2030y_SOC,cf_mean,
Greece,natural_grassland_cattle_hps_2030y_SOC,cf_mean,48.474216
Greenland,natural_grassland_cattle_hps_2030y_SOC,cf_mean,106.466736
Grenada,natural_grassland_cattle_hps_2030y_SOC,cf_mean,
Guadeloupe,natural_grassland_cattle_hps_2030y_SOC,cf_mean,
Guam,natural_grassland_cattle_hps_2030y_SOC,cf_mean,
Guatemala,natural_grassland_cattle_hps_2030y_SOC,cf_mean,50.55
Guernsey,natural_grassland_cattle_hps_2030y_SOC,cf_mean,
Guinea,natural_grassland_cattle_hps_2030y_SOC,cf_mean,48.52177
Guinea-Bissau,natural_grassland_cattle_hps_2030y_SOC,cf_mean,51.374386
Guyana,natural_grassland_cattle_hps_2030y_SOC,cf_mean,39.156105
Haiti,natural_grassland_cattle_hps_2030y_SOC,cf_mean,77.255646
Hala'ib triangle,natural_grassland_cattle_hps_2030y_SOC,cf_mean,36.51948
Heard Island and McDonald Islands,natural_grassland_cattle_hps_2030y_SOC,cf_mean,
Holy See,natural_grassland_cattle_hps_2030y_SOC,cf_mean,
Honduras,natural_grassland_cattle_hps_2030y_SOC,cf_mean,52.51212
Hong Kong,natural_grassland_cattle_hps_2030y_SOC,cf_mean,
Howland Island,natural_grassland_cattle_hps_2030y_SOC,cf_mean,
Hungary,natural_grassland_cattle_hps_2030y_SOC,cf_mean,51.75332
Iceland,natural_grassland_cattle_hps_2030y_SOC,cf_mean,119.88592
Ilemi triangle,natural_grassland_cattle_hps_2030y_SOC,cf_mean,47.488667
India,natural_grassland_cattle_hps_2030y_SOC,cf_mean,39.652176
Indonesia,natural_grassland_cattle_hps_2030y_SOC,cf_mean,57.73581
Iran  (Islamic Republic of),natural_grassland_cattle_hps_2030y_SOC,cf_mean,37.84047
Iraq,natural_grassland_cattle_hps_2030y_SOC,cf_mean,30.680847
Ireland,natural_grassland_cattle_hps_2030y_SOC,cf_mean,96.64917
Isle of Man,natural_grassland_cattle_hps_2030y_SOC,cf_mean,
Israel,natural_grassland_cattle_hps_2030y_SOC,cf_mean,41.54893
Italy,natural_grassland_cattle_hps_2030y_SOC,cf_mean,55.760994
Jamaica,natural_grassland_cattle_hps_2030y_SOC,cf_mean,
Jammu and Kashmir,natural_grassland_cattle_hps_2030y_SOC,cf_mean,54.14409
Japan,natural_grassland_cattle_hps_2030y_SOC,cf_mean,81.13625
Jarvis Island,natural_grassland_cattle_hps_2030y_SOC,cf_mean,
Jersey,natural_grassland_cattle_hps_2030y_SOC,cf_mean,
Johnston Atoll,natural_grassland_cattle_hps_2030y_SOC,cf_mean,
Jordan,natural_grassland_cattle_hps_2030y_SOC,cf_mean,40.276638
Juan de Nova Island,natural_grassland_cattle_hps_2030y_SOC,cf_mean,
Kazakhstan,natural_grassland_cattle_hps_2030y_SOC,cf_mean,52.27793
Kenya,natural_grassland_cattle_hps_2030y_SOC,cf_mean,41.603893
Kingman Reef,natural_grassland_cattle_hps_2030y_SOC,cf_mean,
Kiribati,natural_grassland_cattle_hps_2030y_SOC,cf_mean,
Kuril islands,natural_grassland_cattle_hps_2030y_SOC,cf_mean,124.11639
Kuwait,natural_grassland_cattle_hps_2030y_SOC,cf_mean,
Kyrgyzstan,natural_grassland_cattle_hps_2030y_SOC,cf_mean,65.14532
Lao People's Democratic Republic,natural_grassland_cattle_hps_2030y_SOC,cf_mean,41.4618
Latvia,natural_grassland_cattle_hps_2030y_SOC,cf_mean,70.18064
Lebanon,natural_grassland_cattle_hps_2030y_SOC,cf_mean,45.15717
Lesotho,natural_grassland_cattle_hps_2030y_SOC,cf_mean,48.114067
Liberia,natural_grassland_cattle_hps_2030y_SOC,cf_mean,
Libya,natural_grassland_cattle_hps_2030y_SOC,cf_mean,27.226896
Liechtenstein,natural_grassland_cattle_hps_2030y_SOC,cf_mean,80.3668
Lithuania,natural_grassland_cattle_hps_2030y_SOC,cf_mean,59.13373
Luxembourg,natural_grassland_cattle_hps_2030y_SOC,cf_mean,63.628155
Ma'tan al-Sarra,natural_grassland_cattle_hps_2030y_SOC,cf_mean,27.46461
Macau,natural_grassland_cattle_hps_2030y_SOC,cf_mean,
Madagascar,natural_grassland_cattle_hps_2030y_SOC,cf_mean,46.036438
Madeira Islands,natural_grassland_cattle_hps_2030y_SOC,cf_mean,94.73709
Malawi,natural_grassland_cattle_hps_2030y_SOC,cf_mean,38.757397
Malaysia,natural_grassland_cattle_hps_2030y_SOC,cf_mean,44.082783
Maldives,natural_grassland_cattle_hps_2030y_SOC,cf_mean,
Mali,natural_grassland_cattle_hps_2030y_SOC,cf_mean,29.629759
Malta,natural_grassland_cattle_hps_2030y_SOC,cf_mean,
Marshall Islands,natural_grassland_cattle_hps_2030y_SOC,cf_mean,
Martinique,natural_grassland_cattle_hps_2030y_SOC,cf_mean,
Mauritania,natural_grassland_cattle_hps_2030y_SOC,cf_mean,29.697874
Mauritius,natural_grassland_cattle_hps_2030y_SOC,cf_mean,
Mayotte,natural_grassland_cattle_hps_2030y_SOC,cf_mean,
Mexico,natural_grassland_cattle_hps_2030y_SOC,cf_mean,43.663193
Micronesia (Federated States of),natural_grassland_cattle_hps_2030y_SOC,cf_mean,
Midway Island,natural_grassland_cattle_hps_2030y_SOC,cf_mean,
"Moldova, Republic of",natural_grassland_cattle_hps_2030y_SOC,cf_mean,56.06493
Monaco,natural_grassland_cattle_hps_2030y_SOC,cf_mean,85.60156
Mongolia,natural_grassland_cattle_hps_2030y_SOC,cf_mean,49.366856
Montenegro,natural_grassland_cattle_hps_2030y_SOC,cf_mean,71.267265
Montserrat,natural_grassland_cattle_hps_2030y_SOC,cf_mean,
Morocco,natural_grassland_cattle_hps_2030y_SOC,cf_mean,32.137848
Mozambique,natural_grassland_cattle_hps_2030y_SOC,cf_mean,46.14916
Myanmar,natural_grassland_cattle_hps_2030y_SOC,cf_mean,53.807686
Namibia,natural_grassland_cattle_hps_2030y_SOC,cf_mean,30.267405
Nauru,natural_grassland_cattle_hps_2030y_SOC,cf_mean,
Navassa Island,natural_grassland_cattle_hps_2030y_SOC,cf_mean,
Nepal,natural_grassland_cattle_hps_2030y_SOC,cf_mean,51.875153
Netherlands,natural_grassland_cattle_hps_2030y_SOC,cf_mean,85.73134
Netherlands Antilles,natural_grassland_cattle_hps_2030y_SOC,cf_mean,
New Caledonia,natural_grassland_cattle_hps_2030y_SOC,cf_mean,
New Zealand,natural_grassland_cattle_hps_2030y_SOC,cf_mean,99.057396
Nicaragua,natural_grassland_cattle_hps_2030y_SOC,cf_mean,56.92669
Niger,natural_grassland_cattle_hps_2030y_SOC,cf_mean,29.761927
Nigeria,natural_grassland_cattle_hps_2030y_SOC,cf_mean,30.474957
Niue,natural_grassland_cattle_hps_2030y_SOC,cf_mean,
Norfolk Island,natural_grassland_cattle_hps_2030y_SOC,cf_mean,
Northern Mariana Islands,natural_grassland_cattle_hps_2030y_SOC,cf_mean,
Norway,natural_grassland_cattle_hps_2030y_SOC,cf_mean,91.41109
Oman,natural_grassland_cattle_hps_2030y_SOC,cf_mean,32.155567
Pakistan,natural_grassland_cattle_hps_2030y_SOC,cf_mean,35.836323
Palau,natural_grassland_cattle_hps_2030y_SOC,cf_mean,
Palmyra Atoll,natural_grassland_cattle_hps_2030y_SOC,cf_mean,
Panama,natural_grassland_cattle_hps_2030y_SOC,cf_mean,43.813465
Papua New Guinea,natural_grassland_cattle_hps_2030y_SOC,cf_mean,90.18192
Paracel Islands,natural_grassland_cattle_hps_2030y_SOC,cf_mean,
Paraguay,natural_grassland_cattle_hps_2030y_SOC,cf_mean,40.18824
Peru,natural_grassland_cattle_hps_2030y_SOC,cf_mean,58.29438
Philippines,natural_grassland_cattle_hps_2030y_SOC,cf_mean,81.670235
Pitcairn,natural_grassland_cattle_hps_2030y_SOC,cf_mean,
Poland,natural_grassland_cattle_hps_2030y_SOC,cf_mean,46.664062
Portugal,natural_grassland_cattle_hps_2030y_SOC,cf_mean,44.89828
Puerto Rico,natural_grassland_cattle_hps_2030y_SOC,cf_mean,
Qatar,natural_grassland_cattle_hps_2030y_SOC,cf_mean,
Republic of Korea,natural_grassland_cattle_hps_2030y_SOC,cf_mean,47.774296
Romania,natural_grassland_cattle_hps_2030y_SOC,cf_mean,50.36361
Russian Federation,natural_grassland_cattle_hps_2030y_SOC,cf_mean,79.6067
Rwanda,natural_grassland_cattle_hps_2030y_SOC,cf_mean,58.926083
Réunion,natural_grassland_cattle_hps_2030y_SOC,cf_mean,
Saint Helena,natural_grassland_cattle_hps_2030y_SOC,cf_mean,
Saint Kitts and Nevis,natural_grassland_cattle_hps_2030y_SOC,cf_mean,
Saint Lucia,natural_grassland_cattle_hps_2030y_SOC,cf_mean,
Saint Pierre et Miquelon,natural_grassland_cattle_hps_2030y_SOC,cf_mean,
Saint Vincent and the Grenadines,natural_grassland_cattle_hps_2030y_SOC,cf_mean,
Samoa,natural_grassland_cattle_hps_2030y_SOC,cf_mean,
San Marino,natural_grassland_cattle_hps_2030y_SOC,cf_mean,46.97657
Sao Tome and Principe,natural_grassland_cattle_hps_2030y_SOC,cf_mean,
Saudi Arabia,natural_grassland_cattle_hps_2030y_SOC,cf_mean,28.408497
Scarborough Reef,natural_grassland_cattle_hps_2030y_SOC,cf_mean,
Senegal,natural_grassland_cattle_hps_2030y_SOC,cf_mean,31.090752
Senkaku Islands,natural_grassland_cattle_hps_2030y_SOC,cf_mean,
Serbia,natural_grassland_cattle_hps_2030y_SOC,cf_mean,60.100662
Seychelles,natural_grassland_cattle_hps_2030y_SOC,cf_mean,
Sierra Leone,natural_grassland_cattle_hps_2030y_SOC,cf_mean,47.75727
Singapore,natural_grassland_cattle_hps_2030y_SOC,cf_mean,
Slovakia,natural_grassland_cattle_hps_2030y_SOC,cf_mean,68.70235
Slovenia,natural_grassland_cattle_hps_2030y_SOC,cf_mean,78.367455
Solomon Islands,natural_grassland_cattle_hps_2030y_SOC,cf_mean,
Somalia,natural_grassland_cattle_hps_2030y_SOC,cf_mean,43.42691
South Africa,natural_grassland_cattle_hps_2030y_SOC,cf_mean,37.877605
South Georgia and the South Sandwich Islands,natural_grassland_cattle_hps_2030y_SOC,cf_mean,
South Sudan,natural_grassland_cattle_hps_2030y_SOC,cf_mean,35.379612
Spain,natural_grassland_cattle_hps_2030y_SOC,cf_mean,45.197598
Spratly Islands,natural_grassland_cattle_hps_2030y_SOC,cf_mean,
Sri Lanka,natural_grassland_cattle_hps_2030y_SOC,cf_mean,
Sudan,natural_grassland_cattle_hps_2030y_SOC,cf_mean,31.110153
Suriname,natural_grassland_cattle_hps_2030y_SOC,cf_mean,35.63566
Svalbard and Jan Mayen Islands,natural_grassland_cattle_hps_2030y_SOC,cf_mean,
Swaziland,natural_grassland_cattle_hps_2030y_SOC,cf_mean,47.66756
Sweden,natural_grassland_cattle_hps_2030y_SOC,cf_mean,88.02747
Switzerland,natural_grassland_cattle_hps_2030y_SOC,cf_mean,76.351654
Syrian Arab Republic,natural_grassland_cattle_hps_2030y_SOC,cf_mean,32.011826
Taiwan,natural_grassland_cattle_hps_2030y_SOC,cf_mean,
Tajikistan,natural_grassland_cattle_hps_2030y_SOC,cf_mean,54.459824
Thailand,natural_grassland_cattle_hps_2030y_SOC,cf_mean,42.279213
The former Yugoslav Republic of Macedonia,natural_grassland_cattle_hps_2030y_SOC,cf_mean,46.668427
Timor-Leste,natural_grassland_cattle_hps_2030y_SOC,cf_mean,72.85116
Togo,natural_grassland_cattle_hps_2030y_SOC,cf_mean,33.45544
Tokelau,natural_grassland_cattle_hps_2030y_SOC,cf_mean,
Tonga,natural_grassland_cattle_hps_2030y_SOC,cf_mean,
Trinidad and Tobago,natural_grassland_cattle_hps_2030y_SOC,cf_mean,
Tromelin Island,natural_grassland_cattle_hps_2030y_SOC,cf_mean,
Tunisia,natural_grassland_cattle_hps_2030y_SOC,cf_mean,28.80057
Turkey,natural_grassland_cattle_hps_2030y_SOC,cf_mean,50.808975
Turkmenistan,natural_grassland_cattle_hps_2030y_SOC,cf_mean,34.93472
Turks and Caicos islands,natural_grassland_cattle_hps_2030y_SOC,cf_mean,
Tuvalu,natural_grassland_cattle_hps_2030y_SOC,cf_mean,
U.K. of Great Britain and Northern Ireland,natural_grassland_cattle_hps_2030y_SOC,cf_mean,90.749985
Uganda,natural_grassland_cattle_hps_2030y_SOC,cf_mean,49.712437
Ukraine,natural_grassland_cattle_hps_2030y_SOC,cf_mean,63.093864
United Arab Emirates,natural_grassland_cattle_hps_2030y_SOC,cf_mean,35.571228
United Republic of Tanzania,natural_grassland_cattle_hps_2030y_SOC,cf_mean,37.99868
United States Virgin Islands,natural_grassland_cattle_hps_2030y_SOC,cf_mean,
United States of America,natural_grassland_cattle_hps_2030y_SOC,cf_mean,49.132732
Uruguay,natural_grassland_cattle_hps_2030y_SOC,cf_mean,48.9292
Uzbekistan,natural_grassland_cattle_hps_2030y_SOC,cf_mean,38.87837
Vanuatu,natural_grassland_cattle_hps_2030y_SOC,cf_mean,
Venezuela,natural_grassland_cattle_hps_2030y_SOC,cf_mean,41.868736
Viet Nam,natural_grassland_cattle_hps_2030y_SOC,cf_mean,53.67405
Wake Island,natural_grassland_cattle_hps_2030y_SOC,cf_mean,
Wallis and Futuna,natural_grassland_cattle_hps_2030y_SOC,cf_mean,
West Bank,natural_grassland_cattle_hps_2030y_SOC,cf_mean,40.237705
Western Sahara,natural_grassland_cattle_hps_2030y_SOC,cf_mean,29.928719
Yemen,natural_grassland_cattle_hps_2030y_SOC,cf_mean,32.582146
Zambia,natural_grassland_cattle_hps_2030y_SOC,cf_mean,37.04803
Zimbabwe,natural_grassland_cattle_hps_2030y_SOC,cf_mean,34.230293
Abyei,natural_grassland_cattle_hps_2030y_SOC,cf_median,32.665924
Afghanistan,natural_grassland_cattle_hps_2030y_SOC,cf_median,43.439857
Aksai Chin,natural_grassland_cattle_hps_2030y_SOC,cf_median,44.863575
Albania,natural_grassland_cattle_hps_2030y_SOC,cf_median,52.897514
Algeria,natural_grassland_cattle_hps_2030y_SOC,cf_median,31.407412
American Samoa,natural_grassland_cattle_hps_2030y_SOC,cf_median,
Andorra,natural_grassland_cattle_hps_2030y_SOC,cf_median,64.8522
Angola,natural_grassland_cattle_hps_2030y_SOC,cf_median,30.59134
Anguilla,natural_grassland_cattle_hps_2030y_SOC,cf_median,
Antarctica,natural_grassland_cattle_hps_2030y_SOC,cf_median,
Antigua and Barbuda,natural_grassland_cattle_hps_2030y_SOC,cf_median,
Argentina,natural_grassland_cattle_hps_2030y_SOC,cf_median,40.418884
Armenia,natural_grassland_cattle_hps_2030y_SOC,cf_median,63.19343
Aruba,natural_grassland_cattle_hps_2030y_SOC,cf_median,
Arunachal Pradesh,natural_grassland_cattle_hps_2030y_SOC,cf_median,55.08154
Ashmore and Cartier Islands,natural_grassland_cattle_hps_2030y_SOC,cf_median,
Australia,natural_grassland_cattle_hps_2030y_SOC,cf_median,33.23025
Austria,natural_grassland_cattle_hps_2030y_SOC,cf_median,76.917534
Azerbaijan,natural_grassland_cattle_hps_2030y_SOC,cf_median,56.604034
Azores Islands,natural_grassland_cattle_hps_2030y_SOC,cf_median,
Bahamas,natural_grassland_cattle_hps_2030y_SOC,cf_median,121.91104
Bahrain,natural_grassland_cattle_hps_2030y_SOC,cf_median,
Baker Island,natural_grassland_cattle_hps_2030y_SOC,cf_median,
Bangladesh,natural_grassland_cattle_hps_2030y_SOC,cf_median,41.969868
Barbados,natural_grassland_cattle_hps_2030y_SOC,cf_median,
Bassas da India,natural_grassland_cattle_hps_2030y_SOC,cf_median,
Belarus,natural_grassland_cattle_hps_2030y_SOC,cf_median,60.9465
Belgium,natural_grassland_cattle_hps_2030y_SOC,cf_median,66.87404
Belize,natural_grassland_cattle_hps_2030y_SOC,cf_median,42.841812
Benin,natural_grassland_cattle_hps_2030y_SOC,cf_median,29.479845
Bermuda,natural_grassland_cattle_hps_2030y_SOC,cf_median,
Bhutan,natural_grassland_cattle_hps_2030y_SOC,cf_median,63.135723
Bird Island,natural_grassland_cattle_hps_2030y_SOC,cf_median,
Bolivia,natural_grassland_cattle_hps_2030y_SOC,cf_median,38.75958
Bosnia and Herzegovina,natural_grassland_cattle_hps_2030y_SOC,cf_median,72.344025
Botswana,natural_grassland_cattle_hps_2030y_SOC,cf_median,31.465725
Bouvet Island,natural_grassland_cattle_hps_2030y_SOC,cf_median,
Brazil,natural_grassland_cattle_hps_2030y_SOC,cf_median,37.579987
British Indian Ocean Territory,natural_grassland_cattle_hps_2030y_SOC,cf_median,
British Virgin Islands,natural_grassland_cattle_hps_2030y_SOC,cf_median,
Brunei Darussalam,natural_grassland_cattle_hps_2030y_SOC,cf_median,
Bulgaria,natural_grassland_cattle_hps_2030y_SOC,cf_median,45.664886
Burkina Faso,natural_grassland_cattle_hps_2030y_SOC,cf_median,31.931005
Burundi,natural_grassland_cattle_hps_2030y_SOC,cf_median,56.685215
Cambodia,natural_grassland_cattle_hps_2030y_SOC,cf_median,41.086163
Cameroon,natural_grassland_cattle_hps_2030y_SOC,cf_median,31.876701
Canada,natural_grassland_cattle_hps_2030y_SOC,cf_median,70.934784
Cape Verde,natural_grassland_cattle_hps_2030y_SOC,cf_median,
Cayman Islands,natural_grassland_cattle_hps_2030y_SOC,cf_median,
Central African Republic,natural_grassland_cattle_hps_2030y_SOC,cf_median,30.565752
Chad,natural_grassland_cattle_hps_2030y_SOC,cf_median,31.61316
Chile,natural_grassland_cattle_hps_2030y_SOC,cf_median,101.62354
China,natural_grassland_cattle_hps_2030y_SOC,cf_median,44.249126
China/India,natural_grassland_cattle_hps_2030y_SOC,cf_median,60.36848
Christmas Island,natural_grassland_cattle_hps_2030y_SOC,cf_median,
Clipperton Island,natural_grassland_cattle_hps_2030y_SOC,cf_median,
Cocos (Keeling) Islands,natural_grassland_cattle_hps_2030y_SOC,cf_median,
Colombia,natural_grassland_cattle_hps_2030y_SOC,cf_median,41.735706
Comoros,natural_grassland_cattle_hps_2030y_SOC,cf_median,
Congo,natural_grassland_cattle_hps_2030y_SOC,cf_median,42.684067
Cook Islands,natural_grassland_cattle_hps_2030y_SOC,cf_median,
Costa Rica,natural_grassland_cattle_hps_2030y_SOC,cf_median,48.60426
Croatia,natural_grassland_cattle_hps_2030y_SOC,cf_median,71.68661
Cuba,natural_grassland_cattle_hps_2030y_SOC,cf_median,52.76819
Cyprus,natural_grassland_cattle_hps_2030y_SOC,cf_median,60.135628
Czech Republic,natural_grassland_cattle_hps_2030y_SOC,cf_median,56.03863
Côte d'Ivoire,natural_grassland_cattle_hps_2030y_SOC,cf_median,34.835728
Dem People's Rep of Korea,natural_grassland_cattle_hps_2030y_SOC,cf_median,57.23492
Democratic Republic of the Congo,natural_grassland_cattle_hps_2030y_SOC,cf_median,34.625015
Denmark,natural_grassland_cattle_hps_2030y_SOC,cf_median,105.64168
Djibouti,natural_grassland_cattle_hps_2030y_SOC,cf_median,31.662283
Dominica,natural_grassland_cattle_hps_2030y_SOC,cf_median,
Dominican Republic,natural_grassland_cattle_hps_2030y_SOC,cf_median,53.331898
Ecuador,natural_grassland_cattle_hps_2030y_SOC,cf_median,65.04802
Egypt,natural_grassland_cattle_hps_2030y_SOC,cf_median,29.28793
El Salvador,natural_grassland_cattle_hps_2030y_SOC,cf_median,
Equatorial Guinea,natural_grassland_cattle_hps_2030y_SOC,cf_median,41.778484
Eritrea,natural_grassland_cattle_hps_2030y_SOC,cf_median,39.463036
Estonia,natural_grassland_cattle_hps_2030y_SOC,cf_median,67.37033
Ethiopia,natural_grassland_cattle_hps_2030y_SOC,cf_median,48.172607
Europa Island,natural_grassland_cattle_hps_2030y_SOC,cf_median,
Falkland Islands (Malvinas),natural_grassland_cattle_hps_2030y_SOC,cf_median,
Faroe Islands,natural_grassland_cattle_hps_2030y_SOC,cf_median,119.55078
Fiji,natural_grassland_cattle_hps_2030y_SOC,cf_median,
Finland,natural_grassland_cattle_hps_2030y_SOC,cf_median,85.62149
France,natural_grassland_cattle_hps_2030y_SOC,cf_median,53.78221
French Guiana,natural_grassland_cattle_hps_2030y_SOC,cf_median,38.014896
French Polynesia,natural_grassland_cattle_hps_2030y_SOC,cf_median,
French Southern and Antarctic Territories,natural_grassland_cattle_hps_2030y_SOC,cf_median,
Gabon,natural_grassland_cattle_hps_2030y_SOC,cf_median,41.32225
Gambia,natural_grassland_cattle_hps_2030y_SOC,cf_median,30.48533
Gaza Strip,natural_grassland_cattle_hps_2030y_SOC,cf_median,28.362022
Georgia,natural_grassland_cattle_hps_2030y_SOC,cf_median,71.967674
Germany,natural_grassland_cattle_hps_2030y_SOC,cf_median,59.11685
Ghana,natural_grassland_cattle_hps_2030y_SOC,cf_median,33.744705
Gibraltar,natural_grassland_cattle_hps_2030y_SOC,cf_median,49.51207
Glorioso Island,natural_grassland_cattle_hps_2030y_SOC,cf_median,
Greece,natural_grassland_cattle_hps_2030y_SOC,cf_median,44.53648
Greenland,natural_grassland_cattle_hps_2030y_SOC,cf_median,108.02062
Grenada,natural_grassland_cattle_hps_2030y_SOC,cf_median,
Guadeloupe,natural_grassland_cattle_hps_2030y_SOC,cf_median,
Guam,natural_grassland_cattle_hps_2030y_SOC,cf_median,
Guatemala,natural_grassland_cattle_hps_2030y_SOC,cf_median,47.95328
Guernsey,natural_grassland_cattle_hps_2030y_SOC,cf_median,
Guinea,natural_grassland_cattle_hps_2030y_SOC,cf_median,47.99969
Guinea-Bissau,natural_grassland_cattle_hps_2030y_SOC,cf_median,44.066177
Guyana,natural_grassland_cattle_hps_2030y_SOC,cf_median,37.82063
Haiti,natural_grassland_cattle_hps_2030y_SOC,cf_median,53.337
Hala'ib triangle,natural_grassland_cattle_hps_2030y_SOC,cf_median,30.339956
Heard Island and McDonald Islands,natural_grassland_cattle_hps_2030y_SOC,cf_median,
Holy See,natural_grassland_cattle_hps_2030y_SOC,cf_median,
Honduras,natural_grassland_cattle_hps_2030y_SOC,cf_median,48.52848
Hong Kong,natural_grassland_cattle_hps_2030y_SOC,cf_median,
Howland Island,natural_grassland_cattle_hps_2030y_SOC,cf_median,
Hungary,natural_grassland_cattle_hps_2030y_SOC,cf_median,52.018494
Iceland,natural_grassland_cattle_hps_2030y_SOC,cf_median,119.54015
Ilemi triangle,natural_grassland_cattle_hps_2030y_SOC,cf_median,46.7633
India,natural_grassland_cattle_hps_2030y_SOC,cf_median,37.316936
Indonesia,natural_grassland_cattle_hps_2030y_SOC,cf_median,43.1422
Iran  (Islamic Republic of),natural_grassland_cattle_hps_2030y_SOC,cf_median,38.06128
Iraq,natural_grassland_cattle_hps_2030y_SOC,cf_median,27.025677
Ireland,natural_grassland_cattle_hps_2030y_SOC,cf_median,90.07318
Isle of Man,natural_grassland_cattle_hps_2030y_SOC,cf_median,
Israel,natural_grassland_cattle_hps_2030y_SOC,cf_median,42.941196
Italy,natural_grassland_cattle_hps_2030y_SOC,cf_median,55.2003
Jamaica,natural_grassland_cattle_hps_2030y_SOC,cf_median,
Jammu and Kashmir,natural_grassland_cattle_hps_2030y_SOC,cf_median,54.64125
Japan,natural_grassland_cattle_hps_2030y_SOC,cf_median,75.61324
Jarvis Island,natural_grassland_cattle_hps_2030y_SOC,cf_median,
Jersey,natural_grassland_cattle_hps_2030y_SOC,cf_median,
Johnston Atoll,natural_grassland_cattle_hps_2030y_SOC,cf_median,
Jordan,natural_grassland_cattle_hps_2030y_SOC,cf_median,37.29202
Juan de Nova Island,natural_grassland_cattle_hps_2030y_SOC,cf_median,
Kazakhstan,natural_grassland_cattle_hps_2030y_SOC,cf_median,54.049652
Kenya,natural_grassland_cattle_hps_2030y_SOC,cf_median,39.540066
Kingman Reef,natural_grassland_cattle_hps_2030y_SOC,cf_median,
Kiribati,natural_grassland_cattle_hps_2030y_SOC,cf_median,
Kuril islands,natural_grassland_cattle_hps_2030y_SOC,cf_median,124.196
Kuwait,natural_grassland_cattle_hps_2030y_SOC,cf_median,
Kyrgyzstan,natural_grassland_cattle_hps_2030y_SOC,cf_median,65.94753
Lao People's Democratic Republic,natural_grassland_cattle_hps_2030y_SOC,cf_median,41.101303
Latvia,natural_grassland_cattle_hps_2030y_SOC,cf_median,69.73865
Lebanon,natural_grassland_cattle_hps_2030y_SOC,cf_median,42.78298
Lesotho,natural_grassland_cattle_hps_2030y_SOC,cf_median,47.206024
Liberia,natural_grassland_cattle_hps_2030y_SOC,cf_median,
Libya,natural_grassland_cattle_hps_2030y_SOC,cf_median,25.190033
Liechtenstein,natural_grassland_cattle_hps_2030y_SOC,cf_median,82.35826
Lithuania,natural_grassland_cattle_hps_2030y_SOC,cf_median,59.34281
Luxembourg,natural_grassland_cattle_hps_2030y_SOC,cf_median,65.71027
Ma'tan al-Sarra,natural_grassland_cattle_hps_2030y_SOC,cf_median,27.43938
Macau,natural_grassland_cattle_hps_2030y_SOC,cf_median,
Madagascar,natural_grassland_cattle_hps_2030y_SOC,cf_median,42.22794
Madeira Islands,natural_grassland_cattle_hps_2030y_SOC,cf_median,94.73709
Malawi,natural_grassland_cattle_hps_2030y_SOC,cf_median,37.524952
Malaysia,natural_grassland_cattle_hps_2030y_SOC,cf_median,41.104774
Maldives,natural_grassland_cattle_hps_2030y_SOC,cf_median,
Mali,natural_grassland_cattle_hps_2030y_SOC,cf_median,29.4672
Malta,natural_grassland_cattle_hps_2030y_SOC,cf_median,
Marshall Islands,natural_grassland_cattle_hps_2030y_SOC,cf_median,
Martinique,natural_grassland_cattle_hps_2030y_SOC,cf_median,
Mauritania,natural_grassland_cattle_hps_2030y_SOC,cf_median,28.885677
Mauritius,natural_grassland_cattle_hps_2030y_SOC,cf_median,
Mayotte,natural_grassland_cattle_hps_2030y_SOC,cf_median,
Mexico,natural_grassland_cattle_hps_2030y_SOC,cf_median,41.525707
Micronesia (Federated States of),natural_grassland_cattle_hps_2030y_SOC,cf_median,
Midway Island,natural_grassland_cattle_hps_2030y_SOC,cf_median,
"Moldova, Republic of",natural_grassland_cattle_hps_2030y_SOC,cf_median,56.89408
Monaco,natural_grassland_cattle_hps_2030y_SOC,cf_median,85.60156
Mongolia,natural_grassland_cattle_hps_2030y_SOC,cf_median,44.05792
Montenegro,natural_grassland_cattle_hps_2030y_SOC,cf_median,71.0944
Montserrat,natural_grassland_cattle_hps_2030y_SOC,cf_median,
Morocco,natural_grassland_cattle_hps_2030y_SOC,cf_median,32.38476
Mozambique,natural_grassland_cattle_hps_2030y_SOC,cf_median,36.091915
Myanmar,natural_grassland_cattle_hps_2030y_SOC,cf_median,50.25482
Namibia,natural_grassland_cattle_hps_2030y_SOC,cf_median,29.945473
Nauru,natural_grassland_cattle_hps_2030y_SOC,cf_median,
Navassa Island,natural_grassland_cattle_hps_2030y_SOC,cf_median,
Nepal,natural_grassland_cattle_hps_2030y_SOC,cf_median,49.480263
Netherlands,natural_grassland_cattle_hps_2030y_SOC,cf_median,73.60593
Netherlands Antilles,natural_grassland_cattle_hps_2030y_SOC,cf_median,
New Caledonia,natural_grassland_cattle_hps_2030y_SOC,cf_median,
New Zealand,natural_grassland_cattle_hps_2030y_SOC,cf_median,92.80713
Nicaragua,natural_grassland_cattle_hps_2030y_SOC,cf_median,47.58173
Niger,natural_grassland_cattle_hps_2030y_SOC,cf_median,30.803036
Nigeria,natural_grassland_cattle_hps_2030y_SOC,cf_median,30.107748
Niue,natural_grassland_cattle_hps_2030y_SOC,cf_median,
Norfolk Island,natural_grassland_cattle_hps_2030y_SOC,cf_median,
Northern Mariana Islands,natural_grassland_cattle_hps_2030y_SOC,cf_median,
Norway,natural_grassland_cattle_hps_2030y_SOC,cf_median,89.799286
Oman,natural_grassland_cattle_hps_2030y_SOC,cf_median,29.935074
Pakistan,natural_grassland_cattle_hps_2030y_SOC,cf_median,32.792812
Palau,natural_grassland_cattle_hps_2030y_SOC,cf_median,
Palmyra Atoll,natural_grassland_cattle_hps_2030y_SOC,cf_median,
Panama,natural_grassland_cattle_hps_2030y_SOC,cf_median,42.40657
Papua New Guinea,natural_grassland_cattle_hps_2030y_SOC,cf_median,84.54394
Paracel Islands,natural_grassland_cattle_hps_2030y_SOC,cf_median,
Paraguay,natural_grassland_cattle_hps_2030y_SOC,cf_median,39.75282
Peru,natural_grassland_cattle_hps_2030y_SOC,cf_median,59.93782
Philippines,natural_grassland_cattle_hps_2030y_SOC,cf_median,102.99273
Pitcairn,natural_grassland_cattle_hps_2030y_SOC,cf_median,
Poland,natural_grassland_cattle_hps_2030y_SOC,cf_median,45.064774
Portugal,natural_grassland_cattle_hps_2030y_SOC,cf_median,42.395092
Puerto Rico,natural_grassland_cattle_hps_2030y_SOC,cf_median,
Qatar,natural_grassland_cattle_hps_2030y_SOC,cf_median,
Republic of Korea,natural_grassland_cattle_hps_2030y_SOC,cf_median,46.01529
Romania,natural_grassland_cattle_hps_2030y_SOC,cf_median,47.43418
Russian Federation,natural_grassland_cattle_hps_2030y_SOC,cf_median,77.90513
Rwanda,natural_grassland_cattle_hps_2030y_SOC,cf_median,58.597424
Réunion,natural_grassland_cattle_hps_2030y_SOC,cf_median,
Saint Helena,natural_grassland_cattle_hps_2030y_SOC,cf_median,
Saint Kitts and Nevis,natural_grassland_cattle_hps_2030y_SOC,cf_median,
Saint Lucia,natural_grassland_cattle_hps_2030y_SOC,cf_median,
Saint Pierre et Miquelon,natural_grassland_cattle_hps_2030y_SOC,cf_median,
Saint Vincent and the Grenadines,natural_grassland_cattle_hps_2030y_SOC,cf_median,
Samoa,natural_grassland_cattle_hps_2030y_SOC,cf_median,
San Marino,natural_grassland_cattle_hps_2030y_SOC,cf_median,45.022297
Sao Tome and Principe,natural_grassland_cattle_hps_2030y_SOC,cf_median,
Saudi Arabia,natural_grassland_cattle_hps_2030y_SOC,cf_median,28.165775
Scarborough Reef,natural_grassland_cattle_hps_2030y_SOC,cf_median,
Senegal,natural_grassland_cattle_hps_2030y_SOC,cf_median,29.783894
Senkaku Islands,natural_grassland_cattle_hps_2030y_SOC,cf_median,
Serbia,natural_grassland_cattle_hps_2030y_SOC,cf_median,60.189594
Seychelles,natural_grassland_cattle_hps_2030y_SOC,cf_median,
Sierra Leone,natural_grassland_cattle_hps_2030y_SOC,cf_median,46.217377
Singapore,natural_grassland_cattle_hps_2030y_SOC,cf_median,
Slovakia,natural_grassland_cattle_hps_2030y_SOC,cf_median,69.009926
Slovenia,natural_grassland_cattle_hps_2030y_SOC,cf_median,78.72691
Solomon Islands,natural_grassland_cattle_hps_2030y_SOC,cf_median,
Somalia,natural_grassland_cattle_hps_2030y_SOC,cf_median,41.442387
South Africa,natural_grassland_cattle_hps_2030y_SOC,cf_median,36.631783
South Georgia and the South Sandwich Islands,natural_grassland_cattle_hps_2030y_SOC,cf_median,
South Sudan,natural_grassland_cattle_hps_2030y_SOC,cf_median,34.743233
Spain,natural_grassland_cattle_hps_2030y_SOC,cf_median,38.174206
Spratly Islands,natural_grassland_cattle_hps_2030y_SOC,cf_median,
Sri Lanka,natural_grassland_cattle_hps_2030y_SOC,cf_median,
Sudan,natural_grassland_cattle_hps_2030y_SOC,cf_median,30.285812
Suriname,natural_grassland_cattle_hps_2030y_SOC,cf_median,34.08958
Svalbard and Jan Mayen Islands,natural_grassland_cattle_hps_2030y_SOC,cf_median,
Swaziland,natural_grassland_cattle_hps_2030y_SOC,cf_median,48.40982
Sweden,natural_grassland_cattle_hps_2030y_SOC,cf_median,86.48037
Switzerland,natural_grassland_cattle_hps_2030y_SOC,cf_median,76.01903
Syrian Arab Republic,natural_grassland_cattle_hps_2030y_SOC,cf_median,30.903004
Taiwan,natural_grassland_cattle_hps_2030y_SOC,cf_median,
Tajikistan,natural_grassland_cattle_hps_2030y_SOC,cf_median,57.1025
Thailand,natural_grassland_cattle_hps_2030y_SOC,cf_median,39.465267
The former Yugoslav Republic of Macedonia,natural_grassland_cattle_hps_2030y_SOC,cf_median,43.8376
Timor-Leste,natural_grassland_cattle_hps_2030y_SOC,cf_median,48.495277
Togo,natural_grassland_cattle_hps_2030y_SOC,cf_median,33.024467
Tokelau,natural_grassland_cattle_hps_2030y_SOC,cf_median,
Tonga,natural_grassland_cattle_hps_2030y_SOC,cf_median,
Trinidad and Tobago,natural_grassland_cattle_hps_2030y_SOC,cf_median,
Tromelin Island,natural_grassland_cattle_hps_2030y_SOC,cf_median,
Tunisia,natural_grassland_cattle_hps_2030y_SOC,cf_median,27.916382
Turkey,natural_grassland_cattle_hps_2030y_SOC,cf_median,48.01213
Turkmenistan,natural_grassland_cattle_hps_2030y_SOC,cf_median,33.94612
Turks and Caicos islands,natural_grassland_cattle_hps_2030y_SOC,cf_median,
Tuvalu,natural_grassland_cattle_hps_2030y_SOC,cf_median,
U.K. of Great Britain and Northern Ireland,natural_grassland_cattle_hps_2030y_SOC,cf_median,82.17133
Uganda,natural_grassland_cattle_hps_2030y_SOC,cf_median,48.207108
Ukraine,natural_grassland_cattle_hps_2030y_SOC,cf_median,60.6899
United Arab Emirates,natural_grassland_cattle_hps_2030y_SOC,cf_median,29.37956
United Republic of Tanzania,natural_grassland_cattle_hps_2030y_SOC,cf_median,35.930443
United States Virgin Islands,natural_grassland_cattle_hps_2030y_SOC,cf_median,
United States of America,natural_grassland_cattle_hps_2030y_SOC,cf_median,46.0272
Uruguay,natural_grassland_cattle_hps_2030y_SOC,cf_median,47.631905
Uzbekistan,natural_grassland_cattle_hps_2030y_SOC,cf_median,35.94824
Vanuatu,natural_grassland_cattle_hps_2030y_SOC,cf_median,
Venezuela,natural_grassland_cattle_hps_2030y_SOC,cf_median,40.296
Viet Nam,natural_grassland_cattle_hps_2030y_SOC,cf_median,43.9884
Wake Island,natural_grassland_cattle_hps_2030y_SOC,cf_median,
Wallis and Futuna,natural_grassland_cattle_hps_2030y_SOC,cf_median,
West Bank,natural_grassland_cattle_hps_2030y_SOC,cf_median,40.458946
Western Sahara,natural_grassland_cattle_hps_2030y_SOC,cf_median,27.123186
Yemen,natural_grassland_cattle_hps_2030y_SOC,cf_median,31.17386
Zambia,natural_grassland_cattle_hps_2030y_SOC,cf_median,36.89686
Zimbabwe,natural_grassland_cattle_hps_2030y_SOC,cf_median,34.474823
Abyei,natural_grassland_cattle_hps_2030y_SOC,cf_std,0.70985913
Afghanistan,natural_grassland_cattle_hps_2030y_SOC,cf_std,11.928371
Aksai Chin,natural_grassland_cattle_hps_2030y_SOC,cf_std,6.9794497
Albania,natural_grassland_cattle_hps_2030y_SOC,cf_std,9.844968
Algeria,natural_grassland_cattle_hps_2030y_SOC,cf_std,8.296874
American Samoa,natural_grassland_cattle_hps_2030y_SOC,cf_std,
Andorra,natural_grassland_cattle_hps_2030y_SOC,cf_std,4.997026
Angola,natural_grassland_cattle_hps_2030y_SOC,cf_std,7.664765
Anguilla,natural_grassland_cattle_hps_2030y_SOC,cf_std,
Antarctica,natural_grassland_cattle_hps_2030y_SOC,cf_std,
Antigua and Barbuda,natural_grassland_cattle_hps_2030y_SOC,cf_std,
Argentina,natural_grassland_cattle_hps_2030y_SOC,cf_std,13.341481
Armenia,natural_grassland_cattle_hps_2030y_SOC,cf_std,8.017204
Aruba,natural_grassland_cattle_hps_2030y_SOC,cf_std,
Arunachal Pradesh,natural_grassland_cattle_hps_2030y_SOC,cf_std,10.114363
Ashmore and Cartier Islands,natural_grassland_cattle_hps_2030y_SOC,cf_std,
Australia,natural_grassland_cattle_hps_2030y_SOC,cf_std,13.802196
Austria,natural_grassland_cattle_hps_2030y_SOC,cf_std,7.175148
Azerbaijan,natural_grassland_cattle_hps_2030y_SOC,cf_std,11.690332
Azores Islands,natural_grassland_cattle_hps_2030y_SOC,cf_std,
Bahamas,natural_grassland_cattle_hps_2030y_SOC,cf_std,3.4334526
Bahrain,natural_grassland_cattle_hps_2030y_SOC,cf_std,
Baker Island,natural_grassland_cattle_hps_2030y_SOC,cf_std,
Bangladesh,natural_grassland_cattle_hps_2030y_SOC,cf_std,10.563328
Barbados,natural_grassland_cattle_hps_2030y_SOC,cf_std,
Bassas da India,natural_grassland_cattle_hps_2030y_SOC,cf_std,
Belarus,natural_grassland_cattle_hps_2030y_SOC,cf_std,5.2628736
Belgium,natural_grassland_cattle_hps_2030y_SOC,cf_std,10.567987
Belize,natural_grassland_cattle_hps_2030y_SOC,cf_std,1.6289883
Benin,natural_grassland_cattle_hps_2030y_SOC,cf_std,2.7683299
Bermuda,natural_grassland_cattle_hps_2030y_SOC,cf_std,
Bhutan,natural_grassland_cattle_hps_2030y_SOC,cf_std,7.872634
Bird Island,natural_grassland_cattle_hps_2030y_SOC,cf_std,
Bolivia,natural_grassland_cattle_hps_2030y_SOC,cf_std,8.764912
Bosnia and Herzegovina,natural_grassland_cattle_hps_2030y_SOC,cf_std,7.9440055
Botswana,natural_grassland_cattle_hps_2030y_SOC,cf_std,3.1626487
Bouvet Island,natural_grassland_cattle_hps_2030y_SOC,cf_std,
Brazil,natural_grassland_cattle_hps_2030y_SOC,cf_std,6.2537856
British Indian Ocean Territory,natural_grassland_cattle_hps_2030y_SOC,cf_std,
British Virgin Islands,natural_grassland_cattle_hps_2030y_SOC,cf_std,
Brunei Darussalam,natural_grassland_cattle_hps_2030y_SOC,cf_std,
Bulgaria,natural_grassland_cattle_hps_2030y_SOC,cf_std,5.696266
Burkina Faso,natural_grassland_cattle_hps_2030y_SOC,cf_std,2.6308782
Burundi,natural_grassland_cattle_hps_2030y_SOC,cf_std,3.8761532
Cambodia,natural_grassland_cattle_hps_2030y_SOC,cf_std,2.0731215
Cameroon,natural_grassland_cattle_hps_2030y_SOC,cf_std,7.9404483
Canada,natural_grassland_cattle_hps_2030y_SOC,cf_std,13.538389
Cape Verde,natural_grassland_cattle_hps_2030y_SOC,cf_std,
Cayman Islands,natural_grassland_cattle_hps_2030y_SOC,cf_std,
Central African Republic,natural_grassland_cattle_hps_2030y_SOC,cf_std,2.0333061
Chad,natural_grassland_cattle_hps_2030y_SOC,cf_std,3.6394656
Chile,natural_grassland_cattle_hps_2030y_SOC,cf_std,32.979702
China,natural_grassland_cattle_hps_2030y_SOC,cf_std,17.940292
China/India,natural_grassland_cattle_hps_2030y_SOC,cf_std,16.191753
Christmas Island,natural_grassland_cattle_hps_2030y_SOC,cf_std,
Clipperton Island,natural_grassland_cattle_hps_2030y_SOC,cf_std,
Cocos (Keeling) Islands,natural_grassland_cattle_hps_2030y_SOC,cf_std,
Colombia,natural_grassland_cattle_hps_2030y_SOC,cf_std,19.950388
Comoros,natural_grassland_cattle_hps_2030y_SOC,cf_std,
Congo,natural_grassland_cattle_hps_2030y_SOC,cf_std,9.6789255
Cook Islands,natural_grassland_cattle_hps_2030y_SOC,cf_std,
Costa Rica,natural_grassland_cattle_hps_2030y_SOC,cf_std,1.5785758
Croatia,natural_grassland_cattle_hps_2030y_SOC,cf_std,13.894147
Cuba,natural_grassland_cattle_hps_2030y_SOC,cf_std,34.796326
Cyprus,natural_grassland_cattle_hps_2030y_SOC,cf_std,3.5138054
Czech Republic,natural_grassland_cattle_hps_2030y_SOC,cf_std,6.6196947
Côte d'Ivoire,natural_grassland_cattle_hps_2030y_SOC,cf_std,2.2885115
Dem People's Rep of Korea,natural_grassland_cattle_hps_2030y_SOC,cf_std,10.364835
Democratic Republic of the Congo,natural_grassland_cattle_hps_2030y_SOC,cf_std,3.9766448
Denmark,natural_grassland_cattle_hps_2030y_SOC,cf_std,24.412004
Djibouti,natural_grassland_cattle_hps_2030y_SOC,cf_std,15.591804
Dominica,natural_grassland_cattle_hps_2030y_SOC,cf_std,
Dominican Republic,natural_grassland_cattle_hps_2030y_SOC,cf_std,26.472998
Ecuador,natural_grassland_cattle_hps_2030y_SOC,cf_std,14.153331
Egypt,natural_grassland_cattle_hps_2030y_SOC,cf_std,10.793247
El Salvador,natural_grassland_cattle_hps_2030y_SOC,cf_std,
Equatorial Guinea,natural_grassland_cattle_hps_2030y_SOC,cf_std,0.5529137
Eritrea,natural_grassland_cattle_hps_2030y_SOC,cf_std,11.9869375
Estonia,natural_grassland_cattle_hps_2030y_SOC,cf_std,27.242582
Ethiopia,natural_grassland_cattle_hps_2030y_SOC,cf_std,10.821381
Europa Island,natural_grassland_cattle_hps_2030y_SOC,cf_std,
Falkland Islands (Malvinas),natural_grassland_cattle_hps_2030y_SOC,cf_std,
Faroe Islands,natural_grassland_cattle_hps_2030y_SOC,cf_std,6.2476177
Fiji,natural_grassland_cattle_hps_2030y_SOC,cf_std,
Finland,natural_grassland_cattle_hps_2030y_SOC,cf_std,10.4290495
France,natural_grassland_cattle_hps_2030y_SOC,cf_std,13.887293
French Guiana,natural_grassland_cattle_hps_2030y_SOC,cf_std,3.2979708
French Polynesia,natural_grassland_cattle_hps_2030y_SOC,cf_std,
French Southern and Antarctic Territories,natural_grassland_cattle_hps_2030y_SOC,cf_std,
Gabon,natural_grassland_cattle_hps_2030y_SOC,cf_std,14.272459
Gambia,natural_grassland_cattle_hps_2030y_SOC,cf_std,3.8050497
Gaza Strip,natural_grassland_cattle_hps_2030y_SOC,cf_std,1.4024739
Georgia,natural_grassland_cattle_hps_2030y_SOC,cf_std,9.480049
Germany,natural_grassland_cattle_hps_2030y_SOC,cf_std,11.694034
Ghana,natural_grassland_cattle_hps_2030y_SOC,cf_std,7.847629
Gibraltar,natural_grassland_cattle_hps_2030y_SOC,cf_std,0.0
Glorioso Island,natural_grassland_cattle_hps_2030y_SOC,cf_std,
Greece,natural_grassland_cattle_hps_2030y_SOC,cf_std,12.808821
Greenland,natural_grassland_cattle_hps_2030y_SOC,cf_std,6.86669
Grenada,natural_grassland_cattle_hps_2030y_SOC,cf_std,
Guadeloupe,natural_grassland_cattle_hps_2030y_SOC,cf_std,
Guam,natural_grassland_cattle_hps_2030y_SOC,cf_std,
Guatemala,natural_grassland_cattle_hps_2030y_SOC,cf_std,14.772427
Guernsey,natural_grassland_cattle_hps_2030y_SOC,cf_std,
Guinea,natural_grassland_cattle_hps_2030y_SOC,cf_std,7.25696
Guinea-Bissau,natural_grassland_cattle_hps_2030y_SOC,cf_std,21.63713
Guyana,natural_grassland_cattle_hps_2030y_SOC,cf_std,8.842581
Haiti,natural_grassland_cattle_hps_2030y_SOC,cf_std,36.704304
Hala'ib triangle,natural_grassland_cattle_hps_2030y_SOC,cf_std,14.834064
Heard Island and McDonald Islands,natural_grassland_cattle_hps_2030y_SOC,cf_std,
Holy See,natural_grassland_cattle_hps_2030y_SOC,cf_std,
Honduras,natural_grassland_cattle_hps_2030y_SOC,cf_std,17.817759
Hong Kong,natural_grassland_cattle_hps_2030y_SOC,cf_std,
Howland Island,natural_grassland_cattle_hps_2030y_SOC,cf_std,
Hungary,natural_grassland_cattle_hps_2030y_SOC,cf_std,1.749022
Iceland,natural_grassland_cattle_hps_2030y_SOC,cf_std,16.87951
Ilemi triangle,natural_grassland_cattle_hps_2030y_SOC,cf_std,2.8688226
India,natural_grassland_cattle_hps_2030y_SOC,cf_std,10.212881
Indonesia,natural_grassland_cattle_hps_2030y_SOC,cf_std,28.634161
Iran  (Islamic Republic of),natural_grassland_cattle_hps_2030y_SOC,cf_std,9.828177
Iraq,natural_grassland_cattle_hps_2030y_SOC,cf_std,8.876257
Ireland,natural_grassland_cattle_hps_2030y_SOC,cf_std,21.751425
Isle of Man,natural_grassland_cattle_hps_2030y_SOC,cf_std,
Israel,natural_grassland_cattle_hps_2030y_SOC,cf_std,6.8664293
Italy,natural_grassland_cattle_hps_2030y_SOC,cf_std,14.069318
Jamaica,natural_grassland_cattle_hps_2030y_SOC,cf_std,
Jammu and Kashmir,natural_grassland_cattle_hps_2030y_SOC,cf_std,8.095483
Japan,natural_grassland_cattle_hps_2030y_SOC,cf_std,23.33337
Jarvis Island,natural_grassland_cattle_hps_2030y_SOC,cf_std,
Jersey,natural_grassland_cattle_hps_2030y_SOC,cf_std,
Johnston Atoll,natural_grassland_cattle_hps_2030y_SOC,cf_std,
Jordan,natural_grassland_cattle_hps_2030y_SOC,cf_std,8.5243025
Juan de Nova Island,natural_grassland_cattle_hps_2030y_SOC,cf_std,
Kazakhstan,natural_grassland_cattle_hps_2030y_SOC,cf_std,14.137641
Kenya,natural_grassland_cattle_hps_2030y_SOC,cf_std,9.210027
Kingman Reef,natural_grassland_cattle_hps_2030y_SOC,cf_std,
Kiribati,natural_grassland_cattle_hps_2030y_SOC,cf_std,
Kuril islands,natural_grassland_cattle_hps_2030y_SOC,cf_std,3.9774055
Kuwait,natural_grassland_cattle_hps_2030y_SOC,cf_std,
Kyrgyzstan,natural_grassland_cattle_hps_2030y_SOC,cf_std,9.970426
Lao People's Democratic Republic,natural_grassland_cattle_hps_2030y_SOC,cf_std,2.401313
Latvia,natural_grassland_cattle_hps_2030y_SOC,cf_std,2.8845732
Lebanon,natural_grassland_cattle_hps_2030y_SOC,cf_std,11.55904
Lesotho,natural_grassland_cattle_hps_2030y_SOC,cf_std,10.335918
Liberia,natural_grassland_cattle_hps_2030y_SOC,cf_std,
Libya,natural_grassland_cattle_hps_2030y_SOC,cf_std,9.477297
Liechtenstein,natural_grassland_cattle_hps_2030y_SOC,cf_std,5.4884567
Lithuania,natural_grassland_cattle_hps_2030y_SOC,cf_std,4.781112
Luxembourg,natural_grassland_cattle_hps_2030y_SOC,cf_std,3.6532738
Ma'tan al-Sarra,natural_grassland_cattle_hps_2030y_SOC,cf_std,0.6374698
Macau,natural_grassland_cattle_hps_2030y_SOC,cf_std,
Madagascar,natural_grassland_cattle_hps_2030y_SOC,cf_std,14.907523
Madeira Islands,natural_grassland_cattle_hps_2030y_SOC,cf_std,0.0
Malawi,natural_grassland_cattle_hps_2030y_SOC,cf_std,5.972826
Malaysia,natural_grassland_cattle_hps_2030y_SOC,cf_std,7.7317934
Maldives,natural_grassland_cattle_hps_2030y_SOC,cf_std,
Mali,natural_grassland_cattle_hps_2030y_SOC,cf_std,2.9822423
Malta,natural_grassland_cattle_hps_2030y_SOC,cf_std,
Marshall Islands,natural_grassland_cattle_hps_2030y_SOC,cf_std,
Martinique,natural_grassland_cattle_hps_2030y_SOC,cf_std,
Mauritania,natural_grassland_cattle_hps_2030y_SOC,cf_std,7.251687
Mauritius,natural_grassland_cattle_hps_2030y_SOC,cf_std,
Mayotte,natural_grassland_cattle_hps_2030y_SOC,cf_std,
Mexico,natural_grassland_cattle_hps_2030y_SOC,cf_std,14.29464
Micronesia (Federated States of),natural_grassland_cattle_hps_2030y_SOC,cf_std,
Midway Island,natural_grassland_cattle_hps_2030y_SOC,cf_std,
"Moldova, Republic of",natural_grassland_cattle_hps_2030y_SOC,cf_std,6.782972
Monaco,natural_grassland_cattle_hps_2030y_SOC,cf_std,0.0
Mongolia,natural_grassland_cattle_hps_2030y_SOC,cf_std,16.842243
Montenegro,natural_grassland_cattle_hps_2030y_SOC,cf_std,5.6692634
Montserrat,natural_grassland_cattle_hps_2030y_SOC,cf_std,
Morocco,natural_grassland_cattle_hps_2030y_SOC,cf_std,10.230004
Mozambique,natural_grassland_cattle_hps_2030y_SOC,cf_std,21.282318
Myanmar,natural_grassland_cattle_hps_2030y_SOC,cf_std,16.095755
Namibia,natural_grassland_cattle_hps_2030y_SOC,cf_std,3.8239589
Nauru,natural_grassland_cattle_hps_2030y_SOC,cf_std,
Navassa Island,natural_grassland_cattle_hps_2030y_SOC,cf_std,
Nepal,natural_grassland_cattle_hps_2030y_SOC,cf_std,11.500488
Netherlands,natural_grassland_cattle_hps_2030y_SOC,cf_std,30.36893
Netherlands Antilles,natural_grassland_cattle_hps_2030y_SOC,cf_std,
New Caledonia,natural_grassland_cattle_hps_2030y_SOC,cf_std,
New Zealand,natural_grassland_cattle_hps_2030y_SOC,cf_std,23.995987
Nicaragua,natural_grassland_cattle_hps_2030y_SOC,cf_std,23.88946
Niger,natural_grassland_cattle_hps_2030y_SOC,cf_std,5.3282504
Nigeria,natural_grassland_cattle_hps_2030y_SOC,cf_std,3.687881
Niue,natural_grassland_cattle_hps_2030y_SOC,cf_std,
Norfolk Island,natural_grassland_cattle_hps_2030y_SOC,cf_std,
Northern Mariana Islands,natural_grassland_cattle_hps_2030y_SOC,cf_std,
Norway,natural_grassland_cattle_hps_2030y_SOC,cf_std,12.061857
Oman,natural_grassland_cattle_hps_2030y_SOC,cf_std,8.484373
Pakistan,natural_grassland_cattle_hps_2030y_SOC,cf_std,11.8819895
Palau,natural_grassland_cattle_hps_2030y_SOC,cf_std,
Palmyra Atoll,natural_grassland_cattle_hps_2030y_SOC,cf_std,
Panama,natural_grassland_cattle_hps_2030y_SOC,cf_std,2.358065
Papua New Guinea,natural_grassland_cattle_hps_2030y_SOC,cf_std,19.37055
Paracel Islands,natural_grassland_cattle_hps_2030y_SOC,cf_std,
Paraguay,natural_grassland_cattle_hps_2030y_SOC,cf_std,7.602807
Peru,natural_grassland_cattle_hps_2030y_SOC,cf_std,12.407316
Philippines,natural_grassland_cattle_hps_2030y_SOC,cf_std,35.41474
Pitcairn,natural_grassland_cattle_hps_2030y_SOC,cf_std,
Poland,natural_grassland_cattle_hps_2030y_SOC,cf_std,8.551129
Portugal,natural_grassland_cattle_hps_2030y_SOC,cf_std,9.703536
Puerto Rico,natural_grassland_cattle_hps_2030y_SOC,cf_std,
Qatar,natural_grassland_cattle_hps_2030y_SOC,cf_std,
Republic of Korea,natural_grassland_cattle_hps_2030y_SOC,cf_std,11.208241
Romania,natural_grassland_cattle_hps_2030y_SOC,cf_std,8.714363
Russian Federation,natural_grassland_cattle_hps_2030y_SOC,cf_std,12.259491
Rwanda,natural_grassland_cattle_hps_2030y_SOC,cf_std,4.920066
Réunion,natural_grassland_cattle_hps_2030y_SOC,cf_std,
Saint Helena,natural_grassland_cattle_hps_2030y_SOC,cf_std,
Saint Kitts and Nevis,natural_grassland_cattle_hps_2030y_SOC,cf_std,
Saint Lucia,natural_grassland_cattle_hps_2030y_SOC,cf_std,
Saint Pierre et Miquelon,natural_grassland_cattle_hps_2030y_SOC,cf_std,
Saint Vincent and the Grenadines,natural_grassland_cattle_hps_2030y_SOC,cf_std,
Samoa,natural_grassland_cattle_hps_2030y_SOC,cf_std,
San Marino,natural_grassland_cattle_hps_2030y_SOC,cf_std,2.9241188
Sao Tome and Principe,natural_grassland_cattle_hps_2030y_SOC,cf_std,
Saudi Arabia,natural_grassland_cattle_hps_2030y_SOC,cf_std,9.96571
Scarborough Reef,natural_grassland_cattle_hps_2030y_SOC,cf_std,
Senegal,natural_grassland_cattle_hps_2030y_SOC,cf_std,8.073811
Senkaku Islands,natural_grassland_cattle_hps_2030y_SOC,cf_std,
Serbia,natural_grassland_cattle_hps_2030y_SOC,cf_std,7.486931
Seychelles,natural_grassland_cattle_hps_2030y_SOC,cf_std,
Sierra Leone,natural_grassland_cattle_hps_2030y_SOC,cf_std,2.7787874
Singapore,natural_grassland_cattle_hps_2030y_SOC,cf_std,
Slovakia,natural_grassland_cattle_hps_2030y_SOC,cf_std,5.356502
Slovenia,natural_grassland_cattle_hps_2030y_SOC,cf_std,10.865461
Solomon Islands,natural_grassland_cattle_hps_2030y_SOC,cf_std,
Somalia,natural_grassland_cattle_hps_2030y_SOC,cf_std,10.836027
South Africa,natural_grassland_cattle_hps_2030y_SOC,cf_std,7.5064435
South Georgia and the South Sandwich Islands,natural_grassland_cattle_hps_2030y_SOC,cf_std,
South Sudan,natural_grassland_cattle_hps_2030y_SOC,cf_std,5.0073004
Spain,natural_grassland_cattle_hps_2030y_SOC,cf_std,18.053709
Spratly Islands,natural_grassland_cattle_hps_2030y_SOC,cf_std,
Sri Lanka,natural_grassland_cattle_hps_2030y_SOC,cf_std,
Sudan,natural_grassland_cattle_hps_2030y_SOC,cf_std,2.8668058
Suriname,natural_grassland_cattle_hps_2030y_SOC,cf_std,3.664753
Svalbard and Jan Mayen Islands,natural_grassland_cattle_hps_2030y_SOC,cf_std,
Swaziland,natural_grassland_cattle_hps_2030y_SOC,cf_std,3.2825694
Sweden,natural_grassland_cattle_hps_2030y_SOC,cf_std,14.345094
Switzerland,natural_grassland_cattle_hps_2030y_SOC,cf_std,9.909682
Syrian Arab Republic,natural_grassland_cattle_hps_2030y_SOC,cf_std,7.965889
Taiwan,natural_grassland_cattle_hps_2030y_SOC,cf_std,
Tajikistan,natural_grassland_cattle_hps_2030y_SOC,cf_std,10.9411745
Thailand,natural_grassland_cattle_hps_2030y_SOC,cf_std,12.543018
The former Yugoslav Republic of Macedonia,natural_grassland_cattle_hps_2030y_SOC,cf_std,9.110181
Timor-Leste,natural_grassland_cattle_hps_2030y_SOC,cf_std,32.01707
Togo,natural_grassland_cattle_hps_2030y_SOC,cf_std,3.591829
Tokelau,natural_grassland_cattle_hps_2030y_SOC,cf_std,
Tonga,natural_grassland_cattle_hps_2030y_SOC,cf_std,
Trinidad and Tobago,natural_grassland_cattle_hps_2030y_SOC,cf_std,
Tromelin Island,natural_grassland_cattle_hps_2030y_SOC,cf_std,
Tunisia,natural_grassland_cattle_hps_2030y_SOC,cf_std,7.241791
Turkey,natural_grassland_cattle_hps_2030y_SOC,cf_std,10.861653
Turkmenistan,natural_grassland_cattle_hps_2030y_SOC,cf_std,8.221493
Turks and Caicos islands,natural_grassland_cattle_hps_2030y_SOC,cf_std,
Tuvalu,natural_grassland_cattle_hps_2030y_SOC,cf_std,
U.K. of Great Britain and Northern Ireland,natural_grassland_cattle_hps_2030y_SOC,cf_std,26.085575
Uganda,natural_grassland_cattle_hps_2030y_SOC,cf_std,6.303508
Ukraine,natural_grassland_cattle_hps_2030y_SOC,cf_std,10.796771
United Arab Emirates,natural_grassland_cattle_hps_2030y_SOC,cf_std,13.699277
United Republic of Tanzania,natural_grassland_cattle_hps_2030y_SOC,cf_std,8.793418
United States Virgin Islands,natural_grassland_cattle_hps_2030y_SOC,cf_std,
United States of America,natural_grassland_cattle_hps_2030y_SOC,cf_std,19.995989
Uruguay,natural_grassland_cattle_hps_2030y_SOC,cf_std,9.547004
Uzbekistan,natural_grassland_cattle_hps_2030y_SOC,cf_std,8.768403
Vanuatu,natural_grassland_cattle_hps_2030y_SOC,cf_std,
Venezuela,natural_grassland_cattle_hps_2030y_SOC,cf_std,8.40746
Viet Nam,natural_grassland_cattle_hps_2030y_SOC,cf_std,25.012985
Wake Island,natural_grassland_cattle_hps_2030y_SOC,cf_std,
Wallis and Futuna,natural_grassland_cattle_hps_2030y_SOC,cf_std,
West Bank,natural_grassland_cattle_hps_2030y_SOC,cf_std,4.4469404
Western Sahara,natural_grassland_cattle_hps_2030y_SOC,cf_std,8.5701065
Yemen,natural_grassland_cattle_hps_2030y_SOC,cf_std,8.15999
Zambia,natural_grassland_cattle_hps_2030y_SOC,cf_std,3.0669165
Zimbabwe,natural_grassland_cattle_hps_2030y_SOC,cf_std,2.5526195
Abyei,natural_grassland_cattle_lps_2030y_SOC,cf_mean,32.684277
Afghanistan,natural_grassland_cattle_lps_2030y_SOC,cf_mean,45.339188
Aksai Chin,natural_grassland_cattle_lps_2030y_SOC,cf_mean,45.77335
Albania,natural_grassland_cattle_lps_2030y_SOC,cf_mean,55.779434
Algeria,natural_grassland_cattle_lps_2030y_SOC,cf_mean,32.092476
American Samoa,natural_grassland_cattle_lps_2030y_SOC,cf_mean,
Andorra,natural_grassland_cattle_lps_2030y_SOC,cf_mean,65.5001
Angola,natural_grassland_cattle_lps_2030y_SOC,cf_mean,31.585989
Anguilla,natural_grassland_cattle_lps_2030y_SOC,cf_mean,
Antarctica,natural_grassland_cattle_lps_2030y_SOC,cf_mean,
Antigua and Barbuda,natural_grassland_cattle_lps_2030y_SOC,cf_mean,
Argentina,natural_grassland_cattle_lps_2030y_SOC,cf_mean,42.26236
Armenia,natural_grassland_cattle_lps_2030y_SOC,cf_mean,61.242527
Aruba,natural_grassland_cattle_lps_2030y_SOC,cf_mean,
Arunachal Pradesh,natural_grassland_cattle_lps_2030y_SOC,cf_mean,56.27094
Ashmore and Cartier Islands,natural_grassland_cattle_lps_2030y_SOC,cf_mean,
Australia,natural_grassland_cattle_lps_2030y_SOC,cf_mean,36.784813
Austria,natural_grassland_cattle_lps_2030y_SOC,cf_mean,77.22372
Azerbaijan,natural_grassland_cattle_lps_2030y_SOC,cf_mean,57.960926
Azores Islands,natural_grassland_cattle_lps_2030y_SOC,cf_mean,
Bahamas,natural_grassland_cattle_lps_2030y_SOC,cf_mean,121.46381
Bahrain,natural_grassland_cattle_lps_2030y_SOC,cf_mean,
Baker Island,natural_grassland_cattle_lps_2030y_SOC,cf_mean,
Bangladesh,natural_grassland_cattle_lps_2030y_SOC,cf_mean,43.061516
Barbados,natural_grassland_cattle_lps_2030y_SOC,cf_mean,
Bassas da India,natural_grassland_cattle_lps_2030y_SOC,cf_mean,
Belarus,natural_grassland_cattle_lps_2030y_SOC,cf_mean,60.360756
Belgium,natural_grassland_cattle_lps_2030y_SOC,cf_mean,66.01545
Belize,natural_grassland_cattle_lps_2030y_SOC,cf_mean,43.889523
Benin,natural_grassland_cattle_lps_2030y_SOC,cf_mean,30.02293
Bermuda,natural_grassland_cattle_lps_2030y_SOC,cf_mean,
Bhutan,natural_grassland_cattle_lps_2030y_SOC,cf_mean,62.434288
Bird Island,natural_grassland_cattle_lps_2030y_SOC,cf_mean,
Bolivia,natural_grassland_cattle_lps_2030y_SOC,cf_mean,41.793285
Bosnia and Herzegovina,natural_grassland_cattle_lps_2030y_SOC,cf_mean,71.68082
Botswana,natural_grassland_cattle_lps_2030y_SOC,cf_mean,31.472477
Bouvet Island,natural_grassland_cattle_lps_2030y_SOC,cf_mean,
Brazil,natural_grassland_cattle_lps_2030y_SOC,cf_mean,38.15952
British Indian Ocean Territory,natural_grassland_cattle_lps_2030y_SOC,cf_mean,
British Virgin Islands,natural_grassland_cattle_lps_2030y_SOC,cf_mean,
Brunei Darussalam,natural_grassland_cattle_lps_2030y_SOC,cf_mean,
Bulgaria,natural_grassland_cattle_lps_2030y_SOC,cf_mean,46.20931
Burkina Faso,natural_grassland_cattle_lps_2030y_SOC,cf_mean,31.993282
Burundi,natural_grassland_cattle_lps_2030y_SOC,cf_mean,56.157497
Cambodia,natural_grassland_cattle_lps_2030y_SOC,cf_mean,41.147774
Cameroon,natural_grassland_cattle_lps_2030y_SOC,cf_mean,33.883244
Canada,natural_grassland_cattle_lps_2030y_SOC,cf_mean,72.668
Cape Verde,natural_grassland_cattle_lps_2030y_SOC,cf_mean,
Cayman Islands,natural_grassland_cattle_lps_2030y_SOC,cf_mean,
Central African Republic,natural_grassland_cattle_lps_2030y_SOC,cf_mean,30.750465
Chad,natural_grassland_cattle_lps_2030y_SOC,cf_mean,31.258247
Chile,natural_grassland_cattle_lps_2030y_SOC,cf_mean,94.13854
China,natural_grassland_cattle_lps_2030y_SOC,cf_mean,49.573414
China/India,natural_grassland_cattle_lps_2030y_SOC,cf_mean,59.41239
Christmas Island,natural_grassland_cattle_lps_2030y_SOC,cf_mean,
Clipperton Island,natural_grassland_cattle_lps_2030y_SOC,cf_mean,
Cocos (Keeling) Islands,natural_grassland_cattle_lps_2030y_SOC,cf_mean,
Colombia,natural_grassland_cattle_lps_2030y_SOC,cf_mean,49.75979
Comoros,natural_grassland_cattle_lps_2030y_SOC,cf_mean,
Congo,natural_grassland_cattle_lps_2030y_SOC,cf_mean,43.29739
Cook Islands,natural_grassland_cattle_lps_2030y_SOC,cf_mean,
Costa Rica,natural_grassland_cattle_lps_2030y_SOC,cf_mean,47.44902
Croatia,natural_grassland_cattle_lps_2030y_SOC,cf_mean,70.797005
Cuba,natural_grassland_cattle_lps_2030y_SOC,cf_mean,76.20131
Cyprus,natural_grassland_cattle_lps_2030y_SOC,cf_mean,59.25877
Czech Republic,natural_grassland_cattle_lps_2030y_SOC,cf_mean,57.52143
Côte d'Ivoire,natural_grassland_cattle_lps_2030y_SOC,cf_mean,34.542423
Dem People's Rep of Korea,natural_grassland_cattle_lps_2030y_SOC,cf_mean,59.487297
Democratic Republic of the Congo,natural_grassland_cattle_lps_2030y_SOC,cf_mean,35.276226
Denmark,natural_grassland_cattle_lps_2030y_SOC,cf_mean,101.3325
Djibouti,natural_grassland_cattle_lps_2030y_SOC,cf_mean,39.608692
Dominica,natural_grassland_cattle_lps_2030y_SOC,cf_mean,
Dominican Republic,natural_grassland_cattle_lps_2030y_SOC,cf_mean,64.09829
Ecuador,natural_grassland_cattle_lps_2030y_SOC,cf_mean,64.33174
Egypt,natural_grassland_cattle_lps_2030y_SOC,cf_mean,32.371452
El Salvador,natural_grassland_cattle_lps_2030y_SOC,cf_mean,
Equatorial Guinea,natural_grassland_cattle_lps_2030y_SOC,cf_mean,41.686443
Eritrea,natural_grassland_cattle_lps_2030y_SOC,cf_mean,42.11314
Estonia,natural_grassland_cattle_lps_2030y_SOC,cf_mean,80.2827
Ethiopia,natural_grassland_cattle_lps_2030y_SOC,cf_mean,49.05083
Europa Island,natural_grassland_cattle_lps_2030y_SOC,cf_mean,
Falkland Islands (Malvinas),natural_grassland_cattle_lps_2030y_SOC,cf_mean,
Faroe Islands,natural_grassland_cattle_lps_2030y_SOC,cf_mean,121.03342
Fiji,natural_grassland_cattle_lps_2030y_SOC,cf_mean,
Finland,natural_grassland_cattle_lps_2030y_SOC,cf_mean,86.827835
France,natural_grassland_cattle_lps_2030y_SOC,cf_mean,57.420418
French Guiana,natural_grassland_cattle_lps_2030y_SOC,cf_mean,38.78961
French Polynesia,natural_grassland_cattle_lps_2030y_SOC,cf_mean,
French Southern and Antarctic Territories,natural_grassland_cattle_lps_2030y_SOC,cf_mean,
Gabon,natural_grassland_cattle_lps_2030y_SOC,cf_mean,44.743595
Gambia,natural_grassland_cattle_lps_2030y_SOC,cf_mean,29.98277
Gaza Strip,natural_grassland_cattle_lps_2030y_SOC,cf_mean,29.044277
Georgia,natural_grassland_cattle_lps_2030y_SOC,cf_mean,69.098755
Germany,natural_grassland_cattle_lps_2030y_SOC,cf_mean,61.975918
Ghana,natural_grassland_cattle_lps_2030y_SOC,cf_mean,34.932205
Gibraltar,natural_grassland_cattle_lps_2030y_SOC,cf_mean,49.52156
Glorioso Island,natural_grassland_cattle_lps_2030y_SOC,cf_mean,
Greece,natural_grassland_cattle_lps_2030y_SOC,cf_mean,48.470863
Greenland,natural_grassland_cattle_lps_2030y_SOC,cf_mean,106.45549
Grenada,natural_grassland_cattle_lps_2030y_SOC,cf_mean,
Guadeloupe,natural_grassland_cattle_lps_2030y_SOC,cf_mean,
Guam,natural_grassland_cattle_lps_2030y_SOC,cf_mean,
Guatemala,natural_grassland_cattle_lps_2030y_SOC,cf_mean,50.2928
Guernsey,natural_grassland_cattle_lps_2030y_SOC,cf_mean,
Guinea,natural_grassland_cattle_lps_2030y_SOC,cf_mean,48.091312
Guinea-Bissau,natural_grassland_cattle_lps_2030y_SOC,cf_mean,51.270992
Guyana,natural_grassland_cattle_lps_2030y_SOC,cf_mean,39.152344
Haiti,natural_grassland_cattle_lps_2030y_SOC,cf_mean,75.96828
Hala'ib triangle,natural_grassland_cattle_lps_2030y_SOC,cf_mean,36.535206
Heard Island and McDonald Islands,natural_grassland_cattle_lps_2030y_SOC,cf_mean,
Holy See,natural_grassland_cattle_lps_2030y_SOC,cf_mean,
Honduras,natural_grassland_cattle_lps_2030y_SOC,cf_mean,52.35928
Hong Kong,natural_grassland_cattle_lps_2030y_SOC,cf_mean,
Howland Island,natural_grassland_cattle_lps_2030y_SOC,cf_mean,
Hungary,natural_grassland_cattle_lps_2030y_SOC,cf_mean,51.72911
Iceland,natural_grassland_cattle_lps_2030y_SOC,cf_mean,119.88061
Ilemi triangle,natural_grassland_cattle_lps_2030y_SOC,cf_mean,47.46746
India,natural_grassland_cattle_lps_2030y_SOC,cf_mean,39.448112
Indonesia,natural_grassland_cattle_lps_2030y_SOC,cf_mean,57.750546
Iran  (Islamic Republic of),natural_grassland_cattle_lps_2030y_SOC,cf_mean,37.675415
Iraq,natural_grassland_cattle_lps_2030y_SOC,cf_mean,30.574917
Ireland,natural_grassland_cattle_lps_2030y_SOC,cf_mean,96.651794
Isle of Man,natural_grassland_cattle_lps_2030y_SOC,cf_mean,
Israel,natural_grassland_cattle_lps_2030y_SOC,cf_mean,40.539948
Italy,natural_grassland_cattle_lps_2030y_SOC,cf_mean,55.763203
Jamaica,natural_grassland_cattle_lps_2030y_SOC,cf_mean,
Jammu and Kashmir,natural_grassland_cattle_lps_2030y_SOC,cf_mean,54.082767
Japan,natural_grassland_cattle_lps_2030y_SOC,cf_mean,81.1528
Jarvis Island,natural_grassland_cattle_lps_2030y_SOC,cf_mean,
Jersey,natural_grassland_cattle_lps_2030y_SOC,cf_mean,
Johnston Atoll,natural_grassland_cattle_lps_2030y_SOC,cf_mean,
Jordan,natural_grassland_cattle_lps_2030y_SOC,cf_mean,39.7515
Juan de Nova Island,natural_grassland_cattle_lps_2030y_SOC,cf_mean,
Kazakhstan,natural_grassland_cattle_lps_2030y_SOC,cf_mean,52.2847
Kenya,natural_grassland_cattle_lps_2030y_SOC,cf_mean,41.184147
Kingman Reef,natural_grassland_cattle_lps_2030y_SOC,cf_mean,
Kiribati,natural_grassland_cattle_lps_2030y_SOC,cf_mean,
Kuril islands,natural_grassland_cattle_lps_2030y_SOC,cf_mean,124.09471
Kuwait,natural_grassland_cattle_lps_2030y_SOC,cf_mean,
Kyrgyzstan,natural_grassland_cattle_lps_2030y_SOC,cf_mean,65.16816
Lao People's Democratic Republic,natural_grassland_cattle_lps_2030y_SOC,cf_mean,41.477592
Latvia,natural_grassland_cattle_lps_2030y_SOC,cf_mean,70.183914
Lebanon,natural_grassland_cattle_lps_2030y_SOC,cf_mean,44.97734
Lesotho,natural_grassland_cattle_lps_2030y_SOC,cf_mean,47.951996
Liberia,natural_grassland_cattle_lps_2030y_SOC,cf_mean,
Libya,natural_grassland_cattle_lps_2030y_SOC,cf_mean,27.177124
Liechtenstein,natural_grassland_cattle_lps_2030y_SOC,cf_mean,80.34829
Lithuania,natural_grassland_cattle_lps_2030y_SOC,cf_mean,59.112217
Luxembourg,natural_grassland_cattle_lps_2030y_SOC,cf_mean,63.626934
Ma'tan al-Sarra,natural_grassland_cattle_lps_2030y_SOC,cf_mean,27.484081
Macau,natural_grassland_cattle_lps_2030y_SOC,cf_mean,
Madagascar,natural_grassland_cattle_lps_2030y_SOC,cf_mean,45.82732
Madeira Islands,natural_grassland_cattle_lps_2030y_SOC,cf_mean,94.484276
Malawi,natural_grassland_cattle_lps_2030y_SOC,cf_mean,38.29604
Malaysia,natural_grassland_cattle_lps_2030y_SOC,cf_mean,44.075806
Maldives,natural_grassland_cattle_lps_2030y_SOC,cf_mean,
Mali,natural_grassland_cattle_lps_2030y_SOC,cf_mean,29.447908
Malta,natural_grassland_cattle_lps_2030y_SOC,cf_mean,
Marshall Islands,natural_grassland_cattle_lps_2030y_SOC,cf_mean,
Martinique,natural_grassland_cattle_lps_2030y_SOC,cf_mean,
Mauritania,natural_grassland_cattle_lps_2030y_SOC,cf_mean,29.643229
Mauritius,natural_grassland_cattle_lps_2030y_SOC,cf_mean,
Mayotte,natural_grassland_cattle_lps_2030y_SOC,cf_mean,
Mexico,natural_grassland_cattle_lps_2030y_SOC,cf_mean,43.415573
Micronesia (Federated States of),natural_grassland_cattle_lps_2030y_SOC,cf_mean,
Midway Island,natural_grassland_cattle_lps_2030y_SOC,cf_mean,
"Moldova, Republic of",natural_grassland_cattle_lps_2030y_SOC,cf_mean,56.065086
Monaco,natural_grassland_cattle_lps_2030y_SOC,cf_mean,85.5769
Mongolia,natural_grassland_cattle_lps_2030y_SOC,cf_mean,49.37479
Montenegro,natural_grassland_cattle_lps_2030y_SOC,cf_mean,71.27364
Montserrat,natural_grassland_cattle_lps_2030y_SOC,cf_mean,
Morocco,natural_grassland_cattle_lps_2030y_SOC,cf_mean,31.940838
Mozambique,natural_grassland_cattle_lps_2030y_SOC,cf_mean,46.01419
Myanmar,natural_grassland_cattle_lps_2030y_SOC,cf_mean,53.858967
Namibia,natural_grassland_cattle_lps_2030y_SOC,cf_mean,30.201153
Nauru,natural_grassland_cattle_lps_2030y_SOC,cf_mean,
Navassa Island,natural_grassland_cattle_lps_2030y_SOC,cf_mean,
Nepal,natural_grassland_cattle_lps_2030y_SOC,cf_mean,51.919796
Netherlands,natural_grassland_cattle_lps_2030y_SOC,cf_mean,85.72348
Netherlands Antilles,natural_grassland_cattle_lps_2030y_SOC,cf_mean,
New Caledonia,natural_grassland_cattle_lps_2030y_SOC,cf_mean,
New Zealand,natural_grassland_cattle_lps_2030y_SOC,cf_mean,99.05673
Nicaragua,natural_grassland_cattle_lps_2030y_SOC,cf_mean,56.497932
Niger,natural_grassland_cattle_lps_2030y_SOC,cf_mean,29.448023
Nigeria,natural_grassland_cattle_lps_2030y_SOC,cf_mean,30.211105
Niue,natural_grassland_cattle_lps_2030y_SOC,cf_mean,
Norfolk Island,natural_grassland_cattle_lps_2030y_SOC,cf_mean,
Northern Mariana Islands,natural_grassland_cattle_lps_2030y_SOC,cf_mean,
Norway,natural_grassland_cattle_lps_2030y_SOC,cf_mean,91.413
Oman,natural_grassland_cattle_lps_2030y_SOC,cf_mean,32.113937
Pakistan,natural_grassland_cattle_lps_2030y_SOC,cf_mean,35.956333
Palau,natural_grassland_cattle_lps_2030y_SOC,cf_mean,
Palmyra Atoll,natural_grassland_cattle_lps_2030y_SOC,cf_mean,
Panama,natural_grassland_cattle_lps_2030y_SOC,cf_mean,43.69606
Papua New Guinea,natural_grassland_cattle_lps_2030y_SOC,cf_mean,90.17855
Paracel Islands,natural_grassland_cattle_lps_2030y_SOC,cf_mean,
Paraguay,natural_grassland_cattle_lps_2030y_SOC,cf_mean,39.874306
Peru,natural_grassland_cattle_lps_2030y_SOC,cf_mean,58.174488
Philippines,natural_grassland_cattle_lps_2030y_SOC,cf_mean,81.671616
Pitcairn,natural_grassland_cattle_lps_2030y_SOC,cf_mean,
Poland,natural_grassland_cattle_lps_2030y_SOC,cf_mean,46.66316
Portugal,natural_grassland_cattle_lps_2030y_SOC,cf_mean,44.90247
Puerto Rico,natural_grassland_cattle_lps_2030y_SOC,cf_mean,
Qatar,natural_grassland_cattle_lps_2030y_SOC,cf_mean,
Republic of Korea,natural_grassland_cattle_lps_2030y_SOC,cf_mean,47.84292
Romania,natural_grassland_cattle_lps_2030y_SOC,cf_mean,50.36402
Russian Federation,natural_grassland_cattle_lps_2030y_SOC,cf_mean,79.6067
Rwanda,natural_grassland_cattle_lps_2030y_SOC,cf_mean,58.457336
Réunion,natural_grassland_cattle_lps_2030y_SOC,cf_mean,
Saint Helena,natural_grassland_cattle_lps_2030y_SOC,cf_mean,
Saint Kitts and Nevis,natural_grassland_cattle_lps_2030y_SOC,cf_mean,
Saint Lucia,natural_grassland_cattle_lps_2030y_SOC,cf_mean,
Saint Pierre et Miquelon,natural_grassland_cattle_lps_2030y_SOC,cf_mean,
Saint Vincent and the Grenadines,natural_grassland_cattle_lps_2030y_SOC,cf_mean,
Samoa,natural_grassland_cattle_lps_2030y_SOC,cf_mean,
San Marino,natural_grassland_cattle_lps_2030y_SOC,cf_mean,47.02691
Sao Tome and Principe,natural_grassland_cattle_lps_2030y_SOC,cf_mean,
Saudi Arabia,natural_grassland_cattle_lps_2030y_SOC,cf_mean,28.399166
Scarborough Reef,natural_grassland_cattle_lps_2030y_SOC,cf_mean,
Senegal,natural_grassland_cattle_lps_2030y_SOC,cf_mean,30.846296
Senkaku Islands,natural_grassland_cattle_lps_2030y_SOC,cf_mean,
Serbia,natural_grassland_cattle_lps_2030y_SOC,cf_mean,60.104797
Seychelles,natural_grassland_cattle_lps_2030y_SOC,cf_mean,
Sierra Leone,natural_grassland_cattle_lps_2030y_SOC,cf_mean,47.562508
Singapore,natural_grassland_cattle_lps_2030y_SOC,cf_mean,
Slovakia,natural_grassland_cattle_lps_2030y_SOC,cf_mean,68.70386
Slovenia,natural_grassland_cattle_lps_2030y_SOC,cf_mean,78.36208
Solomon Islands,natural_grassland_cattle_lps_2030y_SOC,cf_mean,
Somalia,natural_grassland_cattle_lps_2030y_SOC,cf_mean,43.294838
South Africa,natural_grassland_cattle_lps_2030y_SOC,cf_mean,37.72154
South Georgia and the South Sandwich Islands,natural_grassland_cattle_lps_2030y_SOC,cf_mean,
South Sudan,natural_grassland_cattle_lps_2030y_SOC,cf_mean,35.163216
Spain,natural_grassland_cattle_lps_2030y_SOC,cf_mean,45.196533
Spratly Islands,natural_grassland_cattle_lps_2030y_SOC,cf_mean,
Sri Lanka,natural_grassland_cattle_lps_2030y_SOC,cf_mean,
Sudan,natural_grassland_cattle_lps_2030y_SOC,cf_mean,30.878225
Suriname,natural_grassland_cattle_lps_2030y_SOC,cf_mean,35.62205
Svalbard and Jan Mayen Islands,natural_grassland_cattle_lps_2030y_SOC,cf_mean,
Swaziland,natural_grassland_cattle_lps_2030y_SOC,cf_mean,47.31326
Sweden,natural_grassland_cattle_lps_2030y_SOC,cf_mean,88.02387
Switzerland,natural_grassland_cattle_lps_2030y_SOC,cf_mean,76.35637
Syrian Arab Republic,natural_grassland_cattle_lps_2030y_SOC,cf_mean,31.857527
Taiwan,natural_grassland_cattle_lps_2030y_SOC,cf_mean,
Tajikistan,natural_grassland_cattle_lps_2030y_SOC,cf_mean,54.504948
Thailand,natural_grassland_cattle_lps_2030y_SOC,cf_mean,42.300808
The former Yugoslav Republic of Macedonia,natural_grassland_cattle_lps_2030y_SOC,cf_mean,46.672012
Timor-Leste,natural_grassland_cattle_lps_2030y_SOC,cf_mean,72.985405
Togo,natural_grassland_cattle_lps_2030y_SOC,cf_mean,33.33061
Tokelau,natural_grassland_cattle_lps_2030y_SOC,cf_mean,
Tonga,natural_grassland_cattle_lps_2030y_SOC,cf_mean,
Trinidad and Tobago,natural_grassland_cattle_lps_2030y_SOC,cf_mean,
Tromelin Island,natural_grassland_cattle_lps_2030y_SOC,cf_mean,
Tunisia,natural_grassland_cattle_lps_2030y_SOC,cf_mean,28.709053
Turkey,natural_grassland_cattle_lps_2030y_SOC,cf_mean,50.84977
Turkmenistan,natural_grassland_cattle_lps_2030y_SOC,cf_mean,34.94952
Turks and Caicos islands,natural_grassland_cattle_lps_2030y_SOC,cf_mean,
Tuvalu,natural_grassland_cattle_lps_2030y_SOC,cf_mean,
U.K. of Great Britain and Northern Ireland,natural_grassland_cattle_lps_2030y_SOC,cf_mean,90.75329
Uganda,natural_grassland_cattle_lps_2030y_SOC,cf_mean,49.048054
Ukraine,natural_grassland_cattle_lps_2030y_SOC,cf_mean,63.09072
United Arab Emirates,natural_grassland_cattle_lps_2030y_SOC,cf_mean,35.455883
United Republic of Tanzania,natural_grassland_cattle_lps_2030y_SOC,cf_mean,37.581173
United States Virgin Islands,natural_grassland_cattle_lps_2030y_SOC,cf_mean,
United States of America,natural_grassland_cattle_lps_2030y_SOC,cf_mean,49.132145
Uruguay,natural_grassland_cattle_lps_2030y_SOC,cf_mean,48.314476
Uzbekistan,natural_grassland_cattle_lps_2030y_SOC,cf_mean,38.94697
Vanuatu,natural_grassland_cattle_lps_2030y_SOC,cf_mean,
Venezuela,natural_grassland_cattle_lps_2030y_SOC,cf_mean,41.738167
Viet Nam,natural_grassland_cattle_lps_2030y_SOC,cf_mean,53.735554
Wake Island,natural_grassland_cattle_lps_2030y_SOC,cf_mean,
Wallis and Futuna,natural_grassland_cattle_lps_2030y_SOC,cf_mean,
West Bank,natural_grassland_cattle_lps_2030y_SOC,cf_mean,39.660397
Western Sahara,natural_grassland_cattle_lps_2030y_SOC,cf_mean,29.927471
Yemen,natural_grassland_cattle_lps_2030y_SOC,cf_mean,32.569042
Zambia,natural_grassland_cattle_lps_2030y_SOC,cf_mean,37.015472
Zimbabwe,natural_grassland_cattle_lps_2030y_SOC,cf_mean,34.093407
Abyei,natural_grassland_cattle_lps_2030y_SOC,cf_median,32.689808
Afghanistan,natural_grassland_cattle_lps_2030y_SOC,cf_median,43.47234
Aksai Chin,natural_grassland_cattle_lps_2030y_SOC,cf_median,44.75695
Albania,natural_grassland_cattle_lps_2030y_SOC,cf_median,52.887554
Algeria,natural_grassland_cattle_lps_2030y_SOC,cf_median,31.312658
American Samoa,natural_grassland_cattle_lps_2030y_SOC,cf_median,
Andorra,natural_grassland_cattle_lps_2030y_SOC,cf_median,64.831894
Angola,natural_grassland_cattle_lps_2030y_SOC,cf_median,30.56728
Anguilla,natural_grassland_cattle_lps_2030y_SOC,cf_median,
Antarctica,natural_grassland_cattle_lps_2030y_SOC,cf_median,
Antigua and Barbuda,natural_grassland_cattle_lps_2030y_SOC,cf_median,
Argentina,natural_grassland_cattle_lps_2030y_SOC,cf_median,40.26521
Armenia,natural_grassland_cattle_lps_2030y_SOC,cf_median,63.245167
Aruba,natural_grassland_cattle_lps_2030y_SOC,cf_median,
Arunachal Pradesh,natural_grassland_cattle_lps_2030y_SOC,cf_median,55.033695
Ashmore and Cartier Islands,natural_grassland_cattle_lps_2030y_SOC,cf_median,
Australia,natural_grassland_cattle_lps_2030y_SOC,cf_median,33.230984
Austria,natural_grassland_cattle_lps_2030y_SOC,cf_median,76.91086
Azerbaijan,natural_grassland_cattle_lps_2030y_SOC,cf_median,56.58072
Azores Islands,natural_grassland_cattle_lps_2030y_SOC,cf_median,
Bahamas,natural_grassland_cattle_lps_2030y_SOC,cf_median,121.43954
Bahrain,natural_grassland_cattle_lps_2030y_SOC,cf_median,
Baker Island,natural_grassland_cattle_lps_2030y_SOC,cf_median,
Bangladesh,natural_grassland_cattle_lps_2030y_SOC,cf_median,42.01231
Barbados,natural_grassland_cattle_lps_2030y_SOC,cf_median,
Bassas da India,natural_grassland_cattle_lps_2030y_SOC,cf_median,
Belarus,natural_grassland_cattle_lps_2030y_SOC,cf_median,60.975662
Belgium,natural_grassland_cattle_lps_2030y_SOC,cf_median,66.82545
Belize,natural_grassland_cattle_lps_2030y_SOC,cf_median,42.935387
Benin,natural_grassland_cattle_lps_2030y_SOC,cf_median,29.290482
Bermuda,natural_grassland_cattle_lps_2030y_SOC,cf_median,
Bhutan,natural_grassland_cattle_lps_2030y_SOC,cf_median,63.154476
Bird Island,natural_grassland_cattle_lps_2030y_SOC,cf_median,
Bolivia,natural_grassland_cattle_lps_2030y_SOC,cf_median,38.66394
Bosnia and Herzegovina,natural_grassland_cattle_lps_2030y_SOC,cf_median,72.329445
Botswana,natural_grassland_cattle_lps_2030y_SOC,cf_median,31.434294
Bouvet Island,natural_grassland_cattle_lps_2030y_SOC,cf_median,
Brazil,natural_grassland_cattle_lps_2030y_SOC,cf_median,37.393215
British Indian Ocean Territory,natural_grassland_cattle_lps_2030y_SOC,cf_median,
British Virgin Islands,natural_grassland_cattle_lps_2030y_SOC,cf_median,
Brunei Darussalam,natural_grassland_cattle_lps_2030y_SOC,cf_median,
Bulgaria,natural_grassland_cattle_lps_2030y_SOC,cf_median,45.68294
Burkina Faso,natural_grassland_cattle_lps_2030y_SOC,cf_median,31.58786
Burundi,natural_grassland_cattle_lps_2030y_SOC,cf_median,56.17835
Cambodia,natural_grassland_cattle_lps_2030y_SOC,cf_median,41.074432
Cameroon,natural_grassland_cattle_lps_2030y_SOC,cf_median,31.466326
Canada,natural_grassland_cattle_lps_2030y_SOC,cf_median,70.93902
Cape Verde,natural_grassland_cattle_lps_2030y_SOC,cf_median,
Cayman Islands,natural_grassland_cattle_lps_2030y_SOC,cf_median,
Central African Republic,natural_grassland_cattle_lps_2030y_SOC,cf_median,30.411322
Chad,natural_grassland_cattle_lps_2030y_SOC,cf_median,31.275427
Chile,natural_grassland_cattle_lps_2030y_SOC,cf_median,101.241066
China,natural_grassland_cattle_lps_2030y_SOC,cf_median,44.266514
China/India,natural_grassland_cattle_lps_2030y_SOC,cf_median,60.474976
Christmas Island,natural_grassland_cattle_lps_2030y_SOC,cf_median,
Clipperton Island,natural_grassland_cattle_lps_2030y_SOC,cf_median,
Cocos (Keeling) Islands,natural_grassland_cattle_lps_2030y_SOC,cf_median,
Colombia,natural_grassland_cattle_lps_2030y_SOC,cf_median,41.277107
Comoros,natural_grassland_cattle_lps_2030y_SOC,cf_median,
Congo,natural_grassland_cattle_lps_2030y_SOC,cf_median,42.613705
Cook Islands,natural_grassland_cattle_lps_2030y_SOC,cf_median,
Costa Rica,natural_grassland_cattle_lps_2030y_SOC,cf_median,48.33818
Croatia,natural_grassland_cattle_lps_2030y_SOC,cf_median,71.72254
Cuba,natural_grassland_cattle_lps_2030y_SOC,cf_median,52.378036
Cyprus,natural_grassland_cattle_lps_2030y_SOC,cf_median,60.23674
Czech Republic,natural_grassland_cattle_lps_2030y_SOC,cf_median,56.02688
Côte d'Ivoire,natural_grassland_cattle_lps_2030y_SOC,cf_median,34.645267
Dem People's Rep of Korea,natural_grassland_cattle_lps_2030y_SOC,cf_median,57.25384
Democratic Republic of the Congo,natural_grassland_cattle_lps_2030y_SOC,cf_median,34.611786
Denmark,natural_grassland_cattle_lps_2030y_SOC,cf_median,106.047714
Djibouti,natural_grassland_cattle_lps_2030y_SOC,cf_median,31.447304
Dominica,natural_grassland_cattle_lps_2030y_SOC,cf_median,
Dominican Republic,natural_grassland_cattle_lps_2030y_SOC,cf_median,53.268032
Ecuador,natural_grassland_cattle_lps_2030y_SOC,cf_median,64.98681
Egypt,natural_grassland_cattle_lps_2030y_SOC,cf_median,29.29632
El Salvador,natural_grassland_cattle_lps_2030y_SOC,cf_median,
Equatorial Guinea,natural_grassland_cattle_lps_2030y_SOC,cf_median,41.789825
Eritrea,natural_grassland_cattle_lps_2030y_SOC,cf_median,39.214703
Estonia,natural_grassland_cattle_lps_2030y_SOC,cf_median,67.346016
Ethiopia,natural_grassland_cattle_lps_2030y_SOC,cf_median,47.822075
Europa Island,natural_grassland_cattle_lps_2030y_SOC,cf_median,
Falkland Islands (Malvinas),natural_grassland_cattle_lps_2030y_SOC,cf_median,
Faroe Islands,natural_grassland_cattle_lps_2030y_SOC,cf_median,119.552505
Fiji,natural_grassland_cattle_lps_2030y_SOC,cf_median,
Finland,natural_grassland_cattle_lps_2030y_SOC,cf_median,85.58779
France,natural_grassland_cattle_lps_2030y_SOC,cf_median,53.77141
French Guiana,natural_grassland_cattle_lps_2030y_SOC,cf_median,38.054718
French Polynesia,natural_grassland_cattle_lps_2030y_SOC,cf_median,
French Southern and Antarctic Territories,natural_grassland_cattle_lps_2030y_SOC,cf_median,
Gabon,natural_grassland_cattle_lps_2030y_SOC,cf_median,41.33045
Gambia,natural_grassland_cattle_lps_2030y_SOC,cf_median,29.949541
Gaza Strip,natural_grassland_cattle_lps_2030y_SOC,cf_median,28.29204
Georgia,natural_grassland_cattle_lps_2030y_SOC,cf_median,71.987144
Germany,natural_grassland_cattle_lps_2030y_SOC,cf_median,59.091316
Ghana,natural_grassland_cattle_lps_2030y_SOC,cf_median,33.68006
Gibraltar,natural_grassland_cattle_lps_2030y_SOC,cf_median,49.52156
Glorioso Island,natural_grassland_cattle_lps_2030y_SOC,cf_median,
Greece,natural_grassland_cattle_lps_2030y_SOC,cf_median,44.528687
Greenland,natural_grassland_cattle_lps_2030y_SOC,cf_median,107.828354
Grenada,natural_grassland_cattle_lps_2030y_SOC,cf_median,
Guadeloupe,natural_grassland_cattle_lps_2030y_SOC,cf_median,
Guam,natural_grassland_cattle_lps_2030y_SOC,cf_median,
Guatemala,natural_grassland_cattle_lps_2030y_SOC,cf_median,47.878075
Guernsey,natural_grassland_cattle_lps_2030y_SOC,cf_median,
Guinea,natural_grassland_cattle_lps_2030y_SOC,cf_median,47.53655
Guinea-Bissau,natural_grassland_cattle_lps_2030y_SOC,cf_median,44.016705
Guyana,natural_grassland_cattle_lps_2030y_SOC,cf_median,37.819633
Haiti,natural_grassland_cattle_lps_2030y_SOC,cf_median,53.032597
Hala'ib triangle,natural_grassland_cattle_lps_2030y_SOC,cf_median,30.338533
Heard Island and McDonald Islands,natural_grassland_cattle_lps_2030y_SOC,cf_median,
Holy See,natural_grassland_cattle_lps_2030y_SOC,cf_median,
Honduras,natural_grassland_cattle_lps_2030y_SOC,cf_median,48.30809
Hong Kong,natural_grassland_cattle_lps_2030y_SOC,cf_median,
Howland Island,natural_grassland_cattle_lps_2030y_SOC,cf_median,
Hungary,natural_grassland_cattle_lps_2030y_SOC,cf_median,51.985767
Iceland,natural_grassland_cattle_lps_2030y_SOC,cf_median,119.52935
Ilemi triangle,natural_grassland_cattle_lps_2030y_SOC,cf_median,46.77466
India,natural_grassland_cattle_lps_2030y_SOC,cf_median,37.152916
Indonesia,natural_grassland_cattle_lps_2030y_SOC,cf_median,43.139797
Iran  (Islamic Republic of),natural_grassland_cattle_lps_2030y_SOC,cf_median,37.887413
Iraq,natural_grassland_cattle_lps_2030y_SOC,cf_median,26.898298
Ireland,natural_grassland_cattle_lps_2030y_SOC,cf_median,90.12061
Isle of Man,natural_grassland_cattle_lps_2030y_SOC,cf_median,
Israel,natural_grassland_cattle_lps_2030y_SOC,cf_median,41.76986
Italy,natural_grassland_cattle_lps_2030y_SOC,cf_median,55.197853
Jamaica,natural_grassland_cattle_lps_2030y_SOC,cf_median,
Jammu and Kashmir,natural_grassland_cattle_lps_2030y_SOC,cf_median,54.630993
Japan,natural_grassland_cattle_lps_2030y_SOC,cf_median,75.629585
Jarvis Island,natural_grassland_cattle_lps_2030y_SOC,cf_median,
Jersey,natural_grassland_cattle_lps_2030y_SOC,cf_median,
Johnston Atoll,natural_grassland_cattle_lps_2030y_SOC,cf_median,
Jordan,natural_grassland_cattle_lps_2030y_SOC,cf_median,37.331585
Juan de Nova Island,natural_grassland_cattle_lps_2030y_SOC,cf_median,
Kazakhstan,natural_grassland_cattle_lps_2030y_SOC,cf_median,54.054672
Kenya,natural_grassland_cattle_lps_2030y_SOC,cf_median,39.26209
Kingman Reef,natural_grassland_cattle_lps_2030y_SOC,cf_median,
Kiribati,natural_grassland_cattle_lps_2030y_SOC,cf_median,
Kuril islands,natural_grassland_cattle_lps_2030y_SOC,cf_median,124.16634
Kuwait,natural_grassland_cattle_lps_2030y_SOC,cf_median,
Kyrgyzstan,natural_grassland_cattle_lps_2030y_SOC,cf_median,65.95311
Lao People's Democratic Republic,natural_grassland_cattle_lps_2030y_SOC,cf_median,41.121544
Latvia,natural_grassland_cattle_lps_2030y_SOC,cf_median,69.91079
Lebanon,natural_grassland_cattle_lps_2030y_SOC,cf_median,42.73152
Lesotho,natural_grassland_cattle_lps_2030y_SOC,cf_median,47.061142
Liberia,natural_grassland_cattle_lps_2030y_SOC,cf_median,
Libya,natural_grassland_cattle_lps_2030y_SOC,cf_median,25.19355
Liechtenstein,natural_grassland_cattle_lps_2030y_SOC,cf_median,82.358215
Lithuania,natural_grassland_cattle_lps_2030y_SOC,cf_median,59.484886
Luxembourg,natural_grassland_cattle_lps_2030y_SOC,cf_median,65.66155
Ma'tan al-Sarra,natural_grassland_cattle_lps_2030y_SOC,cf_median,27.366835
Macau,natural_grassland_cattle_lps_2030y_SOC,cf_median,
Madagascar,natural_grassland_cattle_lps_2030y_SOC,cf_median,42.088642
Madeira Islands,natural_grassland_cattle_lps_2030y_SOC,cf_median,94.484276
Malawi,natural_grassland_cattle_lps_2030y_SOC,cf_median,36.75742
Malaysia,natural_grassland_cattle_lps_2030y_SOC,cf_median,41.179447
Maldives,natural_grassland_cattle_lps_2030y_SOC,cf_median,
Mali,natural_grassland_cattle_lps_2030y_SOC,cf_median,29.306469
Malta,natural_grassland_cattle_lps_2030y_SOC,cf_median,
Marshall Islands,natural_grassland_cattle_lps_2030y_SOC,cf_median,
Martinique,natural_grassland_cattle_lps_2030y_SOC,cf_median,
Mauritania,natural_grassland_cattle_lps_2030y_SOC,cf_median,28.820253
Mauritius,natural_grassland_cattle_lps_2030y_SOC,cf_median,
Mayotte,natural_grassland_cattle_lps_2030y_SOC,cf_median,
Mexico,natural_grassland_cattle_lps_2030y_SOC,cf_median,41.28932
Micronesia (Federated States of),natural_grassland_cattle_lps_2030y_SOC,cf_median,
Midway Island,natural_grassland_cattle_lps_2030y_SOC,cf_median,
"Moldova, Republic of",natural_grassland_cattle_lps_2030y_SOC,cf_median,56.857185
Monaco,natural_grassland_cattle_lps_2030y_SOC,cf_median,85.5769
Mongolia,natural_grassland_cattle_lps_2030y_SOC,cf_median,44.07843
Montenegro,natural_grassland_cattle_lps_2030y_SOC,cf_median,71.06828
Montserrat,natural_grassland_cattle_lps_2030y_SOC,cf_median,
Morocco,natural_grassland_cattle_lps_2030y_SOC,cf_median,32.225533
Mozambique,natural_grassland_cattle_lps_2030y_SOC,cf_median,36.010014
Myanmar,natural_grassland_cattle_lps_2030y_SOC,cf_median,50.256454
Namibia,natural_grassland_cattle_lps_2030y_SOC,cf_median,29.878687
Nauru,natural_grassland_cattle_lps_2030y_SOC,cf_median,
Navassa Island,natural_grassland_cattle_lps_2030y_SOC,cf_median,
Nepal,natural_grassland_cattle_lps_2030y_SOC,cf_median,49.54544
Netherlands,natural_grassland_cattle_lps_2030y_SOC,cf_median,73.60886
Netherlands Antilles,natural_grassland_cattle_lps_2030y_SOC,cf_median,
New Caledonia,natural_grassland_cattle_lps_2030y_SOC,cf_median,
New Zealand,natural_grassland_cattle_lps_2030y_SOC,cf_median,92.79546
Nicaragua,natural_grassland_cattle_lps_2030y_SOC,cf_median,47.047012
Niger,natural_grassland_cattle_lps_2030y_SOC,cf_median,30.588228
Nigeria,natural_grassland_cattle_lps_2030y_SOC,cf_median,29.824926
Niue,natural_grassland_cattle_lps_2030y_SOC,cf_median,
Norfolk Island,natural_grassland_cattle_lps_2030y_SOC,cf_median,
Northern Mariana Islands,natural_grassland_cattle_lps_2030y_SOC,cf_median,
Norway,natural_grassland_cattle_lps_2030y_SOC,cf_median,89.798
Oman,natural_grassland_cattle_lps_2030y_SOC,cf_median,29.895952
Pakistan,natural_grassland_cattle_lps_2030y_SOC,cf_median,32.918938
Palau,natural_grassland_cattle_lps_2030y_SOC,cf_median,
Palmyra Atoll,natural_grassland_cattle_lps_2030y_SOC,cf_median,
Panama,natural_grassland_cattle_lps_2030y_SOC,cf_median,42.27973
Papua New Guinea,natural_grassland_cattle_lps_2030y_SOC,cf_median,84.51955
Paracel Islands,natural_grassland_cattle_lps_2030y_SOC,cf_median,
Paraguay,natural_grassland_cattle_lps_2030y_SOC,cf_median,39.472694
Peru,natural_grassland_cattle_lps_2030y_SOC,cf_median,59.75211
Philippines,natural_grassland_cattle_lps_2030y_SOC,cf_median,103.039116
Pitcairn,natural_grassland_cattle_lps_2030y_SOC,cf_median,
Poland,natural_grassland_cattle_lps_2030y_SOC,cf_median,45.095932
Portugal,natural_grassland_cattle_lps_2030y_SOC,cf_median,42.430653
Puerto Rico,natural_grassland_cattle_lps_2030y_SOC,cf_median,
Qatar,natural_grassland_cattle_lps_2030y_SOC,cf_median,
Republic of Korea,natural_grassland_cattle_lps_2030y_SOC,cf_median,46.191277
Romania,natural_grassland_cattle_lps_2030y_SOC,cf_median,47.458782
Russian Federation,natural_grassland_cattle_lps_2030y_SOC,cf_median,77.90658
Rwanda,natural_grassland_cattle_lps_2030y_SOC,cf_median,58.04815
Réunion,natural_grassland_cattle_lps_2030y_SOC,cf_median,
Saint Helena,natural_grassland_cattle_lps_2030y_SOC,cf_median,
Saint Kitts and Nevis,natural_grassland_cattle_lps_2030y_SOC,cf_median,
Saint Lucia,natural_grassland_cattle_lps_2030y_SOC,cf_median,
Saint Pierre et Miquelon,natural_grassland_cattle_lps_2030y_SOC,cf_median,
Saint Vincent and the Grenadines,natural_grassland_cattle_lps_2030y_SOC,cf_median,
Samoa,natural_grassland_cattle_lps_2030y_SOC,cf_median,
San Marino,natural_grassland_cattle_lps_2030y_SOC,cf_median,45.071106
Sao Tome and Principe,natural_grassland_cattle_lps_2030y_SOC,cf_median,
Saudi Arabia,natural_grassland_cattle_lps_2030y_SOC,cf_median,28.14483
Scarborough Reef,natural_grassland_cattle_lps_2030y_SOC,cf_median,
Senegal,natural_grassland_cattle_lps_2030y_SOC,cf_median,29.55969
Senkaku Islands,natural_grassland_cattle_lps_2030y_SOC,cf_median,
Serbia,natural_grassland_cattle_lps_2030y_SOC,cf_median,60.10622
Seychelles,natural_grassland_cattle_lps_2030y_SOC,cf_median,
Sierra Leone,natural_grassland_cattle_lps_2030y_SOC,cf_median,45.828278
Singapore,natural_grassland_cattle_lps_2030y_SOC,cf_median,
Slovakia,natural_grassland_cattle_lps_2030y_SOC,cf_median,69.000885
Slovenia,natural_grassland_cattle_lps_2030y_SOC,cf_median,78.63602
Solomon Islands,natural_grassland_cattle_lps_2030y_SOC,cf_median,
Somalia,natural_grassland_cattle_lps_2030y_SOC,cf_median,41.30702
South Africa,natural_grassland_cattle_lps_2030y_SOC,cf_median,36.477386
South Georgia and the South Sandwich Islands,natural_grassland_cattle_lps_2030y_SOC,cf_median,
South Sudan,natural_grassland_cattle_lps_2030y_SOC,cf_median,34.558846
Spain,natural_grassland_cattle_lps_2030y_SOC,cf_median,38.17482
Spratly Islands,natural_grassland_cattle_lps_2030y_SOC,cf_median,
Sri Lanka,natural_grassland_cattle_lps_2030y_SOC,cf_median,
Sudan,natural_grassland_cattle_lps_2030y_SOC,cf_median,30.159142
Suriname,natural_grassland_cattle_lps_2030y_SOC,cf_median,34.070923
Svalbard and Jan Mayen Islands,natural_grassland_cattle_lps_2030y_SOC,cf_median,
Swaziland,natural_grassland_cattle_lps_2030y_SOC,cf_median,48.1383
Sweden,natural_grassland_cattle_lps_2030y_SOC,cf_median,86.44986
Switzerland,natural_grassland_cattle_lps_2030y_SOC,cf_median,76.01724
Syrian Arab Republic,natural_grassland_cattle_lps_2030y_SOC,cf_median,30.75671
Taiwan,natural_grassland_cattle_lps_2030y_SOC,cf_median,
Tajikistan,natural_grassland_cattle_lps_2030y_SOC,cf_median,57.183887
Thailand,natural_grassland_cattle_lps_2030y_SOC,cf_median,39.49468
The former Yugoslav Republic of Macedonia,natural_grassland_cattle_lps_2030y_SOC,cf_median,43.814243
Timor-Leste,natural_grassland_cattle_lps_2030y_SOC,cf_median,48.568516
Togo,natural_grassland_cattle_lps_2030y_SOC,cf_median,32.8236
Tokelau,natural_grassland_cattle_lps_2030y_SOC,cf_median,
Tonga,natural_grassland_cattle_lps_2030y_SOC,cf_median,
Trinidad and Tobago,natural_grassland_cattle_lps_2030y_SOC,cf_median,
Tromelin Island,natural_grassland_cattle_lps_2030y_SOC,cf_median,
Tunisia,natural_grassland_cattle_lps_2030y_SOC,cf_median,27.854225
Turkey,natural_grassland_cattle_lps_2030y_SOC,cf_median,48.054504
Turkmenistan,natural_grassland_cattle_lps_2030y_SOC,cf_median,33.981792
Turks and Caicos islands,natural_grassland_cattle_lps_2030y_SOC,cf_median,
Tuvalu,natural_grassland_cattle_lps_2030y_SOC,cf_median,
U.K. of Great Britain and Northern Ireland,natural_grassland_cattle_lps_2030y_SOC,cf_median,82.19149
Uganda,natural_grassland_cattle_lps_2030y_SOC,cf_median,47.638554
Ukraine,natural_grassland_cattle_lps_2030y_SOC,cf_median,60.70066
United Arab Emirates,natural_grassland_cattle_lps_2030y_SOC,cf_median,29.317926
United Republic of Tanzania,natural_grassland_cattle_lps_2030y_SOC,cf_median,35.54474
United States Virgin Islands,natural_grassland_cattle_lps_2030y_SOC,cf_median,
United States of America,natural_grassland_cattle_lps_2030y_SOC,cf_median,46.022675
Uruguay,natural_grassland_cattle_lps_2030y_SOC,cf_median,47.10125
Uzbekistan,natural_grassland_cattle_lps_2030y_SOC,cf_median,35.96739
Vanuatu,natural_grassland_cattle_lps_2030y_SOC,cf_median,
Venezuela,natural_grassland_cattle_lps_2030y_SOC,cf_median,40.143738
Viet Nam,natural_grassland_cattle_lps_2030y_SOC,cf_median,44.006866
Wake Island,natural_grassland_cattle_lps_2030y_SOC,cf_median,
Wallis and Futuna,natural_grassland_cattle_lps_2030y_SOC,cf_median,
West Bank,natural_grassland_cattle_lps_2030y_SOC,cf_median,40.269394
Western Sahara,natural_grassland_cattle_lps_2030y_SOC,cf_median,27.152443
Yemen,natural_grassland_cattle_lps_2030y_SOC,cf_median,31.148802
Zambia,natural_grassland_cattle_lps_2030y_SOC,cf_median,36.851032
Zimbabwe,natural_grassland_cattle_lps_2030y_SOC,cf_median,34.33665
Abyei,natural_grassland_cattle_lps_2030y_SOC,cf_std,0.71076703
Afghanistan,natural_grassland_cattle_lps_2030y_SOC,cf_std,11.935201
Aksai Chin,natural_grassland_cattle_lps_2030y_SOC,cf_std,6.9807024
Albania,natural_grassland_cattle_lps_2030y_SOC,cf_std,9.834947
Algeria,natural_grassland_cattle_lps_2030y_SOC,cf_std,8.201269
American Samoa,natural_grassland_cattle_lps_2030y_SOC,cf_std,
Andorra,natural_grassland_cattle_lps_2030y_SOC,cf_std,4.9841266
Angola,natural_grassland_cattle_lps_2030y_SOC,cf_std,7.6551743
Anguilla,natural_grassland_cattle_lps_2030y_SOC,cf_std,
Antarctica,natural_grassland_cattle_lps_2030y_SOC,cf_std,
Antigua and Barbuda,natural_grassland_cattle_lps_2030y_SOC,cf_std,
Argentina,natural_grassland_cattle_lps_2030y_SOC,cf_std,13.325144
Armenia,natural_grassland_cattle_lps_2030y_SOC,cf_std,8.017053
Aruba,natural_grassland_cattle_lps_2030y_SOC,cf_std,
Arunachal Pradesh,natural_grassland_cattle_lps_2030y_SOC,cf_std,10.117767
Ashmore and Cartier Islands,natural_grassland_cattle_lps_2030y_SOC,cf_std,
Australia,natural_grassland_cattle_lps_2030y_SOC,cf_std,13.802065
Austria,natural_grassland_cattle_lps_2030y_SOC,cf_std,7.179668
Azerbaijan,natural_grassland_cattle_lps_2030y_SOC,cf_std,11.708659
Azores Islands,natural_grassland_cattle_lps_2030y_SOC,cf_std,
Bahamas,natural_grassland_cattle_lps_2030y_SOC,cf_std,3.471566
Bahrain,natural_grassland_cattle_lps_2030y_SOC,cf_std,
Baker Island,natural_grassland_cattle_lps_2030y_SOC,cf_std,
Bangladesh,natural_grassland_cattle_lps_2030y_SOC,cf_std,10.623578
Barbados,natural_grassland_cattle_lps_2030y_SOC,cf_std,
Bassas da India,natural_grassland_cattle_lps_2030y_SOC,cf_std,
Belarus,natural_grassland_cattle_lps_2030y_SOC,cf_std,5.2813115
Belgium,natural_grassland_cattle_lps_2030y_SOC,cf_std,10.525219
Belize,natural_grassland_cattle_lps_2030y_SOC,cf_std,1.5121875
Benin,natural_grassland_cattle_lps_2030y_SOC,cf_std,2.764196
Bermuda,natural_grassland_cattle_lps_2030y_SOC,cf_std,
Bhutan,natural_grassland_cattle_lps_2030y_SOC,cf_std,7.8713145
Bird Island,natural_grassland_cattle_lps_2030y_SOC,cf_std,
Bolivia,natural_grassland_cattle_lps_2030y_SOC,cf_std,8.757816
Bosnia and Herzegovina,natural_grassland_cattle_lps_2030y_SOC,cf_std,7.9480934
Botswana,natural_grassland_cattle_lps_2030y_SOC,cf_std,3.148905
Bouvet Island,natural_grassland_cattle_lps_2030y_SOC,cf_std,
Brazil,natural_grassland_cattle_lps_2030y_SOC,cf_std,6.1852655
British Indian Ocean Territory,natural_grassland_cattle_lps_2030y_SOC,cf_std,
British Virgin Islands,natural_grassland_cattle_lps_2030y_SOC,cf_std,
Brunei Darussalam,natural_grassland_cattle_lps_2030y_SOC,cf_std,
Bulgaria,natural_grassland_cattle_lps_2030y_SOC,cf_std,5.6997523
Burkina Faso,natural_grassland_cattle_lps_2030y_SOC,cf_std,2.5262203
Burundi,natural_grassland_cattle_lps_2030y_SOC,cf_std,3.8346937
Cambodia,natural_grassland_cattle_lps_2030y_SOC,cf_std,2.0889807
Cameroon,natural_grassland_cattle_lps_2030y_SOC,cf_std,7.9455647
Canada,natural_grassland_cattle_lps_2030y_SOC,cf_std,13.537032
Cape Verde,natural_grassland_cattle_lps_2030y_SOC,cf_std,
Cayman Islands,natural_grassland_cattle_lps_2030y_SOC,cf_std,
Central African Republic,natural_grassland_cattle_lps_2030y_SOC,cf_std,2.029661
Chad,natural_grassland_cattle_lps_2030y_SOC,cf_std,3.3082151
Chile,natural_grassland_cattle_lps_2030y_SOC,cf_std,32.944878
China,natural_grassland_cattle_lps_2030y_SOC,cf_std,17.942541
China/India,natural_grassland_cattle_lps_2030y_SOC,cf_std,16.18082
Christmas Island,natural_grassland_cattle_lps_2030y_SOC,cf_std,
Clipperton Island,natural_grassland_cattle_lps_2030y_SOC,cf_std,
Cocos (Keeling) Islands,natural_grassland_cattle_lps_2030y_SOC,cf_std,
Colombia,natural_grassland_cattle_lps_2030y_SOC,cf_std,19.855639
Comoros,natural_grassland_cattle_lps_2030y_SOC,cf_std,
Congo,natural_grassland_cattle_lps_2030y_SOC,cf_std,9.682215
Cook Islands,natural_grassland_cattle_lps_2030y_SOC,cf_std,
Costa Rica,natural_grassland_cattle_lps_2030y_SOC,cf_std,1.5719767
Croatia,natural_grassland_cattle_lps_2030y_SOC,cf_std,13.877401
Cuba,natural_grassland_cattle_lps_2030y_SOC,cf_std,34.39303
Cyprus,natural_grassland_cattle_lps_2030y_SOC,cf_std,3.5073166
Czech Republic,natural_grassland_cattle_lps_2030y_SOC,cf_std,6.6212053
Côte d'Ivoire,natural_grassland_cattle_lps_2030y_SOC,cf_std,2.132308
Dem People's Rep of Korea,natural_grassland_cattle_lps_2030y_SOC,cf_std,10.366744
Democratic Republic of the Congo,natural_grassland_cattle_lps_2030y_SOC,cf_std,3.9719641
Denmark,natural_grassland_cattle_lps_2030y_SOC,cf_std,24.443262
Djibouti,natural_grassland_cattle_lps_2030y_SOC,cf_std,15.509244
Dominica,natural_grassland_cattle_lps_2030y_SOC,cf_std,
Dominican Republic,natural_grassland_cattle_lps_2030y_SOC,cf_std,26.271553
Ecuador,natural_grassland_cattle_lps_2030y_SOC,cf_std,14.095672
Egypt,natural_grassland_cattle_lps_2030y_SOC,cf_std,10.804739
El Salvador,natural_grassland_cattle_lps_2030y_SOC,cf_std,
Equatorial Guinea,natural_grassland_cattle_lps_2030y_SOC,cf_std,0.555866
Eritrea,natural_grassland_cattle_lps_2030y_SOC,cf_std,11.962545
Estonia,natural_grassland_cattle_lps_2030y_SOC,cf_std,27.203024
Ethiopia,natural_grassland_cattle_lps_2030y_SOC,cf_std,10.242764
Europa Island,natural_grassland_cattle_lps_2030y_SOC,cf_std,
Falkland Islands (Malvinas),natural_grassland_cattle_lps_2030y_SOC,cf_std,
Faroe Islands,natural_grassland_cattle_lps_2030y_SOC,cf_std,6.2699122
Fiji,natural_grassland_cattle_lps_2030y_SOC,cf_std,
Finland,natural_grassland_cattle_lps_2030y_SOC,cf_std,10.431377
France,natural_grassland_cattle_lps_2030y_SOC,cf_std,13.888994
French Guiana,natural_grassland_cattle_lps_2030y_SOC,cf_std,3.2849743
French Polynesia,natural_grassland_cattle_lps_2030y_SOC,cf_std,
French Southern and Antarctic Territories,natural_grassland_cattle_lps_2030y_SOC,cf_std,
Gabon,natural_grassland_cattle_lps_2030y_SOC,cf_std,14.266888
Gambia,natural_grassland_cattle_lps_2030y_SOC,cf_std,3.826216
Gaza Strip,natural_grassland_cattle_lps_2030y_SOC,cf_std,1.4200143
Georgia,natural_grassland_cattle_lps_2030y_SOC,cf_std,9.477186
Germany,natural_grassland_cattle_lps_2030y_SOC,cf_std,11.68809
Ghana,natural_grassland_cattle_lps_2030y_SOC,cf_std,7.8476086
Gibraltar,natural_grassland_cattle_lps_2030y_SOC,cf_std,0.0
Glorioso Island,natural_grassland_cattle_lps_2030y_SOC,cf_std,
Greece,natural_grassland_cattle_lps_2030y_SOC,cf_std,12.804602
Greenland,natural_grassland_cattle_lps_2030y_SOC,cf_std,6.840279
Grenada,natural_grassland_cattle_lps_2030y_SOC,cf_std,
Guadeloupe,natural_grassland_cattle_lps_2030y_SOC,cf_std,
Guam,natural_grassland_cattle_lps_2030y_SOC,cf_std,
Guatemala,natural_grassland_cattle_lps_2030y_SOC,cf_std,14.309635
Guernsey,natural_grassland_cattle_lps_2030y_SOC,cf_std,
Guinea,natural_grassland_cattle_lps_2030y_SOC,cf_std,7.1796875
Guinea-Bissau,natural_grassland_cattle_lps_2030y_SOC,cf_std,21.799307
Guyana,natural_grassland_cattle_lps_2030y_SOC,cf_std,8.831953
Haiti,natural_grassland_cattle_lps_2030y_SOC,cf_std,35.601727
Hala'ib triangle,natural_grassland_cattle_lps_2030y_SOC,cf_std,14.862425
Heard Island and McDonald Islands,natural_grassland_cattle_lps_2030y_SOC,cf_std,
Holy See,natural_grassland_cattle_lps_2030y_SOC,cf_std,
Honduras,natural_grassland_cattle_lps_2030y_SOC,cf_std,17.813814
Hong Kong,natural_grassland_cattle_lps_2030y_SOC,cf_std,
Howland Island,natural_grassland_cattle_lps_2030y_SOC,cf_std,
Hungary,natural_grassland_cattle_lps_2030y_SOC,cf_std,1.7668117
Iceland,natural_grassland_cattle_lps_2030y_SOC,cf_std,16.872173
Ilemi triangle,natural_grassland_cattle_lps_2030y_SOC,cf_std,2.8476868
India,natural_grassland_cattle_lps_2030y_SOC,cf_std,10.196679
Indonesia,natural_grassland_cattle_lps_2030y_SOC,cf_std,28.657833
Iran  (Islamic Republic of),natural_grassland_cattle_lps_2030y_SOC,cf_std,9.752595
Iraq,natural_grassland_cattle_lps_2030y_SOC,cf_std,8.822273
Ireland,natural_grassland_cattle_lps_2030y_SOC,cf_std,21.756151
Isle of Man,natural_grassland_cattle_lps_2030y_SOC,cf_std,
Israel,natural_grassland_cattle_lps_2030y_SOC,cf_std,6.1047764
Italy,natural_grassland_cattle_lps_2030y_SOC,cf_std,14.071598
Jamaica,natural_grassland_cattle_lps_2030y_SOC,cf_std,
Jammu and Kashmir,natural_grassland_cattle_lps_2030y_SOC,cf_std,8.130884
Japan,natural_grassland_cattle_lps_2030y_SOC,cf_std,23.343998
Jarvis Island,natural_grassland_cattle_lps_2030y_SOC,cf_std,
Jersey,natural_grassland_cattle_lps_2030y_SOC,cf_std,
Johnston Atoll,natural_grassland_cattle_lps_2030y_SOC,cf_std,
Jordan,natural_grassland_cattle_lps_2030y_SOC,cf_std,8.174873
Juan de Nova Island,natural_grassland_cattle_lps_2030y_SOC,cf_std,
Kazakhstan,natural_grassland_cattle_lps_2030y_SOC,cf_std,14.140142
Kenya,natural_grassland_cattle_lps_2030y_SOC,cf_std,8.864544
Kingman Reef,natural_grassland_cattle_lps_2030y_SOC,cf_std,
Kiribati,natural_grassland_cattle_lps_2030y_SOC,cf_std,
Kuril islands,natural_grassland_cattle_lps_2030y_SOC,cf_std,4.035049
Kuwait,natural_grassland_cattle_lps_2030y_SOC,cf_std,
Kyrgyzstan,natural_grassland_cattle_lps_2030y_SOC,cf_std,9.957536
Lao People's Democratic Republic,natural_grassland_cattle_lps_2030y_SOC,cf_std,2.3961217
Latvia,natural_grassland_cattle_lps_2030y_SOC,cf_std,2.8298104
Lebanon,natural_grassland_cattle_lps_2030y_SOC,cf_std,11.538912
Lesotho,natural_grassland_cattle_lps_2030y_SOC,cf_std,10.381337
Liberia,natural_grassland_cattle_lps_2030y_SOC,cf_std,
Libya,natural_grassland_cattle_lps_2030y_SOC,cf_std,9.421896
Liechtenstein,natural_grassland_cattle_lps_2030y_SOC,cf_std,5.5243406
Lithuania,natural_grassland_cattle_lps_2030y_SOC,cf_std,4.773853
Luxembourg,natural_grassland_cattle_lps_2030y_SOC,cf_std,3.6601584
Ma'tan al-Sarra,natural_grassland_cattle_lps_2030y_SOC,cf_std,0.6248895
Macau,natural_grassland_cattle_lps_2030y_SOC,cf_std,
Madagascar,natural_grassland_cattle_lps_2030y_SOC,cf_std,14.786231
Madeira Islands,natural_grassland_cattle_lps_2030y_SOC,cf_std,0.0
Malawi,natural_grassland_cattle_lps_2030y_SOC,cf_std,5.9127836
Malaysia,natural_grassland_cattle_lps_2030y_SOC,cf_std,7.7142944
Maldives,natural_grassland_cattle_lps_2030y_SOC,cf_std,
Mali,natural_grassland_cattle_lps_2030y_SOC,cf_std,2.8693538
Malta,natural_grassland_cattle_lps_2030y_SOC,cf_std,
Marshall Islands,natural_grassland_cattle_lps_2030y_SOC,cf_std,
Martinique,natural_grassland_cattle_lps_2030y_SOC,cf_std,
Mauritania,natural_grassland_cattle_lps_2030y_SOC,cf_std,7.2398825
Mauritius,natural_grassland_cattle_lps_2030y_SOC,cf_std,
Mayotte,natural_grassland_cattle_lps_2030y_SOC,cf_std,
Mexico,natural_grassland_cattle_lps_2030y_SOC,cf_std,14.038728
Micronesia (Federated States of),natural_grassland_cattle_lps_2030y_SOC,cf_std,
Midway Island,natural_grassland_cattle_lps_2030y_SOC,cf_std,
"Moldova, Republic of",natural_grassland_cattle_lps_2030y_SOC,cf_std,6.779899
Monaco,natural_grassland_cattle_lps_2030y_SOC,cf_std,0.0
Mongolia,natural_grassland_cattle_lps_2030y_SOC,cf_std,16.847185
Montenegro,natural_grassland_cattle_lps_2030y_SOC,cf_std,5.6626906
Montserrat,natural_grassland_cattle_lps_2030y_SOC,cf_std,
Morocco,natural_grassland_cattle_lps_2030y_SOC,cf_std,10.058693
Mozambique,natural_grassland_cattle_lps_2030y_SOC,cf_std,21.170149
Myanmar,natural_grassland_cattle_lps_2030y_SOC,cf_std,16.149857
Namibia,natural_grassland_cattle_lps_2030y_SOC,cf_std,3.8148003
Nauru,natural_grassland_cattle_lps_2030y_SOC,cf_std,
Navassa Island,natural_grassland_cattle_lps_2030y_SOC,cf_std,
Nepal,natural_grassland_cattle_lps_2030y_SOC,cf_std,11.492919
Netherlands,natural_grassland_cattle_lps_2030y_SOC,cf_std,30.364044
Netherlands Antilles,natural_grassland_cattle_lps_2030y_SOC,cf_std,
New Caledonia,natural_grassland_cattle_lps_2030y_SOC,cf_std,
New Zealand,natural_grassland_cattle_lps_2030y_SOC,cf_std,23.99749
Nicaragua,natural_grassland_cattle_lps_2030y_SOC,cf_std,23.71822
Niger,natural_grassland_cattle_lps_2030y_SOC,cf_std,5.0411773
Nigeria,natural_grassland_cattle_lps_2030y_SOC,cf_std,3.7021084
Niue,natural_grassland_cattle_lps_2030y_SOC,cf_std,
Norfolk Island,natural_grassland_cattle_lps_2030y_SOC,cf_std,
Northern Mariana Islands,natural_grassland_cattle_lps_2030y_SOC,cf_std,
Norway,natural_grassland_cattle_lps_2030y_SOC,cf_std,12.063914
Oman,natural_grassland_cattle_lps_2030y_SOC,cf_std,8.466781
Pakistan,natural_grassland_cattle_lps_2030y_SOC,cf_std,11.909943
Palau,natural_grassland_cattle_lps_2030y_SOC,cf_std,
Palmyra Atoll,natural_grassland_cattle_lps_2030y_SOC,cf_std,
Panama,natural_grassland_cattle_lps_2030y_SOC,cf_std,2.4687645
Papua New Guinea,natural_grassland_cattle_lps_2030y_SOC,cf_std,19.35789
Paracel Islands,natural_grassland_cattle_lps_2030y_SOC,cf_std,
Paraguay,natural_grassland_cattle_lps_2030y_SOC,cf_std,7.6651073
Peru,natural_grassland_cattle_lps_2030y_SOC,cf_std,12.389267
Philippines,natural_grassland_cattle_lps_2030y_SOC,cf_std,35.409397
Pitcairn,natural_grassland_cattle_lps_2030y_SOC,cf_std,
Poland,natural_grassland_cattle_lps_2030y_SOC,cf_std,8.537724
Portugal,natural_grassland_cattle_lps_2030y_SOC,cf_std,9.717257
Puerto Rico,natural_grassland_cattle_lps_2030y_SOC,cf_std,
Qatar,natural_grassland_cattle_lps_2030y_SOC,cf_std,
Republic of Korea,natural_grassland_cattle_lps_2030y_SOC,cf_std,11.216012
Romania,natural_grassland_cattle_lps_2030y_SOC,cf_std,8.70828
Russian Federation,natural_grassland_cattle_lps_2030y_SOC,cf_std,12.259666
Rwanda,natural_grassland_cattle_lps_2030y_SOC,cf_std,4.9474316
Réunion,natural_grassland_cattle_lps_2030y_SOC,cf_std,
Saint Helena,natural_grassland_cattle_lps_2030y_SOC,cf_std,
Saint Kitts and Nevis,natural_grassland_cattle_lps_2030y_SOC,cf_std,
Saint Lucia,natural_grassland_cattle_lps_2030y_SOC,cf_std,
Saint Pierre et Miquelon,natural_grassland_cattle_lps_2030y_SOC,cf_std,
Saint Vincent and the Grenadines,natural_grassland_cattle_lps_2030y_SOC,cf_std,
Samoa,natural_grassland_cattle_lps_2030y_SOC,cf_std,
San Marino,natural_grassland_cattle_lps_2030y_SOC,cf_std,2.9280787
Sao Tome and Principe,natural_grassland_cattle_lps_2030y_SOC,cf_std,
Saudi Arabia,natural_grassland_cattle_lps_2030y_SOC,cf_std,9.947737
Scarborough Reef,natural_grassland_cattle_lps_2030y_SOC,cf_std,
Senegal,natural_grassland_cattle_lps_2030y_SOC,cf_std,7.996027
Senkaku Islands,natural_grassland_cattle_lps_2030y_SOC,cf_std,
Serbia,natural_grassland_cattle_lps_2030y_SOC,cf_std,7.5011625
Seychelles,natural_grassland_cattle_lps_2030y_SOC,cf_std,
Sierra Leone,natural_grassland_cattle_lps_2030y_SOC,cf_std,2.7783465
Singapore,natural_grassland_cattle_lps_2030y_SOC,cf_std,
Slovakia,natural_grassland_cattle_lps_2030y_SOC,cf_std,5.3400254
Slovenia,natural_grassland_cattle_lps_2030y_SOC,cf_std,10.870209
Solomon Islands,natural_grassland_cattle_lps_2030y_SOC,cf_std,
Somalia,natural_grassland_cattle_lps_2030y_SOC,cf_std,10.791387
South Africa,natural_grassland_cattle_lps_2030y_SOC,cf_std,7.469236
South Georgia and the South Sandwich Islands,natural_grassland_cattle_lps_2030y_SOC,cf_std,
South Sudan,natural_grassland_cattle_lps_2030y_SOC,cf_std,4.9631386
Spain,natural_grassland_cattle_lps_2030y_SOC,cf_std,18.052273
Spratly Islands,natural_grassland_cattle_lps_2030y_SOC,cf_std,
Sri Lanka,natural_grassland_cattle_lps_2030y_SOC,cf_std,
Sudan,natural_grassland_cattle_lps_2030y_SOC,cf_std,2.6293788
Suriname,natural_grassland_cattle_lps_2030y_SOC,cf_std,3.6565733
Svalbard and Jan Mayen Islands,natural_grassland_cattle_lps_2030y_SOC,cf_std,
Swaziland,natural_grassland_cattle_lps_2030y_SOC,cf_std,3.2607687
Sweden,natural_grassland_cattle_lps_2030y_SOC,cf_std,14.330726
Switzerland,natural_grassland_cattle_lps_2030y_SOC,cf_std,9.90809
Syrian Arab Republic,natural_grassland_cattle_lps_2030y_SOC,cf_std,7.869067
Taiwan,natural_grassland_cattle_lps_2030y_SOC,cf_std,
Tajikistan,natural_grassland_cattle_lps_2030y_SOC,cf_std,10.919407
Thailand,natural_grassland_cattle_lps_2030y_SOC,cf_std,12.571069
The former Yugoslav Republic of Macedonia,natural_grassland_cattle_lps_2030y_SOC,cf_std,9.108778
Timor-Leste,natural_grassland_cattle_lps_2030y_SOC,cf_std,32.112328
Togo,natural_grassland_cattle_lps_2030y_SOC,cf_std,3.6276007
Tokelau,natural_grassland_cattle_lps_2030y_SOC,cf_std,
Tonga,natural_grassland_cattle_lps_2030y_SOC,cf_std,
Trinidad and Tobago,natural_grassland_cattle_lps_2030y_SOC,cf_std,
Tromelin Island,natural_grassland_cattle_lps_2030y_SOC,cf_std,
Tunisia,natural_grassland_cattle_lps_2030y_SOC,cf_std,7.168099
Turkey,natural_grassland_cattle_lps_2030y_SOC,cf_std,10.87343
Turkmenistan,natural_grassland_cattle_lps_2030y_SOC,cf_std,8.236613
Turks and Caicos islands,natural_grassland_cattle_lps_2030y_SOC,cf_std,
Tuvalu,natural_grassland_cattle_lps_2030y_SOC,cf_std,
U.K. of Great Britain and Northern Ireland,natural_grassland_cattle_lps_2030y_SOC,cf_std,26.09442
Uganda,natural_grassland_cattle_lps_2030y_SOC,cf_std,6.0771017
Ukraine,natural_grassland_cattle_lps_2030y_SOC,cf_std,10.795951
United Arab Emirates,natural_grassland_cattle_lps_2030y_SOC,cf_std,13.614632
United Republic of Tanzania,natural_grassland_cattle_lps_2030y_SOC,cf_std,8.679668
United States Virgin Islands,natural_grassland_cattle_lps_2030y_SOC,cf_std,
United States of America,natural_grassland_cattle_lps_2030y_SOC,cf_std,19.99287
Uruguay,natural_grassland_cattle_lps_2030y_SOC,cf_std,9.229707
Uzbekistan,natural_grassland_cattle_lps_2030y_SOC,cf_std,8.816723
Vanuatu,natural_grassland_cattle_lps_2030y_SOC,cf_std,
Venezuela,natural_grassland_cattle_lps_2030y_SOC,cf_std,8.374988
Viet Nam,natural_grassland_cattle_lps_2030y_SOC,cf_std,25.108702
Wake Island,natural_grassland_cattle_lps_2030y_SOC,cf_std,
Wallis and Futuna,natural_grassland_cattle_lps_2030y_SOC,cf_std,
West Bank,natural_grassland_cattle_lps_2030y_SOC,cf_std,3.9200578
Western Sahara,natural_grassland_cattle_lps_2030y_SOC,cf_std,8.604388
Yemen,natural_grassland_cattle_lps_2030y_SOC,cf_std,8.179828
Zambia,natural_grassland_cattle_lps_2030y_SOC,cf_std,3.0649996
Zimbabwe,natural_grassland_cattle_lps_2030y_SOC,cf_std,2.5231893
Abyei,natural_grassland_goat_2030y_SOC,cf_mean,32.648514
Afghanistan,natural_grassland_goat_2030y_SOC,cf_mean,44.58422
Aksai Chin,natural_grassland_goat_2030y_SOC,cf_mean,45.670246
Albania,natural_grassland_goat_2030y_SOC,cf_mean,54.97758
Algeria,natural_grassland_goat_2030y_SOC,cf_mean,31.851288
American Samoa,natural_grassland_goat_2030y_SOC,cf_mean,
Andorra,natural_grassland_goat_2030y_SOC,cf_mean,64.77925
Angola,natural_grassland_goat_2030y_SOC,cf_mean,31.477861
Anguilla,natural_grassland_goat_2030y_SOC,cf_mean,
Antarctica,natural_grassland_goat_2030y_SOC,cf_mean,
Antigua and Barbuda,natural_grassland_goat_2030y_SOC,cf_mean,
Argentina,natural_grassland_goat_2030y_SOC,cf_mean,41.752205
Armenia,natural_grassland_goat_2030y_SOC,cf_mean,60.06973
Aruba,natural_grassland_goat_2030y_SOC,cf_mean,
Arunachal Pradesh,natural_grassland_goat_2030y_SOC,cf_mean,56.15159
Ashmore and Cartier Islands,natural_grassland_goat_2030y_SOC,cf_mean,
Australia,natural_grassland_goat_2030y_SOC,cf_mean,36.49706
Austria,natural_grassland_goat_2030y_SOC,cf_mean,75.86623
Azerbaijan,natural_grassland_goat_2030y_SOC,cf_mean,56.55881
Azores Islands,natural_grassland_goat_2030y_SOC,cf_mean,
Bahamas,natural_grassland_goat_2030y_SOC,cf_mean,121.41667
Bahrain,natural_grassland_goat_2030y_SOC,cf_mean,
Baker Island,natural_grassland_goat_2030y_SOC,cf_mean,
Bangladesh,natural_grassland_goat_2030y_SOC,cf_mean,39.375866
Barbados,natural_grassland_goat_2030y_SOC,cf_mean,
Bassas da India,natural_grassland_goat_2030y_SOC,cf_mean,
Belarus,natural_grassland_goat_2030y_SOC,cf_mean,59.366783
Belgium,natural_grassland_goat_2030y_SOC,cf_mean,60.80127
Belize,natural_grassland_goat_2030y_SOC,cf_mean,43.819466
Benin,natural_grassland_goat_2030y_SOC,cf_mean,29.52079
Bermuda,natural_grassland_goat_2030y_SOC,cf_mean,
Bhutan,natural_grassland_goat_2030y_SOC,cf_mean,62.112404
Bird Island,natural_grassland_goat_2030y_SOC,cf_mean,
Bolivia,natural_grassland_goat_2030y_SOC,cf_mean,41.565117
Bosnia and Herzegovina,natural_grassland_goat_2030y_SOC,cf_mean,71.163795
Botswana,natural_grassland_goat_2030y_SOC,cf_mean,31.40183
Bouvet Island,natural_grassland_goat_2030y_SOC,cf_mean,
Brazil,natural_grassland_goat_2030y_SOC,cf_mean,37.546837
British Indian Ocean Territory,natural_grassland_goat_2030y_SOC,cf_mean,
British Virgin Islands,natural_grassland_goat_2030y_SOC,cf_mean,
Brunei Darussalam,natural_grassland_goat_2030y_SOC,cf_mean,
Bulgaria,natural_grassland_goat_2030y_SOC,cf_mean,45.80219
Burkina Faso,natural_grassland_goat_2030y_SOC,cf_mean,31.029474
Burundi,natural_grassland_goat_2030y_SOC,cf_mean,55.286606
Cambodia,natural_grassland_goat_2030y_SOC,cf_mean,40.49026
Cameroon,natural_grassland_goat_2030y_SOC,cf_mean,32.98777
Canada,natural_grassland_goat_2030y_SOC,cf_mean,72.54505
Cape Verde,natural_grassland_goat_2030y_SOC,cf_mean,
Cayman Islands,natural_grassland_goat_2030y_SOC,cf_mean,
Central African Republic,natural_grassland_goat_2030y_SOC,cf_mean,30.448624
Chad,natural_grassland_goat_2030y_SOC,cf_mean,30.312515
Chile,natural_grassland_goat_2030y_SOC,cf_mean,93.80331
China,natural_grassland_goat_2030y_SOC,cf_mean,49.302937
China/India,natural_grassland_goat_2030y_SOC,cf_mean,59.313023
Christmas Island,natural_grassland_goat_2030y_SOC,cf_mean,
Clipperton Island,natural_grassland_goat_2030y_SOC,cf_mean,
Cocos (Keeling) Islands,natural_grassland_goat_2030y_SOC,cf_mean,
Colombia,natural_grassland_goat_2030y_SOC,cf_mean,49.172974
Comoros,natural_grassland_goat_2030y_SOC,cf_mean,
Congo,natural_grassland_goat_2030y_SOC,cf_mean,43.26612
Cook Islands,natural_grassland_goat_2030y_SOC,cf_mean,
Costa Rica,natural_grassland_goat_2030y_SOC,cf_mean,46.704662
Croatia,natural_grassland_goat_2030y_SOC,cf_mean,70.683266
Cuba,natural_grassland_goat_2030y_SOC,cf_mean,74.75813
Cyprus,natural_grassland_goat_2030y_SOC,cf_mean,58.03261
Czech Republic,natural_grassland_goat_2030y_SOC,cf_mean,56.293262
Côte d'Ivoire,natural_grassland_goat_2030y_SOC,cf_mean,34.0121
Dem People's Rep of Korea,natural_grassland_goat_2030y_SOC,cf_mean,59.346214
Democratic Republic of the Congo,natural_grassland_goat_2030y_SOC,cf_mean,35.263905
Denmark,natural_grassland_goat_2030y_SOC,cf_mean,95.447174
Djibouti,natural_grassland_goat_2030y_SOC,cf_mean,39.06312
Dominica,natural_grassland_goat_2030y_SOC,cf_mean,
Dominican Republic,natural_grassland_goat_2030y_SOC,cf_mean,63.384617
Ecuador,natural_grassland_goat_2030y_SOC,cf_mean,63.851543
Egypt,natural_grassland_goat_2030y_SOC,cf_mean,32.368557
El Salvador,natural_grassland_goat_2030y_SOC,cf_mean,
Equatorial Guinea,natural_grassland_goat_2030y_SOC,cf_mean,41.725136
Eritrea,natural_grassland_goat_2030y_SOC,cf_mean,41.548832
Estonia,natural_grassland_goat_2030y_SOC,cf_mean,80.09058
Ethiopia,natural_grassland_goat_2030y_SOC,cf_mean,47.40284
Europa Island,natural_grassland_goat_2030y_SOC,cf_mean,
Falkland Islands (Malvinas),natural_grassland_goat_2030y_SOC,cf_mean,
Faroe Islands,natural_grassland_goat_2030y_SOC,cf_mean,120.725586
Fiji,natural_grassland_goat_2030y_SOC,cf_mean,
Finland,natural_grassland_goat_2030y_SOC,cf_mean,86.58109
France,natural_grassland_goat_2030y_SOC,cf_mean,55.04092
French Guiana,natural_grassland_goat_2030y_SOC,cf_mean,38.785534
French Polynesia,natural_grassland_goat_2030y_SOC,cf_mean,
French Southern and Antarctic Territories,natural_grassland_goat_2030y_SOC,cf_mean,
Gabon,natural_grassland_goat_2030y_SOC,cf_mean,44.734486
Gambia,natural_grassland_goat_2030y_SOC,cf_mean,29.135376
Gaza Strip,natural_grassland_goat_2030y_SOC,cf_mean,29.056301
Georgia,natural_grassland_goat_2030y_SOC,cf_mean,68.5335
Germany,natural_grassland_goat_2030y_SOC,cf_mean,59.663914
Ghana,natural_grassland_goat_2030y_SOC,cf_mean,34.827427
Gibraltar,natural_grassland_goat_2030y_SOC,cf_mean,48.518143
Glorioso Island,natural_grassland_goat_2030y_SOC,cf_mean,
Greece,natural_grassland_goat_2030y_SOC,cf_mean,48.506794
Greenland,natural_grassland_goat_2030y_SOC,cf_mean,106.47831
Grenada,natural_grassland_goat_2030y_SOC,cf_mean,
Guadeloupe,natural_grassland_goat_2030y_SOC,cf_mean,
Guam,natural_grassland_goat_2030y_SOC,cf_mean,
Guatemala,natural_grassland_goat_2030y_SOC,cf_mean,49.62642
Guernsey,natural_grassland_goat_2030y_SOC,cf_mean,
Guinea,natural_grassland_goat_2030y_SOC,cf_mean,47.026188
Guinea-Bissau,natural_grassland_goat_2030y_SOC,cf_mean,50.933475
Guyana,natural_grassland_goat_2030y_SOC,cf_mean,39.140697
Haiti,natural_grassland_goat_2030y_SOC,cf_mean,73.04424
Hala'ib triangle,natural_grassland_goat_2030y_SOC,cf_mean,36.533825
Heard Island and McDonald Islands,natural_grassland_goat_2030y_SOC,cf_mean,
Holy See,natural_grassland_goat_2030y_SOC,cf_mean,
Honduras,natural_grassland_goat_2030y_SOC,cf_mean,51.93239
Hong Kong,natural_grassland_goat_2030y_SOC,cf_mean,
Howland Island,natural_grassland_goat_2030y_SOC,cf_mean,
Hungary,natural_grassland_goat_2030y_SOC,cf_mean,50.977173
Iceland,natural_grassland_goat_2030y_SOC,cf_mean,119.74281
Ilemi triangle,natural_grassland_goat_2030y_SOC,cf_mean,47.421684
India,natural_grassland_goat_2030y_SOC,cf_mean,37.575573
Indonesia,natural_grassland_goat_2030y_SOC,cf_mean,57.484707
Iran  (Islamic Republic of),natural_grassland_goat_2030y_SOC,cf_mean,37.234398
Iraq,natural_grassland_goat_2030y_SOC,cf_mean,30.292559
Ireland,natural_grassland_goat_2030y_SOC,cf_mean,88.89344
Isle of Man,natural_grassland_goat_2030y_SOC,cf_mean,
Israel,natural_grassland_goat_2030y_SOC,cf_mean,37.68128
Italy,natural_grassland_goat_2030y_SOC,cf_mean,54.79532
Jamaica,natural_grassland_goat_2030y_SOC,cf_mean,
Jammu and Kashmir,natural_grassland_goat_2030y_SOC,cf_mean,53.244473
Japan,natural_grassland_goat_2030y_SOC,cf_mean,80.58126
Jarvis Island,natural_grassland_goat_2030y_SOC,cf_mean,
Jersey,natural_grassland_goat_2030y_SOC,cf_mean,
Johnston Atoll,natural_grassland_goat_2030y_SOC,cf_mean,
Jordan,natural_grassland_goat_2030y_SOC,cf_mean,38.240196
Juan de Nova Island,natural_grassland_goat_2030y_SOC,cf_mean,
Kazakhstan,natural_grassland_goat_2030y_SOC,cf_mean,52.088127
Kenya,natural_grassland_goat_2030y_SOC,cf_mean,40.28258
Kingman Reef,natural_grassland_goat_2030y_SOC,cf_mean,
Kiribati,natural_grassland_goat_2030y_SOC,cf_mean,
Kuril islands,natural_grassland_goat_2030y_SOC,cf_mean,124.135284
Kuwait,natural_grassland_goat_2030y_SOC,cf_mean,
Kyrgyzstan,natural_grassland_goat_2030y_SOC,cf_mean,64.513855
Lao People's Democratic Republic,natural_grassland_goat_2030y_SOC,cf_mean,40.89253
Latvia,natural_grassland_goat_2030y_SOC,cf_mean,70.05015
Lebanon,natural_grassland_goat_2030y_SOC,cf_mean,44.58432
Lesotho,natural_grassland_goat_2030y_SOC,cf_mean,47.618607
Liberia,natural_grassland_goat_2030y_SOC,cf_mean,
Libya,natural_grassland_goat_2030y_SOC,cf_mean,27.147213
Liechtenstein,natural_grassland_goat_2030y_SOC,cf_mean,77.40302
Lithuania,natural_grassland_goat_2030y_SOC,cf_mean,58.291145
Luxembourg,natural_grassland_goat_2030y_SOC,cf_mean,60.028797
Ma'tan al-Sarra,natural_grassland_goat_2030y_SOC,cf_mean,27.487213
Macau,natural_grassland_goat_2030y_SOC,cf_mean,
Madagascar,natural_grassland_goat_2030y_SOC,cf_mean,45.28053
Madeira Islands,natural_grassland_goat_2030y_SOC,cf_mean,94.76314
Malawi,natural_grassland_goat_2030y_SOC,cf_mean,37.39495
Malaysia,natural_grassland_goat_2030y_SOC,cf_mean,44.051346
Maldives,natural_grassland_goat_2030y_SOC,cf_mean,
Mali,natural_grassland_goat_2030y_SOC,cf_mean,29.071117
Malta,natural_grassland_goat_2030y_SOC,cf_mean,
Marshall Islands,natural_grassland_goat_2030y_SOC,cf_mean,
Martinique,natural_grassland_goat_2030y_SOC,cf_mean,
Mauritania,natural_grassland_goat_2030y_SOC,cf_mean,29.546865
Mauritius,natural_grassland_goat_2030y_SOC,cf_mean,
Mayotte,natural_grassland_goat_2030y_SOC,cf_mean,
Mexico,natural_grassland_goat_2030y_SOC,cf_mean,42.799263
Micronesia (Federated States of),natural_grassland_goat_2030y_SOC,cf_mean,
Midway Island,natural_grassland_goat_2030y_SOC,cf_mean,
"Moldova, Republic of",natural_grassland_goat_2030y_SOC,cf_mean,55.616364
Monaco,natural_grassland_goat_2030y_SOC,cf_mean,85.60173
Mongolia,natural_grassland_goat_2030y_SOC,cf_mean,49.239105
Montenegro,natural_grassland_goat_2030y_SOC,cf_mean,70.85788
Montserrat,natural_grassland_goat_2030y_SOC,cf_mean,
Morocco,natural_grassland_goat_2030y_SOC,cf_mean,31.484573
Mozambique,natural_grassland_goat_2030y_SOC,cf_mean,45.673603
Myanmar,natural_grassland_goat_2030y_SOC,cf_mean,52.417946
Namibia,natural_grassland_goat_2030y_SOC,cf_mean,30.042685
Nauru,natural_grassland_goat_2030y_SOC,cf_mean,
Navassa Island,natural_grassland_goat_2030y_SOC,cf_mean,
Nepal,natural_grassland_goat_2030y_SOC,cf_mean,50.63972
Netherlands,natural_grassland_goat_2030y_SOC,cf_mean,74.57917
Netherlands Antilles,natural_grassland_goat_2030y_SOC,cf_mean,
New Caledonia,natural_grassland_goat_2030y_SOC,cf_mean,
New Zealand,natural_grassland_goat_2030y_SOC,cf_mean,95.9573
Nicaragua,natural_grassland_goat_2030y_SOC,cf_mean,55.357113
Niger,natural_grassland_goat_2030y_SOC,cf_mean,28.717266
Nigeria,natural_grassland_goat_2030y_SOC,cf_mean,29.739418
Niue,natural_grassland_goat_2030y_SOC,cf_mean,
Norfolk Island,natural_grassland_goat_2030y_SOC,cf_mean,
Northern Mariana Islands,natural_grassland_goat_2030y_SOC,cf_mean,
Norway,natural_grassland_goat_2030y_SOC,cf_mean,91.165276
Oman,natural_grassland_goat_2030y_SOC,cf_mean,32.108204
Pakistan,natural_grassland_goat_2030y_SOC,cf_mean,32.612236
Palau,natural_grassland_goat_2030y_SOC,cf_mean,
Palmyra Atoll,natural_grassland_goat_2030y_SOC,cf_mean,
Panama,natural_grassland_goat_2030y_SOC,cf_mean,43.52392
Papua New Guinea,natural_grassland_goat_2030y_SOC,cf_mean,90.149025
Paracel Islands,natural_grassland_goat_2030y_SOC,cf_mean,
Paraguay,natural_grassland_goat_2030y_SOC,cf_mean,39.059586
Peru,natural_grassland_goat_2030y_SOC,cf_mean,57.872627
Philippines,natural_grassland_goat_2030y_SOC,cf_mean,81.335396
Pitcairn,natural_grassland_goat_2030y_SOC,cf_mean,
Poland,natural_grassland_goat_2030y_SOC,cf_mean,44.82744
Portugal,natural_grassland_goat_2030y_SOC,cf_mean,43.64649
Puerto Rico,natural_grassland_goat_2030y_SOC,cf_mean,
Qatar,natural_grassland_goat_2030y_SOC,cf_mean,
Republic of Korea,natural_grassland_goat_2030y_SOC,cf_mean,45.733616
Romania,natural_grassland_goat_2030y_SOC,cf_mean,49.7811
Russian Federation,natural_grassland_goat_2030y_SOC,cf_mean,79.492256
Rwanda,natural_grassland_goat_2030y_SOC,cf_mean,57.45067
Réunion,natural_grassland_goat_2030y_SOC,cf_mean,
Saint Helena,natural_grassland_goat_2030y_SOC,cf_mean,
Saint Kitts and Nevis,natural_grassland_goat_2030y_SOC,cf_mean,
Saint Lucia,natural_grassland_goat_2030y_SOC,cf_mean,
Saint Pierre et Miquelon,natural_grassland_goat_2030y_SOC,cf_mean,
Saint Vincent and the Grenadines,natural_grassland_goat_2030y_SOC,cf_mean,
Samoa,natural_grassland_goat_2030y_SOC,cf_mean,
San Marino,natural_grassland_goat_2030y_SOC,cf_mean,45.521366
Sao Tome and Principe,natural_grassland_goat_2030y_SOC,cf_mean,
Saudi Arabia,natural_grassland_goat_2030y_SOC,cf_mean,28.412842
Scarborough Reef,natural_grassland_goat_2030y_SOC,cf_mean,
Senegal,natural_grassland_goat_2030y_SOC,cf_mean,30.323114
Senkaku Islands,natural_grassland_goat_2030y_SOC,cf_mean,
Serbia,natural_grassland_goat_2030y_SOC,cf_mean,59.379005
Seychelles,natural_grassland_goat_2030y_SOC,cf_mean,
Sierra Leone,natural_grassland_goat_2030y_SOC,cf_mean,47.00422
Singapore,natural_grassland_goat_2030y_SOC,cf_mean,
Slovakia,natural_grassland_goat_2030y_SOC,cf_mean,68.34716
Slovenia,natural_grassland_goat_2030y_SOC,cf_mean,77.355316
Solomon Islands,natural_grassland_goat_2030y_SOC,cf_mean,
Somalia,natural_grassland_goat_2030y_SOC,cf_mean,43.02632
South Africa,natural_grassland_goat_2030y_SOC,cf_mean,37.333706
South Georgia and the South Sandwich Islands,natural_grassland_goat_2030y_SOC,cf_mean,
South Sudan,natural_grassland_goat_2030y_SOC,cf_mean,34.659924
Spain,natural_grassland_goat_2030y_SOC,cf_mean,44.092136
Spratly Islands,natural_grassland_goat_2030y_SOC,cf_mean,
Sri Lanka,natural_grassland_goat_2030y_SOC,cf_mean,
Sudan,natural_grassland_goat_2030y_SOC,cf_mean,30.346731
Suriname,natural_grassland_goat_2030y_SOC,cf_mean,35.62435
Svalbard and Jan Mayen Islands,natural_grassland_goat_2030y_SOC,cf_mean,
Swaziland,natural_grassland_goat_2030y_SOC,cf_mean,46.39984
Sweden,natural_grassland_goat_2030y_SOC,cf_mean,87.68966
Switzerland,natural_grassland_goat_2030y_SOC,cf_mean,73.723724
Syrian Arab Republic,natural_grassland_goat_2030y_SOC,cf_mean,31.449152
Taiwan,natural_grassland_goat_2030y_SOC,cf_mean,
Tajikistan,natural_grassland_goat_2030y_SOC,cf_mean,53.242855
Thailand,natural_grassland_goat_2030y_SOC,cf_mean,41.92821
The former Yugoslav Republic of Macedonia,natural_grassland_goat_2030y_SOC,cf_mean,45.99548
Timor-Leste,natural_grassland_goat_2030y_SOC,cf_mean,68.803276
Togo,natural_grassland_goat_2030y_SOC,cf_mean,33.230064
Tokelau,natural_grassland_goat_2030y_SOC,cf_mean,
Tonga,natural_grassland_goat_2030y_SOC,cf_mean,
Trinidad and Tobago,natural_grassland_goat_2030y_SOC,cf_mean,
Tromelin Island,natural_grassland_goat_2030y_SOC,cf_mean,
Tunisia,natural_grassland_goat_2030y_SOC,cf_mean,28.515833
Turkey,natural_grassland_goat_2030y_SOC,cf_mean,49.606052
Turkmenistan,natural_grassland_goat_2030y_SOC,cf_mean,34.614285
Turks and Caicos islands,natural_grassland_goat_2030y_SOC,cf_mean,
Tuvalu,natural_grassland_goat_2030y_SOC,cf_mean,
U.K. of Great Britain and Northern Ireland,natural_grassland_goat_2030y_SOC,cf_mean,86.58103
Uganda,natural_grassland_goat_2030y_SOC,cf_mean,47.490215
Ukraine,natural_grassland_goat_2030y_SOC,cf_mean,62.539608
United Arab Emirates,natural_grassland_goat_2030y_SOC,cf_mean,35.781963
United Republic of Tanzania,natural_grassland_goat_2030y_SOC,cf_mean,36.53387
United States Virgin Islands,natural_grassland_goat_2030y_SOC,cf_mean,
United States of America,natural_grassland_goat_2030y_SOC,cf_mean,48.363617
Uruguay,natural_grassland_goat_2030y_SOC,cf_mean,46.709625
Uzbekistan,natural_grassland_goat_2030y_SOC,cf_mean,36.954967
Vanuatu,natural_grassland_goat_2030y_SOC,cf_mean,
Venezuela,natural_grassland_goat_2030y_SOC,cf_mean,41.414608
Viet Nam,natural_grassland_goat_2030y_SOC,cf_mean,52.000237
Wake Island,natural_grassland_goat_2030y_SOC,cf_mean,
Wallis and Futuna,natural_grassland_goat_2030y_SOC,cf_mean,
West Bank,natural_grassland_goat_2030y_SOC,cf_mean,37.96693
Western Sahara,natural_grassland_goat_2030y_SOC,cf_mean,29.93901
Yemen,natural_grassland_goat_2030y_SOC,cf_mean,32.574955
Zambia,natural_grassland_goat_2030y_SOC,cf_mean,36.941433
Zimbabwe,natural_grassland_goat_2030y_SOC,cf_mean,33.774975
Abyei,natural_grassland_goat_2030y_SOC,cf_median,32.66447
Afghanistan,natural_grassland_goat_2030y_SOC,cf_median,42.64777
Aksai Chin,natural_grassland_goat_2030y_SOC,cf_median,44.735447
Albania,natural_grassland_goat_2030y_SOC,cf_median,52.53281
Algeria,natural_grassland_goat_2030y_SOC,cf_median,31.116825
American Samoa,natural_grassland_goat_2030y_SOC,cf_median,
Andorra,natural_grassland_goat_2030y_SOC,cf_median,64.32257
Angola,natural_grassland_goat_2030y_SOC,cf_median,30.506924
Anguilla,natural_grassland_goat_2030y_SOC,cf_median,
Antarctica,natural_grassland_goat_2030y_SOC,cf_median,
Antigua and Barbuda,natural_grassland_goat_2030y_SOC,cf_median,
Argentina,natural_grassland_goat_2030y_SOC,cf_median,39.833004
Armenia,natural_grassland_goat_2030y_SOC,cf_median,62.05515
Aruba,natural_grassland_goat_2030y_SOC,cf_median,
Arunachal Pradesh,natural_grassland_goat_2030y_SOC,cf_median,55.069145
Ashmore and Cartier Islands,natural_grassland_goat_2030y_SOC,cf_median,
Australia,natural_grassland_goat_2030y_SOC,cf_median,33.03351
Austria,natural_grassland_goat_2030y_SOC,cf_median,75.53287
Azerbaijan,natural_grassland_goat_2030y_SOC,cf_median,55.470757
Azores Islands,natural_grassland_goat_2030y_SOC,cf_median,
Bahamas,natural_grassland_goat_2030y_SOC,cf_median,121.481316
Bahrain,natural_grassland_goat_2030y_SOC,cf_median,
Baker Island,natural_grassland_goat_2030y_SOC,cf_median,
Bangladesh,natural_grassland_goat_2030y_SOC,cf_median,38.123817
Barbados,natural_grassland_goat_2030y_SOC,cf_median,
Bassas da India,natural_grassland_goat_2030y_SOC,cf_median,
Belarus,natural_grassland_goat_2030y_SOC,cf_median,60.03519
Belgium,natural_grassland_goat_2030y_SOC,cf_median,58.841255
Belize,natural_grassland_goat_2030y_SOC,cf_median,42.88961
Benin,natural_grassland_goat_2030y_SOC,cf_median,28.990215
Bermuda,natural_grassland_goat_2030y_SOC,cf_median,
Bhutan,natural_grassland_goat_2030y_SOC,cf_median,62.84715
Bird Island,natural_grassland_goat_2030y_SOC,cf_median,
Bolivia,natural_grassland_goat_2030y_SOC,cf_median,38.459644
Bosnia and Herzegovina,natural_grassland_goat_2030y_SOC,cf_median,71.86954
Botswana,natural_grassland_goat_2030y_SOC,cf_median,31.361223
Bouvet Island,natural_grassland_goat_2030y_SOC,cf_median,
Brazil,natural_grassland_goat_2030y_SOC,cf_median,36.85518
British Indian Ocean Territory,natural_grassland_goat_2030y_SOC,cf_median,
British Virgin Islands,natural_grassland_goat_2030y_SOC,cf_median,
Brunei Darussalam,natural_grassland_goat_2030y_SOC,cf_median,
Bulgaria,natural_grassland_goat_2030y_SOC,cf_median,45.314964
Burkina Faso,natural_grassland_goat_2030y_SOC,cf_median,30.70204
Burundi,natural_grassland_goat_2030y_SOC,cf_median,55.06658
Cambodia,natural_grassland_goat_2030y_SOC,cf_median,40.494064
Cameroon,natural_grassland_goat_2030y_SOC,cf_median,30.55558
Canada,natural_grassland_goat_2030y_SOC,cf_median,70.78746
Cape Verde,natural_grassland_goat_2030y_SOC,cf_median,
Cayman Islands,natural_grassland_goat_2030y_SOC,cf_median,
Central African Republic,natural_grassland_goat_2030y_SOC,cf_median,30.014605
Chad,natural_grassland_goat_2030y_SOC,cf_median,30.354467
Chile,natural_grassland_goat_2030y_SOC,cf_median,100.2224
China,natural_grassland_goat_2030y_SOC,cf_median,43.927273
China/India,natural_grassland_goat_2030y_SOC,cf_median,60.252365
Christmas Island,natural_grassland_goat_2030y_SOC,cf_median,
Clipperton Island,natural_grassland_goat_2030y_SOC,cf_median,
Cocos (Keeling) Islands,natural_grassland_goat_2030y_SOC,cf_median,
Colombia,natural_grassland_goat_2030y_SOC,cf_median,40.11372
Comoros,natural_grassland_goat_2030y_SOC,cf_median,
Congo,natural_grassland_goat_2030y_SOC,cf_median,42.555573
Cook Islands,natural_grassland_goat_2030y_SOC,cf_median,
Costa Rica,natural_grassland_goat_2030y_SOC,cf_median,47.61872
Croatia,natural_grassland_goat_2030y_SOC,cf_median,71.62223
Cuba,natural_grassland_goat_2030y_SOC,cf_median,51.53104
Cyprus,natural_grassland_goat_2030y_SOC,cf_median,58.766068
Czech Republic,natural_grassland_goat_2030y_SOC,cf_median,54.918568
Côte d'Ivoire,natural_grassland_goat_2030y_SOC,cf_median,33.79927
Dem People's Rep of Korea,natural_grassland_goat_2030y_SOC,cf_median,57.11053
Democratic Republic of the Congo,natural_grassland_goat_2030y_SOC,cf_median,34.615856
Denmark,natural_grassland_goat_2030y_SOC,cf_median,100.29158
Djibouti,natural_grassland_goat_2030y_SOC,cf_median,30.945528
Dominica,natural_grassland_goat_2030y_SOC,cf_median,
Dominican Republic,natural_grassland_goat_2030y_SOC,cf_median,52.73412
Ecuador,natural_grassland_goat_2030y_SOC,cf_median,64.3874
Egypt,natural_grassland_goat_2030y_SOC,cf_median,29.28511
El Salvador,natural_grassland_goat_2030y_SOC,cf_median,
Equatorial Guinea,natural_grassland_goat_2030y_SOC,cf_median,41.90272
Eritrea,natural_grassland_goat_2030y_SOC,cf_median,38.563255
Estonia,natural_grassland_goat_2030y_SOC,cf_median,67.22497
Ethiopia,natural_grassland_goat_2030y_SOC,cf_median,46.912827
Europa Island,natural_grassland_goat_2030y_SOC,cf_median,
Falkland Islands (Malvinas),natural_grassland_goat_2030y_SOC,cf_median,
Faroe Islands,natural_grassland_goat_2030y_SOC,cf_median,119.243004
Fiji,natural_grassland_goat_2030y_SOC,cf_median,
Finland,natural_grassland_goat_2030y_SOC,cf_median,85.37903
France,natural_grassland_goat_2030y_SOC,cf_median,51.144424
French Guiana,natural_grassland_goat_2030y_SOC,cf_median,38.051723
French Polynesia,natural_grassland_goat_2030y_SOC,cf_median,
French Southern and Antarctic Territories,natural_grassland_goat_2030y_SOC,cf_median,
Gabon,natural_grassland_goat_2030y_SOC,cf_median,41.35436
Gambia,natural_grassland_goat_2030y_SOC,cf_median,28.67897
Gaza Strip,natural_grassland_goat_2030y_SOC,cf_median,28.304644
Georgia,natural_grassland_goat_2030y_SOC,cf_median,70.84558
Germany,natural_grassland_goat_2030y_SOC,cf_median,57.146774
Ghana,natural_grassland_goat_2030y_SOC,cf_median,33.57935
Gibraltar,natural_grassland_goat_2030y_SOC,cf_median,48.518143
Glorioso Island,natural_grassland_goat_2030y_SOC,cf_median,
Greece,natural_grassland_goat_2030y_SOC,cf_median,44.43622
Greenland,natural_grassland_goat_2030y_SOC,cf_median,108.02574
Grenada,natural_grassland_goat_2030y_SOC,cf_median,
Guadeloupe,natural_grassland_goat_2030y_SOC,cf_median,
Guam,natural_grassland_goat_2030y_SOC,cf_median,
Guatemala,natural_grassland_goat_2030y_SOC,cf_median,47.431297
Guernsey,natural_grassland_goat_2030y_SOC,cf_median,
Guinea,natural_grassland_goat_2030y_SOC,cf_median,46.30921
Guinea-Bissau,natural_grassland_goat_2030y_SOC,cf_median,43.627075
Guyana,natural_grassland_goat_2030y_SOC,cf_median,37.78455
Haiti,natural_grassland_goat_2030y_SOC,cf_median,52.310303
Hala'ib triangle,natural_grassland_goat_2030y_SOC,cf_median,30.338987
Heard Island and McDonald Islands,natural_grassland_goat_2030y_SOC,cf_median,
Holy See,natural_grassland_goat_2030y_SOC,cf_median,
Honduras,natural_grassland_goat_2030y_SOC,cf_median,47.622974
Hong Kong,natural_grassland_goat_2030y_SOC,cf_median,
Howland Island,natural_grassland_goat_2030y_SOC,cf_median,
Hungary,natural_grassland_goat_2030y_SOC,cf_median,50.959137
Iceland,natural_grassland_goat_2030y_SOC,cf_median,119.48079
Ilemi triangle,natural_grassland_goat_2030y_SOC,cf_median,46.73555
India,natural_grassland_goat_2030y_SOC,cf_median,35.440582
Indonesia,natural_grassland_goat_2030y_SOC,cf_median,43.01356
Iran  (Islamic Republic of),natural_grassland_goat_2030y_SOC,cf_median,37.458214
Iraq,natural_grassland_goat_2030y_SOC,cf_median,26.609125
Ireland,natural_grassland_goat_2030y_SOC,cf_median,84.676994
Isle of Man,natural_grassland_goat_2030y_SOC,cf_median,
Israel,natural_grassland_goat_2030y_SOC,cf_median,38.13599
Italy,natural_grassland_goat_2030y_SOC,cf_median,54.164017
Jamaica,natural_grassland_goat_2030y_SOC,cf_median,
Jammu and Kashmir,natural_grassland_goat_2030y_SOC,cf_median,53.75234
Japan,natural_grassland_goat_2030y_SOC,cf_median,75.37102
Jarvis Island,natural_grassland_goat_2030y_SOC,cf_median,
Jersey,natural_grassland_goat_2030y_SOC,cf_median,
Johnston Atoll,natural_grassland_goat_2030y_SOC,cf_median,
Jordan,natural_grassland_goat_2030y_SOC,cf_median,37.17851
Juan de Nova Island,natural_grassland_goat_2030y_SOC,cf_median,
Kazakhstan,natural_grassland_goat_2030y_SOC,cf_median,53.769863
Kenya,natural_grassland_goat_2030y_SOC,cf_median,38.677357
Kingman Reef,natural_grassland_goat_2030y_SOC,cf_median,
Kiribati,natural_grassland_goat_2030y_SOC,cf_median,
Kuril islands,natural_grassland_goat_2030y_SOC,cf_median,124.30722
Kuwait,natural_grassland_goat_2030y_SOC,cf_median,
Kyrgyzstan,natural_grassland_goat_2030y_SOC,cf_median,65.52095
Lao People's Democratic Republic,natural_grassland_goat_2030y_SOC,cf_median,40.597916
Latvia,natural_grassland_goat_2030y_SOC,cf_median,69.710266
Lebanon,natural_grassland_goat_2030y_SOC,cf_median,42.577866
Lesotho,natural_grassland_goat_2030y_SOC,cf_median,46.77237
Liberia,natural_grassland_goat_2030y_SOC,cf_median,
Libya,natural_grassland_goat_2030y_SOC,cf_median,25.196604
Liechtenstein,natural_grassland_goat_2030y_SOC,cf_median,80.00363
Lithuania,natural_grassland_goat_2030y_SOC,cf_median,58.5657
Luxembourg,natural_grassland_goat_2030y_SOC,cf_median,60.5418
Ma'tan al-Sarra,natural_grassland_goat_2030y_SOC,cf_median,27.361374
Macau,natural_grassland_goat_2030y_SOC,cf_median,
Madagascar,natural_grassland_goat_2030y_SOC,cf_median,41.69085
Madeira Islands,natural_grassland_goat_2030y_SOC,cf_median,94.76314
Malawi,natural_grassland_goat_2030y_SOC,cf_median,35.789154
Malaysia,natural_grassland_goat_2030y_SOC,cf_median,41.17517
Maldives,natural_grassland_goat_2030y_SOC,cf_median,
Mali,natural_grassland_goat_2030y_SOC,cf_median,28.982227
Malta,natural_grassland_goat_2030y_SOC,cf_median,
Marshall Islands,natural_grassland_goat_2030y_SOC,cf_median,
Martinique,natural_grassland_goat_2030y_SOC,cf_median,
Mauritania,natural_grassland_goat_2030y_SOC,cf_median,28.727242
Mauritius,natural_grassland_goat_2030y_SOC,cf_median,
Mayotte,natural_grassland_goat_2030y_SOC,cf_median,
Mexico,natural_grassland_goat_2030y_SOC,cf_median,40.681667
Micronesia (Federated States of),natural_grassland_goat_2030y_SOC,cf_median,
Midway Island,natural_grassland_goat_2030y_SOC,cf_median,
"Moldova, Republic of",natural_grassland_goat_2030y_SOC,cf_median,56.224224
Monaco,natural_grassland_goat_2030y_SOC,cf_median,85.60173
Mongolia,natural_grassland_goat_2030y_SOC,cf_median,43.948036
Montenegro,natural_grassland_goat_2030y_SOC,cf_median,70.64125
Montserrat,natural_grassland_goat_2030y_SOC,cf_median,
Morocco,natural_grassland_goat_2030y_SOC,cf_median,31.816425
Mozambique,natural_grassland_goat_2030y_SOC,cf_median,35.84641
Myanmar,natural_grassland_goat_2030y_SOC,cf_median,49.497334
Namibia,natural_grassland_goat_2030y_SOC,cf_median,29.735554
Nauru,natural_grassland_goat_2030y_SOC,cf_median,
Navassa Island,natural_grassland_goat_2030y_SOC,cf_median,
Nepal,natural_grassland_goat_2030y_SOC,cf_median,47.698437
Netherlands,natural_grassland_goat_2030y_SOC,cf_median,64.36701
Netherlands Antilles,natural_grassland_goat_2030y_SOC,cf_median,
New Caledonia,natural_grassland_goat_2030y_SOC,cf_median,
New Zealand,natural_grassland_goat_2030y_SOC,cf_median,90.624916
Nicaragua,natural_grassland_goat_2030y_SOC,cf_median,45.806095
Niger,natural_grassland_goat_2030y_SOC,cf_median,29.983248
Nigeria,natural_grassland_goat_2030y_SOC,cf_median,29.284883
Niue,natural_grassland_goat_2030y_SOC,cf_median,
Norfolk Island,natural_grassland_goat_2030y_SOC,cf_median,
Northern Mariana Islands,natural_grassland_goat_2030y_SOC,cf_median,
Norway,natural_grassland_goat_2030y_SOC,cf_median,89.558624
Oman,natural_grassland_goat_2030y_SOC,cf_median,29.856535
Pakistan,natural_grassland_goat_2030y_SOC,cf_median,29.331417
Palau,natural_grassland_goat_2030y_SOC,cf_median,
Palmyra Atoll,natural_grassland_goat_2030y_SOC,cf_median,
Panama,natural_grassland_goat_2030y_SOC,cf_median,42.372776
Papua New Guinea,natural_grassland_goat_2030y_SOC,cf_median,84.48662
Paracel Islands,natural_grassland_goat_2030y_SOC,cf_median,
Paraguay,natural_grassland_goat_2030y_SOC,cf_median,38.750492
Peru,natural_grassland_goat_2030y_SOC,cf_median,59.326073
Philippines,natural_grassland_goat_2030y_SOC,cf_median,102.104904
Pitcairn,natural_grassland_goat_2030y_SOC,cf_median,
Poland,natural_grassland_goat_2030y_SOC,cf_median,43.320705
Portugal,natural_grassland_goat_2030y_SOC,cf_median,41.78759
Puerto Rico,natural_grassland_goat_2030y_SOC,cf_median,
Qatar,natural_grassland_goat_2030y_SOC,cf_median,
Republic of Korea,natural_grassland_goat_2030y_SOC,cf_median,43.682846
Romania,natural_grassland_goat_2030y_SOC,cf_median,46.70557
Russian Federation,natural_grassland_goat_2030y_SOC,cf_median,77.8094
Rwanda,natural_grassland_goat_2030y_SOC,cf_median,56.733215
Réunion,natural_grassland_goat_2030y_SOC,cf_median,
Saint Helena,natural_grassland_goat_2030y_SOC,cf_median,
Saint Kitts and Nevis,natural_grassland_goat_2030y_SOC,cf_median,
Saint Lucia,natural_grassland_goat_2030y_SOC,cf_median,
Saint Pierre et Miquelon,natural_grassland_goat_2030y_SOC,cf_median,
Saint Vincent and the Grenadines,natural_grassland_goat_2030y_SOC,cf_median,
Samoa,natural_grassland_goat_2030y_SOC,cf_median,
San Marino,natural_grassland_goat_2030y_SOC,cf_median,43.712727
Sao Tome and Principe,natural_grassland_goat_2030y_SOC,cf_median,
Saudi Arabia,natural_grassland_goat_2030y_SOC,cf_median,28.148125
Scarborough Reef,natural_grassland_goat_2030y_SOC,cf_median,
Senegal,natural_grassland_goat_2030y_SOC,cf_median,29.04863
Senkaku Islands,natural_grassland_goat_2030y_SOC,cf_median,
Serbia,natural_grassland_goat_2030y_SOC,cf_median,59.357166
Seychelles,natural_grassland_goat_2030y_SOC,cf_median,
Sierra Leone,natural_grassland_goat_2030y_SOC,cf_median,45.21502
Singapore,natural_grassland_goat_2030y_SOC,cf_median,
Slovakia,natural_grassland_goat_2030y_SOC,cf_median,68.83042
Slovenia,natural_grassland_goat_2030y_SOC,cf_median,77.72956
Solomon Islands,natural_grassland_goat_2030y_SOC,cf_median,
Somalia,natural_grassland_goat_2030y_SOC,cf_median,41.086727
South Africa,natural_grassland_goat_2030y_SOC,cf_median,36.107803
South Georgia and the South Sandwich Islands,natural_grassland_goat_2030y_SOC,cf_median,
South Sudan,natural_grassland_goat_2030y_SOC,cf_median,34.11845
Spain,natural_grassland_goat_2030y_SOC,cf_median,37.311108
Spratly Islands,natural_grassland_goat_2030y_SOC,cf_median,
Sri Lanka,natural_grassland_goat_2030y_SOC,cf_median,
Sudan,natural_grassland_goat_2030y_SOC,cf_median,29.836372
Suriname,natural_grassland_goat_2030y_SOC,cf_median,34.092316
Svalbard and Jan Mayen Islands,natural_grassland_goat_2030y_SOC,cf_median,
Swaziland,natural_grassland_goat_2030y_SOC,cf_median,47.0964
Sweden,natural_grassland_goat_2030y_SOC,cf_median,86.17118
Switzerland,natural_grassland_goat_2030y_SOC,cf_median,73.35307
Syrian Arab Republic,natural_grassland_goat_2030y_SOC,cf_median,30.331814
Taiwan,natural_grassland_goat_2030y_SOC,cf_median,
Tajikistan,natural_grassland_goat_2030y_SOC,cf_median,56.056694
Thailand,natural_grassland_goat_2030y_SOC,cf_median,39.083996
The former Yugoslav Republic of Macedonia,natural_grassland_goat_2030y_SOC,cf_median,43.019684
Timor-Leste,natural_grassland_goat_2030y_SOC,cf_median,47.45953
Togo,natural_grassland_goat_2030y_SOC,cf_median,32.588203
Tokelau,natural_grassland_goat_2030y_SOC,cf_median,
Tonga,natural_grassland_goat_2030y_SOC,cf_median,
Trinidad and Tobago,natural_grassland_goat_2030y_SOC,cf_median,
Tromelin Island,natural_grassland_goat_2030y_SOC,cf_median,
Tunisia,natural_grassland_goat_2030y_SOC,cf_median,27.759275
Turkey,natural_grassland_goat_2030y_SOC,cf_median,46.933872
Turkmenistan,natural_grassland_goat_2030y_SOC,cf_median,33.598095
Turks and Caicos islands,natural_grassland_goat_2030y_SOC,cf_median,
Tuvalu,natural_grassland_goat_2030y_SOC,cf_median,
U.K. of Great Britain and Northern Ireland,natural_grassland_goat_2030y_SOC,cf_median,80.20274
Uganda,natural_grassland_goat_2030y_SOC,cf_median,46.267918
Ukraine,natural_grassland_goat_2030y_SOC,cf_median,60.254486
United Arab Emirates,natural_grassland_goat_2030y_SOC,cf_median,29.579111
United Republic of Tanzania,natural_grassland_goat_2030y_SOC,cf_median,34.433254
United States Virgin Islands,natural_grassland_goat_2030y_SOC,cf_median,
United States of America,natural_grassland_goat_2030y_SOC,cf_median,44.94698
Uruguay,natural_grassland_goat_2030y_SOC,cf_median,45.666847
Uzbekistan,natural_grassland_goat_2030y_SOC,cf_median,34.89726
Vanuatu,natural_grassland_goat_2030y_SOC,cf_median,
Venezuela,natural_grassland_goat_2030y_SOC,cf_median,39.737263
Viet Nam,natural_grassland_goat_2030y_SOC,cf_median,43.222534
Wake Island,natural_grassland_goat_2030y_SOC,cf_median,
Wallis and Futuna,natural_grassland_goat_2030y_SOC,cf_median,
West Bank,natural_grassland_goat_2030y_SOC,cf_median,37.479637
Western Sahara,natural_grassland_goat_2030y_SOC,cf_median,27.245615
Yemen,natural_grassland_goat_2030y_SOC,cf_median,31.129795
Zambia,natural_grassland_goat_2030y_SOC,cf_median,36.76829
Zimbabwe,natural_grassland_goat_2030y_SOC,cf_median,33.94401
Abyei,natural_grassland_goat_2030y_SOC,cf_std,0.7100426
Afghanistan,natural_grassland_goat_2030y_SOC,cf_std,11.862989
Aksai Chin,natural_grassland_goat_2030y_SOC,cf_std,6.958818
Albania,natural_grassland_goat_2030y_SOC,cf_std,10.156699
Algeria,natural_grassland_goat_2030y_SOC,cf_std,7.9888315
American Samoa,natural_grassland_goat_2030y_SOC,cf_std,
Andorra,natural_grassland_goat_2030y_SOC,cf_std,5.5317426
Angola,natural_grassland_goat_2030y_SOC,cf_std,7.6415696
Anguilla,natural_grassland_goat_2030y_SOC,cf_std,
Antarctica,natural_grassland_goat_2030y_SOC,cf_std,
Antigua and Barbuda,natural_grassland_goat_2030y_SOC,cf_std,
Argentina,natural_grassland_goat_2030y_SOC,cf_std,13.304569
Armenia,natural_grassland_goat_2030y_SOC,cf_std,8.123515
Aruba,natural_grassland_goat_2030y_SOC,cf_std,
Arunachal Pradesh,natural_grassland_goat_2030y_SOC,cf_std,10.182972
Ashmore and Cartier Islands,natural_grassland_goat_2030y_SOC,cf_std,
Australia,natural_grassland_goat_2030y_SOC,cf_std,13.606302
Austria,natural_grassland_goat_2030y_SOC,cf_std,7.3920455
Azerbaijan,natural_grassland_goat_2030y_SOC,cf_std,11.698794
Azores Islands,natural_grassland_goat_2030y_SOC,cf_std,
Bahamas,natural_grassland_goat_2030y_SOC,cf_std,3.51675
Bahrain,natural_grassland_goat_2030y_SOC,cf_std,
Baker Island,natural_grassland_goat_2030y_SOC,cf_std,
Bangladesh,natural_grassland_goat_2030y_SOC,cf_std,9.437948
Barbados,natural_grassland_goat_2030y_SOC,cf_std,
Bassas da India,natural_grassland_goat_2030y_SOC,cf_std,
Belarus,natural_grassland_goat_2030y_SOC,cf_std,5.7705126
Belgium,natural_grassland_goat_2030y_SOC,cf_std,9.897131
Belize,natural_grassland_goat_2030y_SOC,cf_std,1.4843379
Benin,natural_grassland_goat_2030y_SOC,cf_std,2.8077073
Bermuda,natural_grassland_goat_2030y_SOC,cf_std,
Bhutan,natural_grassland_goat_2030y_SOC,cf_std,7.9541864
Bird Island,natural_grassland_goat_2030y_SOC,cf_std,
Bolivia,natural_grassland_goat_2030y_SOC,cf_std,8.750594
Bosnia and Herzegovina,natural_grassland_goat_2030y_SOC,cf_std,8.020345
Botswana,natural_grassland_goat_2030y_SOC,cf_std,3.1130667
Bouvet Island,natural_grassland_goat_2030y_SOC,cf_std,
Brazil,natural_grassland_goat_2030y_SOC,cf_std,6.075782
British Indian Ocean Territory,natural_grassland_goat_2030y_SOC,cf_std,
British Virgin Islands,natural_grassland_goat_2030y_SOC,cf_std,
Brunei Darussalam,natural_grassland_goat_2030y_SOC,cf_std,
Bulgaria,natural_grassland_goat_2030y_SOC,cf_std,5.7718477
Burkina Faso,natural_grassland_goat_2030y_SOC,cf_std,2.4463806
Burundi,natural_grassland_goat_2030y_SOC,cf_std,3.8340044
Cambodia,natural_grassland_goat_2030y_SOC,cf_std,1.9549221
Cameroon,natural_grassland_goat_2030y_SOC,cf_std,8.021758
Canada,natural_grassland_goat_2030y_SOC,cf_std,13.565273
Cape Verde,natural_grassland_goat_2030y_SOC,cf_std,
Cayman Islands,natural_grassland_goat_2030y_SOC,cf_std,
Central African Republic,natural_grassland_goat_2030y_SOC,cf_std,2.0506947
Chad,natural_grassland_goat_2030y_SOC,cf_std,2.7062647
Chile,natural_grassland_goat_2030y_SOC,cf_std,32.8732
China,natural_grassland_goat_2030y_SOC,cf_std,17.891634
China/India,natural_grassland_goat_2030y_SOC,cf_std,16.132412
Christmas Island,natural_grassland_goat_2030y_SOC,cf_std,
Clipperton Island,natural_grassland_goat_2030y_SOC,cf_std,
Cocos (Keeling) Islands,natural_grassland_goat_2030y_SOC,cf_std,
Colombia,natural_grassland_goat_2030y_SOC,cf_std,19.639843
Comoros,natural_grassland_goat_2030y_SOC,cf_std,
Congo,natural_grassland_goat_2030y_SOC,cf_std,9.677002
Cook Islands,natural_grassland_goat_2030y_SOC,cf_std,
Costa Rica,natural_grassland_goat_2030y_SOC,cf_std,1.6348742
Croatia,natural_grassland_goat_2030y_SOC,cf_std,13.875453
Cuba,natural_grassland_goat_2030y_SOC,cf_std,33.27433
Cyprus,natural_grassland_goat_2030y_SOC,cf_std,4.0266566
Czech Republic,natural_grassland_goat_2030y_SOC,cf_std,6.726239
Côte d'Ivoire,natural_grassland_goat_2030y_SOC,cf_std,1.8472701
Dem People's Rep of Korea,natural_grassland_goat_2030y_SOC,cf_std,10.319913
Democratic Republic of the Congo,natural_grassland_goat_2030y_SOC,cf_std,3.9534757
Denmark,natural_grassland_goat_2030y_SOC,cf_std,21.521477
Djibouti,natural_grassland_goat_2030y_SOC,cf_std,15.374758
Dominica,natural_grassland_goat_2030y_SOC,cf_std,
Dominican Republic,natural_grassland_goat_2030y_SOC,cf_std,25.812305
Ecuador,natural_grassland_goat_2030y_SOC,cf_std,13.922827
Egypt,natural_grassland_goat_2030y_SOC,cf_std,10.79481
El Salvador,natural_grassland_goat_2030y_SOC,cf_std,
Equatorial Guinea,natural_grassland_goat_2030y_SOC,cf_std,0.5611368
Eritrea,natural_grassland_goat_2030y_SOC,cf_std,11.904337
Estonia,natural_grassland_goat_2030y_SOC,cf_std,27.13167
Ethiopia,natural_grassland_goat_2030y_SOC,cf_std,8.92877
Europa Island,natural_grassland_goat_2030y_SOC,cf_std,
Falkland Islands (Malvinas),natural_grassland_goat_2030y_SOC,cf_std,
Faroe Islands,natural_grassland_goat_2030y_SOC,cf_std,6.2492924
Fiji,natural_grassland_goat_2030y_SOC,cf_std,
Finland,natural_grassland_goat_2030y_SOC,cf_std,10.26073
France,natural_grassland_goat_2030y_SOC,cf_std,12.905284
French Guiana,natural_grassland_goat_2030y_SOC,cf_std,3.2896416
French Polynesia,natural_grassland_goat_2030y_SOC,cf_std,
French Southern and Antarctic Territories,natural_grassland_goat_2030y_SOC,cf_std,
Gabon,natural_grassland_goat_2030y_SOC,cf_std,14.246313
Gambia,natural_grassland_goat_2030y_SOC,cf_std,3.8415124
Gaza Strip,natural_grassland_goat_2030y_SOC,cf_std,1.4162399
Georgia,natural_grassland_goat_2030y_SOC,cf_std,9.709013
Germany,natural_grassland_goat_2030y_SOC,cf_std,10.752635
Ghana,natural_grassland_goat_2030y_SOC,cf_std,7.9119987
Gibraltar,natural_grassland_goat_2030y_SOC,cf_std,0.0
Glorioso Island,natural_grassland_goat_2030y_SOC,cf_std,
Greece,natural_grassland_goat_2030y_SOC,cf_std,13.184634
Greenland,natural_grassland_goat_2030y_SOC,cf_std,6.824686
Grenada,natural_grassland_goat_2030y_SOC,cf_std,
Guadeloupe,natural_grassland_goat_2030y_SOC,cf_std,
Guam,natural_grassland_goat_2030y_SOC,cf_std,
Guatemala,natural_grassland_goat_2030y_SOC,cf_std,13.072979
Guernsey,natural_grassland_goat_2030y_SOC,cf_std,
Guinea,natural_grassland_goat_2030y_SOC,cf_std,7.037199
Guinea-Bissau,natural_grassland_goat_2030y_SOC,cf_std,21.954287
Guyana,natural_grassland_goat_2030y_SOC,cf_std,8.82615
Haiti,natural_grassland_goat_2030y_SOC,cf_std,33.106396
Hala'ib triangle,natural_grassland_goat_2030y_SOC,cf_std,14.852091
Heard Island and McDonald Islands,natural_grassland_goat_2030y_SOC,cf_std,
Holy See,natural_grassland_goat_2030y_SOC,cf_std,
Honduras,natural_grassland_goat_2030y_SOC,cf_std,17.785894
Hong Kong,natural_grassland_goat_2030y_SOC,cf_std,
Howland Island,natural_grassland_goat_2030y_SOC,cf_std,
Hungary,natural_grassland_goat_2030y_SOC,cf_std,1.7991726
Iceland,natural_grassland_goat_2030y_SOC,cf_std,16.890482
Ilemi triangle,natural_grassland_goat_2030y_SOC,cf_std,2.8234906
India,natural_grassland_goat_2030y_SOC,cf_std,9.935738
Indonesia,natural_grassland_goat_2030y_SOC,cf_std,28.335299
Iran  (Islamic Republic of),natural_grassland_goat_2030y_SOC,cf_std,9.534764
Iraq,natural_grassland_goat_2030y_SOC,cf_std,8.671635
Ireland,natural_grassland_goat_2030y_SOC,cf_std,19.09783
Isle of Man,natural_grassland_goat_2030y_SOC,cf_std,
Israel,natural_grassland_goat_2030y_SOC,cf_std,4.388306
Italy,natural_grassland_goat_2030y_SOC,cf_std,13.867399
Jamaica,natural_grassland_goat_2030y_SOC,cf_std,
Jammu and Kashmir,natural_grassland_goat_2030y_SOC,cf_std,8.273703
Japan,natural_grassland_goat_2030y_SOC,cf_std,22.931204
Jarvis Island,natural_grassland_goat_2030y_SOC,cf_std,
Jersey,natural_grassland_goat_2030y_SOC,cf_std,
Johnston Atoll,natural_grassland_goat_2030y_SOC,cf_std,
Jordan,natural_grassland_goat_2030y_SOC,cf_std,7.2551
Juan de Nova Island,natural_grassland_goat_2030y_SOC,cf_std,
Kazakhstan,natural_grassland_goat_2030y_SOC,cf_std,14.080878
Kenya,natural_grassland_goat_2030y_SOC,cf_std,8.116669
Kingman Reef,natural_grassland_goat_2030y_SOC,cf_std,
Kiribati,natural_grassland_goat_2030y_SOC,cf_std,
Kuril islands,natural_grassland_goat_2030y_SOC,cf_std,3.9875803
Kuwait,natural_grassland_goat_2030y_SOC,cf_std,
Kyrgyzstan,natural_grassland_goat_2030y_SOC,cf_std,10.3593025
Lao People's Democratic Republic,natural_grassland_goat_2030y_SOC,cf_std,2.5962365
Latvia,natural_grassland_goat_2030y_SOC,cf_std,2.8217685
Lebanon,natural_grassland_goat_2030y_SOC,cf_std,11.416617
Lesotho,natural_grassland_goat_2030y_SOC,cf_std,10.508889
Liberia,natural_grassland_goat_2030y_SOC,cf_std,
Libya,natural_grassland_goat_2030y_SOC,cf_std,9.415222
Liechtenstein,natural_grassland_goat_2030y_SOC,cf_std,5.4795294
Lithuania,natural_grassland_goat_2030y_SOC,cf_std,4.85428
Luxembourg,natural_grassland_goat_2030y_SOC,cf_std,3.1795673
Ma'tan al-Sarra,natural_grassland_goat_2030y_SOC,cf_std,0.63859737
Macau,natural_grassland_goat_2030y_SOC,cf_std,
Madagascar,natural_grassland_goat_2030y_SOC,cf_std,14.43755
Madeira Islands,natural_grassland_goat_2030y_SOC,cf_std,0.0
Malawi,natural_grassland_goat_2030y_SOC,cf_std,5.7912984
Malaysia,natural_grassland_goat_2030y_SOC,cf_std,7.766508
Maldives,natural_grassland_goat_2030y_SOC,cf_std,
Mali,natural_grassland_goat_2030y_SOC,cf_std,2.6448605
Malta,natural_grassland_goat_2030y_SOC,cf_std,
Marshall Islands,natural_grassland_goat_2030y_SOC,cf_std,
Martinique,natural_grassland_goat_2030y_SOC,cf_std,
Mauritania,natural_grassland_goat_2030y_SOC,cf_std,7.231861
Mauritius,natural_grassland_goat_2030y_SOC,cf_std,
Mayotte,natural_grassland_goat_2030y_SOC,cf_std,
Mexico,natural_grassland_goat_2030y_SOC,cf_std,13.469065
Micronesia (Federated States of),natural_grassland_goat_2030y_SOC,cf_std,
Midway Island,natural_grassland_goat_2030y_SOC,cf_std,
"Moldova, Republic of",natural_grassland_goat_2030y_SOC,cf_std,6.799653
Monaco,natural_grassland_goat_2030y_SOC,cf_std,0.0
Mongolia,natural_grassland_goat_2030y_SOC,cf_std,16.700998
Montenegro,natural_grassland_goat_2030y_SOC,cf_std,5.7330317
Montserrat,natural_grassland_goat_2030y_SOC,cf_std,
Morocco,natural_grassland_goat_2030y_SOC,cf_std,9.611622
Mozambique,natural_grassland_goat_2030y_SOC,cf_std,20.84038
Myanmar,natural_grassland_goat_2030y_SOC,cf_std,14.659831
Namibia,natural_grassland_goat_2030y_SOC,cf_std,3.800391
Nauru,natural_grassland_goat_2030y_SOC,cf_std,
Navassa Island,natural_grassland_goat_2030y_SOC,cf_std,
Nepal,natural_grassland_goat_2030y_SOC,cf_std,11.902357
Netherlands,natural_grassland_goat_2030y_SOC,cf_std,22.929775
Netherlands Antilles,natural_grassland_goat_2030y_SOC,cf_std,
New Caledonia,natural_grassland_goat_2030y_SOC,cf_std,
New Zealand,natural_grassland_goat_2030y_SOC,cf_std,23.642513
Nicaragua,natural_grassland_goat_2030y_SOC,cf_std,23.316822
Niger,natural_grassland_goat_2030y_SOC,cf_std,4.4749827
Nigeria,natural_grassland_goat_2030y_SOC,cf_std,3.810008
Niue,natural_grassland_goat_2030y_SOC,cf_std,
Norfolk Island,natural_grassland_goat_2030y_SOC,cf_std,
Northern Mariana Islands,natural_grassland_goat_2030y_SOC,cf_std,
Norway,natural_grassland_goat_2030y_SOC,cf_std,11.988892
Oman,natural_grassland_goat_2030y_SOC,cf_std,8.532206
Pakistan,natural_grassland_goat_2030y_SOC,cf_std,11.501438
Palau,natural_grassland_goat_2030y_SOC,cf_std,
Palmyra Atoll,natural_grassland_goat_2030y_SOC,cf_std,
Panama,natural_grassland_goat_2030y_SOC,cf_std,2.5001953
Papua New Guinea,natural_grassland_goat_2030y_SOC,cf_std,19.322206
Paracel Islands,natural_grassland_goat_2030y_SOC,cf_std,
Paraguay,natural_grassland_goat_2030y_SOC,cf_std,7.8452687
Peru,natural_grassland_goat_2030y_SOC,cf_std,12.348423
Philippines,natural_grassland_goat_2030y_SOC,cf_std,35.24492
Pitcairn,natural_grassland_goat_2030y_SOC,cf_std,
Poland,natural_grassland_goat_2030y_SOC,cf_std,8.410802
Portugal,natural_grassland_goat_2030y_SOC,cf_std,9.258733
Puerto Rico,natural_grassland_goat_2030y_SOC,cf_std,
Qatar,natural_grassland_goat_2030y_SOC,cf_std,
Republic of Korea,natural_grassland_goat_2030y_SOC,cf_std,11.272064
Romania,natural_grassland_goat_2030y_SOC,cf_std,8.693812
Russian Federation,natural_grassland_goat_2030y_SOC,cf_std,12.279734
Rwanda,natural_grassland_goat_2030y_SOC,cf_std,5.001968
Réunion,natural_grassland_goat_2030y_SOC,cf_std,
Saint Helena,natural_grassland_goat_2030y_SOC,cf_std,
Saint Kitts and Nevis,natural_grassland_goat_2030y_SOC,cf_std,
Saint Lucia,natural_grassland_goat_2030y_SOC,cf_std,
Saint Pierre et Miquelon,natural_grassland_goat_2030y_SOC,cf_std,
Saint Vincent and the Grenadines,natural_grassland_goat_2030y_SOC,cf_std,
Samoa,natural_grassland_goat_2030y_SOC,cf_std,
San Marino,natural_grassland_goat_2030y_SOC,cf_std,2.6878126
Sao Tome and Principe,natural_grassland_goat_2030y_SOC,cf_std,
Saudi Arabia,natural_grassland_goat_2030y_SOC,cf_std,9.963806
Scarborough Reef,natural_grassland_goat_2030y_SOC,cf_std,
Senegal,natural_grassland_goat_2030y_SOC,cf_std,7.851046
Senkaku Islands,natural_grassland_goat_2030y_SOC,cf_std,
Serbia,natural_grassland_goat_2030y_SOC,cf_std,7.2857547
Seychelles,natural_grassland_goat_2030y_SOC,cf_std,
Sierra Leone,natural_grassland_goat_2030y_SOC,cf_std,2.7889836
Singapore,natural_grassland_goat_2030y_SOC,cf_std,
Slovakia,natural_grassland_goat_2030y_SOC,cf_std,5.540098
Slovenia,natural_grassland_goat_2030y_SOC,cf_std,10.893859
Solomon Islands,natural_grassland_goat_2030y_SOC,cf_std,
Somalia,natural_grassland_goat_2030y_SOC,cf_std,10.6897135
South Africa,natural_grassland_goat_2030y_SOC,cf_std,7.378437
South Georgia and the South Sandwich Islands,natural_grassland_goat_2030y_SOC,cf_std,
South Sudan,natural_grassland_goat_2030y_SOC,cf_std,4.870962
Spain,natural_grassland_goat_2030y_SOC,cf_std,16.706844
Spratly Islands,natural_grassland_goat_2030y_SOC,cf_std,
Sri Lanka,natural_grassland_goat_2030y_SOC,cf_std,
Sudan,natural_grassland_goat_2030y_SOC,cf_std,2.2441175
Suriname,natural_grassland_goat_2030y_SOC,cf_std,3.668587
Svalbard and Jan Mayen Islands,natural_grassland_goat_2030y_SOC,cf_std,
Swaziland,natural_grassland_goat_2030y_SOC,cf_std,3.2092707
Sweden,natural_grassland_goat_2030y_SOC,cf_std,13.956834
Switzerland,natural_grassland_goat_2030y_SOC,cf_std,9.251086
Syrian Arab Republic,natural_grassland_goat_2030y_SOC,cf_std,7.579426
Taiwan,natural_grassland_goat_2030y_SOC,cf_std,
Tajikistan,natural_grassland_goat_2030y_SOC,cf_std,11.555294
Thailand,natural_grassland_goat_2030y_SOC,cf_std,12.433409
The former Yugoslav Republic of Macedonia,natural_grassland_goat_2030y_SOC,cf_std,9.026851
Timor-Leste,natural_grassland_goat_2030y_SOC,cf_std,28.982359
Togo,natural_grassland_goat_2030y_SOC,cf_std,3.7749865
Tokelau,natural_grassland_goat_2030y_SOC,cf_std,
Tonga,natural_grassland_goat_2030y_SOC,cf_std,
Trinidad and Tobago,natural_grassland_goat_2030y_SOC,cf_std,
Tromelin Island,natural_grassland_goat_2030y_SOC,cf_std,
Tunisia,natural_grassland_goat_2030y_SOC,cf_std,6.971019
Turkey,natural_grassland_goat_2030y_SOC,cf_std,10.543893
Turkmenistan,natural_grassland_goat_2030y_SOC,cf_std,8.173006
Turks and Caicos islands,natural_grassland_goat_2030y_SOC,cf_std,
Tuvalu,natural_grassland_goat_2030y_SOC,cf_std,
U.K. of Great Britain and Northern Ireland,natural_grassland_goat_2030y_SOC,cf_std,23.298962
Uganda,natural_grassland_goat_2030y_SOC,cf_std,5.8558106
Ukraine,natural_grassland_goat_2030y_SOC,cf_std,10.646966
United Arab Emirates,natural_grassland_goat_2030y_SOC,cf_std,13.815314
United Republic of Tanzania,natural_grassland_goat_2030y_SOC,cf_std,8.435947
United States Virgin Islands,natural_grassland_goat_2030y_SOC,cf_std,
United States of America,natural_grassland_goat_2030y_SOC,cf_std,20.038557
Uruguay,natural_grassland_goat_2030y_SOC,cf_std,8.38926
Uzbekistan,natural_grassland_goat_2030y_SOC,cf_std,7.817813
Vanuatu,natural_grassland_goat_2030y_SOC,cf_std,
Venezuela,natural_grassland_goat_2030y_SOC,cf_std,8.383193
Viet Nam,natural_grassland_goat_2030y_SOC,cf_std,22.72717
Wake Island,natural_grassland_goat_2030y_SOC,cf_std,
Wallis and Futuna,natural_grassland_goat_2030y_SOC,cf_std,
West Bank,natural_grassland_goat_2030y_SOC,cf_std,2.9329212
Western Sahara,natural_grassland_goat_2030y_SOC,cf_std,8.487585
Yemen,natural_grassland_goat_2030y_SOC,cf_std,8.182047
Zambia,natural_grassland_goat_2030y_SOC,cf_std,3.0668306
Zimbabwe,natural_grassland_goat_2030y_SOC,cf_std,2.4676228
Abyei,natural_grassland_sheep_2030y_SOC,cf_mean,32.653915
Afghanistan,natural_grassland_sheep_2030y_SOC,cf_mean,44.649185
Aksai Chin,natural_grassland_sheep_2030y_SOC,cf_mean,45.70177
Albania,natural_grassland_sheep_2030y_SOC,cf_mean,55.20183
Algeria,natural_grassland_sheep_2030y_SOC,cf_mean,32.255898
American Samoa,natural_grassland_sheep_2030y_SOC,cf_mean,
Andorra,natural_grassland_sheep_2030y_SOC,cf_mean,64.82331
Angola,natural_grassland_sheep_2030y_SOC,cf_mean,31.47113
Anguilla,natural_grassland_sheep_2030y_SOC,cf_mean,
Antarctica,natural_grassland_sheep_2030y_SOC,cf_mean,
Antigua and Barbuda,natural_grassland_sheep_2030y_SOC,cf_mean,
Argentina,natural_grassland_sheep_2030y_SOC,cf_mean,41.766987
Armenia,natural_grassland_sheep_2030y_SOC,cf_mean,60.19298
Aruba,natural_grassland_sheep_2030y_SOC,cf_mean,
Arunachal Pradesh,natural_grassland_sheep_2030y_SOC,cf_mean,56.1459
Ashmore and Cartier Islands,natural_grassland_sheep_2030y_SOC,cf_mean,
Australia,natural_grassland_sheep_2030y_SOC,cf_mean,36.578846
Austria,natural_grassland_sheep_2030y_SOC,cf_mean,75.88508
Azerbaijan,natural_grassland_sheep_2030y_SOC,cf_mean,56.91911
Azores Islands,natural_grassland_sheep_2030y_SOC,cf_mean,
Bahamas,natural_grassland_sheep_2030y_SOC,cf_mean,121.45379
Bahrain,natural_grassland_sheep_2030y_SOC,cf_mean,
Baker Island,natural_grassland_sheep_2030y_SOC,cf_mean,
Bangladesh,natural_grassland_sheep_2030y_SOC,cf_mean,38.46329
Barbados,natural_grassland_sheep_2030y_SOC,cf_mean,
Bassas da India,natural_grassland_sheep_2030y_SOC,cf_mean,
Belarus,natural_grassland_sheep_2030y_SOC,cf_mean,59.395115
Belgium,natural_grassland_sheep_2030y_SOC,cf_mean,60.81175
Belize,natural_grassland_sheep_2030y_SOC,cf_mean,43.858177
Benin,natural_grassland_sheep_2030y_SOC,cf_mean,29.500858
Bermuda,natural_grassland_sheep_2030y_SOC,cf_mean,
Bhutan,natural_grassland_sheep_2030y_SOC,cf_mean,62.11373
Bird Island,natural_grassland_sheep_2030y_SOC,cf_mean,
Bolivia,natural_grassland_sheep_2030y_SOC,cf_mean,41.596905
Bosnia and Herzegovina,natural_grassland_sheep_2030y_SOC,cf_mean,71.264
Botswana,natural_grassland_sheep_2030y_SOC,cf_mean,31.395166
Bouvet Island,natural_grassland_sheep_2030y_SOC,cf_mean,
Brazil,natural_grassland_sheep_2030y_SOC,cf_mean,37.550716
British Indian Ocean Territory,natural_grassland_sheep_2030y_SOC,cf_mean,
British Virgin Islands,natural_grassland_sheep_2030y_SOC,cf_mean,
Brunei Darussalam,natural_grassland_sheep_2030y_SOC,cf_mean,
Bulgaria,natural_grassland_sheep_2030y_SOC,cf_mean,45.8588
Burkina Faso,natural_grassland_sheep_2030y_SOC,cf_mean,30.996572
Burundi,natural_grassland_sheep_2030y_SOC,cf_mean,55.08563
Cambodia,natural_grassland_sheep_2030y_SOC,cf_mean,40.492527
Cameroon,natural_grassland_sheep_2030y_SOC,cf_mean,32.98705
Canada,natural_grassland_sheep_2030y_SOC,cf_mean,72.54632
Cape Verde,natural_grassland_sheep_2030y_SOC,cf_mean,
Cayman Islands,natural_grassland_sheep_2030y_SOC,cf_mean,
Central African Republic,natural_grassland_sheep_2030y_SOC,cf_mean,30.418354
Chad,natural_grassland_sheep_2030y_SOC,cf_mean,30.328337
Chile,natural_grassland_sheep_2030y_SOC,cf_mean,93.809364
China,natural_grassland_sheep_2030y_SOC,cf_mean,49.362724
China/India,natural_grassland_sheep_2030y_SOC,cf_mean,59.324932
Christmas Island,natural_grassland_sheep_2030y_SOC,cf_mean,
Clipperton Island,natural_grassland_sheep_2030y_SOC,cf_mean,
Cocos (Keeling) Islands,natural_grassland_sheep_2030y_SOC,cf_mean,
Colombia,natural_grassland_sheep_2030y_SOC,cf_mean,49.174488
Comoros,natural_grassland_sheep_2030y_SOC,cf_mean,
Congo,natural_grassland_sheep_2030y_SOC,cf_mean,43.269722
Cook Islands,natural_grassland_sheep_2030y_SOC,cf_mean,
Costa Rica,natural_grassland_sheep_2030y_SOC,cf_mean,46.74689
Croatia,natural_grassland_sheep_2030y_SOC,cf_mean,70.795044
Cuba,natural_grassland_sheep_2030y_SOC,cf_mean,74.721596
Cyprus,natural_grassland_sheep_2030y_SOC,cf_mean,58.266903
Czech Republic,natural_grassland_sheep_2030y_SOC,cf_mean,56.31193
Côte d'Ivoire,natural_grassland_sheep_2030y_SOC,cf_mean,34.03254
Dem People's Rep of Korea,natural_grassland_sheep_2030y_SOC,cf_mean,59.26844
Democratic Republic of the Congo,natural_grassland_sheep_2030y_SOC,cf_mean,35.25871
Denmark,natural_grassland_sheep_2030y_SOC,cf_mean,95.45964
Djibouti,natural_grassland_sheep_2030y_SOC,cf_mean,39.09764
Dominica,natural_grassland_sheep_2030y_SOC,cf_mean,
Dominican Republic,natural_grassland_sheep_2030y_SOC,cf_mean,63.322144
Ecuador,natural_grassland_sheep_2030y_SOC,cf_mean,63.862244
Egypt,natural_grassland_sheep_2030y_SOC,cf_mean,32.376503
El Salvador,natural_grassland_sheep_2030y_SOC,cf_mean,
Equatorial Guinea,natural_grassland_sheep_2030y_SOC,cf_mean,41.65775
Eritrea,natural_grassland_sheep_2030y_SOC,cf_mean,41.571426
Estonia,natural_grassland_sheep_2030y_SOC,cf_mean,80.093376
Ethiopia,natural_grassland_sheep_2030y_SOC,cf_mean,47.400993
Europa Island,natural_grassland_sheep_2030y_SOC,cf_mean,
Falkland Islands (Malvinas),natural_grassland_sheep_2030y_SOC,cf_mean,
Faroe Islands,natural_grassland_sheep_2030y_SOC,cf_mean,121.74413
Fiji,natural_grassland_sheep_2030y_SOC,cf_mean,
Finland,natural_grassland_sheep_2030y_SOC,cf_mean,86.58143
France,natural_grassland_sheep_2030y_SOC,cf_mean,55.101837
French Guiana,natural_grassland_sheep_2030y_SOC,cf_mean,38.786003
French Polynesia,natural_grassland_sheep_2030y_SOC,cf_mean,
French Southern and Antarctic Territories,natural_grassland_sheep_2030y_SOC,cf_mean,
Gabon,natural_grassland_sheep_2030y_SOC,cf_mean,44.7401
Gambia,natural_grassland_sheep_2030y_SOC,cf_mean,29.123175
Gaza Strip,natural_grassland_sheep_2030y_SOC,cf_mean,29.2326
Georgia,natural_grassland_sheep_2030y_SOC,cf_mean,68.589874
Germany,natural_grassland_sheep_2030y_SOC,cf_mean,59.688744
Ghana,natural_grassland_sheep_2030y_SOC,cf_mean,34.800457
Gibraltar,natural_grassland_sheep_2030y_SOC,cf_mean,48.53721
Glorioso Island,natural_grassland_sheep_2030y_SOC,cf_mean,
Greece,natural_grassland_sheep_2030y_SOC,cf_mean,48.807568
Greenland,natural_grassland_sheep_2030y_SOC,cf_mean,106.465836
Grenada,natural_grassland_sheep_2030y_SOC,cf_mean,
Guadeloupe,natural_grassland_sheep_2030y_SOC,cf_mean,
Guam,natural_grassland_sheep_2030y_SOC,cf_mean,
Guatemala,natural_grassland_sheep_2030y_SOC,cf_mean,49.70874
Guernsey,natural_grassland_sheep_2030y_SOC,cf_mean,
Guinea,natural_grassland_sheep_2030y_SOC,cf_mean,47.02224
Guinea-Bissau,natural_grassland_sheep_2030y_SOC,cf_mean,50.883053
Guyana,natural_grassland_sheep_2030y_SOC,cf_mean,39.14124
Haiti,natural_grassland_sheep_2030y_SOC,cf_mean,72.778046
Hala'ib triangle,natural_grassland_sheep_2030y_SOC,cf_mean,36.516586
Heard Island and McDonald Islands,natural_grassland_sheep_2030y_SOC,cf_mean,
Holy See,natural_grassland_sheep_2030y_SOC,cf_mean,
Honduras,natural_grassland_sheep_2030y_SOC,cf_mean,51.924805
Hong Kong,natural_grassland_sheep_2030y_SOC,cf_mean,
Howland Island,natural_grassland_sheep_2030y_SOC,cf_mean,
Hungary,natural_grassland_sheep_2030y_SOC,cf_mean,51.19377
Iceland,natural_grassland_sheep_2030y_SOC,cf_mean,119.79056
Ilemi triangle,natural_grassland_sheep_2030y_SOC,cf_mean,47.43548
India,natural_grassland_sheep_2030y_SOC,cf_mean,37.52472
Indonesia,natural_grassland_sheep_2030y_SOC,cf_mean,57.48803
Iran  (Islamic Republic of),natural_grassland_sheep_2030y_SOC,cf_mean,37.452065
Iraq,natural_grassland_sheep_2030y_SOC,cf_mean,30.37337
Ireland,natural_grassland_sheep_2030y_SOC,cf_mean,89.34601
Isle of Man,natural_grassland_sheep_2030y_SOC,cf_mean,
Israel,natural_grassland_sheep_2030y_SOC,cf_mean,37.777348
Italy,natural_grassland_sheep_2030y_SOC,cf_mean,54.95467
Jamaica,natural_grassland_sheep_2030y_SOC,cf_mean,
Jammu and Kashmir,natural_grassland_sheep_2030y_SOC,cf_mean,53.282284
Japan,natural_grassland_sheep_2030y_SOC,cf_mean,80.57891
Jarvis Island,natural_grassland_sheep_2030y_SOC,cf_mean,
Jersey,natural_grassland_sheep_2030y_SOC,cf_mean,
Johnston Atoll,natural_grassland_sheep_2030y_SOC,cf_mean,
Jordan,natural_grassland_sheep_2030y_SOC,cf_mean,38.66651
Juan de Nova Island,natural_grassland_sheep_2030y_SOC,cf_mean,
Kazakhstan,natural_grassland_sheep_2030y_SOC,cf_mean,52.12192
Kenya,natural_grassland_sheep_2030y_SOC,cf_mean,40.24475
Kingman Reef,natural_grassland_sheep_2030y_SOC,cf_mean,
Kiribati,natural_grassland_sheep_2030y_SOC,cf_mean,
Kuril islands,natural_grassland_sheep_2030y_SOC,cf_mean,124.0925
Kuwait,natural_grassland_sheep_2030y_SOC,cf_mean,
Kyrgyzstan,natural_grassland_sheep_2030y_SOC,cf_mean,64.67578
Lao People's Democratic Republic,natural_grassland_sheep_2030y_SOC,cf_mean,40.88571
Latvia,natural_grassland_sheep_2030y_SOC,cf_mean,70.044846
Lebanon,natural_grassland_sheep_2030y_SOC,cf_mean,44.581104
Lesotho,natural_grassland_sheep_2030y_SOC,cf_mean,47.72173
Liberia,natural_grassland_sheep_2030y_SOC,cf_mean,
Libya,natural_grassland_sheep_2030y_SOC,cf_mean,27.49426
Liechtenstein,natural_grassland_sheep_2030y_SOC,cf_mean,77.463425
Lithuania,natural_grassland_sheep_2030y_SOC,cf_mean,58.30053
Luxembourg,natural_grassland_sheep_2030y_SOC,cf_mean,60.099983
Ma'tan al-Sarra,natural_grassland_sheep_2030y_SOC,cf_mean,27.464338
Macau,natural_grassland_sheep_2030y_SOC,cf_mean,
Madagascar,natural_grassland_sheep_2030y_SOC,cf_mean,45.278168
Madeira Islands,natural_grassland_sheep_2030y_SOC,cf_mean,94.65246
Malawi,natural_grassland_sheep_2030y_SOC,cf_mean,37.047947
Malaysia,natural_grassland_sheep_2030y_SOC,cf_mean,44.044716
Maldives,natural_grassland_sheep_2030y_SOC,cf_mean,
Mali,natural_grassland_sheep_2030y_SOC,cf_mean,29.058756
Malta,natural_grassland_sheep_2030y_SOC,cf_mean,
Marshall Islands,natural_grassland_sheep_2030y_SOC,cf_mean,
Martinique,natural_grassland_sheep_2030y_SOC,cf_mean,
Mauritania,natural_grassland_sheep_2030y_SOC,cf_mean,29.584782
Mauritius,natural_grassland_sheep_2030y_SOC,cf_mean,
Mayotte,natural_grassland_sheep_2030y_SOC,cf_mean,
Mexico,natural_grassland_sheep_2030y_SOC,cf_mean,42.804966
Micronesia (Federated States of),natural_grassland_sheep_2030y_SOC,cf_mean,
Midway Island,natural_grassland_sheep_2030y_SOC,cf_mean,
"Moldova, Republic of",natural_grassland_sheep_2030y_SOC,cf_mean,55.714474
Monaco,natural_grassland_sheep_2030y_SOC,cf_mean,85.62184
Mongolia,natural_grassland_sheep_2030y_SOC,cf_mean,49.27037
Montenegro,natural_grassland_sheep_2030y_SOC,cf_mean,70.92818
Montserrat,natural_grassland_sheep_2030y_SOC,cf_mean,
Morocco,natural_grassland_sheep_2030y_SOC,cf_mean,31.803137
Mozambique,natural_grassland_sheep_2030y_SOC,cf_mean,45.646545
Myanmar,natural_grassland_sheep_2030y_SOC,cf_mean,52.368908
Namibia,natural_grassland_sheep_2030y_SOC,cf_mean,30.042414
Nauru,natural_grassland_sheep_2030y_SOC,cf_mean,
Navassa Island,natural_grassland_sheep_2030y_SOC,cf_mean,
Nepal,natural_grassland_sheep_2030y_SOC,cf_mean,50.476997
Netherlands,natural_grassland_sheep_2030y_SOC,cf_mean,74.68004
Netherlands Antilles,natural_grassland_sheep_2030y_SOC,cf_mean,
New Caledonia,natural_grassland_sheep_2030y_SOC,cf_mean,
New Zealand,natural_grassland_sheep_2030y_SOC,cf_mean,96.72597
Nicaragua,natural_grassland_sheep_2030y_SOC,cf_mean,55.34938
Niger,natural_grassland_sheep_2030y_SOC,cf_mean,28.706144
Nigeria,natural_grassland_sheep_2030y_SOC,cf_mean,29.695383
Niue,natural_grassland_sheep_2030y_SOC,cf_mean,
Norfolk Island,natural_grassland_sheep_2030y_SOC,cf_mean,
Northern Mariana Islands,natural_grassland_sheep_2030y_SOC,cf_mean,
Norway,natural_grassland_sheep_2030y_SOC,cf_mean,91.230095
Oman,natural_grassland_sheep_2030y_SOC,cf_mean,32.02533
Pakistan,natural_grassland_sheep_2030y_SOC,cf_mean,32.427536
Palau,natural_grassland_sheep_2030y_SOC,cf_mean,
Palmyra Atoll,natural_grassland_sheep_2030y_SOC,cf_mean,
Panama,natural_grassland_sheep_2030y_SOC,cf_mean,43.519733
Papua New Guinea,natural_grassland_sheep_2030y_SOC,cf_mean,90.14796
Paracel Islands,natural_grassland_sheep_2030y_SOC,cf_mean,
Paraguay,natural_grassland_sheep_2030y_SOC,cf_mean,39.059795
Peru,natural_grassland_sheep_2030y_SOC,cf_mean,57.94495
Philippines,natural_grassland_sheep_2030y_SOC,cf_mean,81.296745
Pitcairn,natural_grassland_sheep_2030y_SOC,cf_mean,
Poland,natural_grassland_sheep_2030y_SOC,cf_mean,44.834583
Portugal,natural_grassland_sheep_2030y_SOC,cf_mean,43.755085
Puerto Rico,natural_grassland_sheep_2030y_SOC,cf_mean,
Qatar,natural_grassland_sheep_2030y_SOC,cf_mean,
Republic of Korea,natural_grassland_sheep_2030y_SOC,cf_mean,45.717674
Romania,natural_grassland_sheep_2030y_SOC,cf_mean,49.98648
Russian Federation,natural_grassland_sheep_2030y_SOC,cf_mean,79.50011
Rwanda,natural_grassland_sheep_2030y_SOC,cf_mean,57.32694
Réunion,natural_grassland_sheep_2030y_SOC,cf_mean,
Saint Helena,natural_grassland_sheep_2030y_SOC,cf_mean,
Saint Kitts and Nevis,natural_grassland_sheep_2030y_SOC,cf_mean,
Saint Lucia,natural_grassland_sheep_2030y_SOC,cf_mean,
Saint Pierre et Miquelon,natural_grassland_sheep_2030y_SOC,cf_mean,
Saint Vincent and the Grenadines,natural_grassland_sheep_2030y_SOC,cf_mean,
Samoa,natural_grassland_sheep_2030y_SOC,cf_mean,
San Marino,natural_grassland_sheep_2030y_SOC,cf_mean,45.604065
Sao Tome and Principe,natural_grassland_sheep_2030y_SOC,cf_mean,
Saudi Arabia,natural_grassland_sheep_2030y_SOC,cf_mean,28.424795
Scarborough Reef,natural_grassland_sheep_2030y_SOC,cf_mean,
Senegal,natural_grassland_sheep_2030y_SOC,cf_mean,30.366812
Senkaku Islands,natural_grassland_sheep_2030y_SOC,cf_mean,
Serbia,natural_grassland_sheep_2030y_SOC,cf_mean,59.457256
Seychelles,natural_grassland_sheep_2030y_SOC,cf_mean,
Sierra Leone,natural_grassland_sheep_2030y_SOC,cf_mean,46.97903
Singapore,natural_grassland_sheep_2030y_SOC,cf_mean,
Slovakia,natural_grassland_sheep_2030y_SOC,cf_mean,68.3766
Slovenia,natural_grassland_sheep_2030y_SOC,cf_mean,77.38159
Solomon Islands,natural_grassland_sheep_2030y_SOC,cf_mean,
Somalia,natural_grassland_sheep_2030y_SOC,cf_mean,43.04066
South Africa,natural_grassland_sheep_2030y_SOC,cf_mean,37.39542
South Georgia and the South Sandwich Islands,natural_grassland_sheep_2030y_SOC,cf_mean,
South Sudan,natural_grassland_sheep_2030y_SOC,cf_mean,34.66008
Spain,natural_grassland_sheep_2030y_SOC,cf_mean,44.24189
Spratly Islands,natural_grassland_sheep_2030y_SOC,cf_mean,
Sri Lanka,natural_grassland_sheep_2030y_SOC,cf_mean,
Sudan,natural_grassland_sheep_2030y_SOC,cf_mean,30.314964
Suriname,natural_grassland_sheep_2030y_SOC,cf_mean,35.62854
Svalbard and Jan Mayen Islands,natural_grassland_sheep_2030y_SOC,cf_mean,
Swaziland,natural_grassland_sheep_2030y_SOC,cf_mean,46.394344
Sweden,natural_grassland_sheep_2030y_SOC,cf_mean,87.70511
Switzerland,natural_grassland_sheep_2030y_SOC,cf_mean,73.7624
Syrian Arab Republic,natural_grassland_sheep_2030y_SOC,cf_mean,31.910988
Taiwan,natural_grassland_sheep_2030y_SOC,cf_mean,
Tajikistan,natural_grassland_sheep_2030y_SOC,cf_mean,53.359566
Thailand,natural_grassland_sheep_2030y_SOC,cf_mean,41.924442
The former Yugoslav Republic of Macedonia,natural_grassland_sheep_2030y_SOC,cf_mean,46.13421
Timor-Leste,natural_grassland_sheep_2030y_SOC,cf_mean,68.6668
Togo,natural_grassland_sheep_2030y_SOC,cf_mean,33.09029
Tokelau,natural_grassland_sheep_2030y_SOC,cf_mean,
Tonga,natural_grassland_sheep_2030y_SOC,cf_mean,
Trinidad and Tobago,natural_grassland_sheep_2030y_SOC,cf_mean,
Tromelin Island,natural_grassland_sheep_2030y_SOC,cf_mean,
Tunisia,natural_grassland_sheep_2030y_SOC,cf_mean,28.833586
Turkey,natural_grassland_sheep_2030y_SOC,cf_mean,49.80637
Turkmenistan,natural_grassland_sheep_2030y_SOC,cf_mean,34.74068
Turks and Caicos islands,natural_grassland_sheep_2030y_SOC,cf_mean,
Tuvalu,natural_grassland_sheep_2030y_SOC,cf_mean,
U.K. of Great Britain and Northern Ireland,natural_grassland_sheep_2030y_SOC,cf_mean,87.800285
Uganda,natural_grassland_sheep_2030y_SOC,cf_mean,47.374138
Ukraine,natural_grassland_sheep_2030y_SOC,cf_mean,62.550552
United Arab Emirates,natural_grassland_sheep_2030y_SOC,cf_mean,35.606438
United Republic of Tanzania,natural_grassland_sheep_2030y_SOC,cf_mean,36.512745
United States Virgin Islands,natural_grassland_sheep_2030y_SOC,cf_mean,
United States of America,natural_grassland_sheep_2030y_SOC,cf_mean,48.365562
Uruguay,natural_grassland_sheep_2030y_SOC,cf_mean,46.809765
Uzbekistan,natural_grassland_sheep_2030y_SOC,cf_mean,37.15423
Vanuatu,natural_grassland_sheep_2030y_SOC,cf_mean,
Venezuela,natural_grassland_sheep_2030y_SOC,cf_mean,41.406292
Viet Nam,natural_grassland_sheep_2030y_SOC,cf_mean,51.96624
Wake Island,natural_grassland_sheep_2030y_SOC,cf_mean,
Wallis and Futuna,natural_grassland_sheep_2030y_SOC,cf_mean,
West Bank,natural_grassland_sheep_2030y_SOC,cf_mean,38.239006
Western Sahara,natural_grassland_sheep_2030y_SOC,cf_mean,29.930876
Yemen,natural_grassland_sheep_2030y_SOC,cf_mean,32.564888
Zambia,natural_grassland_sheep_2030y_SOC,cf_mean,36.933853
Zimbabwe,natural_grassland_sheep_2030y_SOC,cf_mean,33.745174
Abyei,natural_grassland_sheep_2030y_SOC,cf_median,32.647125
Afghanistan,natural_grassland_sheep_2030y_SOC,cf_median,42.7556
Aksai Chin,natural_grassland_sheep_2030y_SOC,cf_median,44.75811
Albania,natural_grassland_sheep_2030y_SOC,cf_median,52.84773
Algeria,natural_grassland_sheep_2030y_SOC,cf_median,31.57271
American Samoa,natural_grassland_sheep_2030y_SOC,cf_median,
Andorra,natural_grassland_sheep_2030y_SOC,cf_median,64.38767
Angola,natural_grassland_sheep_2030y_SOC,cf_median,30.49667
Anguilla,natural_grassland_sheep_2030y_SOC,cf_median,
Antarctica,natural_grassland_sheep_2030y_SOC,cf_median,
Antigua and Barbuda,natural_grassland_sheep_2030y_SOC,cf_median,
Argentina,natural_grassland_sheep_2030y_SOC,cf_median,39.8341
Armenia,natural_grassland_sheep_2030y_SOC,cf_median,62.187828
Aruba,natural_grassland_sheep_2030y_SOC,cf_median,
Arunachal Pradesh,natural_grassland_sheep_2030y_SOC,cf_median,55.083908
Ashmore and Cartier Islands,natural_grassland_sheep_2030y_SOC,cf_median,
Australia,natural_grassland_sheep_2030y_SOC,cf_median,33.075382
Austria,natural_grassland_sheep_2030y_SOC,cf_median,75.53408
Azerbaijan,natural_grassland_sheep_2030y_SOC,cf_median,55.696854
Azores Islands,natural_grassland_sheep_2030y_SOC,cf_median,
Bahamas,natural_grassland_sheep_2030y_SOC,cf_median,121.698555
Bahrain,natural_grassland_sheep_2030y_SOC,cf_median,
Baker Island,natural_grassland_sheep_2030y_SOC,cf_median,
Bangladesh,natural_grassland_sheep_2030y_SOC,cf_median,37.317
Barbados,natural_grassland_sheep_2030y_SOC,cf_median,
Bassas da India,natural_grassland_sheep_2030y_SOC,cf_median,
Belarus,natural_grassland_sheep_2030y_SOC,cf_median,60.051815
Belgium,natural_grassland_sheep_2030y_SOC,cf_median,58.617176
Belize,natural_grassland_sheep_2030y_SOC,cf_median,42.981724
Benin,natural_grassland_sheep_2030y_SOC,cf_median,28.977615
Bermuda,natural_grassland_sheep_2030y_SOC,cf_median,
Bhutan,natural_grassland_sheep_2030y_SOC,cf_median,62.90839
Bird Island,natural_grassland_sheep_2030y_SOC,cf_median,
Bolivia,natural_grassland_sheep_2030y_SOC,cf_median,38.46739
Bosnia and Herzegovina,natural_grassland_sheep_2030y_SOC,cf_median,71.93474
Botswana,natural_grassland_sheep_2030y_SOC,cf_median,31.354866
Bouvet Island,natural_grassland_sheep_2030y_SOC,cf_median,
Brazil,natural_grassland_sheep_2030y_SOC,cf_median,36.855225
British Indian Ocean Territory,natural_grassland_sheep_2030y_SOC,cf_median,
British Virgin Islands,natural_grassland_sheep_2030y_SOC,cf_median,
Brunei Darussalam,natural_grassland_sheep_2030y_SOC,cf_median,
Bulgaria,natural_grassland_sheep_2030y_SOC,cf_median,45.34864
Burkina Faso,natural_grassland_sheep_2030y_SOC,cf_median,30.663252
Burundi,natural_grassland_sheep_2030y_SOC,cf_median,54.687153
Cambodia,natural_grassland_sheep_2030y_SOC,cf_median,40.489353
Cameroon,natural_grassland_sheep_2030y_SOC,cf_median,30.55354
Canada,natural_grassland_sheep_2030y_SOC,cf_median,70.790375
Cape Verde,natural_grassland_sheep_2030y_SOC,cf_median,
Cayman Islands,natural_grassland_sheep_2030y_SOC,cf_median,
Central African Republic,natural_grassland_sheep_2030y_SOC,cf_median,29.968214
Chad,natural_grassland_sheep_2030y_SOC,cf_median,30.376486
Chile,natural_grassland_sheep_2030y_SOC,cf_median,100.22147
China,natural_grassland_sheep_2030y_SOC,cf_median,43.99235
China/India,natural_grassland_sheep_2030y_SOC,cf_median,60.317398
Christmas Island,natural_grassland_sheep_2030y_SOC,cf_median,
Clipperton Island,natural_grassland_sheep_2030y_SOC,cf_median,
Cocos (Keeling) Islands,natural_grassland_sheep_2030y_SOC,cf_median,
Colombia,natural_grassland_sheep_2030y_SOC,cf_median,40.11518
Comoros,natural_grassland_sheep_2030y_SOC,cf_median,
Congo,natural_grassland_sheep_2030y_SOC,cf_median,42.495506
Cook Islands,natural_grassland_sheep_2030y_SOC,cf_median,
Costa Rica,natural_grassland_sheep_2030y_SOC,cf_median,47.66934
Croatia,natural_grassland_sheep_2030y_SOC,cf_median,71.63032
Cuba,natural_grassland_sheep_2030y_SOC,cf_median,51.62107
Cyprus,natural_grassland_sheep_2030y_SOC,cf_median,59.099606
Czech Republic,natural_grassland_sheep_2030y_SOC,cf_median,54.89934
Côte d'Ivoire,natural_grassland_sheep_2030y_SOC,cf_median,33.7406
Dem People's Rep of Korea,natural_grassland_sheep_2030y_SOC,cf_median,57.044907
Democratic Republic of the Congo,natural_grassland_sheep_2030y_SOC,cf_median,34.60727
Denmark,natural_grassland_sheep_2030y_SOC,cf_median,99.97197
Djibouti,natural_grassland_sheep_2030y_SOC,cf_median,31.016861
Dominica,natural_grassland_sheep_2030y_SOC,cf_median,
Dominican Republic,natural_grassland_sheep_2030y_SOC,cf_median,52.602776
Ecuador,natural_grassland_sheep_2030y_SOC,cf_median,64.39076
Egypt,natural_grassland_sheep_2030y_SOC,cf_median,29.242916
El Salvador,natural_grassland_sheep_2030y_SOC,cf_median,
Equatorial Guinea,natural_grassland_sheep_2030y_SOC,cf_median,41.774437
Eritrea,natural_grassland_sheep_2030y_SOC,cf_median,38.581196
Estonia,natural_grassland_sheep_2030y_SOC,cf_median,67.30502
Ethiopia,natural_grassland_sheep_2030y_SOC,cf_median,46.867825
Europa Island,natural_grassland_sheep_2030y_SOC,cf_median,
Falkland Islands (Malvinas),natural_grassland_sheep_2030y_SOC,cf_median,
Faroe Islands,natural_grassland_sheep_2030y_SOC,cf_median,119.85787
Fiji,natural_grassland_sheep_2030y_SOC,cf_median,
Finland,natural_grassland_sheep_2030y_SOC,cf_median,85.41658
France,natural_grassland_sheep_2030y_SOC,cf_median,51.257557
French Guiana,natural_grassland_sheep_2030y_SOC,cf_median,37.959816
French Polynesia,natural_grassland_sheep_2030y_SOC,cf_median,
French Southern and Antarctic Territories,natural_grassland_sheep_2030y_SOC,cf_median,
Gabon,natural_grassland_sheep_2030y_SOC,cf_median,41.34277
Gambia,natural_grassland_sheep_2030y_SOC,cf_median,28.732782
Gaza Strip,natural_grassland_sheep_2030y_SOC,cf_median,28.498201
Georgia,natural_grassland_sheep_2030y_SOC,cf_median,70.91896
Germany,natural_grassland_sheep_2030y_SOC,cf_median,57.151905
Ghana,natural_grassland_sheep_2030y_SOC,cf_median,33.548813
Gibraltar,natural_grassland_sheep_2030y_SOC,cf_median,48.53721
Glorioso Island,natural_grassland_sheep_2030y_SOC,cf_median,
Greece,natural_grassland_sheep_2030y_SOC,cf_median,44.54695
Greenland,natural_grassland_sheep_2030y_SOC,cf_median,107.98089
Grenada,natural_grassland_sheep_2030y_SOC,cf_median,
Guadeloupe,natural_grassland_sheep_2030y_SOC,cf_median,
Guam,natural_grassland_sheep_2030y_SOC,cf_median,
Guatemala,natural_grassland_sheep_2030y_SOC,cf_median,47.607365
Guernsey,natural_grassland_sheep_2030y_SOC,cf_median,
Guinea,natural_grassland_sheep_2030y_SOC,cf_median,46.31272
Guinea-Bissau,natural_grassland_sheep_2030y_SOC,cf_median,43.553165
Guyana,natural_grassland_sheep_2030y_SOC,cf_median,37.814594
Haiti,natural_grassland_sheep_2030y_SOC,cf_median,52.226715
Hala'ib triangle,natural_grassland_sheep_2030y_SOC,cf_median,30.336494
Heard Island and McDonald Islands,natural_grassland_sheep_2030y_SOC,cf_median,
Holy See,natural_grassland_sheep_2030y_SOC,cf_median,
Honduras,natural_grassland_sheep_2030y_SOC,cf_median,47.607033
Hong Kong,natural_grassland_sheep_2030y_SOC,cf_median,
Howland Island,natural_grassland_sheep_2030y_SOC,cf_median,
Hungary,natural_grassland_sheep_2030y_SOC,cf_median,51.14829
Iceland,natural_grassland_sheep_2030y_SOC,cf_median,119.51377
Ilemi triangle,natural_grassland_sheep_2030y_SOC,cf_median,46.757378
India,natural_grassland_sheep_2030y_SOC,cf_median,35.44956
Indonesia,natural_grassland_sheep_2030y_SOC,cf_median,43.00452
Iran  (Islamic Republic of),natural_grassland_sheep_2030y_SOC,cf_median,37.706566
Iraq,natural_grassland_sheep_2030y_SOC,cf_median,26.728563
Ireland,natural_grassland_sheep_2030y_SOC,cf_median,84.99542
Isle of Man,natural_grassland_sheep_2030y_SOC,cf_median,
Israel,natural_grassland_sheep_2030y_SOC,cf_median,38.161507
Italy,natural_grassland_sheep_2030y_SOC,cf_median,54.230206
Jamaica,natural_grassland_sheep_2030y_SOC,cf_median,
Jammu and Kashmir,natural_grassland_sheep_2030y_SOC,cf_median,53.816784
Japan,natural_grassland_sheep_2030y_SOC,cf_median,75.412926
Jarvis Island,natural_grassland_sheep_2030y_SOC,cf_median,
Jersey,natural_grassland_sheep_2030y_SOC,cf_median,
Johnston Atoll,natural_grassland_sheep_2030y_SOC,cf_median,
Jordan,natural_grassland_sheep_2030y_SOC,cf_median,37.876347
Juan de Nova Island,natural_grassland_sheep_2030y_SOC,cf_median,
Kazakhstan,natural_grassland_sheep_2030y_SOC,cf_median,53.81201
Kenya,natural_grassland_sheep_2030y_SOC,cf_median,38.609467
Kingman Reef,natural_grassland_sheep_2030y_SOC,cf_median,
Kiribati,natural_grassland_sheep_2030y_SOC,cf_median,
Kuril islands,natural_grassland_sheep_2030y_SOC,cf_median,124.279076
Kuwait,natural_grassland_sheep_2030y_SOC,cf_median,
Kyrgyzstan,natural_grassland_sheep_2030y_SOC,cf_median,65.689
Lao People's Democratic Republic,natural_grassland_sheep_2030y_SOC,cf_median,40.607986
Latvia,natural_grassland_sheep_2030y_SOC,cf_median,69.789536
Lebanon,natural_grassland_sheep_2030y_SOC,cf_median,42.426563
Lesotho,natural_grassland_sheep_2030y_SOC,cf_median,46.878914
Liberia,natural_grassland_sheep_2030y_SOC,cf_median,
Libya,natural_grassland_sheep_2030y_SOC,cf_median,25.250517
Liechtenstein,natural_grassland_sheep_2030y_SOC,cf_median,80.02191
Lithuania,natural_grassland_sheep_2030y_SOC,cf_median,58.521156
Luxembourg,natural_grassland_sheep_2030y_SOC,cf_median,60.67276
Ma'tan al-Sarra,natural_grassland_sheep_2030y_SOC,cf_median,27.365053
Macau,natural_grassland_sheep_2030y_SOC,cf_median,
Madagascar,natural_grassland_sheep_2030y_SOC,cf_median,41.696774
Madeira Islands,natural_grassland_sheep_2030y_SOC,cf_median,94.65246
Malawi,natural_grassland_sheep_2030y_SOC,cf_median,35.272
Malaysia,natural_grassland_sheep_2030y_SOC,cf_median,41.122
Maldives,natural_grassland_sheep_2030y_SOC,cf_median,
Mali,natural_grassland_sheep_2030y_SOC,cf_median,28.964514
Malta,natural_grassland_sheep_2030y_SOC,cf_median,
Marshall Islands,natural_grassland_sheep_2030y_SOC,cf_median,
Martinique,natural_grassland_sheep_2030y_SOC,cf_median,
Mauritania,natural_grassland_sheep_2030y_SOC,cf_median,28.759209
Mauritius,natural_grassland_sheep_2030y_SOC,cf_median,
Mayotte,natural_grassland_sheep_2030y_SOC,cf_median,
Mexico,natural_grassland_sheep_2030y_SOC,cf_median,40.67128
Micronesia (Federated States of),natural_grassland_sheep_2030y_SOC,cf_median,
Midway Island,natural_grassland_sheep_2030y_SOC,cf_median,
"Moldova, Republic of",natural_grassland_sheep_2030y_SOC,cf_median,56.367577
Monaco,natural_grassland_sheep_2030y_SOC,cf_median,85.62184
Mongolia,natural_grassland_sheep_2030y_SOC,cf_median,43.99391
Montenegro,natural_grassland_sheep_2030y_SOC,cf_median,70.68292
Montserrat,natural_grassland_sheep_2030y_SOC,cf_median,
Morocco,natural_grassland_sheep_2030y_SOC,cf_median,32.185234
Mozambique,natural_grassland_sheep_2030y_SOC,cf_median,35.83056
Myanmar,natural_grassland_sheep_2030y_SOC,cf_median,49.495224
Namibia,natural_grassland_sheep_2030y_SOC,cf_median,29.749111
Nauru,natural_grassland_sheep_2030y_SOC,cf_median,
Navassa Island,natural_grassland_sheep_2030y_SOC,cf_median,
Nepal,natural_grassland_sheep_2030y_SOC,cf_median,47.419636
Netherlands,natural_grassland_sheep_2030y_SOC,cf_median,64.31342
Netherlands Antilles,natural_grassland_sheep_2030y_SOC,cf_median,
New Caledonia,natural_grassland_sheep_2030y_SOC,cf_median,
New Zealand,natural_grassland_sheep_2030y_SOC,cf_median,91.40585
Nicaragua,natural_grassland_sheep_2030y_SOC,cf_median,45.82088
Niger,natural_grassland_sheep_2030y_SOC,cf_median,29.981527
Nigeria,natural_grassland_sheep_2030y_SOC,cf_median,29.284601
Niue,natural_grassland_sheep_2030y_SOC,cf_median,
Norfolk Island,natural_grassland_sheep_2030y_SOC,cf_median,
Northern Mariana Islands,natural_grassland_sheep_2030y_SOC,cf_median,
Norway,natural_grassland_sheep_2030y_SOC,cf_median,89.640434
Oman,natural_grassland_sheep_2030y_SOC,cf_median,29.788334
Pakistan,natural_grassland_sheep_2030y_SOC,cf_median,29.199106
Palau,natural_grassland_sheep_2030y_SOC,cf_median,
Palmyra Atoll,natural_grassland_sheep_2030y_SOC,cf_median,
Panama,natural_grassland_sheep_2030y_SOC,cf_median,42.347397
Papua New Guinea,natural_grassland_sheep_2030y_SOC,cf_median,84.48092
Paracel Islands,natural_grassland_sheep_2030y_SOC,cf_median,
Paraguay,natural_grassland_sheep_2030y_SOC,cf_median,38.74878
Peru,natural_grassland_sheep_2030y_SOC,cf_median,59.421104
Philippines,natural_grassland_sheep_2030y_SOC,cf_median,101.99411
Pitcairn,natural_grassland_sheep_2030y_SOC,cf_median,
Poland,natural_grassland_sheep_2030y_SOC,cf_median,43.32147
Portugal,natural_grassland_sheep_2030y_SOC,cf_median,41.89888
Puerto Rico,natural_grassland_sheep_2030y_SOC,cf_median,
Qatar,natural_grassland_sheep_2030y_SOC,cf_median,
Republic of Korea,natural_grassland_sheep_2030y_SOC,cf_median,43.6085
Romania,natural_grassland_sheep_2030y_SOC,cf_median,46.975445
Russian Federation,natural_grassland_sheep_2030y_SOC,cf_median,77.81424
Rwanda,natural_grassland_sheep_2030y_SOC,cf_median,56.662155
Réunion,natural_grassland_sheep_2030y_SOC,cf_median,
Saint Helena,natural_grassland_sheep_2030y_SOC,cf_median,
Saint Kitts and Nevis,natural_grassland_sheep_2030y_SOC,cf_median,
Saint Lucia,natural_grassland_sheep_2030y_SOC,cf_median,
Saint Pierre et Miquelon,natural_grassland_sheep_2030y_SOC,cf_median,
Saint Vincent and the Grenadines,natural_grassland_sheep_2030y_SOC,cf_median,
Samoa,natural_grassland_sheep_2030y_SOC,cf_median,
San Marino,natural_grassland_sheep_2030y_SOC,cf_median,43.789227
Sao Tome and Principe,natural_grassland_sheep_2030y_SOC,cf_median,
Saudi Arabia,natural_grassland_sheep_2030y_SOC,cf_median,28.160294
Scarborough Reef,natural_grassland_sheep_2030y_SOC,cf_median,
Senegal,natural_grassland_sheep_2030y_SOC,cf_median,29.109152
Senkaku Islands,natural_grassland_sheep_2030y_SOC,cf_median,
Serbia,natural_grassland_sheep_2030y_SOC,cf_median,59.381657
Seychelles,natural_grassland_sheep_2030y_SOC,cf_median,
Sierra Leone,natural_grassland_sheep_2030y_SOC,cf_median,45.21577
Singapore,natural_grassland_sheep_2030y_SOC,cf_median,
Slovakia,natural_grassland_sheep_2030y_SOC,cf_median,68.801994
Slovenia,natural_grassland_sheep_2030y_SOC,cf_median,77.69274
Solomon Islands,natural_grassland_sheep_2030y_SOC,cf_median,
Somalia,natural_grassland_sheep_2030y_SOC,cf_median,41.090366
South Africa,natural_grassland_sheep_2030y_SOC,cf_median,36.167015
South Georgia and the South Sandwich Islands,natural_grassland_sheep_2030y_SOC,cf_median,
South Sudan,natural_grassland_sheep_2030y_SOC,cf_median,34.130165
Spain,natural_grassland_sheep_2030y_SOC,cf_median,37.4694
Spratly Islands,natural_grassland_sheep_2030y_SOC,cf_median,
Sri Lanka,natural_grassland_sheep_2030y_SOC,cf_median,
Sudan,natural_grassland_sheep_2030y_SOC,cf_median,29.80775
Suriname,natural_grassland_sheep_2030y_SOC,cf_median,34.051605
Svalbard and Jan Mayen Islands,natural_grassland_sheep_2030y_SOC,cf_median,
Swaziland,natural_grassland_sheep_2030y_SOC,cf_median,46.99877
Sweden,natural_grassland_sheep_2030y_SOC,cf_median,86.175255
Switzerland,natural_grassland_sheep_2030y_SOC,cf_median,73.35036
Syrian Arab Republic,natural_grassland_sheep_2030y_SOC,cf_median,30.783703
Taiwan,natural_grassland_sheep_2030y_SOC,cf_median,
Tajikistan,natural_grassland_sheep_2030y_SOC,cf_median,56.113155
Thailand,natural_grassland_sheep_2030y_SOC,cf_median,39.079937
The former Yugoslav Republic of Macedonia,natural_grassland_sheep_2030y_SOC,cf_median,43.226555
Timor-Leste,natural_grassland_sheep_2030y_SOC,cf_median,47.482048
Togo,natural_grassland_sheep_2030y_SOC,cf_median,32.449448
Tokelau,natural_grassland_sheep_2030y_SOC,cf_median,
Tonga,natural_grassland_sheep_2030y_SOC,cf_median,
Trinidad and Tobago,natural_grassland_sheep_2030y_SOC,cf_median,
Tromelin Island,natural_grassland_sheep_2030y_SOC,cf_median,
Tunisia,natural_grassland_sheep_2030y_SOC,cf_median,28.122982
Turkey,natural_grassland_sheep_2030y_SOC,cf_median,47.068295
Turkmenistan,natural_grassland_sheep_2030y_SOC,cf_median,33.68466
Turks and Caicos islands,natural_grassland_sheep_2030y_SOC,cf_median,
Tuvalu,natural_grassland_sheep_2030y_SOC,cf_median,
U.K. of Great Britain and Northern Ireland,natural_grassland_sheep_2030y_SOC,cf_median,81.1355
Uganda,natural_grassland_sheep_2030y_SOC,cf_median,46.152267
Ukraine,natural_grassland_sheep_2030y_SOC,cf_median,60.26632
United Arab Emirates,natural_grassland_sheep_2030y_SOC,cf_median,29.805815
United Republic of Tanzania,natural_grassland_sheep_2030y_SOC,cf_median,34.405132
United States Virgin Islands,natural_grassland_sheep_2030y_SOC,cf_median,
United States of America,natural_grassland_sheep_2030y_SOC,cf_median,44.94578
Uruguay,natural_grassland_sheep_2030y_SOC,cf_median,45.769928
Uzbekistan,natural_grassland_sheep_2030y_SOC,cf_median,35.017914
Vanuatu,natural_grassland_sheep_2030y_SOC,cf_median,
Venezuela,natural_grassland_sheep_2030y_SOC,cf_median,39.733364
Viet Nam,natural_grassland_sheep_2030y_SOC,cf_median,43.200726
Wake Island,natural_grassland_sheep_2030y_SOC,cf_median,
Wallis and Futuna,natural_grassland_sheep_2030y_SOC,cf_median,
West Bank,natural_grassland_sheep_2030y_SOC,cf_median,37.876347
Western Sahara,natural_grassland_sheep_2030y_SOC,cf_median,27.199066
Yemen,natural_grassland_sheep_2030y_SOC,cf_median,31.135645
Zambia,natural_grassland_sheep_2030y_SOC,cf_median,36.79037
Zimbabwe,natural_grassland_sheep_2030y_SOC,cf_median,33.92659
Abyei,natural_grassland_sheep_2030y_SOC,cf_std,0.7001282
Afghanistan,natural_grassland_sheep_2030y_SOC,cf_std,11.824315
Aksai Chin,natural_grassland_sheep_2030y_SOC,cf_std,6.9633007
Albania,natural_grassland_sheep_2030y_SOC,cf_std,10.047033
Algeria,natural_grassland_sheep_2030y_SOC,cf_std,7.9903684
American Samoa,natural_grassland_sheep_2030y_SOC,cf_std,
Andorra,natural_grassland_sheep_2030y_SOC,cf_std,5.5277615
Angola,natural_grassland_sheep_2030y_SOC,cf_std,7.6313267
Anguilla,natural_grassland_sheep_2030y_SOC,cf_std,
Antarctica,natural_grassland_sheep_2030y_SOC,cf_std,
Antigua and Barbuda,natural_grassland_sheep_2030y_SOC,cf_std,
Argentina,natural_grassland_sheep_2030y_SOC,cf_std,13.316309
Armenia,natural_grassland_sheep_2030y_SOC,cf_std,8.041023
Aruba,natural_grassland_sheep_2030y_SOC,cf_std,
Arunachal Pradesh,natural_grassland_sheep_2030y_SOC,cf_std,10.18303
Ashmore and Cartier Islands,natural_grassland_sheep_2030y_SOC,cf_std,
Australia,natural_grassland_sheep_2030y_SOC,cf_std,13.654431
Austria,natural_grassland_sheep_2030y_SOC,cf_std,7.391045
Azerbaijan,natural_grassland_sheep_2030y_SOC,cf_std,11.67266
Azores Islands,natural_grassland_sheep_2030y_SOC,cf_std,
Bahamas,natural_grassland_sheep_2030y_SOC,cf_std,3.4726083
Bahrain,natural_grassland_sheep_2030y_SOC,cf_std,
Baker Island,natural_grassland_sheep_2030y_SOC,cf_std,
Bangladesh,natural_grassland_sheep_2030y_SOC,cf_std,9.031773
Barbados,natural_grassland_sheep_2030y_SOC,cf_std,
Bassas da India,natural_grassland_sheep_2030y_SOC,cf_std,
Belarus,natural_grassland_sheep_2030y_SOC,cf_std,5.7550955
Belgium,natural_grassland_sheep_2030y_SOC,cf_std,9.9735155
Belize,natural_grassland_sheep_2030y_SOC,cf_std,1.3996981
Benin,natural_grassland_sheep_2030y_SOC,cf_std,2.8101337
Bermuda,natural_grassland_sheep_2030y_SOC,cf_std,
Bhutan,natural_grassland_sheep_2030y_SOC,cf_std,7.9584785
Bird Island,natural_grassland_sheep_2030y_SOC,cf_std,
Bolivia,natural_grassland_sheep_2030y_SOC,cf_std,8.77465
Bosnia and Herzegovina,natural_grassland_sheep_2030y_SOC,cf_std,8.028624
Botswana,natural_grassland_sheep_2030y_SOC,cf_std,3.107819
Bouvet Island,natural_grassland_sheep_2030y_SOC,cf_std,
Brazil,natural_grassland_sheep_2030y_SOC,cf_std,6.075417
British Indian Ocean Territory,natural_grassland_sheep_2030y_SOC,cf_std,
British Virgin Islands,natural_grassland_sheep_2030y_SOC,cf_std,
Brunei Darussalam,natural_grassland_sheep_2030y_SOC,cf_std,
Bulgaria,natural_grassland_sheep_2030y_SOC,cf_std,5.755922
Burkina Faso,natural_grassland_sheep_2030y_SOC,cf_std,2.4717925
Burundi,natural_grassland_sheep_2030y_SOC,cf_std,3.8629656
Cambodia,natural_grassland_sheep_2030y_SOC,cf_std,1.9533242
Cameroon,natural_grassland_sheep_2030y_SOC,cf_std,8.011099
Canada,natural_grassland_sheep_2030y_SOC,cf_std,13.565425
Cape Verde,natural_grassland_sheep_2030y_SOC,cf_std,
Cayman Islands,natural_grassland_sheep_2030y_SOC,cf_std,
Central African Republic,natural_grassland_sheep_2030y_SOC,cf_std,2.0545714
Chad,natural_grassland_sheep_2030y_SOC,cf_std,2.7156832
Chile,natural_grassland_sheep_2030y_SOC,cf_std,32.869278
China,natural_grassland_sheep_2030y_SOC,cf_std,17.898542
China/India,natural_grassland_sheep_2030y_SOC,cf_std,16.14723
Christmas Island,natural_grassland_sheep_2030y_SOC,cf_std,
Clipperton Island,natural_grassland_sheep_2030y_SOC,cf_std,
Cocos (Keeling) Islands,natural_grassland_sheep_2030y_SOC,cf_std,
Colombia,natural_grassland_sheep_2030y_SOC,cf_std,19.640657
Comoros,natural_grassland_sheep_2030y_SOC,cf_std,
Congo,natural_grassland_sheep_2030y_SOC,cf_std,9.695471
Cook Islands,natural_grassland_sheep_2030y_SOC,cf_std,
Costa Rica,natural_grassland_sheep_2030y_SOC,cf_std,1.6388556
Croatia,natural_grassland_sheep_2030y_SOC,cf_std,13.895791
Cuba,natural_grassland_sheep_2030y_SOC,cf_std,33.175632
Cyprus,natural_grassland_sheep_2030y_SOC,cf_std,3.8665173
Czech Republic,natural_grassland_sheep_2030y_SOC,cf_std,6.731251
Côte d'Ivoire,natural_grassland_sheep_2030y_SOC,cf_std,1.8586584
Dem People's Rep of Korea,natural_grassland_sheep_2030y_SOC,cf_std,10.299526
Democratic Republic of the Congo,natural_grassland_sheep_2030y_SOC,cf_std,3.9524372
Denmark,natural_grassland_sheep_2030y_SOC,cf_std,21.51655
Djibouti,natural_grassland_sheep_2030y_SOC,cf_std,15.418709
Dominica,natural_grassland_sheep_2030y_SOC,cf_std,
Dominican Republic,natural_grassland_sheep_2030y_SOC,cf_std,25.710228
Ecuador,natural_grassland_sheep_2030y_SOC,cf_std,13.923099
Egypt,natural_grassland_sheep_2030y_SOC,cf_std,10.82933
El Salvador,natural_grassland_sheep_2030y_SOC,cf_std,
Equatorial Guinea,natural_grassland_sheep_2030y_SOC,cf_std,0.5540927
Eritrea,natural_grassland_sheep_2030y_SOC,cf_std,11.90698
Estonia,natural_grassland_sheep_2030y_SOC,cf_std,27.165905
Ethiopia,natural_grassland_sheep_2030y_SOC,cf_std,8.973978
Europa Island,natural_grassland_sheep_2030y_SOC,cf_std,
Falkland Islands (Malvinas),natural_grassland_sheep_2030y_SOC,cf_std,
Faroe Islands,natural_grassland_sheep_2030y_SOC,cf_std,6.331246
Fiji,natural_grassland_sheep_2030y_SOC,cf_std,
Finland,natural_grassland_sheep_2030y_SOC,cf_std,10.258895
France,natural_grassland_sheep_2030y_SOC,cf_std,12.922926
French Guiana,natural_grassland_sheep_2030y_SOC,cf_std,3.3114717
French Polynesia,natural_grassland_sheep_2030y_SOC,cf_std,
French Southern and Antarctic Territories,natural_grassland_sheep_2030y_SOC,cf_std,
Gabon,natural_grassland_sheep_2030y_SOC,cf_std,14.254626
Gambia,natural_grassland_sheep_2030y_SOC,cf_std,3.8359656
Gaza Strip,natural_grassland_sheep_2030y_SOC,cf_std,1.3857133
Georgia,natural_grassland_sheep_2030y_SOC,cf_std,9.646087
Germany,natural_grassland_sheep_2030y_SOC,cf_std,10.765427
Ghana,natural_grassland_sheep_2030y_SOC,cf_std,7.8526196
Gibraltar,natural_grassland_sheep_2030y_SOC,cf_std,0.0
Glorioso Island,natural_grassland_sheep_2030y_SOC,cf_std,
Greece,natural_grassland_sheep_2030y_SOC,cf_std,13.476542
Greenland,natural_grassland_sheep_2030y_SOC,cf_std,6.839678
Grenada,natural_grassland_sheep_2030y_SOC,cf_std,
Guadeloupe,natural_grassland_sheep_2030y_SOC,cf_std,
Guam,natural_grassland_sheep_2030y_SOC,cf_std,
Guatemala,natural_grassland_sheep_2030y_SOC,cf_std,13.19495
Guernsey,natural_grassland_sheep_2030y_SOC,cf_std,
Guinea,natural_grassland_sheep_2030y_SOC,cf_std,7.0356283
Guinea-Bissau,natural_grassland_sheep_2030y_SOC,cf_std,21.873117
Guyana,natural_grassland_sheep_2030y_SOC,cf_std,8.832041
Haiti,natural_grassland_sheep_2030y_SOC,cf_std,32.937023
Hala'ib triangle,natural_grassland_sheep_2030y_SOC,cf_std,14.840896
Heard Island and McDonald Islands,natural_grassland_sheep_2030y_SOC,cf_std,
Holy See,natural_grassland_sheep_2030y_SOC,cf_std,
Honduras,natural_grassland_sheep_2030y_SOC,cf_std,17.792877
Hong Kong,natural_grassland_sheep_2030y_SOC,cf_std,
Howland Island,natural_grassland_sheep_2030y_SOC,cf_std,
Hungary,natural_grassland_sheep_2030y_SOC,cf_std,1.7689149
Iceland,natural_grassland_sheep_2030y_SOC,cf_std,16.899456
Ilemi triangle,natural_grassland_sheep_2030y_SOC,cf_std,2.8347363
India,natural_grassland_sheep_2030y_SOC,cf_std,9.938755
Indonesia,natural_grassland_sheep_2030y_SOC,cf_std,28.338352
Iran  (Islamic Republic of),natural_grassland_sheep_2030y_SOC,cf_std,9.614118
Iraq,natural_grassland_sheep_2030y_SOC,cf_std,8.672898
Ireland,natural_grassland_sheep_2030y_SOC,cf_std,19.449488
Isle of Man,natural_grassland_sheep_2030y_SOC,cf_std,
Israel,natural_grassland_sheep_2030y_SOC,cf_std,4.362575
Italy,natural_grassland_sheep_2030y_SOC,cf_std,13.850697
Jamaica,natural_grassland_sheep_2030y_SOC,cf_std,
Jammu and Kashmir,natural_grassland_sheep_2030y_SOC,cf_std,8.289423
Japan,natural_grassland_sheep_2030y_SOC,cf_std,22.931152
Jarvis Island,natural_grassland_sheep_2030y_SOC,cf_std,
Jersey,natural_grassland_sheep_2030y_SOC,cf_std,
Johnston Atoll,natural_grassland_sheep_2030y_SOC,cf_std,
Jordan,natural_grassland_sheep_2030y_SOC,cf_std,6.978082
Juan de Nova Island,natural_grassland_sheep_2030y_SOC,cf_std,
Kazakhstan,natural_grassland_sheep_2030y_SOC,cf_std,14.084146
Kenya,natural_grassland_sheep_2030y_SOC,cf_std,8.110173
Kingman Reef,natural_grassland_sheep_2030y_SOC,cf_std,
Kiribati,natural_grassland_sheep_2030y_SOC,cf_std,
Kuril islands,natural_grassland_sheep_2030y_SOC,cf_std,4.0708003
Kuwait,natural_grassland_sheep_2030y_SOC,cf_std,
Kyrgyzstan,natural_grassland_sheep_2030y_SOC,cf_std,10.289733
Lao People's Democratic Republic,natural_grassland_sheep_2030y_SOC,cf_std,2.604742
Latvia,natural_grassland_sheep_2030y_SOC,cf_std,2.847386
Lebanon,natural_grassland_sheep_2030y_SOC,cf_std,11.399229
Lesotho,natural_grassland_sheep_2030y_SOC,cf_std,10.489819
Liberia,natural_grassland_sheep_2030y_SOC,cf_std,
Libya,natural_grassland_sheep_2030y_SOC,cf_std,9.887347
Liechtenstein,natural_grassland_sheep_2030y_SOC,cf_std,5.4272947
Lithuania,natural_grassland_sheep_2030y_SOC,cf_std,4.862483
Luxembourg,natural_grassland_sheep_2030y_SOC,cf_std,3.2283425
Ma'tan al-Sarra,natural_grassland_sheep_2030y_SOC,cf_std,0.63542473
Macau,natural_grassland_sheep_2030y_SOC,cf_std,
Madagascar,natural_grassland_sheep_2030y_SOC,cf_std,14.434353
Madeira Islands,natural_grassland_sheep_2030y_SOC,cf_std,0.0
Malawi,natural_grassland_sheep_2030y_SOC,cf_std,5.825877
Malaysia,natural_grassland_sheep_2030y_SOC,cf_std,7.756799
Maldives,natural_grassland_sheep_2030y_SOC,cf_std,
Mali,natural_grassland_sheep_2030y_SOC,cf_std,2.6377726
Malta,natural_grassland_sheep_2030y_SOC,cf_std,
Marshall Islands,natural_grassland_sheep_2030y_SOC,cf_std,
Martinique,natural_grassland_sheep_2030y_SOC,cf_std,
Mauritania,natural_grassland_sheep_2030y_SOC,cf_std,7.2323995
Mauritius,natural_grassland_sheep_2030y_SOC,cf_std,
Mayotte,natural_grassland_sheep_2030y_SOC,cf_std,
Mexico,natural_grassland_sheep_2030y_SOC,cf_std,13.480839
Micronesia (Federated States of),natural_grassland_sheep_2030y_SOC,cf_std,
Midway Island,natural_grassland_sheep_2030y_SOC,cf_std,
"Moldova, Republic of",natural_grassland_sheep_2030y_SOC,cf_std,6.7103486
Monaco,natural_grassland_sheep_2030y_SOC,cf_std,0.0
Mongolia,natural_grassland_sheep_2030y_SOC,cf_std,16.733118
Montenegro,natural_grassland_sheep_2030y_SOC,cf_std,5.732366
Montserrat,natural_grassland_sheep_2030y_SOC,cf_std,
Morocco,natural_grassland_sheep_2030y_SOC,cf_std,9.793358
Mozambique,natural_grassland_sheep_2030y_SOC,cf_std,20.815556
Myanmar,natural_grassland_sheep_2030y_SOC,cf_std,14.633386
Namibia,natural_grassland_sheep_2030y_SOC,cf_std,3.7977817
Nauru,natural_grassland_sheep_2030y_SOC,cf_std,
Navassa Island,natural_grassland_sheep_2030y_SOC,cf_std,
Nepal,natural_grassland_sheep_2030y_SOC,cf_std,11.996681
Netherlands,natural_grassland_sheep_2030y_SOC,cf_std,23.19445
Netherlands Antilles,natural_grassland_sheep_2030y_SOC,cf_std,
New Caledonia,natural_grassland_sheep_2030y_SOC,cf_std,
New Zealand,natural_grassland_sheep_2030y_SOC,cf_std,23.609982
Nicaragua,natural_grassland_sheep_2030y_SOC,cf_std,23.28867
Niger,natural_grassland_sheep_2030y_SOC,cf_std,4.4667087
Nigeria,natural_grassland_sheep_2030y_SOC,cf_std,3.7649753
Niue,natural_grassland_sheep_2030y_SOC,cf_std,
Norfolk Island,natural_grassland_sheep_2030y_SOC,cf_std,
Northern Mariana Islands,natural_grassland_sheep_2030y_SOC,cf_std,
Norway,natural_grassland_sheep_2030y_SOC,cf_std,12.0248165
Oman,natural_grassland_sheep_2030y_SOC,cf_std,8.470745
Pakistan,natural_grassland_sheep_2030y_SOC,cf_std,11.431978
Palau,natural_grassland_sheep_2030y_SOC,cf_std,
Palmyra Atoll,natural_grassland_sheep_2030y_SOC,cf_std,
Panama,natural_grassland_sheep_2030y_SOC,cf_std,2.5427568
Papua New Guinea,natural_grassland_sheep_2030y_SOC,cf_std,19.331394
Paracel Islands,natural_grassland_sheep_2030y_SOC,cf_std,
Paraguay,natural_grassland_sheep_2030y_SOC,cf_std,7.844939
Peru,natural_grassland_sheep_2030y_SOC,cf_std,12.375706
Philippines,natural_grassland_sheep_2030y_SOC,cf_std,35.22709
Pitcairn,natural_grassland_sheep_2030y_SOC,cf_std,
Poland,natural_grassland_sheep_2030y_SOC,cf_std,8.422777
Portugal,natural_grassland_sheep_2030y_SOC,cf_std,9.238384
Puerto Rico,natural_grassland_sheep_2030y_SOC,cf_std,
Qatar,natural_grassland_sheep_2030y_SOC,cf_std,
Republic of Korea,natural_grassland_sheep_2030y_SOC,cf_std,11.228769
Romania,natural_grassland_sheep_2030y_SOC,cf_std,8.646562
Russian Federation,natural_grassland_sheep_2030y_SOC,cf_std,12.274183
Rwanda,natural_grassland_sheep_2030y_SOC,cf_std,5.0316734
Réunion,natural_grassland_sheep_2030y_SOC,cf_std,
Saint Helena,natural_grassland_sheep_2030y_SOC,cf_std,
Saint Kitts and Nevis,natural_grassland_sheep_2030y_SOC,cf_std,
Saint Lucia,natural_grassland_sheep_2030y_SOC,cf_std,
Saint Pierre et Miquelon,natural_grassland_sheep_2030y_SOC,cf_std,
Saint Vincent and the Grenadines,natural_grassland_sheep_2030y_SOC,cf_std,
Samoa,natural_grassland_sheep_2030y_SOC,cf_std,
San Marino,natural_grassland_sheep_2030y_SOC,cf_std,2.6917312
Sao Tome and Principe,natural_grassland_sheep_2030y_SOC,cf_std,
Saudi Arabia,natural_grassland_sheep_2030y_SOC,cf_std,9.969735
Scarborough Reef,natural_grassland_sheep_2030y_SOC,cf_std,
Senegal,natural_grassland_sheep_2030y_SOC,cf_std,7.8337154
Senkaku Islands,natural_grassland_sheep_2030y_SOC,cf_std,
Serbia,natural_grassland_sheep_2030y_SOC,cf_std,7.3546095
Seychelles,natural_grassland_sheep_2030y_SOC,cf_std,
Sierra Leone,natural_grassland_sheep_2030y_SOC,cf_std,2.7316175
Singapore,natural_grassland_sheep_2030y_SOC,cf_std,
Slovakia,natural_grassland_sheep_2030y_SOC,cf_std,5.5422416
Slovenia,natural_grassland_sheep_2030y_SOC,cf_std,10.888381
Solomon Islands,natural_grassland_sheep_2030y_SOC,cf_std,
Somalia,natural_grassland_sheep_2030y_SOC,cf_std,10.695387
South Africa,natural_grassland_sheep_2030y_SOC,cf_std,7.385091
South Georgia and the South Sandwich Islands,natural_grassland_sheep_2030y_SOC,cf_std,
South Sudan,natural_grassland_sheep_2030y_SOC,cf_std,4.8537736
Spain,natural_grassland_sheep_2030y_SOC,cf_std,16.68294
Spratly Islands,natural_grassland_sheep_2030y_SOC,cf_std,
Sri Lanka,natural_grassland_sheep_2030y_SOC,cf_std,
Sudan,natural_grassland_sheep_2030y_SOC,cf_std,2.2366939
Suriname,natural_grassland_sheep_2030y_SOC,cf_std,3.6724527
Svalbard and Jan Mayen Islands,natural_grassland_sheep_2030y_SOC,cf_std,
Swaziland,natural_grassland_sheep_2030y_SOC,cf_std,3.202954
Sweden,natural_grassland_sheep_2030y_SOC,cf_std,13.976894
Switzerland,natural_grassland_sheep_2030y_SOC,cf_std,9.245577
Syrian Arab Republic,natural_grassland_sheep_2030y_SOC,cf_std,7.525171
Taiwan,natural_grassland_sheep_2030y_SOC,cf_std,
Tajikistan,natural_grassland_sheep_2030y_SOC,cf_std,11.494802
Thailand,natural_grassland_sheep_2030y_SOC,cf_std,12.43904
The former Yugoslav Republic of Macedonia,natural_grassland_sheep_2030y_SOC,cf_std,9.036717
Timor-Leste,natural_grassland_sheep_2030y_SOC,cf_std,28.905005
Togo,natural_grassland_sheep_2030y_SOC,cf_std,3.7099411
Tokelau,natural_grassland_sheep_2030y_SOC,cf_std,
Tonga,natural_grassland_sheep_2030y_SOC,cf_std,
Trinidad and Tobago,natural_grassland_sheep_2030y_SOC,cf_std,
Tromelin Island,natural_grassland_sheep_2030y_SOC,cf_std,
Tunisia,natural_grassland_sheep_2030y_SOC,cf_std,7.045693
Turkey,natural_grassland_sheep_2030y_SOC,cf_std,10.532198
Turkmenistan,natural_grassland_sheep_2030y_SOC,cf_std,8.188772
Turks and Caicos islands,natural_grassland_sheep_2030y_SOC,cf_std,
Tuvalu,natural_grassland_sheep_2030y_SOC,cf_std,
U.K. of Great Britain and Northern Ireland,natural_grassland_sheep_2030y_SOC,cf_std,24.12129
Uganda,natural_grassland_sheep_2030y_SOC,cf_std,5.8496666
Ukraine,natural_grassland_sheep_2030y_SOC,cf_std,10.667634
United Arab Emirates,natural_grassland_sheep_2030y_SOC,cf_std,13.591399
United Republic of Tanzania,natural_grassland_sheep_2030y_SOC,cf_std,8.436922
United States Virgin Islands,natural_grassland_sheep_2030y_SOC,cf_std,
United States of America,natural_grassland_sheep_2030y_SOC,cf_std,20.041256
Uruguay,natural_grassland_sheep_2030y_SOC,cf_std,8.406264
Uzbekistan,natural_grassland_sheep_2030y_SOC,cf_std,7.8417945
Vanuatu,natural_grassland_sheep_2030y_SOC,cf_std,
Venezuela,natural_grassland_sheep_2030y_SOC,cf_std,8.349592
Viet Nam,natural_grassland_sheep_2030y_SOC,cf_std,22.678598
Wake Island,natural_grassland_sheep_2030y_SOC,cf_std,
Wallis and Futuna,natural_grassland_sheep_2030y_SOC,cf_std,
West Bank,natural_grassland_sheep_2030y_SOC,cf_std,2.897081
Western Sahara,natural_grassland_sheep_2030y_SOC,cf_std,8.546018
Yemen,natural_grassland_sheep_2030y_SOC,cf_std,8.166685
Zambia,natural_grassland_sheep_2030y_SOC,cf_std,3.070625
Zimbabwe,natural_grassland_sheep_2030y_SOC,cf_std,2.4644399
