ADM0_NAME,country,value,metric,flow_name
Abyei,,,cf_mean,Apple_irr_2030y_SOC
Afghanistan,Afghanistan,30.234906382098767,cf_mean,Apple_irr_2030y_SOC
Aksai Chin,,,cf_mean,Apple_irr_2030y_SOC
Albania,Albania,48.808688825232856,cf_mean,Apple_irr_2030y_SOC
Algeria,Algeria,26.144122603380758,cf_mean,Apple_irr_2030y_SOC
American Samoa,,,cf_mean,Apple_irr_2030y_SOC
Andorra,Andorra,61.8563339887396,cf_mean,Apple_irr_2030y_SOC
Angola,,,cf_mean,Apple_irr_2030y_SOC
Anguilla,,,cf_mean,Apple_irr_2030y_SOC
Antarctica,,,cf_mean,Apple_irr_2030y_SOC
Antigua and Barbuda,,,cf_mean,Apple_irr_2030y_SOC
Argentina,Argentina,32.10034407730674,cf_mean,Apple_irr_2030y_SOC
Armenia,,,cf_mean,Apple_irr_2030y_SOC
Aruba,,,cf_mean,Apple_irr_2030y_SOC
Arunachal Pradesh,Arunachal Pradesh,68.29062357884794,cf_mean,Apple_irr_2030y_SOC
Ashmore and Cartier Islands,,,cf_mean,Apple_irr_2030y_SOC
Australia,Australia,24.39022355006923,cf_mean,Apple_irr_2030y_SOC
Austria,,,cf_mean,Apple_irr_2030y_SOC
Azerbaijan,,,cf_mean,Apple_irr_2030y_SOC
Azores Islands,,,cf_mean,Apple_irr_2030y_SOC
Bahamas,,,cf_mean,Apple_irr_2030y_SOC
Bahrain,,,cf_mean,Apple_irr_2030y_SOC
Baker Island,,,cf_mean,Apple_irr_2030y_SOC
Bangladesh,Bangladesh,26.366097493273372,cf_mean,Apple_irr_2030y_SOC
Barbados,,,cf_mean,Apple_irr_2030y_SOC
Bassas da India,,,cf_mean,Apple_irr_2030y_SOC
Belarus,,,cf_mean,Apple_irr_2030y_SOC
Belgium,Belgium,48.98781509863135,cf_mean,Apple_irr_2030y_SOC
Belize,Belize,41.028716768036354,cf_mean,Apple_irr_2030y_SOC
Benin,,,cf_mean,Apple_irr_2030y_SOC
Bermuda,,,cf_mean,Apple_irr_2030y_SOC
Bhutan,Bhutan,53.433637489106786,cf_mean,Apple_irr_2030y_SOC
Bird Island,,,cf_mean,Apple_irr_2030y_SOC
Bolivia,Bolivia,25.270658232183045,cf_mean,Apple_irr_2030y_SOC
Bosnia and Herzegovina,Bosnia and Herzegovina,66.92905522001477,cf_mean,Apple_irr_2030y_SOC
Botswana,Botswana,17.55752970811086,cf_mean,Apple_irr_2030y_SOC
Bouvet Island,,,cf_mean,Apple_irr_2030y_SOC
Brazil,Brazil,28.40929162415903,cf_mean,Apple_irr_2030y_SOC
British Indian Ocean Territory,,,cf_mean,Apple_irr_2030y_SOC
British Virgin Islands,,,cf_mean,Apple_irr_2030y_SOC
Brunei Darussalam,,,cf_mean,Apple_irr_2030y_SOC
Bulgaria,,,cf_mean,Apple_irr_2030y_SOC
Burkina Faso,,,cf_mean,Apple_irr_2030y_SOC
Burundi,,,cf_mean,Apple_irr_2030y_SOC
Cambodia,,,cf_mean,Apple_irr_2030y_SOC
Cameroon,,,cf_mean,Apple_irr_2030y_SOC
Canada,,,cf_mean,Apple_irr_2030y_SOC
Cape Verde,,,cf_mean,Apple_irr_2030y_SOC
Cayman Islands,,,cf_mean,Apple_irr_2030y_SOC
Central African Republic,,,cf_mean,Apple_irr_2030y_SOC
Chad,,,cf_mean,Apple_irr_2030y_SOC
Chile,Chile,73.47301646837224,cf_mean,Apple_irr_2030y_SOC
China,China,49.43333197650729,cf_mean,Apple_irr_2030y_SOC
China/India,China/India,65.5932441471642,cf_mean,Apple_irr_2030y_SOC
Christmas Island,,,cf_mean,Apple_irr_2030y_SOC
Clipperton Island,,,cf_mean,Apple_irr_2030y_SOC
Cocos (Keeling) Islands,,,cf_mean,Apple_irr_2030y_SOC
Colombia,Colombia,40.798561520072255,cf_mean,Apple_irr_2030y_SOC
Comoros,,,cf_mean,Apple_irr_2030y_SOC
Congo,,,cf_mean,Apple_irr_2030y_SOC
Cook Islands,,,cf_mean,Apple_irr_2030y_SOC
Costa Rica,,,cf_mean,Apple_irr_2030y_SOC
Croatia,Croatia,60.661404375775255,cf_mean,Apple_irr_2030y_SOC
Cuba,,,cf_mean,Apple_irr_2030y_SOC
Cyprus,Cyprus,48.12962500282976,cf_mean,Apple_irr_2030y_SOC
Czech Republic,,,cf_mean,Apple_irr_2030y_SOC
Côte d'Ivoire,,,cf_mean,Apple_irr_2030y_SOC
Dem People's Rep of Korea,,,cf_mean,Apple_irr_2030y_SOC
Democratic Republic of the Congo,,,cf_mean,Apple_irr_2030y_SOC
Denmark,,,cf_mean,Apple_irr_2030y_SOC
Djibouti,,,cf_mean,Apple_irr_2030y_SOC
Dominica,,,cf_mean,Apple_irr_2030y_SOC
Dominican Republic,,,cf_mean,Apple_irr_2030y_SOC
Ecuador,Ecuador,46.68805478921824,cf_mean,Apple_irr_2030y_SOC
Egypt,Egypt,19.017090273199674,cf_mean,Apple_irr_2030y_SOC
El Salvador,El Salvador,39.09573068162896,cf_mean,Apple_irr_2030y_SOC
Equatorial Guinea,,,cf_mean,Apple_irr_2030y_SOC
Eritrea,,,cf_mean,Apple_irr_2030y_SOC
Estonia,,,cf_mean,Apple_irr_2030y_SOC
Ethiopia,Ethiopia,19.610274305599432,cf_mean,Apple_irr_2030y_SOC
Europa Island,,,cf_mean,Apple_irr_2030y_SOC
Falkland Islands (Malvinas),,,cf_mean,Apple_irr_2030y_SOC
Faroe Islands,,,cf_mean,Apple_irr_2030y_SOC
Fiji,,,cf_mean,Apple_irr_2030y_SOC
Finland,,,cf_mean,Apple_irr_2030y_SOC
France,France,46.74541250514577,cf_mean,Apple_irr_2030y_SOC
French Guiana,French Guiana,34.00318019793616,cf_mean,Apple_irr_2030y_SOC
French Polynesia,,,cf_mean,Apple_irr_2030y_SOC
French Southern and Antarctic Territories,,,cf_mean,Apple_irr_2030y_SOC
Gabon,,,cf_mean,Apple_irr_2030y_SOC
Gambia,,,cf_mean,Apple_irr_2030y_SOC
Gaza Strip,Gaza Strip,20.645381927490238,cf_mean,Apple_irr_2030y_SOC
Georgia,Georgia,62.8446601988379,cf_mean,Apple_irr_2030y_SOC
Germany,Germany,44.6920103158019,cf_mean,Apple_irr_2030y_SOC
Ghana,,,cf_mean,Apple_irr_2030y_SOC
Gibraltar,,,cf_mean,Apple_irr_2030y_SOC
Glorioso Island,,,cf_mean,Apple_irr_2030y_SOC
Greece,Greece,43.969587804422886,cf_mean,Apple_irr_2030y_SOC
Greenland,,,cf_mean,Apple_irr_2030y_SOC
Grenada,,,cf_mean,Apple_irr_2030y_SOC
Guadeloupe,,,cf_mean,Apple_irr_2030y_SOC
Guam,,,cf_mean,Apple_irr_2030y_SOC
Guatemala,Guatemala,42.4419844349813,cf_mean,Apple_irr_2030y_SOC
Guernsey,,,cf_mean,Apple_irr_2030y_SOC
Guinea,,,cf_mean,Apple_irr_2030y_SOC
Guinea-Bissau,,,cf_mean,Apple_irr_2030y_SOC
Guyana,Guyana,33.223224421181044,cf_mean,Apple_irr_2030y_SOC
Haiti,,,cf_mean,Apple_irr_2030y_SOC
Hala'ib triangle,,,cf_mean,Apple_irr_2030y_SOC
Heard Island and McDonald Islands,,,cf_mean,Apple_irr_2030y_SOC
Holy See,,,cf_mean,Apple_irr_2030y_SOC
Honduras,Honduras,43.66470237860103,cf_mean,Apple_irr_2030y_SOC
Hong Kong,Hong Kong,30.392507553100582,cf_mean,Apple_irr_2030y_SOC
Howland Island,,,cf_mean,Apple_irr_2030y_SOC
Hungary,,,cf_mean,Apple_irr_2030y_SOC
Iceland,,,cf_mean,Apple_irr_2030y_SOC
Ilemi triangle,,,cf_mean,Apple_irr_2030y_SOC
India,India,23.803590790723483,cf_mean,Apple_irr_2030y_SOC
Indonesia,,,cf_mean,Apple_irr_2030y_SOC
Iran  (Islamic Republic of),,,cf_mean,Apple_irr_2030y_SOC
Iraq,Iraq,20.898811084768766,cf_mean,Apple_irr_2030y_SOC
Ireland,,,cf_mean,Apple_irr_2030y_SOC
Isle of Man,,,cf_mean,Apple_irr_2030y_SOC
Israel,Israel,28.65519045409189,cf_mean,Apple_irr_2030y_SOC
Italy,Italy,47.52177240329992,cf_mean,Apple_irr_2030y_SOC
Jamaica,,,cf_mean,Apple_irr_2030y_SOC
Jammu and Kashmir,Jammu and Kashmir,54.77209713828578,cf_mean,Apple_irr_2030y_SOC
Japan,Japan,62.95440737862382,cf_mean,Apple_irr_2030y_SOC
Jarvis Island,,,cf_mean,Apple_irr_2030y_SOC
Jersey,,,cf_mean,Apple_irr_2030y_SOC
Johnston Atoll,,,cf_mean,Apple_irr_2030y_SOC
Jordan,Jordan,22.247835088289357,cf_mean,Apple_irr_2030y_SOC
Juan de Nova Island,,,cf_mean,Apple_irr_2030y_SOC
Kazakhstan,,,cf_mean,Apple_irr_2030y_SOC
Kenya,Kenya,22.602078319000547,cf_mean,Apple_irr_2030y_SOC
Kingman Reef,,,cf_mean,Apple_irr_2030y_SOC
Kiribati,,,cf_mean,Apple_irr_2030y_SOC
Kuril islands,,,cf_mean,Apple_irr_2030y_SOC
Kuwait,,,cf_mean,Apple_irr_2030y_SOC
Kyrgyzstan,,,cf_mean,Apple_irr_2030y_SOC
Lao People's Democratic Republic,Lao People's Democratic Republic,42.935158786599494,cf_mean,Apple_irr_2030y_SOC
Latvia,,,cf_mean,Apple_irr_2030y_SOC
Lebanon,Lebanon,37.875167938914835,cf_mean,Apple_irr_2030y_SOC
Lesotho,Lesotho,44.587020155193905,cf_mean,Apple_irr_2030y_SOC
Liberia,,,cf_mean,Apple_irr_2030y_SOC
Libya,Libya,25.38572678581767,cf_mean,Apple_irr_2030y_SOC
Liechtenstein,,,cf_mean,Apple_irr_2030y_SOC
Lithuania,,,cf_mean,Apple_irr_2030y_SOC
Luxembourg,,,cf_mean,Apple_irr_2030y_SOC
Ma'tan al-Sarra,,,cf_mean,Apple_irr_2030y_SOC
Macau,,,cf_mean,Apple_irr_2030y_SOC
Madagascar,Madagascar,32.02437099202934,cf_mean,Apple_irr_2030y_SOC
Madeira Islands,,,cf_mean,Apple_irr_2030y_SOC
Malawi,,,cf_mean,Apple_irr_2030y_SOC
Malaysia,,,cf_mean,Apple_irr_2030y_SOC
Maldives,,,cf_mean,Apple_irr_2030y_SOC
Mali,,,cf_mean,Apple_irr_2030y_SOC
Malta,,,cf_mean,Apple_irr_2030y_SOC
Marshall Islands,,,cf_mean,Apple_irr_2030y_SOC
Martinique,,,cf_mean,Apple_irr_2030y_SOC
Mauritania,,,cf_mean,Apple_irr_2030y_SOC
Mauritius,,,cf_mean,Apple_irr_2030y_SOC
Mayotte,,,cf_mean,Apple_irr_2030y_SOC
Mexico,Mexico,30.56432482788732,cf_mean,Apple_irr_2030y_SOC
Micronesia (Federated States of),,,cf_mean,Apple_irr_2030y_SOC
Midway Island,,,cf_mean,Apple_irr_2030y_SOC
"Moldova, Republic of",,,cf_mean,Apple_irr_2030y_SOC
Monaco,,,cf_mean,Apple_irr_2030y_SOC
Mongolia,,,cf_mean,Apple_irr_2030y_SOC
Montenegro,Montenegro,54.50655330357873,cf_mean,Apple_irr_2030y_SOC
Montserrat,,,cf_mean,Apple_irr_2030y_SOC
Morocco,Morocco,23.85225164191417,cf_mean,Apple_irr_2030y_SOC
Mozambique,Mozambique,24.758427278697383,cf_mean,Apple_irr_2030y_SOC
Myanmar,Myanmar,48.2822630207229,cf_mean,Apple_irr_2030y_SOC
Namibia,,,cf_mean,Apple_irr_2030y_SOC
Nauru,,,cf_mean,Apple_irr_2030y_SOC
Navassa Island,,,cf_mean,Apple_irr_2030y_SOC
Nepal,Nepal,40.3963381667198,cf_mean,Apple_irr_2030y_SOC
Netherlands,,,cf_mean,Apple_irr_2030y_SOC
Netherlands Antilles,,,cf_mean,Apple_irr_2030y_SOC
New Caledonia,,,cf_mean,Apple_irr_2030y_SOC
New Zealand,New Zealand,98.27959759117128,cf_mean,Apple_irr_2030y_SOC
Nicaragua,Nicaragua,42.19293275975815,cf_mean,Apple_irr_2030y_SOC
Niger,,,cf_mean,Apple_irr_2030y_SOC
Nigeria,,,cf_mean,Apple_irr_2030y_SOC
Niue,,,cf_mean,Apple_irr_2030y_SOC
Norfolk Island,,,cf_mean,Apple_irr_2030y_SOC
Northern Mariana Islands,,,cf_mean,Apple_irr_2030y_SOC
Norway,,,cf_mean,Apple_irr_2030y_SOC
Oman,,,cf_mean,Apple_irr_2030y_SOC
Pakistan,Pakistan,27.029575751767783,cf_mean,Apple_irr_2030y_SOC
Palau,,,cf_mean,Apple_irr_2030y_SOC
Palmyra Atoll,,,cf_mean,Apple_irr_2030y_SOC
Panama,Panama,38.06179277707373,cf_mean,Apple_irr_2030y_SOC
Papua New Guinea,,,cf_mean,Apple_irr_2030y_SOC
Paracel Islands,,,cf_mean,Apple_irr_2030y_SOC
Paraguay,Paraguay,25.06516332453667,cf_mean,Apple_irr_2030y_SOC
Peru,Peru,41.309335048745346,cf_mean,Apple_irr_2030y_SOC
Philippines,,,cf_mean,Apple_irr_2030y_SOC
Pitcairn,,,cf_mean,Apple_irr_2030y_SOC
Poland,,,cf_mean,Apple_irr_2030y_SOC
Portugal,Portugal,35.59086011501337,cf_mean,Apple_irr_2030y_SOC
Puerto Rico,,,cf_mean,Apple_irr_2030y_SOC
Qatar,,,cf_mean,Apple_irr_2030y_SOC
Republic of Korea,,,cf_mean,Apple_irr_2030y_SOC
Romania,,,cf_mean,Apple_irr_2030y_SOC
Russian Federation,Russian Federation,94.78926725755609,cf_mean,Apple_irr_2030y_SOC
Rwanda,,,cf_mean,Apple_irr_2030y_SOC
Réunion,,,cf_mean,Apple_irr_2030y_SOC
Saint Helena,,,cf_mean,Apple_irr_2030y_SOC
Saint Kitts and Nevis,,,cf_mean,Apple_irr_2030y_SOC
Saint Lucia,,,cf_mean,Apple_irr_2030y_SOC
Saint Pierre et Miquelon,,,cf_mean,Apple_irr_2030y_SOC
Saint Vincent and the Grenadines,,,cf_mean,Apple_irr_2030y_SOC
Samoa,,,cf_mean,Apple_irr_2030y_SOC
San Marino,San Marino,36.544715881347656,cf_mean,Apple_irr_2030y_SOC
Sao Tome and Principe,,,cf_mean,Apple_irr_2030y_SOC
Saudi Arabia,,,cf_mean,Apple_irr_2030y_SOC
Scarborough Reef,,,cf_mean,Apple_irr_2030y_SOC
Senegal,,,cf_mean,Apple_irr_2030y_SOC
Senkaku Islands,,,cf_mean,Apple_irr_2030y_SOC
Serbia,Serbia,71.25039672851565,cf_mean,Apple_irr_2030y_SOC
Seychelles,,,cf_mean,Apple_irr_2030y_SOC
Sierra Leone,,,cf_mean,Apple_irr_2030y_SOC
Singapore,,,cf_mean,Apple_irr_2030y_SOC
Slovakia,,,cf_mean,Apple_irr_2030y_SOC
Slovenia,,,cf_mean,Apple_irr_2030y_SOC
Solomon Islands,,,cf_mean,Apple_irr_2030y_SOC
Somalia,Somalia,19.233983360485936,cf_mean,Apple_irr_2030y_SOC
South Africa,South Africa,28.936414796888425,cf_mean,Apple_irr_2030y_SOC
South Georgia and the South Sandwich Islands,,,cf_mean,Apple_irr_2030y_SOC
South Sudan,South Sudan,21.158660181474644,cf_mean,Apple_irr_2030y_SOC
Spain,Spain,36.37884645024521,cf_mean,Apple_irr_2030y_SOC
Spratly Islands,,,cf_mean,Apple_irr_2030y_SOC
Sri Lanka,,,cf_mean,Apple_irr_2030y_SOC
Sudan,,,cf_mean,Apple_irr_2030y_SOC
Suriname,Suriname,31.670128176650618,cf_mean,Apple_irr_2030y_SOC
Svalbard and Jan Mayen Islands,,,cf_mean,Apple_irr_2030y_SOC
Swaziland,Swaziland,33.66120086525492,cf_mean,Apple_irr_2030y_SOC
Sweden,,,cf_mean,Apple_irr_2030y_SOC
Switzerland,Switzerland,74.61879067892524,cf_mean,Apple_irr_2030y_SOC
Syrian Arab Republic,Syrian Arab Republic,20.151710759274224,cf_mean,Apple_irr_2030y_SOC
Taiwan,,,cf_mean,Apple_irr_2030y_SOC
Tajikistan,,,cf_mean,Apple_irr_2030y_SOC
Thailand,,,cf_mean,Apple_irr_2030y_SOC
The former Yugoslav Republic of Macedonia,The former Yugoslav Republic of Macedonia,50.902752606360295,cf_mean,Apple_irr_2030y_SOC
Timor-Leste,,,cf_mean,Apple_irr_2030y_SOC
Togo,,,cf_mean,Apple_irr_2030y_SOC
Tokelau,,,cf_mean,Apple_irr_2030y_SOC
Tonga,,,cf_mean,Apple_irr_2030y_SOC
Trinidad and Tobago,,,cf_mean,Apple_irr_2030y_SOC
Tromelin Island,,,cf_mean,Apple_irr_2030y_SOC
Tunisia,Tunisia,25.00857053893537,cf_mean,Apple_irr_2030y_SOC
Turkey,,,cf_mean,Apple_irr_2030y_SOC
Turkmenistan,,,cf_mean,Apple_irr_2030y_SOC
Turks and Caicos islands,,,cf_mean,Apple_irr_2030y_SOC
Tuvalu,,,cf_mean,Apple_irr_2030y_SOC
U.K. of Great Britain and Northern Ireland,,,cf_mean,Apple_irr_2030y_SOC
Uganda,Uganda,32.36462606294739,cf_mean,Apple_irr_2030y_SOC
Ukraine,,,cf_mean,Apple_irr_2030y_SOC
United Arab Emirates,,,cf_mean,Apple_irr_2030y_SOC
United Republic of Tanzania,United Republic of Tanzania,29.563104257057162,cf_mean,Apple_irr_2030y_SOC
United States Virgin Islands,,,cf_mean,Apple_irr_2030y_SOC
United States of America,United States of America,33.56164883997429,cf_mean,Apple_irr_2030y_SOC
Uruguay,Uruguay,45.81445584045922,cf_mean,Apple_irr_2030y_SOC
Uzbekistan,,,cf_mean,Apple_irr_2030y_SOC
Vanuatu,,,cf_mean,Apple_irr_2030y_SOC
Venezuela,Venezuela,36.58572584942635,cf_mean,Apple_irr_2030y_SOC
Viet Nam,Viet Nam,38.28075109095632,cf_mean,Apple_irr_2030y_SOC
Wake Island,,,cf_mean,Apple_irr_2030y_SOC
Wallis and Futuna,,,cf_mean,Apple_irr_2030y_SOC
West Bank,,,cf_mean,Apple_irr_2030y_SOC
Western Sahara,,,cf_mean,Apple_irr_2030y_SOC
Yemen,,,cf_mean,Apple_irr_2030y_SOC
Zambia,Zambia,20.667515850498564,cf_mean,Apple_irr_2030y_SOC
Zimbabwe,Zimbabwe,22.83796347475939,cf_mean,Apple_irr_2030y_SOC
Abyei,,,cf_median,Apple_irr_2030y_SOC
Afghanistan,Afghanistan,27.765653610229492,cf_median,Apple_irr_2030y_SOC
Aksai Chin,,,cf_median,Apple_irr_2030y_SOC
Albania,Albania,47.79005432128906,cf_median,Apple_irr_2030y_SOC
Algeria,Algeria,24.214153289794922,cf_median,Apple_irr_2030y_SOC
American Samoa,,,cf_median,Apple_irr_2030y_SOC
Andorra,Andorra,58.76393127441406,cf_median,Apple_irr_2030y_SOC
Angola,,,cf_median,Apple_irr_2030y_SOC
Anguilla,,,cf_median,Apple_irr_2030y_SOC
Antarctica,,,cf_median,Apple_irr_2030y_SOC
Antigua and Barbuda,,,cf_median,Apple_irr_2030y_SOC
Argentina,Argentina,30.616710662841797,cf_median,Apple_irr_2030y_SOC
Armenia,,,cf_median,Apple_irr_2030y_SOC
Aruba,,,cf_median,Apple_irr_2030y_SOC
Arunachal Pradesh,Arunachal Pradesh,71.13899230957031,cf_median,Apple_irr_2030y_SOC
Ashmore and Cartier Islands,,,cf_median,Apple_irr_2030y_SOC
Australia,Australia,18.468412399291992,cf_median,Apple_irr_2030y_SOC
Austria,,,cf_median,Apple_irr_2030y_SOC
Azerbaijan,,,cf_median,Apple_irr_2030y_SOC
Azores Islands,,,cf_median,Apple_irr_2030y_SOC
Bahamas,,,cf_median,Apple_irr_2030y_SOC
Bahrain,,,cf_median,Apple_irr_2030y_SOC
Baker Island,,,cf_median,Apple_irr_2030y_SOC
Bangladesh,Bangladesh,24.52581024169922,cf_median,Apple_irr_2030y_SOC
Barbados,,,cf_median,Apple_irr_2030y_SOC
Bassas da India,,,cf_median,Apple_irr_2030y_SOC
Belarus,,,cf_median,Apple_irr_2030y_SOC
Belgium,Belgium,52.98980712890625,cf_median,Apple_irr_2030y_SOC
Belize,Belize,39.80313491821289,cf_median,Apple_irr_2030y_SOC
Benin,,,cf_median,Apple_irr_2030y_SOC
Bermuda,,,cf_median,Apple_irr_2030y_SOC
Bhutan,Bhutan,52.96821975708008,cf_median,Apple_irr_2030y_SOC
Bird Island,,,cf_median,Apple_irr_2030y_SOC
Bolivia,Bolivia,23.994489669799805,cf_median,Apple_irr_2030y_SOC
Bosnia and Herzegovina,Bosnia and Herzegovina,61.339595794677734,cf_median,Apple_irr_2030y_SOC
Botswana,Botswana,18.62940788269043,cf_median,Apple_irr_2030y_SOC
Bouvet Island,,,cf_median,Apple_irr_2030y_SOC
Brazil,Brazil,27.321746826171875,cf_median,Apple_irr_2030y_SOC
British Indian Ocean Territory,,,cf_median,Apple_irr_2030y_SOC
British Virgin Islands,,,cf_median,Apple_irr_2030y_SOC
Brunei Darussalam,,,cf_median,Apple_irr_2030y_SOC
Bulgaria,,,cf_median,Apple_irr_2030y_SOC
Burkina Faso,,,cf_median,Apple_irr_2030y_SOC
Burundi,,,cf_median,Apple_irr_2030y_SOC
Cambodia,,,cf_median,Apple_irr_2030y_SOC
Cameroon,,,cf_median,Apple_irr_2030y_SOC
Canada,,,cf_median,Apple_irr_2030y_SOC
Cape Verde,,,cf_median,Apple_irr_2030y_SOC
Cayman Islands,,,cf_median,Apple_irr_2030y_SOC
Central African Republic,,,cf_median,Apple_irr_2030y_SOC
Chad,,,cf_median,Apple_irr_2030y_SOC
Chile,Chile,69.38036346435547,cf_median,Apple_irr_2030y_SOC
China,China,42.357177734375,cf_median,Apple_irr_2030y_SOC
China/India,China/India,65.19648425772438,cf_median,Apple_irr_2030y_SOC
Christmas Island,,,cf_median,Apple_irr_2030y_SOC
Clipperton Island,,,cf_median,Apple_irr_2030y_SOC
Cocos (Keeling) Islands,,,cf_median,Apple_irr_2030y_SOC
Colombia,Colombia,33.1737174987793,cf_median,Apple_irr_2030y_SOC
Comoros,,,cf_median,Apple_irr_2030y_SOC
Congo,,,cf_median,Apple_irr_2030y_SOC
Cook Islands,,,cf_median,Apple_irr_2030y_SOC
Costa Rica,,,cf_median,Apple_irr_2030y_SOC
Croatia,Croatia,58.15597152709961,cf_median,Apple_irr_2030y_SOC
Cuba,,,cf_median,Apple_irr_2030y_SOC
Cyprus,Cyprus,48.97071838378906,cf_median,Apple_irr_2030y_SOC
Czech Republic,,,cf_median,Apple_irr_2030y_SOC
Côte d'Ivoire,,,cf_median,Apple_irr_2030y_SOC
Dem People's Rep of Korea,,,cf_median,Apple_irr_2030y_SOC
Democratic Republic of the Congo,,,cf_median,Apple_irr_2030y_SOC
Denmark,,,cf_median,Apple_irr_2030y_SOC
Djibouti,,,cf_median,Apple_irr_2030y_SOC
Dominica,,,cf_median,Apple_irr_2030y_SOC
Dominican Republic,,,cf_median,Apple_irr_2030y_SOC
Ecuador,Ecuador,41.1243896484375,cf_median,Apple_irr_2030y_SOC
Egypt,Egypt,19.812780937359623,cf_median,Apple_irr_2030y_SOC
El Salvador,El Salvador,39.982913970947266,cf_median,Apple_irr_2030y_SOC
Equatorial Guinea,,,cf_median,Apple_irr_2030y_SOC
Eritrea,,,cf_median,Apple_irr_2030y_SOC
Estonia,,,cf_median,Apple_irr_2030y_SOC
Ethiopia,Ethiopia,21.56940460205078,cf_median,Apple_irr_2030y_SOC
Europa Island,,,cf_median,Apple_irr_2030y_SOC
Falkland Islands (Malvinas),,,cf_median,Apple_irr_2030y_SOC
Faroe Islands,,,cf_median,Apple_irr_2030y_SOC
Fiji,,,cf_median,Apple_irr_2030y_SOC
Finland,,,cf_median,Apple_irr_2030y_SOC
France,France,43.4652214050293,cf_median,Apple_irr_2030y_SOC
French Guiana,French Guiana,32.75751495361328,cf_median,Apple_irr_2030y_SOC
French Polynesia,,,cf_median,Apple_irr_2030y_SOC
French Southern and Antarctic Territories,,,cf_median,Apple_irr_2030y_SOC
Gabon,,,cf_median,Apple_irr_2030y_SOC
Gambia,,,cf_median,Apple_irr_2030y_SOC
Gaza Strip,Gaza Strip,20.645381927490238,cf_median,Apple_irr_2030y_SOC
Georgia,Georgia,62.10627365112305,cf_median,Apple_irr_2030y_SOC
Germany,Germany,44.94639587402344,cf_median,Apple_irr_2030y_SOC
Ghana,,,cf_median,Apple_irr_2030y_SOC
Gibraltar,,,cf_median,Apple_irr_2030y_SOC
Glorioso Island,,,cf_median,Apple_irr_2030y_SOC
Greece,Greece,38.912227630615234,cf_median,Apple_irr_2030y_SOC
Greenland,,,cf_median,Apple_irr_2030y_SOC
Grenada,,,cf_median,Apple_irr_2030y_SOC
Guadeloupe,,,cf_median,Apple_irr_2030y_SOC
Guam,,,cf_median,Apple_irr_2030y_SOC
Guatemala,Guatemala,41.39291000366211,cf_median,Apple_irr_2030y_SOC
Guernsey,,,cf_median,Apple_irr_2030y_SOC
Guinea,,,cf_median,Apple_irr_2030y_SOC
Guinea-Bissau,,,cf_median,Apple_irr_2030y_SOC
Guyana,Guyana,32.43331527709961,cf_median,Apple_irr_2030y_SOC
Haiti,,,cf_median,Apple_irr_2030y_SOC
Hala'ib triangle,,,cf_median,Apple_irr_2030y_SOC
Heard Island and McDonald Islands,,,cf_median,Apple_irr_2030y_SOC
Holy See,,,cf_median,Apple_irr_2030y_SOC
Honduras,Honduras,42.62241744995117,cf_median,Apple_irr_2030y_SOC
Hong Kong,Hong Kong,30.392507553100582,cf_median,Apple_irr_2030y_SOC
Howland Island,,,cf_median,Apple_irr_2030y_SOC
Hungary,,,cf_median,Apple_irr_2030y_SOC
Iceland,,,cf_median,Apple_irr_2030y_SOC
Ilemi triangle,,,cf_median,Apple_irr_2030y_SOC
India,India,21.484737396240234,cf_median,Apple_irr_2030y_SOC
Indonesia,,,cf_median,Apple_irr_2030y_SOC
Iran  (Islamic Republic of),,,cf_median,Apple_irr_2030y_SOC
Iraq,Iraq,22.426515579223633,cf_median,Apple_irr_2030y_SOC
Ireland,,,cf_median,Apple_irr_2030y_SOC
Isle of Man,,,cf_median,Apple_irr_2030y_SOC
Israel,Israel,24.233915328979492,cf_median,Apple_irr_2030y_SOC
Italy,Italy,42.84342575073242,cf_median,Apple_irr_2030y_SOC
Jamaica,,,cf_median,Apple_irr_2030y_SOC
Jammu and Kashmir,Jammu and Kashmir,55.51418685913086,cf_median,Apple_irr_2030y_SOC
Japan,Japan,54.08047103881836,cf_median,Apple_irr_2030y_SOC
Jarvis Island,,,cf_median,Apple_irr_2030y_SOC
Jersey,,,cf_median,Apple_irr_2030y_SOC
Johnston Atoll,,,cf_median,Apple_irr_2030y_SOC
Jordan,Jordan,21.988204956054688,cf_median,Apple_irr_2030y_SOC
Juan de Nova Island,,,cf_median,Apple_irr_2030y_SOC
Kazakhstan,,,cf_median,Apple_irr_2030y_SOC
Kenya,Kenya,17.92040252685547,cf_median,Apple_irr_2030y_SOC
Kingman Reef,,,cf_median,Apple_irr_2030y_SOC
Kiribati,,,cf_median,Apple_irr_2030y_SOC
Kuril islands,,,cf_median,Apple_irr_2030y_SOC
Kuwait,,,cf_median,Apple_irr_2030y_SOC
Kyrgyzstan,,,cf_median,Apple_irr_2030y_SOC
Lao People's Democratic Republic,Lao People's Democratic Republic,43.12882614135742,cf_median,Apple_irr_2030y_SOC
Latvia,,,cf_median,Apple_irr_2030y_SOC
Lebanon,Lebanon,33.861900329589844,cf_median,Apple_irr_2030y_SOC
Lesotho,Lesotho,41.4687385559082,cf_median,Apple_irr_2030y_SOC
Liberia,,,cf_median,Apple_irr_2030y_SOC
Libya,Libya,21.292625427246094,cf_median,Apple_irr_2030y_SOC
Liechtenstein,,,cf_median,Apple_irr_2030y_SOC
Lithuania,,,cf_median,Apple_irr_2030y_SOC
Luxembourg,,,cf_median,Apple_irr_2030y_SOC
Ma'tan al-Sarra,,,cf_median,Apple_irr_2030y_SOC
Macau,,,cf_median,Apple_irr_2030y_SOC
Madagascar,Madagascar,28.117700576782227,cf_median,Apple_irr_2030y_SOC
Madeira Islands,,,cf_median,Apple_irr_2030y_SOC
Malawi,,,cf_median,Apple_irr_2030y_SOC
Malaysia,,,cf_median,Apple_irr_2030y_SOC
Maldives,,,cf_median,Apple_irr_2030y_SOC
Mali,,,cf_median,Apple_irr_2030y_SOC
Malta,,,cf_median,Apple_irr_2030y_SOC
Marshall Islands,,,cf_median,Apple_irr_2030y_SOC
Martinique,,,cf_median,Apple_irr_2030y_SOC
Mauritania,,,cf_median,Apple_irr_2030y_SOC
Mauritius,,,cf_median,Apple_irr_2030y_SOC
Mayotte,,,cf_median,Apple_irr_2030y_SOC
Mexico,Mexico,29.423547744750977,cf_median,Apple_irr_2030y_SOC
Micronesia (Federated States of),,,cf_median,Apple_irr_2030y_SOC
Midway Island,,,cf_median,Apple_irr_2030y_SOC
"Moldova, Republic of",,,cf_median,Apple_irr_2030y_SOC
Monaco,,,cf_median,Apple_irr_2030y_SOC
Mongolia,,,cf_median,Apple_irr_2030y_SOC
Montenegro,Montenegro,54.144901275634766,cf_median,Apple_irr_2030y_SOC
Montserrat,,,cf_median,Apple_irr_2030y_SOC
Morocco,Morocco,24.09490203857422,cf_median,Apple_irr_2030y_SOC
Mozambique,Mozambique,23.62338638305664,cf_median,Apple_irr_2030y_SOC
Myanmar,Myanmar,44.04922866821289,cf_median,Apple_irr_2030y_SOC
Namibia,,,cf_median,Apple_irr_2030y_SOC
Nauru,,,cf_median,Apple_irr_2030y_SOC
Navassa Island,,,cf_median,Apple_irr_2030y_SOC
Nepal,Nepal,37.40532302856445,cf_median,Apple_irr_2030y_SOC
Netherlands,,,cf_median,Apple_irr_2030y_SOC
Netherlands Antilles,,,cf_median,Apple_irr_2030y_SOC
New Caledonia,,,cf_median,Apple_irr_2030y_SOC
New Zealand,New Zealand,93.3022232055664,cf_median,Apple_irr_2030y_SOC
Nicaragua,Nicaragua,40.864986419677734,cf_median,Apple_irr_2030y_SOC
Niger,,,cf_median,Apple_irr_2030y_SOC
Nigeria,,,cf_median,Apple_irr_2030y_SOC
Niue,,,cf_median,Apple_irr_2030y_SOC
Norfolk Island,,,cf_median,Apple_irr_2030y_SOC
Northern Mariana Islands,,,cf_median,Apple_irr_2030y_SOC
Norway,,,cf_median,Apple_irr_2030y_SOC
Oman,,,cf_median,Apple_irr_2030y_SOC
Pakistan,Pakistan,21.2872314453125,cf_median,Apple_irr_2030y_SOC
Palau,,,cf_median,Apple_irr_2030y_SOC
Palmyra Atoll,,,cf_median,Apple_irr_2030y_SOC
Panama,Panama,38.36217498779297,cf_median,Apple_irr_2030y_SOC
Papua New Guinea,,,cf_median,Apple_irr_2030y_SOC
Paracel Islands,,,cf_median,Apple_irr_2030y_SOC
Paraguay,Paraguay,24.478473663330078,cf_median,Apple_irr_2030y_SOC
Peru,Peru,35.242366790771484,cf_median,Apple_irr_2030y_SOC
Philippines,,,cf_median,Apple_irr_2030y_SOC
Pitcairn,,,cf_median,Apple_irr_2030y_SOC
Poland,,,cf_median,Apple_irr_2030y_SOC
Portugal,Portugal,33.63774871826172,cf_median,Apple_irr_2030y_SOC
Puerto Rico,,,cf_median,Apple_irr_2030y_SOC
Qatar,,,cf_median,Apple_irr_2030y_SOC
Republic of Korea,,,cf_median,Apple_irr_2030y_SOC
Romania,,,cf_median,Apple_irr_2030y_SOC
Russian Federation,Russian Federation,97.51307678222656,cf_median,Apple_irr_2030y_SOC
Rwanda,,,cf_median,Apple_irr_2030y_SOC
Réunion,,,cf_median,Apple_irr_2030y_SOC
Saint Helena,,,cf_median,Apple_irr_2030y_SOC
Saint Kitts and Nevis,,,cf_median,Apple_irr_2030y_SOC
Saint Lucia,,,cf_median,Apple_irr_2030y_SOC
Saint Pierre et Miquelon,,,cf_median,Apple_irr_2030y_SOC
Saint Vincent and the Grenadines,,,cf_median,Apple_irr_2030y_SOC
Samoa,,,cf_median,Apple_irr_2030y_SOC
San Marino,San Marino,36.544715881347656,cf_median,Apple_irr_2030y_SOC
Sao Tome and Principe,,,cf_median,Apple_irr_2030y_SOC
Saudi Arabia,,,cf_median,Apple_irr_2030y_SOC
Scarborough Reef,,,cf_median,Apple_irr_2030y_SOC
Senegal,,,cf_median,Apple_irr_2030y_SOC
Senkaku Islands,,,cf_median,Apple_irr_2030y_SOC
Serbia,Serbia,71.25039672851564,cf_median,Apple_irr_2030y_SOC
Seychelles,,,cf_median,Apple_irr_2030y_SOC
Sierra Leone,,,cf_median,Apple_irr_2030y_SOC
Singapore,,,cf_median,Apple_irr_2030y_SOC
Slovakia,,,cf_median,Apple_irr_2030y_SOC
Slovenia,,,cf_median,Apple_irr_2030y_SOC
Solomon Islands,,,cf_median,Apple_irr_2030y_SOC
Somalia,Somalia,17.93140983581543,cf_median,Apple_irr_2030y_SOC
South Africa,South Africa,26.44011688232422,cf_median,Apple_irr_2030y_SOC
South Georgia and the South Sandwich Islands,,,cf_median,Apple_irr_2030y_SOC
South Sudan,South Sudan,20.64033317565918,cf_median,Apple_irr_2030y_SOC
Spain,Spain,29.99611473083496,cf_median,Apple_irr_2030y_SOC
Spratly Islands,,,cf_median,Apple_irr_2030y_SOC
Sri Lanka,,,cf_median,Apple_irr_2030y_SOC
Sudan,,,cf_median,Apple_irr_2030y_SOC
Suriname,Suriname,33.418426513671875,cf_median,Apple_irr_2030y_SOC
Svalbard and Jan Mayen Islands,,,cf_median,Apple_irr_2030y_SOC
Swaziland,Swaziland,34.4425048828125,cf_median,Apple_irr_2030y_SOC
Sweden,,,cf_median,Apple_irr_2030y_SOC
Switzerland,Switzerland,79.85482788085938,cf_median,Apple_irr_2030y_SOC
Syrian Arab Republic,Syrian Arab Republic,18.530010223388672,cf_median,Apple_irr_2030y_SOC
Taiwan,,,cf_median,Apple_irr_2030y_SOC
Tajikistan,,,cf_median,Apple_irr_2030y_SOC
Thailand,,,cf_median,Apple_irr_2030y_SOC
The former Yugoslav Republic of Macedonia,The former Yugoslav Republic of Macedonia,54.63401412963867,cf_median,Apple_irr_2030y_SOC
Timor-Leste,,,cf_median,Apple_irr_2030y_SOC
Togo,,,cf_median,Apple_irr_2030y_SOC
Tokelau,,,cf_median,Apple_irr_2030y_SOC
Tonga,,,cf_median,Apple_irr_2030y_SOC
Trinidad and Tobago,,,cf_median,Apple_irr_2030y_SOC
Tromelin Island,,,cf_median,Apple_irr_2030y_SOC
Tunisia,Tunisia,22.959012985229492,cf_median,Apple_irr_2030y_SOC
Turkey,,,cf_median,Apple_irr_2030y_SOC
Turkmenistan,,,cf_median,Apple_irr_2030y_SOC
Turks and Caicos islands,,,cf_median,Apple_irr_2030y_SOC
Tuvalu,,,cf_median,Apple_irr_2030y_SOC
U.K. of Great Britain and Northern Ireland,,,cf_median,Apple_irr_2030y_SOC
Uganda,Uganda,25.89253044128418,cf_median,Apple_irr_2030y_SOC
Ukraine,,,cf_median,Apple_irr_2030y_SOC
United Arab Emirates,,,cf_median,Apple_irr_2030y_SOC
United Republic of Tanzania,United Republic of Tanzania,29.74336051940918,cf_median,Apple_irr_2030y_SOC
United States Virgin Islands,,,cf_median,Apple_irr_2030y_SOC
United States of America,United States of America,30.12763786315918,cf_median,Apple_irr_2030y_SOC
Uruguay,Uruguay,44.8076057434082,cf_median,Apple_irr_2030y_SOC
Uzbekistan,,,cf_median,Apple_irr_2030y_SOC
Vanuatu,,,cf_median,Apple_irr_2030y_SOC
Venezuela,Venezuela,34.9085693359375,cf_median,Apple_irr_2030y_SOC
Viet Nam,Viet Nam,38.27751541137695,cf_median,Apple_irr_2030y_SOC
Wake Island,,,cf_median,Apple_irr_2030y_SOC
Wallis and Futuna,,,cf_median,Apple_irr_2030y_SOC
West Bank,,,cf_median,Apple_irr_2030y_SOC
Western Sahara,,,cf_median,Apple_irr_2030y_SOC
Yemen,,,cf_median,Apple_irr_2030y_SOC
Zambia,Zambia,21.08230972290039,cf_median,Apple_irr_2030y_SOC
Zimbabwe,Zimbabwe,22.659770965576172,cf_median,Apple_irr_2030y_SOC
Abyei,,,cf_std,Apple_irr_2030y_SOC
Afghanistan,Afghanistan,11.575977119179571,cf_std,Apple_irr_2030y_SOC
Aksai Chin,,,cf_std,Apple_irr_2030y_SOC
Albania,Albania,5.354617535575372,cf_std,Apple_irr_2030y_SOC
Algeria,Algeria,9.42974997410104,cf_std,Apple_irr_2030y_SOC
American Samoa,,,cf_std,Apple_irr_2030y_SOC
Andorra,Andorra,5.061946416219045,cf_std,Apple_irr_2030y_SOC
Angola,,,cf_std,Apple_irr_2030y_SOC
Anguilla,,,cf_std,Apple_irr_2030y_SOC
Antarctica,,,cf_std,Apple_irr_2030y_SOC
Antigua and Barbuda,,,cf_std,Apple_irr_2030y_SOC
Argentina,Argentina,10.892380234382953,cf_std,Apple_irr_2030y_SOC
Armenia,,,cf_std,Apple_irr_2030y_SOC
Aruba,,,cf_std,Apple_irr_2030y_SOC
Arunachal Pradesh,Arunachal Pradesh,10.031435342443519,cf_std,Apple_irr_2030y_SOC
Ashmore and Cartier Islands,,,cf_std,Apple_irr_2030y_SOC
Australia,Australia,15.86420796735137,cf_std,Apple_irr_2030y_SOC
Austria,,,cf_std,Apple_irr_2030y_SOC
Azerbaijan,,,cf_std,Apple_irr_2030y_SOC
Azores Islands,,,cf_std,Apple_irr_2030y_SOC
Bahamas,,,cf_std,Apple_irr_2030y_SOC
Bahrain,,,cf_std,Apple_irr_2030y_SOC
Baker Island,,,cf_std,Apple_irr_2030y_SOC
Bangladesh,Bangladesh,5.1637388663410695,cf_std,Apple_irr_2030y_SOC
Barbados,,,cf_std,Apple_irr_2030y_SOC
Bassas da India,,,cf_std,Apple_irr_2030y_SOC
Belarus,,,cf_std,Apple_irr_2030y_SOC
Belgium,Belgium,8.971799841062552,cf_std,Apple_irr_2030y_SOC
Belize,Belize,5.732163884908374,cf_std,Apple_irr_2030y_SOC
Benin,,,cf_std,Apple_irr_2030y_SOC
Bermuda,,,cf_std,Apple_irr_2030y_SOC
Bhutan,Bhutan,7.0949715099326145,cf_std,Apple_irr_2030y_SOC
Bird Island,,,cf_std,Apple_irr_2030y_SOC
Bolivia,Bolivia,4.292577945486039,cf_std,Apple_irr_2030y_SOC
Bosnia and Herzegovina,Bosnia and Herzegovina,13.357056884257291,cf_std,Apple_irr_2030y_SOC
Botswana,Botswana,3.012175347123038,cf_std,Apple_irr_2030y_SOC
Bouvet Island,,,cf_std,Apple_irr_2030y_SOC
Brazil,Brazil,7.917622030643573,cf_std,Apple_irr_2030y_SOC
British Indian Ocean Territory,,,cf_std,Apple_irr_2030y_SOC
British Virgin Islands,,,cf_std,Apple_irr_2030y_SOC
Brunei Darussalam,,,cf_std,Apple_irr_2030y_SOC
Bulgaria,,,cf_std,Apple_irr_2030y_SOC
Burkina Faso,,,cf_std,Apple_irr_2030y_SOC
Burundi,,,cf_std,Apple_irr_2030y_SOC
Cambodia,,,cf_std,Apple_irr_2030y_SOC
Cameroon,,,cf_std,Apple_irr_2030y_SOC
Canada,,,cf_std,Apple_irr_2030y_SOC
Cape Verde,,,cf_std,Apple_irr_2030y_SOC
Cayman Islands,,,cf_std,Apple_irr_2030y_SOC
Central African Republic,,,cf_std,Apple_irr_2030y_SOC
Chad,,,cf_std,Apple_irr_2030y_SOC
Chile,Chile,23.828173285063944,cf_std,Apple_irr_2030y_SOC
China,China,18.600448358992377,cf_std,Apple_irr_2030y_SOC
China/India,China/India,0.414402189185564,cf_std,Apple_irr_2030y_SOC
Christmas Island,,,cf_std,Apple_irr_2030y_SOC
Clipperton Island,,,cf_std,Apple_irr_2030y_SOC
Cocos (Keeling) Islands,,,cf_std,Apple_irr_2030y_SOC
Colombia,Colombia,16.95362402477652,cf_std,Apple_irr_2030y_SOC
Comoros,,,cf_std,Apple_irr_2030y_SOC
Congo,,,cf_std,Apple_irr_2030y_SOC
Cook Islands,,,cf_std,Apple_irr_2030y_SOC
Costa Rica,,,cf_std,Apple_irr_2030y_SOC
Croatia,Croatia,13.214537519008651,cf_std,Apple_irr_2030y_SOC
Cuba,,,cf_std,Apple_irr_2030y_SOC
Cyprus,Cyprus,4.541562984476641,cf_std,Apple_irr_2030y_SOC
Czech Republic,,,cf_std,Apple_irr_2030y_SOC
Côte d'Ivoire,,,cf_std,Apple_irr_2030y_SOC
Dem People's Rep of Korea,,,cf_std,Apple_irr_2030y_SOC
Democratic Republic of the Congo,,,cf_std,Apple_irr_2030y_SOC
Denmark,,,cf_std,Apple_irr_2030y_SOC
Djibouti,,,cf_std,Apple_irr_2030y_SOC
Dominica,,,cf_std,Apple_irr_2030y_SOC
Dominican Republic,,,cf_std,Apple_irr_2030y_SOC
Ecuador,Ecuador,14.415824332516735,cf_std,Apple_irr_2030y_SOC
Egypt,Egypt,0.8896091854540835,cf_std,Apple_irr_2030y_SOC
El Salvador,El Salvador,4.206265812479493,cf_std,Apple_irr_2030y_SOC
Equatorial Guinea,,,cf_std,Apple_irr_2030y_SOC
Eritrea,,,cf_std,Apple_irr_2030y_SOC
Estonia,,,cf_std,Apple_irr_2030y_SOC
Ethiopia,Ethiopia,4.16113513763009,cf_std,Apple_irr_2030y_SOC
Europa Island,,,cf_std,Apple_irr_2030y_SOC
Falkland Islands (Malvinas),,,cf_std,Apple_irr_2030y_SOC
Faroe Islands,,,cf_std,Apple_irr_2030y_SOC
Fiji,,,cf_std,Apple_irr_2030y_SOC
Finland,,,cf_std,Apple_irr_2030y_SOC
France,France,12.976636808931547,cf_std,Apple_irr_2030y_SOC
French Guiana,French Guiana,4.460300291890138,cf_std,Apple_irr_2030y_SOC
French Polynesia,,,cf_std,Apple_irr_2030y_SOC
French Southern and Antarctic Territories,,,cf_std,Apple_irr_2030y_SOC
Gabon,,,cf_std,Apple_irr_2030y_SOC
Gambia,,,cf_std,Apple_irr_2030y_SOC
Gaza Strip,Gaza Strip,0.0,cf_std,Apple_irr_2030y_SOC
Georgia,Georgia,6.182598695560679,cf_std,Apple_irr_2030y_SOC
Germany,Germany,4.349879385223451,cf_std,Apple_irr_2030y_SOC
Ghana,,,cf_std,Apple_irr_2030y_SOC
Gibraltar,,,cf_std,Apple_irr_2030y_SOC
Glorioso Island,,,cf_std,Apple_irr_2030y_SOC
Greece,Greece,13.717451298880908,cf_std,Apple_irr_2030y_SOC
Greenland,,,cf_std,Apple_irr_2030y_SOC
Grenada,,,cf_std,Apple_irr_2030y_SOC
Guadeloupe,,,cf_std,Apple_irr_2030y_SOC
Guam,,,cf_std,Apple_irr_2030y_SOC
Guatemala,Guatemala,7.7858119369880425,cf_std,Apple_irr_2030y_SOC
Guernsey,,,cf_std,Apple_irr_2030y_SOC
Guinea,,,cf_std,Apple_irr_2030y_SOC
Guinea-Bissau,,,cf_std,Apple_irr_2030y_SOC
Guyana,Guyana,6.452661796710819,cf_std,Apple_irr_2030y_SOC
Haiti,,,cf_std,Apple_irr_2030y_SOC
Hala'ib triangle,,,cf_std,Apple_irr_2030y_SOC
Heard Island and McDonald Islands,,,cf_std,Apple_irr_2030y_SOC
Holy See,,,cf_std,Apple_irr_2030y_SOC
Honduras,Honduras,8.647849543378616,cf_std,Apple_irr_2030y_SOC
Hong Kong,Hong Kong,0.0,cf_std,Apple_irr_2030y_SOC
Howland Island,,,cf_std,Apple_irr_2030y_SOC
Hungary,,,cf_std,Apple_irr_2030y_SOC
Iceland,,,cf_std,Apple_irr_2030y_SOC
Ilemi triangle,,,cf_std,Apple_irr_2030y_SOC
India,India,9.466237300226359,cf_std,Apple_irr_2030y_SOC
Indonesia,,,cf_std,Apple_irr_2030y_SOC
Iran  (Islamic Republic of),,,cf_std,Apple_irr_2030y_SOC
Iraq,Iraq,4.447550737014926,cf_std,Apple_irr_2030y_SOC
Ireland,,,cf_std,Apple_irr_2030y_SOC
Isle of Man,,,cf_std,Apple_irr_2030y_SOC
Israel,Israel,11.927696238870672,cf_std,Apple_irr_2030y_SOC
Italy,Italy,15.029569623662011,cf_std,Apple_irr_2030y_SOC
Jamaica,,,cf_std,Apple_irr_2030y_SOC
Jammu and Kashmir,Jammu and Kashmir,3.4420708351190132,cf_std,Apple_irr_2030y_SOC
Japan,Japan,18.168694532999385,cf_std,Apple_irr_2030y_SOC
Jarvis Island,,,cf_std,Apple_irr_2030y_SOC
Jersey,,,cf_std,Apple_irr_2030y_SOC
Johnston Atoll,,,cf_std,Apple_irr_2030y_SOC
Jordan,Jordan,3.9203454541334177,cf_std,Apple_irr_2030y_SOC
Juan de Nova Island,,,cf_std,Apple_irr_2030y_SOC
Kazakhstan,,,cf_std,Apple_irr_2030y_SOC
Kenya,Kenya,11.736660624294194,cf_std,Apple_irr_2030y_SOC
Kingman Reef,,,cf_std,Apple_irr_2030y_SOC
Kiribati,,,cf_std,Apple_irr_2030y_SOC
Kuril islands,,,cf_std,Apple_irr_2030y_SOC
Kuwait,,,cf_std,Apple_irr_2030y_SOC
Kyrgyzstan,,,cf_std,Apple_irr_2030y_SOC
Lao People's Democratic Republic,Lao People's Democratic Republic,1.5676189380242391,cf_std,Apple_irr_2030y_SOC
Latvia,,,cf_std,Apple_irr_2030y_SOC
Lebanon,Lebanon,13.011758680565254,cf_std,Apple_irr_2030y_SOC
Lesotho,Lesotho,11.784787097394043,cf_std,Apple_irr_2030y_SOC
Liberia,,,cf_std,Apple_irr_2030y_SOC
Libya,Libya,14.005316172363951,cf_std,Apple_irr_2030y_SOC
Liechtenstein,,,cf_std,Apple_irr_2030y_SOC
Lithuania,,,cf_std,Apple_irr_2030y_SOC
Luxembourg,,,cf_std,Apple_irr_2030y_SOC
Ma'tan al-Sarra,,,cf_std,Apple_irr_2030y_SOC
Macau,,,cf_std,Apple_irr_2030y_SOC
Madagascar,Madagascar,11.714944839707533,cf_std,Apple_irr_2030y_SOC
Madeira Islands,,,cf_std,Apple_irr_2030y_SOC
Malawi,,,cf_std,Apple_irr_2030y_SOC
Malaysia,,,cf_std,Apple_irr_2030y_SOC
Maldives,,,cf_std,Apple_irr_2030y_SOC
Mali,,,cf_std,Apple_irr_2030y_SOC
Malta,,,cf_std,Apple_irr_2030y_SOC
Marshall Islands,,,cf_std,Apple_irr_2030y_SOC
Martinique,,,cf_std,Apple_irr_2030y_SOC
Mauritania,,,cf_std,Apple_irr_2030y_SOC
Mauritius,,,cf_std,Apple_irr_2030y_SOC
Mayotte,,,cf_std,Apple_irr_2030y_SOC
Mexico,Mexico,11.726834119028734,cf_std,Apple_irr_2030y_SOC
Micronesia (Federated States of),,,cf_std,Apple_irr_2030y_SOC
Midway Island,,,cf_std,Apple_irr_2030y_SOC
"Moldova, Republic of",,,cf_std,Apple_irr_2030y_SOC
Monaco,,,cf_std,Apple_irr_2030y_SOC
Mongolia,,,cf_std,Apple_irr_2030y_SOC
Montenegro,Montenegro,5.726548747053895,cf_std,Apple_irr_2030y_SOC
Montserrat,,,cf_std,Apple_irr_2030y_SOC
Morocco,Morocco,8.439648419939566,cf_std,Apple_irr_2030y_SOC
Mozambique,Mozambique,5.397013097210521,cf_std,Apple_irr_2030y_SOC
Myanmar,Myanmar,9.990278827636352,cf_std,Apple_irr_2030y_SOC
Namibia,,,cf_std,Apple_irr_2030y_SOC
Nauru,,,cf_std,Apple_irr_2030y_SOC
Navassa Island,,,cf_std,Apple_irr_2030y_SOC
Nepal,Nepal,11.678051605703715,cf_std,Apple_irr_2030y_SOC
Netherlands,,,cf_std,Apple_irr_2030y_SOC
Netherlands Antilles,,,cf_std,Apple_irr_2030y_SOC
New Caledonia,,,cf_std,Apple_irr_2030y_SOC
New Zealand,New Zealand,24.640369732348333,cf_std,Apple_irr_2030y_SOC
Nicaragua,Nicaragua,6.129010942308893,cf_std,Apple_irr_2030y_SOC
Niger,,,cf_std,Apple_irr_2030y_SOC
Nigeria,,,cf_std,Apple_irr_2030y_SOC
Niue,,,cf_std,Apple_irr_2030y_SOC
Norfolk Island,,,cf_std,Apple_irr_2030y_SOC
Northern Mariana Islands,,,cf_std,Apple_irr_2030y_SOC
Norway,,,cf_std,Apple_irr_2030y_SOC
Oman,,,cf_std,Apple_irr_2030y_SOC
Pakistan,Pakistan,14.856355771997768,cf_std,Apple_irr_2030y_SOC
Palau,,,cf_std,Apple_irr_2030y_SOC
Palmyra Atoll,,,cf_std,Apple_irr_2030y_SOC
Panama,Panama,4.616804956247174,cf_std,Apple_irr_2030y_SOC
Papua New Guinea,,,cf_std,Apple_irr_2030y_SOC
Paracel Islands,,,cf_std,Apple_irr_2030y_SOC
Paraguay,Paraguay,3.503845186866756,cf_std,Apple_irr_2030y_SOC
Peru,Peru,13.08460488383605,cf_std,Apple_irr_2030y_SOC
Philippines,,,cf_std,Apple_irr_2030y_SOC
Pitcairn,,,cf_std,Apple_irr_2030y_SOC
Poland,,,cf_std,Apple_irr_2030y_SOC
Portugal,Portugal,8.711031251921884,cf_std,Apple_irr_2030y_SOC
Puerto Rico,,,cf_std,Apple_irr_2030y_SOC
Qatar,,,cf_std,Apple_irr_2030y_SOC
Republic of Korea,,,cf_std,Apple_irr_2030y_SOC
Romania,,,cf_std,Apple_irr_2030y_SOC
Russian Federation,Russian Federation,2.932053484492808,cf_std,Apple_irr_2030y_SOC
Rwanda,,,cf_std,Apple_irr_2030y_SOC
Réunion,,,cf_std,Apple_irr_2030y_SOC
Saint Helena,,,cf_std,Apple_irr_2030y_SOC
Saint Kitts and Nevis,,,cf_std,Apple_irr_2030y_SOC
Saint Lucia,,,cf_std,Apple_irr_2030y_SOC
Saint Pierre et Miquelon,,,cf_std,Apple_irr_2030y_SOC
Saint Vincent and the Grenadines,,,cf_std,Apple_irr_2030y_SOC
Samoa,,,cf_std,Apple_irr_2030y_SOC
San Marino,San Marino,0.0,cf_std,Apple_irr_2030y_SOC
Sao Tome and Principe,,,cf_std,Apple_irr_2030y_SOC
Saudi Arabia,,,cf_std,Apple_irr_2030y_SOC
Scarborough Reef,,,cf_std,Apple_irr_2030y_SOC
Senegal,,,cf_std,Apple_irr_2030y_SOC
Senkaku Islands,,,cf_std,Apple_irr_2030y_SOC
Serbia,Serbia,1.4210854715202004e-14,cf_std,Apple_irr_2030y_SOC
Seychelles,,,cf_std,Apple_irr_2030y_SOC
Sierra Leone,,,cf_std,Apple_irr_2030y_SOC
Singapore,,,cf_std,Apple_irr_2030y_SOC
Slovakia,,,cf_std,Apple_irr_2030y_SOC
Slovenia,,,cf_std,Apple_irr_2030y_SOC
Solomon Islands,,,cf_std,Apple_irr_2030y_SOC
Somalia,Somalia,2.2413668249586434,cf_std,Apple_irr_2030y_SOC
South Africa,South Africa,9.211029070738327,cf_std,Apple_irr_2030y_SOC
South Georgia and the South Sandwich Islands,,,cf_std,Apple_irr_2030y_SOC
South Sudan,South Sudan,0.9363157640892271,cf_std,Apple_irr_2030y_SOC
Spain,Spain,15.852668408955138,cf_std,Apple_irr_2030y_SOC
Spratly Islands,,,cf_std,Apple_irr_2030y_SOC
Sri Lanka,,,cf_std,Apple_irr_2030y_SOC
Sudan,,,cf_std,Apple_irr_2030y_SOC
Suriname,Suriname,4.3151359407209275,cf_std,Apple_irr_2030y_SOC
Svalbard and Jan Mayen Islands,,,cf_std,Apple_irr_2030y_SOC
Swaziland,Swaziland,6.5512845110740345,cf_std,Apple_irr_2030y_SOC
Sweden,,,cf_std,Apple_irr_2030y_SOC
Switzerland,Switzerland,12.935517274761125,cf_std,Apple_irr_2030y_SOC
Syrian Arab Republic,Syrian Arab Republic,7.639607918659353,cf_std,Apple_irr_2030y_SOC
Taiwan,,,cf_std,Apple_irr_2030y_SOC
Tajikistan,,,cf_std,Apple_irr_2030y_SOC
Thailand,,,cf_std,Apple_irr_2030y_SOC
The former Yugoslav Republic of Macedonia,The former Yugoslav Republic of Macedonia,6.249038485474286,cf_std,Apple_irr_2030y_SOC
Timor-Leste,,,cf_std,Apple_irr_2030y_SOC
Togo,,,cf_std,Apple_irr_2030y_SOC
Tokelau,,,cf_std,Apple_irr_2030y_SOC
Tonga,,,cf_std,Apple_irr_2030y_SOC
Trinidad and Tobago,,,cf_std,Apple_irr_2030y_SOC
Tromelin Island,,,cf_std,Apple_irr_2030y_SOC
Tunisia,Tunisia,10.281275960370841,cf_std,Apple_irr_2030y_SOC
Turkey,,,cf_std,Apple_irr_2030y_SOC
Turkmenistan,,,cf_std,Apple_irr_2030y_SOC
Turks and Caicos islands,,,cf_std,Apple_irr_2030y_SOC
Tuvalu,,,cf_std,Apple_irr_2030y_SOC
U.K. of Great Britain and Northern Ireland,,,cf_std,Apple_irr_2030y_SOC
Uganda,Uganda,11.142926188253854,cf_std,Apple_irr_2030y_SOC
Ukraine,,,cf_std,Apple_irr_2030y_SOC
United Arab Emirates,,,cf_std,Apple_irr_2030y_SOC
United Republic of Tanzania,United Republic of Tanzania,8.288864528960877,cf_std,Apple_irr_2030y_SOC
United States Virgin Islands,,,cf_std,Apple_irr_2030y_SOC
United States of America,United States of America,12.530352399017659,cf_std,Apple_irr_2030y_SOC
Uruguay,Uruguay,8.189091643908359,cf_std,Apple_irr_2030y_SOC
Uzbekistan,,,cf_std,Apple_irr_2030y_SOC
Vanuatu,,,cf_std,Apple_irr_2030y_SOC
Venezuela,Venezuela,10.594376503366675,cf_std,Apple_irr_2030y_SOC
Viet Nam,Viet Nam,3.373380698322706,cf_std,Apple_irr_2030y_SOC
Wake Island,,,cf_std,Apple_irr_2030y_SOC
Wallis and Futuna,,,cf_std,Apple_irr_2030y_SOC
West Bank,,,cf_std,Apple_irr_2030y_SOC
Western Sahara,,,cf_std,Apple_irr_2030y_SOC
Yemen,,,cf_std,Apple_irr_2030y_SOC
Zambia,Zambia,1.4664801518458062,cf_std,Apple_irr_2030y_SOC
Zimbabwe,Zimbabwe,4.371589531937434,cf_std,Apple_irr_2030y_SOC
Abyei,,,cf_mean,Apple_rf_2030y_SOC
Afghanistan,Afghanistan,35.47837405651817,cf_mean,Apple_rf_2030y_SOC
Aksai Chin,,,cf_mean,Apple_rf_2030y_SOC
Albania,Albania,49.58788915916617,cf_mean,Apple_rf_2030y_SOC
Algeria,Algeria,30.381654404800788,cf_mean,Apple_rf_2030y_SOC
American Samoa,,,cf_mean,Apple_rf_2030y_SOC
Andorra,Andorra,64.18060602346621,cf_mean,Apple_rf_2030y_SOC
Angola,,,cf_mean,Apple_rf_2030y_SOC
Anguilla,,,cf_mean,Apple_rf_2030y_SOC
Antarctica,,,cf_mean,Apple_rf_2030y_SOC
Antigua and Barbuda,,,cf_mean,Apple_rf_2030y_SOC
Argentina,Argentina,33.07185171251185,cf_mean,Apple_rf_2030y_SOC
Armenia,,,cf_mean,Apple_rf_2030y_SOC
Aruba,,,cf_mean,Apple_rf_2030y_SOC
Arunachal Pradesh,Arunachal Pradesh,66.0930520973944,cf_mean,Apple_rf_2030y_SOC
Ashmore and Cartier Islands,,,cf_mean,Apple_rf_2030y_SOC
Australia,Australia,28.426277167738622,cf_mean,Apple_rf_2030y_SOC
Austria,,,cf_mean,Apple_rf_2030y_SOC
Azerbaijan,,,cf_mean,Apple_rf_2030y_SOC
Azores Islands,,,cf_mean,Apple_rf_2030y_SOC
Bahamas,,,cf_mean,Apple_rf_2030y_SOC
Bahrain,,,cf_mean,Apple_rf_2030y_SOC
Baker Island,,,cf_mean,Apple_rf_2030y_SOC
Bangladesh,Bangladesh,29.50376912869024,cf_mean,Apple_rf_2030y_SOC
Barbados,,,cf_mean,Apple_rf_2030y_SOC
Bassas da India,,,cf_mean,Apple_rf_2030y_SOC
Belarus,,,cf_mean,Apple_rf_2030y_SOC
Belgium,Belgium,49.65450840125927,cf_mean,Apple_rf_2030y_SOC
Belize,Belize,40.76488701330497,cf_mean,Apple_rf_2030y_SOC
Benin,,,cf_mean,Apple_rf_2030y_SOC
Bermuda,,,cf_mean,Apple_rf_2030y_SOC
Bhutan,Bhutan,51.783676445602474,cf_mean,Apple_rf_2030y_SOC
Bird Island,,,cf_mean,Apple_rf_2030y_SOC
Bolivia,Bolivia,27.939228533765252,cf_mean,Apple_rf_2030y_SOC
Bosnia and Herzegovina,Bosnia and Herzegovina,68.35307489349186,cf_mean,Apple_rf_2030y_SOC
Botswana,Botswana,20.784432810906257,cf_mean,Apple_rf_2030y_SOC
Bouvet Island,,,cf_mean,Apple_rf_2030y_SOC
Brazil,Brazil,30.472195037618537,cf_mean,Apple_rf_2030y_SOC
British Indian Ocean Territory,,,cf_mean,Apple_rf_2030y_SOC
British Virgin Islands,,,cf_mean,Apple_rf_2030y_SOC
Brunei Darussalam,,,cf_mean,Apple_rf_2030y_SOC
Bulgaria,,,cf_mean,Apple_rf_2030y_SOC
Burkina Faso,,,cf_mean,Apple_rf_2030y_SOC
Burundi,,,cf_mean,Apple_rf_2030y_SOC
Cambodia,,,cf_mean,Apple_rf_2030y_SOC
Cameroon,,,cf_mean,Apple_rf_2030y_SOC
Canada,,,cf_mean,Apple_rf_2030y_SOC
Cape Verde,,,cf_mean,Apple_rf_2030y_SOC
Cayman Islands,,,cf_mean,Apple_rf_2030y_SOC
Central African Republic,,,cf_mean,Apple_rf_2030y_SOC
Chad,,,cf_mean,Apple_rf_2030y_SOC
Chile,Chile,77.36986658987797,cf_mean,Apple_rf_2030y_SOC
China,China,48.098692900554106,cf_mean,Apple_rf_2030y_SOC
China/India,China/India,64.2167709360177,cf_mean,Apple_rf_2030y_SOC
Christmas Island,,,cf_mean,Apple_rf_2030y_SOC
Clipperton Island,,,cf_mean,Apple_rf_2030y_SOC
Cocos (Keeling) Islands,,,cf_mean,Apple_rf_2030y_SOC
Colombia,Colombia,40.21499804011703,cf_mean,Apple_rf_2030y_SOC
Comoros,,,cf_mean,Apple_rf_2030y_SOC
Congo,,,cf_mean,Apple_rf_2030y_SOC
Cook Islands,,,cf_mean,Apple_rf_2030y_SOC
Costa Rica,,,cf_mean,Apple_rf_2030y_SOC
Croatia,Croatia,60.58122685944335,cf_mean,Apple_rf_2030y_SOC
Cuba,,,cf_mean,Apple_rf_2030y_SOC
Cyprus,Cyprus,46.21055740591566,cf_mean,Apple_rf_2030y_SOC
Czech Republic,,,cf_mean,Apple_rf_2030y_SOC
Côte d'Ivoire,,,cf_mean,Apple_rf_2030y_SOC
Dem People's Rep of Korea,,,cf_mean,Apple_rf_2030y_SOC
Democratic Republic of the Congo,,,cf_mean,Apple_rf_2030y_SOC
Denmark,,,cf_mean,Apple_rf_2030y_SOC
Djibouti,,,cf_mean,Apple_rf_2030y_SOC
Dominica,,,cf_mean,Apple_rf_2030y_SOC
Dominican Republic,,,cf_mean,Apple_rf_2030y_SOC
Ecuador,Ecuador,47.01149335428861,cf_mean,Apple_rf_2030y_SOC
Egypt,Egypt,25.071117271481583,cf_mean,Apple_rf_2030y_SOC
El Salvador,El Salvador,42.50731819745411,cf_mean,Apple_rf_2030y_SOC
Equatorial Guinea,,,cf_mean,Apple_rf_2030y_SOC
Eritrea,,,cf_mean,Apple_rf_2030y_SOC
Estonia,,,cf_mean,Apple_rf_2030y_SOC
Ethiopia,Ethiopia,27.5573295286096,cf_mean,Apple_rf_2030y_SOC
Europa Island,,,cf_mean,Apple_rf_2030y_SOC
Falkland Islands (Malvinas),,,cf_mean,Apple_rf_2030y_SOC
Faroe Islands,,,cf_mean,Apple_rf_2030y_SOC
Fiji,,,cf_mean,Apple_rf_2030y_SOC
Finland,,,cf_mean,Apple_rf_2030y_SOC
France,France,48.523205009816664,cf_mean,Apple_rf_2030y_SOC
French Guiana,French Guiana,34.29166461170184,cf_mean,Apple_rf_2030y_SOC
French Polynesia,,,cf_mean,Apple_rf_2030y_SOC
French Southern and Antarctic Territories,,,cf_mean,Apple_rf_2030y_SOC
Gabon,,,cf_mean,Apple_rf_2030y_SOC
Gambia,,,cf_mean,Apple_rf_2030y_SOC
Gaza Strip,Gaza Strip,26.68046379089355,cf_mean,Apple_rf_2030y_SOC
Georgia,Georgia,62.64637782896209,cf_mean,Apple_rf_2030y_SOC
Germany,Germany,45.01839052533102,cf_mean,Apple_rf_2030y_SOC
Ghana,,,cf_mean,Apple_rf_2030y_SOC
Gibraltar,,,cf_mean,Apple_rf_2030y_SOC
Glorioso Island,,,cf_mean,Apple_rf_2030y_SOC
Greece,Greece,45.05802198363511,cf_mean,Apple_rf_2030y_SOC
Greenland,,,cf_mean,Apple_rf_2030y_SOC
Grenada,,,cf_mean,Apple_rf_2030y_SOC
Guadeloupe,,,cf_mean,Apple_rf_2030y_SOC
Guam,,,cf_mean,Apple_rf_2030y_SOC
Guatemala,Guatemala,41.05625202741939,cf_mean,Apple_rf_2030y_SOC
Guernsey,,,cf_mean,Apple_rf_2030y_SOC
Guinea,,,cf_mean,Apple_rf_2030y_SOC
Guinea-Bissau,,,cf_mean,Apple_rf_2030y_SOC
Guyana,Guyana,32.92665818587587,cf_mean,Apple_rf_2030y_SOC
Haiti,,,cf_mean,Apple_rf_2030y_SOC
Hala'ib triangle,,,cf_mean,Apple_rf_2030y_SOC
Heard Island and McDonald Islands,,,cf_mean,Apple_rf_2030y_SOC
Holy See,,,cf_mean,Apple_rf_2030y_SOC
Honduras,Honduras,43.29837981654572,cf_mean,Apple_rf_2030y_SOC
Hong Kong,Hong Kong,29.8393669128418,cf_mean,Apple_rf_2030y_SOC
Howland Island,,,cf_mean,Apple_rf_2030y_SOC
Hungary,,,cf_mean,Apple_rf_2030y_SOC
Iceland,,,cf_mean,Apple_rf_2030y_SOC
Ilemi triangle,,,cf_mean,Apple_rf_2030y_SOC
India,India,28.549670955833033,cf_mean,Apple_rf_2030y_SOC
Indonesia,,,cf_mean,Apple_rf_2030y_SOC
Iran  (Islamic Republic of),,,cf_mean,Apple_rf_2030y_SOC
Iraq,Iraq,25.727092539543627,cf_mean,Apple_rf_2030y_SOC
Ireland,,,cf_mean,Apple_rf_2030y_SOC
Isle of Man,,,cf_mean,Apple_rf_2030y_SOC
Israel,Israel,33.100992989466896,cf_mean,Apple_rf_2030y_SOC
Italy,Italy,47.53397029735079,cf_mean,Apple_rf_2030y_SOC
Jamaica,,,cf_mean,Apple_rf_2030y_SOC
Jammu and Kashmir,Jammu and Kashmir,56.429479503812836,cf_mean,Apple_rf_2030y_SOC
Japan,Japan,60.76407192730814,cf_mean,Apple_rf_2030y_SOC
Jarvis Island,,,cf_mean,Apple_rf_2030y_SOC
Jersey,,,cf_mean,Apple_rf_2030y_SOC
Johnston Atoll,,,cf_mean,Apple_rf_2030y_SOC
Jordan,Jordan,27.815454869841496,cf_mean,Apple_rf_2030y_SOC
Juan de Nova Island,,,cf_mean,Apple_rf_2030y_SOC
Kazakhstan,,,cf_mean,Apple_rf_2030y_SOC
Kenya,Kenya,27.48088432971342,cf_mean,Apple_rf_2030y_SOC
Kingman Reef,,,cf_mean,Apple_rf_2030y_SOC
Kiribati,,,cf_mean,Apple_rf_2030y_SOC
Kuril islands,,,cf_mean,Apple_rf_2030y_SOC
Kuwait,,,cf_mean,Apple_rf_2030y_SOC
Kyrgyzstan,,,cf_mean,Apple_rf_2030y_SOC
Lao People's Democratic Republic,Lao People's Democratic Republic,41.94628679357795,cf_mean,Apple_rf_2030y_SOC
Latvia,,,cf_mean,Apple_rf_2030y_SOC
Lebanon,Lebanon,41.581272793429825,cf_mean,Apple_rf_2030y_SOC
Lesotho,Lesotho,43.50915474807204,cf_mean,Apple_rf_2030y_SOC
Liberia,,,cf_mean,Apple_rf_2030y_SOC
Libya,Libya,29.548231055128788,cf_mean,Apple_rf_2030y_SOC
Liechtenstein,,,cf_mean,Apple_rf_2030y_SOC
Lithuania,,,cf_mean,Apple_rf_2030y_SOC
Luxembourg,,,cf_mean,Apple_rf_2030y_SOC
Ma'tan al-Sarra,,,cf_mean,Apple_rf_2030y_SOC
Macau,,,cf_mean,Apple_rf_2030y_SOC
Madagascar,Madagascar,34.14222109656559,cf_mean,Apple_rf_2030y_SOC
Madeira Islands,,,cf_mean,Apple_rf_2030y_SOC
Malawi,,,cf_mean,Apple_rf_2030y_SOC
Malaysia,,,cf_mean,Apple_rf_2030y_SOC
Maldives,,,cf_mean,Apple_rf_2030y_SOC
Mali,,,cf_mean,Apple_rf_2030y_SOC
Malta,,,cf_mean,Apple_rf_2030y_SOC
Marshall Islands,,,cf_mean,Apple_rf_2030y_SOC
Martinique,,,cf_mean,Apple_rf_2030y_SOC
Mauritania,,,cf_mean,Apple_rf_2030y_SOC
Mauritius,,,cf_mean,Apple_rf_2030y_SOC
Mayotte,,,cf_mean,Apple_rf_2030y_SOC
Mexico,Mexico,33.45419134178676,cf_mean,Apple_rf_2030y_SOC
Micronesia (Federated States of),,,cf_mean,Apple_rf_2030y_SOC
Midway Island,,,cf_mean,Apple_rf_2030y_SOC
"Moldova, Republic of",,,cf_mean,Apple_rf_2030y_SOC
Monaco,,,cf_mean,Apple_rf_2030y_SOC
Mongolia,,,cf_mean,Apple_rf_2030y_SOC
Montenegro,Montenegro,56.90553617063789,cf_mean,Apple_rf_2030y_SOC
Montserrat,,,cf_mean,Apple_rf_2030y_SOC
Morocco,Morocco,27.67056780483764,cf_mean,Apple_rf_2030y_SOC
Mozambique,Mozambique,28.475895859595024,cf_mean,Apple_rf_2030y_SOC
Myanmar,Myanmar,47.8434208425319,cf_mean,Apple_rf_2030y_SOC
Namibia,,,cf_mean,Apple_rf_2030y_SOC
Nauru,,,cf_mean,Apple_rf_2030y_SOC
Navassa Island,,,cf_mean,Apple_rf_2030y_SOC
Nepal,Nepal,39.94946571335441,cf_mean,Apple_rf_2030y_SOC
Netherlands,,,cf_mean,Apple_rf_2030y_SOC
Netherlands Antilles,,,cf_mean,Apple_rf_2030y_SOC
New Caledonia,,,cf_mean,Apple_rf_2030y_SOC
New Zealand,New Zealand,95.17849549453685,cf_mean,Apple_rf_2030y_SOC
Nicaragua,Nicaragua,41.97088740186834,cf_mean,Apple_rf_2030y_SOC
Niger,,,cf_mean,Apple_rf_2030y_SOC
Nigeria,,,cf_mean,Apple_rf_2030y_SOC
Niue,,,cf_mean,Apple_rf_2030y_SOC
Norfolk Island,,,cf_mean,Apple_rf_2030y_SOC
Northern Mariana Islands,,,cf_mean,Apple_rf_2030y_SOC
Norway,,,cf_mean,Apple_rf_2030y_SOC
Oman,,,cf_mean,Apple_rf_2030y_SOC
Pakistan,Pakistan,30.76475783402455,cf_mean,Apple_rf_2030y_SOC
Palau,,,cf_mean,Apple_rf_2030y_SOC
Palmyra Atoll,,,cf_mean,Apple_rf_2030y_SOC
Panama,Panama,37.17009766175653,cf_mean,Apple_rf_2030y_SOC
Papua New Guinea,,,cf_mean,Apple_rf_2030y_SOC
Paracel Islands,,,cf_mean,Apple_rf_2030y_SOC
Paraguay,Paraguay,27.07482119051143,cf_mean,Apple_rf_2030y_SOC
Peru,Peru,41.37001003088757,cf_mean,Apple_rf_2030y_SOC
Philippines,,,cf_mean,Apple_rf_2030y_SOC
Pitcairn,,,cf_mean,Apple_rf_2030y_SOC
Poland,,,cf_mean,Apple_rf_2030y_SOC
Portugal,Portugal,38.514290267574786,cf_mean,Apple_rf_2030y_SOC
Puerto Rico,,,cf_mean,Apple_rf_2030y_SOC
Qatar,,,cf_mean,Apple_rf_2030y_SOC
Republic of Korea,,,cf_mean,Apple_rf_2030y_SOC
Romania,,,cf_mean,Apple_rf_2030y_SOC
Russian Federation,Russian Federation,87.64869136064195,cf_mean,Apple_rf_2030y_SOC
Rwanda,,,cf_mean,Apple_rf_2030y_SOC
Réunion,,,cf_mean,Apple_rf_2030y_SOC
Saint Helena,,,cf_mean,Apple_rf_2030y_SOC
Saint Kitts and Nevis,,,cf_mean,Apple_rf_2030y_SOC
Saint Lucia,,,cf_mean,Apple_rf_2030y_SOC
Saint Pierre et Miquelon,,,cf_mean,Apple_rf_2030y_SOC
Saint Vincent and the Grenadines,,,cf_mean,Apple_rf_2030y_SOC
Samoa,,,cf_mean,Apple_rf_2030y_SOC
San Marino,San Marino,38.828910827636726,cf_mean,Apple_rf_2030y_SOC
Sao Tome and Principe,,,cf_mean,Apple_rf_2030y_SOC
Saudi Arabia,,,cf_mean,Apple_rf_2030y_SOC
Scarborough Reef,,,cf_mean,Apple_rf_2030y_SOC
Senegal,,,cf_mean,Apple_rf_2030y_SOC
Senkaku Islands,,,cf_mean,Apple_rf_2030y_SOC
Serbia,Serbia,73.15278625488278,cf_mean,Apple_rf_2030y_SOC
Seychelles,,,cf_mean,Apple_rf_2030y_SOC
Sierra Leone,,,cf_mean,Apple_rf_2030y_SOC
Singapore,,,cf_mean,Apple_rf_2030y_SOC
Slovakia,,,cf_mean,Apple_rf_2030y_SOC
Slovenia,,,cf_mean,Apple_rf_2030y_SOC
Solomon Islands,,,cf_mean,Apple_rf_2030y_SOC
Somalia,Somalia,28.529724657888003,cf_mean,Apple_rf_2030y_SOC
South Africa,South Africa,31.062947694777264,cf_mean,Apple_rf_2030y_SOC
South Georgia and the South Sandwich Islands,,,cf_mean,Apple_rf_2030y_SOC
South Sudan,South Sudan,33.6866723461652,cf_mean,Apple_rf_2030y_SOC
Spain,Spain,39.08786630951357,cf_mean,Apple_rf_2030y_SOC
Spratly Islands,,,cf_mean,Apple_rf_2030y_SOC
Sri Lanka,,,cf_mean,Apple_rf_2030y_SOC
Sudan,,,cf_mean,Apple_rf_2030y_SOC
Suriname,Suriname,32.77715320240171,cf_mean,Apple_rf_2030y_SOC
Svalbard and Jan Mayen Islands,,,cf_mean,Apple_rf_2030y_SOC
Swaziland,Swaziland,36.08095117115032,cf_mean,Apple_rf_2030y_SOC
Sweden,,,cf_mean,Apple_rf_2030y_SOC
Switzerland,Switzerland,72.16789906837352,cf_mean,Apple_rf_2030y_SOC
Syrian Arab Republic,Syrian Arab Republic,24.80834511682712,cf_mean,Apple_rf_2030y_SOC
Taiwan,,,cf_mean,Apple_rf_2030y_SOC
Tajikistan,,,cf_mean,Apple_rf_2030y_SOC
Thailand,,,cf_mean,Apple_rf_2030y_SOC
The former Yugoslav Republic of Macedonia,The former Yugoslav Republic of Macedonia,50.719486760561644,cf_mean,Apple_rf_2030y_SOC
Timor-Leste,,,cf_mean,Apple_rf_2030y_SOC
Togo,,,cf_mean,Apple_rf_2030y_SOC
Tokelau,,,cf_mean,Apple_rf_2030y_SOC
Tonga,,,cf_mean,Apple_rf_2030y_SOC
Trinidad and Tobago,,,cf_mean,Apple_rf_2030y_SOC
Tromelin Island,,,cf_mean,Apple_rf_2030y_SOC
Tunisia,Tunisia,28.719256444616892,cf_mean,Apple_rf_2030y_SOC
Turkey,,,cf_mean,Apple_rf_2030y_SOC
Turkmenistan,,,cf_mean,Apple_rf_2030y_SOC
Turks and Caicos islands,,,cf_mean,Apple_rf_2030y_SOC
Tuvalu,,,cf_mean,Apple_rf_2030y_SOC
U.K. of Great Britain and Northern Ireland,,,cf_mean,Apple_rf_2030y_SOC
Uganda,Uganda,37.45282805560145,cf_mean,Apple_rf_2030y_SOC
Ukraine,,,cf_mean,Apple_rf_2030y_SOC
United Arab Emirates,,,cf_mean,Apple_rf_2030y_SOC
United Republic of Tanzania,United Republic of Tanzania,31.13536462657311,cf_mean,Apple_rf_2030y_SOC
United States Virgin Islands,,,cf_mean,Apple_rf_2030y_SOC
United States of America,United States of America,36.915282601450265,cf_mean,Apple_rf_2030y_SOC
Uruguay,Uruguay,44.99781396243366,cf_mean,Apple_rf_2030y_SOC
Uzbekistan,,,cf_mean,Apple_rf_2030y_SOC
Vanuatu,,,cf_mean,Apple_rf_2030y_SOC
Venezuela,Venezuela,36.28067013359432,cf_mean,Apple_rf_2030y_SOC
Viet Nam,Viet Nam,37.539408698244245,cf_mean,Apple_rf_2030y_SOC
Wake Island,,,cf_mean,Apple_rf_2030y_SOC
Wallis and Futuna,,,cf_mean,Apple_rf_2030y_SOC
West Bank,,,cf_mean,Apple_rf_2030y_SOC
Western Sahara,,,cf_mean,Apple_rf_2030y_SOC
Yemen,,,cf_mean,Apple_rf_2030y_SOC
Zambia,Zambia,24.172604985607578,cf_mean,Apple_rf_2030y_SOC
Zimbabwe,Zimbabwe,25.560610004545612,cf_mean,Apple_rf_2030y_SOC
Abyei,,,cf_median,Apple_rf_2030y_SOC
Afghanistan,Afghanistan,34.3426628112793,cf_median,Apple_rf_2030y_SOC
Aksai Chin,,,cf_median,Apple_rf_2030y_SOC
Albania,Albania,48.92185974121094,cf_median,Apple_rf_2030y_SOC
Algeria,Algeria,28.21074676513672,cf_median,Apple_rf_2030y_SOC
American Samoa,,,cf_median,Apple_rf_2030y_SOC
Andorra,Andorra,61.64289474487305,cf_median,Apple_rf_2030y_SOC
Angola,,,cf_median,Apple_rf_2030y_SOC
Anguilla,,,cf_median,Apple_rf_2030y_SOC
Antarctica,,,cf_median,Apple_rf_2030y_SOC
Antigua and Barbuda,,,cf_median,Apple_rf_2030y_SOC
Argentina,Argentina,31.28738784790039,cf_median,Apple_rf_2030y_SOC
Armenia,,,cf_median,Apple_rf_2030y_SOC
Aruba,,,cf_median,Apple_rf_2030y_SOC
Arunachal Pradesh,Arunachal Pradesh,68.57050323486328,cf_median,Apple_rf_2030y_SOC
Ashmore and Cartier Islands,,,cf_median,Apple_rf_2030y_SOC
Australia,Australia,23.65227699279785,cf_median,Apple_rf_2030y_SOC
Austria,,,cf_median,Apple_rf_2030y_SOC
Azerbaijan,,,cf_median,Apple_rf_2030y_SOC
Azores Islands,,,cf_median,Apple_rf_2030y_SOC
Bahamas,,,cf_median,Apple_rf_2030y_SOC
Bahrain,,,cf_median,Apple_rf_2030y_SOC
Baker Island,,,cf_median,Apple_rf_2030y_SOC
Bangladesh,Bangladesh,28.092567443847656,cf_median,Apple_rf_2030y_SOC
Barbados,,,cf_median,Apple_rf_2030y_SOC
Bassas da India,,,cf_median,Apple_rf_2030y_SOC
Belarus,,,cf_median,Apple_rf_2030y_SOC
Belgium,Belgium,48.78044509887695,cf_median,Apple_rf_2030y_SOC
Belize,Belize,38.720218658447266,cf_median,Apple_rf_2030y_SOC
Benin,,,cf_median,Apple_rf_2030y_SOC
Bermuda,,,cf_median,Apple_rf_2030y_SOC
Bhutan,Bhutan,51.0049934387207,cf_median,Apple_rf_2030y_SOC
Bird Island,,,cf_median,Apple_rf_2030y_SOC
Bolivia,Bolivia,27.691972732543945,cf_median,Apple_rf_2030y_SOC
Bosnia and Herzegovina,Bosnia and Herzegovina,64.12846374511719,cf_median,Apple_rf_2030y_SOC
Botswana,Botswana,21.731548309326172,cf_median,Apple_rf_2030y_SOC
Bouvet Island,,,cf_median,Apple_rf_2030y_SOC
Brazil,Brazil,29.652637481689453,cf_median,Apple_rf_2030y_SOC
British Indian Ocean Territory,,,cf_median,Apple_rf_2030y_SOC
British Virgin Islands,,,cf_median,Apple_rf_2030y_SOC
Brunei Darussalam,,,cf_median,Apple_rf_2030y_SOC
Bulgaria,,,cf_median,Apple_rf_2030y_SOC
Burkina Faso,,,cf_median,Apple_rf_2030y_SOC
Burundi,,,cf_median,Apple_rf_2030y_SOC
Cambodia,,,cf_median,Apple_rf_2030y_SOC
Cameroon,,,cf_median,Apple_rf_2030y_SOC
Canada,,,cf_median,Apple_rf_2030y_SOC
Cape Verde,,,cf_median,Apple_rf_2030y_SOC
Cayman Islands,,,cf_median,Apple_rf_2030y_SOC
Central African Republic,,,cf_median,Apple_rf_2030y_SOC
Chad,,,cf_median,Apple_rf_2030y_SOC
Chile,Chile,74.20150756835938,cf_median,Apple_rf_2030y_SOC
China,China,41.463993072509766,cf_median,Apple_rf_2030y_SOC
China/India,China/India,63.833034337439216,cf_median,Apple_rf_2030y_SOC
Christmas Island,,,cf_median,Apple_rf_2030y_SOC
Clipperton Island,,,cf_median,Apple_rf_2030y_SOC
Cocos (Keeling) Islands,,,cf_median,Apple_rf_2030y_SOC
Colombia,Colombia,32.768287658691406,cf_median,Apple_rf_2030y_SOC
Comoros,,,cf_median,Apple_rf_2030y_SOC
Congo,,,cf_median,Apple_rf_2030y_SOC
Cook Islands,,,cf_median,Apple_rf_2030y_SOC
Costa Rica,,,cf_median,Apple_rf_2030y_SOC
Croatia,Croatia,59.05872344970703,cf_median,Apple_rf_2030y_SOC
Cuba,,,cf_median,Apple_rf_2030y_SOC
Cyprus,Cyprus,47.56345748901367,cf_median,Apple_rf_2030y_SOC
Czech Republic,,,cf_median,Apple_rf_2030y_SOC
Côte d'Ivoire,,,cf_median,Apple_rf_2030y_SOC
Dem People's Rep of Korea,,,cf_median,Apple_rf_2030y_SOC
Democratic Republic of the Congo,,,cf_median,Apple_rf_2030y_SOC
Denmark,,,cf_median,Apple_rf_2030y_SOC
Djibouti,,,cf_median,Apple_rf_2030y_SOC
Dominica,,,cf_median,Apple_rf_2030y_SOC
Dominican Republic,,,cf_median,Apple_rf_2030y_SOC
Ecuador,Ecuador,42.835968017578125,cf_median,Apple_rf_2030y_SOC
Egypt,Egypt,26.05032341510867,cf_median,Apple_rf_2030y_SOC
El Salvador,El Salvador,43.32665252685547,cf_median,Apple_rf_2030y_SOC
Equatorial Guinea,,,cf_median,Apple_rf_2030y_SOC
Eritrea,,,cf_median,Apple_rf_2030y_SOC
Estonia,,,cf_median,Apple_rf_2030y_SOC
Ethiopia,Ethiopia,28.593852996826172,cf_median,Apple_rf_2030y_SOC
Europa Island,,,cf_median,Apple_rf_2030y_SOC
Falkland Islands (Malvinas),,,cf_median,Apple_rf_2030y_SOC
Faroe Islands,,,cf_median,Apple_rf_2030y_SOC
Fiji,,,cf_median,Apple_rf_2030y_SOC
Finland,,,cf_median,Apple_rf_2030y_SOC
France,France,45.91156005859375,cf_median,Apple_rf_2030y_SOC
French Guiana,French Guiana,32.906490325927734,cf_median,Apple_rf_2030y_SOC
French Polynesia,,,cf_median,Apple_rf_2030y_SOC
French Southern and Antarctic Territories,,,cf_median,Apple_rf_2030y_SOC
Gabon,,,cf_median,Apple_rf_2030y_SOC
Gambia,,,cf_median,Apple_rf_2030y_SOC
Gaza Strip,Gaza Strip,26.68046379089355,cf_median,Apple_rf_2030y_SOC
Georgia,Georgia,61.98216247558594,cf_median,Apple_rf_2030y_SOC
Germany,Germany,44.76736831665039,cf_median,Apple_rf_2030y_SOC
Ghana,,,cf_median,Apple_rf_2030y_SOC
Gibraltar,,,cf_median,Apple_rf_2030y_SOC
Glorioso Island,,,cf_median,Apple_rf_2030y_SOC
Greece,Greece,43.16164779663086,cf_median,Apple_rf_2030y_SOC
Greenland,,,cf_median,Apple_rf_2030y_SOC
Grenada,,,cf_median,Apple_rf_2030y_SOC
Guadeloupe,,,cf_median,Apple_rf_2030y_SOC
Guam,,,cf_median,Apple_rf_2030y_SOC
Guatemala,Guatemala,40.426902770996094,cf_median,Apple_rf_2030y_SOC
Guernsey,,,cf_median,Apple_rf_2030y_SOC
Guinea,,,cf_median,Apple_rf_2030y_SOC
Guinea-Bissau,,,cf_median,Apple_rf_2030y_SOC
Guyana,Guyana,30.555299758911133,cf_median,Apple_rf_2030y_SOC
Haiti,,,cf_median,Apple_rf_2030y_SOC
Hala'ib triangle,,,cf_median,Apple_rf_2030y_SOC
Heard Island and McDonald Islands,,,cf_median,Apple_rf_2030y_SOC
Holy See,,,cf_median,Apple_rf_2030y_SOC
Honduras,Honduras,42.24869918823242,cf_median,Apple_rf_2030y_SOC
Hong Kong,Hong Kong,29.8393669128418,cf_median,Apple_rf_2030y_SOC
Howland Island,,,cf_median,Apple_rf_2030y_SOC
Hungary,,,cf_median,Apple_rf_2030y_SOC
Iceland,,,cf_median,Apple_rf_2030y_SOC
Ilemi triangle,,,cf_median,Apple_rf_2030y_SOC
India,India,26.58824348449707,cf_median,Apple_rf_2030y_SOC
Indonesia,,,cf_median,Apple_rf_2030y_SOC
Iran  (Islamic Republic of),,,cf_median,Apple_rf_2030y_SOC
Iraq,Iraq,26.985980987548828,cf_median,Apple_rf_2030y_SOC
Ireland,,,cf_median,Apple_rf_2030y_SOC
Isle of Man,,,cf_median,Apple_rf_2030y_SOC
Israel,Israel,30.451379776000977,cf_median,Apple_rf_2030y_SOC
Italy,Italy,45.255821228027344,cf_median,Apple_rf_2030y_SOC
Jamaica,,,cf_median,Apple_rf_2030y_SOC
Jammu and Kashmir,Jammu and Kashmir,58.05493927001953,cf_median,Apple_rf_2030y_SOC
Japan,Japan,53.0960693359375,cf_median,Apple_rf_2030y_SOC
Jarvis Island,,,cf_median,Apple_rf_2030y_SOC
Jersey,,,cf_median,Apple_rf_2030y_SOC
Johnston Atoll,,,cf_median,Apple_rf_2030y_SOC
Jordan,Jordan,27.464313507080078,cf_median,Apple_rf_2030y_SOC
Juan de Nova Island,,,cf_median,Apple_rf_2030y_SOC
Kazakhstan,,,cf_median,Apple_rf_2030y_SOC
Kenya,Kenya,24.710227966308594,cf_median,Apple_rf_2030y_SOC
Kingman Reef,,,cf_median,Apple_rf_2030y_SOC
Kiribati,,,cf_median,Apple_rf_2030y_SOC
Kuril islands,,,cf_median,Apple_rf_2030y_SOC
Kuwait,,,cf_median,Apple_rf_2030y_SOC
Kyrgyzstan,,,cf_median,Apple_rf_2030y_SOC
Lao People's Democratic Republic,Lao People's Democratic Republic,41.885372161865234,cf_median,Apple_rf_2030y_SOC
Latvia,,,cf_median,Apple_rf_2030y_SOC
Lebanon,Lebanon,38.78487014770508,cf_median,Apple_rf_2030y_SOC
Lesotho,Lesotho,40.51265335083008,cf_median,Apple_rf_2030y_SOC
Liberia,,,cf_median,Apple_rf_2030y_SOC
Libya,Libya,27.02199363708496,cf_median,Apple_rf_2030y_SOC
Liechtenstein,,,cf_median,Apple_rf_2030y_SOC
Lithuania,,,cf_median,Apple_rf_2030y_SOC
Luxembourg,,,cf_median,Apple_rf_2030y_SOC
Ma'tan al-Sarra,,,cf_median,Apple_rf_2030y_SOC
Macau,,,cf_median,Apple_rf_2030y_SOC
Madagascar,Madagascar,31.36199378967285,cf_median,Apple_rf_2030y_SOC
Madeira Islands,,,cf_median,Apple_rf_2030y_SOC
Malawi,,,cf_median,Apple_rf_2030y_SOC
Malaysia,,,cf_median,Apple_rf_2030y_SOC
Maldives,,,cf_median,Apple_rf_2030y_SOC
Mali,,,cf_median,Apple_rf_2030y_SOC
Malta,,,cf_median,Apple_rf_2030y_SOC
Marshall Islands,,,cf_median,Apple_rf_2030y_SOC
Martinique,,,cf_median,Apple_rf_2030y_SOC
Mauritania,,,cf_median,Apple_rf_2030y_SOC
Mauritius,,,cf_median,Apple_rf_2030y_SOC
Mayotte,,,cf_median,Apple_rf_2030y_SOC
Mexico,Mexico,31.982017517089844,cf_median,Apple_rf_2030y_SOC
Micronesia (Federated States of),,,cf_median,Apple_rf_2030y_SOC
Midway Island,,,cf_median,Apple_rf_2030y_SOC
"Moldova, Republic of",,,cf_median,Apple_rf_2030y_SOC
Monaco,,,cf_median,Apple_rf_2030y_SOC
Mongolia,,,cf_median,Apple_rf_2030y_SOC
Montenegro,Montenegro,56.58211135864258,cf_median,Apple_rf_2030y_SOC
Montserrat,,,cf_median,Apple_rf_2030y_SOC
Morocco,Morocco,28.18840789794922,cf_median,Apple_rf_2030y_SOC
Mozambique,Mozambique,27.71414566040039,cf_median,Apple_rf_2030y_SOC
Myanmar,Myanmar,44.093017578125,cf_median,Apple_rf_2030y_SOC
Namibia,,,cf_median,Apple_rf_2030y_SOC
Nauru,,,cf_median,Apple_rf_2030y_SOC
Navassa Island,,,cf_median,Apple_rf_2030y_SOC
Nepal,Nepal,36.50242614746094,cf_median,Apple_rf_2030y_SOC
Netherlands,,,cf_median,Apple_rf_2030y_SOC
Netherlands Antilles,,,cf_median,Apple_rf_2030y_SOC
New Caledonia,,,cf_median,Apple_rf_2030y_SOC
New Zealand,New Zealand,90.71588897705078,cf_median,Apple_rf_2030y_SOC
Nicaragua,Nicaragua,40.251068115234375,cf_median,Apple_rf_2030y_SOC
Niger,,,cf_median,Apple_rf_2030y_SOC
Nigeria,,,cf_median,Apple_rf_2030y_SOC
Niue,,,cf_median,Apple_rf_2030y_SOC
Norfolk Island,,,cf_median,Apple_rf_2030y_SOC
Northern Mariana Islands,,,cf_median,Apple_rf_2030y_SOC
Norway,,,cf_median,Apple_rf_2030y_SOC
Oman,,,cf_median,Apple_rf_2030y_SOC
Pakistan,Pakistan,26.62433624267578,cf_median,Apple_rf_2030y_SOC
Palau,,,cf_median,Apple_rf_2030y_SOC
Palmyra Atoll,,,cf_median,Apple_rf_2030y_SOC
Panama,Panama,38.08572769165039,cf_median,Apple_rf_2030y_SOC
Papua New Guinea,,,cf_median,Apple_rf_2030y_SOC
Paracel Islands,,,cf_median,Apple_rf_2030y_SOC
Paraguay,Paraguay,27.353580474853516,cf_median,Apple_rf_2030y_SOC
Peru,Peru,34.75597381591797,cf_median,Apple_rf_2030y_SOC
Philippines,,,cf_median,Apple_rf_2030y_SOC
Pitcairn,,,cf_median,Apple_rf_2030y_SOC
Poland,,,cf_median,Apple_rf_2030y_SOC
Portugal,Portugal,36.88998794555664,cf_median,Apple_rf_2030y_SOC
Puerto Rico,,,cf_median,Apple_rf_2030y_SOC
Qatar,,,cf_median,Apple_rf_2030y_SOC
Republic of Korea,,,cf_median,Apple_rf_2030y_SOC
Romania,,,cf_median,Apple_rf_2030y_SOC
Russian Federation,Russian Federation,88.68675994873047,cf_median,Apple_rf_2030y_SOC
Rwanda,,,cf_median,Apple_rf_2030y_SOC
Réunion,,,cf_median,Apple_rf_2030y_SOC
Saint Helena,,,cf_median,Apple_rf_2030y_SOC
Saint Kitts and Nevis,,,cf_median,Apple_rf_2030y_SOC
Saint Lucia,,,cf_median,Apple_rf_2030y_SOC
Saint Pierre et Miquelon,,,cf_median,Apple_rf_2030y_SOC
Saint Vincent and the Grenadines,,,cf_median,Apple_rf_2030y_SOC
Samoa,,,cf_median,Apple_rf_2030y_SOC
San Marino,San Marino,38.828910827636726,cf_median,Apple_rf_2030y_SOC
Sao Tome and Principe,,,cf_median,Apple_rf_2030y_SOC
Saudi Arabia,,,cf_median,Apple_rf_2030y_SOC
Scarborough Reef,,,cf_median,Apple_rf_2030y_SOC
Senegal,,,cf_median,Apple_rf_2030y_SOC
Senkaku Islands,,,cf_median,Apple_rf_2030y_SOC
Serbia,Serbia,73.15278625488278,cf_median,Apple_rf_2030y_SOC
Seychelles,,,cf_median,Apple_rf_2030y_SOC
Sierra Leone,,,cf_median,Apple_rf_2030y_SOC
Singapore,,,cf_median,Apple_rf_2030y_SOC
Slovakia,,,cf_median,Apple_rf_2030y_SOC
Slovenia,,,cf_median,Apple_rf_2030y_SOC
Solomon Islands,,,cf_median,Apple_rf_2030y_SOC
Somalia,Somalia,26.12558937072754,cf_median,Apple_rf_2030y_SOC
South Africa,South Africa,28.585451126098633,cf_median,Apple_rf_2030y_SOC
South Georgia and the South Sandwich Islands,,,cf_median,Apple_rf_2030y_SOC
South Sudan,South Sudan,33.32855987548828,cf_median,Apple_rf_2030y_SOC
Spain,Spain,33.16557693481445,cf_median,Apple_rf_2030y_SOC
Spratly Islands,,,cf_median,Apple_rf_2030y_SOC
Sri Lanka,,,cf_median,Apple_rf_2030y_SOC
Sudan,,,cf_median,Apple_rf_2030y_SOC
Suriname,Suriname,34.46315383911133,cf_median,Apple_rf_2030y_SOC
Svalbard and Jan Mayen Islands,,,cf_median,Apple_rf_2030y_SOC
Swaziland,Swaziland,36.07384490966797,cf_median,Apple_rf_2030y_SOC
Sweden,,,cf_median,Apple_rf_2030y_SOC
Switzerland,Switzerland,79.42180633544922,cf_median,Apple_rf_2030y_SOC
Syrian Arab Republic,Syrian Arab Republic,23.63853645324707,cf_median,Apple_rf_2030y_SOC
Taiwan,,,cf_median,Apple_rf_2030y_SOC
Tajikistan,,,cf_median,Apple_rf_2030y_SOC
Thailand,,,cf_median,Apple_rf_2030y_SOC
The former Yugoslav Republic of Macedonia,The former Yugoslav Republic of Macedonia,54.16941833496094,cf_median,Apple_rf_2030y_SOC
Timor-Leste,,,cf_median,Apple_rf_2030y_SOC
Togo,,,cf_median,Apple_rf_2030y_SOC
Tokelau,,,cf_median,Apple_rf_2030y_SOC
Tonga,,,cf_median,Apple_rf_2030y_SOC
Trinidad and Tobago,,,cf_median,Apple_rf_2030y_SOC
Tromelin Island,,,cf_median,Apple_rf_2030y_SOC
Tunisia,Tunisia,26.636083602905273,cf_median,Apple_rf_2030y_SOC
Turkey,,,cf_median,Apple_rf_2030y_SOC
Turkmenistan,,,cf_median,Apple_rf_2030y_SOC
Turks and Caicos islands,,,cf_median,Apple_rf_2030y_SOC
Tuvalu,,,cf_median,Apple_rf_2030y_SOC
U.K. of Great Britain and Northern Ireland,,,cf_median,Apple_rf_2030y_SOC
Uganda,Uganda,34.678810119628906,cf_median,Apple_rf_2030y_SOC
Ukraine,,,cf_median,Apple_rf_2030y_SOC
United Arab Emirates,,,cf_median,Apple_rf_2030y_SOC
United Republic of Tanzania,United Republic of Tanzania,31.01119613647461,cf_median,Apple_rf_2030y_SOC
United States Virgin Islands,,,cf_median,Apple_rf_2030y_SOC
United States of America,United States of America,33.22676086425781,cf_median,Apple_rf_2030y_SOC
Uruguay,Uruguay,44.05906295776367,cf_median,Apple_rf_2030y_SOC
Uzbekistan,,,cf_median,Apple_rf_2030y_SOC
Vanuatu,,,cf_median,Apple_rf_2030y_SOC
Venezuela,Venezuela,34.51668167114258,cf_median,Apple_rf_2030y_SOC
Viet Nam,Viet Nam,37.29319763183594,cf_median,Apple_rf_2030y_SOC
Wake Island,,,cf_median,Apple_rf_2030y_SOC
Wallis and Futuna,,,cf_median,Apple_rf_2030y_SOC
West Bank,,,cf_median,Apple_rf_2030y_SOC
Western Sahara,,,cf_median,Apple_rf_2030y_SOC
Yemen,,,cf_median,Apple_rf_2030y_SOC
Zambia,Zambia,24.483455657958984,cf_median,Apple_rf_2030y_SOC
Zimbabwe,Zimbabwe,25.942108154296875,cf_median,Apple_rf_2030y_SOC
Abyei,,,cf_std,Apple_rf_2030y_SOC
Afghanistan,Afghanistan,11.606338029656385,cf_std,Apple_rf_2030y_SOC
Aksai Chin,,,cf_std,Apple_rf_2030y_SOC
Albania,Albania,5.407603709883333,cf_std,Apple_rf_2030y_SOC
Algeria,Algeria,9.710528479197041,cf_std,Apple_rf_2030y_SOC
American Samoa,,,cf_std,Apple_rf_2030y_SOC
Andorra,Andorra,4.4517122817799315,cf_std,Apple_rf_2030y_SOC
Angola,,,cf_std,Apple_rf_2030y_SOC
Anguilla,,,cf_std,Apple_rf_2030y_SOC
Antarctica,,,cf_std,Apple_rf_2030y_SOC
Antigua and Barbuda,,,cf_std,Apple_rf_2030y_SOC
Argentina,Argentina,10.252646286550405,cf_std,Apple_rf_2030y_SOC
Armenia,,,cf_std,Apple_rf_2030y_SOC
Aruba,,,cf_std,Apple_rf_2030y_SOC
Arunachal Pradesh,Arunachal Pradesh,8.848762048125936,cf_std,Apple_rf_2030y_SOC
Ashmore and Cartier Islands,,,cf_std,Apple_rf_2030y_SOC
Australia,Australia,14.282771842292908,cf_std,Apple_rf_2030y_SOC
Austria,,,cf_std,Apple_rf_2030y_SOC
Azerbaijan,,,cf_std,Apple_rf_2030y_SOC
Azores Islands,,,cf_std,Apple_rf_2030y_SOC
Bahamas,,,cf_std,Apple_rf_2030y_SOC
Bahrain,,,cf_std,Apple_rf_2030y_SOC
Baker Island,,,cf_std,Apple_rf_2030y_SOC
Bangladesh,Bangladesh,5.207975614202734,cf_std,Apple_rf_2030y_SOC
Barbados,,,cf_std,Apple_rf_2030y_SOC
Bassas da India,,,cf_std,Apple_rf_2030y_SOC
Belarus,,,cf_std,Apple_rf_2030y_SOC
Belgium,Belgium,8.722093489357619,cf_std,Apple_rf_2030y_SOC
Belize,Belize,4.735205612735948,cf_std,Apple_rf_2030y_SOC
Benin,,,cf_std,Apple_rf_2030y_SOC
Bermuda,,,cf_std,Apple_rf_2030y_SOC
Bhutan,Bhutan,6.776154262317677,cf_std,Apple_rf_2030y_SOC
Bird Island,,,cf_std,Apple_rf_2030y_SOC
Bolivia,Bolivia,3.6733689951773743,cf_std,Apple_rf_2030y_SOC
Bosnia and Herzegovina,Bosnia and Herzegovina,11.44898071014006,cf_std,Apple_rf_2030y_SOC
Botswana,Botswana,3.3377682819357495,cf_std,Apple_rf_2030y_SOC
Bouvet Island,,,cf_std,Apple_rf_2030y_SOC
Brazil,Brazil,7.016093686053192,cf_std,Apple_rf_2030y_SOC
British Indian Ocean Territory,,,cf_std,Apple_rf_2030y_SOC
British Virgin Islands,,,cf_std,Apple_rf_2030y_SOC
Brunei Darussalam,,,cf_std,Apple_rf_2030y_SOC
Bulgaria,,,cf_std,Apple_rf_2030y_SOC
Burkina Faso,,,cf_std,Apple_rf_2030y_SOC
Burundi,,,cf_std,Apple_rf_2030y_SOC
Cambodia,,,cf_std,Apple_rf_2030y_SOC
Cameroon,,,cf_std,Apple_rf_2030y_SOC
Canada,,,cf_std,Apple_rf_2030y_SOC
Cape Verde,,,cf_std,Apple_rf_2030y_SOC
Cayman Islands,,,cf_std,Apple_rf_2030y_SOC
Central African Republic,,,cf_std,Apple_rf_2030y_SOC
Chad,,,cf_std,Apple_rf_2030y_SOC
Chile,Chile,21.0797812600731,cf_std,Apple_rf_2030y_SOC
China,China,17.536661739388798,cf_std,Apple_rf_2030y_SOC
China/India,China/India,0.40079980550972033,cf_std,Apple_rf_2030y_SOC
Christmas Island,,,cf_std,Apple_rf_2030y_SOC
Clipperton Island,,,cf_std,Apple_rf_2030y_SOC
Cocos (Keeling) Islands,,,cf_std,Apple_rf_2030y_SOC
Colombia,Colombia,16.410670756488464,cf_std,Apple_rf_2030y_SOC
Comoros,,,cf_std,Apple_rf_2030y_SOC
Congo,,,cf_std,Apple_rf_2030y_SOC
Cook Islands,,,cf_std,Apple_rf_2030y_SOC
Costa Rica,,,cf_std,Apple_rf_2030y_SOC
Croatia,Croatia,11.629741770150822,cf_std,Apple_rf_2030y_SOC
Cuba,,,cf_std,Apple_rf_2030y_SOC
Cyprus,Cyprus,5.157634820490953,cf_std,Apple_rf_2030y_SOC
Czech Republic,,,cf_std,Apple_rf_2030y_SOC
Côte d'Ivoire,,,cf_std,Apple_rf_2030y_SOC
Dem People's Rep of Korea,,,cf_std,Apple_rf_2030y_SOC
Democratic Republic of the Congo,,,cf_std,Apple_rf_2030y_SOC
Denmark,,,cf_std,Apple_rf_2030y_SOC
Djibouti,,,cf_std,Apple_rf_2030y_SOC
Dominica,,,cf_std,Apple_rf_2030y_SOC
Dominican Republic,,,cf_std,Apple_rf_2030y_SOC
Ecuador,Ecuador,13.516732882754052,cf_std,Apple_rf_2030y_SOC
Egypt,Egypt,1.0947857239765464,cf_std,Apple_rf_2030y_SOC
El Salvador,El Salvador,4.141923054275752,cf_std,Apple_rf_2030y_SOC
Equatorial Guinea,,,cf_std,Apple_rf_2030y_SOC
Eritrea,,,cf_std,Apple_rf_2030y_SOC
Estonia,,,cf_std,Apple_rf_2030y_SOC
Ethiopia,Ethiopia,5.58961384106994,cf_std,Apple_rf_2030y_SOC
Europa Island,,,cf_std,Apple_rf_2030y_SOC
Falkland Islands (Malvinas),,,cf_std,Apple_rf_2030y_SOC
Faroe Islands,,,cf_std,Apple_rf_2030y_SOC
Fiji,,,cf_std,Apple_rf_2030y_SOC
Finland,,,cf_std,Apple_rf_2030y_SOC
France,France,12.077366045191544,cf_std,Apple_rf_2030y_SOC
French Guiana,French Guiana,4.450652387822001,cf_std,Apple_rf_2030y_SOC
French Polynesia,,,cf_std,Apple_rf_2030y_SOC
French Southern and Antarctic Territories,,,cf_std,Apple_rf_2030y_SOC
Gabon,,,cf_std,Apple_rf_2030y_SOC
Gambia,,,cf_std,Apple_rf_2030y_SOC
Gaza Strip,Gaza Strip,0.0,cf_std,Apple_rf_2030y_SOC
Georgia,Georgia,6.229302332053944,cf_std,Apple_rf_2030y_SOC
Germany,Germany,5.3424147393706605,cf_std,Apple_rf_2030y_SOC
Ghana,,,cf_std,Apple_rf_2030y_SOC
Gibraltar,,,cf_std,Apple_rf_2030y_SOC
Glorioso Island,,,cf_std,Apple_rf_2030y_SOC
Greece,Greece,10.417955217651942,cf_std,Apple_rf_2030y_SOC
Greenland,,,cf_std,Apple_rf_2030y_SOC
Grenada,,,cf_std,Apple_rf_2030y_SOC
Guadeloupe,,,cf_std,Apple_rf_2030y_SOC
Guam,,,cf_std,Apple_rf_2030y_SOC
Guatemala,Guatemala,6.759907686692622,cf_std,Apple_rf_2030y_SOC
Guernsey,,,cf_std,Apple_rf_2030y_SOC
Guinea,,,cf_std,Apple_rf_2030y_SOC
Guinea-Bissau,,,cf_std,Apple_rf_2030y_SOC
Guyana,Guyana,5.392048333062085,cf_std,Apple_rf_2030y_SOC
Haiti,,,cf_std,Apple_rf_2030y_SOC
Hala'ib triangle,,,cf_std,Apple_rf_2030y_SOC
Heard Island and McDonald Islands,,,cf_std,Apple_rf_2030y_SOC
Holy See,,,cf_std,Apple_rf_2030y_SOC
Honduras,Honduras,7.539550445978445,cf_std,Apple_rf_2030y_SOC
Hong Kong,Hong Kong,0.0,cf_std,Apple_rf_2030y_SOC
Howland Island,,,cf_std,Apple_rf_2030y_SOC
Hungary,,,cf_std,Apple_rf_2030y_SOC
Iceland,,,cf_std,Apple_rf_2030y_SOC
Ilemi triangle,,,cf_std,Apple_rf_2030y_SOC
India,India,8.200167102560382,cf_std,Apple_rf_2030y_SOC
Indonesia,,,cf_std,Apple_rf_2030y_SOC
Iran  (Islamic Republic of),,,cf_std,Apple_rf_2030y_SOC
Iraq,Iraq,5.1266611277174565,cf_std,Apple_rf_2030y_SOC
Ireland,,,cf_std,Apple_rf_2030y_SOC
Isle of Man,,,cf_std,Apple_rf_2030y_SOC
Israel,Israel,10.053021292347994,cf_std,Apple_rf_2030y_SOC
Italy,Italy,12.55584918632173,cf_std,Apple_rf_2030y_SOC
Jamaica,,,cf_std,Apple_rf_2030y_SOC
Jammu and Kashmir,Jammu and Kashmir,3.486568342550558,cf_std,Apple_rf_2030y_SOC
Japan,Japan,16.412440395783726,cf_std,Apple_rf_2030y_SOC
Jarvis Island,,,cf_std,Apple_rf_2030y_SOC
Jersey,,,cf_std,Apple_rf_2030y_SOC
Johnston Atoll,,,cf_std,Apple_rf_2030y_SOC
Jordan,Jordan,4.760174545591873,cf_std,Apple_rf_2030y_SOC
Juan de Nova Island,,,cf_std,Apple_rf_2030y_SOC
Kazakhstan,,,cf_std,Apple_rf_2030y_SOC
Kenya,Kenya,9.151067150308556,cf_std,Apple_rf_2030y_SOC
Kingman Reef,,,cf_std,Apple_rf_2030y_SOC
Kiribati,,,cf_std,Apple_rf_2030y_SOC
Kuril islands,,,cf_std,Apple_rf_2030y_SOC
Kuwait,,,cf_std,Apple_rf_2030y_SOC
Kyrgyzstan,,,cf_std,Apple_rf_2030y_SOC
Lao People's Democratic Republic,Lao People's Democratic Republic,1.4808472166051863,cf_std,Apple_rf_2030y_SOC
Latvia,,,cf_std,Apple_rf_2030y_SOC
Lebanon,Lebanon,10.464659811468044,cf_std,Apple_rf_2030y_SOC
Lesotho,Lesotho,11.408548753927843,cf_std,Apple_rf_2030y_SOC
Liberia,,,cf_std,Apple_rf_2030y_SOC
Libya,Libya,10.232306789245234,cf_std,Apple_rf_2030y_SOC
Liechtenstein,,,cf_std,Apple_rf_2030y_SOC
Lithuania,,,cf_std,Apple_rf_2030y_SOC
Luxembourg,,,cf_std,Apple_rf_2030y_SOC
Ma'tan al-Sarra,,,cf_std,Apple_rf_2030y_SOC
Macau,,,cf_std,Apple_rf_2030y_SOC
Madagascar,Madagascar,10.123363289239666,cf_std,Apple_rf_2030y_SOC
Madeira Islands,,,cf_std,Apple_rf_2030y_SOC
Malawi,,,cf_std,Apple_rf_2030y_SOC
Malaysia,,,cf_std,Apple_rf_2030y_SOC
Maldives,,,cf_std,Apple_rf_2030y_SOC
Mali,,,cf_std,Apple_rf_2030y_SOC
Malta,,,cf_std,Apple_rf_2030y_SOC
Marshall Islands,,,cf_std,Apple_rf_2030y_SOC
Martinique,,,cf_std,Apple_rf_2030y_SOC
Mauritania,,,cf_std,Apple_rf_2030y_SOC
Mauritius,,,cf_std,Apple_rf_2030y_SOC
Mayotte,,,cf_std,Apple_rf_2030y_SOC
Mexico,Mexico,10.328598348399316,cf_std,Apple_rf_2030y_SOC
Micronesia (Federated States of),,,cf_std,Apple_rf_2030y_SOC
Midway Island,,,cf_std,Apple_rf_2030y_SOC
"Moldova, Republic of",,,cf_std,Apple_rf_2030y_SOC
Monaco,,,cf_std,Apple_rf_2030y_SOC
Mongolia,,,cf_std,Apple_rf_2030y_SOC
Montenegro,Montenegro,6.252941596136961,cf_std,Apple_rf_2030y_SOC
Montserrat,,,cf_std,Apple_rf_2030y_SOC
Morocco,Morocco,8.203914331078138,cf_std,Apple_rf_2030y_SOC
Mozambique,Mozambique,5.412996687639041,cf_std,Apple_rf_2030y_SOC
Myanmar,Myanmar,9.200177526737615,cf_std,Apple_rf_2030y_SOC
Namibia,,,cf_std,Apple_rf_2030y_SOC
Nauru,,,cf_std,Apple_rf_2030y_SOC
Navassa Island,,,cf_std,Apple_rf_2030y_SOC
Nepal,Nepal,10.75685260717102,cf_std,Apple_rf_2030y_SOC
Netherlands,,,cf_std,Apple_rf_2030y_SOC
Netherlands Antilles,,,cf_std,Apple_rf_2030y_SOC
New Caledonia,,,cf_std,Apple_rf_2030y_SOC
New Zealand,New Zealand,21.938238400759815,cf_std,Apple_rf_2030y_SOC
Nicaragua,Nicaragua,6.273089536540186,cf_std,Apple_rf_2030y_SOC
Niger,,,cf_std,Apple_rf_2030y_SOC
Nigeria,,,cf_std,Apple_rf_2030y_SOC
Niue,,,cf_std,Apple_rf_2030y_SOC
Norfolk Island,,,cf_std,Apple_rf_2030y_SOC
Northern Mariana Islands,,,cf_std,Apple_rf_2030y_SOC
Norway,,,cf_std,Apple_rf_2030y_SOC
Oman,,,cf_std,Apple_rf_2030y_SOC
Pakistan,Pakistan,13.536412479040784,cf_std,Apple_rf_2030y_SOC
Palau,,,cf_std,Apple_rf_2030y_SOC
Palmyra Atoll,,,cf_std,Apple_rf_2030y_SOC
Panama,Panama,4.68552891952828,cf_std,Apple_rf_2030y_SOC
Papua New Guinea,,,cf_std,Apple_rf_2030y_SOC
Paracel Islands,,,cf_std,Apple_rf_2030y_SOC
Paraguay,Paraguay,3.772434810726846,cf_std,Apple_rf_2030y_SOC
Peru,Peru,13.178866683028435,cf_std,Apple_rf_2030y_SOC
Philippines,,,cf_std,Apple_rf_2030y_SOC
Pitcairn,,,cf_std,Apple_rf_2030y_SOC
Poland,,,cf_std,Apple_rf_2030y_SOC
Portugal,Portugal,8.459255233228598,cf_std,Apple_rf_2030y_SOC
Puerto Rico,,,cf_std,Apple_rf_2030y_SOC
Qatar,,,cf_std,Apple_rf_2030y_SOC
Republic of Korea,,,cf_std,Apple_rf_2030y_SOC
Romania,,,cf_std,Apple_rf_2030y_SOC
Russian Federation,Russian Federation,2.9013206676441974,cf_std,Apple_rf_2030y_SOC
Rwanda,,,cf_std,Apple_rf_2030y_SOC
Réunion,,,cf_std,Apple_rf_2030y_SOC
Saint Helena,,,cf_std,Apple_rf_2030y_SOC
Saint Kitts and Nevis,,,cf_std,Apple_rf_2030y_SOC
Saint Lucia,,,cf_std,Apple_rf_2030y_SOC
Saint Pierre et Miquelon,,,cf_std,Apple_rf_2030y_SOC
Saint Vincent and the Grenadines,,,cf_std,Apple_rf_2030y_SOC
Samoa,,,cf_std,Apple_rf_2030y_SOC
San Marino,San Marino,0.0,cf_std,Apple_rf_2030y_SOC
Sao Tome and Principe,,,cf_std,Apple_rf_2030y_SOC
Saudi Arabia,,,cf_std,Apple_rf_2030y_SOC
Scarborough Reef,,,cf_std,Apple_rf_2030y_SOC
Senegal,,,cf_std,Apple_rf_2030y_SOC
Senkaku Islands,,,cf_std,Apple_rf_2030y_SOC
Serbia,Serbia,0.0,cf_std,Apple_rf_2030y_SOC
Seychelles,,,cf_std,Apple_rf_2030y_SOC
Sierra Leone,,,cf_std,Apple_rf_2030y_SOC
Singapore,,,cf_std,Apple_rf_2030y_SOC
Slovakia,,,cf_std,Apple_rf_2030y_SOC
Slovenia,,,cf_std,Apple_rf_2030y_SOC
Solomon Islands,,,cf_std,Apple_rf_2030y_SOC
Somalia,Somalia,3.1991693570238957,cf_std,Apple_rf_2030y_SOC
South Africa,South Africa,7.8937381555307775,cf_std,Apple_rf_2030y_SOC
South Georgia and the South Sandwich Islands,,,cf_std,Apple_rf_2030y_SOC
South Sudan,South Sudan,0.892968220525866,cf_std,Apple_rf_2030y_SOC
Spain,Spain,15.323422331922684,cf_std,Apple_rf_2030y_SOC
Spratly Islands,,,cf_std,Apple_rf_2030y_SOC
Sri Lanka,,,cf_std,Apple_rf_2030y_SOC
Sudan,,,cf_std,Apple_rf_2030y_SOC
Suriname,Suriname,4.113316308005736,cf_std,Apple_rf_2030y_SOC
Svalbard and Jan Mayen Islands,,,cf_std,Apple_rf_2030y_SOC
Swaziland,Swaziland,6.304517266962624,cf_std,Apple_rf_2030y_SOC
Sweden,,,cf_std,Apple_rf_2030y_SOC
Switzerland,Switzerland,12.899598151289638,cf_std,Apple_rf_2030y_SOC
Syrian Arab Republic,Syrian Arab Republic,7.95771029684645,cf_std,Apple_rf_2030y_SOC
Taiwan,,,cf_std,Apple_rf_2030y_SOC
Tajikistan,,,cf_std,Apple_rf_2030y_SOC
Thailand,,,cf_std,Apple_rf_2030y_SOC
The former Yugoslav Republic of Macedonia,The former Yugoslav Republic of Macedonia,5.891028330789608,cf_std,Apple_rf_2030y_SOC
Timor-Leste,,,cf_std,Apple_rf_2030y_SOC
Togo,,,cf_std,Apple_rf_2030y_SOC
Tokelau,,,cf_std,Apple_rf_2030y_SOC
Tonga,,,cf_std,Apple_rf_2030y_SOC
Trinidad and Tobago,,,cf_std,Apple_rf_2030y_SOC
Tromelin Island,,,cf_std,Apple_rf_2030y_SOC
Tunisia,Tunisia,9.267656703009143,cf_std,Apple_rf_2030y_SOC
Turkey,,,cf_std,Apple_rf_2030y_SOC
Turkmenistan,,,cf_std,Apple_rf_2030y_SOC
Turks and Caicos islands,,,cf_std,Apple_rf_2030y_SOC
Tuvalu,,,cf_std,Apple_rf_2030y_SOC
U.K. of Great Britain and Northern Ireland,,,cf_std,Apple_rf_2030y_SOC
Uganda,Uganda,7.546682576989163,cf_std,Apple_rf_2030y_SOC
Ukraine,,,cf_std,Apple_rf_2030y_SOC
United Arab Emirates,,,cf_std,Apple_rf_2030y_SOC
United Republic of Tanzania,United Republic of Tanzania,7.816221642764108,cf_std,Apple_rf_2030y_SOC
United States Virgin Islands,,,cf_std,Apple_rf_2030y_SOC
United States of America,United States of America,12.721481595144784,cf_std,Apple_rf_2030y_SOC
Uruguay,Uruguay,7.712230901140634,cf_std,Apple_rf_2030y_SOC
Uzbekistan,,,cf_std,Apple_rf_2030y_SOC
Vanuatu,,,cf_std,Apple_rf_2030y_SOC
Venezuela,Venezuela,9.923796453797864,cf_std,Apple_rf_2030y_SOC
Viet Nam,Viet Nam,3.3384688571217125,cf_std,Apple_rf_2030y_SOC
Wake Island,,,cf_std,Apple_rf_2030y_SOC
Wallis and Futuna,,,cf_std,Apple_rf_2030y_SOC
West Bank,,,cf_std,Apple_rf_2030y_SOC
Western Sahara,,,cf_std,Apple_rf_2030y_SOC
Yemen,,,cf_std,Apple_rf_2030y_SOC
Zambia,Zambia,1.565045168014811,cf_std,Apple_rf_2030y_SOC
Zimbabwe,Zimbabwe,3.8238990501538606,cf_std,Apple_rf_2030y_SOC
Abyei,,,cf_mean,BRDC_Boreal dry_2030y_SOC
Afghanistan,,,cf_mean,BRDC_Boreal dry_2030y_SOC
Aksai Chin,,,cf_mean,BRDC_Boreal dry_2030y_SOC
Albania,,,cf_mean,BRDC_Boreal dry_2030y_SOC
Algeria,,,cf_mean,BRDC_Boreal dry_2030y_SOC
American Samoa,,,cf_mean,BRDC_Boreal dry_2030y_SOC
Andorra,,,cf_mean,BRDC_Boreal dry_2030y_SOC
Angola,,,cf_mean,BRDC_Boreal dry_2030y_SOC
Anguilla,,,cf_mean,BRDC_Boreal dry_2030y_SOC
Antarctica,,,cf_mean,BRDC_Boreal dry_2030y_SOC
Antigua and Barbuda,,,cf_mean,BRDC_Boreal dry_2030y_SOC
Argentina,Argentina,407.3961181640624,cf_mean,BRDC_Boreal dry_2030y_SOC
Armenia,,,cf_mean,BRDC_Boreal dry_2030y_SOC
Aruba,,,cf_mean,BRDC_Boreal dry_2030y_SOC
Arunachal Pradesh,,,cf_mean,BRDC_Boreal dry_2030y_SOC
Ashmore and Cartier Islands,,,cf_mean,BRDC_Boreal dry_2030y_SOC
Australia,,,cf_mean,BRDC_Boreal dry_2030y_SOC
Austria,,,cf_mean,BRDC_Boreal dry_2030y_SOC
Azerbaijan,,,cf_mean,BRDC_Boreal dry_2030y_SOC
Azores Islands,,,cf_mean,BRDC_Boreal dry_2030y_SOC
Bahamas,,,cf_mean,BRDC_Boreal dry_2030y_SOC
Bahrain,,,cf_mean,BRDC_Boreal dry_2030y_SOC
Baker Island,,,cf_mean,BRDC_Boreal dry_2030y_SOC
Bangladesh,,,cf_mean,BRDC_Boreal dry_2030y_SOC
Barbados,,,cf_mean,BRDC_Boreal dry_2030y_SOC
Bassas da India,,,cf_mean,BRDC_Boreal dry_2030y_SOC
Belarus,,,cf_mean,BRDC_Boreal dry_2030y_SOC
Belgium,,,cf_mean,BRDC_Boreal dry_2030y_SOC
Belize,,,cf_mean,BRDC_Boreal dry_2030y_SOC
Benin,,,cf_mean,BRDC_Boreal dry_2030y_SOC
Bermuda,,,cf_mean,BRDC_Boreal dry_2030y_SOC
Bhutan,,,cf_mean,BRDC_Boreal dry_2030y_SOC
Bird Island,,,cf_mean,BRDC_Boreal dry_2030y_SOC
Bolivia,,,cf_mean,BRDC_Boreal dry_2030y_SOC
Bosnia and Herzegovina,,,cf_mean,BRDC_Boreal dry_2030y_SOC
Botswana,,,cf_mean,BRDC_Boreal dry_2030y_SOC
Bouvet Island,,,cf_mean,BRDC_Boreal dry_2030y_SOC
Brazil,,,cf_mean,BRDC_Boreal dry_2030y_SOC
British Indian Ocean Territory,,,cf_mean,BRDC_Boreal dry_2030y_SOC
British Virgin Islands,,,cf_mean,BRDC_Boreal dry_2030y_SOC
Brunei Darussalam,,,cf_mean,BRDC_Boreal dry_2030y_SOC
Bulgaria,,,cf_mean,BRDC_Boreal dry_2030y_SOC
Burkina Faso,,,cf_mean,BRDC_Boreal dry_2030y_SOC
Burundi,,,cf_mean,BRDC_Boreal dry_2030y_SOC
Cambodia,,,cf_mean,BRDC_Boreal dry_2030y_SOC
Cameroon,,,cf_mean,BRDC_Boreal dry_2030y_SOC
Canada,Canada,342.8309494098445,cf_mean,BRDC_Boreal dry_2030y_SOC
Cape Verde,,,cf_mean,BRDC_Boreal dry_2030y_SOC
Cayman Islands,,,cf_mean,BRDC_Boreal dry_2030y_SOC
Central African Republic,,,cf_mean,BRDC_Boreal dry_2030y_SOC
Chad,,,cf_mean,BRDC_Boreal dry_2030y_SOC
Chile,Chile,400.5910739507305,cf_mean,BRDC_Boreal dry_2030y_SOC
China,,,cf_mean,BRDC_Boreal dry_2030y_SOC
China/India,,,cf_mean,BRDC_Boreal dry_2030y_SOC
Christmas Island,,,cf_mean,BRDC_Boreal dry_2030y_SOC
Clipperton Island,,,cf_mean,BRDC_Boreal dry_2030y_SOC
Cocos (Keeling) Islands,,,cf_mean,BRDC_Boreal dry_2030y_SOC
Colombia,,,cf_mean,BRDC_Boreal dry_2030y_SOC
Comoros,,,cf_mean,BRDC_Boreal dry_2030y_SOC
Congo,,,cf_mean,BRDC_Boreal dry_2030y_SOC
Cook Islands,,,cf_mean,BRDC_Boreal dry_2030y_SOC
Costa Rica,,,cf_mean,BRDC_Boreal dry_2030y_SOC
Croatia,,,cf_mean,BRDC_Boreal dry_2030y_SOC
Cuba,,,cf_mean,BRDC_Boreal dry_2030y_SOC
Cyprus,,,cf_mean,BRDC_Boreal dry_2030y_SOC
Czech Republic,,,cf_mean,BRDC_Boreal dry_2030y_SOC
Côte d'Ivoire,,,cf_mean,BRDC_Boreal dry_2030y_SOC
Dem People's Rep of Korea,,,cf_mean,BRDC_Boreal dry_2030y_SOC
Democratic Republic of the Congo,,,cf_mean,BRDC_Boreal dry_2030y_SOC
Denmark,,,cf_mean,BRDC_Boreal dry_2030y_SOC
Djibouti,,,cf_mean,BRDC_Boreal dry_2030y_SOC
Dominica,,,cf_mean,BRDC_Boreal dry_2030y_SOC
Dominican Republic,,,cf_mean,BRDC_Boreal dry_2030y_SOC
Ecuador,,,cf_mean,BRDC_Boreal dry_2030y_SOC
Egypt,,,cf_mean,BRDC_Boreal dry_2030y_SOC
El Salvador,,,cf_mean,BRDC_Boreal dry_2030y_SOC
Equatorial Guinea,,,cf_mean,BRDC_Boreal dry_2030y_SOC
Eritrea,,,cf_mean,BRDC_Boreal dry_2030y_SOC
Estonia,,,cf_mean,BRDC_Boreal dry_2030y_SOC
Ethiopia,,,cf_mean,BRDC_Boreal dry_2030y_SOC
Europa Island,,,cf_mean,BRDC_Boreal dry_2030y_SOC
Falkland Islands (Malvinas),,,cf_mean,BRDC_Boreal dry_2030y_SOC
Faroe Islands,,,cf_mean,BRDC_Boreal dry_2030y_SOC
Fiji,,,cf_mean,BRDC_Boreal dry_2030y_SOC
Finland,Finland,358.9412397943958,cf_mean,BRDC_Boreal dry_2030y_SOC
France,,,cf_mean,BRDC_Boreal dry_2030y_SOC
French Guiana,,,cf_mean,BRDC_Boreal dry_2030y_SOC
French Polynesia,,,cf_mean,BRDC_Boreal dry_2030y_SOC
French Southern and Antarctic Territories,,,cf_mean,BRDC_Boreal dry_2030y_SOC
Gabon,,,cf_mean,BRDC_Boreal dry_2030y_SOC
Gambia,,,cf_mean,BRDC_Boreal dry_2030y_SOC
Gaza Strip,,,cf_mean,BRDC_Boreal dry_2030y_SOC
Georgia,,,cf_mean,BRDC_Boreal dry_2030y_SOC
Germany,,,cf_mean,BRDC_Boreal dry_2030y_SOC
Ghana,,,cf_mean,BRDC_Boreal dry_2030y_SOC
Gibraltar,,,cf_mean,BRDC_Boreal dry_2030y_SOC
Glorioso Island,,,cf_mean,BRDC_Boreal dry_2030y_SOC
Greece,,,cf_mean,BRDC_Boreal dry_2030y_SOC
Greenland,,,cf_mean,BRDC_Boreal dry_2030y_SOC
Grenada,,,cf_mean,BRDC_Boreal dry_2030y_SOC
Guadeloupe,,,cf_mean,BRDC_Boreal dry_2030y_SOC
Guam,,,cf_mean,BRDC_Boreal dry_2030y_SOC
Guatemala,,,cf_mean,BRDC_Boreal dry_2030y_SOC
Guernsey,,,cf_mean,BRDC_Boreal dry_2030y_SOC
Guinea,,,cf_mean,BRDC_Boreal dry_2030y_SOC
Guinea-Bissau,,,cf_mean,BRDC_Boreal dry_2030y_SOC
Guyana,,,cf_mean,BRDC_Boreal dry_2030y_SOC
Haiti,,,cf_mean,BRDC_Boreal dry_2030y_SOC
Hala'ib triangle,,,cf_mean,BRDC_Boreal dry_2030y_SOC
Heard Island and McDonald Islands,,,cf_mean,BRDC_Boreal dry_2030y_SOC
Holy See,,,cf_mean,BRDC_Boreal dry_2030y_SOC
Honduras,,,cf_mean,BRDC_Boreal dry_2030y_SOC
Hong Kong,,,cf_mean,BRDC_Boreal dry_2030y_SOC
Howland Island,,,cf_mean,BRDC_Boreal dry_2030y_SOC
Hungary,,,cf_mean,BRDC_Boreal dry_2030y_SOC
Iceland,Iceland,433.45041768554984,cf_mean,BRDC_Boreal dry_2030y_SOC
Ilemi triangle,,,cf_mean,BRDC_Boreal dry_2030y_SOC
India,,,cf_mean,BRDC_Boreal dry_2030y_SOC
Indonesia,,,cf_mean,BRDC_Boreal dry_2030y_SOC
Iran  (Islamic Republic of),,,cf_mean,BRDC_Boreal dry_2030y_SOC
Iraq,,,cf_mean,BRDC_Boreal dry_2030y_SOC
Ireland,,,cf_mean,BRDC_Boreal dry_2030y_SOC
Isle of Man,,,cf_mean,BRDC_Boreal dry_2030y_SOC
Israel,,,cf_mean,BRDC_Boreal dry_2030y_SOC
Italy,,,cf_mean,BRDC_Boreal dry_2030y_SOC
Jamaica,,,cf_mean,BRDC_Boreal dry_2030y_SOC
Jammu and Kashmir,,,cf_mean,BRDC_Boreal dry_2030y_SOC
Japan,,,cf_mean,BRDC_Boreal dry_2030y_SOC
Jarvis Island,,,cf_mean,BRDC_Boreal dry_2030y_SOC
Jersey,,,cf_mean,BRDC_Boreal dry_2030y_SOC
Johnston Atoll,,,cf_mean,BRDC_Boreal dry_2030y_SOC
Jordan,,,cf_mean,BRDC_Boreal dry_2030y_SOC
Juan de Nova Island,,,cf_mean,BRDC_Boreal dry_2030y_SOC
Kazakhstan,,,cf_mean,BRDC_Boreal dry_2030y_SOC
Kenya,,,cf_mean,BRDC_Boreal dry_2030y_SOC
Kingman Reef,,,cf_mean,BRDC_Boreal dry_2030y_SOC
Kiribati,,,cf_mean,BRDC_Boreal dry_2030y_SOC
Kuril islands,,,cf_mean,BRDC_Boreal dry_2030y_SOC
Kuwait,,,cf_mean,BRDC_Boreal dry_2030y_SOC
Kyrgyzstan,,,cf_mean,BRDC_Boreal dry_2030y_SOC
Lao People's Democratic Republic,,,cf_mean,BRDC_Boreal dry_2030y_SOC
Latvia,,,cf_mean,BRDC_Boreal dry_2030y_SOC
Lebanon,,,cf_mean,BRDC_Boreal dry_2030y_SOC
Lesotho,,,cf_mean,BRDC_Boreal dry_2030y_SOC
Liberia,,,cf_mean,BRDC_Boreal dry_2030y_SOC
Libya,,,cf_mean,BRDC_Boreal dry_2030y_SOC
Liechtenstein,,,cf_mean,BRDC_Boreal dry_2030y_SOC
Lithuania,,,cf_mean,BRDC_Boreal dry_2030y_SOC
Luxembourg,,,cf_mean,BRDC_Boreal dry_2030y_SOC
Ma'tan al-Sarra,,,cf_mean,BRDC_Boreal dry_2030y_SOC
Macau,,,cf_mean,BRDC_Boreal dry_2030y_SOC
Madagascar,,,cf_mean,BRDC_Boreal dry_2030y_SOC
Madeira Islands,,,cf_mean,BRDC_Boreal dry_2030y_SOC
Malawi,,,cf_mean,BRDC_Boreal dry_2030y_SOC
Malaysia,,,cf_mean,BRDC_Boreal dry_2030y_SOC
Maldives,,,cf_mean,BRDC_Boreal dry_2030y_SOC
Mali,,,cf_mean,BRDC_Boreal dry_2030y_SOC
Malta,,,cf_mean,BRDC_Boreal dry_2030y_SOC
Marshall Islands,,,cf_mean,BRDC_Boreal dry_2030y_SOC
Martinique,,,cf_mean,BRDC_Boreal dry_2030y_SOC
Mauritania,,,cf_mean,BRDC_Boreal dry_2030y_SOC
Mauritius,,,cf_mean,BRDC_Boreal dry_2030y_SOC
Mayotte,,,cf_mean,BRDC_Boreal dry_2030y_SOC
Mexico,,,cf_mean,BRDC_Boreal dry_2030y_SOC
Micronesia (Federated States of),,,cf_mean,BRDC_Boreal dry_2030y_SOC
Midway Island,,,cf_mean,BRDC_Boreal dry_2030y_SOC
"Moldova, Republic of",,,cf_mean,BRDC_Boreal dry_2030y_SOC
Monaco,,,cf_mean,BRDC_Boreal dry_2030y_SOC
Mongolia,,,cf_mean,BRDC_Boreal dry_2030y_SOC
Montenegro,,,cf_mean,BRDC_Boreal dry_2030y_SOC
Montserrat,,,cf_mean,BRDC_Boreal dry_2030y_SOC
Morocco,,,cf_mean,BRDC_Boreal dry_2030y_SOC
Mozambique,,,cf_mean,BRDC_Boreal dry_2030y_SOC
Myanmar,,,cf_mean,BRDC_Boreal dry_2030y_SOC
Namibia,,,cf_mean,BRDC_Boreal dry_2030y_SOC
Nauru,,,cf_mean,BRDC_Boreal dry_2030y_SOC
Navassa Island,,,cf_mean,BRDC_Boreal dry_2030y_SOC
Nepal,,,cf_mean,BRDC_Boreal dry_2030y_SOC
Netherlands,,,cf_mean,BRDC_Boreal dry_2030y_SOC
Netherlands Antilles,,,cf_mean,BRDC_Boreal dry_2030y_SOC
New Caledonia,,,cf_mean,BRDC_Boreal dry_2030y_SOC
New Zealand,,,cf_mean,BRDC_Boreal dry_2030y_SOC
Nicaragua,,,cf_mean,BRDC_Boreal dry_2030y_SOC
Niger,,,cf_mean,BRDC_Boreal dry_2030y_SOC
Nigeria,,,cf_mean,BRDC_Boreal dry_2030y_SOC
Niue,,,cf_mean,BRDC_Boreal dry_2030y_SOC
Norfolk Island,,,cf_mean,BRDC_Boreal dry_2030y_SOC
Northern Mariana Islands,,,cf_mean,BRDC_Boreal dry_2030y_SOC
Norway,Norway,357.2050435263798,cf_mean,BRDC_Boreal dry_2030y_SOC
Oman,,,cf_mean,BRDC_Boreal dry_2030y_SOC
Pakistan,,,cf_mean,BRDC_Boreal dry_2030y_SOC
Palau,,,cf_mean,BRDC_Boreal dry_2030y_SOC
Palmyra Atoll,,,cf_mean,BRDC_Boreal dry_2030y_SOC
Panama,,,cf_mean,BRDC_Boreal dry_2030y_SOC
Papua New Guinea,,,cf_mean,BRDC_Boreal dry_2030y_SOC
Paracel Islands,,,cf_mean,BRDC_Boreal dry_2030y_SOC
Paraguay,,,cf_mean,BRDC_Boreal dry_2030y_SOC
Peru,,,cf_mean,BRDC_Boreal dry_2030y_SOC
Philippines,,,cf_mean,BRDC_Boreal dry_2030y_SOC
Pitcairn,,,cf_mean,BRDC_Boreal dry_2030y_SOC
Poland,,,cf_mean,BRDC_Boreal dry_2030y_SOC
Portugal,,,cf_mean,BRDC_Boreal dry_2030y_SOC
Puerto Rico,,,cf_mean,BRDC_Boreal dry_2030y_SOC
Qatar,,,cf_mean,BRDC_Boreal dry_2030y_SOC
Republic of Korea,,,cf_mean,BRDC_Boreal dry_2030y_SOC
Romania,,,cf_mean,BRDC_Boreal dry_2030y_SOC
Russian Federation,Russian Federation,381.6546495324446,cf_mean,BRDC_Boreal dry_2030y_SOC
Rwanda,,,cf_mean,BRDC_Boreal dry_2030y_SOC
Réunion,,,cf_mean,BRDC_Boreal dry_2030y_SOC
Saint Helena,,,cf_mean,BRDC_Boreal dry_2030y_SOC
Saint Kitts and Nevis,,,cf_mean,BRDC_Boreal dry_2030y_SOC
Saint Lucia,,,cf_mean,BRDC_Boreal dry_2030y_SOC
Saint Pierre et Miquelon,,,cf_mean,BRDC_Boreal dry_2030y_SOC
Saint Vincent and the Grenadines,,,cf_mean,BRDC_Boreal dry_2030y_SOC
Samoa,,,cf_mean,BRDC_Boreal dry_2030y_SOC
San Marino,,,cf_mean,BRDC_Boreal dry_2030y_SOC
Sao Tome and Principe,,,cf_mean,BRDC_Boreal dry_2030y_SOC
Saudi Arabia,,,cf_mean,BRDC_Boreal dry_2030y_SOC
Scarborough Reef,,,cf_mean,BRDC_Boreal dry_2030y_SOC
Senegal,,,cf_mean,BRDC_Boreal dry_2030y_SOC
Senkaku Islands,,,cf_mean,BRDC_Boreal dry_2030y_SOC
Serbia,,,cf_mean,BRDC_Boreal dry_2030y_SOC
Seychelles,,,cf_mean,BRDC_Boreal dry_2030y_SOC
Sierra Leone,,,cf_mean,BRDC_Boreal dry_2030y_SOC
Singapore,,,cf_mean,BRDC_Boreal dry_2030y_SOC
Slovakia,,,cf_mean,BRDC_Boreal dry_2030y_SOC
Slovenia,,,cf_mean,BRDC_Boreal dry_2030y_SOC
Solomon Islands,,,cf_mean,BRDC_Boreal dry_2030y_SOC
Somalia,,,cf_mean,BRDC_Boreal dry_2030y_SOC
South Africa,,,cf_mean,BRDC_Boreal dry_2030y_SOC
South Georgia and the South Sandwich Islands,,,cf_mean,BRDC_Boreal dry_2030y_SOC
South Sudan,,,cf_mean,BRDC_Boreal dry_2030y_SOC
Spain,,,cf_mean,BRDC_Boreal dry_2030y_SOC
Spratly Islands,,,cf_mean,BRDC_Boreal dry_2030y_SOC
Sri Lanka,,,cf_mean,BRDC_Boreal dry_2030y_SOC
Sudan,,,cf_mean,BRDC_Boreal dry_2030y_SOC
Suriname,,,cf_mean,BRDC_Boreal dry_2030y_SOC
Svalbard and Jan Mayen Islands,,,cf_mean,BRDC_Boreal dry_2030y_SOC
Swaziland,,,cf_mean,BRDC_Boreal dry_2030y_SOC
Sweden,Sweden,366.4729601047912,cf_mean,BRDC_Boreal dry_2030y_SOC
Switzerland,,,cf_mean,BRDC_Boreal dry_2030y_SOC
Syrian Arab Republic,,,cf_mean,BRDC_Boreal dry_2030y_SOC
Taiwan,,,cf_mean,BRDC_Boreal dry_2030y_SOC
Tajikistan,,,cf_mean,BRDC_Boreal dry_2030y_SOC
Thailand,,,cf_mean,BRDC_Boreal dry_2030y_SOC
The former Yugoslav Republic of Macedonia,,,cf_mean,BRDC_Boreal dry_2030y_SOC
Timor-Leste,,,cf_mean,BRDC_Boreal dry_2030y_SOC
Togo,,,cf_mean,BRDC_Boreal dry_2030y_SOC
Tokelau,,,cf_mean,BRDC_Boreal dry_2030y_SOC
Tonga,,,cf_mean,BRDC_Boreal dry_2030y_SOC
Trinidad and Tobago,,,cf_mean,BRDC_Boreal dry_2030y_SOC
Tromelin Island,,,cf_mean,BRDC_Boreal dry_2030y_SOC
Tunisia,,,cf_mean,BRDC_Boreal dry_2030y_SOC
Turkey,,,cf_mean,BRDC_Boreal dry_2030y_SOC
Turkmenistan,,,cf_mean,BRDC_Boreal dry_2030y_SOC
Turks and Caicos islands,,,cf_mean,BRDC_Boreal dry_2030y_SOC
Tuvalu,,,cf_mean,BRDC_Boreal dry_2030y_SOC
U.K. of Great Britain and Northern Ireland,,,cf_mean,BRDC_Boreal dry_2030y_SOC
Uganda,,,cf_mean,BRDC_Boreal dry_2030y_SOC
Ukraine,,,cf_mean,BRDC_Boreal dry_2030y_SOC
United Arab Emirates,,,cf_mean,BRDC_Boreal dry_2030y_SOC
United Republic of Tanzania,,,cf_mean,BRDC_Boreal dry_2030y_SOC
United States Virgin Islands,,,cf_mean,BRDC_Boreal dry_2030y_SOC
United States of America,United States of America,196.20383804929375,cf_mean,BRDC_Boreal dry_2030y_SOC
Uruguay,,,cf_mean,BRDC_Boreal dry_2030y_SOC
Uzbekistan,,,cf_mean,BRDC_Boreal dry_2030y_SOC
Vanuatu,,,cf_mean,BRDC_Boreal dry_2030y_SOC
Venezuela,,,cf_mean,BRDC_Boreal dry_2030y_SOC
Viet Nam,,,cf_mean,BRDC_Boreal dry_2030y_SOC
Wake Island,,,cf_mean,BRDC_Boreal dry_2030y_SOC
Wallis and Futuna,,,cf_mean,BRDC_Boreal dry_2030y_SOC
West Bank,,,cf_mean,BRDC_Boreal dry_2030y_SOC
Western Sahara,,,cf_mean,BRDC_Boreal dry_2030y_SOC
Yemen,,,cf_mean,BRDC_Boreal dry_2030y_SOC
Zambia,,,cf_mean,BRDC_Boreal dry_2030y_SOC
Zimbabwe,,,cf_mean,BRDC_Boreal dry_2030y_SOC
Abyei,,,cf_median,BRDC_Boreal dry_2030y_SOC
Afghanistan,,,cf_median,BRDC_Boreal dry_2030y_SOC
Aksai Chin,,,cf_median,BRDC_Boreal dry_2030y_SOC
Albania,,,cf_median,BRDC_Boreal dry_2030y_SOC
Algeria,,,cf_median,BRDC_Boreal dry_2030y_SOC
American Samoa,,,cf_median,BRDC_Boreal dry_2030y_SOC
Andorra,,,cf_median,BRDC_Boreal dry_2030y_SOC
Angola,,,cf_median,BRDC_Boreal dry_2030y_SOC
Anguilla,,,cf_median,BRDC_Boreal dry_2030y_SOC
Antarctica,,,cf_median,BRDC_Boreal dry_2030y_SOC
Antigua and Barbuda,,,cf_median,BRDC_Boreal dry_2030y_SOC
Argentina,Argentina,407.3961181640624,cf_median,BRDC_Boreal dry_2030y_SOC
Armenia,,,cf_median,BRDC_Boreal dry_2030y_SOC
Aruba,,,cf_median,BRDC_Boreal dry_2030y_SOC
Arunachal Pradesh,,,cf_median,BRDC_Boreal dry_2030y_SOC
Ashmore and Cartier Islands,,,cf_median,BRDC_Boreal dry_2030y_SOC
Australia,,,cf_median,BRDC_Boreal dry_2030y_SOC
Austria,,,cf_median,BRDC_Boreal dry_2030y_SOC
Azerbaijan,,,cf_median,BRDC_Boreal dry_2030y_SOC
Azores Islands,,,cf_median,BRDC_Boreal dry_2030y_SOC
Bahamas,,,cf_median,BRDC_Boreal dry_2030y_SOC
Bahrain,,,cf_median,BRDC_Boreal dry_2030y_SOC
Baker Island,,,cf_median,BRDC_Boreal dry_2030y_SOC
Bangladesh,,,cf_median,BRDC_Boreal dry_2030y_SOC
Barbados,,,cf_median,BRDC_Boreal dry_2030y_SOC
Bassas da India,,,cf_median,BRDC_Boreal dry_2030y_SOC
Belarus,,,cf_median,BRDC_Boreal dry_2030y_SOC
Belgium,,,cf_median,BRDC_Boreal dry_2030y_SOC
Belize,,,cf_median,BRDC_Boreal dry_2030y_SOC
Benin,,,cf_median,BRDC_Boreal dry_2030y_SOC
Bermuda,,,cf_median,BRDC_Boreal dry_2030y_SOC
Bhutan,,,cf_median,BRDC_Boreal dry_2030y_SOC
Bird Island,,,cf_median,BRDC_Boreal dry_2030y_SOC
Bolivia,,,cf_median,BRDC_Boreal dry_2030y_SOC
Bosnia and Herzegovina,,,cf_median,BRDC_Boreal dry_2030y_SOC
Botswana,,,cf_median,BRDC_Boreal dry_2030y_SOC
Bouvet Island,,,cf_median,BRDC_Boreal dry_2030y_SOC
Brazil,,,cf_median,BRDC_Boreal dry_2030y_SOC
British Indian Ocean Territory,,,cf_median,BRDC_Boreal dry_2030y_SOC
British Virgin Islands,,,cf_median,BRDC_Boreal dry_2030y_SOC
Brunei Darussalam,,,cf_median,BRDC_Boreal dry_2030y_SOC
Bulgaria,,,cf_median,BRDC_Boreal dry_2030y_SOC
Burkina Faso,,,cf_median,BRDC_Boreal dry_2030y_SOC
Burundi,,,cf_median,BRDC_Boreal dry_2030y_SOC
Cambodia,,,cf_median,BRDC_Boreal dry_2030y_SOC
Cameroon,,,cf_median,BRDC_Boreal dry_2030y_SOC
Canada,Canada,343.8368225097656,cf_median,BRDC_Boreal dry_2030y_SOC
Cape Verde,,,cf_median,BRDC_Boreal dry_2030y_SOC
Cayman Islands,,,cf_median,BRDC_Boreal dry_2030y_SOC
Central African Republic,,,cf_median,BRDC_Boreal dry_2030y_SOC
Chad,,,cf_median,BRDC_Boreal dry_2030y_SOC
Chile,Chile,400.6835632324219,cf_median,BRDC_Boreal dry_2030y_SOC
China,,,cf_median,BRDC_Boreal dry_2030y_SOC
China/India,,,cf_median,BRDC_Boreal dry_2030y_SOC
Christmas Island,,,cf_median,BRDC_Boreal dry_2030y_SOC
Clipperton Island,,,cf_median,BRDC_Boreal dry_2030y_SOC
Cocos (Keeling) Islands,,,cf_median,BRDC_Boreal dry_2030y_SOC
Colombia,,,cf_median,BRDC_Boreal dry_2030y_SOC
Comoros,,,cf_median,BRDC_Boreal dry_2030y_SOC
Congo,,,cf_median,BRDC_Boreal dry_2030y_SOC
Cook Islands,,,cf_median,BRDC_Boreal dry_2030y_SOC
Costa Rica,,,cf_median,BRDC_Boreal dry_2030y_SOC
Croatia,,,cf_median,BRDC_Boreal dry_2030y_SOC
Cuba,,,cf_median,BRDC_Boreal dry_2030y_SOC
Cyprus,,,cf_median,BRDC_Boreal dry_2030y_SOC
Czech Republic,,,cf_median,BRDC_Boreal dry_2030y_SOC
Côte d'Ivoire,,,cf_median,BRDC_Boreal dry_2030y_SOC
Dem People's Rep of Korea,,,cf_median,BRDC_Boreal dry_2030y_SOC
Democratic Republic of the Congo,,,cf_median,BRDC_Boreal dry_2030y_SOC
Denmark,,,cf_median,BRDC_Boreal dry_2030y_SOC
Djibouti,,,cf_median,BRDC_Boreal dry_2030y_SOC
Dominica,,,cf_median,BRDC_Boreal dry_2030y_SOC
Dominican Republic,,,cf_median,BRDC_Boreal dry_2030y_SOC
Ecuador,,,cf_median,BRDC_Boreal dry_2030y_SOC
Egypt,,,cf_median,BRDC_Boreal dry_2030y_SOC
El Salvador,,,cf_median,BRDC_Boreal dry_2030y_SOC
Equatorial Guinea,,,cf_median,BRDC_Boreal dry_2030y_SOC
Eritrea,,,cf_median,BRDC_Boreal dry_2030y_SOC
Estonia,,,cf_median,BRDC_Boreal dry_2030y_SOC
Ethiopia,,,cf_median,BRDC_Boreal dry_2030y_SOC
Europa Island,,,cf_median,BRDC_Boreal dry_2030y_SOC
Falkland Islands (Malvinas),,,cf_median,BRDC_Boreal dry_2030y_SOC
Faroe Islands,,,cf_median,BRDC_Boreal dry_2030y_SOC
Fiji,,,cf_median,BRDC_Boreal dry_2030y_SOC
Finland,Finland,356.9190979003906,cf_median,BRDC_Boreal dry_2030y_SOC
France,,,cf_median,BRDC_Boreal dry_2030y_SOC
French Guiana,,,cf_median,BRDC_Boreal dry_2030y_SOC
French Polynesia,,,cf_median,BRDC_Boreal dry_2030y_SOC
French Southern and Antarctic Territories,,,cf_median,BRDC_Boreal dry_2030y_SOC
Gabon,,,cf_median,BRDC_Boreal dry_2030y_SOC
Gambia,,,cf_median,BRDC_Boreal dry_2030y_SOC
Gaza Strip,,,cf_median,BRDC_Boreal dry_2030y_SOC
Georgia,,,cf_median,BRDC_Boreal dry_2030y_SOC
Germany,,,cf_median,BRDC_Boreal dry_2030y_SOC
Ghana,,,cf_median,BRDC_Boreal dry_2030y_SOC
Gibraltar,,,cf_median,BRDC_Boreal dry_2030y_SOC
Glorioso Island,,,cf_median,BRDC_Boreal dry_2030y_SOC
Greece,,,cf_median,BRDC_Boreal dry_2030y_SOC
Greenland,,,cf_median,BRDC_Boreal dry_2030y_SOC
Grenada,,,cf_median,BRDC_Boreal dry_2030y_SOC
Guadeloupe,,,cf_median,BRDC_Boreal dry_2030y_SOC
Guam,,,cf_median,BRDC_Boreal dry_2030y_SOC
Guatemala,,,cf_median,BRDC_Boreal dry_2030y_SOC
Guernsey,,,cf_median,BRDC_Boreal dry_2030y_SOC
Guinea,,,cf_median,BRDC_Boreal dry_2030y_SOC
Guinea-Bissau,,,cf_median,BRDC_Boreal dry_2030y_SOC
Guyana,,,cf_median,BRDC_Boreal dry_2030y_SOC
Haiti,,,cf_median,BRDC_Boreal dry_2030y_SOC
Hala'ib triangle,,,cf_median,BRDC_Boreal dry_2030y_SOC
Heard Island and McDonald Islands,,,cf_median,BRDC_Boreal dry_2030y_SOC
Holy See,,,cf_median,BRDC_Boreal dry_2030y_SOC
Honduras,,,cf_median,BRDC_Boreal dry_2030y_SOC
Hong Kong,,,cf_median,BRDC_Boreal dry_2030y_SOC
Howland Island,,,cf_median,BRDC_Boreal dry_2030y_SOC
Hungary,,,cf_median,BRDC_Boreal dry_2030y_SOC
Iceland,Iceland,435.5965270996094,cf_median,BRDC_Boreal dry_2030y_SOC
Ilemi triangle,,,cf_median,BRDC_Boreal dry_2030y_SOC
India,,,cf_median,BRDC_Boreal dry_2030y_SOC
Indonesia,,,cf_median,BRDC_Boreal dry_2030y_SOC
Iran  (Islamic Republic of),,,cf_median,BRDC_Boreal dry_2030y_SOC
Iraq,,,cf_median,BRDC_Boreal dry_2030y_SOC
Ireland,,,cf_median,BRDC_Boreal dry_2030y_SOC
Isle of Man,,,cf_median,BRDC_Boreal dry_2030y_SOC
Israel,,,cf_median,BRDC_Boreal dry_2030y_SOC
Italy,,,cf_median,BRDC_Boreal dry_2030y_SOC
Jamaica,,,cf_median,BRDC_Boreal dry_2030y_SOC
Jammu and Kashmir,,,cf_median,BRDC_Boreal dry_2030y_SOC
Japan,,,cf_median,BRDC_Boreal dry_2030y_SOC
Jarvis Island,,,cf_median,BRDC_Boreal dry_2030y_SOC
Jersey,,,cf_median,BRDC_Boreal dry_2030y_SOC
Johnston Atoll,,,cf_median,BRDC_Boreal dry_2030y_SOC
Jordan,,,cf_median,BRDC_Boreal dry_2030y_SOC
Juan de Nova Island,,,cf_median,BRDC_Boreal dry_2030y_SOC
Kazakhstan,,,cf_median,BRDC_Boreal dry_2030y_SOC
Kenya,,,cf_median,BRDC_Boreal dry_2030y_SOC
Kingman Reef,,,cf_median,BRDC_Boreal dry_2030y_SOC
Kiribati,,,cf_median,BRDC_Boreal dry_2030y_SOC
Kuril islands,,,cf_median,BRDC_Boreal dry_2030y_SOC
Kuwait,,,cf_median,BRDC_Boreal dry_2030y_SOC
Kyrgyzstan,,,cf_median,BRDC_Boreal dry_2030y_SOC
Lao People's Democratic Republic,,,cf_median,BRDC_Boreal dry_2030y_SOC
Latvia,,,cf_median,BRDC_Boreal dry_2030y_SOC
Lebanon,,,cf_median,BRDC_Boreal dry_2030y_SOC
Lesotho,,,cf_median,BRDC_Boreal dry_2030y_SOC
Liberia,,,cf_median,BRDC_Boreal dry_2030y_SOC
Libya,,,cf_median,BRDC_Boreal dry_2030y_SOC
Liechtenstein,,,cf_median,BRDC_Boreal dry_2030y_SOC
Lithuania,,,cf_median,BRDC_Boreal dry_2030y_SOC
Luxembourg,,,cf_median,BRDC_Boreal dry_2030y_SOC
Ma'tan al-Sarra,,,cf_median,BRDC_Boreal dry_2030y_SOC
Macau,,,cf_median,BRDC_Boreal dry_2030y_SOC
Madagascar,,,cf_median,BRDC_Boreal dry_2030y_SOC
Madeira Islands,,,cf_median,BRDC_Boreal dry_2030y_SOC
Malawi,,,cf_median,BRDC_Boreal dry_2030y_SOC
Malaysia,,,cf_median,BRDC_Boreal dry_2030y_SOC
Maldives,,,cf_median,BRDC_Boreal dry_2030y_SOC
Mali,,,cf_median,BRDC_Boreal dry_2030y_SOC
Malta,,,cf_median,BRDC_Boreal dry_2030y_SOC
Marshall Islands,,,cf_median,BRDC_Boreal dry_2030y_SOC
Martinique,,,cf_median,BRDC_Boreal dry_2030y_SOC
Mauritania,,,cf_median,BRDC_Boreal dry_2030y_SOC
Mauritius,,,cf_median,BRDC_Boreal dry_2030y_SOC
Mayotte,,,cf_median,BRDC_Boreal dry_2030y_SOC
Mexico,,,cf_median,BRDC_Boreal dry_2030y_SOC
Micronesia (Federated States of),,,cf_median,BRDC_Boreal dry_2030y_SOC
Midway Island,,,cf_median,BRDC_Boreal dry_2030y_SOC
"Moldova, Republic of",,,cf_median,BRDC_Boreal dry_2030y_SOC
Monaco,,,cf_median,BRDC_Boreal dry_2030y_SOC
Mongolia,,,cf_median,BRDC_Boreal dry_2030y_SOC
Montenegro,,,cf_median,BRDC_Boreal dry_2030y_SOC
Montserrat,,,cf_median,BRDC_Boreal dry_2030y_SOC
Morocco,,,cf_median,BRDC_Boreal dry_2030y_SOC
Mozambique,,,cf_median,BRDC_Boreal dry_2030y_SOC
Myanmar,,,cf_median,BRDC_Boreal dry_2030y_SOC
Namibia,,,cf_median,BRDC_Boreal dry_2030y_SOC
Nauru,,,cf_median,BRDC_Boreal dry_2030y_SOC
Navassa Island,,,cf_median,BRDC_Boreal dry_2030y_SOC
Nepal,,,cf_median,BRDC_Boreal dry_2030y_SOC
Netherlands,,,cf_median,BRDC_Boreal dry_2030y_SOC
Netherlands Antilles,,,cf_median,BRDC_Boreal dry_2030y_SOC
New Caledonia,,,cf_median,BRDC_Boreal dry_2030y_SOC
New Zealand,,,cf_median,BRDC_Boreal dry_2030y_SOC
Nicaragua,,,cf_median,BRDC_Boreal dry_2030y_SOC
Niger,,,cf_median,BRDC_Boreal dry_2030y_SOC
Nigeria,,,cf_median,BRDC_Boreal dry_2030y_SOC
Niue,,,cf_median,BRDC_Boreal dry_2030y_SOC
Norfolk Island,,,cf_median,BRDC_Boreal dry_2030y_SOC
Northern Mariana Islands,,,cf_median,BRDC_Boreal dry_2030y_SOC
Norway,Norway,348.5141906738281,cf_median,BRDC_Boreal dry_2030y_SOC
Oman,,,cf_median,BRDC_Boreal dry_2030y_SOC
Pakistan,,,cf_median,BRDC_Boreal dry_2030y_SOC
Palau,,,cf_median,BRDC_Boreal dry_2030y_SOC
Palmyra Atoll,,,cf_median,BRDC_Boreal dry_2030y_SOC
Panama,,,cf_median,BRDC_Boreal dry_2030y_SOC
Papua New Guinea,,,cf_median,BRDC_Boreal dry_2030y_SOC
Paracel Islands,,,cf_median,BRDC_Boreal dry_2030y_SOC
Paraguay,,,cf_median,BRDC_Boreal dry_2030y_SOC
Peru,,,cf_median,BRDC_Boreal dry_2030y_SOC
Philippines,,,cf_median,BRDC_Boreal dry_2030y_SOC
Pitcairn,,,cf_median,BRDC_Boreal dry_2030y_SOC
Poland,,,cf_median,BRDC_Boreal dry_2030y_SOC
Portugal,,,cf_median,BRDC_Boreal dry_2030y_SOC
Puerto Rico,,,cf_median,BRDC_Boreal dry_2030y_SOC
Qatar,,,cf_median,BRDC_Boreal dry_2030y_SOC
Republic of Korea,,,cf_median,BRDC_Boreal dry_2030y_SOC
Romania,,,cf_median,BRDC_Boreal dry_2030y_SOC
Russian Federation,Russian Federation,388.427978515625,cf_median,BRDC_Boreal dry_2030y_SOC
Rwanda,,,cf_median,BRDC_Boreal dry_2030y_SOC
Réunion,,,cf_median,BRDC_Boreal dry_2030y_SOC
Saint Helena,,,cf_median,BRDC_Boreal dry_2030y_SOC
Saint Kitts and Nevis,,,cf_median,BRDC_Boreal dry_2030y_SOC
Saint Lucia,,,cf_median,BRDC_Boreal dry_2030y_SOC
Saint Pierre et Miquelon,,,cf_median,BRDC_Boreal dry_2030y_SOC
Saint Vincent and the Grenadines,,,cf_median,BRDC_Boreal dry_2030y_SOC
Samoa,,,cf_median,BRDC_Boreal dry_2030y_SOC
San Marino,,,cf_median,BRDC_Boreal dry_2030y_SOC
Sao Tome and Principe,,,cf_median,BRDC_Boreal dry_2030y_SOC
Saudi Arabia,,,cf_median,BRDC_Boreal dry_2030y_SOC
Scarborough Reef,,,cf_median,BRDC_Boreal dry_2030y_SOC
Senegal,,,cf_median,BRDC_Boreal dry_2030y_SOC
Senkaku Islands,,,cf_median,BRDC_Boreal dry_2030y_SOC
Serbia,,,cf_median,BRDC_Boreal dry_2030y_SOC
Seychelles,,,cf_median,BRDC_Boreal dry_2030y_SOC
Sierra Leone,,,cf_median,BRDC_Boreal dry_2030y_SOC
Singapore,,,cf_median,BRDC_Boreal dry_2030y_SOC
Slovakia,,,cf_median,BRDC_Boreal dry_2030y_SOC
Slovenia,,,cf_median,BRDC_Boreal dry_2030y_SOC
Solomon Islands,,,cf_median,BRDC_Boreal dry_2030y_SOC
Somalia,,,cf_median,BRDC_Boreal dry_2030y_SOC
South Africa,,,cf_median,BRDC_Boreal dry_2030y_SOC
South Georgia and the South Sandwich Islands,,,cf_median,BRDC_Boreal dry_2030y_SOC
South Sudan,,,cf_median,BRDC_Boreal dry_2030y_SOC
Spain,,,cf_median,BRDC_Boreal dry_2030y_SOC
Spratly Islands,,,cf_median,BRDC_Boreal dry_2030y_SOC
Sri Lanka,,,cf_median,BRDC_Boreal dry_2030y_SOC
Sudan,,,cf_median,BRDC_Boreal dry_2030y_SOC
Suriname,,,cf_median,BRDC_Boreal dry_2030y_SOC
Svalbard and Jan Mayen Islands,,,cf_median,BRDC_Boreal dry_2030y_SOC
Swaziland,,,cf_median,BRDC_Boreal dry_2030y_SOC
Sweden,Sweden,362.7170104980469,cf_median,BRDC_Boreal dry_2030y_SOC
Switzerland,,,cf_median,BRDC_Boreal dry_2030y_SOC
Syrian Arab Republic,,,cf_median,BRDC_Boreal dry_2030y_SOC
Taiwan,,,cf_median,BRDC_Boreal dry_2030y_SOC
Tajikistan,,,cf_median,BRDC_Boreal dry_2030y_SOC
Thailand,,,cf_median,BRDC_Boreal dry_2030y_SOC
The former Yugoslav Republic of Macedonia,,,cf_median,BRDC_Boreal dry_2030y_SOC
Timor-Leste,,,cf_median,BRDC_Boreal dry_2030y_SOC
Togo,,,cf_median,BRDC_Boreal dry_2030y_SOC
Tokelau,,,cf_median,BRDC_Boreal dry_2030y_SOC
Tonga,,,cf_median,BRDC_Boreal dry_2030y_SOC
Trinidad and Tobago,,,cf_median,BRDC_Boreal dry_2030y_SOC
Tromelin Island,,,cf_median,BRDC_Boreal dry_2030y_SOC
Tunisia,,,cf_median,BRDC_Boreal dry_2030y_SOC
Turkey,,,cf_median,BRDC_Boreal dry_2030y_SOC
Turkmenistan,,,cf_median,BRDC_Boreal dry_2030y_SOC
Turks and Caicos islands,,,cf_median,BRDC_Boreal dry_2030y_SOC
Tuvalu,,,cf_median,BRDC_Boreal dry_2030y_SOC
U.K. of Great Britain and Northern Ireland,,,cf_median,BRDC_Boreal dry_2030y_SOC
Uganda,,,cf_median,BRDC_Boreal dry_2030y_SOC
Ukraine,,,cf_median,BRDC_Boreal dry_2030y_SOC
United Arab Emirates,,,cf_median,BRDC_Boreal dry_2030y_SOC
United Republic of Tanzania,,,cf_median,BRDC_Boreal dry_2030y_SOC
United States Virgin Islands,,,cf_median,BRDC_Boreal dry_2030y_SOC
United States of America,United States of America,192.58323669433594,cf_median,BRDC_Boreal dry_2030y_SOC
Uruguay,,,cf_median,BRDC_Boreal dry_2030y_SOC
Uzbekistan,,,cf_median,BRDC_Boreal dry_2030y_SOC
Vanuatu,,,cf_median,BRDC_Boreal dry_2030y_SOC
Venezuela,,,cf_median,BRDC_Boreal dry_2030y_SOC
Viet Nam,,,cf_median,BRDC_Boreal dry_2030y_SOC
Wake Island,,,cf_median,BRDC_Boreal dry_2030y_SOC
Wallis and Futuna,,,cf_median,BRDC_Boreal dry_2030y_SOC
West Bank,,,cf_median,BRDC_Boreal dry_2030y_SOC
Western Sahara,,,cf_median,BRDC_Boreal dry_2030y_SOC
Yemen,,,cf_median,BRDC_Boreal dry_2030y_SOC
Zambia,,,cf_median,BRDC_Boreal dry_2030y_SOC
Zimbabwe,,,cf_median,BRDC_Boreal dry_2030y_SOC
Abyei,,,cf_std,BRDC_Boreal dry_2030y_SOC
Afghanistan,,,cf_std,BRDC_Boreal dry_2030y_SOC
Aksai Chin,,,cf_std,BRDC_Boreal dry_2030y_SOC
Albania,,,cf_std,BRDC_Boreal dry_2030y_SOC
Algeria,,,cf_std,BRDC_Boreal dry_2030y_SOC
American Samoa,,,cf_std,BRDC_Boreal dry_2030y_SOC
Andorra,,,cf_std,BRDC_Boreal dry_2030y_SOC
Angola,,,cf_std,BRDC_Boreal dry_2030y_SOC
Anguilla,,,cf_std,BRDC_Boreal dry_2030y_SOC
Antarctica,,,cf_std,BRDC_Boreal dry_2030y_SOC
Antigua and Barbuda,,,cf_std,BRDC_Boreal dry_2030y_SOC
Argentina,Argentina,0.0,cf_std,BRDC_Boreal dry_2030y_SOC
Armenia,,,cf_std,BRDC_Boreal dry_2030y_SOC
Aruba,,,cf_std,BRDC_Boreal dry_2030y_SOC
Arunachal Pradesh,,,cf_std,BRDC_Boreal dry_2030y_SOC
Ashmore and Cartier Islands,,,cf_std,BRDC_Boreal dry_2030y_SOC
Australia,,,cf_std,BRDC_Boreal dry_2030y_SOC
Austria,,,cf_std,BRDC_Boreal dry_2030y_SOC
Azerbaijan,,,cf_std,BRDC_Boreal dry_2030y_SOC
Azores Islands,,,cf_std,BRDC_Boreal dry_2030y_SOC
Bahamas,,,cf_std,BRDC_Boreal dry_2030y_SOC
Bahrain,,,cf_std,BRDC_Boreal dry_2030y_SOC
Baker Island,,,cf_std,BRDC_Boreal dry_2030y_SOC
Bangladesh,,,cf_std,BRDC_Boreal dry_2030y_SOC
Barbados,,,cf_std,BRDC_Boreal dry_2030y_SOC
Bassas da India,,,cf_std,BRDC_Boreal dry_2030y_SOC
Belarus,,,cf_std,BRDC_Boreal dry_2030y_SOC
Belgium,,,cf_std,BRDC_Boreal dry_2030y_SOC
Belize,,,cf_std,BRDC_Boreal dry_2030y_SOC
Benin,,,cf_std,BRDC_Boreal dry_2030y_SOC
Bermuda,,,cf_std,BRDC_Boreal dry_2030y_SOC
Bhutan,,,cf_std,BRDC_Boreal dry_2030y_SOC
Bird Island,,,cf_std,BRDC_Boreal dry_2030y_SOC
Bolivia,,,cf_std,BRDC_Boreal dry_2030y_SOC
Bosnia and Herzegovina,,,cf_std,BRDC_Boreal dry_2030y_SOC
Botswana,,,cf_std,BRDC_Boreal dry_2030y_SOC
Bouvet Island,,,cf_std,BRDC_Boreal dry_2030y_SOC
Brazil,,,cf_std,BRDC_Boreal dry_2030y_SOC
British Indian Ocean Territory,,,cf_std,BRDC_Boreal dry_2030y_SOC
British Virgin Islands,,,cf_std,BRDC_Boreal dry_2030y_SOC
Brunei Darussalam,,,cf_std,BRDC_Boreal dry_2030y_SOC
Bulgaria,,,cf_std,BRDC_Boreal dry_2030y_SOC
Burkina Faso,,,cf_std,BRDC_Boreal dry_2030y_SOC
Burundi,,,cf_std,BRDC_Boreal dry_2030y_SOC
Cambodia,,,cf_std,BRDC_Boreal dry_2030y_SOC
Cameroon,,,cf_std,BRDC_Boreal dry_2030y_SOC
Canada,Canada,41.177627570961555,cf_std,BRDC_Boreal dry_2030y_SOC
Cape Verde,,,cf_std,BRDC_Boreal dry_2030y_SOC
Cayman Islands,,,cf_std,BRDC_Boreal dry_2030y_SOC
Central African Republic,,,cf_std,BRDC_Boreal dry_2030y_SOC
Chad,,,cf_std,BRDC_Boreal dry_2030y_SOC
Chile,Chile,44.23440635397429,cf_std,BRDC_Boreal dry_2030y_SOC
China,,,cf_std,BRDC_Boreal dry_2030y_SOC
China/India,,,cf_std,BRDC_Boreal dry_2030y_SOC
Christmas Island,,,cf_std,BRDC_Boreal dry_2030y_SOC
Clipperton Island,,,cf_std,BRDC_Boreal dry_2030y_SOC
Cocos (Keeling) Islands,,,cf_std,BRDC_Boreal dry_2030y_SOC
Colombia,,,cf_std,BRDC_Boreal dry_2030y_SOC
Comoros,,,cf_std,BRDC_Boreal dry_2030y_SOC
Congo,,,cf_std,BRDC_Boreal dry_2030y_SOC
Cook Islands,,,cf_std,BRDC_Boreal dry_2030y_SOC
Costa Rica,,,cf_std,BRDC_Boreal dry_2030y_SOC
Croatia,,,cf_std,BRDC_Boreal dry_2030y_SOC
Cuba,,,cf_std,BRDC_Boreal dry_2030y_SOC
Cyprus,,,cf_std,BRDC_Boreal dry_2030y_SOC
Czech Republic,,,cf_std,BRDC_Boreal dry_2030y_SOC
Côte d'Ivoire,,,cf_std,BRDC_Boreal dry_2030y_SOC
Dem People's Rep of Korea,,,cf_std,BRDC_Boreal dry_2030y_SOC
Democratic Republic of the Congo,,,cf_std,BRDC_Boreal dry_2030y_SOC
Denmark,,,cf_std,BRDC_Boreal dry_2030y_SOC
Djibouti,,,cf_std,BRDC_Boreal dry_2030y_SOC
Dominica,,,cf_std,BRDC_Boreal dry_2030y_SOC
Dominican Republic,,,cf_std,BRDC_Boreal dry_2030y_SOC
Ecuador,,,cf_std,BRDC_Boreal dry_2030y_SOC
Egypt,,,cf_std,BRDC_Boreal dry_2030y_SOC
El Salvador,,,cf_std,BRDC_Boreal dry_2030y_SOC
Equatorial Guinea,,,cf_std,BRDC_Boreal dry_2030y_SOC
Eritrea,,,cf_std,BRDC_Boreal dry_2030y_SOC
Estonia,,,cf_std,BRDC_Boreal dry_2030y_SOC
Ethiopia,,,cf_std,BRDC_Boreal dry_2030y_SOC
Europa Island,,,cf_std,BRDC_Boreal dry_2030y_SOC
Falkland Islands (Malvinas),,,cf_std,BRDC_Boreal dry_2030y_SOC
Faroe Islands,,,cf_std,BRDC_Boreal dry_2030y_SOC
Fiji,,,cf_std,BRDC_Boreal dry_2030y_SOC
Finland,Finland,19.35000817800377,cf_std,BRDC_Boreal dry_2030y_SOC
France,,,cf_std,BRDC_Boreal dry_2030y_SOC
French Guiana,,,cf_std,BRDC_Boreal dry_2030y_SOC
French Polynesia,,,cf_std,BRDC_Boreal dry_2030y_SOC
French Southern and Antarctic Territories,,,cf_std,BRDC_Boreal dry_2030y_SOC
Gabon,,,cf_std,BRDC_Boreal dry_2030y_SOC
Gambia,,,cf_std,BRDC_Boreal dry_2030y_SOC
Gaza Strip,,,cf_std,BRDC_Boreal dry_2030y_SOC
Georgia,,,cf_std,BRDC_Boreal dry_2030y_SOC
Germany,,,cf_std,BRDC_Boreal dry_2030y_SOC
Ghana,,,cf_std,BRDC_Boreal dry_2030y_SOC
Gibraltar,,,cf_std,BRDC_Boreal dry_2030y_SOC
Glorioso Island,,,cf_std,BRDC_Boreal dry_2030y_SOC
Greece,,,cf_std,BRDC_Boreal dry_2030y_SOC
Greenland,,,cf_std,BRDC_Boreal dry_2030y_SOC
Grenada,,,cf_std,BRDC_Boreal dry_2030y_SOC
Guadeloupe,,,cf_std,BRDC_Boreal dry_2030y_SOC
Guam,,,cf_std,BRDC_Boreal dry_2030y_SOC
Guatemala,,,cf_std,BRDC_Boreal dry_2030y_SOC
Guernsey,,,cf_std,BRDC_Boreal dry_2030y_SOC
Guinea,,,cf_std,BRDC_Boreal dry_2030y_SOC
Guinea-Bissau,,,cf_std,BRDC_Boreal dry_2030y_SOC
Guyana,,,cf_std,BRDC_Boreal dry_2030y_SOC
Haiti,,,cf_std,BRDC_Boreal dry_2030y_SOC
Hala'ib triangle,,,cf_std,BRDC_Boreal dry_2030y_SOC
Heard Island and McDonald Islands,,,cf_std,BRDC_Boreal dry_2030y_SOC
Holy See,,,cf_std,BRDC_Boreal dry_2030y_SOC
Honduras,,,cf_std,BRDC_Boreal dry_2030y_SOC
Hong Kong,,,cf_std,BRDC_Boreal dry_2030y_SOC
Howland Island,,,cf_std,BRDC_Boreal dry_2030y_SOC
Hungary,,,cf_std,BRDC_Boreal dry_2030y_SOC
Iceland,Iceland,29.435404262923665,cf_std,BRDC_Boreal dry_2030y_SOC
Ilemi triangle,,,cf_std,BRDC_Boreal dry_2030y_SOC
India,,,cf_std,BRDC_Boreal dry_2030y_SOC
Indonesia,,,cf_std,BRDC_Boreal dry_2030y_SOC
Iran  (Islamic Republic of),,,cf_std,BRDC_Boreal dry_2030y_SOC
Iraq,,,cf_std,BRDC_Boreal dry_2030y_SOC
Ireland,,,cf_std,BRDC_Boreal dry_2030y_SOC
Isle of Man,,,cf_std,BRDC_Boreal dry_2030y_SOC
Israel,,,cf_std,BRDC_Boreal dry_2030y_SOC
Italy,,,cf_std,BRDC_Boreal dry_2030y_SOC
Jamaica,,,cf_std,BRDC_Boreal dry_2030y_SOC
Jammu and Kashmir,,,cf_std,BRDC_Boreal dry_2030y_SOC
Japan,,,cf_std,BRDC_Boreal dry_2030y_SOC
Jarvis Island,,,cf_std,BRDC_Boreal dry_2030y_SOC
Jersey,,,cf_std,BRDC_Boreal dry_2030y_SOC
Johnston Atoll,,,cf_std,BRDC_Boreal dry_2030y_SOC
Jordan,,,cf_std,BRDC_Boreal dry_2030y_SOC
Juan de Nova Island,,,cf_std,BRDC_Boreal dry_2030y_SOC
Kazakhstan,,,cf_std,BRDC_Boreal dry_2030y_SOC
Kenya,,,cf_std,BRDC_Boreal dry_2030y_SOC
Kingman Reef,,,cf_std,BRDC_Boreal dry_2030y_SOC
Kiribati,,,cf_std,BRDC_Boreal dry_2030y_SOC
Kuril islands,,,cf_std,BRDC_Boreal dry_2030y_SOC
Kuwait,,,cf_std,BRDC_Boreal dry_2030y_SOC
Kyrgyzstan,,,cf_std,BRDC_Boreal dry_2030y_SOC
Lao People's Democratic Republic,,,cf_std,BRDC_Boreal dry_2030y_SOC
Latvia,,,cf_std,BRDC_Boreal dry_2030y_SOC
Lebanon,,,cf_std,BRDC_Boreal dry_2030y_SOC
Lesotho,,,cf_std,BRDC_Boreal dry_2030y_SOC
Liberia,,,cf_std,BRDC_Boreal dry_2030y_SOC
Libya,,,cf_std,BRDC_Boreal dry_2030y_SOC
Liechtenstein,,,cf_std,BRDC_Boreal dry_2030y_SOC
Lithuania,,,cf_std,BRDC_Boreal dry_2030y_SOC
Luxembourg,,,cf_std,BRDC_Boreal dry_2030y_SOC
Ma'tan al-Sarra,,,cf_std,BRDC_Boreal dry_2030y_SOC
Macau,,,cf_std,BRDC_Boreal dry_2030y_SOC
Madagascar,,,cf_std,BRDC_Boreal dry_2030y_SOC
Madeira Islands,,,cf_std,BRDC_Boreal dry_2030y_SOC
Malawi,,,cf_std,BRDC_Boreal dry_2030y_SOC
Malaysia,,,cf_std,BRDC_Boreal dry_2030y_SOC
Maldives,,,cf_std,BRDC_Boreal dry_2030y_SOC
Mali,,,cf_std,BRDC_Boreal dry_2030y_SOC
Malta,,,cf_std,BRDC_Boreal dry_2030y_SOC
Marshall Islands,,,cf_std,BRDC_Boreal dry_2030y_SOC
Martinique,,,cf_std,BRDC_Boreal dry_2030y_SOC
Mauritania,,,cf_std,BRDC_Boreal dry_2030y_SOC
Mauritius,,,cf_std,BRDC_Boreal dry_2030y_SOC
Mayotte,,,cf_std,BRDC_Boreal dry_2030y_SOC
Mexico,,,cf_std,BRDC_Boreal dry_2030y_SOC
Micronesia (Federated States of),,,cf_std,BRDC_Boreal dry_2030y_SOC
Midway Island,,,cf_std,BRDC_Boreal dry_2030y_SOC
"Moldova, Republic of",,,cf_std,BRDC_Boreal dry_2030y_SOC
Monaco,,,cf_std,BRDC_Boreal dry_2030y_SOC
Mongolia,,,cf_std,BRDC_Boreal dry_2030y_SOC
Montenegro,,,cf_std,BRDC_Boreal dry_2030y_SOC
Montserrat,,,cf_std,BRDC_Boreal dry_2030y_SOC
Morocco,,,cf_std,BRDC_Boreal dry_2030y_SOC
Mozambique,,,cf_std,BRDC_Boreal dry_2030y_SOC
Myanmar,,,cf_std,BRDC_Boreal dry_2030y_SOC
Namibia,,,cf_std,BRDC_Boreal dry_2030y_SOC
Nauru,,,cf_std,BRDC_Boreal dry_2030y_SOC
Navassa Island,,,cf_std,BRDC_Boreal dry_2030y_SOC
Nepal,,,cf_std,BRDC_Boreal dry_2030y_SOC
Netherlands,,,cf_std,BRDC_Boreal dry_2030y_SOC
Netherlands Antilles,,,cf_std,BRDC_Boreal dry_2030y_SOC
New Caledonia,,,cf_std,BRDC_Boreal dry_2030y_SOC
New Zealand,,,cf_std,BRDC_Boreal dry_2030y_SOC
Nicaragua,,,cf_std,BRDC_Boreal dry_2030y_SOC
Niger,,,cf_std,BRDC_Boreal dry_2030y_SOC
Nigeria,,,cf_std,BRDC_Boreal dry_2030y_SOC
Niue,,,cf_std,BRDC_Boreal dry_2030y_SOC
Norfolk Island,,,cf_std,BRDC_Boreal dry_2030y_SOC
Northern Mariana Islands,,,cf_std,BRDC_Boreal dry_2030y_SOC
Norway,Norway,40.97156255191522,cf_std,BRDC_Boreal dry_2030y_SOC
Oman,,,cf_std,BRDC_Boreal dry_2030y_SOC
Pakistan,,,cf_std,BRDC_Boreal dry_2030y_SOC
Palau,,,cf_std,BRDC_Boreal dry_2030y_SOC
Palmyra Atoll,,,cf_std,BRDC_Boreal dry_2030y_SOC
Panama,,,cf_std,BRDC_Boreal dry_2030y_SOC
Papua New Guinea,,,cf_std,BRDC_Boreal dry_2030y_SOC
Paracel Islands,,,cf_std,BRDC_Boreal dry_2030y_SOC
Paraguay,,,cf_std,BRDC_Boreal dry_2030y_SOC
Peru,,,cf_std,BRDC_Boreal dry_2030y_SOC
Philippines,,,cf_std,BRDC_Boreal dry_2030y_SOC
Pitcairn,,,cf_std,BRDC_Boreal dry_2030y_SOC
Poland,,,cf_std,BRDC_Boreal dry_2030y_SOC
Portugal,,,cf_std,BRDC_Boreal dry_2030y_SOC
Puerto Rico,,,cf_std,BRDC_Boreal dry_2030y_SOC
Qatar,,,cf_std,BRDC_Boreal dry_2030y_SOC
Republic of Korea,,,cf_std,BRDC_Boreal dry_2030y_SOC
Romania,,,cf_std,BRDC_Boreal dry_2030y_SOC
Russian Federation,Russian Federation,34.83900834886947,cf_std,BRDC_Boreal dry_2030y_SOC
Rwanda,,,cf_std,BRDC_Boreal dry_2030y_SOC
Réunion,,,cf_std,BRDC_Boreal dry_2030y_SOC
Saint Helena,,,cf_std,BRDC_Boreal dry_2030y_SOC
Saint Kitts and Nevis,,,cf_std,BRDC_Boreal dry_2030y_SOC
Saint Lucia,,,cf_std,BRDC_Boreal dry_2030y_SOC
Saint Pierre et Miquelon,,,cf_std,BRDC_Boreal dry_2030y_SOC
Saint Vincent and the Grenadines,,,cf_std,BRDC_Boreal dry_2030y_SOC
Samoa,,,cf_std,BRDC_Boreal dry_2030y_SOC
San Marino,,,cf_std,BRDC_Boreal dry_2030y_SOC
Sao Tome and Principe,,,cf_std,BRDC_Boreal dry_2030y_SOC
Saudi Arabia,,,cf_std,BRDC_Boreal dry_2030y_SOC
Scarborough Reef,,,cf_std,BRDC_Boreal dry_2030y_SOC
Senegal,,,cf_std,BRDC_Boreal dry_2030y_SOC
Senkaku Islands,,,cf_std,BRDC_Boreal dry_2030y_SOC
Serbia,,,cf_std,BRDC_Boreal dry_2030y_SOC
Seychelles,,,cf_std,BRDC_Boreal dry_2030y_SOC
Sierra Leone,,,cf_std,BRDC_Boreal dry_2030y_SOC
Singapore,,,cf_std,BRDC_Boreal dry_2030y_SOC
Slovakia,,,cf_std,BRDC_Boreal dry_2030y_SOC
Slovenia,,,cf_std,BRDC_Boreal dry_2030y_SOC
Solomon Islands,,,cf_std,BRDC_Boreal dry_2030y_SOC
Somalia,,,cf_std,BRDC_Boreal dry_2030y_SOC
South Africa,,,cf_std,BRDC_Boreal dry_2030y_SOC
South Georgia and the South Sandwich Islands,,,cf_std,BRDC_Boreal dry_2030y_SOC
South Sudan,,,cf_std,BRDC_Boreal dry_2030y_SOC
Spain,,,cf_std,BRDC_Boreal dry_2030y_SOC
Spratly Islands,,,cf_std,BRDC_Boreal dry_2030y_SOC
Sri Lanka,,,cf_std,BRDC_Boreal dry_2030y_SOC
Sudan,,,cf_std,BRDC_Boreal dry_2030y_SOC
Suriname,,,cf_std,BRDC_Boreal dry_2030y_SOC
Svalbard and Jan Mayen Islands,,,cf_std,BRDC_Boreal dry_2030y_SOC
Swaziland,,,cf_std,BRDC_Boreal dry_2030y_SOC
Sweden,Sweden,26.08247565588618,cf_std,BRDC_Boreal dry_2030y_SOC
Switzerland,,,cf_std,BRDC_Boreal dry_2030y_SOC
Syrian Arab Republic,,,cf_std,BRDC_Boreal dry_2030y_SOC
Taiwan,,,cf_std,BRDC_Boreal dry_2030y_SOC
Tajikistan,,,cf_std,BRDC_Boreal dry_2030y_SOC
Thailand,,,cf_std,BRDC_Boreal dry_2030y_SOC
The former Yugoslav Republic of Macedonia,,,cf_std,BRDC_Boreal dry_2030y_SOC
Timor-Leste,,,cf_std,BRDC_Boreal dry_2030y_SOC
Togo,,,cf_std,BRDC_Boreal dry_2030y_SOC
Tokelau,,,cf_std,BRDC_Boreal dry_2030y_SOC
Tonga,,,cf_std,BRDC_Boreal dry_2030y_SOC
Trinidad and Tobago,,,cf_std,BRDC_Boreal dry_2030y_SOC
Tromelin Island,,,cf_std,BRDC_Boreal dry_2030y_SOC
Tunisia,,,cf_std,BRDC_Boreal dry_2030y_SOC
Turkey,,,cf_std,BRDC_Boreal dry_2030y_SOC
Turkmenistan,,,cf_std,BRDC_Boreal dry_2030y_SOC
Turks and Caicos islands,,,cf_std,BRDC_Boreal dry_2030y_SOC
Tuvalu,,,cf_std,BRDC_Boreal dry_2030y_SOC
U.K. of Great Britain and Northern Ireland,,,cf_std,BRDC_Boreal dry_2030y_SOC
Uganda,,,cf_std,BRDC_Boreal dry_2030y_SOC
Ukraine,,,cf_std,BRDC_Boreal dry_2030y_SOC
United Arab Emirates,,,cf_std,BRDC_Boreal dry_2030y_SOC
United Republic of Tanzania,,,cf_std,BRDC_Boreal dry_2030y_SOC
United States Virgin Islands,,,cf_std,BRDC_Boreal dry_2030y_SOC
United States of America,United States of America,21.677461935420563,cf_std,BRDC_Boreal dry_2030y_SOC
Uruguay,,,cf_std,BRDC_Boreal dry_2030y_SOC
Uzbekistan,,,cf_std,BRDC_Boreal dry_2030y_SOC
Vanuatu,,,cf_std,BRDC_Boreal dry_2030y_SOC
Venezuela,,,cf_std,BRDC_Boreal dry_2030y_SOC
Viet Nam,,,cf_std,BRDC_Boreal dry_2030y_SOC
Wake Island,,,cf_std,BRDC_Boreal dry_2030y_SOC
Wallis and Futuna,,,cf_std,BRDC_Boreal dry_2030y_SOC
West Bank,,,cf_std,BRDC_Boreal dry_2030y_SOC
Western Sahara,,,cf_std,BRDC_Boreal dry_2030y_SOC
Yemen,,,cf_std,BRDC_Boreal dry_2030y_SOC
Zambia,,,cf_std,BRDC_Boreal dry_2030y_SOC
Zimbabwe,,,cf_std,BRDC_Boreal dry_2030y_SOC
