ECO_ID,flow_name,metric,value,ECO_NAME,BIOME_NUM,BIOME_NAME,REALM
135,acid_nox,cf_mean,0.017106896,Admiralty Islands lowland rain forests,1.0,Tropical & Subtropical Moist Broadleaf Forests,Australasia
785,acid_nox,cf_mean,0.43868712,Aegean and Western Turkey sclerophyllous and mixed forests,12.0,"Mediterranean Forests, Woodlands & Scrub",Palearctic
807,acid_nox,cf_mean,1.0927738,Afghan Mountains semi-desert,13.0,Deserts & Xeric Shrublands,Palearctic
404,acid_nox,cf_mean,0.35199288,Ahklun and Kilbuck Upland Tundra,11.0,Tundra,Nearctic
722,acid_nox,cf_mean,0.40972775,Al-Hajar foothill xeric woodlands and shrublands,8.0,"Temperate Grasslands, Savannas & Shrublands",Palearctic
723,acid_nox,cf_mean,0.38997322,Al-Hajar montane woodlands and shrublands,8.0,"Temperate Grasslands, Savannas & Shrublands",Palearctic
721,acid_nox,cf_mean,1.157252,Alai-Western Tian Shan steppe,8.0,"Temperate Grasslands, Savannas & Shrublands",Palearctic
808,acid_nox,cf_mean,0.79322934,Alashan Plateau semi-desert,13.0,Deserts & Xeric Shrublands,Palearctic
405,acid_nox,cf_mean,0.53648967,Alaska-St. Elias Range tundra,11.0,Tundra,Nearctic
369,acid_nox,cf_mean,0.3401312,Alaska Peninsula montane taiga,6.0,Boreal Forests/Taiga,Nearctic
88,acid_nox,cf_mean,0.2081816,Albany thickets,12.0,"Mediterranean Forests, Woodlands & Scrub",Afrotropic
345,acid_nox,cf_mean,0.5999581,Alberta-British Columbia foothills forests,5.0,Temperate Conifer Forests,Nearctic
1,acid_nox,cf_mean,0.17050543,Albertine Rift montane forests,1.0,Tropical & Subtropical Moist Broadleaf Forests,Afrotropic
91,acid_nox,cf_mean,0.13956602,Aldabra Island xeric scrub,13.0,Deserts & Xeric Shrublands,Afrotropic
406,acid_nox,cf_mean,0.19070534,Aleutian Islands tundra,11.0,Tundra,Nearctic
328,acid_nox,cf_mean,0.7703975,Allegheny Highlands forests,4.0,Temperate Broadleaf & Mixed Forests,Nearctic
689,acid_nox,cf_mean,0.9898814,Alps conifer and mixed forests,5.0,Temperate Conifer Forests,Palearctic
749,acid_nox,cf_mean,1.1956311,Altai alpine meadow and tundra,10.0,Montane Grasslands & Shrublands,Palearctic
690,acid_nox,cf_mean,1.1643451,Altai montane forest and forest steppe,5.0,Temperate Conifer Forests,Palearctic
724,acid_nox,cf_mean,1.2406338,Altai steppe and semi-desert,8.0,"Temperate Grasslands, Savannas & Shrublands",Palearctic
439,acid_nox,cf_mean,0.17336275,Alto Paraná Atlantic forests,1.0,Tropical & Subtropical Moist Broadleaf Forests,Neotropic
611,acid_nox,cf_mean,0.12396574,Amazon-Orinoco-Southern Caribbean mangroves,14.0,Mangroves,Neotropic
67,acid_nox,cf_mean,0.041732173,Amsterdam-Saint Paul Islands temperate grasslands,8.0,"Temperate Grasslands, Savannas & Shrublands",Afrotropic
741,acid_nox,cf_mean,1.1153617,Amur meadow steppe,9.0,Flooded Grasslands & Savannas,Palearctic
786,acid_nox,cf_mean,0.44525033,Anatolian conifer and deciduous mixed forests,12.0,"Mediterranean Forests, Woodlands & Scrub",Palearctic
218,acid_nox,cf_mean,0.20845774,Andaman Islands rain forests,1.0,Tropical & Subtropical Moist Broadleaf Forests,Indomalayan
77,acid_nox,cf_mean,0.22786093,Angolan montane forest-grassland,10.0,Montane Grasslands & Shrublands,Afrotropic
34,acid_nox,cf_mean,0.21223447,Angolan mopane woodlands,7.0,"Tropical & Subtropical Grasslands, Savannas & Shrublands",Afrotropic
35,acid_nox,cf_mean,0.17207497,Angolan scarp savanna and woodlands,7.0,"Tropical & Subtropical Grasslands, Savannas & Shrublands",Afrotropic
36,acid_nox,cf_mean,0.25260645,Angolan wet miombo woodlands,7.0,"Tropical & Subtropical Grasslands, Savannas & Shrublands",Afrotropic
196,acid_nox,cf_mean,0.009708472,Antipodes Subantarctic Islands tundra,11.0,Tundra,Australasia
331,acid_nox,cf_mean,0.65758145,Appalachian-Blue Ridge forests,4.0,Temperate Broadleaf & Mixed Forests,Nearctic
329,acid_nox,cf_mean,0.6594935,Appalachian mixed mesophytic forests,4.0,Temperate Broadleaf & Mixed Forests,Nearctic
330,acid_nox,cf_mean,0.53744996,Appalachian Piedmont forests,4.0,Temperate Broadleaf & Mixed Forests,Nearctic
644,acid_nox,cf_mean,0.6732437,Appenine deciduous montane forests,4.0,Temperate Broadleaf & Mixed Forests,Palearctic
520,acid_nox,cf_mean,0.13902265,Apure-Villavicencio dry forests,2.0,Tropical & Subtropical Dry Broadleaf Forests,Neotropic
810,acid_nox,cf_mean,0.519847,Arabian sand desert,13.0,Deserts & Xeric Shrublands,Palearctic
440,acid_nox,cf_mean,0.17849179,Araucaria moist forests,1.0,Tropical & Subtropical Moist Broadleaf Forests,Neotropic
597,acid_nox,cf_mean,0.11900998,Araya and Paria xeric scrub,13.0,Deserts & Xeric Shrublands,Neotropic
407,acid_nox,cf_mean,0.37223598,Arctic coastal tundra,11.0,Tundra,Nearctic
778,acid_nox,cf_mean,0.17221357,Russian Arctic desert,11.0,Tundra,Palearctic
408,acid_nox,cf_mean,0.36727917,Arctic foothills tundra,11.0,Tundra,Nearctic
346,acid_nox,cf_mean,0.19103172,Arizona Mountains forests,5.0,Temperate Conifer Forests,Nearctic
181,acid_nox,cf_mean,0.10671042,Arnhem Land tropical savanna,7.0,"Tropical & Subtropical Grasslands, Savannas & Shrublands",Australasia
37,acid_nox,cf_mean,0.049220216,Ascension scrub and grasslands,7.0,"Tropical & Subtropical Grasslands, Savannas & Shrublands",Afrotropic
598,acid_nox,cf_mean,0.34031904,Atacama desert,13.0,Deserts & Xeric Shrublands,Neotropic
441,acid_nox,cf_mean,0.14302488,Atlantic Coast restingas,1.0,Tropical & Subtropical Moist Broadleaf Forests,Neotropic
839,acid_nox,cf_mean,0.13092281,Saharan Atlantic coastal desert,13.0,Deserts & Xeric Shrublands,Palearctic
347,acid_nox,cf_mean,0.44150183,Atlantic coastal pine barrens,5.0,Temperate Conifer Forests,Nearctic
5,acid_nox,cf_mean,0.15612261,Congolian coastal forests,1.0,Tropical & Subtropical Moist Broadleaf Forests,Afrotropic
664,acid_nox,cf_mean,0.5605077,European Atlantic mixed forests,4.0,Temperate Broadleaf & Mixed Forests,Palearctic
193,acid_nox,cf_mean,0.16659874,Australian Alps montane grasslands,10.0,Montane Grasslands & Shrublands,Australasia
812,acid_nox,cf_mean,0.7791046,Azerbaijan shrub desert and steppe,13.0,Deserts & Xeric Shrublands,Palearctic
645,acid_nox,cf_mean,0.37771884,Azores temperate mixed forests,4.0,Temperate Broadleaf & Mixed Forests,Palearctic
813,acid_nox,cf_mean,1.2746316,Badghyz and Karabil semi-desert,13.0,Deserts & Xeric Shrublands,Palearctic
612,acid_nox,cf_mean,0.12161979,Bahamian-Antillean mangroves,14.0,Mangroves,Neotropic
442,acid_nox,cf_mean,0.20508102,Bahia coastal forests,1.0,Tropical & Subtropical Moist Broadleaf Forests,Neotropic
443,acid_nox,cf_mean,0.2659904,Bahia interior forests,1.0,Tropical & Subtropical Moist Broadleaf Forests,Neotropic
426,acid_nox,cf_mean,0.112136915,Baja California desert,13.0,Deserts & Xeric Shrublands,Nearctic
521,acid_nox,cf_mean,0.1271229,Bajío dry forests,2.0,Tropical & Subtropical Dry Broadleaf Forests,Neotropic
646,acid_nox,cf_mean,0.6917536,Balkan mixed forests,4.0,Temperate Broadleaf & Mixed Forests,Palearctic
522,acid_nox,cf_mean,0.14311546,Balsas dry forests,2.0,Tropical & Subtropical Dry Broadleaf Forests,Neotropic
647,acid_nox,cf_mean,0.5604767,Baltic mixed forests,4.0,Temperate Broadleaf & Mixed Forests,Palearctic
814,acid_nox,cf_mean,0.7586818,Baluchistan xeric woodlands,13.0,Deserts & Xeric Shrublands,Palearctic
136,acid_nox,cf_mean,0.060330275,Banda Sea Islands moist deciduous forests,1.0,Tropical & Subtropical Moist Broadleaf Forests,Australasia
564,acid_nox,cf_mean,0.07540797,Belizian pine savannas,7.0,"Tropical & Subtropical Grasslands, Savannas & Shrublands",Neotropic
565,acid_nox,cf_mean,0.21865223,Beni savanna,7.0,"Tropical & Subtropical Grasslands, Savannas & Shrublands",Neotropic
779,acid_nox,cf_mean,0.13952796,Russian Bering tundra,11.0,Tundra,Palearctic
409,acid_nox,cf_mean,0.3204353,Beringia lowland tundra,11.0,Tundra,Nearctic
410,acid_nox,cf_mean,0.2967634,Beringia upland tundra,11.0,Tundra,Nearctic
325,acid_nox,cf_mean,0.21919335,Bermuda subtropical conifer forests,3.0,Tropical & Subtropical Coniferous Forests,Nearctic
137,acid_nox,cf_mean,0.049506824,Biak-Numfoor rain forests,1.0,Tropical & Subtropical Moist Broadleaf Forests,Australasia
348,acid_nox,cf_mean,0.60857725,Blue Mountains forests,5.0,Temperate Conifer Forests,Nearctic
742,acid_nox,cf_mean,0.7408502,Bohai Sea saline meadow,9.0,Flooded Grasslands & Savannas,Palearctic
523,acid_nox,cf_mean,0.23985906,Bolivian montane dry forests,2.0,Tropical & Subtropical Dry Broadleaf Forests,Neotropic
444,acid_nox,cf_mean,0.28727585,Bolivian Yungas,1.0,Tropical & Subtropical Moist Broadleaf Forests,Neotropic
219,acid_nox,cf_mean,0.11415548,Borneo lowland rain forests,1.0,Tropical & Subtropical Moist Broadleaf Forests,Indomalayan
221,acid_nox,cf_mean,0.114966996,Borneo peat swamp forests,1.0,Tropical & Subtropical Moist Broadleaf Forests,Indomalayan
222,acid_nox,cf_mean,0.48250264,Brahmaputra Valley semi-evergreen forests,1.0,Tropical & Subtropical Moist Broadleaf Forests,Indomalayan
182,acid_nox,cf_mean,0.110934205,Brigalow tropical savanna,7.0,"Tropical & Subtropical Grasslands, Savannas & Shrublands",Australasia
349,acid_nox,cf_mean,0.61099064,British Columbia coastal conifer forests,5.0,Temperate Conifer Forests,Nearctic
411,acid_nox,cf_mean,0.44036674,Brooks-British Range tundra,11.0,Tundra,Nearctic
138,acid_nox,cf_mean,0.06905101,Buru rain forests,1.0,Tropical & Subtropical Moist Broadleaf Forests,Australasia
525,acid_nox,cf_mean,0.18490854,Caatinga,2.0,Tropical & Subtropical Dry Broadleaf Forests,Neotropic
445,acid_nox,cf_mean,0.119451,Caatinga Enclaves moist forests,1.0,Tropical & Subtropical Moist Broadleaf Forests,Neotropic
691,acid_nox,cf_mean,0.13941777,Caledon conifer forests,5.0,Temperate Conifer Forests,Palearctic
385,acid_nox,cf_mean,0.15840605,California Central Valley grasslands,8.0,"Temperate Grasslands, Savannas & Shrublands",Nearctic
422,acid_nox,cf_mean,0.10690913,California coastal sage and chaparral,12.0,"Mediterranean Forests, Woodlands & Scrub",Nearctic
423,acid_nox,cf_mean,0.15972248,California interior chaparral and woodlands,12.0,"Mediterranean Forests, Woodlands & Scrub",Nearctic
424,acid_nox,cf_mean,0.11055869,California montane chaparral and woodlands,12.0,"Mediterranean Forests, Woodlands & Scrub",Nearctic
2,acid_nox,cf_mean,0.19208659,Cameroon Highlands forests,1.0,Tropical & Subtropical Moist Broadleaf Forests,Afrotropic
566,acid_nox,cf_mean,0.29817298,Campos Rupestres montane savanna,7.0,"Tropical & Subtropical Grasslands, Savannas & Shrublands",Neotropic
386,acid_nox,cf_mean,0.5495538,Canadian Aspen forests and parklands,8.0,"Temperate Grasslands, Savannas & Shrublands",Nearctic
413,acid_nox,cf_mean,0.43544564,Canadian Low Arctic tundra,11.0,Tundra,Nearctic
787,acid_nox,cf_mean,0.15148202,Canary Islands dry woodlands and forests,12.0,"Mediterranean Forests, Woodlands & Scrub",Palearctic
648,acid_nox,cf_mean,0.35555992,Cantabrian mixed forests,4.0,Temperate Broadleaf & Mixed Forests,Palearctic
190,acid_nox,cf_mean,0.08494152,Canterbury-Otago tussock grasslands,8.0,"Temperate Grasslands, Savannas & Shrublands",Australasia
31,acid_nox,cf_mean,0.055859547,Cape Verde Islands dry forests,2.0,Tropical & Subtropical Dry Broadleaf Forests,Afrotropic
183,acid_nox,cf_mean,0.09387659,Cape York Peninsula tropical savanna,7.0,"Tropical & Subtropical Grasslands, Savannas & Shrublands",Australasia
446,acid_nox,cf_mean,0.14221749,Caqueta moist forests,1.0,Tropical & Subtropical Moist Broadleaf Forests,Neotropic
223,acid_nox,cf_mean,0.19043735,Cardamom Mountains rain forests,1.0,Tropical & Subtropical Moist Broadleaf Forests,Indomalayan
599,acid_nox,cf_mean,0.056536082,Caribbean shrublands,13.0,Deserts & Xeric Shrublands,Neotropic
207,acid_nox,cf_mean,0.06661193,Carnarvon xeric shrublands,13.0,Deserts & Xeric Shrublands,Australasia
618,acid_nox,cf_mean,0.013758065,Carolines tropical moist forests,1.0,Tropical & Subtropical Moist Broadleaf Forests,Oceania
692,acid_nox,cf_mean,0.9554689,Carpathian montane forests,5.0,Temperate Conifer Forests,Palearctic
184,acid_nox,cf_mean,0.16615038,Carpentaria tropical savanna,7.0,"Tropical & Subtropical Grasslands, Savannas & Shrublands",Australasia
649,acid_nox,cf_mean,0.69834846,Caspian Hyrcanian mixed forests,4.0,Temperate Broadleaf & Mixed Forests,Palearctic
815,acid_nox,cf_mean,0.5855569,Caspian lowland desert,13.0,Deserts & Xeric Shrublands,Palearctic
447,acid_nox,cf_mean,0.09556424,Catatumbo moist forests,1.0,Tropical & Subtropical Moist Broadleaf Forests,Neotropic
526,acid_nox,cf_mean,0.13965344,Cauca Valley dry forests,2.0,Tropical & Subtropical Dry Broadleaf Forests,Neotropic
448,acid_nox,cf_mean,0.1408645,Cauca Valley montane forests,1.0,Tropical & Subtropical Moist Broadleaf Forests,Neotropic
650,acid_nox,cf_mean,0.8160939,Caucasus mixed forests,4.0,Temperate Broadleaf & Mixed Forests,Palearctic
449,acid_nox,cf_mean,0.06564311,Cayos Miskitos-San Andrés and Providencia moist forests,1.0,Tropical & Subtropical Moist Broadleaf Forests,Neotropic
651,acid_nox,cf_mean,0.2751202,Celtic broadleaf forests,4.0,Temperate Broadleaf & Mixed Forests,Palearctic
816,acid_nox,cf_mean,0.8617045,Central Afghan Mountains xeric woodlands,13.0,Deserts & Xeric Shrublands,Palearctic
111,acid_nox,cf_mean,0.11234621,Central African mangroves,14.0,Mangroves,Afrotropic
450,acid_nox,cf_mean,0.073889665,Central American Atlantic moist forests,1.0,Tropical & Subtropical Moist Broadleaf Forests,Neotropic
527,acid_nox,cf_mean,0.07157642,Central American dry forests,2.0,Tropical & Subtropical Dry Broadleaf Forests,Neotropic
451,acid_nox,cf_mean,0.07592007,Central American montane forests,1.0,Tropical & Subtropical Moist Broadleaf Forests,Neotropic
553,acid_nox,cf_mean,0.078027345,Central American pine-oak forests,3.0,Tropical & Subtropical Coniferous Forests,Neotropic
725,acid_nox,cf_mean,0.47603968,Central Anatolian steppe,8.0,"Temperate Grasslands, Savannas & Shrublands",Palearctic
652,acid_nox,cf_mean,0.48350593,Central Anatolian steppe and woodlands,4.0,Temperate Broadleaf & Mixed Forests,Palearctic
352,acid_nox,cf_mean,0.548078,Central-Southern Cascades Forests,5.0,Temperate Conifer Forests,Nearctic
389,acid_nox,cf_mean,0.289823,Central-Southern US mixed grasslands,8.0,"Temperate Grasslands, Savannas & Shrublands",Nearctic
587,acid_nox,cf_mean,0.34605992,Central Andean dry puna,10.0,Montane Grasslands & Shrublands,Neotropic
588,acid_nox,cf_mean,0.3766165,Central Andean puna,10.0,Montane Grasslands & Shrublands,Neotropic
589,acid_nox,cf_mean,0.45044717,Central Andean wet puna,10.0,Montane Grasslands & Shrublands,Neotropic
817,acid_nox,cf_mean,0.9308818,Central Asian northern desert,13.0,Deserts & Xeric Shrublands,Palearctic
818,acid_nox,cf_mean,0.89651984,Central Asian riparian woodlands,13.0,Deserts & Xeric Shrublands,Palearctic
819,acid_nox,cf_mean,0.90934986,Central Asian southern desert,13.0,Deserts & Xeric Shrublands,Palearctic
350,acid_nox,cf_mean,0.52974373,Central British Columbia Mountain forests,5.0,Temperate Conifer Forests,Nearctic
38,acid_nox,cf_mean,0.47532478,Central bushveld,7.0,"Tropical & Subtropical Grasslands, Savannas & Shrublands",Afrotropic
370,acid_nox,cf_mean,0.98905885,Central Canadian Shield forests,6.0,Boreal Forests/Taiga,Nearctic
653,acid_nox,cf_mean,0.81356645,Central China Loess Plateau mixed forests,4.0,Temperate Broadleaf & Mixed Forests,Palearctic
3,acid_nox,cf_mean,0.15691224,Central Congolian lowland forests,1.0,Tropical & Subtropical Moist Broadleaf Forests,Afrotropic
290,acid_nox,cf_mean,0.226296,Central Deccan Plateau dry deciduous forests,2.0,Tropical & Subtropical Dry Broadleaf Forests,Indomalayan
654,acid_nox,cf_mean,0.7607877,Central European mixed forests,4.0,Temperate Broadleaf & Mixed Forests,Palearctic
387,acid_nox,cf_mean,0.4868867,Central US forest-grasslands transition,8.0,"Temperate Grasslands, Savannas & Shrublands",Nearctic
291,acid_nox,cf_mean,0.22302824,Central Indochina dry forests,2.0,Tropical & Subtropical Dry Broadleaf Forests,Indomalayan
655,acid_nox,cf_mean,0.53722185,Central Korean deciduous forests,4.0,Temperate Broadleaf & Mixed Forests,Palearctic
427,acid_nox,cf_mean,0.14757265,Central Mexican matorral,13.0,Deserts & Xeric Shrublands,Nearctic
351,acid_nox,cf_mean,0.4947229,Central Pacific Northwest coastal forests,5.0,Temperate Conifer Forests,Nearctic
820,acid_nox,cf_mean,0.56285584,Central Persian desert basins,13.0,Deserts & Xeric Shrublands,Palearctic
619,acid_nox,cf_mean,0.0050749667,Central Polynesian tropical moist forests,1.0,Tropical & Subtropical Moist Broadleaf Forests,Oceania
139,acid_nox,cf_mean,0.060165647,Central Range Papuan montane rain forests,1.0,Tropical & Subtropical Moist Broadleaf Forests,Australasia
195,acid_nox,cf_mean,0.062128566,Papuan Central Range sub-alpine grasslands,10.0,Montane Grasslands & Shrublands,Australasia
208,acid_nox,cf_mean,0.15498698,Central Ranges xeric scrub,13.0,Deserts & Xeric Shrublands,Australasia
388,acid_nox,cf_mean,0.4139235,Central Tallgrass prairie,8.0,"Temperate Grasslands, Savannas & Shrublands",Nearctic
750,acid_nox,cf_mean,0.71113276,Central Tibetan Plateau alpine steppe,10.0,Montane Grasslands & Shrublands,Palearctic
39,acid_nox,cf_mean,0.24910748,Central Zambezian wet miombo woodlands,7.0,"Tropical & Subtropical Grasslands, Savannas & Shrublands",Afrotropic
567,acid_nox,cf_mean,0.24262929,Cerrado,7.0,"Tropical & Subtropical Grasslands, Savannas & Shrublands",Neotropic
656,acid_nox,cf_mean,0.9922199,Changbai Mountains mixed forests,4.0,Temperate Broadleaf & Mixed Forests,Palearctic
657,acid_nox,cf_mean,0.5969708,Changjiang Plain evergreen forests,4.0,Temperate Broadleaf & Mixed Forests,Palearctic
224,acid_nox,cf_mean,0.2155861,Chao Phraya freshwater swamp forests,1.0,Tropical & Subtropical Moist Broadleaf Forests,Indomalayan
225,acid_nox,cf_mean,0.20492558,Chao Phraya lowland moist deciduous forests,1.0,Tropical & Subtropical Moist Broadleaf Forests,Indomalayan
167,acid_nox,cf_mean,0.00652927,Chatham Island temperate forests,4.0,Temperate Broadleaf & Mixed Forests,Australasia
771,acid_nox,cf_mean,0.22166319,Cherskii-Kolyma mountain tundra,11.0,Tundra,Palearctic
292,acid_nox,cf_mean,0.33500996,Chhota-Nagpur dry deciduous forests,2.0,Tropical & Subtropical Dry Broadleaf Forests,Indomalayan
528,acid_nox,cf_mean,0.090829186,Chiapas Depression dry forests,2.0,Tropical & Subtropical Dry Broadleaf Forests,Neotropic
452,acid_nox,cf_mean,0.0946538,Chiapas montane forests,1.0,Tropical & Subtropical Moist Broadleaf Forests,Neotropic
428,acid_nox,cf_mean,0.16133067,Chihuahuan desert,13.0,Deserts & Xeric Shrublands,Nearctic
596,acid_nox,cf_mean,0.23309563,Chilean Matorral,12.0,"Mediterranean Forests, Woodlands & Scrub",Neotropic
453,acid_nox,cf_mean,0.09009922,Chimalapas montane forests,1.0,Tropical & Subtropical Moist Broadleaf Forests,Neotropic
226,acid_nox,cf_mean,0.3184169,Chin Hills-Arakan Yoma montane forests,1.0,Tropical & Subtropical Moist Broadleaf Forests,Indomalayan
529,acid_nox,cf_mean,0.21974376,Chiquitano dry forests,2.0,Tropical & Subtropical Dry Broadleaf Forests,Neotropic
454,acid_nox,cf_mean,0.11678375,Chocó-Darién moist forests,1.0,Tropical & Subtropical Moist Broadleaf Forests,Neotropic
227,acid_nox,cf_mean,0.05835695,Christmas and Cocos Islands tropical forests,1.0,Tropical & Subtropical Moist Broadleaf Forests,Indomalayan
772,acid_nox,cf_mean,0.16386263,Chukchi Peninsula tundra,11.0,Tundra,Palearctic
568,acid_nox,cf_mean,0.032804966,Clipperton Island shrub and grasslands,7.0,"Tropical & Subtropical Grasslands, Savannas & Shrublands",Neotropic
455,acid_nox,cf_mean,0.02692339,Cocos Island moist forests,1.0,Tropical & Subtropical Moist Broadleaf Forests,Neotropic
429,acid_nox,cf_mean,0.25277388,Colorado Plateau shrublands,13.0,Deserts & Xeric Shrublands,Nearctic
353,acid_nox,cf_mean,0.33324176,Colorado Rockies forests,5.0,Temperate Conifer Forests,Nearctic
4,acid_nox,cf_mean,0.13033155,Comoros forests,1.0,Tropical & Subtropical Moist Broadleaf Forests,Afrotropic
371,acid_nox,cf_mean,0.52236474,Cook Inlet taiga,6.0,Boreal Forests/Taiga,Nearctic
620,acid_nox,cf_mean,0.008471096,Cook Islands tropical moist forests,1.0,Tropical & Subtropical Moist Broadleaf Forests,Oceania
197,acid_nox,cf_mean,0.074763305,Coolgardie woodlands,12.0,"Mediterranean Forests, Woodlands & Scrub",Australasia
372,acid_nox,cf_mean,0.5103657,Copper Plateau taiga,6.0,Boreal Forests/Taiga,Nearctic
590,acid_nox,cf_mean,0.27616245,Cordillera Central páramo,10.0,Montane Grasslands & Shrublands,Neotropic
591,acid_nox,cf_mean,0.103004344,Cordillera de Merida páramo,10.0,Montane Grasslands & Shrublands,Neotropic
456,acid_nox,cf_mean,0.1017053,Cordillera La Costa montane forests,1.0,Tropical & Subtropical Moist Broadleaf Forests,Neotropic
457,acid_nox,cf_mean,0.15366246,Cordillera Oriental montane forests,1.0,Tropical & Subtropical Moist Broadleaf Forests,Neotropic
788,acid_nox,cf_mean,0.56994736,Corsican montane broadleaf and mixed forests,12.0,"Mediterranean Forests, Woodlands & Scrub",Palearctic
458,acid_nox,cf_mean,0.077266425,Costa Rican seasonal moist forests,1.0,Tropical & Subtropical Moist Broadleaf Forests,Neotropic
789,acid_nox,cf_mean,0.3774962,Crete Mediterranean forests,12.0,"Mediterranean Forests, Woodlands & Scrub",Palearctic
658,acid_nox,cf_mean,0.5805193,Crimean Submediterranean forest complex,4.0,Temperate Broadleaf & Mixed Forests,Palearctic
6,acid_nox,cf_mean,0.1473614,Cross-Niger transition forests,1.0,Tropical & Subtropical Moist Broadleaf Forests,Afrotropic
7,acid_nox,cf_mean,0.16559762,Cross-Sanaga-Bioko coastal forests,1.0,Tropical & Subtropical Moist Broadleaf Forests,Afrotropic
390,acid_nox,cf_mean,0.21394013,Cross-Timbers savanna-woodland,8.0,"Temperate Grasslands, Savannas & Shrublands",Nearctic
600,acid_nox,cf_mean,0.08785323,Cuban cactus scrub,13.0,Deserts & Xeric Shrublands,Neotropic
530,acid_nox,cf_mean,0.09069151,Cuban dry forests,2.0,Tropical & Subtropical Dry Broadleaf Forests,Neotropic
459,acid_nox,cf_mean,0.08739109,Cuban moist forests,1.0,Tropical & Subtropical Moist Broadleaf Forests,Neotropic
554,acid_nox,cf_mean,0.106289625,Cuban pine forests,3.0,Tropical & Subtropical Coniferous Forests,Neotropic
579,acid_nox,cf_mean,0.096387625,Cuban wetlands,9.0,Flooded Grasslands & Savannas,Neotropic
790,acid_nox,cf_mean,0.49675903,Cyprus Mediterranean forests,12.0,"Mediterranean Forests, Woodlands & Scrub",Palearctic
693,acid_nox,cf_mean,0.895638,Da Hinggan-Dzhagdy Mountains conifer forests,5.0,Temperate Conifer Forests,Palearctic
659,acid_nox,cf_mean,0.7897859,Daba Mountains evergreen forests,4.0,Temperate Broadleaf & Mixed Forests,Palearctic
726,acid_nox,cf_mean,0.72263503,Daurian forest steppe,8.0,"Temperate Grasslands, Savannas & Shrublands",Palearctic
415,acid_nox,cf_mean,0.17215976,Davis Highlands tundra,11.0,Tundra,Nearctic
315,acid_nox,cf_mean,0.18139511,Deccan thorn scrub forests,13.0,Deserts & Xeric Shrublands,Indomalayan
660,acid_nox,cf_mean,0.81569844,Dinaric Mountains mixed forests,4.0,Temperate Broadleaf & Mixed Forests,Palearctic
92,acid_nox,cf_mean,0.22994815,Djibouti xeric shrublands,13.0,Deserts & Xeric Shrublands,Afrotropic
40,acid_nox,cf_mean,0.22357377,Drakensberg Escarpment savanna and thicket,7.0,"Tropical & Subtropical Grasslands, Savannas & Shrublands",Afrotropic
41,acid_nox,cf_mean,0.24814819,Drakensberg grasslands,7.0,"Tropical & Subtropical Grasslands, Savannas & Shrublands",Afrotropic
0,acid_nox,cf_mean,0.012984036,Rock and Ice,11.0,N/A,N/A
569,acid_nox,cf_mean,0.13358796,Dry Chaco,7.0,"Tropical & Subtropical Grasslands, Savannas & Shrublands",Neotropic
694,acid_nox,cf_mean,0.8791028,East Afghan montane conifer forests,5.0,Temperate Conifer Forests,Palearctic
69,acid_nox,cf_mean,0.18523091,East African halophytics,9.0,Flooded Grasslands & Savannas,Afrotropic
112,acid_nox,cf_mean,0.19329573,East African mangroves,14.0,Mangroves,Afrotropic
821,acid_nox,cf_mean,0.25885007,East Arabian fog shrublands and sand desert,13.0,Deserts & Xeric Shrublands,Palearctic
332,acid_nox,cf_mean,0.16835517,East Central Texas forests,4.0,Temperate Broadleaf & Mixed Forests,Nearctic
293,acid_nox,cf_mean,0.13845667,East Deccan dry-evergreen forests,2.0,Tropical & Subtropical Dry Broadleaf Forests,Indomalayan
661,acid_nox,cf_mean,0.6215736,East European forest steppe,4.0,Temperate Broadleaf & Mixed Forests,Palearctic
822,acid_nox,cf_mean,0.2852875,East Sahara Desert,13.0,Deserts & Xeric Shrublands,Palearctic
823,acid_nox,cf_mean,0.24570687,East Saharan montane xeric woodlands,13.0,Deserts & Xeric Shrublands,Palearctic
710,acid_nox,cf_mean,0.6215586,East Siberian taiga,6.0,Boreal Forests/Taiga,Palearctic
43,acid_nox,cf_mean,0.30407706,East Sudanian savanna,7.0,"Tropical & Subtropical Grasslands, Savannas & Shrublands",Afrotropic
662,acid_nox,cf_mean,0.5987522,Eastern Anatolian deciduous forests,4.0,Temperate Broadleaf & Mixed Forests,Palearctic
727,acid_nox,cf_mean,0.75254315,Eastern Anatolian montane steppe,8.0,"Temperate Grasslands, Savannas & Shrublands",Palearctic
191,acid_nox,cf_mean,0.10184711,Eastern Australia mulga shrublands,8.0,"Temperate Grasslands, Savannas & Shrublands",Australasia
168,acid_nox,cf_mean,0.13643989,Eastern Australian temperate forests,4.0,Temperate Broadleaf & Mixed Forests,Australasia
373,acid_nox,cf_mean,0.64843345,Eastern Canadian forests,6.0,Boreal Forests/Taiga,Nearctic
374,acid_nox,cf_mean,0.60350364,Eastern Canadian Shield taiga,6.0,Boreal Forests/Taiga,Nearctic
354,acid_nox,cf_mean,0.4733708,Eastern Cascades forests,5.0,Temperate Conifer Forests,Nearctic
10,acid_nox,cf_mean,0.16286892,Eastern Congolian swamp forests,1.0,Tropical & Subtropical Moist Broadleaf Forests,Afrotropic
460,acid_nox,cf_mean,0.18947677,Eastern Cordillera Real montane forests,1.0,Tropical & Subtropical Moist Broadleaf Forests,Neotropic
333,acid_nox,cf_mean,0.9536431,Eastern Canadian Forest-Boreal transition,4.0,Temperate Broadleaf & Mixed Forests,Nearctic
824,acid_nox,cf_mean,0.7151917,Eastern Gobi desert steppe,13.0,Deserts & Xeric Shrublands,Palearctic
334,acid_nox,cf_mean,0.8451013,Eastern Great Lakes lowland forests,4.0,Temperate Broadleaf & Mixed Forests,Nearctic
11,acid_nox,cf_mean,0.08813182,Eastern Guinean forests,1.0,Tropical & Subtropical Moist Broadleaf Forests,Afrotropic
228,acid_nox,cf_mean,0.25703508,East Deccan moist deciduous forests,1.0,Tropical & Subtropical Moist Broadleaf Forests,Indomalayan
751,acid_nox,cf_mean,0.60107315,Eastern Himalayan alpine shrub and meadows,10.0,Montane Grasslands & Shrublands,Palearctic
306,acid_nox,cf_mean,0.57275563,Eastern Himalayan broadleaf forests,4.0,Temperate Broadleaf & Mixed Forests,Indomalayan
309,acid_nox,cf_mean,0.6011374,Eastern Himalayan subalpine conifer forests,5.0,Temperate Conifer Forests,Indomalayan
229,acid_nox,cf_mean,0.08700119,Eastern Java-Bali montane rain forests,1.0,Tropical & Subtropical Moist Broadleaf Forests,Indomalayan
230,acid_nox,cf_mean,0.08333276,Eastern Java-Bali rain forests,1.0,Tropical & Subtropical Moist Broadleaf Forests,Indomalayan
791,acid_nox,cf_mean,0.55350345,Eastern Mediterranean conifer-broadleaf forests,12.0,"Mediterranean Forests, Woodlands & Scrub",Palearctic
621,acid_nox,cf_mean,0.008728313,Eastern Micronesia tropical moist forests,1.0,Tropical & Subtropical Moist Broadleaf Forests,Oceania
461,acid_nox,cf_mean,0.08658844,Eastern Panamanian montane forests,1.0,Tropical & Subtropical Moist Broadleaf Forests,Neotropic
531,acid_nox,cf_mean,0.14372693,Ecuadorian dry forests,2.0,Tropical & Subtropical Dry Broadleaf Forests,Neotropic
391,acid_nox,cf_mean,0.16588755,Edwards Plateau savanna,8.0,"Temperate Grasslands, Savannas & Shrublands",Nearctic
185,acid_nox,cf_mean,0.12876453,Einasleigh upland savanna,7.0,"Tropical & Subtropical Grasslands, Savannas & Shrublands",Australasia
695,acid_nox,cf_mean,0.6923251,Elburz Range forest steppe,5.0,Temperate Conifer Forests,Palearctic
728,acid_nox,cf_mean,1.4215206,Emin Valley steppe,8.0,"Temperate Grasslands, Savannas & Shrublands",Palearctic
663,acid_nox,cf_mean,0.4851852,English Lowlands beech forests,4.0,Temperate Broadleaf & Mixed Forests,Palearctic
580,acid_nox,cf_mean,0.059079394,Enriquillo wetlands,9.0,Flooded Grasslands & Savannas,Neotropic
93,acid_nox,cf_mean,0.23890175,Eritrean coastal desert,13.0,Deserts & Xeric Shrublands,Afrotropic
198,acid_nox,cf_mean,0.075311586,Esperance mallee,12.0,"Mediterranean Forests, Woodlands & Scrub",Australasia
575,acid_nox,cf_mean,0.09886333,Espinal,8.0,"Temperate Grasslands, Savannas & Shrublands",Neotropic
12,acid_nox,cf_mean,0.2287142,Ethiopian montane forests,1.0,Tropical & Subtropical Moist Broadleaf Forests,Afrotropic
79,acid_nox,cf_mean,0.23059493,Ethiopian montane grasslands and woodlands,10.0,Montane Grasslands & Shrublands,Afrotropic
80,acid_nox,cf_mean,0.22461228,Ethiopian montane moorlands,10.0,Montane Grasslands & Shrublands,Afrotropic
70,acid_nox,cf_mean,0.20367225,Etosha Pan halophytics,9.0,Flooded Grasslands & Savannas,Afrotropic
665,acid_nox,cf_mean,0.563659,Euxine-Colchic broadleaf forests,4.0,Temperate Broadleaf & Mixed Forests,Palearctic
581,acid_nox,cf_mean,0.22234562,Everglades flooded grasslands,9.0,Flooded Grasslands & Savannas,Neotropic
199,acid_nox,cf_mean,0.071044125,Eyre and York mallee,12.0,"Mediterranean Forests, Woodlands & Scrub",Australasia
729,acid_nox,cf_mean,0.37088847,Faroe Islands boreal grasslands,8.0,"Temperate Grasslands, Savannas & Shrublands",Palearctic
462,acid_nox,cf_mean,0.048736833,Fernando de Noronha-Atol das Rocas moist forests,1.0,Tropical & Subtropical Moist Broadleaf Forests,Neotropic
635,acid_nox,cf_mean,0.009020722,Fiji tropical dry forests,2.0,Tropical & Subtropical Dry Broadleaf Forests,Oceania
622,acid_nox,cf_mean,0.0090130605,Fiji tropical moist forests,1.0,Tropical & Subtropical Moist Broadleaf Forests,Oceania
169,acid_nox,cf_mean,0.047189757,Fiordland temperate forests,4.0,Temperate Broadleaf & Mixed Forests,Australasia
200,acid_nox,cf_mean,0.07948865,Flinders-Lofty montane woodlands,12.0,"Mediterranean Forests, Woodlands & Scrub",Australasia
392,acid_nox,cf_mean,0.3074489,Flint Hills tallgrass prairie,8.0,"Temperate Grasslands, Savannas & Shrublands",Nearctic
355,acid_nox,cf_mean,0.57385874,Fraser Plateau and Basin conifer forests,5.0,Temperate Conifer Forests,Nearctic
89,acid_nox,cf_mean,0.19128327,Fynbos shrubland,12.0,"Mediterranean Forests, Woodlands & Scrub",Afrotropic
601,acid_nox,cf_mean,0.04705294,Galápagos Islands xeric scrub,13.0,Deserts & Xeric Shrublands,Neotropic
94,acid_nox,cf_mean,0.2865501,Gariep Karoo,13.0,Deserts & Xeric Shrublands,Afrotropic
752,acid_nox,cf_mean,1.0095106,Ghorat-Hazarajat alpine meadow,10.0,Montane Grasslands & Shrublands,Palearctic
209,acid_nox,cf_mean,0.106789276,Gibson desert,13.0,Deserts & Xeric Shrublands,Australasia
730,acid_nox,cf_mean,1.3862134,Gissaro-Alai open woodlands,8.0,"Temperate Grasslands, Savannas & Shrublands",Palearctic
316,acid_nox,cf_mean,0.19220449,Godavari-Krishna mangroves,13.0,Deserts & Xeric Shrublands,Indomalayan
825,acid_nox,cf_mean,0.7655308,Gobi Lakes Valley desert steppe,13.0,Deserts & Xeric Shrublands,Palearctic
13,acid_nox,cf_mean,0.07836996,Granitic Seychelles forests,1.0,Tropical & Subtropical Moist Broadleaf Forests,Afrotropic
356,acid_nox,cf_mean,0.27178532,Great Basin montane forests,5.0,Temperate Conifer Forests,Nearctic
430,acid_nox,cf_mean,0.28606772,Great Basin shrub steppe,13.0,Deserts & Xeric Shrublands,Nearctic
826,acid_nox,cf_mean,0.997304,Great Lakes Basin desert steppe,13.0,Deserts & Xeric Shrublands,Palearctic
210,acid_nox,cf_mean,0.22584806,Great Sandy-Tanami desert,13.0,Deserts & Xeric Shrublands,Australasia
211,acid_nox,cf_mean,0.09113229,Great Victoria desert,13.0,Deserts & Xeric Shrublands,Australasia
231,acid_nox,cf_mean,0.14487836,Greater Negros-Panay rain forests,1.0,Tropical & Subtropical Moist Broadleaf Forests,Indomalayan
602,acid_nox,cf_mean,0.075541064,Guajira-Barranquilla xeric scrub,13.0,Deserts & Xeric Shrublands,Neotropic
582,acid_nox,cf_mean,0.20513915,Guayaquil flooded grasslands,9.0,Flooded Grasslands & Savannas,Neotropic
463,acid_nox,cf_mean,0.12937944,Guianan freshwater swamp forests,1.0,Tropical & Subtropical Moist Broadleaf Forests,Neotropic
464,acid_nox,cf_mean,0.1941703,Guianan Highlands moist forests,1.0,Tropical & Subtropical Moist Broadleaf Forests,Neotropic
465,acid_nox,cf_mean,0.1857476,Guianan lowland moist forests,1.0,Tropical & Subtropical Moist Broadleaf Forests,Neotropic
466,acid_nox,cf_mean,0.18670887,Guianan piedmont moist forests,1.0,Tropical & Subtropical Moist Broadleaf Forests,Neotropic
570,acid_nox,cf_mean,0.22371885,Guianan savanna,7.0,"Tropical & Subtropical Grasslands, Savannas & Shrublands",Neotropic
44,acid_nox,cf_mean,0.12278697,Guinean forest-savanna,7.0,"Tropical & Subtropical Grasslands, Savannas & Shrublands",Afrotropic
113,acid_nox,cf_mean,0.088372365,Guinean mangroves,14.0,Mangroves,Afrotropic
14,acid_nox,cf_mean,0.11481231,Guinean montane forests,1.0,Tropical & Subtropical Moist Broadleaf Forests,Afrotropic
642,acid_nox,cf_mean,0.695589,Guizhou Plateau broadleaf and mixed forests,1.0,Tropical & Subtropical Moist Broadleaf Forests,Palearctic
431,acid_nox,cf_mean,0.109572165,Gulf of California xeric scrub,13.0,Deserts & Xeric Shrublands,Nearctic
335,acid_nox,cf_mean,0.6381947,Gulf of St. Lawrence lowland forests,4.0,Temperate Broadleaf & Mixed Forests,Nearctic
467,acid_nox,cf_mean,0.18678188,Gurupa várzea,1.0,Tropical & Subtropical Moist Broadleaf Forests,Neotropic
232,acid_nox,cf_mean,0.27567524,Hainan Island monsoon rain forests,1.0,Tropical & Subtropical Moist Broadleaf Forests,Indomalayan
140,acid_nox,cf_mean,0.07952833,Halmahera rain forests,1.0,Tropical & Subtropical Moist Broadleaf Forests,Australasia
201,acid_nox,cf_mean,0.07853531,Hampton mallee and woodlands,12.0,"Mediterranean Forests, Woodlands & Scrub",Australasia
636,acid_nox,cf_mean,0.034484163,Hawai'i tropical dry forests,2.0,Tropical & Subtropical Dry Broadleaf Forests,Oceania
639,acid_nox,cf_mean,0.025818188,Hawai'i tropical high shrublands,7.0,"Tropical & Subtropical Grasslands, Savannas & Shrublands",Oceania
640,acid_nox,cf_mean,0.039139025,Hawai'i tropical low shrublands,7.0,"Tropical & Subtropical Grasslands, Savannas & Shrublands",Oceania
623,acid_nox,cf_mean,0.036799468,Hawai'i tropical moist forests,1.0,Tropical & Subtropical Moist Broadleaf Forests,Oceania
696,acid_nox,cf_mean,0.76587564,Helanshan montane conifer forests,5.0,Temperate Conifer Forests,Palearctic
697,acid_nox,cf_mean,0.68508047,Hengduan Mountains subalpine conifer forests,5.0,Temperate Conifer Forests,Palearctic
412,acid_nox,cf_mean,0.2775541,Canadian High Arctic tundra,11.0,Tundra,Nearctic
592,acid_nox,cf_mean,0.16695033,High Monte,10.0,Montane Grasslands & Shrublands,Neotropic
81,acid_nox,cf_mean,0.39816332,Highveld grasslands,10.0,Montane Grasslands & Shrublands,Afrotropic
233,acid_nox,cf_mean,0.5370241,Himalayan subtropical broadleaf forests,1.0,Tropical & Subtropical Moist Broadleaf Forests,Indomalayan
302,acid_nox,cf_mean,0.70541966,Himalayan subtropical pine forests,3.0,Tropical & Subtropical Coniferous Forests,Indomalayan
753,acid_nox,cf_mean,1.2760206,Hindu Kush alpine meadow,10.0,Montane Grasslands & Shrublands,Palearctic
532,acid_nox,cf_mean,0.06092713,Hispaniolan dry forests,2.0,Tropical & Subtropical Dry Broadleaf Forests,Neotropic
468,acid_nox,cf_mean,0.059377953,Hispaniolan moist forests,1.0,Tropical & Subtropical Moist Broadleaf Forests,Neotropic
555,acid_nox,cf_mean,0.0602003,Hispaniolan pine forests,3.0,Tropical & Subtropical Coniferous Forests,Neotropic
95,acid_nox,cf_mean,0.29137677,Hobyo grasslands and shrublands,13.0,Deserts & Xeric Shrublands,Afrotropic
666,acid_nox,cf_mean,0.4110827,Hokkaido deciduous forests,4.0,Temperate Broadleaf & Mixed Forests,Palearctic
698,acid_nox,cf_mean,0.4459497,Hokkaido montane conifer forests,5.0,Temperate Conifer Forests,Palearctic
699,acid_nox,cf_mean,0.35726076,Honshu alpine conifer forests,5.0,Temperate Conifer Forests,Palearctic
45,acid_nox,cf_mean,0.19736242,Horn of Africa xeric bushlands,7.0,"Tropical & Subtropical Grasslands, Savannas & Shrublands",Afrotropic
667,acid_nox,cf_mean,0.7302646,Huang He Plain mixed forests,4.0,Temperate Broadleaf & Mixed Forests,Palearctic
571,acid_nox,cf_mean,0.10521273,Humid Chaco,7.0,"Tropical & Subtropical Grasslands, Savannas & Shrublands",Neotropic
576,acid_nox,cf_mean,0.0833871,Humid Pampas,8.0,"Temperate Grasslands, Savannas & Shrublands",Neotropic
141,acid_nox,cf_mean,0.057758525,Huon Peninsula montane rain forests,1.0,Tropical & Subtropical Moist Broadleaf Forests,Australasia
792,acid_nox,cf_mean,0.31603387,Iberian conifer forests,12.0,"Mediterranean Forests, Woodlands & Scrub",Palearctic
793,acid_nox,cf_mean,0.30641052,Iberian sclerophyllous and semi-deciduous forests,12.0,"Mediterranean Forests, Woodlands & Scrub",Palearctic
711,acid_nox,cf_mean,0.17267558,Iceland boreal birch forests and alpine tundra,6.0,Boreal Forests/Taiga,Palearctic
794,acid_nox,cf_mean,0.6614277,Illyrian deciduous forests,12.0,"Mediterranean Forests, Woodlands & Scrub",Palearctic
319,acid_nox,cf_mean,0.19237006,Indochina mangroves,14.0,Mangroves,Indomalayan
320,acid_nox,cf_mean,0.43902513,Indus River Delta-Arabian Sea mangroves,14.0,Mangroves,Indomalayan
317,acid_nox,cf_mean,1.1205812,Indus Valley desert,13.0,Deserts & Xeric Shrublands,Indomalayan
71,acid_nox,cf_mean,0.34351042,Inner Niger Delta flooded savanna,9.0,Flooded Grasslands & Savannas,Afrotropic
375,acid_nox,cf_mean,0.52064896,Interior Alaska-Yukon lowland taiga,6.0,Boreal Forests/Taiga,Nearctic
336,acid_nox,cf_mean,0.5536927,Interior Plateau US Hardwood Forests,4.0,Temperate Broadleaf & Mixed Forests,Nearctic
416,acid_nox,cf_mean,0.58036596,Interior Yukon-Alaska alpine tundra,11.0,Tundra,Nearctic
469,acid_nox,cf_mean,0.1691706,Iquitos várzea,1.0,Tropical & Subtropical Moist Broadleaf Forests,Neotropic
294,acid_nox,cf_mean,0.30746722,Irrawaddy dry forests,2.0,Tropical & Subtropical Dry Broadleaf Forests,Indomalayan
234,acid_nox,cf_mean,0.23823373,Irrawaddy freshwater swamp forests,1.0,Tropical & Subtropical Moist Broadleaf Forests,Indomalayan
235,acid_nox,cf_mean,0.31849682,Irrawaddy moist deciduous forests,1.0,Tropical & Subtropical Moist Broadleaf Forests,Indomalayan
533,acid_nox,cf_mean,0.111448966,Islas Revillagigedo dry forests,2.0,Tropical & Subtropical Dry Broadleaf Forests,Neotropic
470,acid_nox,cf_mean,0.08252579,Isthmian-Atlantic moist forests,1.0,Tropical & Subtropical Moist Broadleaf Forests,Neotropic
471,acid_nox,cf_mean,0.0814341,Isthmian-Pacific moist forests,1.0,Tropical & Subtropical Moist Broadleaf Forests,Neotropic
795,acid_nox,cf_mean,0.6699797,Italian sclerophyllous and semi-deciduous forests,12.0,"Mediterranean Forests, Woodlands & Scrub",Palearctic
46,acid_nox,cf_mean,0.2025872,Itigi-Sumbu thicket,7.0,"Tropical & Subtropical Grasslands, Savannas & Shrublands",Afrotropic
534,acid_nox,cf_mean,0.107200295,Jalisco dry forests,2.0,Tropical & Subtropical Dry Broadleaf Forests,Neotropic
535,acid_nox,cf_mean,0.061840277,Jamaican dry forests,2.0,Tropical & Subtropical Dry Broadleaf Forests,Neotropic
472,acid_nox,cf_mean,0.06328314,Jamaican moist forests,1.0,Tropical & Subtropical Moist Broadleaf Forests,Neotropic
473,acid_nox,cf_mean,0.12206622,Japurá-Solimões-Negro moist forests,1.0,Tropical & Subtropical Moist Broadleaf Forests,Neotropic
202,acid_nox,cf_mean,0.088878915,Jarrah-Karri forest and shrublands,12.0,"Mediterranean Forests, Woodlands & Scrub",Australasia
236,acid_nox,cf_mean,0.53871155,Jian Nan subtropical evergreen forests,1.0,Tropical & Subtropical Moist Broadleaf Forests,Indomalayan
82,acid_nox,cf_mean,0.16290109,Jos Plateau forest-grassland,10.0,Montane Grasslands & Shrublands,Afrotropic
560,acid_nox,cf_mean,0.07639647,Juan Fernández Islands temperate forests,4.0,Temperate Broadleaf & Mixed Forests,Neotropic
827,acid_nox,cf_mean,1.389643,Junggar Basin semi-desert,13.0,Deserts & Xeric Shrublands,Palearctic
474,acid_nox,cf_mean,0.13722228,Juruá-Purus moist forests,1.0,Tropical & Subtropical Moist Broadleaf Forests,Neotropic
418,acid_nox,cf_mean,0.08138829,Kalaallit Nunaat High Arctic tundra,11.0,Tundra,Nearctic
47,acid_nox,cf_mean,0.4292983,Kalahari Acacia woodlands,7.0,"Tropical & Subtropical Grasslands, Savannas & Shrublands",Afrotropic
97,acid_nox,cf_mean,0.3706268,Kalahari xeric savanna,13.0,Deserts & Xeric Shrublands,Afrotropic
713,acid_nox,cf_mean,0.2842632,Kamchatka-Kurile meadows and sparse forests,6.0,Boreal Forests/Taiga,Palearctic
712,acid_nox,cf_mean,0.3454007,Kamchatka taiga,6.0,Boreal Forests/Taiga,Palearctic
98,acid_nox,cf_mean,0.15122049,Kaokoveld desert,13.0,Deserts & Xeric Shrublands,Afrotropic
754,acid_nox,cf_mean,1.0744112,Karakoram-West Tibetan Plateau alpine steppe,10.0,Montane Grasslands & Shrublands,Palearctic
237,acid_nox,cf_mean,0.26348582,Kayah-Karen montane rain forests,1.0,Tropical & Subtropical Moist Broadleaf Forests,Indomalayan
731,acid_nox,cf_mean,0.8633939,Kazakh forest steppe,8.0,"Temperate Grasslands, Savannas & Shrublands",Palearctic
828,acid_nox,cf_mean,0.75423634,Kazakh semi-desert,13.0,Deserts & Xeric Shrublands,Palearctic
732,acid_nox,cf_mean,0.78091294,Kazakh steppe,8.0,"Temperate Grasslands, Savannas & Shrublands",Palearctic
733,acid_nox,cf_mean,0.8419337,Kazakh upland steppe,8.0,"Temperate Grasslands, Savannas & Shrublands",Palearctic
624,acid_nox,cf_mean,0.009196481,Kermadec Islands subtropical moist forests,1.0,Tropical & Subtropical Moist Broadleaf Forests,Oceania
755,acid_nox,cf_mean,0.7909357,Khangai Mountains alpine meadow,10.0,Montane Grasslands & Shrublands,Palearctic
700,acid_nox,cf_mean,0.80471253,Khangai Mountains conifer forests,5.0,Temperate Conifer Forests,Palearctic
295,acid_nox,cf_mean,0.47787127,Khathiar-Gir dry deciduous forests,2.0,Tropical & Subtropical Dry Broadleaf Forests,Indomalayan
186,acid_nox,cf_mean,0.21349265,Kimberly tropical savanna,7.0,"Tropical & Subtropical Grasslands, Savannas & Shrublands",Australasia
357,acid_nox,cf_mean,0.27875185,Klamath-Siskiyou forests,5.0,Temperate Conifer Forests,Nearctic
15,acid_nox,cf_mean,0.19201149,Knysna-Amatole montane forests,1.0,Tropical & Subtropical Moist Broadleaf Forests,Afrotropic
774,acid_nox,cf_mean,0.49114898,Kola Peninsula tundra,11.0,Tundra,Palearctic
829,acid_nox,cf_mean,0.78530025,Kopet Dag semi-desert,13.0,Deserts & Xeric Shrublands,Palearctic
756,acid_nox,cf_mean,0.8426768,Kopet Dag woodlands and forest steppe,10.0,Montane Grasslands & Shrublands,Palearctic
757,acid_nox,cf_mean,0.5017069,Kuh Rud and Eastern Iran montane woodlands,10.0,Montane Grasslands & Shrublands,Palearctic
16,acid_nox,cf_mean,0.21672612,Kwazulu Natal-Cape coastal forests,1.0,Tropical & Subtropical Moist Broadleaf Forests,Afrotropic
603,acid_nox,cf_mean,0.1061919,La Costa xeric shrublands,13.0,Deserts & Xeric Shrublands,Neotropic
72,acid_nox,cf_mean,0.46818268,Lake Chad flooded savanna,9.0,Flooded Grasslands & Savannas,Afrotropic
536,acid_nox,cf_mean,0.08017739,Lara-Falcón dry forests,2.0,Tropical & Subtropical Dry Broadleaf Forests,Neotropic
475,acid_nox,cf_mean,0.050236326,Leeward Islands moist forests,1.0,Tropical & Subtropical Moist Broadleaf Forests,Neotropic
163,acid_nox,cf_mean,0.07282282,Lesser Sundas deciduous forests,2.0,Tropical & Subtropical Dry Broadleaf Forests,Australasia
48,acid_nox,cf_mean,0.31529194,Limpopo lowveld,7.0,"Tropical & Subtropical Grasslands, Savannas & Shrublands",Afrotropic
572,acid_nox,cf_mean,0.18148144,Llanos,7.0,"Tropical & Subtropical Grasslands, Savannas & Shrublands",Neotropic
142,acid_nox,cf_mean,0.019605944,Lord Howe Island subtropical forests,1.0,Tropical & Subtropical Moist Broadleaf Forests,Australasia
143,acid_nox,cf_mean,0.011991951,Louisiade Archipelago rain forests,1.0,Tropical & Subtropical Moist Broadleaf Forests,Australasia
577,acid_nox,cf_mean,0.13403718,Low Monte,8.0,"Temperate Grasslands, Savannas & Shrublands",Neotropic
238,acid_nox,cf_mean,0.38289538,Lower Gangetic Plains moist deciduous forests,1.0,Tropical & Subtropical Moist Broadleaf Forests,Indomalayan
239,acid_nox,cf_mean,0.27605033,Luang Prabang montane rain forests,1.0,Tropical & Subtropical Moist Broadleaf Forests,Indomalayan
240,acid_nox,cf_mean,0.1969795,Luzon montane rain forests,1.0,Tropical & Subtropical Moist Broadleaf Forests,Indomalayan
241,acid_nox,cf_mean,0.18577926,Luzon rain forests,1.0,Tropical & Subtropical Moist Broadleaf Forests,Indomalayan
303,acid_nox,cf_mean,0.20048922,Luzon tropical pine forests,3.0,Tropical & Subtropical Coniferous Forests,Indomalayan
32,acid_nox,cf_mean,0.15174374,Madagascar dry deciduous forests,2.0,Tropical & Subtropical Dry Broadleaf Forests,Afrotropic
83,acid_nox,cf_mean,0.19981451,Madagascar ericoid thickets,10.0,Montane Grasslands & Shrublands,Afrotropic
17,acid_nox,cf_mean,0.18091097,Madagascar humid forests,1.0,Tropical & Subtropical Moist Broadleaf Forests,Afrotropic
114,acid_nox,cf_mean,0.17114925,Madagascar mangroves,14.0,Mangroves,Afrotropic
99,acid_nox,cf_mean,0.21852902,Madagascar spiny thickets,13.0,Deserts & Xeric Shrublands,Afrotropic
18,acid_nox,cf_mean,0.20281474,Madagascar subhumid forests,1.0,Tropical & Subtropical Moist Broadleaf Forests,Afrotropic
100,acid_nox,cf_mean,0.26022047,Madagascar succulent woodlands,13.0,Deserts & Xeric Shrublands,Afrotropic
476,acid_nox,cf_mean,0.3651658,Madeira-Tapajós moist forests,1.0,Tropical & Subtropical Moist Broadleaf Forests,Neotropic
668,acid_nox,cf_mean,0.2533299,Madeira evergreen forests,4.0,Temperate Broadleaf & Mixed Forests,Palearctic
478,acid_nox,cf_mean,0.10226721,Magdalena-Urabá moist forests,1.0,Tropical & Subtropical Moist Broadleaf Forests,Neotropic
538,acid_nox,cf_mean,0.18865506,Magdalena Valley dry forests,2.0,Tropical & Subtropical Dry Broadleaf Forests,Neotropic
477,acid_nox,cf_mean,0.15175728,Magdalena Valley montane forests,1.0,Tropical & Subtropical Moist Broadleaf Forests,Neotropic
561,acid_nox,cf_mean,0.11320394,Magellanic subpolar forests,4.0,Temperate Broadleaf & Mixed Forests,Neotropic
73,acid_nox,cf_mean,0.3618844,Makgadikgadi halophytics,9.0,Flooded Grasslands & Savannas,Afrotropic
242,acid_nox,cf_mean,0.14544725,Malabar Coast moist forests,1.0,Tropical & Subtropical Moist Broadleaf Forests,Indomalayan
243,acid_nox,cf_mean,0.10098778,Maldives-Lakshadweep-Chagos Archipelago tropical moist forests,1.0,Tropical & Subtropical Moist Broadleaf Forests,Indomalayan
604,acid_nox,cf_mean,0.031954557,Malpelo Island xeric scrub,13.0,Deserts & Xeric Shrublands,Neotropic
669,acid_nox,cf_mean,1.0892358,Manchurian mixed forests,4.0,Temperate Broadleaf & Mixed Forests,Palearctic
49,acid_nox,cf_mean,0.22631867,Mandara Plateau woodlands,7.0,"Tropical & Subtropical Grasslands, Savannas & Shrublands",Afrotropic
19,acid_nox,cf_mean,0.2570383,Maputaland coastal forests and woodlands,1.0,Tropical & Subtropical Moist Broadleaf Forests,Afrotropic
539,acid_nox,cf_mean,0.079841904,Maracaibo dry forests,2.0,Tropical & Subtropical Dry Broadleaf Forests,Neotropic
480,acid_nox,cf_mean,0.1877759,Marajó várzea,1.0,Tropical & Subtropical Moist Broadleaf Forests,Neotropic
540,acid_nox,cf_mean,0.19282138,Maranhão Babaçu forests,2.0,Tropical & Subtropical Dry Broadleaf Forests,Neotropic
479,acid_nox,cf_mean,0.22605002,Marañón dry forests,1.0,Tropical & Subtropical Moist Broadleaf Forests,Neotropic
637,acid_nox,cf_mean,0.045362692,Marianas tropical dry forests,2.0,Tropical & Subtropical Dry Broadleaf Forests,Oceania
625,acid_nox,cf_mean,0.007495418,Marquesas tropical moist forests,1.0,Tropical & Subtropical Moist Broadleaf Forests,Oceania
50,acid_nox,cf_mean,0.23938699,Masai xeric grasslands and shrublands,7.0,"Tropical & Subtropical Grasslands, Savannas & Shrublands",Afrotropic
20,acid_nox,cf_mean,0.087231554,Mascarene forests,1.0,Tropical & Subtropical Moist Broadleaf Forests,Afrotropic
481,acid_nox,cf_mean,0.32673895,Mato Grosso tropical dry forests,1.0,Tropical & Subtropical Moist Broadleaf Forests,Neotropic
796,acid_nox,cf_mean,0.1438831,Mediterranean Acacia-Argania dry woodlands and succulent thickets,12.0,"Mediterranean Forests, Woodlands & Scrub",Palearctic
701,acid_nox,cf_mean,0.25836265,Mediterranean conifer and mixed forests,5.0,Temperate Conifer Forests,Palearctic
797,acid_nox,cf_mean,0.25688913,Mediterranean dry woodlands and steppe,12.0,"Mediterranean Forests, Woodlands & Scrub",Palearctic
758,acid_nox,cf_mean,0.15910628,Mediterranean High Atlas juniper steppe,10.0,Montane Grasslands & Shrublands,Palearctic
798,acid_nox,cf_mean,0.25118902,Mediterranean woodlands and forests,12.0,"Mediterranean Forests, Woodlands & Scrub",Palearctic
244,acid_nox,cf_mean,0.43540585,Meghalaya subtropical forests,1.0,Tropical & Subtropical Moist Broadleaf Forests,Indomalayan
245,acid_nox,cf_mean,0.09641073,Mentawai Islands rain forests,1.0,Tropical & Subtropical Moist Broadleaf Forests,Indomalayan
432,acid_nox,cf_mean,0.12930837,Meseta Central matorral,13.0,Deserts & Xeric Shrublands,Nearctic
613,acid_nox,cf_mean,0.0943879,Mesoamerican Gulf-Caribbean mangroves,14.0,Mangroves,Neotropic
830,acid_nox,cf_mean,0.55640703,Mesopotamian shrub desert,13.0,Deserts & Xeric Shrublands,Palearctic
376,acid_nox,cf_mean,0.6042872,Mid-Canada Boreal Plains forests,6.0,Boreal Forests/Taiga,Nearctic
414,acid_nox,cf_mean,0.34476182,Canadian Middle Arctic Tundra,11.0,Tundra,Nearctic
393,acid_nox,cf_mean,0.38667354,Mid-Atlantic US coastal savannas,8.0,"Temperate Grasslands, Savannas & Shrublands",Nearctic
377,acid_nox,cf_mean,0.76073974,Midwest Canadian Shield forests,6.0,Boreal Forests/Taiga,Nearctic
247,acid_nox,cf_mean,0.12623627,Mindanao-Eastern Visayas rain forests,1.0,Tropical & Subtropical Moist Broadleaf Forests,Indomalayan
246,acid_nox,cf_mean,0.12088478,Mindanao montane rain forests,1.0,Tropical & Subtropical Moist Broadleaf Forests,Indomalayan
248,acid_nox,cf_mean,0.16740778,Mindoro rain forests,1.0,Tropical & Subtropical Moist Broadleaf Forests,Indomalayan
573,acid_nox,cf_mean,0.07336994,Miskito pine forests,7.0,"Tropical & Subtropical Grasslands, Savannas & Shrublands",Neotropic
337,acid_nox,cf_mean,0.2592808,Mississippi lowland forests,4.0,Temperate Broadleaf & Mixed Forests,Nearctic
187,acid_nox,cf_mean,0.18022132,Mitchell Grass Downs,7.0,"Tropical & Subtropical Grasslands, Savannas & Shrublands",Australasia
249,acid_nox,cf_mean,0.38173932,Mizoram-Manipur-Kachin rain forests,1.0,Tropical & Subtropical Moist Broadleaf Forests,Indomalayan
433,acid_nox,cf_mean,0.16527392,Mojave desert,13.0,Deserts & Xeric Shrublands,Nearctic
734,acid_nox,cf_mean,0.7499161,Mongolian-Manchurian grassland,8.0,"Temperate Grasslands, Savannas & Shrublands",Palearctic
394,acid_nox,cf_mean,0.63445234,Montana Valley and Foothill grasslands,8.0,"Temperate Grasslands, Savannas & Shrublands",Nearctic
482,acid_nox,cf_mean,0.16765794,Monte Alegre várzea,1.0,Tropical & Subtropical Moist Broadleaf Forests,Neotropic
605,acid_nox,cf_mean,0.07605341,Motagua Valley thornscrub,13.0,Deserts & Xeric Shrublands,Neotropic
21,acid_nox,cf_mean,0.14579108,Mount Cameroon and Bioko montane forests,1.0,Tropical & Subtropical Moist Broadleaf Forests,Afrotropic
84,acid_nox,cf_mean,0.21326175,Mulanje Montane forest-grassland,10.0,Montane Grasslands & Shrublands,Afrotropic
203,acid_nox,cf_mean,0.08085095,Murray-Darling woodlands and mallee,12.0,"Mediterranean Forests, Woodlands & Scrub",Australasia
378,acid_nox,cf_mean,0.4380194,Muskwa-Slave Lake taiga,6.0,Boreal Forests/Taiga,Nearctic
321,acid_nox,cf_mean,0.2265993,Myanmar Coast mangroves,14.0,Mangroves,Indomalayan
250,acid_nox,cf_mean,0.24898459,Myanmar coastal rain forests,1.0,Tropical & Subtropical Moist Broadleaf Forests,Indomalayan
101,acid_nox,cf_mean,0.30689642,Nama Karoo shrublands,13.0,Deserts & Xeric Shrublands,Afrotropic
102,acid_nox,cf_mean,0.22302863,Namaqualand-Richtersveld steppe,13.0,Deserts & Xeric Shrublands,Afrotropic
103,acid_nox,cf_mean,0.2246768,Namib Desert,13.0,Deserts & Xeric Shrublands,Afrotropic
104,acid_nox,cf_mean,0.19614296,Namibian savanna woodlands,13.0,Deserts & Xeric Shrublands,Afrotropic
251,acid_nox,cf_mean,0.21010347,Nansei Islands subtropical evergreen forests,1.0,Tropical & Subtropical Moist Broadleaf Forests,Indomalayan
483,acid_nox,cf_mean,0.16061373,Napo moist forests,1.0,Tropical & Subtropical Moist Broadleaf Forests,Neotropic
204,acid_nox,cf_mean,0.09448084,Naracoorte woodlands,12.0,"Mediterranean Forests, Woodlands & Scrub",Australasia
296,acid_nox,cf_mean,0.32581544,Narmada Valley dry deciduous forests,2.0,Tropical & Subtropical Dry Broadleaf Forests,Indomalayan
395,acid_nox,cf_mean,0.41081163,Nebraska Sand Hills mixed grasslands,8.0,"Temperate Grasslands, Savannas & Shrublands",Nearctic
484,acid_nox,cf_mean,0.1848155,Negro-Branco moist forests,1.0,Tropical & Subtropical Moist Broadleaf Forests,Neotropic
170,acid_nox,cf_mean,0.07026874,Nelson Coast temperate forests,4.0,Temperate Broadleaf & Mixed Forests,Australasia
743,acid_nox,cf_mean,0.8522509,Nenjiang River grassland,9.0,Flooded Grasslands & Savannas,Palearctic
144,acid_nox,cf_mean,0.018321533,New Britain-New Ireland lowland rain forests,1.0,Tropical & Subtropical Moist Broadleaf Forests,Australasia
145,acid_nox,cf_mean,0.017310979,New Britain-New Ireland montane rain forests,1.0,Tropical & Subtropical Moist Broadleaf Forests,Australasia
164,acid_nox,cf_mean,0.012726705,New Caledonia dry forests,2.0,Tropical & Subtropical Dry Broadleaf Forests,Australasia
146,acid_nox,cf_mean,0.012781682,New Caledonia rain forests,1.0,Tropical & Subtropical Moist Broadleaf Forests,Australasia
338,acid_nox,cf_mean,0.8357945,New England-Acadian forests,4.0,Temperate Broadleaf & Mixed Forests,Nearctic
217,acid_nox,cf_mean,0.047478862,New Guinea mangroves,14.0,Mangroves,Australasia
252,acid_nox,cf_mean,0.16888647,Nicobar Islands rain forests,1.0,Tropical & Subtropical Moist Broadleaf Forests,Indomalayan
22,acid_nox,cf_mean,0.12273842,Niger Delta swamp forests,1.0,Tropical & Subtropical Moist Broadleaf Forests,Afrotropic
23,acid_nox,cf_mean,0.12325831,Nigerian lowland forests,1.0,Tropical & Subtropical Moist Broadleaf Forests,Afrotropic
670,acid_nox,cf_mean,0.29938728,Nihonkai evergreen forests,4.0,Temperate Broadleaf & Mixed Forests,Palearctic
671,acid_nox,cf_mean,0.3397137,Nihonkai montane deciduous forests,4.0,Temperate Broadleaf & Mixed Forests,Palearctic
744,acid_nox,cf_mean,0.8702213,Nile Delta flooded savanna,9.0,Flooded Grasslands & Savannas,Palearctic
147,acid_nox,cf_mean,0.015189366,Norfolk Island subtropical forests,1.0,Tropical & Subtropical Moist Broadleaf Forests,Australasia
831,acid_nox,cf_mean,0.6994457,North Arabian desert,13.0,Deserts & Xeric Shrublands,Palearctic
832,acid_nox,cf_mean,0.7610815,North Arabian highland shrublands,13.0,Deserts & Xeric Shrublands,Palearctic
171,acid_nox,cf_mean,0.18958052,New Zealand North Island temperate forests,4.0,Temperate Broadleaf & Mixed Forests,Australasia
833,acid_nox,cf_mean,0.30940387,North Saharan Xeric Steppe and Woodland,13.0,Deserts & Xeric Shrublands,Palearctic
106,acid_nox,cf_mean,0.18911058,Somali montane xeric woodlands,13.0,Deserts & Xeric Shrublands,Afrotropic
759,acid_nox,cf_mean,0.88966405,North Tibetan Plateau-Kunlun Mountains alpine desert,10.0,Montane Grasslands & Shrublands,Palearctic
253,acid_nox,cf_mean,0.19204696,North Western Ghats moist deciduous forests,1.0,Tropical & Subtropical Moist Broadleaf Forests,Indomalayan
254,acid_nox,cf_mean,0.15982266,North Western Ghats montane rain forests,1.0,Tropical & Subtropical Moist Broadleaf Forests,Indomalayan
673,acid_nox,cf_mean,0.9148077,Northeast China Plain deciduous forests,4.0,Temperate Broadleaf & Mixed Forests,Palearctic
304,acid_nox,cf_mean,0.43096805,Northeast India-Myanmar pine forests,3.0,Tropical & Subtropical Coniferous Forests,Indomalayan
775,acid_nox,cf_mean,0.14833172,Northeast Siberian coastal tundra,11.0,Tundra,Palearctic
714,acid_nox,cf_mean,0.20095894,Northeast Siberian taiga,6.0,Boreal Forests/Taiga,Palearctic
485,acid_nox,cf_mean,0.12158445,Northeast Brazil restingas,1.0,Tropical & Subtropical Moist Broadleaf Forests,Neotropic
24,acid_nox,cf_mean,0.17722955,Northeast Congolian lowland forests,1.0,Tropical & Subtropical Moist Broadleaf Forests,Afrotropic
702,acid_nox,cf_mean,0.61301464,Northeast Himalayan subalpine conifer forests,5.0,Temperate Conifer Forests,Palearctic
799,acid_nox,cf_mean,0.61232793,Northeast Spain and Southern France Mediterranean forests,12.0,"Mediterranean Forests, Woodlands & Scrub",Palearctic
339,acid_nox,cf_mean,0.6282015,Northeast US Coastal forests,4.0,Temperate Broadleaf & Mixed Forests,Nearctic
51,acid_nox,cf_mean,0.21742265,Northern Acacia-Commiphora bushlands and thickets,7.0,"Tropical & Subtropical Grasslands, Savannas & Shrublands",Afrotropic
703,acid_nox,cf_mean,0.5615892,Northern Anatolian conifer and deciduous forests,5.0,Temperate Conifer Forests,Palearctic
593,acid_nox,cf_mean,0.18167363,Northern Andean páramo,10.0,Montane Grasslands & Shrublands,Neotropic
255,acid_nox,cf_mean,0.25361782,Northern Annamites rain forests,1.0,Tropical & Subtropical Moist Broadleaf Forests,Indomalayan
359,acid_nox,cf_mean,0.21708916,Northern California coastal forests,5.0,Temperate Conifer Forests,Nearctic
379,acid_nox,cf_mean,0.518413,Northern Canadian Shield taiga,6.0,Boreal Forests/Taiga,Nearctic
52,acid_nox,cf_mean,0.3244484,Northern Congolian Forest-Savanna,7.0,"Tropical & Subtropical Grasslands, Savannas & Shrublands",Afrotropic
297,acid_nox,cf_mean,0.2528972,North Deccan dry deciduous forests,2.0,Tropical & Subtropical Dry Broadleaf Forests,Indomalayan
256,acid_nox,cf_mean,0.37114948,Northern Indochina subtropical forests,1.0,Tropical & Subtropical Moist Broadleaf Forests,Indomalayan
257,acid_nox,cf_mean,0.2620938,Northern Khorat Plateau moist deciduous forests,1.0,Tropical & Subtropical Moist Broadleaf Forests,Indomalayan
614,acid_nox,cf_mean,0.11704598,Northern Mesoamerican Pacific mangroves,14.0,Mangroves,Neotropic
148,acid_nox,cf_mean,0.04425421,Northern New Guinea lowland rain and freshwater swamp forests,1.0,Tropical & Subtropical Moist Broadleaf Forests,Australasia
149,acid_nox,cf_mean,0.041869648,Northern New Guinea montane rain forests,1.0,Tropical & Subtropical Moist Broadleaf Forests,Australasia
396,acid_nox,cf_mean,0.49877295,Northern Shortgrass prairie,8.0,"Temperate Grasslands, Savannas & Shrublands",Nearctic
25,acid_nox,cf_mean,0.22294168,Northern Swahili coastal forests,1.0,Tropical & Subtropical Moist Broadleaf Forests,Afrotropic
397,acid_nox,cf_mean,0.6422458,Northern Tallgrass prairie,8.0,"Temperate Grasslands, Savannas & Shrublands",Nearctic
258,acid_nox,cf_mean,0.27059007,Northern Thailand-Laos moist deciduous forests,1.0,Tropical & Subtropical Moist Broadleaf Forests,Indomalayan
259,acid_nox,cf_mean,0.4960826,Northern Triangle subtropical forests,1.0,Tropical & Subtropical Moist Broadleaf Forests,Indomalayan
307,acid_nox,cf_mean,0.5720442,Northern Triangle temperate forests,4.0,Temperate Broadleaf & Mixed Forests,Indomalayan
260,acid_nox,cf_mean,0.26597968,Northern Vietnam lowland rain forests,1.0,Tropical & Subtropical Moist Broadleaf Forests,Indomalayan
173,acid_nox,cf_mean,0.14196014,Northland temperate kauri forests,4.0,Temperate Broadleaf & Mixed Forests,Australasia
800,acid_nox,cf_mean,0.31581092,Northwest Iberian montane forests,12.0,"Mediterranean Forests, Woodlands & Scrub",Palearctic
776,acid_nox,cf_mean,0.56754994,Northwest Russian-Novaya Zemlya tundra,11.0,Tundra,Palearctic
486,acid_nox,cf_mean,0.16361526,Northwest Andean montane forests,1.0,Tropical & Subtropical Moist Broadleaf Forests,Neotropic
26,acid_nox,cf_mean,0.17749964,Northwest Congolian lowland forests,1.0,Tropical & Subtropical Moist Broadleaf Forests,Afrotropic
641,acid_nox,cf_mean,0.084096365,Northwest Hawai'i scrub,7.0,"Tropical & Subtropical Grasslands, Savannas & Shrublands",Oceania
760,acid_nox,cf_mean,1.0078746,Northwestern Himalayan alpine shrub and meadows,10.0,Montane Grasslands & Shrublands,Palearctic
314,acid_nox,cf_mean,0.91340774,Aravalli west thorn scrub forests,13.0,Deserts & Xeric Shrublands,Indomalayan
777,acid_nox,cf_mean,0.011096476,Novosibirsk Islands Arctic desert,11.0,Tundra,Palearctic
704,acid_nox,cf_mean,0.6089093,Nujiang Langcang Gorge alpine conifer and mixed forests,5.0,Temperate Conifer Forests,Palearctic
212,acid_nox,cf_mean,0.08300429,Nullarbor Plains xeric shrublands,13.0,Deserts & Xeric Shrublands,Australasia
85,acid_nox,cf_mean,0.24201572,Nyanga-Chimanimani Montane forest-grassland,10.0,Montane Grasslands & Shrublands,Afrotropic
487,acid_nox,cf_mean,0.16069211,Oaxacan montane forests,1.0,Tropical & Subtropical Moist Broadleaf Forests,Neotropic
626,acid_nox,cf_mean,0.08176555,Ogasawara subtropical moist forests,1.0,Tropical & Subtropical Moist Broadleaf Forests,Oceania
419,acid_nox,cf_mean,0.42106226,Ogilvie-MacKenzie alpine tundra,11.0,Tundra,Nearctic
362,acid_nox,cf_mean,1.0362285,Okanogan dry forests,5.0,Temperate Conifer Forests,Nearctic
715,acid_nox,cf_mean,0.9790177,Okhotsk-Manchurian taiga,6.0,Boreal Forests/Taiga,Palearctic
761,acid_nox,cf_mean,0.7868814,Ordos Plateau steppe,10.0,Montane Grasslands & Shrublands,Palearctic
488,acid_nox,cf_mean,0.15698738,Orinoco Delta swamp forests,1.0,Tropical & Subtropical Moist Broadleaf Forests,Neotropic
583,acid_nox,cf_mean,0.12470154,Orinoco wetlands,9.0,Flooded Grasslands & Savannas,Neotropic
261,acid_nox,cf_mean,0.25364932,Orissa semi-evergreen forests,1.0,Tropical & Subtropical Moist Broadleaf Forests,Indomalayan
340,acid_nox,cf_mean,0.33282584,Ozark Highlands mixed forests,4.0,Temperate Broadleaf & Mixed Forests,Nearctic
341,acid_nox,cf_mean,0.27152744,Ozark Mountain forests,4.0,Temperate Broadleaf & Mixed Forests,Nearctic
420,acid_nox,cf_mean,0.43200275,Pacific Coastal Mountain icefields and tundra,11.0,Tundra,Nearctic
627,acid_nox,cf_mean,0.08424059,Palau tropical moist forests,1.0,Tropical & Subtropical Moist Broadleaf Forests,Oceania
262,acid_nox,cf_mean,0.17240791,Palawan rain forests,1.0,Tropical & Subtropical Moist Broadleaf Forests,Indomalayan
398,acid_nox,cf_mean,0.9818679,Palouse prairie,8.0,"Temperate Grasslands, Savannas & Shrublands",Nearctic
762,acid_nox,cf_mean,1.4542195,Pamir alpine desert and tundra,10.0,Montane Grasslands & Shrublands,Palearctic
541,acid_nox,cf_mean,0.083020985,Panamanian dry forests,2.0,Tropical & Subtropical Dry Broadleaf Forests,Neotropic
674,acid_nox,cf_mean,0.8961362,Pannonian mixed forests,4.0,Temperate Broadleaf & Mixed Forests,Palearctic
584,acid_nox,cf_mean,0.1708665,Pantanal,9.0,Flooded Grasslands & Savannas,Neotropic
489,acid_nox,cf_mean,0.09580034,Pantanos de Centla,1.0,Tropical & Subtropical Moist Broadleaf Forests,Neotropic
490,acid_nox,cf_mean,0.18870988,Pantepui forests & shrublands,1.0,Tropical & Subtropical Moist Broadleaf Forests,Neotropic
606,acid_nox,cf_mean,0.07742893,Paraguaná xeric scrub,13.0,Deserts & Xeric Shrublands,Neotropic
585,acid_nox,cf_mean,0.08626007,Paraná flooded savanna,9.0,Flooded Grasslands & Savannas,Neotropic
834,acid_nox,cf_mean,1.2593726,Paropamisus xeric woodlands,13.0,Deserts & Xeric Shrublands,Palearctic
578,acid_nox,cf_mean,0.14613073,Patagonian steppe,8.0,"Temperate Grasslands, Savannas & Shrublands",Neotropic
542,acid_nox,cf_mean,0.1965613,Patía valley dry forests,2.0,Tropical & Subtropical Dry Broadleaf Forests,Neotropic
263,acid_nox,cf_mean,0.14713883,Peninsular Malaysian montane rain forests,1.0,Tropical & Subtropical Moist Broadleaf Forests,Indomalayan
264,acid_nox,cf_mean,0.14272882,Peninsular Malaysian peat swamp forests,1.0,Tropical & Subtropical Moist Broadleaf Forests,Indomalayan
265,acid_nox,cf_mean,0.1468444,Peninsular Malaysian rain forests,1.0,Tropical & Subtropical Moist Broadleaf Forests,Indomalayan
491,acid_nox,cf_mean,0.116188444,Pernambuco coastal forests,1.0,Tropical & Subtropical Moist Broadleaf Forests,Neotropic
492,acid_nox,cf_mean,0.1203754,Pernambuco interior forests,1.0,Tropical & Subtropical Moist Broadleaf Forests,Neotropic
493,acid_nox,cf_mean,0.36222896,Peruvian Yungas,1.0,Tropical & Subtropical Moist Broadleaf Forests,Neotropic
494,acid_nox,cf_mean,0.1028119,Petén-Veracruz moist forests,1.0,Tropical & Subtropical Moist Broadleaf Forests,Neotropic
213,acid_nox,cf_mean,0.097552374,Pilbara shrublands,13.0,Deserts & Xeric Shrublands,Australasia
801,acid_nox,cf_mean,0.5470134,Pindus Mountains mixed forests,12.0,"Mediterranean Forests, Woodlands & Scrub",Palearctic
363,acid_nox,cf_mean,0.20445655,Piney Woods,5.0,Temperate Conifer Forests,Nearctic
675,acid_nox,cf_mean,0.94480836,Po Basin mixed forests,4.0,Temperate Broadleaf & Mixed Forests,Palearctic
735,acid_nox,cf_mean,0.5584294,Pontic steppe,8.0,"Temperate Grasslands, Savannas & Shrublands",Palearctic
543,acid_nox,cf_mean,0.057178527,Puerto Rican dry forests,2.0,Tropical & Subtropical Dry Broadleaf Forests,Neotropic
495,acid_nox,cf_mean,0.057149753,Puerto Rican moist forests,1.0,Tropical & Subtropical Moist Broadleaf Forests,Neotropic
364,acid_nox,cf_mean,0.88667715,Puget lowland forests,5.0,Temperate Conifer Forests,Nearctic
497,acid_nox,cf_mean,0.19511917,Purus-Madeira moist forests,1.0,Tropical & Subtropical Moist Broadleaf Forests,Neotropic
496,acid_nox,cf_mean,0.13401954,Purus várzea,1.0,Tropical & Subtropical Moist Broadleaf Forests,Neotropic
676,acid_nox,cf_mean,0.5362468,Pyrenees conifer and mixed forests,4.0,Temperate Broadleaf & Mixed Forests,Palearctic
835,acid_nox,cf_mean,0.8361653,Qaidam Basin semi-desert,13.0,Deserts & Xeric Shrublands,Palearctic
705,acid_nox,cf_mean,0.8506207,Qilian Mountains conifer forests,5.0,Temperate Conifer Forests,Palearctic
763,acid_nox,cf_mean,0.8347749,Qilian Mountains subalpine meadows,10.0,Montane Grasslands & Shrublands,Palearctic
677,acid_nox,cf_mean,0.8255997,Qin Ling Mountains deciduous forests,4.0,Temperate Broadleaf & Mixed Forests,Palearctic
706,acid_nox,cf_mean,0.74169105,Qionglai-Minshan conifer forests,5.0,Temperate Conifer Forests,Palearctic
150,acid_nox,cf_mean,0.11082232,Queensland tropical rain forests,1.0,Tropical & Subtropical Moist Broadleaf Forests,Australasia
174,acid_nox,cf_mean,0.07244113,Rakiura Island temperate forests,4.0,Temperate Broadleaf & Mixed Forests,Australasia
312,acid_nox,cf_mean,0.6308871,Rann of Kutch seasonal salt marsh,9.0,Flooded Grasslands & Savannas,Indomalayan
628,acid_nox,cf_mean,0.020172462,Rapa Nui and Sala y Gómez subtropical forests,1.0,Tropical & Subtropical Moist Broadleaf Forests,Oceania
266,acid_nox,cf_mean,0.3274027,Red River freshwater swamp forests,1.0,Tropical & Subtropical Moist Broadleaf Forests,Indomalayan
837,acid_nox,cf_mean,0.6297121,Red Sea-Arabian Desert shrublands,13.0,Deserts & Xeric Shrublands,Palearctic
836,acid_nox,cf_mean,0.5172026,Red Sea coastal desert,13.0,Deserts & Xeric Shrublands,Palearctic
115,acid_nox,cf_mean,0.31551662,Red Sea mangroves,14.0,Mangroves,Afrotropic
838,acid_nox,cf_mean,0.6006239,Registan-North Pakistan sandy desert,13.0,Deserts & Xeric Shrublands,Palearctic
90,acid_nox,cf_mean,0.19521928,Renosterveld shrubland,12.0,"Mediterranean Forests, Woodlands & Scrub",Afrotropic
175,acid_nox,cf_mean,0.09712822,Richmond temperate forests,4.0,Temperate Broadleaf & Mixed Forests,Australasia
498,acid_nox,cf_mean,0.14408511,Rio Negro campinarana,1.0,Tropical & Subtropical Moist Broadleaf Forests,Neotropic
678,acid_nox,cf_mean,0.6859271,Rodope montane mixed forests,4.0,Temperate Broadleaf & Mixed Forests,Palearctic
86,acid_nox,cf_mean,0.12660788,Rwenzori-Virunga montane moorlands,10.0,Montane Grasslands & Shrublands,Afrotropic
745,acid_nox,cf_mean,0.3344039,Saharan halophytics,9.0,Flooded Grasslands & Savannas,Palearctic
53,acid_nox,cf_mean,0.2946194,Sahelian Acacia savanna,7.0,"Tropical & Subtropical Grasslands, Savannas & Shrublands",Afrotropic
716,acid_nox,cf_mean,0.5594329,Sakhalin Island taiga,6.0,Boreal Forests/Taiga,Palearctic
629,acid_nox,cf_mean,0.0069383737,Samoan tropical moist forests,1.0,Tropical & Subtropical Moist Broadleaf Forests,Oceania
562,acid_nox,cf_mean,0.08390671,San Félix-San Ambrosio Islands temperate forests,4.0,Temperate Broadleaf & Mixed Forests,Neotropic
607,acid_nox,cf_mean,0.094501816,San Lucan xeric scrub,13.0,Deserts & Xeric Shrublands,Neotropic
425,acid_nox,cf_mean,0.11930544,Santa Lucia Montane Chaparral & Woodlands,12.0,"Mediterranean Forests, Woodlands & Scrub",Nearctic
499,acid_nox,cf_mean,0.08240213,Santa Marta montane forests,1.0,Tropical & Subtropical Moist Broadleaf Forests,Neotropic
594,acid_nox,cf_mean,0.08457442,Santa Marta páramo,10.0,Montane Grasslands & Shrublands,Neotropic
27,acid_nox,cf_mean,0.05361892,"São Tomé, Príncipe, and Annobón forests",1.0,Tropical & Subtropical Moist Broadleaf Forests,Afrotropic
679,acid_nox,cf_mean,0.6796958,Sarmatic mixed forests,4.0,Temperate Broadleaf & Mixed Forests,Palearctic
764,acid_nox,cf_mean,0.9414533,Sayan alpine meadows and tundra,10.0,Montane Grasslands & Shrublands,Palearctic
736,acid_nox,cf_mean,1.1488655,Sayan Intermontane steppe,8.0,"Temperate Grasslands, Savannas & Shrublands",Palearctic
707,acid_nox,cf_mean,1.0304747,Sayan montane conifer forests,5.0,Temperate Conifer Forests,Palearctic
717,acid_nox,cf_mean,0.7251146,Scandinavian and Russian taiga,6.0,Boreal Forests/Taiga,Palearctic
708,acid_nox,cf_mean,0.44603357,Scandinavian coastal conifer forests,5.0,Temperate Conifer Forests,Palearctic
780,acid_nox,cf_mean,0.6311786,Scandinavian Montane Birch forest and grasslands,11.0,Tundra,Palearctic
608,acid_nox,cf_mean,0.5065113,Sechura desert,13.0,Deserts & Xeric Shrublands,Neotropic
737,acid_nox,cf_mean,0.7807217,Selenge-Orkhon forest steppe,8.0,"Temperate Grasslands, Savannas & Shrublands",Palearctic
151,acid_nox,cf_mean,0.060790695,Seram rain forests,1.0,Tropical & Subtropical Moist Broadleaf Forests,Australasia
54,acid_nox,cf_mean,0.19357438,Serengeti volcanic grasslands,7.0,"Tropical & Subtropical Grasslands, Savannas & Shrublands",Afrotropic
500,acid_nox,cf_mean,0.23548529,Serra do Mar coastal forests,1.0,Tropical & Subtropical Moist Broadleaf Forests,Neotropic
680,acid_nox,cf_mean,0.74788237,Sichuan Basin evergreen broadleaf forests,4.0,Temperate Broadleaf & Mixed Forests,Palearctic
544,acid_nox,cf_mean,0.09961707,Sierra de la Laguna dry forests,2.0,Tropical & Subtropical Dry Broadleaf Forests,Neotropic
556,acid_nox,cf_mean,0.1094559,Sierra de la Laguna pine-oak forests,3.0,Tropical & Subtropical Coniferous Forests,Neotropic
501,acid_nox,cf_mean,0.1332766,Sierra de los Tuxtlas,1.0,Tropical & Subtropical Moist Broadleaf Forests,Neotropic
502,acid_nox,cf_mean,0.078349784,Sierra Madre de Chiapas moist forests,1.0,Tropical & Subtropical Moist Broadleaf Forests,Neotropic
557,acid_nox,cf_mean,0.13713992,Sierra Madre de Oaxaca pine-oak forests,3.0,Tropical & Subtropical Coniferous Forests,Neotropic
558,acid_nox,cf_mean,0.13403367,Sierra Madre del Sur pine-oak forests,3.0,Tropical & Subtropical Coniferous Forests,Neotropic
326,acid_nox,cf_mean,0.13972522,Sierra Madre Occidental pine-oak forests,3.0,Tropical & Subtropical Coniferous Forests,Nearctic
327,acid_nox,cf_mean,0.14530809,Sierra Madre Oriental pine-oak forests,3.0,Tropical & Subtropical Coniferous Forests,Nearctic
366,acid_nox,cf_mean,0.18994315,Sierra Nevada forests,5.0,Temperate Conifer Forests,Nearctic
214,acid_nox,cf_mean,0.14736453,Simpson desert,13.0,Deserts & Xeric Shrublands,Australasia
545,acid_nox,cf_mean,0.12629522,Sinaloan dry forests,2.0,Tropical & Subtropical Dry Broadleaf Forests,Neotropic
546,acid_nox,cf_mean,0.08430133,Sinú Valley dry forests,2.0,Tropical & Subtropical Dry Broadleaf Forests,Neotropic
434,acid_nox,cf_mean,0.4349756,Snake-Columbia shrub steppe,13.0,Deserts & Xeric Shrublands,Nearctic
630,acid_nox,cf_mean,0.006470983,Society Islands tropical moist forests,1.0,Tropical & Subtropical Moist Broadleaf Forests,Oceania
105,acid_nox,cf_mean,0.18837857,Socotra Island xeric shrublands,13.0,Deserts & Xeric Shrublands,Afrotropic
503,acid_nox,cf_mean,0.10877923,Solimões-Japurá moist forests,1.0,Tropical & Subtropical Moist Broadleaf Forests,Neotropic
152,acid_nox,cf_mean,0.009843522,Solomon Islands rain forests,1.0,Tropical & Subtropical Moist Broadleaf Forests,Australasia
55,acid_nox,cf_mean,0.265242,Somali Acacia-Commiphora bushlands and thickets,7.0,"Tropical & Subtropical Grasslands, Savannas & Shrublands",Afrotropic
324,acid_nox,cf_mean,0.14381373,Sonoran-Sinaloan subtropical dry forest,2.0,Tropical & Subtropical Dry Broadleaf Forests,Nearctic
435,acid_nox,cf_mean,0.14403231,Sonoran desert,13.0,Deserts & Xeric Shrublands,Nearctic
615,acid_nox,cf_mean,0.13652912,South American Pacific mangroves,14.0,Mangroves,Neotropic
802,acid_nox,cf_mean,0.4511305,South Apennine mixed montane forests,12.0,"Mediterranean Forests, Woodlands & Scrub",Palearctic
367,acid_nox,cf_mean,0.6089883,South Central Rockies forests,5.0,Temperate Conifer Forests,Nearctic
268,acid_nox,cf_mean,0.39705974,South China-Vietnam subtropical evergreen forests,1.0,Tropical & Subtropical Moist Broadleaf Forests,Indomalayan
267,acid_nox,cf_mean,0.20823933,South China Sea Islands,1.0,Tropical & Subtropical Moist Broadleaf Forests,Indomalayan
298,acid_nox,cf_mean,0.13084896,South Deccan Plateau dry deciduous forests,2.0,Tropical & Subtropical Dry Broadleaf Forests,Indomalayan
841,acid_nox,cf_mean,0.45326495,South Iran Nubo-Sindian desert and semi-desert,13.0,Deserts & Xeric Shrublands,Palearctic
194,acid_nox,cf_mean,0.08403432,New Zealand South Island montane grasslands,10.0,Montane Grasslands & Shrublands,Australasia
172,acid_nox,cf_mean,0.10589488,New Zealand South Island temperate forests,4.0,Temperate Broadleaf & Mixed Forests,Australasia
842,acid_nox,cf_mean,0.23085354,South Sahara desert,13.0,Deserts & Xeric Shrublands,Palearctic
738,acid_nox,cf_mean,1.0464342,South Siberian forest steppe,8.0,"Temperate Grasslands, Savannas & Shrublands",Palearctic
269,acid_nox,cf_mean,0.2522795,South Taiwan monsoon rain forests,1.0,Tropical & Subtropical Moist Broadleaf Forests,Indomalayan
270,acid_nox,cf_mean,0.121210046,South Western Ghats moist deciduous forests,1.0,Tropical & Subtropical Moist Broadleaf Forests,Indomalayan
271,acid_nox,cf_mean,0.12142132,South Western Ghats montane rain forests,1.0,Tropical & Subtropical Moist Broadleaf Forests,Indomalayan
176,acid_nox,cf_mean,0.12998778,Southeast Australia temperate forests,4.0,Temperate Broadleaf & Mixed Forests,Australasia
192,acid_nox,cf_mean,0.09202728,Southeast Australia temperate savanna,8.0,"Temperate Grasslands, Savannas & Shrublands",Australasia
765,acid_nox,cf_mean,0.726762,Southeast Tibet shrublands and meadows,10.0,Montane Grasslands & Shrublands,Palearctic
400,acid_nox,cf_mean,0.35290772,Southeast US mixed woodlands and savannas,8.0,"Temperate Grasslands, Savannas & Shrublands",Nearctic
399,acid_nox,cf_mean,0.36151448,Southeast US conifer savannas,8.0,"Temperate Grasslands, Savannas & Shrublands",Nearctic
803,acid_nox,cf_mean,0.2453607,Southeast Iberian shrubs and woodlands,12.0,"Mediterranean Forests, Woodlands & Scrub",Palearctic
299,acid_nox,cf_mean,0.20163114,Southeast Indochina dry evergreen forests,2.0,Tropical & Subtropical Dry Broadleaf Forests,Indomalayan
153,acid_nox,cf_mean,0.029458987,Southeast Papuan rain forests,1.0,Tropical & Subtropical Moist Broadleaf Forests,Australasia
57,acid_nox,cf_mean,0.18624188,Southern Acacia-Commiphora bushlands and thickets,7.0,"Tropical & Subtropical Grasslands, Savannas & Shrublands",Afrotropic
116,acid_nox,cf_mean,0.22494346,Southern Africa mangroves,14.0,Mangroves,Afrotropic
804,acid_nox,cf_mean,0.47340736,Southern Anatolian montane conifer and deciduous forests,12.0,"Mediterranean Forests, Woodlands & Scrub",Palearctic
595,acid_nox,cf_mean,0.2003117,Southern Andean steppe,10.0,Montane Grasslands & Shrublands,Neotropic
504,acid_nox,cf_mean,0.16188192,Southern Andean Yungas,1.0,Tropical & Subtropical Moist Broadleaf Forests,Neotropic
272,acid_nox,cf_mean,0.21089487,Southern Annamites montane rain forests,1.0,Tropical & Subtropical Moist Broadleaf Forests,Indomalayan
616,acid_nox,cf_mean,0.1663005,Southern Atlantic Brazilian mangroves,14.0,Mangroves,Neotropic
586,acid_nox,cf_mean,0.091008,Southern Cone Mesopotamian savanna,9.0,Flooded Grasslands & Savannas,Neotropic
58,acid_nox,cf_mean,0.2613526,Southern Congolian forest-savanna,7.0,"Tropical & Subtropical Grasslands, Savannas & Shrublands",Afrotropic
342,acid_nox,cf_mean,0.6512925,Southern Great Lakes forests,4.0,Temperate Broadleaf & Mixed Forests,Nearctic
382,acid_nox,cf_mean,0.7494346,Southern Hudson Bay taiga,6.0,Boreal Forests/Taiga,Nearctic
681,acid_nox,cf_mean,0.3673633,Southern Korea evergreen forests,4.0,Temperate Broadleaf & Mixed Forests,Palearctic
617,acid_nox,cf_mean,0.07623357,Southern Mesoamerican Pacific mangroves,14.0,Mangroves,Neotropic
154,acid_nox,cf_mean,0.04805705,Southern New Guinea freshwater swamp forests,1.0,Tropical & Subtropical Moist Broadleaf Forests,Australasia
155,acid_nox,cf_mean,0.04908701,Southern New Guinea lowland rain forests,1.0,Tropical & Subtropical Moist Broadleaf Forests,Australasia
547,acid_nox,cf_mean,0.102115855,Southern Pacific dry forests,2.0,Tropical & Subtropical Dry Broadleaf Forests,Neotropic
87,acid_nox,cf_mean,0.25709757,Southern Rift Montane forest-grassland,10.0,Montane Grasslands & Shrublands,Afrotropic
28,acid_nox,cf_mean,0.23050621,Southern Swahili coastal forests and woodlands,1.0,Tropical & Subtropical Moist Broadleaf Forests,Afrotropic
300,acid_nox,cf_mean,0.20782878,Southern Vietnam lowland dry forests,2.0,Tropical & Subtropical Dry Broadleaf Forests,Indomalayan
505,acid_nox,cf_mean,0.20807475,Southwest Amazon moist forests,1.0,Tropical & Subtropical Moist Broadleaf Forests,Neotropic
108,acid_nox,cf_mean,0.40855607,Southwest Arabian Escarpment shrublands and woodlands,13.0,Deserts & Xeric Shrublands,Afrotropic
109,acid_nox,cf_mean,0.44180414,Southwest Arabian highland xeric scrub,13.0,Deserts & Xeric Shrublands,Afrotropic
205,acid_nox,cf_mean,0.080149464,Southwest Australia savanna,12.0,"Mediterranean Forests, Woodlands & Scrub",Australasia
206,acid_nox,cf_mean,0.093477726,Southwest Australia woodlands,12.0,"Mediterranean Forests, Woodlands & Scrub",Australasia
273,acid_nox,cf_mean,0.10902747,Southwest Borneo freshwater swamp forests,1.0,Tropical & Subtropical Moist Broadleaf Forests,Indomalayan
805,acid_nox,cf_mean,0.22016159,Southwest Iberian Mediterranean sclerophyllous and mixed forests,12.0,"Mediterranean Forests, Woodlands & Scrub",Palearctic
301,acid_nox,cf_mean,0.1186342,Sri Lanka dry-zone dry evergreen forests,2.0,Tropical & Subtropical Dry Broadleaf Forests,Indomalayan
274,acid_nox,cf_mean,0.11535004,Sri Lanka lowland rain forests,1.0,Tropical & Subtropical Moist Broadleaf Forests,Indomalayan
275,acid_nox,cf_mean,0.11567178,Sri Lanka montane rain forests,1.0,Tropical & Subtropical Moist Broadleaf Forests,Indomalayan
609,acid_nox,cf_mean,0.021356357,St. Peter and St. Paul Rocks,13.0,Deserts & Xeric Shrublands,Neotropic
110,acid_nox,cf_mean,0.20899966,Succulent Karoo xeric shrublands,13.0,Deserts & Xeric Shrublands,Afrotropic
74,acid_nox,cf_mean,0.2704847,Sudd flooded grasslands,9.0,Flooded Grasslands & Savannas,Afrotropic
746,acid_nox,cf_mean,1.1809363,Suiphun-Khanka meadows and forest meadows,9.0,Flooded Grasslands & Savannas,Palearctic
766,acid_nox,cf_mean,0.7693028,Sulaiman Range alpine meadows,10.0,Montane Grasslands & Shrublands,Palearctic
157,acid_nox,cf_mean,0.08340506,Sulawesi montane rain forests,1.0,Tropical & Subtropical Moist Broadleaf Forests,Australasia
276,acid_nox,cf_mean,0.12400824,Sulu Archipelago rain forests,1.0,Tropical & Subtropical Moist Broadleaf Forests,Indomalayan
277,acid_nox,cf_mean,0.132586,Sumatran freshwater swamp forests,1.0,Tropical & Subtropical Moist Broadleaf Forests,Indomalayan
278,acid_nox,cf_mean,0.12012969,Sumatran lowland rain forests,1.0,Tropical & Subtropical Moist Broadleaf Forests,Indomalayan
279,acid_nox,cf_mean,0.12231437,Sumatran montane rain forests,1.0,Tropical & Subtropical Moist Broadleaf Forests,Indomalayan
280,acid_nox,cf_mean,0.13295074,Sumatran peat swamp forests,1.0,Tropical & Subtropical Moist Broadleaf Forests,Indomalayan
305,acid_nox,cf_mean,0.13152419,Sumatran tropical pine forests,3.0,Tropical & Subtropical Coniferous Forests,Indomalayan
165,acid_nox,cf_mean,0.059038877,Sumba deciduous forests,2.0,Tropical & Subtropical Dry Broadleaf Forests,Australasia
322,acid_nox,cf_mean,0.12284652,Sunda Shelf mangroves,14.0,Mangroves,Indomalayan
281,acid_nox,cf_mean,0.105923675,Sundaland heath forests,1.0,Tropical & Subtropical Moist Broadleaf Forests,Indomalayan
282,acid_nox,cf_mean,0.31683135,Sundarbans freshwater swamp forests,1.0,Tropical & Subtropical Moist Broadleaf Forests,Indomalayan
323,acid_nox,cf_mean,0.30747262,Sundarbans mangroves,14.0,Mangroves,Indomalayan
739,acid_nox,cf_mean,0.57156336,Syrian xeric grasslands and shrublands,8.0,"Temperate Grasslands, Savannas & Shrublands",Palearctic
682,acid_nox,cf_mean,0.29765213,Taiheiyo evergreen forests,4.0,Temperate Broadleaf & Mixed Forests,Palearctic
683,acid_nox,cf_mean,0.32856458,Taiheiyo montane deciduous forests,4.0,Temperate Broadleaf & Mixed Forests,Palearctic
781,acid_nox,cf_mean,0.39697775,Taimyr-Central Siberian tundra,11.0,Tundra,Palearctic
283,acid_nox,cf_mean,0.31084424,Taiwan subtropical evergreen forests,1.0,Tropical & Subtropical Moist Broadleaf Forests,Indomalayan
843,acid_nox,cf_mean,1.3513411,Taklimakan desert,13.0,Deserts & Xeric Shrublands,Palearctic
506,acid_nox,cf_mean,0.087238565,Talamancan montane forests,1.0,Tropical & Subtropical Moist Broadleaf Forests,Neotropic
436,acid_nox,cf_mean,0.12554833,Tamaulipan matorral,13.0,Deserts & Xeric Shrublands,Nearctic
437,acid_nox,cf_mean,0.13827161,Tamaulipan mezquital,13.0,Deserts & Xeric Shrublands,Nearctic
507,acid_nox,cf_mean,0.25492328,Tapajós-Xingu moist forests,1.0,Tropical & Subtropical Moist Broadleaf Forests,Neotropic
684,acid_nox,cf_mean,1.3229847,Tarim Basin deciduous forests and steppe,4.0,Temperate Broadleaf & Mixed Forests,Palearctic
177,acid_nox,cf_mean,0.19295447,Tasmanian Central Highland forests,4.0,Temperate Broadleaf & Mixed Forests,Australasia
178,acid_nox,cf_mean,0.11650721,Tasmanian temperate forests,4.0,Temperate Broadleaf & Mixed Forests,Australasia
179,acid_nox,cf_mean,0.16002986,Tasmanian temperate rain forests,4.0,Temperate Broadleaf & Mixed Forests,Australasia
610,acid_nox,cf_mean,0.18706821,Tehuacán Valley matorral,13.0,Deserts & Xeric Shrublands,Neotropic
284,acid_nox,cf_mean,0.18536124,Tenasserim-South Thailand semi-evergreen rain forests,1.0,Tropical & Subtropical Moist Broadleaf Forests,Indomalayan
311,acid_nox,cf_mean,0.5008608,Terai-Duar savanna and grasslands,7.0,"Tropical & Subtropical Grasslands, Savannas & Shrublands",Indomalayan
401,acid_nox,cf_mean,0.17767109,Texas blackland prairies,8.0,"Temperate Grasslands, Savannas & Shrublands",Nearctic
318,acid_nox,cf_mean,1.1258948,Thar desert,13.0,Deserts & Xeric Shrublands,Indomalayan
740,acid_nox,cf_mean,1.5655874,Tian Shan foothill arid steppe,8.0,"Temperate Grasslands, Savannas & Shrublands",Palearctic
709,acid_nox,cf_mean,1.6121795,Tian Shan montane conifer forests,5.0,Temperate Conifer Forests,Palearctic
767,acid_nox,cf_mean,1.6001203,Tian Shan montane steppe and meadows,10.0,Montane Grasslands & Shrublands,Palearctic
844,acid_nox,cf_mean,0.24095409,Tibesti-Jebel Uweinat montane xeric woodlands,13.0,Deserts & Xeric Shrublands,Palearctic
768,acid_nox,cf_mean,0.68594277,Tibetan Plateau alpine shrublands and meadows,10.0,Montane Grasslands & Shrublands,Palearctic
747,acid_nox,cf_mean,0.61090463,Tigris-Euphrates alluvial salt marsh,9.0,Flooded Grasslands & Savannas,Palearctic
166,acid_nox,cf_mean,0.057425354,Timor and Wetar deciduous forests,2.0,Tropical & Subtropical Dry Broadleaf Forests,Australasia
215,acid_nox,cf_mean,0.09137364,Tirari-Sturt stony desert,13.0,Deserts & Xeric Shrublands,Australasia
631,acid_nox,cf_mean,0.008290917,Tongan tropical moist forests,1.0,Tropical & Subtropical Moist Broadleaf Forests,Oceania
286,acid_nox,cf_mean,0.18807793,Tonle Sap-Mekong peat swamp forests,1.0,Tropical & Subtropical Moist Broadleaf Forests,Indomalayan
285,acid_nox,cf_mean,0.18823563,Tonle Sap freshwater swamp forests,1.0,Tropical & Subtropical Moist Broadleaf Forests,Indomalayan
421,acid_nox,cf_mean,0.23877008,Torngat Mountain tundra,11.0,Tundra,Nearctic
782,acid_nox,cf_mean,0.74673784,Trans-Baikal Bald Mountain tundra,11.0,Tundra,Palearctic
718,acid_nox,cf_mean,0.7109124,Trans-Baikal conifer forests,6.0,Boreal Forests/Taiga,Palearctic
559,acid_nox,cf_mean,0.15307638,Trans-Mexican Volcanic Belt pine-oak forests,3.0,Tropical & Subtropical Coniferous Forests,Neotropic
188,acid_nox,cf_mean,0.056845967,Trans Fly savanna and grasslands,7.0,"Tropical & Subtropical Grasslands, Savannas & Shrublands",Australasia
510,acid_nox,cf_mean,0.110947326,Trinidad and Tobago moist forest,1.0,Tropical & Subtropical Moist Broadleaf Forests,Neotropic
68,acid_nox,cf_mean,0.10958132,Tristan Da Cunha-Gough Islands shrub and grasslands,8.0,"Temperate Grasslands, Savannas & Shrublands",Afrotropic
158,acid_nox,cf_mean,0.013827862,Trobriand Islands rain forests,1.0,Tropical & Subtropical Moist Broadleaf Forests,Australasia
632,acid_nox,cf_mean,0.008281138,Tuamotu tropical moist forests,1.0,Tropical & Subtropical Moist Broadleaf Forests,Oceania
633,acid_nox,cf_mean,0.007868231,Tubuai tropical moist forests,1.0,Tropical & Subtropical Moist Broadleaf Forests,Oceania
549,acid_nox,cf_mean,0.1688132,Tumbes-Piura dry forests,2.0,Tropical & Subtropical Dry Broadleaf Forests,Neotropic
806,acid_nox,cf_mean,0.48514122,Tyrrhenian-Adriatic sclerophyllous and mixed forests,12.0,"Mediterranean Forests, Woodlands & Scrub",Palearctic
511,acid_nox,cf_mean,0.17840192,Uatumã-Trombetas moist forests,1.0,Tropical & Subtropical Moist Broadleaf Forests,Neotropic
512,acid_nox,cf_mean,0.252425,Ucayali moist forests,1.0,Tropical & Subtropical Moist Broadleaf Forests,Neotropic
287,acid_nox,cf_mean,0.512851,Upper Gangetic Plains moist deciduous forests,1.0,Tropical & Subtropical Moist Broadleaf Forests,Indomalayan
343,acid_nox,cf_mean,0.6699563,Upper Midwest US forest-savanna transition,4.0,Temperate Broadleaf & Mixed Forests,Nearctic
719,acid_nox,cf_mean,1.0850359,Urals montane forest and taiga,6.0,Boreal Forests/Taiga,Palearctic
574,acid_nox,cf_mean,0.090214096,Uruguayan savanna,7.0,"Tropical & Subtropical Grasslands, Savannas & Shrublands",Neotropic
685,acid_nox,cf_mean,1.0868692,Ussuri broadleaf and mixed forests,4.0,Temperate Broadleaf & Mixed Forests,Palearctic
563,acid_nox,cf_mean,0.20957656,Valdivian temperate forests,4.0,Temperate Broadleaf & Mixed Forests,Neotropic
159,acid_nox,cf_mean,0.009340607,Vanuatu rain forests,1.0,Tropical & Subtropical Moist Broadleaf Forests,Australasia
513,acid_nox,cf_mean,0.09702007,Venezuelan Andes montane forests,1.0,Tropical & Subtropical Moist Broadleaf Forests,Neotropic
550,acid_nox,cf_mean,0.16722228,Veracruz dry forests,2.0,Tropical & Subtropical Dry Broadleaf Forests,Neotropic
514,acid_nox,cf_mean,0.1453621,Veracruz moist forests,1.0,Tropical & Subtropical Moist Broadleaf Forests,Neotropic
515,acid_nox,cf_mean,0.21259472,Veracruz montane forests,1.0,Tropical & Subtropical Moist Broadleaf Forests,Neotropic
189,acid_nox,cf_mean,0.29461685,Victoria Plains tropical savanna,7.0,"Tropical & Subtropical Grasslands, Savannas & Shrublands",Australasia
161,acid_nox,cf_mean,0.05440179,Vogelkop-Aru lowland rain forests,1.0,Tropical & Subtropical Moist Broadleaf Forests,Australasia
160,acid_nox,cf_mean,0.05526543,Vogelkop montane rain forests,1.0,Tropical & Subtropical Moist Broadleaf Forests,Australasia
368,acid_nox,cf_mean,0.30252606,Wasatch and Uinta montane forests,5.0,Temperate Conifer Forests,Nearctic
383,acid_nox,cf_mean,0.40575224,Watson Highlands taiga,6.0,Boreal Forests/Taiga,Nearctic
845,acid_nox,cf_mean,0.2130061,West Sahara desert,13.0,Deserts & Xeric Shrublands,Palearctic
846,acid_nox,cf_mean,0.18891034,West Saharan montane xeric woodlands,13.0,Deserts & Xeric Shrublands,Palearctic
720,acid_nox,cf_mean,0.8082064,West Siberian taiga,6.0,Boreal Forests/Taiga,Palearctic
62,acid_nox,cf_mean,0.14636435,West Sudanian savanna,7.0,"Tropical & Subtropical Grasslands, Savannas & Shrublands",Afrotropic
216,acid_nox,cf_mean,0.09414468,Western Australian Mulga shrublands,13.0,Deserts & Xeric Shrublands,Australasia
29,acid_nox,cf_mean,0.17436376,Western Congolian swamp forests,1.0,Tropical & Subtropical Moist Broadleaf Forests,Afrotropic
516,acid_nox,cf_mean,0.17868976,Western Ecuador moist forests,1.0,Tropical & Subtropical Moist Broadleaf Forests,Neotropic
686,acid_nox,cf_mean,0.9031699,Western European broadleaf forests,4.0,Temperate Broadleaf & Mixed Forests,Palearctic
344,acid_nox,cf_mean,0.93663174,Western Great Lakes forests,4.0,Temperate Broadleaf & Mixed Forests,Nearctic
30,acid_nox,cf_mean,0.10458375,Western Guinean lowland forests,1.0,Tropical & Subtropical Moist Broadleaf Forests,Afrotropic
384,acid_nox,cf_mean,0.14224853,Western Gulf coastal grasslands,7.0,"Tropical & Subtropical Grasslands, Savannas & Shrublands",Nearctic
769,acid_nox,cf_mean,0.6716692,Western Himalayan alpine shrub and meadows,10.0,Montane Grasslands & Shrublands,Palearctic
308,acid_nox,cf_mean,0.8178245,Western Himalayan broadleaf forests,4.0,Temperate Broadleaf & Mixed Forests,Indomalayan
310,acid_nox,cf_mean,0.8281084,Western Himalayan subalpine conifer forests,5.0,Temperate Conifer Forests,Indomalayan
288,acid_nox,cf_mean,0.081124365,Western Java montane rain forests,1.0,Tropical & Subtropical Moist Broadleaf Forests,Indomalayan
289,acid_nox,cf_mean,0.08203531,Western Java rain forests,1.0,Tropical & Subtropical Moist Broadleaf Forests,Indomalayan
634,acid_nox,cf_mean,0.0069459775,Western Polynesian tropical moist forests,1.0,Tropical & Subtropical Moist Broadleaf Forests,Oceania
402,acid_nox,cf_mean,0.2773035,Western shortgrass prairie,8.0,"Temperate Grasslands, Savannas & Shrublands",Nearctic
687,acid_nox,cf_mean,0.8674642,Western Siberian hemiboreal forests,4.0,Temperate Broadleaf & Mixed Forests,Palearctic
180,acid_nox,cf_mean,0.073148586,Westland temperate forests,4.0,Temperate Broadleaf & Mixed Forests,Australasia
403,acid_nox,cf_mean,0.49198717,Willamette Valley oak savanna,8.0,"Temperate Grasslands, Savannas & Shrublands",Nearctic
517,acid_nox,cf_mean,0.05597668,Windward Islands moist forests,1.0,Tropical & Subtropical Moist Broadleaf Forests,Neotropic
783,acid_nox,cf_mean,0.030921409,Wrangel Island Arctic desert,11.0,Tundra,Palearctic
438,acid_nox,cf_mean,0.39364976,Wyoming Basin shrub steppe,13.0,Deserts & Xeric Shrublands,Nearctic
518,acid_nox,cf_mean,0.23864983,Xingu-Tocantins-Araguaia moist forests,1.0,Tropical & Subtropical Moist Broadleaf Forests,Neotropic
784,acid_nox,cf_mean,0.51971555,Yamal-Gydan tundra,11.0,Tundra,Palearctic
638,acid_nox,cf_mean,0.054800943,Yap tropical dry forests,2.0,Tropical & Subtropical Dry Broadleaf Forests,Oceania
162,acid_nox,cf_mean,0.041797638,Yapen rain forests,1.0,Tropical & Subtropical Moist Broadleaf Forests,Australasia
770,acid_nox,cf_mean,0.5983285,Yarlung Zanbo arid steppe,10.0,Montane Grasslands & Shrublands,Palearctic
748,acid_nox,cf_mean,0.51392883,Yellow Sea saline meadow,9.0,Flooded Grasslands & Savannas,Palearctic
551,acid_nox,cf_mean,0.091918536,Yucatán dry forests,2.0,Tropical & Subtropical Dry Broadleaf Forests,Neotropic
519,acid_nox,cf_mean,0.083741106,Yucatán moist forests,1.0,Tropical & Subtropical Moist Broadleaf Forests,Neotropic
643,acid_nox,cf_mean,0.52920055,Yunnan Plateau subtropical evergreen forests,1.0,Tropical & Subtropical Moist Broadleaf Forests,Palearctic
688,acid_nox,cf_mean,0.5707718,Zagros Mountains forest steppe,4.0,Temperate Broadleaf & Mixed Forests,Palearctic
66,acid_nox,cf_mean,0.2796572,Zambezian-Limpopo mixed woodlands,7.0,"Tropical & Subtropical Grasslands, Savannas & Shrublands",Afrotropic
64,acid_nox,cf_mean,0.23420036,Zambezian Baikiaea woodlands,7.0,"Tropical & Subtropical Grasslands, Savannas & Shrublands",Afrotropic
75,acid_nox,cf_mean,0.23518269,Zambezian coastal flooded savanna,9.0,Flooded Grasslands & Savannas,Afrotropic
42,acid_nox,cf_mean,0.2310161,Dry miombo woodlands,7.0,"Tropical & Subtropical Grasslands, Savannas & Shrublands",Afrotropic
33,acid_nox,cf_mean,0.23321225,Zambezian evergreen dry forests,2.0,Tropical & Subtropical Dry Broadleaf Forests,Afrotropic
76,acid_nox,cf_mean,0.24209264,Zambezian flooded grasslands,9.0,Flooded Grasslands & Savannas,Afrotropic
65,acid_nox,cf_mean,0.3586354,Zambezian mopane woodlands,7.0,"Tropical & Subtropical Grasslands, Savannas & Shrublands",Afrotropic
524,acid_nox,cf_mean,0.31206083,Brazilian Atlantic dry forests,2.0,Tropical & Subtropical Dry Broadleaf Forests,Neotropic
380,acid_nox,cf_mean,0.4440394,Northern Cordillera forests,6.0,Boreal Forests/Taiga,Nearctic
60,acid_nox,cf_mean,0.0795522,St. Helena scrub and woodlands,7.0,"Tropical & Subtropical Grasslands, Savannas & Shrublands",Afrotropic
61,acid_nox,cf_mean,0.20112115,Victoria Basin forest-savanna,7.0,"Tropical & Subtropical Grasslands, Savannas & Shrublands",Afrotropic
63,acid_nox,cf_mean,0.21791537,Western Congolian forest-savanna,7.0,"Tropical & Subtropical Grasslands, Savannas & Shrublands",Afrotropic
78,acid_nox,cf_mean,0.21803649,East African montane moorlands,10.0,Montane Grasslands & Shrublands,Afrotropic
365,acid_nox,cf_mean,0.3520318,Queen Charlotte Islands conifer forests,5.0,Temperate Conifer Forests,Nearctic
360,acid_nox,cf_mean,0.3925968,Northern Pacific Alaskan coastal forests,5.0,Temperate Conifer Forests,Nearctic
381,acid_nox,cf_mean,0.39562216,Northwest Territories taiga,6.0,Boreal Forests/Taiga,Nearctic
107,acid_nox,cf_mean,0.32051584,Southwest Arabian coastal xeric shrublands,13.0,Deserts & Xeric Shrublands,Afrotropic
811,acid_nox,cf_mean,1.3337384,Arabian-Persian Gulf coastal plain desert,13.0,Deserts & Xeric Shrublands,Palearctic
840,acid_nox,cf_mean,0.26323605,South Arabian plains and plateau desert,13.0,Deserts & Xeric Shrublands,Palearctic
809,acid_nox,cf_mean,0.9464866,Arabian desert,13.0,Deserts & Xeric Shrublands,Palearctic
552,acid_nox,cf_mean,0.10691535,Bahamian pineyards,3.0,Tropical & Subtropical Coniferous Forests,Neotropic
96,acid_nox,cf_mean,0.17030102,Ile Europa and Bassas da India xeric scrub,13.0,Deserts & Xeric Shrublands,Afrotropic
773,acid_nox,cf_mean,0.2936878,Kamchatka tundra,11.0,Tundra,Palearctic
508,acid_nox,cf_mean,0.18946826,Tocantins/Pindare moist forests,1.0,Tropical & Subtropical Moist Broadleaf Forests,Neotropic
417,acid_nox,cf_mean,0.12985052,Kalaallit Nunaat Arctic steppe,11.0,Tundra,Nearctic
358,acid_nox,cf_mean,1.3826872,North Cascades conifer forests,5.0,Temperate Conifer Forests,Nearctic
361,acid_nox,cf_mean,0.99344975,Northern Rockies conifer forests,5.0,Temperate Conifer Forests,Nearctic
509,acid_nox,cf_mean,0.08079665,Trindade-Martin Vaz Islands tropical forests,1.0,Tropical & Subtropical Moist Broadleaf Forests,Neotropic
59,acid_nox,cf_mean,0.4459313,Southwest Arabian montane woodlands and grasslands,7.0,"Tropical & Subtropical Grasslands, Savannas & Shrublands",Afrotropic
56,acid_nox,cf_mean,0.24472488,"South Arabian fog woodlands, shrublands, and dune",7.0,"Tropical & Subtropical Grasslands, Savannas & Shrublands",Afrotropic
548,acid_nox,cf_mean,0.1104441,Trinidad and Tobago dry forest,2.0,Tropical & Subtropical Dry Broadleaf Forests,Neotropic
537,acid_nox,cf_mean,0.059820917,Lesser Antillean dry forests,2.0,Tropical & Subtropical Dry Broadleaf Forests,Neotropic
672,acid_nox,cf_mean,0.17258996,North Atlantic moist mixed forests,4.0,Temperate Broadleaf & Mixed Forests,Palearctic
156,acid_nox,cf_mean,0.08402994,Sulawesi lowland rain forests,1.0,Tropical & Subtropical Moist Broadleaf Forests,Australasia
8,acid_nox,cf_mean,0.21928468,East African montane forests,1.0,Tropical & Subtropical Moist Broadleaf Forests,Afrotropic
9,acid_nox,cf_mean,0.1793948,Eastern Arc forests,1.0,Tropical & Subtropical Moist Broadleaf Forests,Afrotropic
220,acid_nox,cf_mean,0.11440125,Borneo montane rain forests,1.0,Tropical & Subtropical Moist Broadleaf Forests,Indomalayan
313,acid_nox,cf_mean,0.14484431,Kinabalu montane alpine meadows,10.0,Montane Grasslands & Shrublands,Indomalayan
135,acid_nox,cf_median,0.01732596,Admiralty Islands lowland rain forests,1.0,Tropical & Subtropical Moist Broadleaf Forests,Australasia
785,acid_nox,cf_median,0.4426721,Aegean and Western Turkey sclerophyllous and mixed forests,12.0,"Mediterranean Forests, Woodlands & Scrub",Palearctic
807,acid_nox,cf_median,1.1914283,Afghan Mountains semi-desert,13.0,Deserts & Xeric Shrublands,Palearctic
404,acid_nox,cf_median,0.34707418,Ahklun and Kilbuck Upland Tundra,11.0,Tundra,Nearctic
722,acid_nox,cf_median,0.3311678,Al-Hajar foothill xeric woodlands and shrublands,8.0,"Temperate Grasslands, Savannas & Shrublands",Palearctic
723,acid_nox,cf_median,0.3311678,Al-Hajar montane woodlands and shrublands,8.0,"Temperate Grasslands, Savannas & Shrublands",Palearctic
721,acid_nox,cf_median,1.1275265,Alai-Western Tian Shan steppe,8.0,"Temperate Grasslands, Savannas & Shrublands",Palearctic
808,acid_nox,cf_median,0.7853317,Alashan Plateau semi-desert,13.0,Deserts & Xeric Shrublands,Palearctic
405,acid_nox,cf_median,0.4995803,Alaska-St. Elias Range tundra,11.0,Tundra,Nearctic
369,acid_nox,cf_median,0.36223277,Alaska Peninsula montane taiga,6.0,Boreal Forests/Taiga,Nearctic
88,acid_nox,cf_median,0.19272226,Albany thickets,12.0,"Mediterranean Forests, Woodlands & Scrub",Afrotropic
345,acid_nox,cf_median,0.6396435,Alberta-British Columbia foothills forests,5.0,Temperate Conifer Forests,Nearctic
1,acid_nox,cf_median,0.18167299,Albertine Rift montane forests,1.0,Tropical & Subtropical Moist Broadleaf Forests,Afrotropic
91,acid_nox,cf_median,0.13956602,Aldabra Island xeric scrub,13.0,Deserts & Xeric Shrublands,Afrotropic
406,acid_nox,cf_median,0.18492037,Aleutian Islands tundra,11.0,Tundra,Nearctic
328,acid_nox,cf_median,0.78220606,Allegheny Highlands forests,4.0,Temperate Broadleaf & Mixed Forests,Nearctic
689,acid_nox,cf_median,1.0297189,Alps conifer and mixed forests,5.0,Temperate Conifer Forests,Palearctic
749,acid_nox,cf_median,1.0873135,Altai alpine meadow and tundra,10.0,Montane Grasslands & Shrublands,Palearctic
690,acid_nox,cf_median,1.0873135,Altai montane forest and forest steppe,5.0,Temperate Conifer Forests,Palearctic
724,acid_nox,cf_median,1.164081,Altai steppe and semi-desert,8.0,"Temperate Grasslands, Savannas & Shrublands",Palearctic
439,acid_nox,cf_median,0.15454333,Alto Paraná Atlantic forests,1.0,Tropical & Subtropical Moist Broadleaf Forests,Neotropic
611,acid_nox,cf_median,0.12455894,Amazon-Orinoco-Southern Caribbean mangroves,14.0,Mangroves,Neotropic
67,acid_nox,cf_median,0.042283833,Amsterdam-Saint Paul Islands temperate grasslands,8.0,"Temperate Grasslands, Savannas & Shrublands",Afrotropic
741,acid_nox,cf_median,1.0278144,Amur meadow steppe,9.0,Flooded Grasslands & Savannas,Palearctic
786,acid_nox,cf_median,0.44352397,Anatolian conifer and deciduous mixed forests,12.0,"Mediterranean Forests, Woodlands & Scrub",Palearctic
218,acid_nox,cf_median,0.20822173,Andaman Islands rain forests,1.0,Tropical & Subtropical Moist Broadleaf Forests,Indomalayan
77,acid_nox,cf_median,0.24906053,Angolan montane forest-grassland,10.0,Montane Grasslands & Shrublands,Afrotropic
34,acid_nox,cf_median,0.19055386,Angolan mopane woodlands,7.0,"Tropical & Subtropical Grasslands, Savannas & Shrublands",Afrotropic
35,acid_nox,cf_median,0.1596589,Angolan scarp savanna and woodlands,7.0,"Tropical & Subtropical Grasslands, Savannas & Shrublands",Afrotropic
36,acid_nox,cf_median,0.24906053,Angolan wet miombo woodlands,7.0,"Tropical & Subtropical Grasslands, Savannas & Shrublands",Afrotropic
196,acid_nox,cf_median,0.011366081,Antipodes Subantarctic Islands tundra,11.0,Tundra,Australasia
331,acid_nox,cf_median,0.6462532,Appalachian-Blue Ridge forests,4.0,Temperate Broadleaf & Mixed Forests,Nearctic
329,acid_nox,cf_median,0.5996707,Appalachian mixed mesophytic forests,4.0,Temperate Broadleaf & Mixed Forests,Nearctic
330,acid_nox,cf_median,0.54096586,Appalachian Piedmont forests,4.0,Temperate Broadleaf & Mixed Forests,Nearctic
644,acid_nox,cf_median,0.6231912,Appenine deciduous montane forests,4.0,Temperate Broadleaf & Mixed Forests,Palearctic
520,acid_nox,cf_median,0.12286233,Apure-Villavicencio dry forests,2.0,Tropical & Subtropical Dry Broadleaf Forests,Neotropic
810,acid_nox,cf_median,0.32272187,Arabian sand desert,13.0,Deserts & Xeric Shrublands,Palearctic
440,acid_nox,cf_median,0.17012766,Araucaria moist forests,1.0,Tropical & Subtropical Moist Broadleaf Forests,Neotropic
597,acid_nox,cf_median,0.12283074,Araya and Paria xeric scrub,13.0,Deserts & Xeric Shrublands,Neotropic
407,acid_nox,cf_median,0.34775904,Arctic coastal tundra,11.0,Tundra,Nearctic
778,acid_nox,cf_median,0.18394333,Russian Arctic desert,11.0,Tundra,Palearctic
408,acid_nox,cf_median,0.37902257,Arctic foothills tundra,11.0,Tundra,Nearctic
346,acid_nox,cf_median,0.18737134,Arizona Mountains forests,5.0,Temperate Conifer Forests,Nearctic
181,acid_nox,cf_median,0.09585164,Arnhem Land tropical savanna,7.0,"Tropical & Subtropical Grasslands, Savannas & Shrublands",Australasia
37,acid_nox,cf_median,0.049220216,Ascension scrub and grasslands,7.0,"Tropical & Subtropical Grasslands, Savannas & Shrublands",Afrotropic
598,acid_nox,cf_median,0.29469925,Atacama desert,13.0,Deserts & Xeric Shrublands,Neotropic
441,acid_nox,cf_median,0.1298171,Atlantic Coast restingas,1.0,Tropical & Subtropical Moist Broadleaf Forests,Neotropic
839,acid_nox,cf_median,0.117817484,Saharan Atlantic coastal desert,13.0,Deserts & Xeric Shrublands,Palearctic
347,acid_nox,cf_median,0.37225345,Atlantic coastal pine barrens,5.0,Temperate Conifer Forests,Nearctic
5,acid_nox,cf_median,0.16011222,Congolian coastal forests,1.0,Tropical & Subtropical Moist Broadleaf Forests,Afrotropic
664,acid_nox,cf_median,0.5874364,European Atlantic mixed forests,4.0,Temperate Broadleaf & Mixed Forests,Palearctic
193,acid_nox,cf_median,0.18078089,Australian Alps montane grasslands,10.0,Montane Grasslands & Shrublands,Australasia
812,acid_nox,cf_median,0.71849453,Azerbaijan shrub desert and steppe,13.0,Deserts & Xeric Shrublands,Palearctic
645,acid_nox,cf_median,0.41142553,Azores temperate mixed forests,4.0,Temperate Broadleaf & Mixed Forests,Palearctic
813,acid_nox,cf_median,1.2444764,Badghyz and Karabil semi-desert,13.0,Deserts & Xeric Shrublands,Palearctic
612,acid_nox,cf_median,0.098376215,Bahamian-Antillean mangroves,14.0,Mangroves,Neotropic
442,acid_nox,cf_median,0.1814999,Bahia coastal forests,1.0,Tropical & Subtropical Moist Broadleaf Forests,Neotropic
443,acid_nox,cf_median,0.2826377,Bahia interior forests,1.0,Tropical & Subtropical Moist Broadleaf Forests,Neotropic
426,acid_nox,cf_median,0.101826,Baja California desert,13.0,Deserts & Xeric Shrublands,Nearctic
521,acid_nox,cf_median,0.1365986,Bajío dry forests,2.0,Tropical & Subtropical Dry Broadleaf Forests,Neotropic
646,acid_nox,cf_median,0.70956445,Balkan mixed forests,4.0,Temperate Broadleaf & Mixed Forests,Palearctic
522,acid_nox,cf_median,0.1365986,Balsas dry forests,2.0,Tropical & Subtropical Dry Broadleaf Forests,Neotropic
647,acid_nox,cf_median,0.86179715,Baltic mixed forests,4.0,Temperate Broadleaf & Mixed Forests,Palearctic
814,acid_nox,cf_median,0.77662545,Baluchistan xeric woodlands,13.0,Deserts & Xeric Shrublands,Palearctic
136,acid_nox,cf_median,0.06480502,Banda Sea Islands moist deciduous forests,1.0,Tropical & Subtropical Moist Broadleaf Forests,Australasia
564,acid_nox,cf_median,0.07467697,Belizian pine savannas,7.0,"Tropical & Subtropical Grasslands, Savannas & Shrublands",Neotropic
565,acid_nox,cf_median,0.21241382,Beni savanna,7.0,"Tropical & Subtropical Grasslands, Savannas & Shrublands",Neotropic
779,acid_nox,cf_median,0.1364463,Russian Bering tundra,11.0,Tundra,Palearctic
409,acid_nox,cf_median,0.3111969,Beringia lowland tundra,11.0,Tundra,Nearctic
410,acid_nox,cf_median,0.30518088,Beringia upland tundra,11.0,Tundra,Nearctic
325,acid_nox,cf_median,0.21919335,Bermuda subtropical conifer forests,3.0,Tropical & Subtropical Coniferous Forests,Nearctic
137,acid_nox,cf_median,0.05425637,Biak-Numfoor rain forests,1.0,Tropical & Subtropical Moist Broadleaf Forests,Australasia
348,acid_nox,cf_median,0.5005281,Blue Mountains forests,5.0,Temperate Conifer Forests,Nearctic
742,acid_nox,cf_median,0.69464886,Bohai Sea saline meadow,9.0,Flooded Grasslands & Savannas,Palearctic
523,acid_nox,cf_median,0.25061035,Bolivian montane dry forests,2.0,Tropical & Subtropical Dry Broadleaf Forests,Neotropic
444,acid_nox,cf_median,0.27211854,Bolivian Yungas,1.0,Tropical & Subtropical Moist Broadleaf Forests,Neotropic
219,acid_nox,cf_median,0.11634875,Borneo lowland rain forests,1.0,Tropical & Subtropical Moist Broadleaf Forests,Indomalayan
221,acid_nox,cf_median,0.11661204,Borneo peat swamp forests,1.0,Tropical & Subtropical Moist Broadleaf Forests,Indomalayan
222,acid_nox,cf_median,0.4460887,Brahmaputra Valley semi-evergreen forests,1.0,Tropical & Subtropical Moist Broadleaf Forests,Indomalayan
182,acid_nox,cf_median,0.09662696,Brigalow tropical savanna,7.0,"Tropical & Subtropical Grasslands, Savannas & Shrublands",Australasia
349,acid_nox,cf_median,0.5215803,British Columbia coastal conifer forests,5.0,Temperate Conifer Forests,Nearctic
411,acid_nox,cf_median,0.4441749,Brooks-British Range tundra,11.0,Tundra,Nearctic
138,acid_nox,cf_median,0.06905101,Buru rain forests,1.0,Tropical & Subtropical Moist Broadleaf Forests,Australasia
525,acid_nox,cf_median,0.16652763,Caatinga,2.0,Tropical & Subtropical Dry Broadleaf Forests,Neotropic
445,acid_nox,cf_median,0.1274575,Caatinga Enclaves moist forests,1.0,Tropical & Subtropical Moist Broadleaf Forests,Neotropic
691,acid_nox,cf_median,0.09096071,Caledon conifer forests,5.0,Temperate Conifer Forests,Palearctic
385,acid_nox,cf_median,0.16632888,California Central Valley grasslands,8.0,"Temperate Grasslands, Savannas & Shrublands",Nearctic
422,acid_nox,cf_median,0.10110503,California coastal sage and chaparral,12.0,"Mediterranean Forests, Woodlands & Scrub",Nearctic
423,acid_nox,cf_median,0.16632888,California interior chaparral and woodlands,12.0,"Mediterranean Forests, Woodlands & Scrub",Nearctic
424,acid_nox,cf_median,0.10110503,California montane chaparral and woodlands,12.0,"Mediterranean Forests, Woodlands & Scrub",Nearctic
2,acid_nox,cf_median,0.19983092,Cameroon Highlands forests,1.0,Tropical & Subtropical Moist Broadleaf Forests,Afrotropic
566,acid_nox,cf_median,0.29059812,Campos Rupestres montane savanna,7.0,"Tropical & Subtropical Grasslands, Savannas & Shrublands",Neotropic
386,acid_nox,cf_median,0.5536377,Canadian Aspen forests and parklands,8.0,"Temperate Grasslands, Savannas & Shrublands",Nearctic
413,acid_nox,cf_median,0.43439528,Canadian Low Arctic tundra,11.0,Tundra,Nearctic
787,acid_nox,cf_median,0.09792739,Canary Islands dry woodlands and forests,12.0,"Mediterranean Forests, Woodlands & Scrub",Palearctic
648,acid_nox,cf_median,0.31248662,Cantabrian mixed forests,4.0,Temperate Broadleaf & Mixed Forests,Palearctic
190,acid_nox,cf_median,0.08539188,Canterbury-Otago tussock grasslands,8.0,"Temperate Grasslands, Savannas & Shrublands",Australasia
31,acid_nox,cf_median,0.037586823,Cape Verde Islands dry forests,2.0,Tropical & Subtropical Dry Broadleaf Forests,Afrotropic
183,acid_nox,cf_median,0.10761859,Cape York Peninsula tropical savanna,7.0,"Tropical & Subtropical Grasslands, Savannas & Shrublands",Australasia
446,acid_nox,cf_median,0.13467589,Caqueta moist forests,1.0,Tropical & Subtropical Moist Broadleaf Forests,Neotropic
223,acid_nox,cf_median,0.18561931,Cardamom Mountains rain forests,1.0,Tropical & Subtropical Moist Broadleaf Forests,Indomalayan
599,acid_nox,cf_median,0.054113492,Caribbean shrublands,13.0,Deserts & Xeric Shrublands,Neotropic
207,acid_nox,cf_median,0.058677077,Carnarvon xeric shrublands,13.0,Deserts & Xeric Shrublands,Australasia
618,acid_nox,cf_median,0.011182216,Carolines tropical moist forests,1.0,Tropical & Subtropical Moist Broadleaf Forests,Oceania
692,acid_nox,cf_median,0.9174138,Carpathian montane forests,5.0,Temperate Conifer Forests,Palearctic
184,acid_nox,cf_median,0.13838364,Carpentaria tropical savanna,7.0,"Tropical & Subtropical Grasslands, Savannas & Shrublands",Australasia
649,acid_nox,cf_median,0.70648783,Caspian Hyrcanian mixed forests,4.0,Temperate Broadleaf & Mixed Forests,Palearctic
815,acid_nox,cf_median,0.5689603,Caspian lowland desert,13.0,Deserts & Xeric Shrublands,Palearctic
447,acid_nox,cf_median,0.10892387,Catatumbo moist forests,1.0,Tropical & Subtropical Moist Broadleaf Forests,Neotropic
526,acid_nox,cf_median,0.16694753,Cauca Valley dry forests,2.0,Tropical & Subtropical Dry Broadleaf Forests,Neotropic
448,acid_nox,cf_median,0.1529397,Cauca Valley montane forests,1.0,Tropical & Subtropical Moist Broadleaf Forests,Neotropic
650,acid_nox,cf_median,0.8281582,Caucasus mixed forests,4.0,Temperate Broadleaf & Mixed Forests,Palearctic
449,acid_nox,cf_median,0.06097394,Cayos Miskitos-San Andrés and Providencia moist forests,1.0,Tropical & Subtropical Moist Broadleaf Forests,Neotropic
651,acid_nox,cf_median,0.34834102,Celtic broadleaf forests,4.0,Temperate Broadleaf & Mixed Forests,Palearctic
816,acid_nox,cf_median,0.82275546,Central Afghan Mountains xeric woodlands,13.0,Deserts & Xeric Shrublands,Palearctic
111,acid_nox,cf_median,0.1024336,Central African mangroves,14.0,Mangroves,Afrotropic
450,acid_nox,cf_median,0.07367559,Central American Atlantic moist forests,1.0,Tropical & Subtropical Moist Broadleaf Forests,Neotropic
527,acid_nox,cf_median,0.07222292,Central American dry forests,2.0,Tropical & Subtropical Dry Broadleaf Forests,Neotropic
451,acid_nox,cf_median,0.07659902,Central American montane forests,1.0,Tropical & Subtropical Moist Broadleaf Forests,Neotropic
553,acid_nox,cf_median,0.07676377,Central American pine-oak forests,3.0,Tropical & Subtropical Coniferous Forests,Neotropic
725,acid_nox,cf_median,0.4673853,Central Anatolian steppe,8.0,"Temperate Grasslands, Savannas & Shrublands",Palearctic
652,acid_nox,cf_median,0.47559553,Central Anatolian steppe and woodlands,4.0,Temperate Broadleaf & Mixed Forests,Palearctic
352,acid_nox,cf_median,0.48388016,Central-Southern Cascades Forests,5.0,Temperate Conifer Forests,Nearctic
389,acid_nox,cf_median,0.29475778,Central-Southern US mixed grasslands,8.0,"Temperate Grasslands, Savannas & Shrublands",Nearctic
587,acid_nox,cf_median,0.27211854,Central Andean dry puna,10.0,Montane Grasslands & Shrublands,Neotropic
588,acid_nox,cf_median,0.25292304,Central Andean puna,10.0,Montane Grasslands & Shrublands,Neotropic
589,acid_nox,cf_median,0.40383333,Central Andean wet puna,10.0,Montane Grasslands & Shrublands,Neotropic
817,acid_nox,cf_median,0.79103035,Central Asian northern desert,13.0,Deserts & Xeric Shrublands,Palearctic
818,acid_nox,cf_median,0.7746353,Central Asian riparian woodlands,13.0,Deserts & Xeric Shrublands,Palearctic
819,acid_nox,cf_median,0.8509594,Central Asian southern desert,13.0,Deserts & Xeric Shrublands,Palearctic
350,acid_nox,cf_median,0.5277376,Central British Columbia Mountain forests,5.0,Temperate Conifer Forests,Nearctic
38,acid_nox,cf_median,0.4952753,Central bushveld,7.0,"Tropical & Subtropical Grasslands, Savannas & Shrublands",Afrotropic
370,acid_nox,cf_median,1.0196414,Central Canadian Shield forests,6.0,Boreal Forests/Taiga,Nearctic
653,acid_nox,cf_median,0.8083115,Central China Loess Plateau mixed forests,4.0,Temperate Broadleaf & Mixed Forests,Palearctic
3,acid_nox,cf_median,0.1448432,Central Congolian lowland forests,1.0,Tropical & Subtropical Moist Broadleaf Forests,Afrotropic
290,acid_nox,cf_median,0.23386978,Central Deccan Plateau dry deciduous forests,2.0,Tropical & Subtropical Dry Broadleaf Forests,Indomalayan
654,acid_nox,cf_median,0.80847687,Central European mixed forests,4.0,Temperate Broadleaf & Mixed Forests,Palearctic
387,acid_nox,cf_median,0.45106587,Central US forest-grasslands transition,8.0,"Temperate Grasslands, Savannas & Shrublands",Nearctic
291,acid_nox,cf_median,0.2222063,Central Indochina dry forests,2.0,Tropical & Subtropical Dry Broadleaf Forests,Indomalayan
655,acid_nox,cf_median,0.56529254,Central Korean deciduous forests,4.0,Temperate Broadleaf & Mixed Forests,Palearctic
427,acid_nox,cf_median,0.12164161,Central Mexican matorral,13.0,Deserts & Xeric Shrublands,Nearctic
351,acid_nox,cf_median,0.48741797,Central Pacific Northwest coastal forests,5.0,Temperate Conifer Forests,Nearctic
820,acid_nox,cf_median,0.5188871,Central Persian desert basins,13.0,Deserts & Xeric Shrublands,Palearctic
619,acid_nox,cf_median,0.0055228523,Central Polynesian tropical moist forests,1.0,Tropical & Subtropical Moist Broadleaf Forests,Oceania
139,acid_nox,cf_median,0.06283088,Central Range Papuan montane rain forests,1.0,Tropical & Subtropical Moist Broadleaf Forests,Australasia
195,acid_nox,cf_median,0.06638748,Papuan Central Range sub-alpine grasslands,10.0,Montane Grasslands & Shrublands,Australasia
208,acid_nox,cf_median,0.14278264,Central Ranges xeric scrub,13.0,Deserts & Xeric Shrublands,Australasia
388,acid_nox,cf_median,0.41089967,Central Tallgrass prairie,8.0,"Temperate Grasslands, Savannas & Shrublands",Nearctic
750,acid_nox,cf_median,0.6864328,Central Tibetan Plateau alpine steppe,10.0,Montane Grasslands & Shrublands,Palearctic
39,acid_nox,cf_median,0.2432617,Central Zambezian wet miombo woodlands,7.0,"Tropical & Subtropical Grasslands, Savannas & Shrublands",Afrotropic
567,acid_nox,cf_median,0.22898073,Cerrado,7.0,"Tropical & Subtropical Grasslands, Savannas & Shrublands",Neotropic
656,acid_nox,cf_median,0.9925832,Changbai Mountains mixed forests,4.0,Temperate Broadleaf & Mixed Forests,Palearctic
657,acid_nox,cf_median,0.6003428,Changjiang Plain evergreen forests,4.0,Temperate Broadleaf & Mixed Forests,Palearctic
224,acid_nox,cf_median,0.2116722,Chao Phraya freshwater swamp forests,1.0,Tropical & Subtropical Moist Broadleaf Forests,Indomalayan
225,acid_nox,cf_median,0.21157111,Chao Phraya lowland moist deciduous forests,1.0,Tropical & Subtropical Moist Broadleaf Forests,Indomalayan
167,acid_nox,cf_median,0.00652927,Chatham Island temperate forests,4.0,Temperate Broadleaf & Mixed Forests,Australasia
771,acid_nox,cf_median,0.20704322,Cherskii-Kolyma mountain tundra,11.0,Tundra,Palearctic
292,acid_nox,cf_median,0.3413696,Chhota-Nagpur dry deciduous forests,2.0,Tropical & Subtropical Dry Broadleaf Forests,Indomalayan
528,acid_nox,cf_median,0.09009922,Chiapas Depression dry forests,2.0,Tropical & Subtropical Dry Broadleaf Forests,Neotropic
452,acid_nox,cf_median,0.09119001,Chiapas montane forests,1.0,Tropical & Subtropical Moist Broadleaf Forests,Neotropic
428,acid_nox,cf_median,0.16559759,Chihuahuan desert,13.0,Deserts & Xeric Shrublands,Nearctic
596,acid_nox,cf_median,0.23350215,Chilean Matorral,12.0,"Mediterranean Forests, Woodlands & Scrub",Neotropic
453,acid_nox,cf_median,0.09009922,Chimalapas montane forests,1.0,Tropical & Subtropical Moist Broadleaf Forests,Neotropic
226,acid_nox,cf_median,0.31384763,Chin Hills-Arakan Yoma montane forests,1.0,Tropical & Subtropical Moist Broadleaf Forests,Indomalayan
529,acid_nox,cf_median,0.19323538,Chiquitano dry forests,2.0,Tropical & Subtropical Dry Broadleaf Forests,Neotropic
454,acid_nox,cf_median,0.106644765,Chocó-Darién moist forests,1.0,Tropical & Subtropical Moist Broadleaf Forests,Neotropic
227,acid_nox,cf_median,0.06280233,Christmas and Cocos Islands tropical forests,1.0,Tropical & Subtropical Moist Broadleaf Forests,Indomalayan
772,acid_nox,cf_median,0.16061053,Chukchi Peninsula tundra,11.0,Tundra,Palearctic
568,acid_nox,cf_median,0.032804966,Clipperton Island shrub and grasslands,7.0,"Tropical & Subtropical Grasslands, Savannas & Shrublands",Neotropic
455,acid_nox,cf_median,0.02692339,Cocos Island moist forests,1.0,Tropical & Subtropical Moist Broadleaf Forests,Neotropic
429,acid_nox,cf_median,0.25538555,Colorado Plateau shrublands,13.0,Deserts & Xeric Shrublands,Nearctic
353,acid_nox,cf_median,0.33747408,Colorado Rockies forests,5.0,Temperate Conifer Forests,Nearctic
4,acid_nox,cf_median,0.1306665,Comoros forests,1.0,Tropical & Subtropical Moist Broadleaf Forests,Afrotropic
371,acid_nox,cf_median,0.5215779,Cook Inlet taiga,6.0,Boreal Forests/Taiga,Nearctic
620,acid_nox,cf_median,0.008322005,Cook Islands tropical moist forests,1.0,Tropical & Subtropical Moist Broadleaf Forests,Oceania
197,acid_nox,cf_median,0.073844,Coolgardie woodlands,12.0,"Mediterranean Forests, Woodlands & Scrub",Australasia
372,acid_nox,cf_median,0.51797307,Copper Plateau taiga,6.0,Boreal Forests/Taiga,Nearctic
590,acid_nox,cf_median,0.27683532,Cordillera Central páramo,10.0,Montane Grasslands & Shrublands,Neotropic
591,acid_nox,cf_median,0.10892387,Cordillera de Merida páramo,10.0,Montane Grasslands & Shrublands,Neotropic
456,acid_nox,cf_median,0.101312675,Cordillera La Costa montane forests,1.0,Tropical & Subtropical Moist Broadleaf Forests,Neotropic
457,acid_nox,cf_median,0.16258557,Cordillera Oriental montane forests,1.0,Tropical & Subtropical Moist Broadleaf Forests,Neotropic
788,acid_nox,cf_median,0.56994736,Corsican montane broadleaf and mixed forests,12.0,"Mediterranean Forests, Woodlands & Scrub",Palearctic
458,acid_nox,cf_median,0.066472284,Costa Rican seasonal moist forests,1.0,Tropical & Subtropical Moist Broadleaf Forests,Neotropic
789,acid_nox,cf_median,0.37454164,Crete Mediterranean forests,12.0,"Mediterranean Forests, Woodlands & Scrub",Palearctic
658,acid_nox,cf_median,0.5432502,Crimean Submediterranean forest complex,4.0,Temperate Broadleaf & Mixed Forests,Palearctic
6,acid_nox,cf_median,0.13593835,Cross-Niger transition forests,1.0,Tropical & Subtropical Moist Broadleaf Forests,Afrotropic
7,acid_nox,cf_median,0.17590125,Cross-Sanaga-Bioko coastal forests,1.0,Tropical & Subtropical Moist Broadleaf Forests,Afrotropic
390,acid_nox,cf_median,0.21793239,Cross-Timbers savanna-woodland,8.0,"Temperate Grasslands, Savannas & Shrublands",Nearctic
600,acid_nox,cf_median,0.07928465,Cuban cactus scrub,13.0,Deserts & Xeric Shrublands,Neotropic
530,acid_nox,cf_median,0.0893517,Cuban dry forests,2.0,Tropical & Subtropical Dry Broadleaf Forests,Neotropic
459,acid_nox,cf_median,0.08192301,Cuban moist forests,1.0,Tropical & Subtropical Moist Broadleaf Forests,Neotropic
554,acid_nox,cf_median,0.11607332,Cuban pine forests,3.0,Tropical & Subtropical Coniferous Forests,Neotropic
579,acid_nox,cf_median,0.098376215,Cuban wetlands,9.0,Flooded Grasslands & Savannas,Neotropic
790,acid_nox,cf_median,0.46070668,Cyprus Mediterranean forests,12.0,"Mediterranean Forests, Woodlands & Scrub",Palearctic
693,acid_nox,cf_median,0.8327495,Da Hinggan-Dzhagdy Mountains conifer forests,5.0,Temperate Conifer Forests,Palearctic
659,acid_nox,cf_median,0.8083115,Daba Mountains evergreen forests,4.0,Temperate Broadleaf & Mixed Forests,Palearctic
726,acid_nox,cf_median,0.7136507,Daurian forest steppe,8.0,"Temperate Grasslands, Savannas & Shrublands",Palearctic
415,acid_nox,cf_median,0.16546465,Davis Highlands tundra,11.0,Tundra,Nearctic
315,acid_nox,cf_median,0.17575021,Deccan thorn scrub forests,13.0,Deserts & Xeric Shrublands,Indomalayan
660,acid_nox,cf_median,0.8457828,Dinaric Mountains mixed forests,4.0,Temperate Broadleaf & Mixed Forests,Palearctic
92,acid_nox,cf_median,0.22032562,Djibouti xeric shrublands,13.0,Deserts & Xeric Shrublands,Afrotropic
40,acid_nox,cf_median,0.21527432,Drakensberg Escarpment savanna and thicket,7.0,"Tropical & Subtropical Grasslands, Savannas & Shrublands",Afrotropic
41,acid_nox,cf_median,0.2464437,Drakensberg grasslands,7.0,"Tropical & Subtropical Grasslands, Savannas & Shrublands",Afrotropic
0,acid_nox,cf_median,0.0,Rock and Ice,11.0,N/A,N/A
569,acid_nox,cf_median,0.13154417,Dry Chaco,7.0,"Tropical & Subtropical Grasslands, Savannas & Shrublands",Neotropic
694,acid_nox,cf_median,0.8337001,East Afghan montane conifer forests,5.0,Temperate Conifer Forests,Palearctic
69,acid_nox,cf_median,0.18337436,East African halophytics,9.0,Flooded Grasslands & Savannas,Afrotropic
112,acid_nox,cf_median,0.18236059,East African mangroves,14.0,Mangroves,Afrotropic
821,acid_nox,cf_median,0.27935416,East Arabian fog shrublands and sand desert,13.0,Deserts & Xeric Shrublands,Palearctic
332,acid_nox,cf_median,0.15576853,East Central Texas forests,4.0,Temperate Broadleaf & Mixed Forests,Nearctic
293,acid_nox,cf_median,0.13670824,East Deccan dry-evergreen forests,2.0,Tropical & Subtropical Dry Broadleaf Forests,Indomalayan
661,acid_nox,cf_median,0.57665783,East European forest steppe,4.0,Temperate Broadleaf & Mixed Forests,Palearctic
822,acid_nox,cf_median,0.27943656,East Sahara Desert,13.0,Deserts & Xeric Shrublands,Palearctic
823,acid_nox,cf_median,0.24946457,East Saharan montane xeric woodlands,13.0,Deserts & Xeric Shrublands,Palearctic
710,acid_nox,cf_median,0.6150092,East Siberian taiga,6.0,Boreal Forests/Taiga,Palearctic
43,acid_nox,cf_median,0.26206672,East Sudanian savanna,7.0,"Tropical & Subtropical Grasslands, Savannas & Shrublands",Afrotropic
662,acid_nox,cf_median,0.53669435,Eastern Anatolian deciduous forests,4.0,Temperate Broadleaf & Mixed Forests,Palearctic
727,acid_nox,cf_median,0.7449071,Eastern Anatolian montane steppe,8.0,"Temperate Grasslands, Savannas & Shrublands",Palearctic
191,acid_nox,cf_median,0.107513785,Eastern Australia mulga shrublands,8.0,"Temperate Grasslands, Savannas & Shrublands",Australasia
168,acid_nox,cf_median,0.11894353,Eastern Australian temperate forests,4.0,Temperate Broadleaf & Mixed Forests,Australasia
373,acid_nox,cf_median,0.68961674,Eastern Canadian forests,6.0,Boreal Forests/Taiga,Nearctic
374,acid_nox,cf_median,0.57499075,Eastern Canadian Shield taiga,6.0,Boreal Forests/Taiga,Nearctic
354,acid_nox,cf_median,0.34700552,Eastern Cascades forests,5.0,Temperate Conifer Forests,Nearctic
10,acid_nox,cf_median,0.15035239,Eastern Congolian swamp forests,1.0,Tropical & Subtropical Moist Broadleaf Forests,Afrotropic
460,acid_nox,cf_median,0.18269116,Eastern Cordillera Real montane forests,1.0,Tropical & Subtropical Moist Broadleaf Forests,Neotropic
333,acid_nox,cf_median,0.95183516,Eastern Canadian Forest-Boreal transition,4.0,Temperate Broadleaf & Mixed Forests,Nearctic
824,acid_nox,cf_median,0.7103524,Eastern Gobi desert steppe,13.0,Deserts & Xeric Shrublands,Palearctic
334,acid_nox,cf_median,0.8153498,Eastern Great Lakes lowland forests,4.0,Temperate Broadleaf & Mixed Forests,Nearctic
11,acid_nox,cf_median,0.0918647,Eastern Guinean forests,1.0,Tropical & Subtropical Moist Broadleaf Forests,Afrotropic
228,acid_nox,cf_median,0.24754103,East Deccan moist deciduous forests,1.0,Tropical & Subtropical Moist Broadleaf Forests,Indomalayan
751,acid_nox,cf_median,0.6117938,Eastern Himalayan alpine shrub and meadows,10.0,Montane Grasslands & Shrublands,Palearctic
306,acid_nox,cf_median,0.5740903,Eastern Himalayan broadleaf forests,4.0,Temperate Broadleaf & Mixed Forests,Indomalayan
309,acid_nox,cf_median,0.6133392,Eastern Himalayan subalpine conifer forests,5.0,Temperate Conifer Forests,Indomalayan
229,acid_nox,cf_median,0.09334061,Eastern Java-Bali montane rain forests,1.0,Tropical & Subtropical Moist Broadleaf Forests,Indomalayan
230,acid_nox,cf_median,0.08011248,Eastern Java-Bali rain forests,1.0,Tropical & Subtropical Moist Broadleaf Forests,Indomalayan
791,acid_nox,cf_median,0.53042454,Eastern Mediterranean conifer-broadleaf forests,12.0,"Mediterranean Forests, Woodlands & Scrub",Palearctic
621,acid_nox,cf_median,0.008637506,Eastern Micronesia tropical moist forests,1.0,Tropical & Subtropical Moist Broadleaf Forests,Oceania
461,acid_nox,cf_median,0.08707474,Eastern Panamanian montane forests,1.0,Tropical & Subtropical Moist Broadleaf Forests,Neotropic
531,acid_nox,cf_median,0.13668302,Ecuadorian dry forests,2.0,Tropical & Subtropical Dry Broadleaf Forests,Neotropic
391,acid_nox,cf_median,0.16746843,Edwards Plateau savanna,8.0,"Temperate Grasslands, Savannas & Shrublands",Nearctic
185,acid_nox,cf_median,0.13838364,Einasleigh upland savanna,7.0,"Tropical & Subtropical Grasslands, Savannas & Shrublands",Australasia
695,acid_nox,cf_median,0.70202225,Elburz Range forest steppe,5.0,Temperate Conifer Forests,Palearctic
728,acid_nox,cf_median,1.4267697,Emin Valley steppe,8.0,"Temperate Grasslands, Savannas & Shrublands",Palearctic
663,acid_nox,cf_median,0.46577284,English Lowlands beech forests,4.0,Temperate Broadleaf & Mixed Forests,Palearctic
580,acid_nox,cf_median,0.059249714,Enriquillo wetlands,9.0,Flooded Grasslands & Savannas,Neotropic
93,acid_nox,cf_median,0.22431387,Eritrean coastal desert,13.0,Deserts & Xeric Shrublands,Afrotropic
198,acid_nox,cf_median,0.073844,Esperance mallee,12.0,"Mediterranean Forests, Woodlands & Scrub",Australasia
575,acid_nox,cf_median,0.09440371,Espinal,8.0,"Temperate Grasslands, Savannas & Shrublands",Neotropic
12,acid_nox,cf_median,0.22744294,Ethiopian montane forests,1.0,Tropical & Subtropical Moist Broadleaf Forests,Afrotropic
79,acid_nox,cf_median,0.22744294,Ethiopian montane grasslands and woodlands,10.0,Montane Grasslands & Shrublands,Afrotropic
80,acid_nox,cf_median,0.22246298,Ethiopian montane moorlands,10.0,Montane Grasslands & Shrublands,Afrotropic
70,acid_nox,cf_median,0.19338608,Etosha Pan halophytics,9.0,Flooded Grasslands & Savannas,Afrotropic
665,acid_nox,cf_median,0.53621167,Euxine-Colchic broadleaf forests,4.0,Temperate Broadleaf & Mixed Forests,Palearctic
581,acid_nox,cf_median,0.21798469,Everglades flooded grasslands,9.0,Flooded Grasslands & Savannas,Neotropic
199,acid_nox,cf_median,0.06996228,Eyre and York mallee,12.0,"Mediterranean Forests, Woodlands & Scrub",Australasia
729,acid_nox,cf_median,0.3708531,Faroe Islands boreal grasslands,8.0,"Temperate Grasslands, Savannas & Shrublands",Palearctic
462,acid_nox,cf_median,0.0474023,Fernando de Noronha-Atol das Rocas moist forests,1.0,Tropical & Subtropical Moist Broadleaf Forests,Neotropic
635,acid_nox,cf_median,0.009103481,Fiji tropical dry forests,2.0,Tropical & Subtropical Dry Broadleaf Forests,Oceania
622,acid_nox,cf_median,0.0094038835,Fiji tropical moist forests,1.0,Tropical & Subtropical Moist Broadleaf Forests,Oceania
169,acid_nox,cf_median,0.024400273,Fiordland temperate forests,4.0,Temperate Broadleaf & Mixed Forests,Australasia
200,acid_nox,cf_median,0.077699326,Flinders-Lofty montane woodlands,12.0,"Mediterranean Forests, Woodlands & Scrub",Australasia
392,acid_nox,cf_median,0.30144957,Flint Hills tallgrass prairie,8.0,"Temperate Grasslands, Savannas & Shrublands",Nearctic
355,acid_nox,cf_median,0.614024,Fraser Plateau and Basin conifer forests,5.0,Temperate Conifer Forests,Nearctic
89,acid_nox,cf_median,0.1895222,Fynbos shrubland,12.0,"Mediterranean Forests, Woodlands & Scrub",Afrotropic
601,acid_nox,cf_median,0.047632907,Galápagos Islands xeric scrub,13.0,Deserts & Xeric Shrublands,Neotropic
94,acid_nox,cf_median,0.26590112,Gariep Karoo,13.0,Deserts & Xeric Shrublands,Afrotropic
752,acid_nox,cf_median,0.9394084,Ghorat-Hazarajat alpine meadow,10.0,Montane Grasslands & Shrublands,Palearctic
209,acid_nox,cf_median,0.10155589,Gibson desert,13.0,Deserts & Xeric Shrublands,Australasia
730,acid_nox,cf_median,1.3446403,Gissaro-Alai open woodlands,8.0,"Temperate Grasslands, Savannas & Shrublands",Palearctic
316,acid_nox,cf_median,0.18327214,Godavari-Krishna mangroves,13.0,Deserts & Xeric Shrublands,Indomalayan
825,acid_nox,cf_median,0.74332,Gobi Lakes Valley desert steppe,13.0,Deserts & Xeric Shrublands,Palearctic
13,acid_nox,cf_median,0.085896276,Granitic Seychelles forests,1.0,Tropical & Subtropical Moist Broadleaf Forests,Afrotropic
356,acid_nox,cf_median,0.26252073,Great Basin montane forests,5.0,Temperate Conifer Forests,Nearctic
430,acid_nox,cf_median,0.26252073,Great Basin shrub steppe,13.0,Deserts & Xeric Shrublands,Nearctic
826,acid_nox,cf_median,0.97910076,Great Lakes Basin desert steppe,13.0,Deserts & Xeric Shrublands,Palearctic
210,acid_nox,cf_median,0.2036855,Great Sandy-Tanami desert,13.0,Deserts & Xeric Shrublands,Australasia
211,acid_nox,cf_median,0.08338396,Great Victoria desert,13.0,Deserts & Xeric Shrublands,Australasia
231,acid_nox,cf_median,0.13905466,Greater Negros-Panay rain forests,1.0,Tropical & Subtropical Moist Broadleaf Forests,Indomalayan
602,acid_nox,cf_median,0.07612398,Guajira-Barranquilla xeric scrub,13.0,Deserts & Xeric Shrublands,Neotropic
582,acid_nox,cf_median,0.20513915,Guayaquil flooded grasslands,9.0,Flooded Grasslands & Savannas,Neotropic
463,acid_nox,cf_median,0.1355379,Guianan freshwater swamp forests,1.0,Tropical & Subtropical Moist Broadleaf Forests,Neotropic
464,acid_nox,cf_median,0.19465064,Guianan Highlands moist forests,1.0,Tropical & Subtropical Moist Broadleaf Forests,Neotropic
465,acid_nox,cf_median,0.16977017,Guianan lowland moist forests,1.0,Tropical & Subtropical Moist Broadleaf Forests,Neotropic
466,acid_nox,cf_median,0.19465064,Guianan piedmont moist forests,1.0,Tropical & Subtropical Moist Broadleaf Forests,Neotropic
570,acid_nox,cf_median,0.22686099,Guianan savanna,7.0,"Tropical & Subtropical Grasslands, Savannas & Shrublands",Neotropic
44,acid_nox,cf_median,0.11492465,Guinean forest-savanna,7.0,"Tropical & Subtropical Grasslands, Savannas & Shrublands",Afrotropic
113,acid_nox,cf_median,0.077918276,Guinean mangroves,14.0,Mangroves,Afrotropic
14,acid_nox,cf_median,0.11824857,Guinean montane forests,1.0,Tropical & Subtropical Moist Broadleaf Forests,Afrotropic
642,acid_nox,cf_median,0.7186488,Guizhou Plateau broadleaf and mixed forests,1.0,Tropical & Subtropical Moist Broadleaf Forests,Palearctic
431,acid_nox,cf_median,0.11623156,Gulf of California xeric scrub,13.0,Deserts & Xeric Shrublands,Nearctic
335,acid_nox,cf_median,0.6917103,Gulf of St. Lawrence lowland forests,4.0,Temperate Broadleaf & Mixed Forests,Nearctic
467,acid_nox,cf_median,0.18704998,Gurupa várzea,1.0,Tropical & Subtropical Moist Broadleaf Forests,Neotropic
232,acid_nox,cf_median,0.29691416,Hainan Island monsoon rain forests,1.0,Tropical & Subtropical Moist Broadleaf Forests,Indomalayan
140,acid_nox,cf_median,0.08119411,Halmahera rain forests,1.0,Tropical & Subtropical Moist Broadleaf Forests,Australasia
201,acid_nox,cf_median,0.078093536,Hampton mallee and woodlands,12.0,"Mediterranean Forests, Woodlands & Scrub",Australasia
636,acid_nox,cf_median,0.025818188,Hawai'i tropical dry forests,2.0,Tropical & Subtropical Dry Broadleaf Forests,Oceania
639,acid_nox,cf_median,0.025818188,Hawai'i tropical high shrublands,7.0,"Tropical & Subtropical Grasslands, Savannas & Shrublands",Oceania
640,acid_nox,cf_median,0.025818188,Hawai'i tropical low shrublands,7.0,"Tropical & Subtropical Grasslands, Savannas & Shrublands",Oceania
623,acid_nox,cf_median,0.025818188,Hawai'i tropical moist forests,1.0,Tropical & Subtropical Moist Broadleaf Forests,Oceania
696,acid_nox,cf_median,0.7814585,Helanshan montane conifer forests,5.0,Temperate Conifer Forests,Palearctic
697,acid_nox,cf_median,0.7118304,Hengduan Mountains subalpine conifer forests,5.0,Temperate Conifer Forests,Palearctic
412,acid_nox,cf_median,0.27675787,Canadian High Arctic tundra,11.0,Tundra,Nearctic
592,acid_nox,cf_median,0.16467118,High Monte,10.0,Montane Grasslands & Shrublands,Neotropic
81,acid_nox,cf_median,0.3101146,Highveld grasslands,10.0,Montane Grasslands & Shrublands,Afrotropic
233,acid_nox,cf_median,0.55487156,Himalayan subtropical broadleaf forests,1.0,Tropical & Subtropical Moist Broadleaf Forests,Indomalayan
302,acid_nox,cf_median,0.68420285,Himalayan subtropical pine forests,3.0,Tropical & Subtropical Coniferous Forests,Indomalayan
753,acid_nox,cf_median,1.1914283,Hindu Kush alpine meadow,10.0,Montane Grasslands & Shrublands,Palearctic
532,acid_nox,cf_median,0.059249714,Hispaniolan dry forests,2.0,Tropical & Subtropical Dry Broadleaf Forests,Neotropic
468,acid_nox,cf_median,0.059249714,Hispaniolan moist forests,1.0,Tropical & Subtropical Moist Broadleaf Forests,Neotropic
555,acid_nox,cf_median,0.059249714,Hispaniolan pine forests,3.0,Tropical & Subtropical Coniferous Forests,Neotropic
95,acid_nox,cf_median,0.2011886,Hobyo grasslands and shrublands,13.0,Deserts & Xeric Shrublands,Afrotropic
666,acid_nox,cf_median,0.41707677,Hokkaido deciduous forests,4.0,Temperate Broadleaf & Mixed Forests,Palearctic
698,acid_nox,cf_median,0.46382803,Hokkaido montane conifer forests,5.0,Temperate Conifer Forests,Palearctic
699,acid_nox,cf_median,0.36121833,Honshu alpine conifer forests,5.0,Temperate Conifer Forests,Palearctic
45,acid_nox,cf_median,0.19287562,Horn of Africa xeric bushlands,7.0,"Tropical & Subtropical Grasslands, Savannas & Shrublands",Afrotropic
667,acid_nox,cf_median,0.7440429,Huang He Plain mixed forests,4.0,Temperate Broadleaf & Mixed Forests,Palearctic
571,acid_nox,cf_median,0.1019622,Humid Chaco,7.0,"Tropical & Subtropical Grasslands, Savannas & Shrublands",Neotropic
576,acid_nox,cf_median,0.081981435,Humid Pampas,8.0,"Temperate Grasslands, Savannas & Shrublands",Neotropic
141,acid_nox,cf_median,0.06283088,Huon Peninsula montane rain forests,1.0,Tropical & Subtropical Moist Broadleaf Forests,Australasia
792,acid_nox,cf_median,0.33200365,Iberian conifer forests,12.0,"Mediterranean Forests, Woodlands & Scrub",Palearctic
793,acid_nox,cf_median,0.28566572,Iberian sclerophyllous and semi-deciduous forests,12.0,"Mediterranean Forests, Woodlands & Scrub",Palearctic
711,acid_nox,cf_median,0.17953417,Iceland boreal birch forests and alpine tundra,6.0,Boreal Forests/Taiga,Palearctic
794,acid_nox,cf_median,0.6065309,Illyrian deciduous forests,12.0,"Mediterranean Forests, Woodlands & Scrub",Palearctic
319,acid_nox,cf_median,0.18200752,Indochina mangroves,14.0,Mangroves,Indomalayan
320,acid_nox,cf_median,0.3292653,Indus River Delta-Arabian Sea mangroves,14.0,Mangroves,Indomalayan
317,acid_nox,cf_median,1.1265619,Indus Valley desert,13.0,Deserts & Xeric Shrublands,Indomalayan
71,acid_nox,cf_median,0.4732655,Inner Niger Delta flooded savanna,9.0,Flooded Grasslands & Savannas,Afrotropic
375,acid_nox,cf_median,0.49027437,Interior Alaska-Yukon lowland taiga,6.0,Boreal Forests/Taiga,Nearctic
336,acid_nox,cf_median,0.54873604,Interior Plateau US Hardwood Forests,4.0,Temperate Broadleaf & Mixed Forests,Nearctic
416,acid_nox,cf_median,0.5865508,Interior Yukon-Alaska alpine tundra,11.0,Tundra,Nearctic
469,acid_nox,cf_median,0.14066534,Iquitos várzea,1.0,Tropical & Subtropical Moist Broadleaf Forests,Neotropic
294,acid_nox,cf_median,0.28980348,Irrawaddy dry forests,2.0,Tropical & Subtropical Dry Broadleaf Forests,Indomalayan
234,acid_nox,cf_median,0.23239097,Irrawaddy freshwater swamp forests,1.0,Tropical & Subtropical Moist Broadleaf Forests,Indomalayan
235,acid_nox,cf_median,0.31384763,Irrawaddy moist deciduous forests,1.0,Tropical & Subtropical Moist Broadleaf Forests,Indomalayan
533,acid_nox,cf_median,0.10903644,Islas Revillagigedo dry forests,2.0,Tropical & Subtropical Dry Broadleaf Forests,Neotropic
470,acid_nox,cf_median,0.08293785,Isthmian-Atlantic moist forests,1.0,Tropical & Subtropical Moist Broadleaf Forests,Neotropic
471,acid_nox,cf_median,0.08293785,Isthmian-Pacific moist forests,1.0,Tropical & Subtropical Moist Broadleaf Forests,Neotropic
795,acid_nox,cf_median,0.6231912,Italian sclerophyllous and semi-deciduous forests,12.0,"Mediterranean Forests, Woodlands & Scrub",Palearctic
46,acid_nox,cf_median,0.18540561,Itigi-Sumbu thicket,7.0,"Tropical & Subtropical Grasslands, Savannas & Shrublands",Afrotropic
534,acid_nox,cf_median,0.11160068,Jalisco dry forests,2.0,Tropical & Subtropical Dry Broadleaf Forests,Neotropic
535,acid_nox,cf_median,0.06064241,Jamaican dry forests,2.0,Tropical & Subtropical Dry Broadleaf Forests,Neotropic
472,acid_nox,cf_median,0.06677667,Jamaican moist forests,1.0,Tropical & Subtropical Moist Broadleaf Forests,Neotropic
473,acid_nox,cf_median,0.12027192,Japurá-Solimões-Negro moist forests,1.0,Tropical & Subtropical Moist Broadleaf Forests,Neotropic
202,acid_nox,cf_median,0.09167223,Jarrah-Karri forest and shrublands,12.0,"Mediterranean Forests, Woodlands & Scrub",Australasia
236,acid_nox,cf_median,0.53574747,Jian Nan subtropical evergreen forests,1.0,Tropical & Subtropical Moist Broadleaf Forests,Indomalayan
82,acid_nox,cf_median,0.16290109,Jos Plateau forest-grassland,10.0,Montane Grasslands & Shrublands,Afrotropic
560,acid_nox,cf_median,0.07811987,Juan Fernández Islands temperate forests,4.0,Temperate Broadleaf & Mixed Forests,Neotropic
827,acid_nox,cf_median,1.3823524,Junggar Basin semi-desert,13.0,Deserts & Xeric Shrublands,Palearctic
474,acid_nox,cf_median,0.13261577,Juruá-Purus moist forests,1.0,Tropical & Subtropical Moist Broadleaf Forests,Neotropic
418,acid_nox,cf_median,0.0,Kalaallit Nunaat High Arctic tundra,11.0,Tundra,Nearctic
47,acid_nox,cf_median,0.33853012,Kalahari Acacia woodlands,7.0,"Tropical & Subtropical Grasslands, Savannas & Shrublands",Afrotropic
97,acid_nox,cf_median,0.33137888,Kalahari xeric savanna,13.0,Deserts & Xeric Shrublands,Afrotropic
713,acid_nox,cf_median,0.29673472,Kamchatka-Kurile meadows and sparse forests,6.0,Boreal Forests/Taiga,Palearctic
712,acid_nox,cf_median,0.30644655,Kamchatka taiga,6.0,Boreal Forests/Taiga,Palearctic
98,acid_nox,cf_median,0.15663736,Kaokoveld desert,13.0,Deserts & Xeric Shrublands,Afrotropic
754,acid_nox,cf_median,1.0054177,Karakoram-West Tibetan Plateau alpine steppe,10.0,Montane Grasslands & Shrublands,Palearctic
237,acid_nox,cf_median,0.25314498,Kayah-Karen montane rain forests,1.0,Tropical & Subtropical Moist Broadleaf Forests,Indomalayan
731,acid_nox,cf_median,0.82458663,Kazakh forest steppe,8.0,"Temperate Grasslands, Savannas & Shrublands",Palearctic
828,acid_nox,cf_median,0.691381,Kazakh semi-desert,13.0,Deserts & Xeric Shrublands,Palearctic
732,acid_nox,cf_median,0.7412848,Kazakh steppe,8.0,"Temperate Grasslands, Savannas & Shrublands",Palearctic
733,acid_nox,cf_median,0.8657144,Kazakh upland steppe,8.0,"Temperate Grasslands, Savannas & Shrublands",Palearctic
624,acid_nox,cf_median,0.009196481,Kermadec Islands subtropical moist forests,1.0,Tropical & Subtropical Moist Broadleaf Forests,Oceania
755,acid_nox,cf_median,0.80471253,Khangai Mountains alpine meadow,10.0,Montane Grasslands & Shrublands,Palearctic
700,acid_nox,cf_median,0.80471253,Khangai Mountains conifer forests,5.0,Temperate Conifer Forests,Palearctic
295,acid_nox,cf_median,0.45943508,Khathiar-Gir dry deciduous forests,2.0,Tropical & Subtropical Dry Broadleaf Forests,Indomalayan
186,acid_nox,cf_median,0.16872002,Kimberly tropical savanna,7.0,"Tropical & Subtropical Grasslands, Savannas & Shrublands",Australasia
357,acid_nox,cf_median,0.30288205,Klamath-Siskiyou forests,5.0,Temperate Conifer Forests,Nearctic
15,acid_nox,cf_median,0.19272226,Knysna-Amatole montane forests,1.0,Tropical & Subtropical Moist Broadleaf Forests,Afrotropic
774,acid_nox,cf_median,0.46502516,Kola Peninsula tundra,11.0,Tundra,Palearctic
829,acid_nox,cf_median,0.75529265,Kopet Dag semi-desert,13.0,Deserts & Xeric Shrublands,Palearctic
756,acid_nox,cf_median,0.8405441,Kopet Dag woodlands and forest steppe,10.0,Montane Grasslands & Shrublands,Palearctic
757,acid_nox,cf_median,0.47199684,Kuh Rud and Eastern Iran montane woodlands,10.0,Montane Grasslands & Shrublands,Palearctic
16,acid_nox,cf_median,0.21527432,Kwazulu Natal-Cape coastal forests,1.0,Tropical & Subtropical Moist Broadleaf Forests,Afrotropic
603,acid_nox,cf_median,0.101312675,La Costa xeric shrublands,13.0,Deserts & Xeric Shrublands,Neotropic
72,acid_nox,cf_median,0.585298,Lake Chad flooded savanna,9.0,Flooded Grasslands & Savannas,Afrotropic
536,acid_nox,cf_median,0.08511345,Lara-Falcón dry forests,2.0,Tropical & Subtropical Dry Broadleaf Forests,Neotropic
475,acid_nox,cf_median,0.047539372,Leeward Islands moist forests,1.0,Tropical & Subtropical Moist Broadleaf Forests,Neotropic
163,acid_nox,cf_median,0.07672188,Lesser Sundas deciduous forests,2.0,Tropical & Subtropical Dry Broadleaf Forests,Australasia
48,acid_nox,cf_median,0.35442308,Limpopo lowveld,7.0,"Tropical & Subtropical Grasslands, Savannas & Shrublands",Afrotropic
572,acid_nox,cf_median,0.17269477,Llanos,7.0,"Tropical & Subtropical Grasslands, Savannas & Shrublands",Neotropic
142,acid_nox,cf_median,0.019605944,Lord Howe Island subtropical forests,1.0,Tropical & Subtropical Moist Broadleaf Forests,Australasia
143,acid_nox,cf_median,0.011508475,Louisiade Archipelago rain forests,1.0,Tropical & Subtropical Moist Broadleaf Forests,Australasia
577,acid_nox,cf_median,0.11995158,Low Monte,8.0,"Temperate Grasslands, Savannas & Shrublands",Neotropic
238,acid_nox,cf_median,0.36032966,Lower Gangetic Plains moist deciduous forests,1.0,Tropical & Subtropical Moist Broadleaf Forests,Indomalayan
239,acid_nox,cf_median,0.26389202,Luang Prabang montane rain forests,1.0,Tropical & Subtropical Moist Broadleaf Forests,Indomalayan
240,acid_nox,cf_median,0.19762608,Luzon montane rain forests,1.0,Tropical & Subtropical Moist Broadleaf Forests,Indomalayan
241,acid_nox,cf_median,0.19762608,Luzon rain forests,1.0,Tropical & Subtropical Moist Broadleaf Forests,Indomalayan
303,acid_nox,cf_median,0.19923846,Luzon tropical pine forests,3.0,Tropical & Subtropical Coniferous Forests,Indomalayan
32,acid_nox,cf_median,0.14254671,Madagascar dry deciduous forests,2.0,Tropical & Subtropical Dry Broadleaf Forests,Afrotropic
83,acid_nox,cf_median,0.23100299,Madagascar ericoid thickets,10.0,Montane Grasslands & Shrublands,Afrotropic
17,acid_nox,cf_median,0.17242618,Madagascar humid forests,1.0,Tropical & Subtropical Moist Broadleaf Forests,Afrotropic
114,acid_nox,cf_median,0.12970614,Madagascar mangroves,14.0,Mangroves,Afrotropic
99,acid_nox,cf_median,0.20821977,Madagascar spiny thickets,13.0,Deserts & Xeric Shrublands,Afrotropic
18,acid_nox,cf_median,0.20278284,Madagascar subhumid forests,1.0,Tropical & Subtropical Moist Broadleaf Forests,Afrotropic
100,acid_nox,cf_median,0.23743823,Madagascar succulent woodlands,13.0,Deserts & Xeric Shrublands,Afrotropic
476,acid_nox,cf_median,0.41175184,Madeira-Tapajós moist forests,1.0,Tropical & Subtropical Moist Broadleaf Forests,Neotropic
668,acid_nox,cf_median,0.23841165,Madeira evergreen forests,4.0,Temperate Broadleaf & Mixed Forests,Palearctic
478,acid_nox,cf_median,0.09040792,Magdalena-Urabá moist forests,1.0,Tropical & Subtropical Moist Broadleaf Forests,Neotropic
538,acid_nox,cf_median,0.20055905,Magdalena Valley dry forests,2.0,Tropical & Subtropical Dry Broadleaf Forests,Neotropic
477,acid_nox,cf_median,0.14999661,Magdalena Valley montane forests,1.0,Tropical & Subtropical Moist Broadleaf Forests,Neotropic
561,acid_nox,cf_median,0.11023952,Magellanic subpolar forests,4.0,Temperate Broadleaf & Mixed Forests,Neotropic
73,acid_nox,cf_median,0.3074698,Makgadikgadi halophytics,9.0,Flooded Grasslands & Savannas,Afrotropic
242,acid_nox,cf_median,0.12266874,Malabar Coast moist forests,1.0,Tropical & Subtropical Moist Broadleaf Forests,Indomalayan
243,acid_nox,cf_median,0.09041091,Maldives-Lakshadweep-Chagos Archipelago tropical moist forests,1.0,Tropical & Subtropical Moist Broadleaf Forests,Indomalayan
604,acid_nox,cf_median,0.031954557,Malpelo Island xeric scrub,13.0,Deserts & Xeric Shrublands,Neotropic
669,acid_nox,cf_median,1.1064504,Manchurian mixed forests,4.0,Temperate Broadleaf & Mixed Forests,Palearctic
49,acid_nox,cf_median,0.22281504,Mandara Plateau woodlands,7.0,"Tropical & Subtropical Grasslands, Savannas & Shrublands",Afrotropic
19,acid_nox,cf_median,0.2464437,Maputaland coastal forests and woodlands,1.0,Tropical & Subtropical Moist Broadleaf Forests,Afrotropic
539,acid_nox,cf_median,0.07646837,Maracaibo dry forests,2.0,Tropical & Subtropical Dry Broadleaf Forests,Neotropic
480,acid_nox,cf_median,0.19015434,Marajó várzea,1.0,Tropical & Subtropical Moist Broadleaf Forests,Neotropic
540,acid_nox,cf_median,0.18555406,Maranhão Babaçu forests,2.0,Tropical & Subtropical Dry Broadleaf Forests,Neotropic
479,acid_nox,cf_median,0.19351573,Marañón dry forests,1.0,Tropical & Subtropical Moist Broadleaf Forests,Neotropic
637,acid_nox,cf_median,0.046085894,Marianas tropical dry forests,2.0,Tropical & Subtropical Dry Broadleaf Forests,Oceania
625,acid_nox,cf_median,0.0075131673,Marquesas tropical moist forests,1.0,Tropical & Subtropical Moist Broadleaf Forests,Oceania
50,acid_nox,cf_median,0.24160802,Masai xeric grasslands and shrublands,7.0,"Tropical & Subtropical Grasslands, Savannas & Shrublands",Afrotropic
20,acid_nox,cf_median,0.089351825,Mascarene forests,1.0,Tropical & Subtropical Moist Broadleaf Forests,Afrotropic
481,acid_nox,cf_median,0.28206274,Mato Grosso tropical dry forests,1.0,Tropical & Subtropical Moist Broadleaf Forests,Neotropic
796,acid_nox,cf_median,0.14057542,Mediterranean Acacia-Argania dry woodlands and succulent thickets,12.0,"Mediterranean Forests, Woodlands & Scrub",Palearctic
701,acid_nox,cf_median,0.2933309,Mediterranean conifer and mixed forests,5.0,Temperate Conifer Forests,Palearctic
797,acid_nox,cf_median,0.25993282,Mediterranean dry woodlands and steppe,12.0,"Mediterranean Forests, Woodlands & Scrub",Palearctic
758,acid_nox,cf_median,0.16037649,Mediterranean High Atlas juniper steppe,10.0,Montane Grasslands & Shrublands,Palearctic
798,acid_nox,cf_median,0.25993282,Mediterranean woodlands and forests,12.0,"Mediterranean Forests, Woodlands & Scrub",Palearctic
244,acid_nox,cf_median,0.4290331,Meghalaya subtropical forests,1.0,Tropical & Subtropical Moist Broadleaf Forests,Indomalayan
245,acid_nox,cf_median,0.09686321,Mentawai Islands rain forests,1.0,Tropical & Subtropical Moist Broadleaf Forests,Indomalayan
432,acid_nox,cf_median,0.1256707,Meseta Central matorral,13.0,Deserts & Xeric Shrublands,Nearctic
613,acid_nox,cf_median,0.08391878,Mesoamerican Gulf-Caribbean mangroves,14.0,Mangroves,Neotropic
830,acid_nox,cf_median,0.5406864,Mesopotamian shrub desert,13.0,Deserts & Xeric Shrublands,Palearctic
376,acid_nox,cf_median,0.6196829,Mid-Canada Boreal Plains forests,6.0,Boreal Forests/Taiga,Nearctic
414,acid_nox,cf_median,0.36165372,Canadian Middle Arctic Tundra,11.0,Tundra,Nearctic
393,acid_nox,cf_median,0.36301053,Mid-Atlantic US coastal savannas,8.0,"Temperate Grasslands, Savannas & Shrublands",Nearctic
377,acid_nox,cf_median,0.71355397,Midwest Canadian Shield forests,6.0,Boreal Forests/Taiga,Nearctic
247,acid_nox,cf_median,0.12777658,Mindanao-Eastern Visayas rain forests,1.0,Tropical & Subtropical Moist Broadleaf Forests,Indomalayan
246,acid_nox,cf_median,0.1164473,Mindanao montane rain forests,1.0,Tropical & Subtropical Moist Broadleaf Forests,Indomalayan
248,acid_nox,cf_median,0.16543636,Mindoro rain forests,1.0,Tropical & Subtropical Moist Broadleaf Forests,Indomalayan
573,acid_nox,cf_median,0.07367559,Miskito pine forests,7.0,"Tropical & Subtropical Grasslands, Savannas & Shrublands",Neotropic
337,acid_nox,cf_median,0.26015648,Mississippi lowland forests,4.0,Temperate Broadleaf & Mixed Forests,Nearctic
187,acid_nox,cf_median,0.15743145,Mitchell Grass Downs,7.0,"Tropical & Subtropical Grasslands, Savannas & Shrublands",Australasia
249,acid_nox,cf_median,0.37217867,Mizoram-Manipur-Kachin rain forests,1.0,Tropical & Subtropical Moist Broadleaf Forests,Indomalayan
433,acid_nox,cf_median,0.16374964,Mojave desert,13.0,Deserts & Xeric Shrublands,Nearctic
734,acid_nox,cf_median,0.7300323,Mongolian-Manchurian grassland,8.0,"Temperate Grasslands, Savannas & Shrublands",Palearctic
394,acid_nox,cf_median,0.5746345,Montana Valley and Foothill grasslands,8.0,"Temperate Grasslands, Savannas & Shrublands",Nearctic
482,acid_nox,cf_median,0.16961145,Monte Alegre várzea,1.0,Tropical & Subtropical Moist Broadleaf Forests,Neotropic
605,acid_nox,cf_median,0.076679304,Motagua Valley thornscrub,13.0,Deserts & Xeric Shrublands,Neotropic
21,acid_nox,cf_median,0.14579108,Mount Cameroon and Bioko montane forests,1.0,Tropical & Subtropical Moist Broadleaf Forests,Afrotropic
84,acid_nox,cf_median,0.18474992,Mulanje Montane forest-grassland,10.0,Montane Grasslands & Shrublands,Afrotropic
203,acid_nox,cf_median,0.082981035,Murray-Darling woodlands and mallee,12.0,"Mediterranean Forests, Woodlands & Scrub",Australasia
378,acid_nox,cf_median,0.4250881,Muskwa-Slave Lake taiga,6.0,Boreal Forests/Taiga,Nearctic
321,acid_nox,cf_median,0.23239097,Myanmar Coast mangroves,14.0,Mangroves,Indomalayan
250,acid_nox,cf_median,0.25222278,Myanmar coastal rain forests,1.0,Tropical & Subtropical Moist Broadleaf Forests,Indomalayan
101,acid_nox,cf_median,0.24223717,Nama Karoo shrublands,13.0,Deserts & Xeric Shrublands,Afrotropic
102,acid_nox,cf_median,0.2223143,Namaqualand-Richtersveld steppe,13.0,Deserts & Xeric Shrublands,Afrotropic
103,acid_nox,cf_median,0.21547045,Namib Desert,13.0,Deserts & Xeric Shrublands,Afrotropic
104,acid_nox,cf_median,0.19055386,Namibian savanna woodlands,13.0,Deserts & Xeric Shrublands,Afrotropic
251,acid_nox,cf_median,0.20872395,Nansei Islands subtropical evergreen forests,1.0,Tropical & Subtropical Moist Broadleaf Forests,Indomalayan
483,acid_nox,cf_median,0.17128724,Napo moist forests,1.0,Tropical & Subtropical Moist Broadleaf Forests,Neotropic
204,acid_nox,cf_median,0.084468625,Naracoorte woodlands,12.0,"Mediterranean Forests, Woodlands & Scrub",Australasia
296,acid_nox,cf_median,0.34220073,Narmada Valley dry deciduous forests,2.0,Tropical & Subtropical Dry Broadleaf Forests,Indomalayan
395,acid_nox,cf_median,0.41512284,Nebraska Sand Hills mixed grasslands,8.0,"Temperate Grasslands, Savannas & Shrublands",Nearctic
484,acid_nox,cf_median,0.1897713,Negro-Branco moist forests,1.0,Tropical & Subtropical Moist Broadleaf Forests,Neotropic
170,acid_nox,cf_median,0.064583644,Nelson Coast temperate forests,4.0,Temperate Broadleaf & Mixed Forests,Australasia
743,acid_nox,cf_median,0.83307785,Nenjiang River grassland,9.0,Flooded Grasslands & Savannas,Palearctic
144,acid_nox,cf_median,0.017521996,New Britain-New Ireland lowland rain forests,1.0,Tropical & Subtropical Moist Broadleaf Forests,Australasia
145,acid_nox,cf_median,0.017521996,New Britain-New Ireland montane rain forests,1.0,Tropical & Subtropical Moist Broadleaf Forests,Australasia
164,acid_nox,cf_median,0.013307664,New Caledonia dry forests,2.0,Tropical & Subtropical Dry Broadleaf Forests,Australasia
146,acid_nox,cf_median,0.013307664,New Caledonia rain forests,1.0,Tropical & Subtropical Moist Broadleaf Forests,Australasia
338,acid_nox,cf_median,0.9000205,New England-Acadian forests,4.0,Temperate Broadleaf & Mixed Forests,Nearctic
217,acid_nox,cf_median,0.05022356,New Guinea mangroves,14.0,Mangroves,Australasia
252,acid_nox,cf_median,0.16848366,Nicobar Islands rain forests,1.0,Tropical & Subtropical Moist Broadleaf Forests,Indomalayan
22,acid_nox,cf_median,0.13593835,Niger Delta swamp forests,1.0,Tropical & Subtropical Moist Broadleaf Forests,Afrotropic
23,acid_nox,cf_median,0.12147277,Nigerian lowland forests,1.0,Tropical & Subtropical Moist Broadleaf Forests,Afrotropic
670,acid_nox,cf_median,0.30968317,Nihonkai evergreen forests,4.0,Temperate Broadleaf & Mixed Forests,Palearctic
671,acid_nox,cf_median,0.36121833,Nihonkai montane deciduous forests,4.0,Temperate Broadleaf & Mixed Forests,Palearctic
744,acid_nox,cf_median,0.81633234,Nile Delta flooded savanna,9.0,Flooded Grasslands & Savannas,Palearctic
147,acid_nox,cf_median,0.015509475,Norfolk Island subtropical forests,1.0,Tropical & Subtropical Moist Broadleaf Forests,Australasia
831,acid_nox,cf_median,0.6864176,North Arabian desert,13.0,Deserts & Xeric Shrublands,Palearctic
832,acid_nox,cf_median,0.74301,North Arabian highland shrublands,13.0,Deserts & Xeric Shrublands,Palearctic
171,acid_nox,cf_median,0.18575801,New Zealand North Island temperate forests,4.0,Temperate Broadleaf & Mixed Forests,Australasia
833,acid_nox,cf_median,0.2602307,North Saharan Xeric Steppe and Woodland,13.0,Deserts & Xeric Shrublands,Palearctic
106,acid_nox,cf_median,0.19287562,Somali montane xeric woodlands,13.0,Deserts & Xeric Shrublands,Afrotropic
759,acid_nox,cf_median,0.79323006,North Tibetan Plateau-Kunlun Mountains alpine desert,10.0,Montane Grasslands & Shrublands,Palearctic
253,acid_nox,cf_median,0.19225413,North Western Ghats moist deciduous forests,1.0,Tropical & Subtropical Moist Broadleaf Forests,Indomalayan
254,acid_nox,cf_median,0.14838466,North Western Ghats montane rain forests,1.0,Tropical & Subtropical Moist Broadleaf Forests,Indomalayan
673,acid_nox,cf_median,0.9198135,Northeast China Plain deciduous forests,4.0,Temperate Broadleaf & Mixed Forests,Palearctic
304,acid_nox,cf_median,0.4460887,Northeast India-Myanmar pine forests,3.0,Tropical & Subtropical Coniferous Forests,Indomalayan
775,acid_nox,cf_median,0.14178479,Northeast Siberian coastal tundra,11.0,Tundra,Palearctic
714,acid_nox,cf_median,0.17135023,Northeast Siberian taiga,6.0,Boreal Forests/Taiga,Palearctic
485,acid_nox,cf_median,0.127304,Northeast Brazil restingas,1.0,Tropical & Subtropical Moist Broadleaf Forests,Neotropic
24,acid_nox,cf_median,0.14289585,Northeast Congolian lowland forests,1.0,Tropical & Subtropical Moist Broadleaf Forests,Afrotropic
702,acid_nox,cf_median,0.6117938,Northeast Himalayan subalpine conifer forests,5.0,Temperate Conifer Forests,Palearctic
799,acid_nox,cf_median,0.71657515,Northeast Spain and Southern France Mediterranean forests,12.0,"Mediterranean Forests, Woodlands & Scrub",Palearctic
339,acid_nox,cf_median,0.62734205,Northeast US Coastal forests,4.0,Temperate Broadleaf & Mixed Forests,Nearctic
51,acid_nox,cf_median,0.21677995,Northern Acacia-Commiphora bushlands and thickets,7.0,"Tropical & Subtropical Grasslands, Savannas & Shrublands",Afrotropic
703,acid_nox,cf_median,0.53621167,Northern Anatolian conifer and deciduous forests,5.0,Temperate Conifer Forests,Palearctic
593,acid_nox,cf_median,0.18269116,Northern Andean páramo,10.0,Montane Grasslands & Shrublands,Neotropic
255,acid_nox,cf_median,0.25749782,Northern Annamites rain forests,1.0,Tropical & Subtropical Moist Broadleaf Forests,Indomalayan
359,acid_nox,cf_median,0.21975406,Northern California coastal forests,5.0,Temperate Conifer Forests,Nearctic
379,acid_nox,cf_median,0.51389235,Northern Canadian Shield taiga,6.0,Boreal Forests/Taiga,Nearctic
52,acid_nox,cf_median,0.26955134,Northern Congolian Forest-Savanna,7.0,"Tropical & Subtropical Grasslands, Savannas & Shrublands",Afrotropic
297,acid_nox,cf_median,0.23819332,North Deccan dry deciduous forests,2.0,Tropical & Subtropical Dry Broadleaf Forests,Indomalayan
256,acid_nox,cf_median,0.36595774,Northern Indochina subtropical forests,1.0,Tropical & Subtropical Moist Broadleaf Forests,Indomalayan
257,acid_nox,cf_median,0.26389202,Northern Khorat Plateau moist deciduous forests,1.0,Tropical & Subtropical Moist Broadleaf Forests,Indomalayan
614,acid_nox,cf_median,0.12396724,Northern Mesoamerican Pacific mangroves,14.0,Mangroves,Neotropic
148,acid_nox,cf_median,0.041428667,Northern New Guinea lowland rain and freshwater swamp forests,1.0,Tropical & Subtropical Moist Broadleaf Forests,Australasia
149,acid_nox,cf_median,0.04064373,Northern New Guinea montane rain forests,1.0,Tropical & Subtropical Moist Broadleaf Forests,Australasia
396,acid_nox,cf_median,0.48523277,Northern Shortgrass prairie,8.0,"Temperate Grasslands, Savannas & Shrublands",Nearctic
25,acid_nox,cf_median,0.21677995,Northern Swahili coastal forests,1.0,Tropical & Subtropical Moist Broadleaf Forests,Afrotropic
397,acid_nox,cf_median,0.6355954,Northern Tallgrass prairie,8.0,"Temperate Grasslands, Savannas & Shrublands",Nearctic
258,acid_nox,cf_median,0.2564344,Northern Thailand-Laos moist deciduous forests,1.0,Tropical & Subtropical Moist Broadleaf Forests,Indomalayan
259,acid_nox,cf_median,0.46511275,Northern Triangle subtropical forests,1.0,Tropical & Subtropical Moist Broadleaf Forests,Indomalayan
307,acid_nox,cf_median,0.58389586,Northern Triangle temperate forests,4.0,Temperate Broadleaf & Mixed Forests,Indomalayan
260,acid_nox,cf_median,0.25749782,Northern Vietnam lowland rain forests,1.0,Tropical & Subtropical Moist Broadleaf Forests,Indomalayan
173,acid_nox,cf_median,0.07357794,Northland temperate kauri forests,4.0,Temperate Broadleaf & Mixed Forests,Australasia
800,acid_nox,cf_median,0.2986506,Northwest Iberian montane forests,12.0,"Mediterranean Forests, Woodlands & Scrub",Palearctic
776,acid_nox,cf_median,0.57361424,Northwest Russian-Novaya Zemlya tundra,11.0,Tundra,Palearctic
486,acid_nox,cf_median,0.18269116,Northwest Andean montane forests,1.0,Tropical & Subtropical Moist Broadleaf Forests,Neotropic
26,acid_nox,cf_median,0.17281656,Northwest Congolian lowland forests,1.0,Tropical & Subtropical Moist Broadleaf Forests,Afrotropic
641,acid_nox,cf_median,0.083489805,Northwest Hawai'i scrub,7.0,"Tropical & Subtropical Grasslands, Savannas & Shrublands",Oceania
760,acid_nox,cf_median,0.92701346,Northwestern Himalayan alpine shrub and meadows,10.0,Montane Grasslands & Shrublands,Palearctic
314,acid_nox,cf_median,0.84596926,Aravalli west thorn scrub forests,13.0,Deserts & Xeric Shrublands,Indomalayan
777,acid_nox,cf_median,0.0,Novosibirsk Islands Arctic desert,11.0,Tundra,Palearctic
704,acid_nox,cf_median,0.62134933,Nujiang Langcang Gorge alpine conifer and mixed forests,5.0,Temperate Conifer Forests,Palearctic
212,acid_nox,cf_median,0.08338396,Nullarbor Plains xeric shrublands,13.0,Deserts & Xeric Shrublands,Australasia
85,acid_nox,cf_median,0.22245623,Nyanga-Chimanimani Montane forest-grassland,10.0,Montane Grasslands & Shrublands,Afrotropic
487,acid_nox,cf_median,0.16618285,Oaxacan montane forests,1.0,Tropical & Subtropical Moist Broadleaf Forests,Neotropic
626,acid_nox,cf_median,0.080473445,Ogasawara subtropical moist forests,1.0,Tropical & Subtropical Moist Broadleaf Forests,Oceania
419,acid_nox,cf_median,0.39741054,Ogilvie-MacKenzie alpine tundra,11.0,Tundra,Nearctic
362,acid_nox,cf_median,1.0774802,Okanogan dry forests,5.0,Temperate Conifer Forests,Nearctic
715,acid_nox,cf_median,0.99552965,Okhotsk-Manchurian taiga,6.0,Boreal Forests/Taiga,Palearctic
761,acid_nox,cf_median,0.7814585,Ordos Plateau steppe,10.0,Montane Grasslands & Shrublands,Palearctic
488,acid_nox,cf_median,0.12584637,Orinoco Delta swamp forests,1.0,Tropical & Subtropical Moist Broadleaf Forests,Neotropic
583,acid_nox,cf_median,0.1210417,Orinoco wetlands,9.0,Flooded Grasslands & Savannas,Neotropic
261,acid_nox,cf_median,0.25215888,Orissa semi-evergreen forests,1.0,Tropical & Subtropical Moist Broadleaf Forests,Indomalayan
340,acid_nox,cf_median,0.3299507,Ozark Highlands mixed forests,4.0,Temperate Broadleaf & Mixed Forests,Nearctic
341,acid_nox,cf_median,0.25534368,Ozark Mountain forests,4.0,Temperate Broadleaf & Mixed Forests,Nearctic
420,acid_nox,cf_median,0.40455619,Pacific Coastal Mountain icefields and tundra,11.0,Tundra,Nearctic
627,acid_nox,cf_median,0.08418065,Palau tropical moist forests,1.0,Tropical & Subtropical Moist Broadleaf Forests,Oceania
262,acid_nox,cf_median,0.17058872,Palawan rain forests,1.0,Tropical & Subtropical Moist Broadleaf Forests,Indomalayan
398,acid_nox,cf_median,0.8190829,Palouse prairie,8.0,"Temperate Grasslands, Savannas & Shrublands",Nearctic
762,acid_nox,cf_median,1.3971001,Pamir alpine desert and tundra,10.0,Montane Grasslands & Shrublands,Palearctic
541,acid_nox,cf_median,0.08293785,Panamanian dry forests,2.0,Tropical & Subtropical Dry Broadleaf Forests,Neotropic
674,acid_nox,cf_median,0.88033456,Pannonian mixed forests,4.0,Temperate Broadleaf & Mixed Forests,Palearctic
584,acid_nox,cf_median,0.15973334,Pantanal,9.0,Flooded Grasslands & Savannas,Neotropic
489,acid_nox,cf_median,0.08803205,Pantanos de Centla,1.0,Tropical & Subtropical Moist Broadleaf Forests,Neotropic
490,acid_nox,cf_median,0.19465064,Pantepui forests & shrublands,1.0,Tropical & Subtropical Moist Broadleaf Forests,Neotropic
606,acid_nox,cf_median,0.07646837,Paraguaná xeric scrub,13.0,Deserts & Xeric Shrublands,Neotropic
585,acid_nox,cf_median,0.085075475,Paraná flooded savanna,9.0,Flooded Grasslands & Savannas,Neotropic
834,acid_nox,cf_median,1.2444764,Paropamisus xeric woodlands,13.0,Deserts & Xeric Shrublands,Palearctic
578,acid_nox,cf_median,0.1294794,Patagonian steppe,8.0,"Temperate Grasslands, Savannas & Shrublands",Neotropic
542,acid_nox,cf_median,0.20353432,Patía valley dry forests,2.0,Tropical & Subtropical Dry Broadleaf Forests,Neotropic
263,acid_nox,cf_median,0.14489083,Peninsular Malaysian montane rain forests,1.0,Tropical & Subtropical Moist Broadleaf Forests,Indomalayan
264,acid_nox,cf_median,0.14304154,Peninsular Malaysian peat swamp forests,1.0,Tropical & Subtropical Moist Broadleaf Forests,Indomalayan
265,acid_nox,cf_median,0.14489083,Peninsular Malaysian rain forests,1.0,Tropical & Subtropical Moist Broadleaf Forests,Indomalayan
491,acid_nox,cf_median,0.11296117,Pernambuco coastal forests,1.0,Tropical & Subtropical Moist Broadleaf Forests,Neotropic
492,acid_nox,cf_median,0.11296117,Pernambuco interior forests,1.0,Tropical & Subtropical Moist Broadleaf Forests,Neotropic
493,acid_nox,cf_median,0.34704345,Peruvian Yungas,1.0,Tropical & Subtropical Moist Broadleaf Forests,Neotropic
494,acid_nox,cf_median,0.09119001,Petén-Veracruz moist forests,1.0,Tropical & Subtropical Moist Broadleaf Forests,Neotropic
213,acid_nox,cf_median,0.09351534,Pilbara shrublands,13.0,Deserts & Xeric Shrublands,Australasia
801,acid_nox,cf_median,0.48253387,Pindus Mountains mixed forests,12.0,"Mediterranean Forests, Woodlands & Scrub",Palearctic
363,acid_nox,cf_median,0.1964114,Piney Woods,5.0,Temperate Conifer Forests,Nearctic
675,acid_nox,cf_median,0.9622461,Po Basin mixed forests,4.0,Temperate Broadleaf & Mixed Forests,Palearctic
735,acid_nox,cf_median,0.52498424,Pontic steppe,8.0,"Temperate Grasslands, Savannas & Shrublands",Palearctic
543,acid_nox,cf_median,0.057149753,Puerto Rican dry forests,2.0,Tropical & Subtropical Dry Broadleaf Forests,Neotropic
495,acid_nox,cf_median,0.057149753,Puerto Rican moist forests,1.0,Tropical & Subtropical Moist Broadleaf Forests,Neotropic
364,acid_nox,cf_median,0.74131227,Puget lowland forests,5.0,Temperate Conifer Forests,Nearctic
497,acid_nox,cf_median,0.21501507,Purus-Madeira moist forests,1.0,Tropical & Subtropical Moist Broadleaf Forests,Neotropic
496,acid_nox,cf_median,0.117606655,Purus várzea,1.0,Tropical & Subtropical Moist Broadleaf Forests,Neotropic
676,acid_nox,cf_median,0.5765525,Pyrenees conifer and mixed forests,4.0,Temperate Broadleaf & Mixed Forests,Palearctic
835,acid_nox,cf_median,0.8213515,Qaidam Basin semi-desert,13.0,Deserts & Xeric Shrublands,Palearctic
705,acid_nox,cf_median,0.84743226,Qilian Mountains conifer forests,5.0,Temperate Conifer Forests,Palearctic
763,acid_nox,cf_median,0.77987665,Qilian Mountains subalpine meadows,10.0,Montane Grasslands & Shrublands,Palearctic
677,acid_nox,cf_median,0.82387173,Qin Ling Mountains deciduous forests,4.0,Temperate Broadleaf & Mixed Forests,Palearctic
706,acid_nox,cf_median,0.73482215,Qionglai-Minshan conifer forests,5.0,Temperate Conifer Forests,Palearctic
150,acid_nox,cf_median,0.10761859,Queensland tropical rain forests,1.0,Tropical & Subtropical Moist Broadleaf Forests,Australasia
174,acid_nox,cf_median,0.04113831,Rakiura Island temperate forests,4.0,Temperate Broadleaf & Mixed Forests,Australasia
312,acid_nox,cf_median,0.59355867,Rann of Kutch seasonal salt marsh,9.0,Flooded Grasslands & Savannas,Indomalayan
628,acid_nox,cf_median,0.020172462,Rapa Nui and Sala y Gómez subtropical forests,1.0,Tropical & Subtropical Moist Broadleaf Forests,Oceania
266,acid_nox,cf_median,0.3045508,Red River freshwater swamp forests,1.0,Tropical & Subtropical Moist Broadleaf Forests,Indomalayan
837,acid_nox,cf_median,0.55286723,Red Sea-Arabian Desert shrublands,13.0,Deserts & Xeric Shrublands,Palearctic
836,acid_nox,cf_median,0.4339017,Red Sea coastal desert,13.0,Deserts & Xeric Shrublands,Palearctic
115,acid_nox,cf_median,0.22431387,Red Sea mangroves,14.0,Mangroves,Afrotropic
838,acid_nox,cf_median,0.5994856,Registan-North Pakistan sandy desert,13.0,Deserts & Xeric Shrublands,Palearctic
90,acid_nox,cf_median,0.18700624,Renosterveld shrubland,12.0,"Mediterranean Forests, Woodlands & Scrub",Afrotropic
175,acid_nox,cf_median,0.1001546,Richmond temperate forests,4.0,Temperate Broadleaf & Mixed Forests,Australasia
498,acid_nox,cf_median,0.13360254,Rio Negro campinarana,1.0,Tropical & Subtropical Moist Broadleaf Forests,Neotropic
678,acid_nox,cf_median,0.73899275,Rodope montane mixed forests,4.0,Temperate Broadleaf & Mixed Forests,Palearctic
86,acid_nox,cf_median,0.12509899,Rwenzori-Virunga montane moorlands,10.0,Montane Grasslands & Shrublands,Afrotropic
745,acid_nox,cf_median,0.28869447,Saharan halophytics,9.0,Flooded Grasslands & Savannas,Palearctic
53,acid_nox,cf_median,0.27829042,Sahelian Acacia savanna,7.0,"Tropical & Subtropical Grasslands, Savannas & Shrublands",Afrotropic
716,acid_nox,cf_median,0.5459639,Sakhalin Island taiga,6.0,Boreal Forests/Taiga,Palearctic
629,acid_nox,cf_median,0.006946915,Samoan tropical moist forests,1.0,Tropical & Subtropical Moist Broadleaf Forests,Oceania
562,acid_nox,cf_median,0.08761606,San Félix-San Ambrosio Islands temperate forests,4.0,Temperate Broadleaf & Mixed Forests,Neotropic
607,acid_nox,cf_median,0.093767405,San Lucan xeric scrub,13.0,Deserts & Xeric Shrublands,Neotropic
425,acid_nox,cf_median,0.11930544,Santa Lucia Montane Chaparral & Woodlands,12.0,"Mediterranean Forests, Woodlands & Scrub",Nearctic
499,acid_nox,cf_median,0.08457442,Santa Marta montane forests,1.0,Tropical & Subtropical Moist Broadleaf Forests,Neotropic
594,acid_nox,cf_median,0.08457442,Santa Marta páramo,10.0,Montane Grasslands & Shrublands,Neotropic
27,acid_nox,cf_median,0.053346228,"São Tomé, Príncipe, and Annobón forests",1.0,Tropical & Subtropical Moist Broadleaf Forests,Afrotropic
679,acid_nox,cf_median,0.6981293,Sarmatic mixed forests,4.0,Temperate Broadleaf & Mixed Forests,Palearctic
764,acid_nox,cf_median,0.89942694,Sayan alpine meadows and tundra,10.0,Montane Grasslands & Shrublands,Palearctic
736,acid_nox,cf_median,1.2265224,Sayan Intermontane steppe,8.0,"Temperate Grasslands, Savannas & Shrublands",Palearctic
707,acid_nox,cf_median,1.1172278,Sayan montane conifer forests,5.0,Temperate Conifer Forests,Palearctic
717,acid_nox,cf_median,0.7236906,Scandinavian and Russian taiga,6.0,Boreal Forests/Taiga,Palearctic
708,acid_nox,cf_median,0.5366463,Scandinavian coastal conifer forests,5.0,Temperate Conifer Forests,Palearctic
780,acid_nox,cf_median,0.6741243,Scandinavian Montane Birch forest and grasslands,11.0,Tundra,Palearctic
608,acid_nox,cf_median,0.44446546,Sechura desert,13.0,Deserts & Xeric Shrublands,Neotropic
737,acid_nox,cf_median,0.73858607,Selenge-Orkhon forest steppe,8.0,"Temperate Grasslands, Savannas & Shrublands",Palearctic
151,acid_nox,cf_median,0.05940795,Seram rain forests,1.0,Tropical & Subtropical Moist Broadleaf Forests,Australasia
54,acid_nox,cf_median,0.19357438,Serengeti volcanic grasslands,7.0,"Tropical & Subtropical Grasslands, Savannas & Shrublands",Afrotropic
500,acid_nox,cf_median,0.20839965,Serra do Mar coastal forests,1.0,Tropical & Subtropical Moist Broadleaf Forests,Neotropic
680,acid_nox,cf_median,0.75581,Sichuan Basin evergreen broadleaf forests,4.0,Temperate Broadleaf & Mixed Forests,Palearctic
544,acid_nox,cf_median,0.11676223,Sierra de la Laguna dry forests,2.0,Tropical & Subtropical Dry Broadleaf Forests,Neotropic
556,acid_nox,cf_median,0.11676223,Sierra de la Laguna pine-oak forests,3.0,Tropical & Subtropical Coniferous Forests,Neotropic
501,acid_nox,cf_median,0.10809682,Sierra de los Tuxtlas,1.0,Tropical & Subtropical Moist Broadleaf Forests,Neotropic
502,acid_nox,cf_median,0.06778196,Sierra Madre de Chiapas moist forests,1.0,Tropical & Subtropical Moist Broadleaf Forests,Neotropic
557,acid_nox,cf_median,0.16618285,Sierra Madre de Oaxaca pine-oak forests,3.0,Tropical & Subtropical Coniferous Forests,Neotropic
558,acid_nox,cf_median,0.108914204,Sierra Madre del Sur pine-oak forests,3.0,Tropical & Subtropical Coniferous Forests,Neotropic
326,acid_nox,cf_median,0.1315916,Sierra Madre Occidental pine-oak forests,3.0,Tropical & Subtropical Coniferous Forests,Nearctic
327,acid_nox,cf_median,0.13100389,Sierra Madre Oriental pine-oak forests,3.0,Tropical & Subtropical Coniferous Forests,Nearctic
366,acid_nox,cf_median,0.21752721,Sierra Nevada forests,5.0,Temperate Conifer Forests,Nearctic
214,acid_nox,cf_median,0.12879944,Simpson desert,13.0,Deserts & Xeric Shrublands,Australasia
545,acid_nox,cf_median,0.12652802,Sinaloan dry forests,2.0,Tropical & Subtropical Dry Broadleaf Forests,Neotropic
546,acid_nox,cf_median,0.08457442,Sinú Valley dry forests,2.0,Tropical & Subtropical Dry Broadleaf Forests,Neotropic
434,acid_nox,cf_median,0.40298626,Snake-Columbia shrub steppe,13.0,Deserts & Xeric Shrublands,Nearctic
630,acid_nox,cf_median,0.0054818187,Society Islands tropical moist forests,1.0,Tropical & Subtropical Moist Broadleaf Forests,Oceania
105,acid_nox,cf_median,0.18799523,Socotra Island xeric shrublands,13.0,Deserts & Xeric Shrublands,Afrotropic
503,acid_nox,cf_median,0.10719515,Solimões-Japurá moist forests,1.0,Tropical & Subtropical Moist Broadleaf Forests,Neotropic
152,acid_nox,cf_median,0.009175542,Solomon Islands rain forests,1.0,Tropical & Subtropical Moist Broadleaf Forests,Australasia
55,acid_nox,cf_median,0.23007289,Somali Acacia-Commiphora bushlands and thickets,7.0,"Tropical & Subtropical Grasslands, Savannas & Shrublands",Afrotropic
324,acid_nox,cf_median,0.14248674,Sonoran-Sinaloan subtropical dry forest,2.0,Tropical & Subtropical Dry Broadleaf Forests,Nearctic
435,acid_nox,cf_median,0.15307875,Sonoran desert,13.0,Deserts & Xeric Shrublands,Nearctic
615,acid_nox,cf_median,0.14044394,South American Pacific mangroves,14.0,Mangroves,Neotropic
802,acid_nox,cf_median,0.47475195,South Apennine mixed montane forests,12.0,"Mediterranean Forests, Woodlands & Scrub",Palearctic
367,acid_nox,cf_median,0.550646,South Central Rockies forests,5.0,Temperate Conifer Forests,Nearctic
268,acid_nox,cf_median,0.3799046,South China-Vietnam subtropical evergreen forests,1.0,Tropical & Subtropical Moist Broadleaf Forests,Indomalayan
267,acid_nox,cf_median,0.21932721,South China Sea Islands,1.0,Tropical & Subtropical Moist Broadleaf Forests,Indomalayan
298,acid_nox,cf_median,0.13413525,South Deccan Plateau dry deciduous forests,2.0,Tropical & Subtropical Dry Broadleaf Forests,Indomalayan
841,acid_nox,cf_median,0.41771567,South Iran Nubo-Sindian desert and semi-desert,13.0,Deserts & Xeric Shrublands,Palearctic
194,acid_nox,cf_median,0.08539188,New Zealand South Island montane grasslands,10.0,Montane Grasslands & Shrublands,Australasia
172,acid_nox,cf_median,0.11196135,New Zealand South Island temperate forests,4.0,Temperate Broadleaf & Mixed Forests,Australasia
842,acid_nox,cf_median,0.22075246,South Sahara desert,13.0,Deserts & Xeric Shrublands,Palearctic
738,acid_nox,cf_median,1.0589594,South Siberian forest steppe,8.0,"Temperate Grasslands, Savannas & Shrublands",Palearctic
269,acid_nox,cf_median,0.2522795,South Taiwan monsoon rain forests,1.0,Tropical & Subtropical Moist Broadleaf Forests,Indomalayan
270,acid_nox,cf_median,0.12266874,South Western Ghats moist deciduous forests,1.0,Tropical & Subtropical Moist Broadleaf Forests,Indomalayan
271,acid_nox,cf_median,0.12266874,South Western Ghats montane rain forests,1.0,Tropical & Subtropical Moist Broadleaf Forests,Indomalayan
176,acid_nox,cf_median,0.11455421,Southeast Australia temperate forests,4.0,Temperate Broadleaf & Mixed Forests,Australasia
192,acid_nox,cf_median,0.08965661,Southeast Australia temperate savanna,8.0,"Temperate Grasslands, Savannas & Shrublands",Australasia
765,acid_nox,cf_median,0.73054665,Southeast Tibet shrublands and meadows,10.0,Montane Grasslands & Shrublands,Palearctic
400,acid_nox,cf_median,0.35290772,Southeast US mixed woodlands and savannas,8.0,"Temperate Grasslands, Savannas & Shrublands",Nearctic
399,acid_nox,cf_median,0.35335335,Southeast US conifer savannas,8.0,"Temperate Grasslands, Savannas & Shrublands",Nearctic
803,acid_nox,cf_median,0.25661942,Southeast Iberian shrubs and woodlands,12.0,"Mediterranean Forests, Woodlands & Scrub",Palearctic
299,acid_nox,cf_median,0.20175754,Southeast Indochina dry evergreen forests,2.0,Tropical & Subtropical Dry Broadleaf Forests,Indomalayan
153,acid_nox,cf_median,0.027152067,Southeast Papuan rain forests,1.0,Tropical & Subtropical Moist Broadleaf Forests,Australasia
57,acid_nox,cf_median,0.18369369,Southern Acacia-Commiphora bushlands and thickets,7.0,"Tropical & Subtropical Grasslands, Savannas & Shrublands",Afrotropic
116,acid_nox,cf_median,0.21527432,Southern Africa mangroves,14.0,Mangroves,Afrotropic
804,acid_nox,cf_median,0.4636279,Southern Anatolian montane conifer and deciduous forests,12.0,"Mediterranean Forests, Woodlands & Scrub",Palearctic
595,acid_nox,cf_median,0.19864213,Southern Andean steppe,10.0,Montane Grasslands & Shrublands,Neotropic
504,acid_nox,cf_median,0.15595222,Southern Andean Yungas,1.0,Tropical & Subtropical Moist Broadleaf Forests,Neotropic
272,acid_nox,cf_median,0.20556404,Southern Annamites montane rain forests,1.0,Tropical & Subtropical Moist Broadleaf Forests,Indomalayan
616,acid_nox,cf_median,0.16966411,Southern Atlantic Brazilian mangroves,14.0,Mangroves,Neotropic
586,acid_nox,cf_median,0.0944853,Southern Cone Mesopotamian savanna,9.0,Flooded Grasslands & Savannas,Neotropic
58,acid_nox,cf_median,0.26133105,Southern Congolian forest-savanna,7.0,"Tropical & Subtropical Grasslands, Savannas & Shrublands",Afrotropic
342,acid_nox,cf_median,0.63508034,Southern Great Lakes forests,4.0,Temperate Broadleaf & Mixed Forests,Nearctic
382,acid_nox,cf_median,0.7159088,Southern Hudson Bay taiga,6.0,Boreal Forests/Taiga,Nearctic
681,acid_nox,cf_median,0.32549065,Southern Korea evergreen forests,4.0,Temperate Broadleaf & Mixed Forests,Palearctic
617,acid_nox,cf_median,0.07676377,Southern Mesoamerican Pacific mangroves,14.0,Mangroves,Neotropic
154,acid_nox,cf_median,0.046563007,Southern New Guinea freshwater swamp forests,1.0,Tropical & Subtropical Moist Broadleaf Forests,Australasia
155,acid_nox,cf_median,0.046563007,Southern New Guinea lowland rain forests,1.0,Tropical & Subtropical Moist Broadleaf Forests,Australasia
547,acid_nox,cf_median,0.09619902,Southern Pacific dry forests,2.0,Tropical & Subtropical Dry Broadleaf Forests,Neotropic
87,acid_nox,cf_median,0.25868642,Southern Rift Montane forest-grassland,10.0,Montane Grasslands & Shrublands,Afrotropic
28,acid_nox,cf_median,0.18601617,Southern Swahili coastal forests and woodlands,1.0,Tropical & Subtropical Moist Broadleaf Forests,Afrotropic
300,acid_nox,cf_median,0.20556404,Southern Vietnam lowland dry forests,2.0,Tropical & Subtropical Dry Broadleaf Forests,Indomalayan
505,acid_nox,cf_median,0.20061176,Southwest Amazon moist forests,1.0,Tropical & Subtropical Moist Broadleaf Forests,Neotropic
108,acid_nox,cf_median,0.3970471,Southwest Arabian Escarpment shrublands and woodlands,13.0,Deserts & Xeric Shrublands,Afrotropic
109,acid_nox,cf_median,0.4148109,Southwest Arabian highland xeric scrub,13.0,Deserts & Xeric Shrublands,Afrotropic
205,acid_nox,cf_median,0.08027597,Southwest Australia savanna,12.0,"Mediterranean Forests, Woodlands & Scrub",Australasia
206,acid_nox,cf_median,0.09167223,Southwest Australia woodlands,12.0,"Mediterranean Forests, Woodlands & Scrub",Australasia
273,acid_nox,cf_median,0.110021845,Southwest Borneo freshwater swamp forests,1.0,Tropical & Subtropical Moist Broadleaf Forests,Indomalayan
805,acid_nox,cf_median,0.21790023,Southwest Iberian Mediterranean sclerophyllous and mixed forests,12.0,"Mediterranean Forests, Woodlands & Scrub",Palearctic
301,acid_nox,cf_median,0.119405985,Sri Lanka dry-zone dry evergreen forests,2.0,Tropical & Subtropical Dry Broadleaf Forests,Indomalayan
274,acid_nox,cf_median,0.11314468,Sri Lanka lowland rain forests,1.0,Tropical & Subtropical Moist Broadleaf Forests,Indomalayan
275,acid_nox,cf_median,0.11314468,Sri Lanka montane rain forests,1.0,Tropical & Subtropical Moist Broadleaf Forests,Indomalayan
609,acid_nox,cf_median,0.021356357,St. Peter and St. Paul Rocks,13.0,Deserts & Xeric Shrublands,Neotropic
110,acid_nox,cf_median,0.20415874,Succulent Karoo xeric shrublands,13.0,Deserts & Xeric Shrublands,Afrotropic
74,acid_nox,cf_median,0.26319203,Sudd flooded grasslands,9.0,Flooded Grasslands & Savannas,Afrotropic
746,acid_nox,cf_median,1.144354,Suiphun-Khanka meadows and forest meadows,9.0,Flooded Grasslands & Savannas,Palearctic
766,acid_nox,cf_median,0.8105748,Sulaiman Range alpine meadows,10.0,Montane Grasslands & Shrublands,Palearctic
157,acid_nox,cf_median,0.08392818,Sulawesi montane rain forests,1.0,Tropical & Subtropical Moist Broadleaf Forests,Australasia
276,acid_nox,cf_median,0.12516244,Sulu Archipelago rain forests,1.0,Tropical & Subtropical Moist Broadleaf Forests,Indomalayan
277,acid_nox,cf_median,0.14850175,Sumatran freshwater swamp forests,1.0,Tropical & Subtropical Moist Broadleaf Forests,Indomalayan
278,acid_nox,cf_median,0.11590667,Sumatran lowland rain forests,1.0,Tropical & Subtropical Moist Broadleaf Forests,Indomalayan
279,acid_nox,cf_median,0.13393703,Sumatran montane rain forests,1.0,Tropical & Subtropical Moist Broadleaf Forests,Indomalayan
280,acid_nox,cf_median,0.14850175,Sumatran peat swamp forests,1.0,Tropical & Subtropical Moist Broadleaf Forests,Indomalayan
305,acid_nox,cf_median,0.13582398,Sumatran tropical pine forests,3.0,Tropical & Subtropical Coniferous Forests,Indomalayan
165,acid_nox,cf_median,0.055341646,Sumba deciduous forests,2.0,Tropical & Subtropical Dry Broadleaf Forests,Australasia
322,acid_nox,cf_median,0.12663454,Sunda Shelf mangroves,14.0,Mangroves,Indomalayan
281,acid_nox,cf_median,0.10845534,Sundaland heath forests,1.0,Tropical & Subtropical Moist Broadleaf Forests,Indomalayan
282,acid_nox,cf_median,0.30309403,Sundarbans freshwater swamp forests,1.0,Tropical & Subtropical Moist Broadleaf Forests,Indomalayan
323,acid_nox,cf_median,0.30309403,Sundarbans mangroves,14.0,Mangroves,Indomalayan
739,acid_nox,cf_median,0.5406864,Syrian xeric grasslands and shrublands,8.0,"Temperate Grasslands, Savannas & Shrublands",Palearctic
682,acid_nox,cf_median,0.30076316,Taiheiyo evergreen forests,4.0,Temperate Broadleaf & Mixed Forests,Palearctic
683,acid_nox,cf_median,0.36121833,Taiheiyo montane deciduous forests,4.0,Temperate Broadleaf & Mixed Forests,Palearctic
781,acid_nox,cf_median,0.40266445,Taimyr-Central Siberian tundra,11.0,Tundra,Palearctic
283,acid_nox,cf_median,0.3177715,Taiwan subtropical evergreen forests,1.0,Tropical & Subtropical Moist Broadleaf Forests,Indomalayan
843,acid_nox,cf_median,1.2629111,Taklimakan desert,13.0,Deserts & Xeric Shrublands,Palearctic
506,acid_nox,cf_median,0.09263695,Talamancan montane forests,1.0,Tropical & Subtropical Moist Broadleaf Forests,Neotropic
436,acid_nox,cf_median,0.12394697,Tamaulipan matorral,13.0,Deserts & Xeric Shrublands,Nearctic
437,acid_nox,cf_median,0.13454387,Tamaulipan mezquital,13.0,Deserts & Xeric Shrublands,Nearctic
507,acid_nox,cf_median,0.23907557,Tapajós-Xingu moist forests,1.0,Tropical & Subtropical Moist Broadleaf Forests,Neotropic
684,acid_nox,cf_median,1.2629111,Tarim Basin deciduous forests and steppe,4.0,Temperate Broadleaf & Mixed Forests,Palearctic
177,acid_nox,cf_median,0.20117232,Tasmanian Central Highland forests,4.0,Temperate Broadleaf & Mixed Forests,Australasia
178,acid_nox,cf_median,0.08157484,Tasmanian temperate forests,4.0,Temperate Broadleaf & Mixed Forests,Australasia
179,acid_nox,cf_median,0.20117232,Tasmanian temperate rain forests,4.0,Temperate Broadleaf & Mixed Forests,Australasia
610,acid_nox,cf_median,0.1801874,Tehuacán Valley matorral,13.0,Deserts & Xeric Shrublands,Neotropic
284,acid_nox,cf_median,0.1786918,Tenasserim-South Thailand semi-evergreen rain forests,1.0,Tropical & Subtropical Moist Broadleaf Forests,Indomalayan
311,acid_nox,cf_median,0.52330685,Terai-Duar savanna and grasslands,7.0,"Tropical & Subtropical Grasslands, Savannas & Shrublands",Indomalayan
401,acid_nox,cf_median,0.17987594,Texas blackland prairies,8.0,"Temperate Grasslands, Savannas & Shrublands",Nearctic
318,acid_nox,cf_median,1.0623909,Thar desert,13.0,Deserts & Xeric Shrublands,Indomalayan
740,acid_nox,cf_median,1.5708972,Tian Shan foothill arid steppe,8.0,"Temperate Grasslands, Savannas & Shrublands",Palearctic
709,acid_nox,cf_median,1.6221807,Tian Shan montane conifer forests,5.0,Temperate Conifer Forests,Palearctic
767,acid_nox,cf_median,1.6294061,Tian Shan montane steppe and meadows,10.0,Montane Grasslands & Shrublands,Palearctic
844,acid_nox,cf_median,0.24381168,Tibesti-Jebel Uweinat montane xeric woodlands,13.0,Deserts & Xeric Shrublands,Palearctic
768,acid_nox,cf_median,0.6719801,Tibetan Plateau alpine shrublands and meadows,10.0,Montane Grasslands & Shrublands,Palearctic
747,acid_nox,cf_median,0.58504665,Tigris-Euphrates alluvial salt marsh,9.0,Flooded Grasslands & Savannas,Palearctic
166,acid_nox,cf_median,0.063534684,Timor and Wetar deciduous forests,2.0,Tropical & Subtropical Dry Broadleaf Forests,Australasia
215,acid_nox,cf_median,0.08797128,Tirari-Sturt stony desert,13.0,Deserts & Xeric Shrublands,Australasia
631,acid_nox,cf_median,0.00824733,Tongan tropical moist forests,1.0,Tropical & Subtropical Moist Broadleaf Forests,Oceania
286,acid_nox,cf_median,0.18697667,Tonle Sap-Mekong peat swamp forests,1.0,Tropical & Subtropical Moist Broadleaf Forests,Indomalayan
285,acid_nox,cf_median,0.18561931,Tonle Sap freshwater swamp forests,1.0,Tropical & Subtropical Moist Broadleaf Forests,Indomalayan
421,acid_nox,cf_median,0.25335056,Torngat Mountain tundra,11.0,Tundra,Nearctic
782,acid_nox,cf_median,0.7062629,Trans-Baikal Bald Mountain tundra,11.0,Tundra,Palearctic
718,acid_nox,cf_median,0.7056217,Trans-Baikal conifer forests,6.0,Boreal Forests/Taiga,Palearctic
559,acid_nox,cf_median,0.1365986,Trans-Mexican Volcanic Belt pine-oak forests,3.0,Tropical & Subtropical Coniferous Forests,Neotropic
188,acid_nox,cf_median,0.056487817,Trans Fly savanna and grasslands,7.0,"Tropical & Subtropical Grasslands, Savannas & Shrublands",Australasia
510,acid_nox,cf_median,0.1129644,Trinidad and Tobago moist forest,1.0,Tropical & Subtropical Moist Broadleaf Forests,Neotropic
68,acid_nox,cf_median,0.10865418,Tristan Da Cunha-Gough Islands shrub and grasslands,8.0,"Temperate Grasslands, Savannas & Shrublands",Afrotropic
158,acid_nox,cf_median,0.014703396,Trobriand Islands rain forests,1.0,Tropical & Subtropical Moist Broadleaf Forests,Australasia
632,acid_nox,cf_median,0.008278341,Tuamotu tropical moist forests,1.0,Tropical & Subtropical Moist Broadleaf Forests,Oceania
633,acid_nox,cf_median,0.008526458,Tubuai tropical moist forests,1.0,Tropical & Subtropical Moist Broadleaf Forests,Oceania
549,acid_nox,cf_median,0.1479289,Tumbes-Piura dry forests,2.0,Tropical & Subtropical Dry Broadleaf Forests,Neotropic
806,acid_nox,cf_median,0.47475195,Tyrrhenian-Adriatic sclerophyllous and mixed forests,12.0,"Mediterranean Forests, Woodlands & Scrub",Palearctic
511,acid_nox,cf_median,0.1799164,Uatumã-Trombetas moist forests,1.0,Tropical & Subtropical Moist Broadleaf Forests,Neotropic
512,acid_nox,cf_median,0.27683532,Ucayali moist forests,1.0,Tropical & Subtropical Moist Broadleaf Forests,Neotropic
287,acid_nox,cf_median,0.45966968,Upper Gangetic Plains moist deciduous forests,1.0,Tropical & Subtropical Moist Broadleaf Forests,Indomalayan
343,acid_nox,cf_median,0.6251202,Upper Midwest US forest-savanna transition,4.0,Temperate Broadleaf & Mixed Forests,Nearctic
719,acid_nox,cf_median,1.1295421,Urals montane forest and taiga,6.0,Boreal Forests/Taiga,Palearctic
574,acid_nox,cf_median,0.08278121,Uruguayan savanna,7.0,"Tropical & Subtropical Grasslands, Savannas & Shrublands",Neotropic
685,acid_nox,cf_median,1.1210598,Ussuri broadleaf and mixed forests,4.0,Temperate Broadleaf & Mixed Forests,Palearctic
563,acid_nox,cf_median,0.18082279,Valdivian temperate forests,4.0,Temperate Broadleaf & Mixed Forests,Neotropic
159,acid_nox,cf_median,0.009691922,Vanuatu rain forests,1.0,Tropical & Subtropical Moist Broadleaf Forests,Australasia
513,acid_nox,cf_median,0.10892387,Venezuelan Andes montane forests,1.0,Tropical & Subtropical Moist Broadleaf Forests,Neotropic
550,acid_nox,cf_median,0.1680556,Veracruz dry forests,2.0,Tropical & Subtropical Dry Broadleaf Forests,Neotropic
514,acid_nox,cf_median,0.1332301,Veracruz moist forests,1.0,Tropical & Subtropical Moist Broadleaf Forests,Neotropic
515,acid_nox,cf_median,0.229735,Veracruz montane forests,1.0,Tropical & Subtropical Moist Broadleaf Forests,Neotropic
189,acid_nox,cf_median,0.26332307,Victoria Plains tropical savanna,7.0,"Tropical & Subtropical Grasslands, Savannas & Shrublands",Australasia
161,acid_nox,cf_median,0.052415993,Vogelkop-Aru lowland rain forests,1.0,Tropical & Subtropical Moist Broadleaf Forests,Australasia
160,acid_nox,cf_median,0.052415993,Vogelkop montane rain forests,1.0,Tropical & Subtropical Moist Broadleaf Forests,Australasia
368,acid_nox,cf_median,0.3014432,Wasatch and Uinta montane forests,5.0,Temperate Conifer Forests,Nearctic
383,acid_nox,cf_median,0.40331072,Watson Highlands taiga,6.0,Boreal Forests/Taiga,Nearctic
845,acid_nox,cf_median,0.2115369,West Sahara desert,13.0,Deserts & Xeric Shrublands,Palearctic
846,acid_nox,cf_median,0.18798934,West Saharan montane xeric woodlands,13.0,Deserts & Xeric Shrublands,Palearctic
720,acid_nox,cf_median,0.7852234,West Siberian taiga,6.0,Boreal Forests/Taiga,Palearctic
62,acid_nox,cf_median,0.1323681,West Sudanian savanna,7.0,"Tropical & Subtropical Grasslands, Savannas & Shrublands",Afrotropic
216,acid_nox,cf_median,0.08835779,Western Australian Mulga shrublands,13.0,Deserts & Xeric Shrublands,Australasia
29,acid_nox,cf_median,0.15227762,Western Congolian swamp forests,1.0,Tropical & Subtropical Moist Broadleaf Forests,Afrotropic
516,acid_nox,cf_median,0.18269116,Western Ecuador moist forests,1.0,Tropical & Subtropical Moist Broadleaf Forests,Neotropic
686,acid_nox,cf_median,0.9397174,Western European broadleaf forests,4.0,Temperate Broadleaf & Mixed Forests,Palearctic
344,acid_nox,cf_median,0.9257882,Western Great Lakes forests,4.0,Temperate Broadleaf & Mixed Forests,Nearctic
30,acid_nox,cf_median,0.11086109,Western Guinean lowland forests,1.0,Tropical & Subtropical Moist Broadleaf Forests,Afrotropic
384,acid_nox,cf_median,0.13567646,Western Gulf coastal grasslands,7.0,"Tropical & Subtropical Grasslands, Savannas & Shrublands",Nearctic
769,acid_nox,cf_median,0.5959235,Western Himalayan alpine shrub and meadows,10.0,Montane Grasslands & Shrublands,Palearctic
308,acid_nox,cf_median,0.8505822,Western Himalayan broadleaf forests,4.0,Temperate Broadleaf & Mixed Forests,Indomalayan
310,acid_nox,cf_median,0.85820925,Western Himalayan subalpine conifer forests,5.0,Temperate Conifer Forests,Indomalayan
288,acid_nox,cf_median,0.08011248,Western Java montane rain forests,1.0,Tropical & Subtropical Moist Broadleaf Forests,Indomalayan
289,acid_nox,cf_median,0.08552188,Western Java rain forests,1.0,Tropical & Subtropical Moist Broadleaf Forests,Indomalayan
634,acid_nox,cf_median,0.0076144957,Western Polynesian tropical moist forests,1.0,Tropical & Subtropical Moist Broadleaf Forests,Oceania
402,acid_nox,cf_median,0.2586716,Western shortgrass prairie,8.0,"Temperate Grasslands, Savannas & Shrublands",Nearctic
687,acid_nox,cf_median,0.81651646,Western Siberian hemiboreal forests,4.0,Temperate Broadleaf & Mixed Forests,Palearctic
180,acid_nox,cf_median,0.07173821,Westland temperate forests,4.0,Temperate Broadleaf & Mixed Forests,Australasia
403,acid_nox,cf_median,0.43580922,Willamette Valley oak savanna,8.0,"Temperate Grasslands, Savannas & Shrublands",Nearctic
517,acid_nox,cf_median,0.054113492,Windward Islands moist forests,1.0,Tropical & Subtropical Moist Broadleaf Forests,Neotropic
783,acid_nox,cf_median,0.0,Wrangel Island Arctic desert,11.0,Tundra,Palearctic
438,acid_nox,cf_median,0.37912956,Wyoming Basin shrub steppe,13.0,Deserts & Xeric Shrublands,Nearctic
518,acid_nox,cf_median,0.2438227,Xingu-Tocantins-Araguaia moist forests,1.0,Tropical & Subtropical Moist Broadleaf Forests,Neotropic
784,acid_nox,cf_median,0.50591457,Yamal-Gydan tundra,11.0,Tundra,Palearctic
638,acid_nox,cf_median,0.05545614,Yap tropical dry forests,2.0,Tropical & Subtropical Dry Broadleaf Forests,Oceania
162,acid_nox,cf_median,0.041797638,Yapen rain forests,1.0,Tropical & Subtropical Moist Broadleaf Forests,Australasia
770,acid_nox,cf_median,0.6002152,Yarlung Zanbo arid steppe,10.0,Montane Grasslands & Shrublands,Palearctic
748,acid_nox,cf_median,0.50028616,Yellow Sea saline meadow,9.0,Flooded Grasslands & Savannas,Palearctic
551,acid_nox,cf_median,0.08391878,Yucatán dry forests,2.0,Tropical & Subtropical Dry Broadleaf Forests,Neotropic
519,acid_nox,cf_median,0.08391878,Yucatán moist forests,1.0,Tropical & Subtropical Moist Broadleaf Forests,Neotropic
643,acid_nox,cf_median,0.5216479,Yunnan Plateau subtropical evergreen forests,1.0,Tropical & Subtropical Moist Broadleaf Forests,Palearctic
688,acid_nox,cf_median,0.58382046,Zagros Mountains forest steppe,4.0,Temperate Broadleaf & Mixed Forests,Palearctic
66,acid_nox,cf_median,0.2686397,Zambezian-Limpopo mixed woodlands,7.0,"Tropical & Subtropical Grasslands, Savannas & Shrublands",Afrotropic
64,acid_nox,cf_median,0.24619235,Zambezian Baikiaea woodlands,7.0,"Tropical & Subtropical Grasslands, Savannas & Shrublands",Afrotropic
75,acid_nox,cf_median,0.18233584,Zambezian coastal flooded savanna,9.0,Flooded Grasslands & Savannas,Afrotropic
42,acid_nox,cf_median,0.21669638,Dry miombo woodlands,7.0,"Tropical & Subtropical Grasslands, Savannas & Shrublands",Afrotropic
33,acid_nox,cf_median,0.23598678,Zambezian evergreen dry forests,2.0,Tropical & Subtropical Dry Broadleaf Forests,Afrotropic
76,acid_nox,cf_median,0.22826721,Zambezian flooded grasslands,9.0,Flooded Grasslands & Savannas,Afrotropic
65,acid_nox,cf_median,0.3289444,Zambezian mopane woodlands,7.0,"Tropical & Subtropical Grasslands, Savannas & Shrublands",Afrotropic
524,acid_nox,cf_median,0.2545022,Brazilian Atlantic dry forests,2.0,Tropical & Subtropical Dry Broadleaf Forests,Neotropic
380,acid_nox,cf_median,0.43785468,Northern Cordillera forests,6.0,Boreal Forests/Taiga,Nearctic
60,acid_nox,cf_median,0.0795522,St. Helena scrub and woodlands,7.0,"Tropical & Subtropical Grasslands, Savannas & Shrublands",Afrotropic
61,acid_nox,cf_median,0.19199336,Victoria Basin forest-savanna,7.0,"Tropical & Subtropical Grasslands, Savannas & Shrublands",Afrotropic
63,acid_nox,cf_median,0.22890507,Western Congolian forest-savanna,7.0,"Tropical & Subtropical Grasslands, Savannas & Shrublands",Afrotropic
78,acid_nox,cf_median,0.22794807,East African montane moorlands,10.0,Montane Grasslands & Shrublands,Afrotropic
365,acid_nox,cf_median,0.3515057,Queen Charlotte Islands conifer forests,5.0,Temperate Conifer Forests,Nearctic
360,acid_nox,cf_median,0.38969076,Northern Pacific Alaskan coastal forests,5.0,Temperate Conifer Forests,Nearctic
381,acid_nox,cf_median,0.38940886,Northwest Territories taiga,6.0,Boreal Forests/Taiga,Nearctic
107,acid_nox,cf_median,0.27837983,Southwest Arabian coastal xeric shrublands,13.0,Deserts & Xeric Shrublands,Afrotropic
811,acid_nox,cf_median,0.8570631,Arabian-Persian Gulf coastal plain desert,13.0,Deserts & Xeric Shrublands,Palearctic
840,acid_nox,cf_median,0.24407987,South Arabian plains and plateau desert,13.0,Deserts & Xeric Shrublands,Palearctic
809,acid_nox,cf_median,0.7892429,Arabian desert,13.0,Deserts & Xeric Shrublands,Palearctic
552,acid_nox,cf_median,0.10529604,Bahamian pineyards,3.0,Tropical & Subtropical Coniferous Forests,Neotropic
96,acid_nox,cf_median,0.17030102,Ile Europa and Bassas da India xeric scrub,13.0,Deserts & Xeric Shrublands,Afrotropic
773,acid_nox,cf_median,0.30644655,Kamchatka tundra,11.0,Tundra,Palearctic
508,acid_nox,cf_median,0.1948989,Tocantins/Pindare moist forests,1.0,Tropical & Subtropical Moist Broadleaf Forests,Neotropic
417,acid_nox,cf_median,0.1468655,Kalaallit Nunaat Arctic steppe,11.0,Tundra,Nearctic
358,acid_nox,cf_median,1.4607168,North Cascades conifer forests,5.0,Temperate Conifer Forests,Nearctic
361,acid_nox,cf_median,0.97587705,Northern Rockies conifer forests,5.0,Temperate Conifer Forests,Nearctic
509,acid_nox,cf_median,0.081277385,Trindade-Martin Vaz Islands tropical forests,1.0,Tropical & Subtropical Moist Broadleaf Forests,Neotropic
59,acid_nox,cf_median,0.3970471,Southwest Arabian montane woodlands and grasslands,7.0,"Tropical & Subtropical Grasslands, Savannas & Shrublands",Afrotropic
56,acid_nox,cf_median,0.25036716,"South Arabian fog woodlands, shrublands, and dune",7.0,"Tropical & Subtropical Grasslands, Savannas & Shrublands",Afrotropic
548,acid_nox,cf_median,0.1129644,Trinidad and Tobago dry forest,2.0,Tropical & Subtropical Dry Broadleaf Forests,Neotropic
537,acid_nox,cf_median,0.054113492,Lesser Antillean dry forests,2.0,Tropical & Subtropical Dry Broadleaf Forests,Neotropic
672,acid_nox,cf_median,0.08848238,North Atlantic moist mixed forests,4.0,Temperate Broadleaf & Mixed Forests,Palearctic
156,acid_nox,cf_median,0.08392818,Sulawesi lowland rain forests,1.0,Tropical & Subtropical Moist Broadleaf Forests,Australasia
8,acid_nox,cf_median,0.22794807,East African montane forests,1.0,Tropical & Subtropical Moist Broadleaf Forests,Afrotropic
9,acid_nox,cf_median,0.18038292,Eastern Arc forests,1.0,Tropical & Subtropical Moist Broadleaf Forests,Afrotropic
220,acid_nox,cf_median,0.1152747,Borneo montane rain forests,1.0,Tropical & Subtropical Moist Broadleaf Forests,Indomalayan
313,acid_nox,cf_median,0.14484431,Kinabalu montane alpine meadows,10.0,Montane Grasslands & Shrublands,Indomalayan
135,acid_nox,cf_std,0.002316358,Admiralty Islands lowland rain forests,1.0,Tropical & Subtropical Moist Broadleaf Forests,Australasia
785,acid_nox,cf_std,0.08046192,Aegean and Western Turkey sclerophyllous and mixed forests,12.0,"Mediterranean Forests, Woodlands & Scrub",Palearctic
807,acid_nox,cf_std,0.15798739,Afghan Mountains semi-desert,13.0,Deserts & Xeric Shrublands,Palearctic
404,acid_nox,cf_std,0.02865504,Ahklun and Kilbuck Upland Tundra,11.0,Tundra,Nearctic
722,acid_nox,cf_std,0.15029173,Al-Hajar foothill xeric woodlands and shrublands,8.0,"Temperate Grasslands, Savannas & Shrublands",Palearctic
723,acid_nox,cf_std,0.123233534,Al-Hajar montane woodlands and shrublands,8.0,"Temperate Grasslands, Savannas & Shrublands",Palearctic
721,acid_nox,cf_std,0.14289358,Alai-Western Tian Shan steppe,8.0,"Temperate Grasslands, Savannas & Shrublands",Palearctic
808,acid_nox,cf_std,0.072146885,Alashan Plateau semi-desert,13.0,Deserts & Xeric Shrublands,Palearctic
405,acid_nox,cf_std,0.113140464,Alaska-St. Elias Range tundra,11.0,Tundra,Nearctic
369,acid_nox,cf_std,0.061609074,Alaska Peninsula montane taiga,6.0,Boreal Forests/Taiga,Nearctic
88,acid_nox,cf_std,0.023593698,Albany thickets,12.0,"Mediterranean Forests, Woodlands & Scrub",Afrotropic
345,acid_nox,cf_std,0.19000322,Alberta-British Columbia foothills forests,5.0,Temperate Conifer Forests,Nearctic
1,acid_nox,cf_std,0.04277654,Albertine Rift montane forests,1.0,Tropical & Subtropical Moist Broadleaf Forests,Afrotropic
91,acid_nox,cf_std,2.7755576e-17,Aldabra Island xeric scrub,13.0,Deserts & Xeric Shrublands,Afrotropic
406,acid_nox,cf_std,0.047213044,Aleutian Islands tundra,11.0,Tundra,Nearctic
328,acid_nox,cf_std,0.040157832,Allegheny Highlands forests,4.0,Temperate Broadleaf & Mixed Forests,Nearctic
689,acid_nox,cf_std,0.107915625,Alps conifer and mixed forests,5.0,Temperate Conifer Forests,Palearctic
749,acid_nox,cf_std,0.2682934,Altai alpine meadow and tundra,10.0,Montane Grasslands & Shrublands,Palearctic
690,acid_nox,cf_std,0.27651227,Altai montane forest and forest steppe,5.0,Temperate Conifer Forests,Palearctic
724,acid_nox,cf_std,0.12084671,Altai steppe and semi-desert,8.0,"Temperate Grasslands, Savannas & Shrublands",Palearctic
439,acid_nox,cf_std,0.06822494,Alto Paraná Atlantic forests,1.0,Tropical & Subtropical Moist Broadleaf Forests,Neotropic
611,acid_nox,cf_std,0.03364426,Amazon-Orinoco-Southern Caribbean mangroves,14.0,Mangroves,Neotropic
67,acid_nox,cf_std,0.0010117564,Amsterdam-Saint Paul Islands temperate grasslands,8.0,"Temperate Grasslands, Savannas & Shrublands",Afrotropic
741,acid_nox,cf_std,0.11277127,Amur meadow steppe,9.0,Flooded Grasslands & Savannas,Palearctic
786,acid_nox,cf_std,0.028174084,Anatolian conifer and deciduous mixed forests,12.0,"Mediterranean Forests, Woodlands & Scrub",Palearctic
218,acid_nox,cf_std,0.013250735,Andaman Islands rain forests,1.0,Tropical & Subtropical Moist Broadleaf Forests,Indomalayan
77,acid_nox,cf_std,0.050141335,Angolan montane forest-grassland,10.0,Montane Grasslands & Shrublands,Afrotropic
34,acid_nox,cf_std,0.09007388,Angolan mopane woodlands,7.0,"Tropical & Subtropical Grasslands, Savannas & Shrublands",Afrotropic
35,acid_nox,cf_std,0.038283583,Angolan scarp savanna and woodlands,7.0,"Tropical & Subtropical Grasslands, Savannas & Shrublands",Afrotropic
36,acid_nox,cf_std,0.04166688,Angolan wet miombo woodlands,7.0,"Tropical & Subtropical Grasslands, Savannas & Shrublands",Afrotropic
196,acid_nox,cf_std,0.0021853454,Antipodes Subantarctic Islands tundra,11.0,Tundra,Australasia
331,acid_nox,cf_std,0.13773327,Appalachian-Blue Ridge forests,4.0,Temperate Broadleaf & Mixed Forests,Nearctic
329,acid_nox,cf_std,0.13350354,Appalachian mixed mesophytic forests,4.0,Temperate Broadleaf & Mixed Forests,Nearctic
330,acid_nox,cf_std,0.0981107,Appalachian Piedmont forests,4.0,Temperate Broadleaf & Mixed Forests,Nearctic
644,acid_nox,cf_std,0.06915595,Appenine deciduous montane forests,4.0,Temperate Broadleaf & Mixed Forests,Palearctic
520,acid_nox,cf_std,0.03657118,Apure-Villavicencio dry forests,2.0,Tropical & Subtropical Dry Broadleaf Forests,Neotropic
810,acid_nox,cf_std,0.4325245,Arabian sand desert,13.0,Deserts & Xeric Shrublands,Palearctic
440,acid_nox,cf_std,0.046048857,Araucaria moist forests,1.0,Tropical & Subtropical Moist Broadleaf Forests,Neotropic
597,acid_nox,cf_std,0.009210668,Araya and Paria xeric scrub,13.0,Deserts & Xeric Shrublands,Neotropic
407,acid_nox,cf_std,0.052536227,Arctic coastal tundra,11.0,Tundra,Nearctic
778,acid_nox,cf_std,0.1825176,Russian Arctic desert,11.0,Tundra,Palearctic
408,acid_nox,cf_std,0.074185565,Arctic foothills tundra,11.0,Tundra,Nearctic
346,acid_nox,cf_std,0.021364795,Arizona Mountains forests,5.0,Temperate Conifer Forests,Nearctic
181,acid_nox,cf_std,0.019552814,Arnhem Land tropical savanna,7.0,"Tropical & Subtropical Grasslands, Savannas & Shrublands",Australasia
37,acid_nox,cf_std,0.0,Ascension scrub and grasslands,7.0,"Tropical & Subtropical Grasslands, Savannas & Shrublands",Afrotropic
598,acid_nox,cf_std,0.12282253,Atacama desert,13.0,Deserts & Xeric Shrublands,Neotropic
441,acid_nox,cf_std,0.052174218,Atlantic Coast restingas,1.0,Tropical & Subtropical Moist Broadleaf Forests,Neotropic
839,acid_nox,cf_std,0.041488804,Saharan Atlantic coastal desert,13.0,Deserts & Xeric Shrublands,Palearctic
347,acid_nox,cf_std,0.10624443,Atlantic coastal pine barrens,5.0,Temperate Conifer Forests,Nearctic
5,acid_nox,cf_std,0.05043668,Congolian coastal forests,1.0,Tropical & Subtropical Moist Broadleaf Forests,Afrotropic
664,acid_nox,cf_std,0.25294867,European Atlantic mixed forests,4.0,Temperate Broadleaf & Mixed Forests,Palearctic
193,acid_nox,cf_std,0.024795214,Australian Alps montane grasslands,10.0,Montane Grasslands & Shrublands,Australasia
812,acid_nox,cf_std,0.072760746,Azerbaijan shrub desert and steppe,13.0,Deserts & Xeric Shrublands,Palearctic
645,acid_nox,cf_std,0.09286312,Azores temperate mixed forests,4.0,Temperate Broadleaf & Mixed Forests,Palearctic
813,acid_nox,cf_std,0.13835585,Badghyz and Karabil semi-desert,13.0,Deserts & Xeric Shrublands,Palearctic
612,acid_nox,cf_std,0.06725045,Bahamian-Antillean mangroves,14.0,Mangroves,Neotropic
442,acid_nox,cf_std,0.035577882,Bahia coastal forests,1.0,Tropical & Subtropical Moist Broadleaf Forests,Neotropic
443,acid_nox,cf_std,0.05187154,Bahia interior forests,1.0,Tropical & Subtropical Moist Broadleaf Forests,Neotropic
426,acid_nox,cf_std,0.022144856,Baja California desert,13.0,Deserts & Xeric Shrublands,Nearctic
521,acid_nox,cf_std,0.011319188,Bajío dry forests,2.0,Tropical & Subtropical Dry Broadleaf Forests,Neotropic
646,acid_nox,cf_std,0.12552063,Balkan mixed forests,4.0,Temperate Broadleaf & Mixed Forests,Palearctic
522,acid_nox,cf_std,0.033541176,Balsas dry forests,2.0,Tropical & Subtropical Dry Broadleaf Forests,Neotropic
647,acid_nox,cf_std,0.43709528,Baltic mixed forests,4.0,Temperate Broadleaf & Mixed Forests,Palearctic
814,acid_nox,cf_std,0.23845935,Baluchistan xeric woodlands,13.0,Deserts & Xeric Shrublands,Palearctic
136,acid_nox,cf_std,0.0074238377,Banda Sea Islands moist deciduous forests,1.0,Tropical & Subtropical Moist Broadleaf Forests,Australasia
564,acid_nox,cf_std,0.00091149926,Belizian pine savannas,7.0,"Tropical & Subtropical Grasslands, Savannas & Shrublands",Neotropic
565,acid_nox,cf_std,0.023752037,Beni savanna,7.0,"Tropical & Subtropical Grasslands, Savannas & Shrublands",Neotropic
779,acid_nox,cf_std,0.011876878,Russian Bering tundra,11.0,Tundra,Palearctic
409,acid_nox,cf_std,0.055936795,Beringia lowland tundra,11.0,Tundra,Nearctic
410,acid_nox,cf_std,0.046804484,Beringia upland tundra,11.0,Tundra,Nearctic
325,acid_nox,cf_std,0.0,Bermuda subtropical conifer forests,3.0,Tropical & Subtropical Coniferous Forests,Nearctic
137,acid_nox,cf_std,0.0058504874,Biak-Numfoor rain forests,1.0,Tropical & Subtropical Moist Broadleaf Forests,Australasia
348,acid_nox,cf_std,0.14940624,Blue Mountains forests,5.0,Temperate Conifer Forests,Nearctic
742,acid_nox,cf_std,0.069641985,Bohai Sea saline meadow,9.0,Flooded Grasslands & Savannas,Palearctic
523,acid_nox,cf_std,0.06893049,Bolivian montane dry forests,2.0,Tropical & Subtropical Dry Broadleaf Forests,Neotropic
444,acid_nox,cf_std,0.076461054,Bolivian Yungas,1.0,Tropical & Subtropical Moist Broadleaf Forests,Neotropic
219,acid_nox,cf_std,0.014491394,Borneo lowland rain forests,1.0,Tropical & Subtropical Moist Broadleaf Forests,Indomalayan
221,acid_nox,cf_std,0.013641955,Borneo peat swamp forests,1.0,Tropical & Subtropical Moist Broadleaf Forests,Indomalayan
222,acid_nox,cf_std,0.065811805,Brahmaputra Valley semi-evergreen forests,1.0,Tropical & Subtropical Moist Broadleaf Forests,Indomalayan
182,acid_nox,cf_std,0.034843855,Brigalow tropical savanna,7.0,"Tropical & Subtropical Grasslands, Savannas & Shrublands",Australasia
349,acid_nox,cf_std,0.24975161,British Columbia coastal conifer forests,5.0,Temperate Conifer Forests,Nearctic
411,acid_nox,cf_std,0.0646416,Brooks-British Range tundra,11.0,Tundra,Nearctic
138,acid_nox,cf_std,0.0,Buru rain forests,1.0,Tropical & Subtropical Moist Broadleaf Forests,Australasia
525,acid_nox,cf_std,0.08725427,Caatinga,2.0,Tropical & Subtropical Dry Broadleaf Forests,Neotropic
445,acid_nox,cf_std,0.016047476,Caatinga Enclaves moist forests,1.0,Tropical & Subtropical Moist Broadleaf Forests,Neotropic
691,acid_nox,cf_std,0.09596141,Caledon conifer forests,5.0,Temperate Conifer Forests,Palearctic
385,acid_nox,cf_std,0.03283741,California Central Valley grasslands,8.0,"Temperate Grasslands, Savannas & Shrublands",Nearctic
422,acid_nox,cf_std,0.013972849,California coastal sage and chaparral,12.0,"Mediterranean Forests, Woodlands & Scrub",Nearctic
423,acid_nox,cf_std,0.038493387,California interior chaparral and woodlands,12.0,"Mediterranean Forests, Woodlands & Scrub",Nearctic
424,acid_nox,cf_std,0.013240942,California montane chaparral and woodlands,12.0,"Mediterranean Forests, Woodlands & Scrub",Nearctic
2,acid_nox,cf_std,0.019232523,Cameroon Highlands forests,1.0,Tropical & Subtropical Moist Broadleaf Forests,Afrotropic
566,acid_nox,cf_std,0.05934618,Campos Rupestres montane savanna,7.0,"Tropical & Subtropical Grasslands, Savannas & Shrublands",Neotropic
386,acid_nox,cf_std,0.053643722,Canadian Aspen forests and parklands,8.0,"Temperate Grasslands, Savannas & Shrublands",Nearctic
413,acid_nox,cf_std,0.06127111,Canadian Low Arctic tundra,11.0,Tundra,Nearctic
787,acid_nox,cf_std,0.09967606,Canary Islands dry woodlands and forests,12.0,"Mediterranean Forests, Woodlands & Scrub",Palearctic
648,acid_nox,cf_std,0.092686795,Cantabrian mixed forests,4.0,Temperate Broadleaf & Mixed Forests,Palearctic
190,acid_nox,cf_std,0.021503787,Canterbury-Otago tussock grasslands,8.0,"Temperate Grasslands, Savannas & Shrublands",Australasia
31,acid_nox,cf_std,0.052922036,Cape Verde Islands dry forests,2.0,Tropical & Subtropical Dry Broadleaf Forests,Afrotropic
183,acid_nox,cf_std,0.037444856,Cape York Peninsula tropical savanna,7.0,"Tropical & Subtropical Grasslands, Savannas & Shrublands",Australasia
446,acid_nox,cf_std,0.031414356,Caqueta moist forests,1.0,Tropical & Subtropical Moist Broadleaf Forests,Neotropic
223,acid_nox,cf_std,0.009623917,Cardamom Mountains rain forests,1.0,Tropical & Subtropical Moist Broadleaf Forests,Indomalayan
599,acid_nox,cf_std,0.009378907,Caribbean shrublands,13.0,Deserts & Xeric Shrublands,Neotropic
207,acid_nox,cf_std,0.012486438,Carnarvon xeric shrublands,13.0,Deserts & Xeric Shrublands,Australasia
618,acid_nox,cf_std,0.0041782246,Carolines tropical moist forests,1.0,Tropical & Subtropical Moist Broadleaf Forests,Oceania
692,acid_nox,cf_std,0.10043568,Carpathian montane forests,5.0,Temperate Conifer Forests,Palearctic
184,acid_nox,cf_std,0.052130885,Carpentaria tropical savanna,7.0,"Tropical & Subtropical Grasslands, Savannas & Shrublands",Australasia
649,acid_nox,cf_std,0.031579312,Caspian Hyrcanian mixed forests,4.0,Temperate Broadleaf & Mixed Forests,Palearctic
815,acid_nox,cf_std,0.06820292,Caspian lowland desert,13.0,Deserts & Xeric Shrublands,Palearctic
447,acid_nox,cf_std,0.014733624,Catatumbo moist forests,1.0,Tropical & Subtropical Moist Broadleaf Forests,Neotropic
526,acid_nox,cf_std,0.031082459,Cauca Valley dry forests,2.0,Tropical & Subtropical Dry Broadleaf Forests,Neotropic
448,acid_nox,cf_std,0.039314467,Cauca Valley montane forests,1.0,Tropical & Subtropical Moist Broadleaf Forests,Neotropic
650,acid_nox,cf_std,0.07869732,Caucasus mixed forests,4.0,Temperate Broadleaf & Mixed Forests,Palearctic
449,acid_nox,cf_std,0.007553941,Cayos Miskitos-San Andrés and Providencia moist forests,1.0,Tropical & Subtropical Moist Broadleaf Forests,Neotropic
651,acid_nox,cf_std,0.17919005,Celtic broadleaf forests,4.0,Temperate Broadleaf & Mixed Forests,Palearctic
816,acid_nox,cf_std,0.10494503,Central Afghan Mountains xeric woodlands,13.0,Deserts & Xeric Shrublands,Palearctic
111,acid_nox,cf_std,0.029348528,Central African mangroves,14.0,Mangroves,Afrotropic
450,acid_nox,cf_std,0.0021524301,Central American Atlantic moist forests,1.0,Tropical & Subtropical Moist Broadleaf Forests,Neotropic
527,acid_nox,cf_std,0.005811858,Central American dry forests,2.0,Tropical & Subtropical Dry Broadleaf Forests,Neotropic
451,acid_nox,cf_std,0.006245814,Central American montane forests,1.0,Tropical & Subtropical Moist Broadleaf Forests,Neotropic
553,acid_nox,cf_std,0.008076746,Central American pine-oak forests,3.0,Tropical & Subtropical Coniferous Forests,Neotropic
725,acid_nox,cf_std,0.01210767,Central Anatolian steppe,8.0,"Temperate Grasslands, Savannas & Shrublands",Palearctic
652,acid_nox,cf_std,0.026067546,Central Anatolian steppe and woodlands,4.0,Temperate Broadleaf & Mixed Forests,Palearctic
352,acid_nox,cf_std,0.28628498,Central-Southern Cascades Forests,5.0,Temperate Conifer Forests,Nearctic
389,acid_nox,cf_std,0.06423628,Central-Southern US mixed grasslands,8.0,"Temperate Grasslands, Savannas & Shrublands",Nearctic
587,acid_nox,cf_std,0.13948402,Central Andean dry puna,10.0,Montane Grasslands & Shrublands,Neotropic
588,acid_nox,cf_std,0.27115583,Central Andean puna,10.0,Montane Grasslands & Shrublands,Neotropic
589,acid_nox,cf_std,0.14631628,Central Andean wet puna,10.0,Montane Grasslands & Shrublands,Neotropic
817,acid_nox,cf_std,0.35194188,Central Asian northern desert,13.0,Deserts & Xeric Shrublands,Palearctic
818,acid_nox,cf_std,0.29302377,Central Asian riparian woodlands,13.0,Deserts & Xeric Shrublands,Palearctic
819,acid_nox,cf_std,0.22937414,Central Asian southern desert,13.0,Deserts & Xeric Shrublands,Palearctic
350,acid_nox,cf_std,0.09942995,Central British Columbia Mountain forests,5.0,Temperate Conifer Forests,Nearctic
38,acid_nox,cf_std,0.091116175,Central bushveld,7.0,"Tropical & Subtropical Grasslands, Savannas & Shrublands",Afrotropic
370,acid_nox,cf_std,0.09743853,Central Canadian Shield forests,6.0,Boreal Forests/Taiga,Nearctic
653,acid_nox,cf_std,0.03822569,Central China Loess Plateau mixed forests,4.0,Temperate Broadleaf & Mixed Forests,Palearctic
3,acid_nox,cf_std,0.044256814,Central Congolian lowland forests,1.0,Tropical & Subtropical Moist Broadleaf Forests,Afrotropic
290,acid_nox,cf_std,0.035830397,Central Deccan Plateau dry deciduous forests,2.0,Tropical & Subtropical Dry Broadleaf Forests,Indomalayan
654,acid_nox,cf_std,0.2728651,Central European mixed forests,4.0,Temperate Broadleaf & Mixed Forests,Palearctic
387,acid_nox,cf_std,0.09723221,Central US forest-grasslands transition,8.0,"Temperate Grasslands, Savannas & Shrublands",Nearctic
291,acid_nox,cf_std,0.025148084,Central Indochina dry forests,2.0,Tropical & Subtropical Dry Broadleaf Forests,Indomalayan
655,acid_nox,cf_std,0.12073441,Central Korean deciduous forests,4.0,Temperate Broadleaf & Mixed Forests,Palearctic
427,acid_nox,cf_std,0.045728803,Central Mexican matorral,13.0,Deserts & Xeric Shrublands,Nearctic
351,acid_nox,cf_std,0.12926917,Central Pacific Northwest coastal forests,5.0,Temperate Conifer Forests,Nearctic
820,acid_nox,cf_std,0.11925287,Central Persian desert basins,13.0,Deserts & Xeric Shrublands,Palearctic
619,acid_nox,cf_std,0.0017908508,Central Polynesian tropical moist forests,1.0,Tropical & Subtropical Moist Broadleaf Forests,Oceania
139,acid_nox,cf_std,0.009018498,Central Range Papuan montane rain forests,1.0,Tropical & Subtropical Moist Broadleaf Forests,Australasia
195,acid_nox,cf_std,0.008476836,Papuan Central Range sub-alpine grasslands,10.0,Montane Grasslands & Shrublands,Australasia
208,acid_nox,cf_std,0.050872434,Central Ranges xeric scrub,13.0,Deserts & Xeric Shrublands,Australasia
388,acid_nox,cf_std,0.077097565,Central Tallgrass prairie,8.0,"Temperate Grasslands, Savannas & Shrublands",Nearctic
750,acid_nox,cf_std,0.093044825,Central Tibetan Plateau alpine steppe,10.0,Montane Grasslands & Shrublands,Palearctic
39,acid_nox,cf_std,0.044067312,Central Zambezian wet miombo woodlands,7.0,"Tropical & Subtropical Grasslands, Savannas & Shrublands",Afrotropic
567,acid_nox,cf_std,0.071674995,Cerrado,7.0,"Tropical & Subtropical Grasslands, Savannas & Shrublands",Neotropic
656,acid_nox,cf_std,0.1268251,Changbai Mountains mixed forests,4.0,Temperate Broadleaf & Mixed Forests,Palearctic
657,acid_nox,cf_std,0.067162655,Changjiang Plain evergreen forests,4.0,Temperate Broadleaf & Mixed Forests,Palearctic
224,acid_nox,cf_std,0.006657109,Chao Phraya freshwater swamp forests,1.0,Tropical & Subtropical Moist Broadleaf Forests,Indomalayan
225,acid_nox,cf_std,0.011150606,Chao Phraya lowland moist deciduous forests,1.0,Tropical & Subtropical Moist Broadleaf Forests,Indomalayan
167,acid_nox,cf_std,0.0,Chatham Island temperate forests,4.0,Temperate Broadleaf & Mixed Forests,Australasia
771,acid_nox,cf_std,0.08155778,Cherskii-Kolyma mountain tundra,11.0,Tundra,Palearctic
292,acid_nox,cf_std,0.027851494,Chhota-Nagpur dry deciduous forests,2.0,Tropical & Subtropical Dry Broadleaf Forests,Indomalayan
528,acid_nox,cf_std,0.0023902499,Chiapas Depression dry forests,2.0,Tropical & Subtropical Dry Broadleaf Forests,Neotropic
452,acid_nox,cf_std,0.007381958,Chiapas montane forests,1.0,Tropical & Subtropical Moist Broadleaf Forests,Neotropic
428,acid_nox,cf_std,0.018707525,Chihuahuan desert,13.0,Deserts & Xeric Shrublands,Nearctic
596,acid_nox,cf_std,0.049451683,Chilean Matorral,12.0,"Mediterranean Forests, Woodlands & Scrub",Neotropic
453,acid_nox,cf_std,0.0,Chimalapas montane forests,1.0,Tropical & Subtropical Moist Broadleaf Forests,Neotropic
226,acid_nox,cf_std,0.031795803,Chin Hills-Arakan Yoma montane forests,1.0,Tropical & Subtropical Moist Broadleaf Forests,Indomalayan
529,acid_nox,cf_std,0.06495739,Chiquitano dry forests,2.0,Tropical & Subtropical Dry Broadleaf Forests,Neotropic
454,acid_nox,cf_std,0.03264307,Chocó-Darién moist forests,1.0,Tropical & Subtropical Moist Broadleaf Forests,Neotropic
227,acid_nox,cf_std,0.0063341656,Christmas and Cocos Islands tropical forests,1.0,Tropical & Subtropical Moist Broadleaf Forests,Indomalayan
772,acid_nox,cf_std,0.019322338,Chukchi Peninsula tundra,11.0,Tundra,Palearctic
568,acid_nox,cf_std,6.938894e-18,Clipperton Island shrub and grasslands,7.0,"Tropical & Subtropical Grasslands, Savannas & Shrublands",Neotropic
455,acid_nox,cf_std,0.0,Cocos Island moist forests,1.0,Tropical & Subtropical Moist Broadleaf Forests,Neotropic
429,acid_nox,cf_std,0.046469327,Colorado Plateau shrublands,13.0,Deserts & Xeric Shrublands,Nearctic
353,acid_nox,cf_std,0.044841737,Colorado Rockies forests,5.0,Temperate Conifer Forests,Nearctic
4,acid_nox,cf_std,0.0012887212,Comoros forests,1.0,Tropical & Subtropical Moist Broadleaf Forests,Afrotropic
371,acid_nox,cf_std,0.046457417,Cook Inlet taiga,6.0,Boreal Forests/Taiga,Nearctic
620,acid_nox,cf_std,0.000310091,Cook Islands tropical moist forests,1.0,Tropical & Subtropical Moist Broadleaf Forests,Oceania
197,acid_nox,cf_std,0.0027983533,Coolgardie woodlands,12.0,"Mediterranean Forests, Woodlands & Scrub",Australasia
372,acid_nox,cf_std,0.012644473,Copper Plateau taiga,6.0,Boreal Forests/Taiga,Nearctic
590,acid_nox,cf_std,0.06429467,Cordillera Central páramo,10.0,Montane Grasslands & Shrublands,Neotropic
591,acid_nox,cf_std,0.011949035,Cordillera de Merida páramo,10.0,Montane Grasslands & Shrublands,Neotropic
456,acid_nox,cf_std,0.013098173,Cordillera La Costa montane forests,1.0,Tropical & Subtropical Moist Broadleaf Forests,Neotropic
457,acid_nox,cf_std,0.049432088,Cordillera Oriental montane forests,1.0,Tropical & Subtropical Moist Broadleaf Forests,Neotropic
788,acid_nox,cf_std,1.110223e-16,Corsican montane broadleaf and mixed forests,12.0,"Mediterranean Forests, Woodlands & Scrub",Palearctic
458,acid_nox,cf_std,0.013168223,Costa Rican seasonal moist forests,1.0,Tropical & Subtropical Moist Broadleaf Forests,Neotropic
789,acid_nox,cf_std,0.0047237803,Crete Mediterranean forests,12.0,"Mediterranean Forests, Woodlands & Scrub",Palearctic
658,acid_nox,cf_std,0.09313118,Crimean Submediterranean forest complex,4.0,Temperate Broadleaf & Mixed Forests,Palearctic
6,acid_nox,cf_std,0.019591734,Cross-Niger transition forests,1.0,Tropical & Subtropical Moist Broadleaf Forests,Afrotropic
7,acid_nox,cf_std,0.013507698,Cross-Sanaga-Bioko coastal forests,1.0,Tropical & Subtropical Moist Broadleaf Forests,Afrotropic
390,acid_nox,cf_std,0.03127094,Cross-Timbers savanna-woodland,8.0,"Temperate Grasslands, Savannas & Shrublands",Nearctic
600,acid_nox,cf_std,0.01888899,Cuban cactus scrub,13.0,Deserts & Xeric Shrublands,Neotropic
530,acid_nox,cf_std,0.012182984,Cuban dry forests,2.0,Tropical & Subtropical Dry Broadleaf Forests,Neotropic
459,acid_nox,cf_std,0.014159638,Cuban moist forests,1.0,Tropical & Subtropical Moist Broadleaf Forests,Neotropic
554,acid_nox,cf_std,0.0177244,Cuban pine forests,3.0,Tropical & Subtropical Coniferous Forests,Neotropic
579,acid_nox,cf_std,0.011076421,Cuban wetlands,9.0,Flooded Grasslands & Savannas,Neotropic
790,acid_nox,cf_std,0.0403711,Cyprus Mediterranean forests,12.0,"Mediterranean Forests, Woodlands & Scrub",Palearctic
693,acid_nox,cf_std,0.13134962,Da Hinggan-Dzhagdy Mountains conifer forests,5.0,Temperate Conifer Forests,Palearctic
659,acid_nox,cf_std,0.03198406,Daba Mountains evergreen forests,4.0,Temperate Broadleaf & Mixed Forests,Palearctic
726,acid_nox,cf_std,0.022271207,Daurian forest steppe,8.0,"Temperate Grasslands, Savannas & Shrublands",Palearctic
415,acid_nox,cf_std,0.022453679,Davis Highlands tundra,11.0,Tundra,Nearctic
315,acid_nox,cf_std,0.039846912,Deccan thorn scrub forests,13.0,Deserts & Xeric Shrublands,Indomalayan
660,acid_nox,cf_std,0.1199629,Dinaric Mountains mixed forests,4.0,Temperate Broadleaf & Mixed Forests,Palearctic
92,acid_nox,cf_std,0.028852796,Djibouti xeric shrublands,13.0,Deserts & Xeric Shrublands,Afrotropic
40,acid_nox,cf_std,0.022080952,Drakensberg Escarpment savanna and thicket,7.0,"Tropical & Subtropical Grasslands, Savannas & Shrublands",Afrotropic
41,acid_nox,cf_std,0.033490017,Drakensberg grasslands,7.0,"Tropical & Subtropical Grasslands, Savannas & Shrublands",Afrotropic
0,acid_nox,cf_std,0.06509388,Rock and Ice,11.0,N/A,N/A
569,acid_nox,cf_std,0.019996492,Dry Chaco,7.0,"Tropical & Subtropical Grasslands, Savannas & Shrublands",Neotropic
694,acid_nox,cf_std,0.1450689,East Afghan montane conifer forests,5.0,Temperate Conifer Forests,Palearctic
69,acid_nox,cf_std,0.004976292,East African halophytics,9.0,Flooded Grasslands & Savannas,Afrotropic
112,acid_nox,cf_std,0.023489693,East African mangroves,14.0,Mangroves,Afrotropic
821,acid_nox,cf_std,0.023880074,East Arabian fog shrublands and sand desert,13.0,Deserts & Xeric Shrublands,Palearctic
332,acid_nox,cf_std,0.0286997,East Central Texas forests,4.0,Temperate Broadleaf & Mixed Forests,Nearctic
293,acid_nox,cf_std,0.013323166,East Deccan dry-evergreen forests,2.0,Tropical & Subtropical Dry Broadleaf Forests,Indomalayan
661,acid_nox,cf_std,0.13013431,East European forest steppe,4.0,Temperate Broadleaf & Mixed Forests,Palearctic
822,acid_nox,cf_std,0.0732713,East Sahara Desert,13.0,Deserts & Xeric Shrublands,Palearctic
823,acid_nox,cf_std,0.025398903,East Saharan montane xeric woodlands,13.0,Deserts & Xeric Shrublands,Palearctic
710,acid_nox,cf_std,0.17566815,East Siberian taiga,6.0,Boreal Forests/Taiga,Palearctic
43,acid_nox,cf_std,0.090665616,East Sudanian savanna,7.0,"Tropical & Subtropical Grasslands, Savannas & Shrublands",Afrotropic
662,acid_nox,cf_std,0.093901575,Eastern Anatolian deciduous forests,4.0,Temperate Broadleaf & Mixed Forests,Palearctic
727,acid_nox,cf_std,0.0774782,Eastern Anatolian montane steppe,8.0,"Temperate Grasslands, Savannas & Shrublands",Palearctic
191,acid_nox,cf_std,0.010333157,Eastern Australia mulga shrublands,8.0,"Temperate Grasslands, Savannas & Shrublands",Australasia
168,acid_nox,cf_std,0.041187305,Eastern Australian temperate forests,4.0,Temperate Broadleaf & Mixed Forests,Australasia
373,acid_nox,cf_std,0.27139813,Eastern Canadian forests,6.0,Boreal Forests/Taiga,Nearctic
374,acid_nox,cf_std,0.19954044,Eastern Canadian Shield taiga,6.0,Boreal Forests/Taiga,Nearctic
354,acid_nox,cf_std,0.23577046,Eastern Cascades forests,5.0,Temperate Conifer Forests,Nearctic
10,acid_nox,cf_std,0.036168106,Eastern Congolian swamp forests,1.0,Tropical & Subtropical Moist Broadleaf Forests,Afrotropic
460,acid_nox,cf_std,0.0139067555,Eastern Cordillera Real montane forests,1.0,Tropical & Subtropical Moist Broadleaf Forests,Neotropic
333,acid_nox,cf_std,0.114193976,Eastern Canadian Forest-Boreal transition,4.0,Temperate Broadleaf & Mixed Forests,Nearctic
824,acid_nox,cf_std,0.013722059,Eastern Gobi desert steppe,13.0,Deserts & Xeric Shrublands,Palearctic
334,acid_nox,cf_std,0.11893727,Eastern Great Lakes lowland forests,4.0,Temperate Broadleaf & Mixed Forests,Nearctic
11,acid_nox,cf_std,0.0063477363,Eastern Guinean forests,1.0,Tropical & Subtropical Moist Broadleaf Forests,Afrotropic
228,acid_nox,cf_std,0.04100927,East Deccan moist deciduous forests,1.0,Tropical & Subtropical Moist Broadleaf Forests,Indomalayan
751,acid_nox,cf_std,0.028581139,Eastern Himalayan alpine shrub and meadows,10.0,Montane Grasslands & Shrublands,Palearctic
306,acid_nox,cf_std,0.04652427,Eastern Himalayan broadleaf forests,4.0,Temperate Broadleaf & Mixed Forests,Indomalayan
309,acid_nox,cf_std,0.0307977,Eastern Himalayan subalpine conifer forests,5.0,Temperate Conifer Forests,Indomalayan
229,acid_nox,cf_std,0.006544192,Eastern Java-Bali montane rain forests,1.0,Tropical & Subtropical Moist Broadleaf Forests,Indomalayan
230,acid_nox,cf_std,0.0067601847,Eastern Java-Bali rain forests,1.0,Tropical & Subtropical Moist Broadleaf Forests,Indomalayan
791,acid_nox,cf_std,0.096008375,Eastern Mediterranean conifer-broadleaf forests,12.0,"Mediterranean Forests, Woodlands & Scrub",Palearctic
621,acid_nox,cf_std,0.0017159701,Eastern Micronesia tropical moist forests,1.0,Tropical & Subtropical Moist Broadleaf Forests,Oceania
461,acid_nox,cf_std,0.0042595104,Eastern Panamanian montane forests,1.0,Tropical & Subtropical Moist Broadleaf Forests,Neotropic
531,acid_nox,cf_std,0.027818665,Ecuadorian dry forests,2.0,Tropical & Subtropical Dry Broadleaf Forests,Neotropic
391,acid_nox,cf_std,0.010155955,Edwards Plateau savanna,8.0,"Temperate Grasslands, Savannas & Shrublands",Nearctic
185,acid_nox,cf_std,0.016446644,Einasleigh upland savanna,7.0,"Tropical & Subtropical Grasslands, Savannas & Shrublands",Australasia
695,acid_nox,cf_std,0.04878035,Elburz Range forest steppe,5.0,Temperate Conifer Forests,Palearctic
728,acid_nox,cf_std,0.12924261,Emin Valley steppe,8.0,"Temperate Grasslands, Savannas & Shrublands",Palearctic
663,acid_nox,cf_std,0.10235798,English Lowlands beech forests,4.0,Temperate Broadleaf & Mixed Forests,Palearctic
580,acid_nox,cf_std,0.00048336855,Enriquillo wetlands,9.0,Flooded Grasslands & Savannas,Neotropic
93,acid_nox,cf_std,0.019199913,Eritrean coastal desert,13.0,Deserts & Xeric Shrublands,Afrotropic
198,acid_nox,cf_std,0.004731489,Esperance mallee,12.0,"Mediterranean Forests, Woodlands & Scrub",Australasia
575,acid_nox,cf_std,0.013292385,Espinal,8.0,"Temperate Grasslands, Savannas & Shrublands",Neotropic
12,acid_nox,cf_std,0.0071271476,Ethiopian montane forests,1.0,Tropical & Subtropical Moist Broadleaf Forests,Afrotropic
79,acid_nox,cf_std,0.020249384,Ethiopian montane grasslands and woodlands,10.0,Montane Grasslands & Shrublands,Afrotropic
80,acid_nox,cf_std,0.0056270994,Ethiopian montane moorlands,10.0,Montane Grasslands & Shrublands,Afrotropic
70,acid_nox,cf_std,0.017687473,Etosha Pan halophytics,9.0,Flooded Grasslands & Savannas,Afrotropic
665,acid_nox,cf_std,0.103706285,Euxine-Colchic broadleaf forests,4.0,Temperate Broadleaf & Mixed Forests,Palearctic
581,acid_nox,cf_std,0.022695431,Everglades flooded grasslands,9.0,Flooded Grasslands & Savannas,Neotropic
199,acid_nox,cf_std,0.0057223192,Eyre and York mallee,12.0,"Mediterranean Forests, Woodlands & Scrub",Australasia
729,acid_nox,cf_std,0.0003017544,Faroe Islands boreal grasslands,8.0,"Temperate Grasslands, Savannas & Shrublands",Palearctic
462,acid_nox,cf_std,0.0014920507,Fernando de Noronha-Atol das Rocas moist forests,1.0,Tropical & Subtropical Moist Broadleaf Forests,Neotropic
635,acid_nox,cf_std,0.0004223709,Fiji tropical dry forests,2.0,Tropical & Subtropical Dry Broadleaf Forests,Oceania
622,acid_nox,cf_std,0.00047746,Fiji tropical moist forests,1.0,Tropical & Subtropical Moist Broadleaf Forests,Oceania
169,acid_nox,cf_std,0.032767367,Fiordland temperate forests,4.0,Temperate Broadleaf & Mixed Forests,Australasia
200,acid_nox,cf_std,0.0068146093,Flinders-Lofty montane woodlands,12.0,"Mediterranean Forests, Woodlands & Scrub",Australasia
392,acid_nox,cf_std,0.025775883,Flint Hills tallgrass prairie,8.0,"Temperate Grasslands, Savannas & Shrublands",Nearctic
355,acid_nox,cf_std,0.120225884,Fraser Plateau and Basin conifer forests,5.0,Temperate Conifer Forests,Nearctic
89,acid_nox,cf_std,0.0076219984,Fynbos shrubland,12.0,"Mediterranean Forests, Woodlands & Scrub",Afrotropic
601,acid_nox,cf_std,0.007526121,Galápagos Islands xeric scrub,13.0,Deserts & Xeric Shrublands,Neotropic
94,acid_nox,cf_std,0.05044363,Gariep Karoo,13.0,Deserts & Xeric Shrublands,Afrotropic
752,acid_nox,cf_std,0.17356129,Ghorat-Hazarajat alpine meadow,10.0,Montane Grasslands & Shrublands,Palearctic
209,acid_nox,cf_std,0.010992054,Gibson desert,13.0,Deserts & Xeric Shrublands,Australasia
730,acid_nox,cf_std,0.17788605,Gissaro-Alai open woodlands,8.0,"Temperate Grasslands, Savannas & Shrublands",Palearctic
316,acid_nox,cf_std,0.039270554,Godavari-Krishna mangroves,13.0,Deserts & Xeric Shrublands,Indomalayan
825,acid_nox,cf_std,0.04846213,Gobi Lakes Valley desert steppe,13.0,Deserts & Xeric Shrublands,Palearctic
13,acid_nox,cf_std,0.023113586,Granitic Seychelles forests,1.0,Tropical & Subtropical Moist Broadleaf Forests,Afrotropic
356,acid_nox,cf_std,0.05292529,Great Basin montane forests,5.0,Temperate Conifer Forests,Nearctic
430,acid_nox,cf_std,0.05003003,Great Basin shrub steppe,13.0,Deserts & Xeric Shrublands,Nearctic
826,acid_nox,cf_std,0.06939788,Great Lakes Basin desert steppe,13.0,Deserts & Xeric Shrublands,Palearctic
210,acid_nox,cf_std,0.12497019,Great Sandy-Tanami desert,13.0,Deserts & Xeric Shrublands,Australasia
211,acid_nox,cf_std,0.019429335,Great Victoria desert,13.0,Deserts & Xeric Shrublands,Australasia
231,acid_nox,cf_std,0.00960303,Greater Negros-Panay rain forests,1.0,Tropical & Subtropical Moist Broadleaf Forests,Indomalayan
602,acid_nox,cf_std,0.005525442,Guajira-Barranquilla xeric scrub,13.0,Deserts & Xeric Shrublands,Neotropic
582,acid_nox,cf_std,2.7755576e-17,Guayaquil flooded grasslands,9.0,Flooded Grasslands & Savannas,Neotropic
463,acid_nox,cf_std,0.012105166,Guianan freshwater swamp forests,1.0,Tropical & Subtropical Moist Broadleaf Forests,Neotropic
464,acid_nox,cf_std,0.034970522,Guianan Highlands moist forests,1.0,Tropical & Subtropical Moist Broadleaf Forests,Neotropic
465,acid_nox,cf_std,0.057174474,Guianan lowland moist forests,1.0,Tropical & Subtropical Moist Broadleaf Forests,Neotropic
466,acid_nox,cf_std,0.025303679,Guianan piedmont moist forests,1.0,Tropical & Subtropical Moist Broadleaf Forests,Neotropic
570,acid_nox,cf_std,0.035744503,Guianan savanna,7.0,"Tropical & Subtropical Grasslands, Savannas & Shrublands",Neotropic
44,acid_nox,cf_std,0.031110417,Guinean forest-savanna,7.0,"Tropical & Subtropical Grasslands, Savannas & Shrublands",Afrotropic
113,acid_nox,cf_std,0.015291372,Guinean mangroves,14.0,Mangroves,Afrotropic
14,acid_nox,cf_std,0.0077745817,Guinean montane forests,1.0,Tropical & Subtropical Moist Broadleaf Forests,Afrotropic
642,acid_nox,cf_std,0.040236507,Guizhou Plateau broadleaf and mixed forests,1.0,Tropical & Subtropical Moist Broadleaf Forests,Palearctic
431,acid_nox,cf_std,0.024786262,Gulf of California xeric scrub,13.0,Deserts & Xeric Shrublands,Nearctic
335,acid_nox,cf_std,0.14120117,Gulf of St. Lawrence lowland forests,4.0,Temperate Broadleaf & Mixed Forests,Nearctic
467,acid_nox,cf_std,0.0022006303,Gurupa várzea,1.0,Tropical & Subtropical Moist Broadleaf Forests,Neotropic
232,acid_nox,cf_std,0.025595447,Hainan Island monsoon rain forests,1.0,Tropical & Subtropical Moist Broadleaf Forests,Indomalayan
140,acid_nox,cf_std,0.0041069947,Halmahera rain forests,1.0,Tropical & Subtropical Moist Broadleaf Forests,Australasia
201,acid_nox,cf_std,0.00056123006,Hampton mallee and woodlands,12.0,"Mediterranean Forests, Woodlands & Scrub",Australasia
636,acid_nox,cf_std,0.016558452,Hawai'i tropical dry forests,2.0,Tropical & Subtropical Dry Broadleaf Forests,Oceania
639,acid_nox,cf_std,0.0,Hawai'i tropical high shrublands,7.0,"Tropical & Subtropical Grasslands, Savannas & Shrublands",Oceania
640,acid_nox,cf_std,0.018705744,Hawai'i tropical low shrublands,7.0,"Tropical & Subtropical Grasslands, Savannas & Shrublands",Oceania
623,acid_nox,cf_std,0.019067349,Hawai'i tropical moist forests,1.0,Tropical & Subtropical Moist Broadleaf Forests,Oceania
696,acid_nox,cf_std,0.023431487,Helanshan montane conifer forests,5.0,Temperate Conifer Forests,Palearctic
697,acid_nox,cf_std,0.05653408,Hengduan Mountains subalpine conifer forests,5.0,Temperate Conifer Forests,Palearctic
412,acid_nox,cf_std,0.110888734,Canadian High Arctic tundra,11.0,Tundra,Nearctic
592,acid_nox,cf_std,0.01910839,High Monte,10.0,Montane Grasslands & Shrublands,Neotropic
81,acid_nox,cf_std,0.13852179,Highveld grasslands,10.0,Montane Grasslands & Shrublands,Afrotropic
233,acid_nox,cf_std,0.052671425,Himalayan subtropical broadleaf forests,1.0,Tropical & Subtropical Moist Broadleaf Forests,Indomalayan
302,acid_nox,cf_std,0.14705876,Himalayan subtropical pine forests,3.0,Tropical & Subtropical Coniferous Forests,Indomalayan
753,acid_nox,cf_std,0.14535952,Hindu Kush alpine meadow,10.0,Montane Grasslands & Shrublands,Palearctic
532,acid_nox,cf_std,0.0035788277,Hispaniolan dry forests,2.0,Tropical & Subtropical Dry Broadleaf Forests,Neotropic
468,acid_nox,cf_std,0.0030249276,Hispaniolan moist forests,1.0,Tropical & Subtropical Moist Broadleaf Forests,Neotropic
555,acid_nox,cf_std,0.0017617472,Hispaniolan pine forests,3.0,Tropical & Subtropical Coniferous Forests,Neotropic
95,acid_nox,cf_std,0.13356474,Hobyo grasslands and shrublands,13.0,Deserts & Xeric Shrublands,Afrotropic
666,acid_nox,cf_std,0.09311082,Hokkaido deciduous forests,4.0,Temperate Broadleaf & Mixed Forests,Palearctic
698,acid_nox,cf_std,0.07165252,Hokkaido montane conifer forests,5.0,Temperate Conifer Forests,Palearctic
699,acid_nox,cf_std,0.045797028,Honshu alpine conifer forests,5.0,Temperate Conifer Forests,Palearctic
45,acid_nox,cf_std,0.010238908,Horn of Africa xeric bushlands,7.0,"Tropical & Subtropical Grasslands, Savannas & Shrublands",Afrotropic
667,acid_nox,cf_std,0.08240858,Huang He Plain mixed forests,4.0,Temperate Broadleaf & Mixed Forests,Palearctic
571,acid_nox,cf_std,0.012302765,Humid Chaco,7.0,"Tropical & Subtropical Grasslands, Savannas & Shrublands",Neotropic
576,acid_nox,cf_std,0.0075108777,Humid Pampas,8.0,"Temperate Grasslands, Savannas & Shrublands",Neotropic
141,acid_nox,cf_std,0.012333766,Huon Peninsula montane rain forests,1.0,Tropical & Subtropical Moist Broadleaf Forests,Australasia
792,acid_nox,cf_std,0.059216585,Iberian conifer forests,12.0,"Mediterranean Forests, Woodlands & Scrub",Palearctic
793,acid_nox,cf_std,0.088130414,Iberian sclerophyllous and semi-deciduous forests,12.0,"Mediterranean Forests, Woodlands & Scrub",Palearctic
711,acid_nox,cf_std,0.020580322,Iceland boreal birch forests and alpine tundra,6.0,Boreal Forests/Taiga,Palearctic
794,acid_nox,cf_std,0.18593417,Illyrian deciduous forests,12.0,"Mediterranean Forests, Woodlands & Scrub",Palearctic
319,acid_nox,cf_std,0.035175018,Indochina mangroves,14.0,Mangroves,Indomalayan
320,acid_nox,cf_std,0.30113024,Indus River Delta-Arabian Sea mangroves,14.0,Mangroves,Indomalayan
317,acid_nox,cf_std,0.0084241945,Indus Valley desert,13.0,Deserts & Xeric Shrublands,Indomalayan
71,acid_nox,cf_std,0.13730885,Inner Niger Delta flooded savanna,9.0,Flooded Grasslands & Savannas,Afrotropic
375,acid_nox,cf_std,0.13546379,Interior Alaska-Yukon lowland taiga,6.0,Boreal Forests/Taiga,Nearctic
336,acid_nox,cf_std,0.122948475,Interior Plateau US Hardwood Forests,4.0,Temperate Broadleaf & Mixed Forests,Nearctic
416,acid_nox,cf_std,0.123611934,Interior Yukon-Alaska alpine tundra,11.0,Tundra,Nearctic
469,acid_nox,cf_std,0.052152824,Iquitos várzea,1.0,Tropical & Subtropical Moist Broadleaf Forests,Neotropic
294,acid_nox,cf_std,0.040059607,Irrawaddy dry forests,2.0,Tropical & Subtropical Dry Broadleaf Forests,Indomalayan
234,acid_nox,cf_std,0.008162418,Irrawaddy freshwater swamp forests,1.0,Tropical & Subtropical Moist Broadleaf Forests,Indomalayan
235,acid_nox,cf_std,0.051474594,Irrawaddy moist deciduous forests,1.0,Tropical & Subtropical Moist Broadleaf Forests,Indomalayan
533,acid_nox,cf_std,0.007199714,Islas Revillagigedo dry forests,2.0,Tropical & Subtropical Dry Broadleaf Forests,Neotropic
470,acid_nox,cf_std,0.008120337,Isthmian-Atlantic moist forests,1.0,Tropical & Subtropical Moist Broadleaf Forests,Neotropic
471,acid_nox,cf_std,0.0071439473,Isthmian-Pacific moist forests,1.0,Tropical & Subtropical Moist Broadleaf Forests,Neotropic
795,acid_nox,cf_std,0.09730139,Italian sclerophyllous and semi-deciduous forests,12.0,"Mediterranean Forests, Woodlands & Scrub",Palearctic
46,acid_nox,cf_std,0.02255563,Itigi-Sumbu thicket,7.0,"Tropical & Subtropical Grasslands, Savannas & Shrublands",Afrotropic
534,acid_nox,cf_std,0.010989873,Jalisco dry forests,2.0,Tropical & Subtropical Dry Broadleaf Forests,Neotropic
535,acid_nox,cf_std,0.004691854,Jamaican dry forests,2.0,Tropical & Subtropical Dry Broadleaf Forests,Neotropic
472,acid_nox,cf_std,0.004561613,Jamaican moist forests,1.0,Tropical & Subtropical Moist Broadleaf Forests,Neotropic
473,acid_nox,cf_std,0.0166175,Japurá-Solimões-Negro moist forests,1.0,Tropical & Subtropical Moist Broadleaf Forests,Neotropic
202,acid_nox,cf_std,0.006561546,Jarrah-Karri forest and shrublands,12.0,"Mediterranean Forests, Woodlands & Scrub",Australasia
236,acid_nox,cf_std,0.07565908,Jian Nan subtropical evergreen forests,1.0,Tropical & Subtropical Moist Broadleaf Forests,Indomalayan
82,acid_nox,cf_std,2.7755576e-17,Jos Plateau forest-grassland,10.0,Montane Grasslands & Shrublands,Afrotropic
560,acid_nox,cf_std,0.0023828726,Juan Fernández Islands temperate forests,4.0,Temperate Broadleaf & Mixed Forests,Neotropic
827,acid_nox,cf_std,0.28686887,Junggar Basin semi-desert,13.0,Deserts & Xeric Shrublands,Palearctic
474,acid_nox,cf_std,0.031301044,Juruá-Purus moist forests,1.0,Tropical & Subtropical Moist Broadleaf Forests,Neotropic
418,acid_nox,cf_std,0.09324355,Kalaallit Nunaat High Arctic tundra,11.0,Tundra,Nearctic
47,acid_nox,cf_std,0.12543865,Kalahari Acacia woodlands,7.0,"Tropical & Subtropical Grasslands, Savannas & Shrublands",Afrotropic
97,acid_nox,cf_std,0.13328815,Kalahari xeric savanna,13.0,Deserts & Xeric Shrublands,Afrotropic
713,acid_nox,cf_std,0.06734769,Kamchatka-Kurile meadows and sparse forests,6.0,Boreal Forests/Taiga,Palearctic
712,acid_nox,cf_std,0.044731546,Kamchatka taiga,6.0,Boreal Forests/Taiga,Palearctic
98,acid_nox,cf_std,0.029826352,Kaokoveld desert,13.0,Deserts & Xeric Shrublands,Afrotropic
754,acid_nox,cf_std,0.1428951,Karakoram-West Tibetan Plateau alpine steppe,10.0,Montane Grasslands & Shrublands,Palearctic
237,acid_nox,cf_std,0.032357622,Kayah-Karen montane rain forests,1.0,Tropical & Subtropical Moist Broadleaf Forests,Indomalayan
731,acid_nox,cf_std,0.1525383,Kazakh forest steppe,8.0,"Temperate Grasslands, Savannas & Shrublands",Palearctic
828,acid_nox,cf_std,0.14928797,Kazakh semi-desert,13.0,Deserts & Xeric Shrublands,Palearctic
732,acid_nox,cf_std,0.1364118,Kazakh steppe,8.0,"Temperate Grasslands, Savannas & Shrublands",Palearctic
733,acid_nox,cf_std,0.11331206,Kazakh upland steppe,8.0,"Temperate Grasslands, Savannas & Shrublands",Palearctic
624,acid_nox,cf_std,0.0,Kermadec Islands subtropical moist forests,1.0,Tropical & Subtropical Moist Broadleaf Forests,Oceania
755,acid_nox,cf_std,0.04696071,Khangai Mountains alpine meadow,10.0,Montane Grasslands & Shrublands,Palearctic
700,acid_nox,cf_std,0.0,Khangai Mountains conifer forests,5.0,Temperate Conifer Forests,Palearctic
295,acid_nox,cf_std,0.13109301,Khathiar-Gir dry deciduous forests,2.0,Tropical & Subtropical Dry Broadleaf Forests,Indomalayan
186,acid_nox,cf_std,0.12536289,Kimberly tropical savanna,7.0,"Tropical & Subtropical Grasslands, Savannas & Shrublands",Australasia
357,acid_nox,cf_std,0.051967796,Klamath-Siskiyou forests,5.0,Temperate Conifer Forests,Nearctic
15,acid_nox,cf_std,0.0018117588,Knysna-Amatole montane forests,1.0,Tropical & Subtropical Moist Broadleaf Forests,Afrotropic
774,acid_nox,cf_std,0.07206381,Kola Peninsula tundra,11.0,Tundra,Palearctic
829,acid_nox,cf_std,0.087130114,Kopet Dag semi-desert,13.0,Deserts & Xeric Shrublands,Palearctic
756,acid_nox,cf_std,0.15493207,Kopet Dag woodlands and forest steppe,10.0,Montane Grasslands & Shrublands,Palearctic
757,acid_nox,cf_std,0.12448046,Kuh Rud and Eastern Iran montane woodlands,10.0,Montane Grasslands & Shrublands,Palearctic
16,acid_nox,cf_std,0.016320752,Kwazulu Natal-Cape coastal forests,1.0,Tropical & Subtropical Moist Broadleaf Forests,Afrotropic
603,acid_nox,cf_std,0.018032126,La Costa xeric shrublands,13.0,Deserts & Xeric Shrublands,Neotropic
72,acid_nox,cf_std,0.14723079,Lake Chad flooded savanna,9.0,Flooded Grasslands & Savannas,Afrotropic
536,acid_nox,cf_std,0.00547952,Lara-Falcón dry forests,2.0,Tropical & Subtropical Dry Broadleaf Forests,Neotropic
475,acid_nox,cf_std,0.0040719653,Leeward Islands moist forests,1.0,Tropical & Subtropical Moist Broadleaf Forests,Neotropic
163,acid_nox,cf_std,0.006376875,Lesser Sundas deciduous forests,2.0,Tropical & Subtropical Dry Broadleaf Forests,Australasia
48,acid_nox,cf_std,0.066769995,Limpopo lowveld,7.0,"Tropical & Subtropical Grasslands, Savannas & Shrublands",Afrotropic
572,acid_nox,cf_std,0.050507028,Llanos,7.0,"Tropical & Subtropical Grasslands, Savannas & Shrublands",Neotropic
142,acid_nox,cf_std,0.0,Lord Howe Island subtropical forests,1.0,Tropical & Subtropical Moist Broadleaf Forests,Australasia
143,acid_nox,cf_std,0.0013267304,Louisiade Archipelago rain forests,1.0,Tropical & Subtropical Moist Broadleaf Forests,Australasia
577,acid_nox,cf_std,0.032785233,Low Monte,8.0,"Temperate Grasslands, Savannas & Shrublands",Neotropic
238,acid_nox,cf_std,0.044442605,Lower Gangetic Plains moist deciduous forests,1.0,Tropical & Subtropical Moist Broadleaf Forests,Indomalayan
239,acid_nox,cf_std,0.033034954,Luang Prabang montane rain forests,1.0,Tropical & Subtropical Moist Broadleaf Forests,Indomalayan
240,acid_nox,cf_std,0.008391288,Luzon montane rain forests,1.0,Tropical & Subtropical Moist Broadleaf Forests,Indomalayan
241,acid_nox,cf_std,0.019926883,Luzon rain forests,1.0,Tropical & Subtropical Moist Broadleaf Forests,Indomalayan
303,acid_nox,cf_std,0.0028431995,Luzon tropical pine forests,3.0,Tropical & Subtropical Coniferous Forests,Indomalayan
32,acid_nox,cf_std,0.037660543,Madagascar dry deciduous forests,2.0,Tropical & Subtropical Dry Broadleaf Forests,Afrotropic
83,acid_nox,cf_std,0.04420261,Madagascar ericoid thickets,10.0,Montane Grasslands & Shrublands,Afrotropic
17,acid_nox,cf_std,0.034285013,Madagascar humid forests,1.0,Tropical & Subtropical Moist Broadleaf Forests,Afrotropic
114,acid_nox,cf_std,0.08022404,Madagascar mangroves,14.0,Mangroves,Afrotropic
99,acid_nox,cf_std,0.0559076,Madagascar spiny thickets,13.0,Deserts & Xeric Shrublands,Afrotropic
18,acid_nox,cf_std,0.0413582,Madagascar subhumid forests,1.0,Tropical & Subtropical Moist Broadleaf Forests,Afrotropic
100,acid_nox,cf_std,0.07039832,Madagascar succulent woodlands,13.0,Deserts & Xeric Shrublands,Afrotropic
476,acid_nox,cf_std,0.14536682,Madeira-Tapajós moist forests,1.0,Tropical & Subtropical Moist Broadleaf Forests,Neotropic
668,acid_nox,cf_std,0.050380394,Madeira evergreen forests,4.0,Temperate Broadleaf & Mixed Forests,Palearctic
478,acid_nox,cf_std,0.020828452,Magdalena-Urabá moist forests,1.0,Tropical & Subtropical Moist Broadleaf Forests,Neotropic
538,acid_nox,cf_std,0.02434454,Magdalena Valley dry forests,2.0,Tropical & Subtropical Dry Broadleaf Forests,Neotropic
477,acid_nox,cf_std,0.0367958,Magdalena Valley montane forests,1.0,Tropical & Subtropical Moist Broadleaf Forests,Neotropic
561,acid_nox,cf_std,0.031777997,Magellanic subpolar forests,4.0,Temperate Broadleaf & Mixed Forests,Neotropic
73,acid_nox,cf_std,0.08049269,Makgadikgadi halophytics,9.0,Flooded Grasslands & Savannas,Afrotropic
242,acid_nox,cf_std,0.03773529,Malabar Coast moist forests,1.0,Tropical & Subtropical Moist Broadleaf Forests,Indomalayan
243,acid_nox,cf_std,0.041613594,Maldives-Lakshadweep-Chagos Archipelago tropical moist forests,1.0,Tropical & Subtropical Moist Broadleaf Forests,Indomalayan
604,acid_nox,cf_std,6.938894e-18,Malpelo Island xeric scrub,13.0,Deserts & Xeric Shrublands,Neotropic
669,acid_nox,cf_std,0.19422632,Manchurian mixed forests,4.0,Temperate Broadleaf & Mixed Forests,Palearctic
49,acid_nox,cf_std,0.0146748,Mandara Plateau woodlands,7.0,"Tropical & Subtropical Grasslands, Savannas & Shrublands",Afrotropic
19,acid_nox,cf_std,0.037661515,Maputaland coastal forests and woodlands,1.0,Tropical & Subtropical Moist Broadleaf Forests,Afrotropic
539,acid_nox,cf_std,0.009363651,Maracaibo dry forests,2.0,Tropical & Subtropical Dry Broadleaf Forests,Neotropic
480,acid_nox,cf_std,0.032922022,Marajó várzea,1.0,Tropical & Subtropical Moist Broadleaf Forests,Neotropic
540,acid_nox,cf_std,0.055154014,Maranhão Babaçu forests,2.0,Tropical & Subtropical Dry Broadleaf Forests,Neotropic
479,acid_nox,cf_std,0.0610875,Marañón dry forests,1.0,Tropical & Subtropical Moist Broadleaf Forests,Neotropic
637,acid_nox,cf_std,0.003224281,Marianas tropical dry forests,2.0,Tropical & Subtropical Dry Broadleaf Forests,Oceania
625,acid_nox,cf_std,7.0737224e-05,Marquesas tropical moist forests,1.0,Tropical & Subtropical Moist Broadleaf Forests,Oceania
50,acid_nox,cf_std,0.0033918908,Masai xeric grasslands and shrublands,7.0,"Tropical & Subtropical Grasslands, Savannas & Shrublands",Afrotropic
20,acid_nox,cf_std,0.014236087,Mascarene forests,1.0,Tropical & Subtropical Moist Broadleaf Forests,Afrotropic
481,acid_nox,cf_std,0.09245207,Mato Grosso tropical dry forests,1.0,Tropical & Subtropical Moist Broadleaf Forests,Neotropic
796,acid_nox,cf_std,0.021185981,Mediterranean Acacia-Argania dry woodlands and succulent thickets,12.0,"Mediterranean Forests, Woodlands & Scrub",Palearctic
701,acid_nox,cf_std,0.07127757,Mediterranean conifer and mixed forests,5.0,Temperate Conifer Forests,Palearctic
797,acid_nox,cf_std,0.05805787,Mediterranean dry woodlands and steppe,12.0,"Mediterranean Forests, Woodlands & Scrub",Palearctic
758,acid_nox,cf_std,0.01469519,Mediterranean High Atlas juniper steppe,10.0,Montane Grasslands & Shrublands,Palearctic
798,acid_nox,cf_std,0.06952468,Mediterranean woodlands and forests,12.0,"Mediterranean Forests, Woodlands & Scrub",Palearctic
244,acid_nox,cf_std,0.008131112,Meghalaya subtropical forests,1.0,Tropical & Subtropical Moist Broadleaf Forests,Indomalayan
245,acid_nox,cf_std,0.007919395,Mentawai Islands rain forests,1.0,Tropical & Subtropical Moist Broadleaf Forests,Indomalayan
432,acid_nox,cf_std,0.016947413,Meseta Central matorral,13.0,Deserts & Xeric Shrublands,Nearctic
613,acid_nox,cf_std,0.025341315,Mesoamerican Gulf-Caribbean mangroves,14.0,Mangroves,Neotropic
830,acid_nox,cf_std,0.04606531,Mesopotamian shrub desert,13.0,Deserts & Xeric Shrublands,Palearctic
376,acid_nox,cf_std,0.081019424,Mid-Canada Boreal Plains forests,6.0,Boreal Forests/Taiga,Nearctic
414,acid_nox,cf_std,0.08507708,Canadian Middle Arctic Tundra,11.0,Tundra,Nearctic
393,acid_nox,cf_std,0.07444928,Mid-Atlantic US coastal savannas,8.0,"Temperate Grasslands, Savannas & Shrublands",Nearctic
377,acid_nox,cf_std,0.18178001,Midwest Canadian Shield forests,6.0,Boreal Forests/Taiga,Nearctic
247,acid_nox,cf_std,0.012581536,Mindanao-Eastern Visayas rain forests,1.0,Tropical & Subtropical Moist Broadleaf Forests,Indomalayan
246,acid_nox,cf_std,0.009575224,Mindanao montane rain forests,1.0,Tropical & Subtropical Moist Broadleaf Forests,Indomalayan
248,acid_nox,cf_std,0.0022583453,Mindoro rain forests,1.0,Tropical & Subtropical Moist Broadleaf Forests,Indomalayan
573,acid_nox,cf_std,0.00053053285,Miskito pine forests,7.0,"Tropical & Subtropical Grasslands, Savannas & Shrublands",Neotropic
337,acid_nox,cf_std,0.0577842,Mississippi lowland forests,4.0,Temperate Broadleaf & Mixed Forests,Nearctic
187,acid_nox,cf_std,0.094118096,Mitchell Grass Downs,7.0,"Tropical & Subtropical Grasslands, Savannas & Shrublands",Australasia
249,acid_nox,cf_std,0.059404768,Mizoram-Manipur-Kachin rain forests,1.0,Tropical & Subtropical Moist Broadleaf Forests,Indomalayan
433,acid_nox,cf_std,0.035939083,Mojave desert,13.0,Deserts & Xeric Shrublands,Nearctic
734,acid_nox,cf_std,0.06400505,Mongolian-Manchurian grassland,8.0,"Temperate Grasslands, Savannas & Shrublands",Palearctic
394,acid_nox,cf_std,0.14326279,Montana Valley and Foothill grasslands,8.0,"Temperate Grasslands, Savannas & Shrublands",Nearctic
482,acid_nox,cf_std,0.046076156,Monte Alegre várzea,1.0,Tropical & Subtropical Moist Broadleaf Forests,Neotropic
605,acid_nox,cf_std,0.002463505,Motagua Valley thornscrub,13.0,Deserts & Xeric Shrublands,Neotropic
21,acid_nox,cf_std,5.551115e-17,Mount Cameroon and Bioko montane forests,1.0,Tropical & Subtropical Moist Broadleaf Forests,Afrotropic
84,acid_nox,cf_std,0.05767935,Mulanje Montane forest-grassland,10.0,Montane Grasslands & Shrublands,Afrotropic
203,acid_nox,cf_std,0.006761925,Murray-Darling woodlands and mallee,12.0,"Mediterranean Forests, Woodlands & Scrub",Australasia
378,acid_nox,cf_std,0.07127819,Muskwa-Slave Lake taiga,6.0,Boreal Forests/Taiga,Nearctic
321,acid_nox,cf_std,0.040031925,Myanmar Coast mangroves,14.0,Mangroves,Indomalayan
250,acid_nox,cf_std,0.028324429,Myanmar coastal rain forests,1.0,Tropical & Subtropical Moist Broadleaf Forests,Indomalayan
101,acid_nox,cf_std,0.09630556,Nama Karoo shrublands,13.0,Deserts & Xeric Shrublands,Afrotropic
102,acid_nox,cf_std,0.010170431,Namaqualand-Richtersveld steppe,13.0,Deserts & Xeric Shrublands,Afrotropic
103,acid_nox,cf_std,0.025771331,Namib Desert,13.0,Deserts & Xeric Shrublands,Afrotropic
104,acid_nox,cf_std,0.044809204,Namibian savanna woodlands,13.0,Deserts & Xeric Shrublands,Afrotropic
251,acid_nox,cf_std,0.015582173,Nansei Islands subtropical evergreen forests,1.0,Tropical & Subtropical Moist Broadleaf Forests,Indomalayan
483,acid_nox,cf_std,0.033053428,Napo moist forests,1.0,Tropical & Subtropical Moist Broadleaf Forests,Neotropic
204,acid_nox,cf_std,0.020164032,Naracoorte woodlands,12.0,"Mediterranean Forests, Woodlands & Scrub",Australasia
296,acid_nox,cf_std,0.04751422,Narmada Valley dry deciduous forests,2.0,Tropical & Subtropical Dry Broadleaf Forests,Indomalayan
395,acid_nox,cf_std,0.013296436,Nebraska Sand Hills mixed grasslands,8.0,"Temperate Grasslands, Savannas & Shrublands",Nearctic
484,acid_nox,cf_std,0.046480335,Negro-Branco moist forests,1.0,Tropical & Subtropical Moist Broadleaf Forests,Neotropic
170,acid_nox,cf_std,0.017420243,Nelson Coast temperate forests,4.0,Temperate Broadleaf & Mixed Forests,Australasia
743,acid_nox,cf_std,0.03268876,Nenjiang River grassland,9.0,Flooded Grasslands & Savannas,Palearctic
144,acid_nox,cf_std,0.0071321777,New Britain-New Ireland lowland rain forests,1.0,Tropical & Subtropical Moist Broadleaf Forests,Australasia
145,acid_nox,cf_std,0.0035820825,New Britain-New Ireland montane rain forests,1.0,Tropical & Subtropical Moist Broadleaf Forests,Australasia
164,acid_nox,cf_std,0.00071040756,New Caledonia dry forests,2.0,Tropical & Subtropical Dry Broadleaf Forests,Australasia
146,acid_nox,cf_std,0.0007168697,New Caledonia rain forests,1.0,Tropical & Subtropical Moist Broadleaf Forests,Australasia
338,acid_nox,cf_std,0.22272658,New England-Acadian forests,4.0,Temperate Broadleaf & Mixed Forests,Nearctic
217,acid_nox,cf_std,0.009137245,New Guinea mangroves,14.0,Mangroves,Australasia
252,acid_nox,cf_std,0.0061465474,Nicobar Islands rain forests,1.0,Tropical & Subtropical Moist Broadleaf Forests,Indomalayan
22,acid_nox,cf_std,0.015921012,Niger Delta swamp forests,1.0,Tropical & Subtropical Moist Broadleaf Forests,Afrotropic
23,acid_nox,cf_std,0.012913421,Nigerian lowland forests,1.0,Tropical & Subtropical Moist Broadleaf Forests,Afrotropic
670,acid_nox,cf_std,0.025553025,Nihonkai evergreen forests,4.0,Temperate Broadleaf & Mixed Forests,Palearctic
671,acid_nox,cf_std,0.048437417,Nihonkai montane deciduous forests,4.0,Temperate Broadleaf & Mixed Forests,Palearctic
744,acid_nox,cf_std,0.39017567,Nile Delta flooded savanna,9.0,Flooded Grasslands & Savannas,Palearctic
147,acid_nox,cf_std,0.0004651066,Norfolk Island subtropical forests,1.0,Tropical & Subtropical Moist Broadleaf Forests,Australasia
831,acid_nox,cf_std,0.13870811,North Arabian desert,13.0,Deserts & Xeric Shrublands,Palearctic
832,acid_nox,cf_std,0.021157146,North Arabian highland shrublands,13.0,Deserts & Xeric Shrublands,Palearctic
171,acid_nox,cf_std,0.084280215,New Zealand North Island temperate forests,4.0,Temperate Broadleaf & Mixed Forests,Australasia
833,acid_nox,cf_std,0.20580125,North Saharan Xeric Steppe and Woodland,13.0,Deserts & Xeric Shrublands,Palearctic
106,acid_nox,cf_std,0.025716336,Somali montane xeric woodlands,13.0,Deserts & Xeric Shrublands,Afrotropic
759,acid_nox,cf_std,0.2519162,North Tibetan Plateau-Kunlun Mountains alpine desert,10.0,Montane Grasslands & Shrublands,Palearctic
253,acid_nox,cf_std,0.05411685,North Western Ghats moist deciduous forests,1.0,Tropical & Subtropical Moist Broadleaf Forests,Indomalayan
254,acid_nox,cf_std,0.030167686,North Western Ghats montane rain forests,1.0,Tropical & Subtropical Moist Broadleaf Forests,Indomalayan
673,acid_nox,cf_std,0.121786505,Northeast China Plain deciduous forests,4.0,Temperate Broadleaf & Mixed Forests,Palearctic
304,acid_nox,cf_std,0.032227598,Northeast India-Myanmar pine forests,3.0,Tropical & Subtropical Coniferous Forests,Indomalayan
775,acid_nox,cf_std,0.02155826,Northeast Siberian coastal tundra,11.0,Tundra,Palearctic
714,acid_nox,cf_std,0.078179866,Northeast Siberian taiga,6.0,Boreal Forests/Taiga,Palearctic
485,acid_nox,cf_std,0.021536756,Northeast Brazil restingas,1.0,Tropical & Subtropical Moist Broadleaf Forests,Neotropic
24,acid_nox,cf_std,0.08688733,Northeast Congolian lowland forests,1.0,Tropical & Subtropical Moist Broadleaf Forests,Afrotropic
702,acid_nox,cf_std,0.022660367,Northeast Himalayan subalpine conifer forests,5.0,Temperate Conifer Forests,Palearctic
799,acid_nox,cf_std,0.16210002,Northeast Spain and Southern France Mediterranean forests,12.0,"Mediterranean Forests, Woodlands & Scrub",Palearctic
339,acid_nox,cf_std,0.15092136,Northeast US Coastal forests,4.0,Temperate Broadleaf & Mixed Forests,Nearctic
51,acid_nox,cf_std,0.02020749,Northern Acacia-Commiphora bushlands and thickets,7.0,"Tropical & Subtropical Grasslands, Savannas & Shrublands",Afrotropic
703,acid_nox,cf_std,0.09058364,Northern Anatolian conifer and deciduous forests,5.0,Temperate Conifer Forests,Palearctic
593,acid_nox,cf_std,0.027827112,Northern Andean páramo,10.0,Montane Grasslands & Shrublands,Neotropic
255,acid_nox,cf_std,0.018340705,Northern Annamites rain forests,1.0,Tropical & Subtropical Moist Broadleaf Forests,Indomalayan
359,acid_nox,cf_std,0.04425112,Northern California coastal forests,5.0,Temperate Conifer Forests,Nearctic
379,acid_nox,cf_std,0.07315354,Northern Canadian Shield taiga,6.0,Boreal Forests/Taiga,Nearctic
52,acid_nox,cf_std,0.12741151,Northern Congolian Forest-Savanna,7.0,"Tropical & Subtropical Grasslands, Savannas & Shrublands",Afrotropic
297,acid_nox,cf_std,0.029277815,North Deccan dry deciduous forests,2.0,Tropical & Subtropical Dry Broadleaf Forests,Indomalayan
256,acid_nox,cf_std,0.052814357,Northern Indochina subtropical forests,1.0,Tropical & Subtropical Moist Broadleaf Forests,Indomalayan
257,acid_nox,cf_std,0.0039634556,Northern Khorat Plateau moist deciduous forests,1.0,Tropical & Subtropical Moist Broadleaf Forests,Indomalayan
614,acid_nox,cf_std,0.019656114,Northern Mesoamerican Pacific mangroves,14.0,Mangroves,Neotropic
148,acid_nox,cf_std,0.013025003,Northern New Guinea lowland rain and freshwater swamp forests,1.0,Tropical & Subtropical Moist Broadleaf Forests,Australasia
149,acid_nox,cf_std,0.00901134,Northern New Guinea montane rain forests,1.0,Tropical & Subtropical Moist Broadleaf Forests,Australasia
396,acid_nox,cf_std,0.067218974,Northern Shortgrass prairie,8.0,"Temperate Grasslands, Savannas & Shrublands",Nearctic
25,acid_nox,cf_std,0.07211502,Northern Swahili coastal forests,1.0,Tropical & Subtropical Moist Broadleaf Forests,Afrotropic
397,acid_nox,cf_std,0.0729199,Northern Tallgrass prairie,8.0,"Temperate Grasslands, Savannas & Shrublands",Nearctic
258,acid_nox,cf_std,0.026779765,Northern Thailand-Laos moist deciduous forests,1.0,Tropical & Subtropical Moist Broadleaf Forests,Indomalayan
259,acid_nox,cf_std,0.0448289,Northern Triangle subtropical forests,1.0,Tropical & Subtropical Moist Broadleaf Forests,Indomalayan
307,acid_nox,cf_std,0.059314962,Northern Triangle temperate forests,4.0,Temperate Broadleaf & Mixed Forests,Indomalayan
260,acid_nox,cf_std,0.032959547,Northern Vietnam lowland rain forests,1.0,Tropical & Subtropical Moist Broadleaf Forests,Indomalayan
173,acid_nox,cf_std,0.10273152,Northland temperate kauri forests,4.0,Temperate Broadleaf & Mixed Forests,Australasia
800,acid_nox,cf_std,0.05126307,Northwest Iberian montane forests,12.0,"Mediterranean Forests, Woodlands & Scrub",Palearctic
776,acid_nox,cf_std,0.13808838,Northwest Russian-Novaya Zemlya tundra,11.0,Tundra,Palearctic
486,acid_nox,cf_std,0.03949814,Northwest Andean montane forests,1.0,Tropical & Subtropical Moist Broadleaf Forests,Neotropic
26,acid_nox,cf_std,0.04107521,Northwest Congolian lowland forests,1.0,Tropical & Subtropical Moist Broadleaf Forests,Afrotropic
641,acid_nox,cf_std,0.005391804,Northwest Hawai'i scrub,7.0,"Tropical & Subtropical Grasslands, Savannas & Shrublands",Oceania
760,acid_nox,cf_std,0.16399588,Northwestern Himalayan alpine shrub and meadows,10.0,Montane Grasslands & Shrublands,Palearctic
314,acid_nox,cf_std,0.42516193,Aravalli west thorn scrub forests,13.0,Deserts & Xeric Shrublands,Indomalayan
777,acid_nox,cf_std,0.036996022,Novosibirsk Islands Arctic desert,11.0,Tundra,Palearctic
704,acid_nox,cf_std,0.058961872,Nujiang Langcang Gorge alpine conifer and mixed forests,5.0,Temperate Conifer Forests,Palearctic
212,acid_nox,cf_std,0.005644702,Nullarbor Plains xeric shrublands,13.0,Deserts & Xeric Shrublands,Australasia
85,acid_nox,cf_std,0.025425646,Nyanga-Chimanimani Montane forest-grassland,10.0,Montane Grasslands & Shrublands,Afrotropic
487,acid_nox,cf_std,0.019456374,Oaxacan montane forests,1.0,Tropical & Subtropical Moist Broadleaf Forests,Neotropic
626,acid_nox,cf_std,0.010826221,Ogasawara subtropical moist forests,1.0,Tropical & Subtropical Moist Broadleaf Forests,Oceania
419,acid_nox,cf_std,0.0554929,Ogilvie-MacKenzie alpine tundra,11.0,Tundra,Nearctic
362,acid_nox,cf_std,0.11505397,Okanogan dry forests,5.0,Temperate Conifer Forests,Nearctic
715,acid_nox,cf_std,0.2077537,Okhotsk-Manchurian taiga,6.0,Boreal Forests/Taiga,Palearctic
761,acid_nox,cf_std,0.03736271,Ordos Plateau steppe,10.0,Montane Grasslands & Shrublands,Palearctic
488,acid_nox,cf_std,0.04372871,Orinoco Delta swamp forests,1.0,Tropical & Subtropical Moist Broadleaf Forests,Neotropic
583,acid_nox,cf_std,0.024074243,Orinoco wetlands,9.0,Flooded Grasslands & Savannas,Neotropic
261,acid_nox,cf_std,0.012390112,Orissa semi-evergreen forests,1.0,Tropical & Subtropical Moist Broadleaf Forests,Indomalayan
340,acid_nox,cf_std,0.026515005,Ozark Highlands mixed forests,4.0,Temperate Broadleaf & Mixed Forests,Nearctic
341,acid_nox,cf_std,0.03476109,Ozark Mountain forests,4.0,Temperate Broadleaf & Mixed Forests,Nearctic
420,acid_nox,cf_std,0.06492481,Pacific Coastal Mountain icefields and tundra,11.0,Tundra,Nearctic
627,acid_nox,cf_std,0.0010852762,Palau tropical moist forests,1.0,Tropical & Subtropical Moist Broadleaf Forests,Oceania
262,acid_nox,cf_std,0.007352915,Palawan rain forests,1.0,Tropical & Subtropical Moist Broadleaf Forests,Indomalayan
398,acid_nox,cf_std,0.2743809,Palouse prairie,8.0,"Temperate Grasslands, Savannas & Shrublands",Nearctic
762,acid_nox,cf_std,0.11752318,Pamir alpine desert and tundra,10.0,Montane Grasslands & Shrublands,Palearctic
541,acid_nox,cf_std,0.0021559475,Panamanian dry forests,2.0,Tropical & Subtropical Dry Broadleaf Forests,Neotropic
674,acid_nox,cf_std,0.08655932,Pannonian mixed forests,4.0,Temperate Broadleaf & Mixed Forests,Palearctic
584,acid_nox,cf_std,0.02974796,Pantanal,9.0,Flooded Grasslands & Savannas,Neotropic
489,acid_nox,cf_std,0.009495137,Pantanos de Centla,1.0,Tropical & Subtropical Moist Broadleaf Forests,Neotropic
490,acid_nox,cf_std,0.016047765,Pantepui forests & shrublands,1.0,Tropical & Subtropical Moist Broadleaf Forests,Neotropic
606,acid_nox,cf_std,0.006481398,Paraguaná xeric scrub,13.0,Deserts & Xeric Shrublands,Neotropic
585,acid_nox,cf_std,0.0066769565,Paraná flooded savanna,9.0,Flooded Grasslands & Savannas,Neotropic
834,acid_nox,cf_std,0.16800444,Paropamisus xeric woodlands,13.0,Deserts & Xeric Shrublands,Palearctic
578,acid_nox,cf_std,0.06327071,Patagonian steppe,8.0,"Temperate Grasslands, Savannas & Shrublands",Neotropic
542,acid_nox,cf_std,0.017796965,Patía valley dry forests,2.0,Tropical & Subtropical Dry Broadleaf Forests,Neotropic
263,acid_nox,cf_std,0.0053476733,Peninsular Malaysian montane rain forests,1.0,Tropical & Subtropical Moist Broadleaf Forests,Indomalayan
264,acid_nox,cf_std,0.011820182,Peninsular Malaysian peat swamp forests,1.0,Tropical & Subtropical Moist Broadleaf Forests,Indomalayan
265,acid_nox,cf_std,0.009141256,Peninsular Malaysian rain forests,1.0,Tropical & Subtropical Moist Broadleaf Forests,Indomalayan
491,acid_nox,cf_std,0.006183299,Pernambuco coastal forests,1.0,Tropical & Subtropical Moist Broadleaf Forests,Neotropic
492,acid_nox,cf_std,0.023062645,Pernambuco interior forests,1.0,Tropical & Subtropical Moist Broadleaf Forests,Neotropic
493,acid_nox,cf_std,0.1214433,Peruvian Yungas,1.0,Tropical & Subtropical Moist Broadleaf Forests,Neotropic
494,acid_nox,cf_std,0.031046603,Petén-Veracruz moist forests,1.0,Tropical & Subtropical Moist Broadleaf Forests,Neotropic
213,acid_nox,cf_std,0.026058229,Pilbara shrublands,13.0,Deserts & Xeric Shrublands,Australasia
801,acid_nox,cf_std,0.13168855,Pindus Mountains mixed forests,12.0,"Mediterranean Forests, Woodlands & Scrub",Palearctic
363,acid_nox,cf_std,0.034985233,Piney Woods,5.0,Temperate Conifer Forests,Nearctic
675,acid_nox,cf_std,0.123609364,Po Basin mixed forests,4.0,Temperate Broadleaf & Mixed Forests,Palearctic
735,acid_nox,cf_std,0.09724893,Pontic steppe,8.0,"Temperate Grasslands, Savannas & Shrublands",Palearctic
543,acid_nox,cf_std,0.00012338045,Puerto Rican dry forests,2.0,Tropical & Subtropical Dry Broadleaf Forests,Neotropic
495,acid_nox,cf_std,6.938894e-18,Puerto Rican moist forests,1.0,Tropical & Subtropical Moist Broadleaf Forests,Neotropic
364,acid_nox,cf_std,0.32548696,Puget lowland forests,5.0,Temperate Conifer Forests,Nearctic
497,acid_nox,cf_std,0.068313085,Purus-Madeira moist forests,1.0,Tropical & Subtropical Moist Broadleaf Forests,Neotropic
496,acid_nox,cf_std,0.040300954,Purus várzea,1.0,Tropical & Subtropical Moist Broadleaf Forests,Neotropic
676,acid_nox,cf_std,0.063469216,Pyrenees conifer and mixed forests,4.0,Temperate Broadleaf & Mixed Forests,Palearctic
835,acid_nox,cf_std,0.0717701,Qaidam Basin semi-desert,13.0,Deserts & Xeric Shrublands,Palearctic
705,acid_nox,cf_std,0.081014015,Qilian Mountains conifer forests,5.0,Temperate Conifer Forests,Palearctic
763,acid_nox,cf_std,0.07388221,Qilian Mountains subalpine meadows,10.0,Montane Grasslands & Shrublands,Palearctic
677,acid_nox,cf_std,0.027257573,Qin Ling Mountains deciduous forests,4.0,Temperate Broadleaf & Mixed Forests,Palearctic
706,acid_nox,cf_std,0.049784224,Qionglai-Minshan conifer forests,5.0,Temperate Conifer Forests,Palearctic
150,acid_nox,cf_std,0.02902613,Queensland tropical rain forests,1.0,Tropical & Subtropical Moist Broadleaf Forests,Australasia
174,acid_nox,cf_std,0.03852902,Rakiura Island temperate forests,4.0,Temperate Broadleaf & Mixed Forests,Australasia
312,acid_nox,cf_std,0.07254395,Rann of Kutch seasonal salt marsh,9.0,Flooded Grasslands & Savannas,Indomalayan
628,acid_nox,cf_std,3.469447e-18,Rapa Nui and Sala y Gómez subtropical forests,1.0,Tropical & Subtropical Moist Broadleaf Forests,Oceania
266,acid_nox,cf_std,0.031700656,Red River freshwater swamp forests,1.0,Tropical & Subtropical Moist Broadleaf Forests,Indomalayan
837,acid_nox,cf_std,0.23236403,Red Sea-Arabian Desert shrublands,13.0,Deserts & Xeric Shrublands,Palearctic
836,acid_nox,cf_std,0.23454201,Red Sea coastal desert,13.0,Deserts & Xeric Shrublands,Palearctic
115,acid_nox,cf_std,0.13193399,Red Sea mangroves,14.0,Mangroves,Afrotropic
838,acid_nox,cf_std,0.104468614,Registan-North Pakistan sandy desert,13.0,Deserts & Xeric Shrublands,Palearctic
90,acid_nox,cf_std,0.016364371,Renosterveld shrubland,12.0,"Mediterranean Forests, Woodlands & Scrub",Afrotropic
175,acid_nox,cf_std,0.009412654,Richmond temperate forests,4.0,Temperate Broadleaf & Mixed Forests,Australasia
498,acid_nox,cf_std,0.034062285,Rio Negro campinarana,1.0,Tropical & Subtropical Moist Broadleaf Forests,Neotropic
678,acid_nox,cf_std,0.08391059,Rodope montane mixed forests,4.0,Temperate Broadleaf & Mixed Forests,Palearctic
86,acid_nox,cf_std,0.008009941,Rwenzori-Virunga montane moorlands,10.0,Montane Grasslands & Shrublands,Afrotropic
745,acid_nox,cf_std,0.12769376,Saharan halophytics,9.0,Flooded Grasslands & Savannas,Palearctic
53,acid_nox,cf_std,0.11471275,Sahelian Acacia savanna,7.0,"Tropical & Subtropical Grasslands, Savannas & Shrublands",Afrotropic
716,acid_nox,cf_std,0.101067856,Sakhalin Island taiga,6.0,Boreal Forests/Taiga,Palearctic
629,acid_nox,cf_std,5.2948926e-05,Samoan tropical moist forests,1.0,Tropical & Subtropical Moist Broadleaf Forests,Oceania
562,acid_nox,cf_std,0.0045465254,San Félix-San Ambrosio Islands temperate forests,4.0,Temperate Broadleaf & Mixed Forests,Neotropic
607,acid_nox,cf_std,0.01989786,San Lucan xeric scrub,13.0,Deserts & Xeric Shrublands,Neotropic
425,acid_nox,cf_std,2.7755576e-17,Santa Lucia Montane Chaparral & Woodlands,12.0,"Mediterranean Forests, Woodlands & Scrub",Nearctic
499,acid_nox,cf_std,0.0035139616,Santa Marta montane forests,1.0,Tropical & Subtropical Moist Broadleaf Forests,Neotropic
594,acid_nox,cf_std,1.3877788e-17,Santa Marta páramo,10.0,Montane Grasslands & Shrublands,Neotropic
27,acid_nox,cf_std,0.0016752632,"São Tomé, Príncipe, and Annobón forests",1.0,Tropical & Subtropical Moist Broadleaf Forests,Afrotropic
679,acid_nox,cf_std,0.21637797,Sarmatic mixed forests,4.0,Temperate Broadleaf & Mixed Forests,Palearctic
764,acid_nox,cf_std,0.17184533,Sayan alpine meadows and tundra,10.0,Montane Grasslands & Shrublands,Palearctic
736,acid_nox,cf_std,0.13220596,Sayan Intermontane steppe,8.0,"Temperate Grasslands, Savannas & Shrublands",Palearctic
707,acid_nox,cf_std,0.19163805,Sayan montane conifer forests,5.0,Temperate Conifer Forests,Palearctic
717,acid_nox,cf_std,0.1491555,Scandinavian and Russian taiga,6.0,Boreal Forests/Taiga,Palearctic
708,acid_nox,cf_std,0.23066492,Scandinavian coastal conifer forests,5.0,Temperate Conifer Forests,Palearctic
780,acid_nox,cf_std,0.20853417,Scandinavian Montane Birch forest and grasslands,11.0,Tundra,Palearctic
608,acid_nox,cf_std,0.21475726,Sechura desert,13.0,Deserts & Xeric Shrublands,Neotropic
737,acid_nox,cf_std,0.08459305,Selenge-Orkhon forest steppe,8.0,"Temperate Grasslands, Savannas & Shrublands",Palearctic
151,acid_nox,cf_std,0.0050448575,Seram rain forests,1.0,Tropical & Subtropical Moist Broadleaf Forests,Australasia
54,acid_nox,cf_std,2.7755576e-17,Serengeti volcanic grasslands,7.0,"Tropical & Subtropical Grasslands, Savannas & Shrublands",Afrotropic
500,acid_nox,cf_std,0.0719144,Serra do Mar coastal forests,1.0,Tropical & Subtropical Moist Broadleaf Forests,Neotropic
680,acid_nox,cf_std,0.034583952,Sichuan Basin evergreen broadleaf forests,4.0,Temperate Broadleaf & Mixed Forests,Palearctic
544,acid_nox,cf_std,0.018908031,Sierra de la Laguna dry forests,2.0,Tropical & Subtropical Dry Broadleaf Forests,Neotropic
556,acid_nox,cf_std,0.011271529,Sierra de la Laguna pine-oak forests,3.0,Tropical & Subtropical Coniferous Forests,Neotropic
501,acid_nox,cf_std,0.02749897,Sierra de los Tuxtlas,1.0,Tropical & Subtropical Moist Broadleaf Forests,Neotropic
502,acid_nox,cf_std,0.011015981,Sierra Madre de Chiapas moist forests,1.0,Tropical & Subtropical Moist Broadleaf Forests,Neotropic
557,acid_nox,cf_std,0.03408161,Sierra Madre de Oaxaca pine-oak forests,3.0,Tropical & Subtropical Coniferous Forests,Neotropic
558,acid_nox,cf_std,0.03817427,Sierra Madre del Sur pine-oak forests,3.0,Tropical & Subtropical Coniferous Forests,Neotropic
326,acid_nox,cf_std,0.018009715,Sierra Madre Occidental pine-oak forests,3.0,Tropical & Subtropical Coniferous Forests,Nearctic
327,acid_nox,cf_std,0.029592043,Sierra Madre Oriental pine-oak forests,3.0,Tropical & Subtropical Coniferous Forests,Nearctic
366,acid_nox,cf_std,0.039705273,Sierra Nevada forests,5.0,Temperate Conifer Forests,Nearctic
214,acid_nox,cf_std,0.06185322,Simpson desert,13.0,Deserts & Xeric Shrublands,Australasia
545,acid_nox,cf_std,0.0074892417,Sinaloan dry forests,2.0,Tropical & Subtropical Dry Broadleaf Forests,Neotropic
546,acid_nox,cf_std,0.00417555,Sinú Valley dry forests,2.0,Tropical & Subtropical Dry Broadleaf Forests,Neotropic
434,acid_nox,cf_std,0.08016836,Snake-Columbia shrub steppe,13.0,Deserts & Xeric Shrublands,Nearctic
630,acid_nox,cf_std,0.0012999144,Society Islands tropical moist forests,1.0,Tropical & Subtropical Moist Broadleaf Forests,Oceania
105,acid_nox,cf_std,0.0016603174,Socotra Island xeric shrublands,13.0,Deserts & Xeric Shrublands,Afrotropic
503,acid_nox,cf_std,0.008929251,Solimões-Japurá moist forests,1.0,Tropical & Subtropical Moist Broadleaf Forests,Neotropic
152,acid_nox,cf_std,0.0018319708,Solomon Islands rain forests,1.0,Tropical & Subtropical Moist Broadleaf Forests,Australasia
55,acid_nox,cf_std,0.08162079,Somali Acacia-Commiphora bushlands and thickets,7.0,"Tropical & Subtropical Grasslands, Savannas & Shrublands",Afrotropic
324,acid_nox,cf_std,0.015072784,Sonoran-Sinaloan subtropical dry forest,2.0,Tropical & Subtropical Dry Broadleaf Forests,Nearctic
435,acid_nox,cf_std,0.023122696,Sonoran desert,13.0,Deserts & Xeric Shrublands,Nearctic
615,acid_nox,cf_std,0.037332084,South American Pacific mangroves,14.0,Mangroves,Neotropic
802,acid_nox,cf_std,0.03078085,South Apennine mixed montane forests,12.0,"Mediterranean Forests, Woodlands & Scrub",Palearctic
367,acid_nox,cf_std,0.1836298,South Central Rockies forests,5.0,Temperate Conifer Forests,Nearctic
268,acid_nox,cf_std,0.06503163,South China-Vietnam subtropical evergreen forests,1.0,Tropical & Subtropical Moist Broadleaf Forests,Indomalayan
267,acid_nox,cf_std,0.017530587,South China Sea Islands,1.0,Tropical & Subtropical Moist Broadleaf Forests,Indomalayan
298,acid_nox,cf_std,0.009010566,South Deccan Plateau dry deciduous forests,2.0,Tropical & Subtropical Dry Broadleaf Forests,Indomalayan
841,acid_nox,cf_std,0.10336354,South Iran Nubo-Sindian desert and semi-desert,13.0,Deserts & Xeric Shrublands,Palearctic
194,acid_nox,cf_std,0.015227578,New Zealand South Island montane grasslands,10.0,Montane Grasslands & Shrublands,Australasia
172,acid_nox,cf_std,0.022080382,New Zealand South Island temperate forests,4.0,Temperate Broadleaf & Mixed Forests,Australasia
842,acid_nox,cf_std,0.0537777,South Sahara desert,13.0,Deserts & Xeric Shrublands,Palearctic
738,acid_nox,cf_std,0.12687887,South Siberian forest steppe,8.0,"Temperate Grasslands, Savannas & Shrublands",Palearctic
269,acid_nox,cf_std,0.0,South Taiwan monsoon rain forests,1.0,Tropical & Subtropical Moist Broadleaf Forests,Indomalayan
270,acid_nox,cf_std,0.0027246883,South Western Ghats moist deciduous forests,1.0,Tropical & Subtropical Moist Broadleaf Forests,Indomalayan
271,acid_nox,cf_std,0.002281157,South Western Ghats montane rain forests,1.0,Tropical & Subtropical Moist Broadleaf Forests,Indomalayan
176,acid_nox,cf_std,0.036406893,Southeast Australia temperate forests,4.0,Temperate Broadleaf & Mixed Forests,Australasia
192,acid_nox,cf_std,0.009638933,Southeast Australia temperate savanna,8.0,"Temperate Grasslands, Savannas & Shrublands",Australasia
765,acid_nox,cf_std,0.09227667,Southeast Tibet shrublands and meadows,10.0,Montane Grasslands & Shrublands,Palearctic
400,acid_nox,cf_std,0.0,Southeast US mixed woodlands and savannas,8.0,"Temperate Grasslands, Savannas & Shrublands",Nearctic
399,acid_nox,cf_std,0.076957904,Southeast US conifer savannas,8.0,"Temperate Grasslands, Savannas & Shrublands",Nearctic
803,acid_nox,cf_std,0.024058186,Southeast Iberian shrubs and woodlands,12.0,"Mediterranean Forests, Woodlands & Scrub",Palearctic
299,acid_nox,cf_std,0.007583347,Southeast Indochina dry evergreen forests,2.0,Tropical & Subtropical Dry Broadleaf Forests,Indomalayan
153,acid_nox,cf_std,0.007794103,Southeast Papuan rain forests,1.0,Tropical & Subtropical Moist Broadleaf Forests,Australasia
57,acid_nox,cf_std,0.00750197,Southern Acacia-Commiphora bushlands and thickets,7.0,"Tropical & Subtropical Grasslands, Savannas & Shrublands",Afrotropic
116,acid_nox,cf_std,0.019085307,Southern Africa mangroves,14.0,Mangroves,Afrotropic
804,acid_nox,cf_std,0.035339043,Southern Anatolian montane conifer and deciduous forests,12.0,"Mediterranean Forests, Woodlands & Scrub",Palearctic
595,acid_nox,cf_std,0.028816061,Southern Andean steppe,10.0,Montane Grasslands & Shrublands,Neotropic
504,acid_nox,cf_std,0.014769666,Southern Andean Yungas,1.0,Tropical & Subtropical Moist Broadleaf Forests,Neotropic
272,acid_nox,cf_std,0.009694037,Southern Annamites montane rain forests,1.0,Tropical & Subtropical Moist Broadleaf Forests,Indomalayan
616,acid_nox,cf_std,0.06079863,Southern Atlantic Brazilian mangroves,14.0,Mangroves,Neotropic
586,acid_nox,cf_std,0.005102623,Southern Cone Mesopotamian savanna,9.0,Flooded Grasslands & Savannas,Neotropic
58,acid_nox,cf_std,0.07410212,Southern Congolian forest-savanna,7.0,"Tropical & Subtropical Grasslands, Savannas & Shrublands",Afrotropic
342,acid_nox,cf_std,0.13661674,Southern Great Lakes forests,4.0,Temperate Broadleaf & Mixed Forests,Nearctic
382,acid_nox,cf_std,0.1151974,Southern Hudson Bay taiga,6.0,Boreal Forests/Taiga,Nearctic
681,acid_nox,cf_std,0.058774393,Southern Korea evergreen forests,4.0,Temperate Broadleaf & Mixed Forests,Palearctic
617,acid_nox,cf_std,0.0092193615,Southern Mesoamerican Pacific mangroves,14.0,Mangroves,Neotropic
154,acid_nox,cf_std,0.007864874,Southern New Guinea freshwater swamp forests,1.0,Tropical & Subtropical Moist Broadleaf Forests,Australasia
155,acid_nox,cf_std,0.009675914,Southern New Guinea lowland rain forests,1.0,Tropical & Subtropical Moist Broadleaf Forests,Australasia
547,acid_nox,cf_std,0.018084614,Southern Pacific dry forests,2.0,Tropical & Subtropical Dry Broadleaf Forests,Neotropic
87,acid_nox,cf_std,0.056843564,Southern Rift Montane forest-grassland,10.0,Montane Grasslands & Shrublands,Afrotropic
28,acid_nox,cf_std,0.11190952,Southern Swahili coastal forests and woodlands,1.0,Tropical & Subtropical Moist Broadleaf Forests,Afrotropic
300,acid_nox,cf_std,0.012988471,Southern Vietnam lowland dry forests,2.0,Tropical & Subtropical Dry Broadleaf Forests,Indomalayan
505,acid_nox,cf_std,0.06324423,Southwest Amazon moist forests,1.0,Tropical & Subtropical Moist Broadleaf Forests,Neotropic
108,acid_nox,cf_std,0.138047,Southwest Arabian Escarpment shrublands and woodlands,13.0,Deserts & Xeric Shrublands,Afrotropic
109,acid_nox,cf_std,0.1866493,Southwest Arabian highland xeric scrub,13.0,Deserts & Xeric Shrublands,Afrotropic
205,acid_nox,cf_std,0.009679639,Southwest Australia savanna,12.0,"Mediterranean Forests, Woodlands & Scrub",Australasia
206,acid_nox,cf_std,0.007382057,Southwest Australia woodlands,12.0,"Mediterranean Forests, Woodlands & Scrub",Australasia
273,acid_nox,cf_std,0.011799207,Southwest Borneo freshwater swamp forests,1.0,Tropical & Subtropical Moist Broadleaf Forests,Indomalayan
805,acid_nox,cf_std,0.016493252,Southwest Iberian Mediterranean sclerophyllous and mixed forests,12.0,"Mediterranean Forests, Woodlands & Scrub",Palearctic
301,acid_nox,cf_std,0.0044064824,Sri Lanka dry-zone dry evergreen forests,2.0,Tropical & Subtropical Dry Broadleaf Forests,Indomalayan
274,acid_nox,cf_std,0.0029721574,Sri Lanka lowland rain forests,1.0,Tropical & Subtropical Moist Broadleaf Forests,Indomalayan
275,acid_nox,cf_std,0.0030304969,Sri Lanka montane rain forests,1.0,Tropical & Subtropical Moist Broadleaf Forests,Indomalayan
609,acid_nox,cf_std,0.0,St. Peter and St. Paul Rocks,13.0,Deserts & Xeric Shrublands,Neotropic
110,acid_nox,cf_std,0.017775742,Succulent Karoo xeric shrublands,13.0,Deserts & Xeric Shrublands,Afrotropic
74,acid_nox,cf_std,0.03255779,Sudd flooded grasslands,9.0,Flooded Grasslands & Savannas,Afrotropic
746,acid_nox,cf_std,0.08051048,Suiphun-Khanka meadows and forest meadows,9.0,Flooded Grasslands & Savannas,Palearctic
766,acid_nox,cf_std,0.08727031,Sulaiman Range alpine meadows,10.0,Montane Grasslands & Shrublands,Palearctic
157,acid_nox,cf_std,0.006978674,Sulawesi montane rain forests,1.0,Tropical & Subtropical Moist Broadleaf Forests,Australasia
276,acid_nox,cf_std,0.0039955913,Sulu Archipelago rain forests,1.0,Tropical & Subtropical Moist Broadleaf Forests,Indomalayan
277,acid_nox,cf_std,0.032070503,Sumatran freshwater swamp forests,1.0,Tropical & Subtropical Moist Broadleaf Forests,Indomalayan
278,acid_nox,cf_std,0.025197726,Sumatran lowland rain forests,1.0,Tropical & Subtropical Moist Broadleaf Forests,Indomalayan
279,acid_nox,cf_std,0.022167116,Sumatran montane rain forests,1.0,Tropical & Subtropical Moist Broadleaf Forests,Indomalayan
280,acid_nox,cf_std,0.0314606,Sumatran peat swamp forests,1.0,Tropical & Subtropical Moist Broadleaf Forests,Indomalayan
305,acid_nox,cf_std,0.017339382,Sumatran tropical pine forests,3.0,Tropical & Subtropical Coniferous Forests,Indomalayan
165,acid_nox,cf_std,0.006228532,Sumba deciduous forests,2.0,Tropical & Subtropical Dry Broadleaf Forests,Australasia
322,acid_nox,cf_std,0.024508573,Sunda Shelf mangroves,14.0,Mangroves,Indomalayan
281,acid_nox,cf_std,0.009089249,Sundaland heath forests,1.0,Tropical & Subtropical Moist Broadleaf Forests,Indomalayan
282,acid_nox,cf_std,0.02252819,Sundarbans freshwater swamp forests,1.0,Tropical & Subtropical Moist Broadleaf Forests,Indomalayan
323,acid_nox,cf_std,0.0063175885,Sundarbans mangroves,14.0,Mangroves,Indomalayan
739,acid_nox,cf_std,0.10319305,Syrian xeric grasslands and shrublands,8.0,"Temperate Grasslands, Savannas & Shrublands",Palearctic
682,acid_nox,cf_std,0.039272152,Taiheiyo evergreen forests,4.0,Temperate Broadleaf & Mixed Forests,Palearctic
683,acid_nox,cf_std,0.0384788,Taiheiyo montane deciduous forests,4.0,Temperate Broadleaf & Mixed Forests,Palearctic
781,acid_nox,cf_std,0.100836165,Taimyr-Central Siberian tundra,11.0,Tundra,Palearctic
283,acid_nox,cf_std,0.023410868,Taiwan subtropical evergreen forests,1.0,Tropical & Subtropical Moist Broadleaf Forests,Indomalayan
843,acid_nox,cf_std,0.47478023,Taklimakan desert,13.0,Deserts & Xeric Shrublands,Palearctic
506,acid_nox,cf_std,0.007377981,Talamancan montane forests,1.0,Tropical & Subtropical Moist Broadleaf Forests,Neotropic
436,acid_nox,cf_std,0.003159931,Tamaulipan matorral,13.0,Deserts & Xeric Shrublands,Nearctic
437,acid_nox,cf_std,0.013756058,Tamaulipan mezquital,13.0,Deserts & Xeric Shrublands,Nearctic
507,acid_nox,cf_std,0.070813365,Tapajós-Xingu moist forests,1.0,Tropical & Subtropical Moist Broadleaf Forests,Neotropic
684,acid_nox,cf_std,0.31035796,Tarim Basin deciduous forests and steppe,4.0,Temperate Broadleaf & Mixed Forests,Palearctic
177,acid_nox,cf_std,0.028844,Tasmanian Central Highland forests,4.0,Temperate Broadleaf & Mixed Forests,Australasia
178,acid_nox,cf_std,0.053897094,Tasmanian temperate forests,4.0,Temperate Broadleaf & Mixed Forests,Australasia
179,acid_nox,cf_std,0.05741908,Tasmanian temperate rain forests,4.0,Temperate Broadleaf & Mixed Forests,Australasia
610,acid_nox,cf_std,0.023340605,Tehuacán Valley matorral,13.0,Deserts & Xeric Shrublands,Neotropic
284,acid_nox,cf_std,0.019406669,Tenasserim-South Thailand semi-evergreen rain forests,1.0,Tropical & Subtropical Moist Broadleaf Forests,Indomalayan
311,acid_nox,cf_std,0.07288264,Terai-Duar savanna and grasslands,7.0,"Tropical & Subtropical Grasslands, Savannas & Shrublands",Indomalayan
401,acid_nox,cf_std,0.02489671,Texas blackland prairies,8.0,"Temperate Grasslands, Savannas & Shrublands",Nearctic
318,acid_nox,cf_std,0.377281,Thar desert,13.0,Deserts & Xeric Shrublands,Indomalayan
740,acid_nox,cf_std,0.15163822,Tian Shan foothill arid steppe,8.0,"Temperate Grasslands, Savannas & Shrublands",Palearctic
709,acid_nox,cf_std,0.19243075,Tian Shan montane conifer forests,5.0,Temperate Conifer Forests,Palearctic
767,acid_nox,cf_std,0.212203,Tian Shan montane steppe and meadows,10.0,Montane Grasslands & Shrublands,Palearctic
844,acid_nox,cf_std,0.010801218,Tibesti-Jebel Uweinat montane xeric woodlands,13.0,Deserts & Xeric Shrublands,Palearctic
768,acid_nox,cf_std,0.080924734,Tibetan Plateau alpine shrublands and meadows,10.0,Montane Grasslands & Shrublands,Palearctic
747,acid_nox,cf_std,0.04886176,Tigris-Euphrates alluvial salt marsh,9.0,Flooded Grasslands & Savannas,Palearctic
166,acid_nox,cf_std,0.009049219,Timor and Wetar deciduous forests,2.0,Tropical & Subtropical Dry Broadleaf Forests,Australasia
215,acid_nox,cf_std,0.014574983,Tirari-Sturt stony desert,13.0,Deserts & Xeric Shrublands,Australasia
631,acid_nox,cf_std,0.00058608525,Tongan tropical moist forests,1.0,Tropical & Subtropical Moist Broadleaf Forests,Oceania
286,acid_nox,cf_std,0.0059074378,Tonle Sap-Mekong peat swamp forests,1.0,Tropical & Subtropical Moist Broadleaf Forests,Indomalayan
285,acid_nox,cf_std,0.0073015234,Tonle Sap freshwater swamp forests,1.0,Tropical & Subtropical Moist Broadleaf Forests,Indomalayan
421,acid_nox,cf_std,0.025604887,Torngat Mountain tundra,11.0,Tundra,Nearctic
782,acid_nox,cf_std,0.14622886,Trans-Baikal Bald Mountain tundra,11.0,Tundra,Palearctic
718,acid_nox,cf_std,0.017613094,Trans-Baikal conifer forests,6.0,Boreal Forests/Taiga,Palearctic
559,acid_nox,cf_std,0.04571008,Trans-Mexican Volcanic Belt pine-oak forests,3.0,Tropical & Subtropical Coniferous Forests,Neotropic
188,acid_nox,cf_std,0.0027430276,Trans Fly savanna and grasslands,7.0,"Tropical & Subtropical Grasslands, Savannas & Shrublands",Australasia
510,acid_nox,cf_std,0.007053935,Trinidad and Tobago moist forest,1.0,Tropical & Subtropical Moist Broadleaf Forests,Neotropic
68,acid_nox,cf_std,0.0016414915,Tristan Da Cunha-Gough Islands shrub and grasslands,8.0,"Temperate Grasslands, Savannas & Shrublands",Afrotropic
158,acid_nox,cf_std,0.0016048767,Trobriand Islands rain forests,1.0,Tropical & Subtropical Moist Broadleaf Forests,Australasia
632,acid_nox,cf_std,0.0006804451,Tuamotu tropical moist forests,1.0,Tropical & Subtropical Moist Broadleaf Forests,Oceania
633,acid_nox,cf_std,0.001423469,Tubuai tropical moist forests,1.0,Tropical & Subtropical Moist Broadleaf Forests,Oceania
549,acid_nox,cf_std,0.045685835,Tumbes-Piura dry forests,2.0,Tropical & Subtropical Dry Broadleaf Forests,Neotropic
806,acid_nox,cf_std,0.08271807,Tyrrhenian-Adriatic sclerophyllous and mixed forests,12.0,"Mediterranean Forests, Woodlands & Scrub",Palearctic
511,acid_nox,cf_std,0.037845425,Uatumã-Trombetas moist forests,1.0,Tropical & Subtropical Moist Broadleaf Forests,Neotropic
512,acid_nox,cf_std,0.057114106,Ucayali moist forests,1.0,Tropical & Subtropical Moist Broadleaf Forests,Neotropic
287,acid_nox,cf_std,0.103986815,Upper Gangetic Plains moist deciduous forests,1.0,Tropical & Subtropical Moist Broadleaf Forests,Indomalayan
343,acid_nox,cf_std,0.14230773,Upper Midwest US forest-savanna transition,4.0,Temperate Broadleaf & Mixed Forests,Nearctic
719,acid_nox,cf_std,0.124269284,Urals montane forest and taiga,6.0,Boreal Forests/Taiga,Palearctic
574,acid_nox,cf_std,0.015030875,Uruguayan savanna,7.0,"Tropical & Subtropical Grasslands, Savannas & Shrublands",Neotropic
685,acid_nox,cf_std,0.14285563,Ussuri broadleaf and mixed forests,4.0,Temperate Broadleaf & Mixed Forests,Palearctic
563,acid_nox,cf_std,0.06891131,Valdivian temperate forests,4.0,Temperate Broadleaf & Mixed Forests,Neotropic
159,acid_nox,cf_std,0.00091994007,Vanuatu rain forests,1.0,Tropical & Subtropical Moist Broadleaf Forests,Australasia
513,acid_nox,cf_std,0.014290089,Venezuelan Andes montane forests,1.0,Tropical & Subtropical Moist Broadleaf Forests,Neotropic
550,acid_nox,cf_std,0.00089589873,Veracruz dry forests,2.0,Tropical & Subtropical Dry Broadleaf Forests,Neotropic
514,acid_nox,cf_std,0.031134883,Veracruz moist forests,1.0,Tropical & Subtropical Moist Broadleaf Forests,Neotropic
515,acid_nox,cf_std,0.03510634,Veracruz montane forests,1.0,Tropical & Subtropical Moist Broadleaf Forests,Neotropic
189,acid_nox,cf_std,0.12290676,Victoria Plains tropical savanna,7.0,"Tropical & Subtropical Grasslands, Savannas & Shrublands",Australasia
161,acid_nox,cf_std,0.006406433,Vogelkop-Aru lowland rain forests,1.0,Tropical & Subtropical Moist Broadleaf Forests,Australasia
160,acid_nox,cf_std,0.00560937,Vogelkop montane rain forests,1.0,Tropical & Subtropical Moist Broadleaf Forests,Australasia
368,acid_nox,cf_std,0.04346684,Wasatch and Uinta montane forests,5.0,Temperate Conifer Forests,Nearctic
383,acid_nox,cf_std,0.0181471,Watson Highlands taiga,6.0,Boreal Forests/Taiga,Nearctic
845,acid_nox,cf_std,0.04680531,West Sahara desert,13.0,Deserts & Xeric Shrublands,Palearctic
846,acid_nox,cf_std,0.012099852,West Saharan montane xeric woodlands,13.0,Deserts & Xeric Shrublands,Palearctic
720,acid_nox,cf_std,0.121933445,West Siberian taiga,6.0,Boreal Forests/Taiga,Palearctic
62,acid_nox,cf_std,0.041568592,West Sudanian savanna,7.0,"Tropical & Subtropical Grasslands, Savannas & Shrublands",Afrotropic
216,acid_nox,cf_std,0.0163418,Western Australian Mulga shrublands,13.0,Deserts & Xeric Shrublands,Australasia
29,acid_nox,cf_std,0.03498391,Western Congolian swamp forests,1.0,Tropical & Subtropical Moist Broadleaf Forests,Afrotropic
516,acid_nox,cf_std,0.023223933,Western Ecuador moist forests,1.0,Tropical & Subtropical Moist Broadleaf Forests,Neotropic
686,acid_nox,cf_std,0.19418685,Western European broadleaf forests,4.0,Temperate Broadleaf & Mixed Forests,Palearctic
344,acid_nox,cf_std,0.16262011,Western Great Lakes forests,4.0,Temperate Broadleaf & Mixed Forests,Nearctic
30,acid_nox,cf_std,0.019185413,Western Guinean lowland forests,1.0,Tropical & Subtropical Moist Broadleaf Forests,Afrotropic
384,acid_nox,cf_std,0.018998565,Western Gulf coastal grasslands,7.0,"Tropical & Subtropical Grasslands, Savannas & Shrublands",Nearctic
769,acid_nox,cf_std,0.115504056,Western Himalayan alpine shrub and meadows,10.0,Montane Grasslands & Shrublands,Palearctic
308,acid_nox,cf_std,0.13474083,Western Himalayan broadleaf forests,4.0,Temperate Broadleaf & Mixed Forests,Indomalayan
310,acid_nox,cf_std,0.2313575,Western Himalayan subalpine conifer forests,5.0,Temperate Conifer Forests,Indomalayan
288,acid_nox,cf_std,0.0040732166,Western Java montane rain forests,1.0,Tropical & Subtropical Moist Broadleaf Forests,Indomalayan
289,acid_nox,cf_std,0.0047400114,Western Java rain forests,1.0,Tropical & Subtropical Moist Broadleaf Forests,Indomalayan
634,acid_nox,cf_std,0.002069442,Western Polynesian tropical moist forests,1.0,Tropical & Subtropical Moist Broadleaf Forests,Oceania
402,acid_nox,cf_std,0.06551297,Western shortgrass prairie,8.0,"Temperate Grasslands, Savannas & Shrublands",Nearctic
687,acid_nox,cf_std,0.12401907,Western Siberian hemiboreal forests,4.0,Temperate Broadleaf & Mixed Forests,Palearctic
180,acid_nox,cf_std,0.0067150095,Westland temperate forests,4.0,Temperate Broadleaf & Mixed Forests,Australasia
403,acid_nox,cf_std,0.10885147,Willamette Valley oak savanna,8.0,"Temperate Grasslands, Savannas & Shrublands",Nearctic
517,acid_nox,cf_std,0.0112009095,Windward Islands moist forests,1.0,Tropical & Subtropical Moist Broadleaf Forests,Neotropic
783,acid_nox,cf_std,0.050664395,Wrangel Island Arctic desert,11.0,Tundra,Palearctic
438,acid_nox,cf_std,0.033922046,Wyoming Basin shrub steppe,13.0,Deserts & Xeric Shrublands,Nearctic
518,acid_nox,cf_std,0.040837716,Xingu-Tocantins-Araguaia moist forests,1.0,Tropical & Subtropical Moist Broadleaf Forests,Neotropic
784,acid_nox,cf_std,0.07175075,Yamal-Gydan tundra,11.0,Tundra,Palearctic
638,acid_nox,cf_std,0.0029483915,Yap tropical dry forests,2.0,Tropical & Subtropical Dry Broadleaf Forests,Oceania
162,acid_nox,cf_std,0.0,Yapen rain forests,1.0,Tropical & Subtropical Moist Broadleaf Forests,Australasia
770,acid_nox,cf_std,0.016947554,Yarlung Zanbo arid steppe,10.0,Montane Grasslands & Shrublands,Palearctic
748,acid_nox,cf_std,0.035813127,Yellow Sea saline meadow,9.0,Flooded Grasslands & Savannas,Palearctic
551,acid_nox,cf_std,0.009734452,Yucatán dry forests,2.0,Tropical & Subtropical Dry Broadleaf Forests,Neotropic
519,acid_nox,cf_std,0.007957246,Yucatán moist forests,1.0,Tropical & Subtropical Moist Broadleaf Forests,Neotropic
643,acid_nox,cf_std,0.06602716,Yunnan Plateau subtropical evergreen forests,1.0,Tropical & Subtropical Moist Broadleaf Forests,Palearctic
688,acid_nox,cf_std,0.068249784,Zagros Mountains forest steppe,4.0,Temperate Broadleaf & Mixed Forests,Palearctic
66,acid_nox,cf_std,0.081592195,Zambezian-Limpopo mixed woodlands,7.0,"Tropical & Subtropical Grasslands, Savannas & Shrublands",Afrotropic
64,acid_nox,cf_std,0.0527879,Zambezian Baikiaea woodlands,7.0,"Tropical & Subtropical Grasslands, Savannas & Shrublands",Afrotropic
75,acid_nox,cf_std,0.11615486,Zambezian coastal flooded savanna,9.0,Flooded Grasslands & Savannas,Afrotropic
42,acid_nox,cf_std,0.07221823,Dry miombo woodlands,7.0,"Tropical & Subtropical Grasslands, Savannas & Shrublands",Afrotropic
33,acid_nox,cf_std,0.022318786,Zambezian evergreen dry forests,2.0,Tropical & Subtropical Dry Broadleaf Forests,Afrotropic
76,acid_nox,cf_std,0.051692504,Zambezian flooded grasslands,9.0,Flooded Grasslands & Savannas,Afrotropic
65,acid_nox,cf_std,0.11889839,Zambezian mopane woodlands,7.0,"Tropical & Subtropical Grasslands, Savannas & Shrublands",Afrotropic
524,acid_nox,cf_std,0.12275982,Brazilian Atlantic dry forests,2.0,Tropical & Subtropical Dry Broadleaf Forests,Neotropic
380,acid_nox,cf_std,0.041295543,Northern Cordillera forests,6.0,Boreal Forests/Taiga,Nearctic
60,acid_nox,cf_std,1.3877788e-17,St. Helena scrub and woodlands,7.0,"Tropical & Subtropical Grasslands, Savannas & Shrublands",Afrotropic
61,acid_nox,cf_std,0.025519982,Victoria Basin forest-savanna,7.0,"Tropical & Subtropical Grasslands, Savannas & Shrublands",Afrotropic
63,acid_nox,cf_std,0.05315737,Western Congolian forest-savanna,7.0,"Tropical & Subtropical Grasslands, Savannas & Shrublands",Afrotropic
78,acid_nox,cf_std,0.019123508,East African montane moorlands,10.0,Montane Grasslands & Shrublands,Afrotropic
365,acid_nox,cf_std,0.019336293,Queen Charlotte Islands conifer forests,5.0,Temperate Conifer Forests,Nearctic
360,acid_nox,cf_std,0.035184503,Northern Pacific Alaskan coastal forests,5.0,Temperate Conifer Forests,Nearctic
381,acid_nox,cf_std,0.019681288,Northwest Territories taiga,6.0,Boreal Forests/Taiga,Nearctic
107,acid_nox,cf_std,0.10562007,Southwest Arabian coastal xeric shrublands,13.0,Deserts & Xeric Shrublands,Afrotropic
811,acid_nox,cf_std,0.8566845,Arabian-Persian Gulf coastal plain desert,13.0,Deserts & Xeric Shrublands,Palearctic
840,acid_nox,cf_std,0.05794755,South Arabian plains and plateau desert,13.0,Deserts & Xeric Shrublands,Palearctic
809,acid_nox,cf_std,0.571405,Arabian desert,13.0,Deserts & Xeric Shrublands,Palearctic
552,acid_nox,cf_std,0.026878279,Bahamian pineyards,3.0,Tropical & Subtropical Coniferous Forests,Neotropic
96,acid_nox,cf_std,0.0,Ile Europa and Bassas da India xeric scrub,13.0,Deserts & Xeric Shrublands,Afrotropic
773,acid_nox,cf_std,0.09240762,Kamchatka tundra,11.0,Tundra,Palearctic
508,acid_nox,cf_std,0.021767367,Tocantins/Pindare moist forests,1.0,Tropical & Subtropical Moist Broadleaf Forests,Neotropic
417,acid_nox,cf_std,0.06740235,Kalaallit Nunaat Arctic steppe,11.0,Tundra,Nearctic
358,acid_nox,cf_std,0.14002173,North Cascades conifer forests,5.0,Temperate Conifer Forests,Nearctic
361,acid_nox,cf_std,0.17890744,Northern Rockies conifer forests,5.0,Temperate Conifer Forests,Nearctic
509,acid_nox,cf_std,0.00096147007,Trindade-Martin Vaz Islands tropical forests,1.0,Tropical & Subtropical Moist Broadleaf Forests,Neotropic
59,acid_nox,cf_std,0.18259773,Southwest Arabian montane woodlands and grasslands,7.0,"Tropical & Subtropical Grasslands, Savannas & Shrublands",Afrotropic
56,acid_nox,cf_std,0.029463835,"South Arabian fog woodlands, shrublands, and dune",7.0,"Tropical & Subtropical Grasslands, Savannas & Shrublands",Afrotropic
548,acid_nox,cf_std,0.0078040673,Trinidad and Tobago dry forest,2.0,Tropical & Subtropical Dry Broadleaf Forests,Neotropic
537,acid_nox,cf_std,0.013383903,Lesser Antillean dry forests,2.0,Tropical & Subtropical Dry Broadleaf Forests,Neotropic
672,acid_nox,cf_std,0.16148403,North Atlantic moist mixed forests,4.0,Temperate Broadleaf & Mixed Forests,Palearctic
156,acid_nox,cf_std,0.010593177,Sulawesi lowland rain forests,1.0,Tropical & Subtropical Moist Broadleaf Forests,Australasia
8,acid_nox,cf_std,0.018102914,East African montane forests,1.0,Tropical & Subtropical Moist Broadleaf Forests,Afrotropic
9,acid_nox,cf_std,0.002655919,Eastern Arc forests,1.0,Tropical & Subtropical Moist Broadleaf Forests,Afrotropic
220,acid_nox,cf_std,0.009576942,Borneo montane rain forests,1.0,Tropical & Subtropical Moist Broadleaf Forests,Indomalayan
313,acid_nox,cf_std,5.551115e-17,Kinabalu montane alpine meadows,10.0,Montane Grasslands & Shrublands,Indomalayan
135,acid_so2,cf_mean,0.122866444,Admiralty Islands lowland rain forests,1.0,Tropical & Subtropical Moist Broadleaf Forests,Australasia
785,acid_so2,cf_mean,0.693295,Aegean and Western Turkey sclerophyllous and mixed forests,12.0,"Mediterranean Forests, Woodlands & Scrub",Palearctic
807,acid_so2,cf_mean,3.0598512,Afghan Mountains semi-desert,13.0,Deserts & Xeric Shrublands,Palearctic
404,acid_so2,cf_mean,2.479698,Ahklun and Kilbuck Upland Tundra,11.0,Tundra,Nearctic
722,acid_so2,cf_mean,0.72884506,Al-Hajar foothill xeric woodlands and shrublands,8.0,"Temperate Grasslands, Savannas & Shrublands",Palearctic
723,acid_so2,cf_mean,0.6592862,Al-Hajar montane woodlands and shrublands,8.0,"Temperate Grasslands, Savannas & Shrublands",Palearctic
721,acid_so2,cf_mean,2.5426824,Alai-Western Tian Shan steppe,8.0,"Temperate Grasslands, Savannas & Shrublands",Palearctic
808,acid_so2,cf_mean,2.0003986,Alashan Plateau semi-desert,13.0,Deserts & Xeric Shrublands,Palearctic
405,acid_so2,cf_mean,3.4378467,Alaska-St. Elias Range tundra,11.0,Tundra,Nearctic
369,acid_so2,cf_mean,1.9525542,Alaska Peninsula montane taiga,6.0,Boreal Forests/Taiga,Nearctic
88,acid_so2,cf_mean,0.3023961,Albany thickets,12.0,"Mediterranean Forests, Woodlands & Scrub",Afrotropic
345,acid_so2,cf_mean,3.2943091,Alberta-British Columbia foothills forests,5.0,Temperate Conifer Forests,Nearctic
1,acid_so2,cf_mean,1.0842551,Albertine Rift montane forests,1.0,Tropical & Subtropical Moist Broadleaf Forests,Afrotropic
91,acid_so2,cf_mean,0.32180366,Aldabra Island xeric scrub,13.0,Deserts & Xeric Shrublands,Afrotropic
406,acid_so2,cf_mean,0.6177779,Aleutian Islands tundra,11.0,Tundra,Nearctic
328,acid_so2,cf_mean,2.2811825,Allegheny Highlands forests,4.0,Temperate Broadleaf & Mixed Forests,Nearctic
689,acid_so2,cf_mean,2.7197182,Alps conifer and mixed forests,5.0,Temperate Conifer Forests,Palearctic
749,acid_so2,cf_mean,3.8768241,Altai alpine meadow and tundra,10.0,Montane Grasslands & Shrublands,Palearctic
690,acid_so2,cf_mean,3.5613465,Altai montane forest and forest steppe,5.0,Temperate Conifer Forests,Palearctic
724,acid_so2,cf_mean,3.275499,Altai steppe and semi-desert,8.0,"Temperate Grasslands, Savannas & Shrublands",Palearctic
439,acid_so2,cf_mean,0.94429415,Alto Paraná Atlantic forests,1.0,Tropical & Subtropical Moist Broadleaf Forests,Neotropic
611,acid_so2,cf_mean,0.3822035,Amazon-Orinoco-Southern Caribbean mangroves,14.0,Mangroves,Neotropic
67,acid_so2,cf_mean,0.031760138,Amsterdam-Saint Paul Islands temperate grasslands,8.0,"Temperate Grasslands, Savannas & Shrublands",Afrotropic
741,acid_so2,cf_mean,3.251299,Amur meadow steppe,9.0,Flooded Grasslands & Savannas,Palearctic
786,acid_so2,cf_mean,0.79570854,Anatolian conifer and deciduous mixed forests,12.0,"Mediterranean Forests, Woodlands & Scrub",Palearctic
218,acid_so2,cf_mean,0.40609023,Andaman Islands rain forests,1.0,Tropical & Subtropical Moist Broadleaf Forests,Indomalayan
77,acid_so2,cf_mean,0.9754344,Angolan montane forest-grassland,10.0,Montane Grasslands & Shrublands,Afrotropic
34,acid_so2,cf_mean,0.5830551,Angolan mopane woodlands,7.0,"Tropical & Subtropical Grasslands, Savannas & Shrublands",Afrotropic
35,acid_so2,cf_mean,0.8541835,Angolan scarp savanna and woodlands,7.0,"Tropical & Subtropical Grasslands, Savannas & Shrublands",Afrotropic
36,acid_so2,cf_mean,0.99747986,Angolan wet miombo woodlands,7.0,"Tropical & Subtropical Grasslands, Savannas & Shrublands",Afrotropic
196,acid_so2,cf_mean,0.08583223,Antipodes Subantarctic Islands tundra,11.0,Tundra,Australasia
331,acid_so2,cf_mean,1.7554842,Appalachian-Blue Ridge forests,4.0,Temperate Broadleaf & Mixed Forests,Nearctic
329,acid_so2,cf_mean,1.6898272,Appalachian mixed mesophytic forests,4.0,Temperate Broadleaf & Mixed Forests,Nearctic
330,acid_so2,cf_mean,1.4010166,Appalachian Piedmont forests,4.0,Temperate Broadleaf & Mixed Forests,Nearctic
644,acid_so2,cf_mean,1.620757,Appenine deciduous montane forests,4.0,Temperate Broadleaf & Mixed Forests,Palearctic
520,acid_so2,cf_mean,0.40329665,Apure-Villavicencio dry forests,2.0,Tropical & Subtropical Dry Broadleaf Forests,Neotropic
810,acid_so2,cf_mean,1.3267901,Arabian sand desert,13.0,Deserts & Xeric Shrublands,Palearctic
440,acid_so2,cf_mean,0.9609113,Araucaria moist forests,1.0,Tropical & Subtropical Moist Broadleaf Forests,Neotropic
597,acid_so2,cf_mean,0.25650012,Araya and Paria xeric scrub,13.0,Deserts & Xeric Shrublands,Neotropic
407,acid_so2,cf_mean,0.99394107,Arctic coastal tundra,11.0,Tundra,Nearctic
778,acid_so2,cf_mean,1.0156143,Russian Arctic desert,11.0,Tundra,Palearctic
408,acid_so2,cf_mean,1.1928501,Arctic foothills tundra,11.0,Tundra,Nearctic
346,acid_so2,cf_mean,0.78091806,Arizona Mountains forests,5.0,Temperate Conifer Forests,Nearctic
181,acid_so2,cf_mean,0.26950797,Arnhem Land tropical savanna,7.0,"Tropical & Subtropical Grasslands, Savannas & Shrublands",Australasia
37,acid_so2,cf_mean,0.1261362,Ascension scrub and grasslands,7.0,"Tropical & Subtropical Grasslands, Savannas & Shrublands",Afrotropic
598,acid_so2,cf_mean,2.5720627,Atacama desert,13.0,Deserts & Xeric Shrublands,Neotropic
441,acid_so2,cf_mean,0.46001568,Atlantic Coast restingas,1.0,Tropical & Subtropical Moist Broadleaf Forests,Neotropic
839,acid_so2,cf_mean,0.39564297,Saharan Atlantic coastal desert,13.0,Deserts & Xeric Shrublands,Palearctic
347,acid_so2,cf_mean,0.9189696,Atlantic coastal pine barrens,5.0,Temperate Conifer Forests,Nearctic
5,acid_so2,cf_mean,1.0106068,Congolian coastal forests,1.0,Tropical & Subtropical Moist Broadleaf Forests,Afrotropic
664,acid_so2,cf_mean,1.4140246,European Atlantic mixed forests,4.0,Temperate Broadleaf & Mixed Forests,Palearctic
193,acid_so2,cf_mean,0.4308199,Australian Alps montane grasslands,10.0,Montane Grasslands & Shrublands,Australasia
812,acid_so2,cf_mean,1.8990723,Azerbaijan shrub desert and steppe,13.0,Deserts & Xeric Shrublands,Palearctic
645,acid_so2,cf_mean,0.27322412,Azores temperate mixed forests,4.0,Temperate Broadleaf & Mixed Forests,Palearctic
813,acid_so2,cf_mean,3.3787515,Badghyz and Karabil semi-desert,13.0,Deserts & Xeric Shrublands,Palearctic
612,acid_so2,cf_mean,0.4554768,Bahamian-Antillean mangroves,14.0,Mangroves,Neotropic
442,acid_so2,cf_mean,0.6346152,Bahia coastal forests,1.0,Tropical & Subtropical Moist Broadleaf Forests,Neotropic
443,acid_so2,cf_mean,0.93999296,Bahia interior forests,1.0,Tropical & Subtropical Moist Broadleaf Forests,Neotropic
426,acid_so2,cf_mean,0.34899384,Baja California desert,13.0,Deserts & Xeric Shrublands,Nearctic
521,acid_so2,cf_mean,0.448767,Bajío dry forests,2.0,Tropical & Subtropical Dry Broadleaf Forests,Neotropic
646,acid_so2,cf_mean,1.643154,Balkan mixed forests,4.0,Temperate Broadleaf & Mixed Forests,Palearctic
522,acid_so2,cf_mean,0.45574832,Balsas dry forests,2.0,Tropical & Subtropical Dry Broadleaf Forests,Neotropic
647,acid_so2,cf_mean,1.6613611,Baltic mixed forests,4.0,Temperate Broadleaf & Mixed Forests,Palearctic
814,acid_so2,cf_mean,2.0712707,Baluchistan xeric woodlands,13.0,Deserts & Xeric Shrublands,Palearctic
136,acid_so2,cf_mean,0.15291232,Banda Sea Islands moist deciduous forests,1.0,Tropical & Subtropical Moist Broadleaf Forests,Australasia
564,acid_so2,cf_mean,0.24413952,Belizian pine savannas,7.0,"Tropical & Subtropical Grasslands, Savannas & Shrublands",Neotropic
565,acid_so2,cf_mean,1.5051789,Beni savanna,7.0,"Tropical & Subtropical Grasslands, Savannas & Shrublands",Neotropic
779,acid_so2,cf_mean,1.8544377,Russian Bering tundra,11.0,Tundra,Palearctic
409,acid_so2,cf_mean,2.1112866,Beringia lowland tundra,11.0,Tundra,Nearctic
410,acid_so2,cf_mean,2.1837883,Beringia upland tundra,11.0,Tundra,Nearctic
325,acid_so2,cf_mean,0.27151775,Bermuda subtropical conifer forests,3.0,Tropical & Subtropical Coniferous Forests,Nearctic
137,acid_so2,cf_mean,0.17517865,Biak-Numfoor rain forests,1.0,Tropical & Subtropical Moist Broadleaf Forests,Australasia
348,acid_so2,cf_mean,2.1377604,Blue Mountains forests,5.0,Temperate Conifer Forests,Nearctic
742,acid_so2,cf_mean,1.5067104,Bohai Sea saline meadow,9.0,Flooded Grasslands & Savannas,Palearctic
523,acid_so2,cf_mean,1.7334602,Bolivian montane dry forests,2.0,Tropical & Subtropical Dry Broadleaf Forests,Neotropic
444,acid_so2,cf_mean,1.9556925,Bolivian Yungas,1.0,Tropical & Subtropical Moist Broadleaf Forests,Neotropic
219,acid_so2,cf_mean,0.29915315,Borneo lowland rain forests,1.0,Tropical & Subtropical Moist Broadleaf Forests,Indomalayan
221,acid_so2,cf_mean,0.3353805,Borneo peat swamp forests,1.0,Tropical & Subtropical Moist Broadleaf Forests,Indomalayan
222,acid_so2,cf_mean,1.1901191,Brahmaputra Valley semi-evergreen forests,1.0,Tropical & Subtropical Moist Broadleaf Forests,Indomalayan
182,acid_so2,cf_mean,0.26362392,Brigalow tropical savanna,7.0,"Tropical & Subtropical Grasslands, Savannas & Shrublands",Australasia
349,acid_so2,cf_mean,3.0204804,British Columbia coastal conifer forests,5.0,Temperate Conifer Forests,Nearctic
411,acid_so2,cf_mean,1.6424549,Brooks-British Range tundra,11.0,Tundra,Nearctic
138,acid_so2,cf_mean,0.13905106,Buru rain forests,1.0,Tropical & Subtropical Moist Broadleaf Forests,Australasia
525,acid_so2,cf_mean,0.55846244,Caatinga,2.0,Tropical & Subtropical Dry Broadleaf Forests,Neotropic
445,acid_so2,cf_mean,0.35175684,Caatinga Enclaves moist forests,1.0,Tropical & Subtropical Moist Broadleaf Forests,Neotropic
691,acid_so2,cf_mean,0.50464803,Caledon conifer forests,5.0,Temperate Conifer Forests,Palearctic
385,acid_so2,cf_mean,0.56063914,California Central Valley grasslands,8.0,"Temperate Grasslands, Savannas & Shrublands",Nearctic
422,acid_so2,cf_mean,0.35760748,California coastal sage and chaparral,12.0,"Mediterranean Forests, Woodlands & Scrub",Nearctic
423,acid_so2,cf_mean,0.51700824,California interior chaparral and woodlands,12.0,"Mediterranean Forests, Woodlands & Scrub",Nearctic
424,acid_so2,cf_mean,0.36681378,California montane chaparral and woodlands,12.0,"Mediterranean Forests, Woodlands & Scrub",Nearctic
2,acid_so2,cf_mean,1.1431329,Cameroon Highlands forests,1.0,Tropical & Subtropical Moist Broadleaf Forests,Afrotropic
566,acid_so2,cf_mean,1.0847231,Campos Rupestres montane savanna,7.0,"Tropical & Subtropical Grasslands, Savannas & Shrublands",Neotropic
386,acid_so2,cf_mean,2.0819304,Canadian Aspen forests and parklands,8.0,"Temperate Grasslands, Savannas & Shrublands",Nearctic
413,acid_so2,cf_mean,1.4984543,Canadian Low Arctic tundra,11.0,Tundra,Nearctic
787,acid_so2,cf_mean,0.23967908,Canary Islands dry woodlands and forests,12.0,"Mediterranean Forests, Woodlands & Scrub",Palearctic
648,acid_so2,cf_mean,0.7685539,Cantabrian mixed forests,4.0,Temperate Broadleaf & Mixed Forests,Palearctic
190,acid_so2,cf_mean,0.3936872,Canterbury-Otago tussock grasslands,8.0,"Temperate Grasslands, Savannas & Shrublands",Australasia
31,acid_so2,cf_mean,0.171586,Cape Verde Islands dry forests,2.0,Tropical & Subtropical Dry Broadleaf Forests,Afrotropic
183,acid_so2,cf_mean,0.3313991,Cape York Peninsula tropical savanna,7.0,"Tropical & Subtropical Grasslands, Savannas & Shrublands",Australasia
446,acid_so2,cf_mean,1.2678294,Caqueta moist forests,1.0,Tropical & Subtropical Moist Broadleaf Forests,Neotropic
223,acid_so2,cf_mean,0.3985628,Cardamom Mountains rain forests,1.0,Tropical & Subtropical Moist Broadleaf Forests,Indomalayan
599,acid_so2,cf_mean,0.16257478,Caribbean shrublands,13.0,Deserts & Xeric Shrublands,Neotropic
207,acid_so2,cf_mean,0.08761006,Carnarvon xeric shrublands,13.0,Deserts & Xeric Shrublands,Australasia
618,acid_so2,cf_mean,0.05653604,Carolines tropical moist forests,1.0,Tropical & Subtropical Moist Broadleaf Forests,Oceania
692,acid_so2,cf_mean,2.8881185,Carpathian montane forests,5.0,Temperate Conifer Forests,Palearctic
184,acid_so2,cf_mean,0.4011217,Carpentaria tropical savanna,7.0,"Tropical & Subtropical Grasslands, Savannas & Shrublands",Australasia
649,acid_so2,cf_mean,1.635116,Caspian Hyrcanian mixed forests,4.0,Temperate Broadleaf & Mixed Forests,Palearctic
815,acid_so2,cf_mean,1.3931271,Caspian lowland desert,13.0,Deserts & Xeric Shrublands,Palearctic
447,acid_so2,cf_mean,0.27632624,Catatumbo moist forests,1.0,Tropical & Subtropical Moist Broadleaf Forests,Neotropic
526,acid_so2,cf_mean,0.42030752,Cauca Valley dry forests,2.0,Tropical & Subtropical Dry Broadleaf Forests,Neotropic
448,acid_so2,cf_mean,0.45839214,Cauca Valley montane forests,1.0,Tropical & Subtropical Moist Broadleaf Forests,Neotropic
650,acid_so2,cf_mean,2.1783116,Caucasus mixed forests,4.0,Temperate Broadleaf & Mixed Forests,Palearctic
449,acid_so2,cf_mean,0.20981357,Cayos Miskitos-San Andrés and Providencia moist forests,1.0,Tropical & Subtropical Moist Broadleaf Forests,Neotropic
651,acid_so2,cf_mean,0.77069485,Celtic broadleaf forests,4.0,Temperate Broadleaf & Mixed Forests,Palearctic
816,acid_so2,cf_mean,2.236306,Central Afghan Mountains xeric woodlands,13.0,Deserts & Xeric Shrublands,Palearctic
111,acid_so2,cf_mean,0.72003114,Central African mangroves,14.0,Mangroves,Afrotropic
450,acid_so2,cf_mean,0.21782179,Central American Atlantic moist forests,1.0,Tropical & Subtropical Moist Broadleaf Forests,Neotropic
527,acid_so2,cf_mean,0.20742132,Central American dry forests,2.0,Tropical & Subtropical Dry Broadleaf Forests,Neotropic
451,acid_so2,cf_mean,0.23319785,Central American montane forests,1.0,Tropical & Subtropical Moist Broadleaf Forests,Neotropic
553,acid_so2,cf_mean,0.23451813,Central American pine-oak forests,3.0,Tropical & Subtropical Coniferous Forests,Neotropic
725,acid_so2,cf_mean,0.87767434,Central Anatolian steppe,8.0,"Temperate Grasslands, Savannas & Shrublands",Palearctic
652,acid_so2,cf_mean,0.9068611,Central Anatolian steppe and woodlands,4.0,Temperate Broadleaf & Mixed Forests,Palearctic
352,acid_so2,cf_mean,1.589251,Central-Southern Cascades Forests,5.0,Temperate Conifer Forests,Nearctic
389,acid_so2,cf_mean,1.0747108,Central-Southern US mixed grasslands,8.0,"Temperate Grasslands, Savannas & Shrublands",Nearctic
587,acid_so2,cf_mean,2.5829556,Central Andean dry puna,10.0,Montane Grasslands & Shrublands,Neotropic
588,acid_so2,cf_mean,2.2526553,Central Andean puna,10.0,Montane Grasslands & Shrublands,Neotropic
589,acid_so2,cf_mean,2.3545396,Central Andean wet puna,10.0,Montane Grasslands & Shrublands,Neotropic
817,acid_so2,cf_mean,2.1964393,Central Asian northern desert,13.0,Deserts & Xeric Shrublands,Palearctic
818,acid_so2,cf_mean,2.107323,Central Asian riparian woodlands,13.0,Deserts & Xeric Shrublands,Palearctic
819,acid_so2,cf_mean,2.2133696,Central Asian southern desert,13.0,Deserts & Xeric Shrublands,Palearctic
350,acid_so2,cf_mean,3.0436614,Central British Columbia Mountain forests,5.0,Temperate Conifer Forests,Nearctic
38,acid_so2,cf_mean,1.3619659,Central bushveld,7.0,"Tropical & Subtropical Grasslands, Savannas & Shrublands",Afrotropic
370,acid_so2,cf_mean,4.6239386,Central Canadian Shield forests,6.0,Boreal Forests/Taiga,Nearctic
653,acid_so2,cf_mean,1.9372598,Central China Loess Plateau mixed forests,4.0,Temperate Broadleaf & Mixed Forests,Palearctic
3,acid_so2,cf_mean,1.7268792,Central Congolian lowland forests,1.0,Tropical & Subtropical Moist Broadleaf Forests,Afrotropic
290,acid_so2,cf_mean,0.24573717,Central Deccan Plateau dry deciduous forests,2.0,Tropical & Subtropical Dry Broadleaf Forests,Indomalayan
654,acid_so2,cf_mean,2.2631543,Central European mixed forests,4.0,Temperate Broadleaf & Mixed Forests,Palearctic
387,acid_so2,cf_mean,1.3121233,Central US forest-grasslands transition,8.0,"Temperate Grasslands, Savannas & Shrublands",Nearctic
291,acid_so2,cf_mean,0.49695876,Central Indochina dry forests,2.0,Tropical & Subtropical Dry Broadleaf Forests,Indomalayan
655,acid_so2,cf_mean,1.2129741,Central Korean deciduous forests,4.0,Temperate Broadleaf & Mixed Forests,Palearctic
427,acid_so2,cf_mean,0.48415753,Central Mexican matorral,13.0,Deserts & Xeric Shrublands,Nearctic
351,acid_so2,cf_mean,1.9322038,Central Pacific Northwest coastal forests,5.0,Temperate Conifer Forests,Nearctic
820,acid_so2,cf_mean,1.2819122,Central Persian desert basins,13.0,Deserts & Xeric Shrublands,Palearctic
619,acid_so2,cf_mean,0.010184209,Central Polynesian tropical moist forests,1.0,Tropical & Subtropical Moist Broadleaf Forests,Oceania
139,acid_so2,cf_mean,0.35264537,Central Range Papuan montane rain forests,1.0,Tropical & Subtropical Moist Broadleaf Forests,Australasia
195,acid_so2,cf_mean,0.37043485,Papuan Central Range sub-alpine grasslands,10.0,Montane Grasslands & Shrublands,Australasia
208,acid_so2,cf_mean,0.46912596,Central Ranges xeric scrub,13.0,Deserts & Xeric Shrublands,Australasia
388,acid_so2,cf_mean,1.3407139,Central Tallgrass prairie,8.0,"Temperate Grasslands, Savannas & Shrublands",Nearctic
750,acid_so2,cf_mean,1.9412206,Central Tibetan Plateau alpine steppe,10.0,Montane Grasslands & Shrublands,Palearctic
39,acid_so2,cf_mean,1.4690316,Central Zambezian wet miombo woodlands,7.0,"Tropical & Subtropical Grasslands, Savannas & Shrublands",Afrotropic
567,acid_so2,cf_mean,1.0826454,Cerrado,7.0,"Tropical & Subtropical Grasslands, Savannas & Shrublands",Neotropic
656,acid_so2,cf_mean,2.5245097,Changbai Mountains mixed forests,4.0,Temperate Broadleaf & Mixed Forests,Palearctic
657,acid_so2,cf_mean,1.3700112,Changjiang Plain evergreen forests,4.0,Temperate Broadleaf & Mixed Forests,Palearctic
224,acid_so2,cf_mean,0.43384498,Chao Phraya freshwater swamp forests,1.0,Tropical & Subtropical Moist Broadleaf Forests,Indomalayan
225,acid_so2,cf_mean,0.4105123,Chao Phraya lowland moist deciduous forests,1.0,Tropical & Subtropical Moist Broadleaf Forests,Indomalayan
167,acid_so2,cf_mean,0.06591619,Chatham Island temperate forests,4.0,Temperate Broadleaf & Mixed Forests,Australasia
771,acid_so2,cf_mean,0.7913607,Cherskii-Kolyma mountain tundra,11.0,Tundra,Palearctic
292,acid_so2,cf_mean,0.48313102,Chhota-Nagpur dry deciduous forests,2.0,Tropical & Subtropical Dry Broadleaf Forests,Indomalayan
528,acid_so2,cf_mean,0.27325314,Chiapas Depression dry forests,2.0,Tropical & Subtropical Dry Broadleaf Forests,Neotropic
452,acid_so2,cf_mean,0.29535,Chiapas montane forests,1.0,Tropical & Subtropical Moist Broadleaf Forests,Neotropic
428,acid_so2,cf_mean,0.6168507,Chihuahuan desert,13.0,Deserts & Xeric Shrublands,Nearctic
596,acid_so2,cf_mean,1.2576478,Chilean Matorral,12.0,"Mediterranean Forests, Woodlands & Scrub",Neotropic
453,acid_so2,cf_mean,0.26706958,Chimalapas montane forests,1.0,Tropical & Subtropical Moist Broadleaf Forests,Neotropic
226,acid_so2,cf_mean,0.75090235,Chin Hills-Arakan Yoma montane forests,1.0,Tropical & Subtropical Moist Broadleaf Forests,Indomalayan
529,acid_so2,cf_mean,1.2461079,Chiquitano dry forests,2.0,Tropical & Subtropical Dry Broadleaf Forests,Neotropic
454,acid_so2,cf_mean,0.37529698,Chocó-Darién moist forests,1.0,Tropical & Subtropical Moist Broadleaf Forests,Neotropic
227,acid_so2,cf_mean,0.14994645,Christmas and Cocos Islands tropical forests,1.0,Tropical & Subtropical Moist Broadleaf Forests,Indomalayan
772,acid_so2,cf_mean,0.6372228,Chukchi Peninsula tundra,11.0,Tundra,Palearctic
568,acid_so2,cf_mean,0.0876886,Clipperton Island shrub and grasslands,7.0,"Tropical & Subtropical Grasslands, Savannas & Shrublands",Neotropic
455,acid_so2,cf_mean,0.17270732,Cocos Island moist forests,1.0,Tropical & Subtropical Moist Broadleaf Forests,Neotropic
429,acid_so2,cf_mean,0.99114776,Colorado Plateau shrublands,13.0,Deserts & Xeric Shrublands,Nearctic
353,acid_so2,cf_mean,1.2801567,Colorado Rockies forests,5.0,Temperate Conifer Forests,Nearctic
4,acid_so2,cf_mean,0.3525588,Comoros forests,1.0,Tropical & Subtropical Moist Broadleaf Forests,Afrotropic
371,acid_so2,cf_mean,2.9662948,Cook Inlet taiga,6.0,Boreal Forests/Taiga,Nearctic
620,acid_so2,cf_mean,0.0032754475,Cook Islands tropical moist forests,1.0,Tropical & Subtropical Moist Broadleaf Forests,Oceania
197,acid_so2,cf_mean,0.1261376,Coolgardie woodlands,12.0,"Mediterranean Forests, Woodlands & Scrub",Australasia
372,acid_so2,cf_mean,3.4160695,Copper Plateau taiga,6.0,Boreal Forests/Taiga,Nearctic
590,acid_so2,cf_mean,1.201144,Cordillera Central páramo,10.0,Montane Grasslands & Shrublands,Neotropic
591,acid_so2,cf_mean,0.27671424,Cordillera de Merida páramo,10.0,Montane Grasslands & Shrublands,Neotropic
456,acid_so2,cf_mean,0.21333028,Cordillera La Costa montane forests,1.0,Tropical & Subtropical Moist Broadleaf Forests,Neotropic
457,acid_so2,cf_mean,0.49008438,Cordillera Oriental montane forests,1.0,Tropical & Subtropical Moist Broadleaf Forests,Neotropic
788,acid_so2,cf_mean,1.2142645,Corsican montane broadleaf and mixed forests,12.0,"Mediterranean Forests, Woodlands & Scrub",Palearctic
458,acid_so2,cf_mean,0.2268078,Costa Rican seasonal moist forests,1.0,Tropical & Subtropical Moist Broadleaf Forests,Neotropic
789,acid_so2,cf_mean,0.51202303,Crete Mediterranean forests,12.0,"Mediterranean Forests, Woodlands & Scrub",Palearctic
658,acid_so2,cf_mean,1.2685796,Crimean Submediterranean forest complex,4.0,Temperate Broadleaf & Mixed Forests,Palearctic
6,acid_so2,cf_mean,0.77970755,Cross-Niger transition forests,1.0,Tropical & Subtropical Moist Broadleaf Forests,Afrotropic
7,acid_so2,cf_mean,0.94647086,Cross-Sanaga-Bioko coastal forests,1.0,Tropical & Subtropical Moist Broadleaf Forests,Afrotropic
390,acid_so2,cf_mean,0.8173327,Cross-Timbers savanna-woodland,8.0,"Temperate Grasslands, Savannas & Shrublands",Nearctic
600,acid_so2,cf_mean,0.27831197,Cuban cactus scrub,13.0,Deserts & Xeric Shrublands,Neotropic
530,acid_so2,cf_mean,0.27443174,Cuban dry forests,2.0,Tropical & Subtropical Dry Broadleaf Forests,Neotropic
459,acid_so2,cf_mean,0.2658854,Cuban moist forests,1.0,Tropical & Subtropical Moist Broadleaf Forests,Neotropic
554,acid_so2,cf_mean,0.349579,Cuban pine forests,3.0,Tropical & Subtropical Coniferous Forests,Neotropic
579,acid_so2,cf_mean,0.2899638,Cuban wetlands,9.0,Flooded Grasslands & Savannas,Neotropic
790,acid_so2,cf_mean,0.7236402,Cyprus Mediterranean forests,12.0,"Mediterranean Forests, Woodlands & Scrub",Palearctic
693,acid_so2,cf_mean,3.5377796,Da Hinggan-Dzhagdy Mountains conifer forests,5.0,Temperate Conifer Forests,Palearctic
659,acid_so2,cf_mean,2.1095371,Daba Mountains evergreen forests,4.0,Temperate Broadleaf & Mixed Forests,Palearctic
726,acid_so2,cf_mean,2.032859,Daurian forest steppe,8.0,"Temperate Grasslands, Savannas & Shrublands",Palearctic
415,acid_so2,cf_mean,2.2477512,Davis Highlands tundra,11.0,Tundra,Nearctic
315,acid_so2,cf_mean,0.18207437,Deccan thorn scrub forests,13.0,Deserts & Xeric Shrublands,Indomalayan
660,acid_so2,cf_mean,2.1320362,Dinaric Mountains mixed forests,4.0,Temperate Broadleaf & Mixed Forests,Palearctic
92,acid_so2,cf_mean,0.52002144,Djibouti xeric shrublands,13.0,Deserts & Xeric Shrublands,Afrotropic
40,acid_so2,cf_mean,0.43028104,Drakensberg Escarpment savanna and thicket,7.0,"Tropical & Subtropical Grasslands, Savannas & Shrublands",Afrotropic
41,acid_so2,cf_mean,0.46653336,Drakensberg grasslands,7.0,"Tropical & Subtropical Grasslands, Savannas & Shrublands",Afrotropic
0,acid_so2,cf_mean,0.12610511,Rock and Ice,11.0,N/A,N/A
569,acid_so2,cf_mean,0.8928802,Dry Chaco,7.0,"Tropical & Subtropical Grasslands, Savannas & Shrublands",Neotropic
694,acid_so2,cf_mean,2.4179041,East Afghan montane conifer forests,5.0,Temperate Conifer Forests,Palearctic
69,acid_so2,cf_mean,0.64500344,East African halophytics,9.0,Flooded Grasslands & Savannas,Afrotropic
112,acid_so2,cf_mean,0.6500867,East African mangroves,14.0,Mangroves,Afrotropic
821,acid_so2,cf_mean,0.34905118,East Arabian fog shrublands and sand desert,13.0,Deserts & Xeric Shrublands,Palearctic
332,acid_so2,cf_mean,0.6542003,East Central Texas forests,4.0,Temperate Broadleaf & Mixed Forests,Nearctic
293,acid_so2,cf_mean,0.148296,East Deccan dry-evergreen forests,2.0,Tropical & Subtropical Dry Broadleaf Forests,Indomalayan
661,acid_so2,cf_mean,1.7462097,East European forest steppe,4.0,Temperate Broadleaf & Mixed Forests,Palearctic
822,acid_so2,cf_mean,0.7625366,East Sahara Desert,13.0,Deserts & Xeric Shrublands,Palearctic
823,acid_so2,cf_mean,0.7481049,East Saharan montane xeric woodlands,13.0,Deserts & Xeric Shrublands,Palearctic
710,acid_so2,cf_mean,4.008972,East Siberian taiga,6.0,Boreal Forests/Taiga,Palearctic
43,acid_so2,cf_mean,1.0657,East Sudanian savanna,7.0,"Tropical & Subtropical Grasslands, Savannas & Shrublands",Afrotropic
662,acid_so2,cf_mean,1.270552,Eastern Anatolian deciduous forests,4.0,Temperate Broadleaf & Mixed Forests,Palearctic
727,acid_so2,cf_mean,1.8367984,Eastern Anatolian montane steppe,8.0,"Temperate Grasslands, Savannas & Shrublands",Palearctic
191,acid_so2,cf_mean,0.22156058,Eastern Australia mulga shrublands,8.0,"Temperate Grasslands, Savannas & Shrublands",Australasia
168,acid_so2,cf_mean,0.34042394,Eastern Australian temperate forests,4.0,Temperate Broadleaf & Mixed Forests,Australasia
373,acid_so2,cf_mean,2.9708705,Eastern Canadian forests,6.0,Boreal Forests/Taiga,Nearctic
374,acid_so2,cf_mean,3.7264519,Eastern Canadian Shield taiga,6.0,Boreal Forests/Taiga,Nearctic
354,acid_so2,cf_mean,1.4857185,Eastern Cascades forests,5.0,Temperate Conifer Forests,Nearctic
10,acid_so2,cf_mean,1.4341257,Eastern Congolian swamp forests,1.0,Tropical & Subtropical Moist Broadleaf Forests,Afrotropic
460,acid_so2,cf_mean,0.72081894,Eastern Cordillera Real montane forests,1.0,Tropical & Subtropical Moist Broadleaf Forests,Neotropic
333,acid_so2,cf_mean,3.3064034,Eastern Canadian Forest-Boreal transition,4.0,Temperate Broadleaf & Mixed Forests,Nearctic
824,acid_so2,cf_mean,1.721205,Eastern Gobi desert steppe,13.0,Deserts & Xeric Shrublands,Palearctic
334,acid_so2,cf_mean,2.2652075,Eastern Great Lakes lowland forests,4.0,Temperate Broadleaf & Mixed Forests,Nearctic
11,acid_so2,cf_mean,0.5502323,Eastern Guinean forests,1.0,Tropical & Subtropical Moist Broadleaf Forests,Afrotropic
228,acid_so2,cf_mean,0.33503896,East Deccan moist deciduous forests,1.0,Tropical & Subtropical Moist Broadleaf Forests,Indomalayan
751,acid_so2,cf_mean,1.6904935,Eastern Himalayan alpine shrub and meadows,10.0,Montane Grasslands & Shrublands,Palearctic
306,acid_so2,cf_mean,1.5531994,Eastern Himalayan broadleaf forests,4.0,Temperate Broadleaf & Mixed Forests,Indomalayan
309,acid_so2,cf_mean,1.7347505,Eastern Himalayan subalpine conifer forests,5.0,Temperate Conifer Forests,Indomalayan
229,acid_so2,cf_mean,0.21850637,Eastern Java-Bali montane rain forests,1.0,Tropical & Subtropical Moist Broadleaf Forests,Indomalayan
230,acid_so2,cf_mean,0.20621584,Eastern Java-Bali rain forests,1.0,Tropical & Subtropical Moist Broadleaf Forests,Indomalayan
791,acid_so2,cf_mean,0.99546516,Eastern Mediterranean conifer-broadleaf forests,12.0,"Mediterranean Forests, Woodlands & Scrub",Palearctic
621,acid_so2,cf_mean,0.04417039,Eastern Micronesia tropical moist forests,1.0,Tropical & Subtropical Moist Broadleaf Forests,Oceania
461,acid_so2,cf_mean,0.27198204,Eastern Panamanian montane forests,1.0,Tropical & Subtropical Moist Broadleaf Forests,Neotropic
531,acid_so2,cf_mean,0.43743378,Ecuadorian dry forests,2.0,Tropical & Subtropical Dry Broadleaf Forests,Neotropic
391,acid_so2,cf_mean,0.6576662,Edwards Plateau savanna,8.0,"Temperate Grasslands, Savannas & Shrublands",Nearctic
185,acid_so2,cf_mean,0.33322787,Einasleigh upland savanna,7.0,"Tropical & Subtropical Grasslands, Savannas & Shrublands",Australasia
695,acid_so2,cf_mean,1.6133657,Elburz Range forest steppe,5.0,Temperate Conifer Forests,Palearctic
728,acid_so2,cf_mean,4.0099454,Emin Valley steppe,8.0,"Temperate Grasslands, Savannas & Shrublands",Palearctic
663,acid_so2,cf_mean,1.1223675,English Lowlands beech forests,4.0,Temperate Broadleaf & Mixed Forests,Palearctic
580,acid_so2,cf_mean,0.1246048,Enriquillo wetlands,9.0,Flooded Grasslands & Savannas,Neotropic
93,acid_so2,cf_mean,0.51228875,Eritrean coastal desert,13.0,Deserts & Xeric Shrublands,Afrotropic
198,acid_so2,cf_mean,0.13087764,Esperance mallee,12.0,"Mediterranean Forests, Woodlands & Scrub",Australasia
575,acid_so2,cf_mean,0.49203715,Espinal,8.0,"Temperate Grasslands, Savannas & Shrublands",Neotropic
12,acid_so2,cf_mean,0.6361677,Ethiopian montane forests,1.0,Tropical & Subtropical Moist Broadleaf Forests,Afrotropic
79,acid_so2,cf_mean,0.5927221,Ethiopian montane grasslands and woodlands,10.0,Montane Grasslands & Shrublands,Afrotropic
80,acid_so2,cf_mean,0.59125227,Ethiopian montane moorlands,10.0,Montane Grasslands & Shrublands,Afrotropic
70,acid_so2,cf_mean,0.5380058,Etosha Pan halophytics,9.0,Flooded Grasslands & Savannas,Afrotropic
665,acid_so2,cf_mean,1.2635572,Euxine-Colchic broadleaf forests,4.0,Temperate Broadleaf & Mixed Forests,Palearctic
581,acid_so2,cf_mean,1.2586896,Everglades flooded grasslands,9.0,Flooded Grasslands & Savannas,Neotropic
199,acid_so2,cf_mean,0.14631742,Eyre and York mallee,12.0,"Mediterranean Forests, Woodlands & Scrub",Australasia
729,acid_so2,cf_mean,0.91713095,Faroe Islands boreal grasslands,8.0,"Temperate Grasslands, Savannas & Shrublands",Palearctic
462,acid_so2,cf_mean,0.15392841,Fernando de Noronha-Atol das Rocas moist forests,1.0,Tropical & Subtropical Moist Broadleaf Forests,Neotropic
635,acid_so2,cf_mean,0.01766313,Fiji tropical dry forests,2.0,Tropical & Subtropical Dry Broadleaf Forests,Oceania
622,acid_so2,cf_mean,0.017133905,Fiji tropical moist forests,1.0,Tropical & Subtropical Moist Broadleaf Forests,Oceania
169,acid_so2,cf_mean,0.33426994,Fiordland temperate forests,4.0,Temperate Broadleaf & Mixed Forests,Australasia
200,acid_so2,cf_mean,0.16788997,Flinders-Lofty montane woodlands,12.0,"Mediterranean Forests, Woodlands & Scrub",Australasia
392,acid_so2,cf_mean,1.0856888,Flint Hills tallgrass prairie,8.0,"Temperate Grasslands, Savannas & Shrublands",Nearctic
355,acid_so2,cf_mean,2.863851,Fraser Plateau and Basin conifer forests,5.0,Temperate Conifer Forests,Nearctic
89,acid_so2,cf_mean,0.22782475,Fynbos shrubland,12.0,"Mediterranean Forests, Woodlands & Scrub",Afrotropic
601,acid_so2,cf_mean,0.12065942,Galápagos Islands xeric scrub,13.0,Deserts & Xeric Shrublands,Neotropic
94,acid_so2,cf_mean,0.75988424,Gariep Karoo,13.0,Deserts & Xeric Shrublands,Afrotropic
752,acid_so2,cf_mean,2.7588031,Ghorat-Hazarajat alpine meadow,10.0,Montane Grasslands & Shrublands,Palearctic
209,acid_so2,cf_mean,0.38933113,Gibson desert,13.0,Deserts & Xeric Shrublands,Australasia
730,acid_so2,cf_mean,3.380074,Gissaro-Alai open woodlands,8.0,"Temperate Grasslands, Savannas & Shrublands",Palearctic
316,acid_so2,cf_mean,0.24798816,Godavari-Krishna mangroves,13.0,Deserts & Xeric Shrublands,Indomalayan
825,acid_so2,cf_mean,2.0100489,Gobi Lakes Valley desert steppe,13.0,Deserts & Xeric Shrublands,Palearctic
13,acid_so2,cf_mean,0.19604838,Granitic Seychelles forests,1.0,Tropical & Subtropical Moist Broadleaf Forests,Afrotropic
356,acid_so2,cf_mean,1.0306313,Great Basin montane forests,5.0,Temperate Conifer Forests,Nearctic
430,acid_so2,cf_mean,1.0781811,Great Basin shrub steppe,13.0,Deserts & Xeric Shrublands,Nearctic
826,acid_so2,cf_mean,2.9181273,Great Lakes Basin desert steppe,13.0,Deserts & Xeric Shrublands,Palearctic
210,acid_so2,cf_mean,0.90652525,Great Sandy-Tanami desert,13.0,Deserts & Xeric Shrublands,Australasia
211,acid_so2,cf_mean,0.24983567,Great Victoria desert,13.0,Deserts & Xeric Shrublands,Australasia
231,acid_so2,cf_mean,0.25353912,Greater Negros-Panay rain forests,1.0,Tropical & Subtropical Moist Broadleaf Forests,Indomalayan
602,acid_so2,cf_mean,0.18069729,Guajira-Barranquilla xeric scrub,13.0,Deserts & Xeric Shrublands,Neotropic
582,acid_so2,cf_mean,0.76930445,Guayaquil flooded grasslands,9.0,Flooded Grasslands & Savannas,Neotropic
463,acid_so2,cf_mean,0.40036365,Guianan freshwater swamp forests,1.0,Tropical & Subtropical Moist Broadleaf Forests,Neotropic
464,acid_so2,cf_mean,0.8817624,Guianan Highlands moist forests,1.0,Tropical & Subtropical Moist Broadleaf Forests,Neotropic
465,acid_so2,cf_mean,0.7254779,Guianan lowland moist forests,1.0,Tropical & Subtropical Moist Broadleaf Forests,Neotropic
466,acid_so2,cf_mean,0.94835126,Guianan piedmont moist forests,1.0,Tropical & Subtropical Moist Broadleaf Forests,Neotropic
570,acid_so2,cf_mean,0.9256714,Guianan savanna,7.0,"Tropical & Subtropical Grasslands, Savannas & Shrublands",Neotropic
44,acid_so2,cf_mean,0.61484206,Guinean forest-savanna,7.0,"Tropical & Subtropical Grasslands, Savannas & Shrublands",Afrotropic
113,acid_so2,cf_mean,0.32880285,Guinean mangroves,14.0,Mangroves,Afrotropic
14,acid_so2,cf_mean,0.538569,Guinean montane forests,1.0,Tropical & Subtropical Moist Broadleaf Forests,Afrotropic
642,acid_so2,cf_mean,1.9560679,Guizhou Plateau broadleaf and mixed forests,1.0,Tropical & Subtropical Moist Broadleaf Forests,Palearctic
431,acid_so2,cf_mean,0.35737488,Gulf of California xeric scrub,13.0,Deserts & Xeric Shrublands,Nearctic
335,acid_so2,cf_mean,1.9637681,Gulf of St. Lawrence lowland forests,4.0,Temperate Broadleaf & Mixed Forests,Nearctic
467,acid_so2,cf_mean,0.88833237,Gurupa várzea,1.0,Tropical & Subtropical Moist Broadleaf Forests,Neotropic
232,acid_so2,cf_mean,0.619606,Hainan Island monsoon rain forests,1.0,Tropical & Subtropical Moist Broadleaf Forests,Indomalayan
140,acid_so2,cf_mean,0.2671268,Halmahera rain forests,1.0,Tropical & Subtropical Moist Broadleaf Forests,Australasia
201,acid_so2,cf_mean,0.15194915,Hampton mallee and woodlands,12.0,"Mediterranean Forests, Woodlands & Scrub",Australasia
636,acid_so2,cf_mean,0.14321415,Hawai'i tropical dry forests,2.0,Tropical & Subtropical Dry Broadleaf Forests,Oceania
639,acid_so2,cf_mean,0.170091,Hawai'i tropical high shrublands,7.0,"Tropical & Subtropical Grasslands, Savannas & Shrublands",Oceania
640,acid_so2,cf_mean,0.12588687,Hawai'i tropical low shrublands,7.0,"Tropical & Subtropical Grasslands, Savannas & Shrublands",Oceania
623,acid_so2,cf_mean,0.13151728,Hawai'i tropical moist forests,1.0,Tropical & Subtropical Moist Broadleaf Forests,Oceania
696,acid_so2,cf_mean,1.7845442,Helanshan montane conifer forests,5.0,Temperate Conifer Forests,Palearctic
697,acid_so2,cf_mean,1.9645523,Hengduan Mountains subalpine conifer forests,5.0,Temperate Conifer Forests,Palearctic
412,acid_so2,cf_mean,2.1795225,Canadian High Arctic tundra,11.0,Tundra,Nearctic
592,acid_so2,cf_mean,0.9645923,High Monte,10.0,Montane Grasslands & Shrublands,Neotropic
81,acid_so2,cf_mean,0.93160367,Highveld grasslands,10.0,Montane Grasslands & Shrublands,Afrotropic
233,acid_so2,cf_mean,1.1390326,Himalayan subtropical broadleaf forests,1.0,Tropical & Subtropical Moist Broadleaf Forests,Indomalayan
302,acid_so2,cf_mean,1.4840541,Himalayan subtropical pine forests,3.0,Tropical & Subtropical Coniferous Forests,Indomalayan
753,acid_so2,cf_mean,3.7042956,Hindu Kush alpine meadow,10.0,Montane Grasslands & Shrublands,Palearctic
532,acid_so2,cf_mean,0.14885175,Hispaniolan dry forests,2.0,Tropical & Subtropical Dry Broadleaf Forests,Neotropic
468,acid_so2,cf_mean,0.14220159,Hispaniolan moist forests,1.0,Tropical & Subtropical Moist Broadleaf Forests,Neotropic
555,acid_so2,cf_mean,0.14068247,Hispaniolan pine forests,3.0,Tropical & Subtropical Coniferous Forests,Neotropic
95,acid_so2,cf_mean,1.1734315,Hobyo grasslands and shrublands,13.0,Deserts & Xeric Shrublands,Afrotropic
666,acid_so2,cf_mean,1.5020678,Hokkaido deciduous forests,4.0,Temperate Broadleaf & Mixed Forests,Palearctic
698,acid_so2,cf_mean,1.6518629,Hokkaido montane conifer forests,5.0,Temperate Conifer Forests,Palearctic
699,acid_so2,cf_mean,1.1910037,Honshu alpine conifer forests,5.0,Temperate Conifer Forests,Palearctic
45,acid_so2,cf_mean,0.38534588,Horn of Africa xeric bushlands,7.0,"Tropical & Subtropical Grasslands, Savannas & Shrublands",Afrotropic
667,acid_so2,cf_mean,1.6826985,Huang He Plain mixed forests,4.0,Temperate Broadleaf & Mixed Forests,Palearctic
571,acid_so2,cf_mean,0.73192996,Humid Chaco,7.0,"Tropical & Subtropical Grasslands, Savannas & Shrublands",Neotropic
576,acid_so2,cf_mean,0.3802189,Humid Pampas,8.0,"Temperate Grasslands, Savannas & Shrublands",Neotropic
141,acid_so2,cf_mean,0.2793715,Huon Peninsula montane rain forests,1.0,Tropical & Subtropical Moist Broadleaf Forests,Australasia
792,acid_so2,cf_mean,0.6341087,Iberian conifer forests,12.0,"Mediterranean Forests, Woodlands & Scrub",Palearctic
793,acid_so2,cf_mean,0.61972845,Iberian sclerophyllous and semi-deciduous forests,12.0,"Mediterranean Forests, Woodlands & Scrub",Palearctic
711,acid_so2,cf_mean,0.7984369,Iceland boreal birch forests and alpine tundra,6.0,Boreal Forests/Taiga,Palearctic
794,acid_so2,cf_mean,1.5211592,Illyrian deciduous forests,12.0,"Mediterranean Forests, Woodlands & Scrub",Palearctic
319,acid_so2,cf_mean,0.4012716,Indochina mangroves,14.0,Mangroves,Indomalayan
320,acid_so2,cf_mean,1.0469261,Indus River Delta-Arabian Sea mangroves,14.0,Mangroves,Indomalayan
317,acid_so2,cf_mean,3.0550354,Indus Valley desert,13.0,Deserts & Xeric Shrublands,Indomalayan
71,acid_so2,cf_mean,2.020802,Inner Niger Delta flooded savanna,9.0,Flooded Grasslands & Savannas,Afrotropic
375,acid_so2,cf_mean,4.0754256,Interior Alaska-Yukon lowland taiga,6.0,Boreal Forests/Taiga,Nearctic
336,acid_so2,cf_mean,1.4254116,Interior Plateau US Hardwood Forests,4.0,Temperate Broadleaf & Mixed Forests,Nearctic
416,acid_so2,cf_mean,3.7944162,Interior Yukon-Alaska alpine tundra,11.0,Tundra,Nearctic
469,acid_so2,cf_mean,1.665136,Iquitos várzea,1.0,Tropical & Subtropical Moist Broadleaf Forests,Neotropic
294,acid_so2,cf_mean,0.7574455,Irrawaddy dry forests,2.0,Tropical & Subtropical Dry Broadleaf Forests,Indomalayan
234,acid_so2,cf_mean,0.5437807,Irrawaddy freshwater swamp forests,1.0,Tropical & Subtropical Moist Broadleaf Forests,Indomalayan
235,acid_so2,cf_mean,0.7858557,Irrawaddy moist deciduous forests,1.0,Tropical & Subtropical Moist Broadleaf Forests,Indomalayan
533,acid_so2,cf_mean,0.18523505,Islas Revillagigedo dry forests,2.0,Tropical & Subtropical Dry Broadleaf Forests,Neotropic
470,acid_so2,cf_mean,0.25321844,Isthmian-Atlantic moist forests,1.0,Tropical & Subtropical Moist Broadleaf Forests,Neotropic
471,acid_so2,cf_mean,0.2155861,Isthmian-Pacific moist forests,1.0,Tropical & Subtropical Moist Broadleaf Forests,Neotropic
795,acid_so2,cf_mean,1.5842389,Italian sclerophyllous and semi-deciduous forests,12.0,"Mediterranean Forests, Woodlands & Scrub",Palearctic
46,acid_so2,cf_mean,0.89487773,Itigi-Sumbu thicket,7.0,"Tropical & Subtropical Grasslands, Savannas & Shrublands",Afrotropic
534,acid_so2,cf_mean,0.39220455,Jalisco dry forests,2.0,Tropical & Subtropical Dry Broadleaf Forests,Neotropic
535,acid_so2,cf_mean,0.17043155,Jamaican dry forests,2.0,Tropical & Subtropical Dry Broadleaf Forests,Neotropic
472,acid_so2,cf_mean,0.16572802,Jamaican moist forests,1.0,Tropical & Subtropical Moist Broadleaf Forests,Neotropic
473,acid_so2,cf_mean,1.2737018,Japurá-Solimões-Negro moist forests,1.0,Tropical & Subtropical Moist Broadleaf Forests,Neotropic
202,acid_so2,cf_mean,0.24351475,Jarrah-Karri forest and shrublands,12.0,"Mediterranean Forests, Woodlands & Scrub",Australasia
236,acid_so2,cf_mean,1.3344452,Jian Nan subtropical evergreen forests,1.0,Tropical & Subtropical Moist Broadleaf Forests,Indomalayan
82,acid_so2,cf_mean,0.89416134,Jos Plateau forest-grassland,10.0,Montane Grasslands & Shrublands,Afrotropic
560,acid_so2,cf_mean,0.6628793,Juan Fernández Islands temperate forests,4.0,Temperate Broadleaf & Mixed Forests,Neotropic
827,acid_so2,cf_mean,4.046342,Junggar Basin semi-desert,13.0,Deserts & Xeric Shrublands,Palearctic
474,acid_so2,cf_mean,2.0300162,Juruá-Purus moist forests,1.0,Tropical & Subtropical Moist Broadleaf Forests,Neotropic
418,acid_so2,cf_mean,1.1541629,Kalaallit Nunaat High Arctic tundra,11.0,Tundra,Nearctic
47,acid_so2,cf_mean,1.5355728,Kalahari Acacia woodlands,7.0,"Tropical & Subtropical Grasslands, Savannas & Shrublands",Afrotropic
97,acid_so2,cf_mean,1.5025477,Kalahari xeric savanna,13.0,Deserts & Xeric Shrublands,Afrotropic
713,acid_so2,cf_mean,2.097748,Kamchatka-Kurile meadows and sparse forests,6.0,Boreal Forests/Taiga,Palearctic
712,acid_so2,cf_mean,1.7981347,Kamchatka taiga,6.0,Boreal Forests/Taiga,Palearctic
98,acid_so2,cf_mean,0.31347197,Kaokoveld desert,13.0,Deserts & Xeric Shrublands,Afrotropic
754,acid_so2,cf_mean,3.3795877,Karakoram-West Tibetan Plateau alpine steppe,10.0,Montane Grasslands & Shrublands,Palearctic
237,acid_so2,cf_mean,0.62717825,Kayah-Karen montane rain forests,1.0,Tropical & Subtropical Moist Broadleaf Forests,Indomalayan
731,acid_so2,cf_mean,2.56292,Kazakh forest steppe,8.0,"Temperate Grasslands, Savannas & Shrublands",Palearctic
828,acid_so2,cf_mean,1.5738415,Kazakh semi-desert,13.0,Deserts & Xeric Shrublands,Palearctic
732,acid_so2,cf_mean,1.8099753,Kazakh steppe,8.0,"Temperate Grasslands, Savannas & Shrublands",Palearctic
733,acid_so2,cf_mean,1.7851809,Kazakh upland steppe,8.0,"Temperate Grasslands, Savannas & Shrublands",Palearctic
624,acid_so2,cf_mean,0.034091543,Kermadec Islands subtropical moist forests,1.0,Tropical & Subtropical Moist Broadleaf Forests,Oceania
755,acid_so2,cf_mean,2.2001307,Khangai Mountains alpine meadow,10.0,Montane Grasslands & Shrublands,Palearctic
700,acid_so2,cf_mean,2.251185,Khangai Mountains conifer forests,5.0,Temperate Conifer Forests,Palearctic
295,acid_so2,cf_mean,0.7319671,Khathiar-Gir dry deciduous forests,2.0,Tropical & Subtropical Dry Broadleaf Forests,Indomalayan
186,acid_so2,cf_mean,0.6401047,Kimberly tropical savanna,7.0,"Tropical & Subtropical Grasslands, Savannas & Shrublands",Australasia
357,acid_so2,cf_mean,0.9190644,Klamath-Siskiyou forests,5.0,Temperate Conifer Forests,Nearctic
15,acid_so2,cf_mean,0.25165102,Knysna-Amatole montane forests,1.0,Tropical & Subtropical Moist Broadleaf Forests,Afrotropic
774,acid_so2,cf_mean,3.19654,Kola Peninsula tundra,11.0,Tundra,Palearctic
829,acid_so2,cf_mean,2.1749465,Kopet Dag semi-desert,13.0,Deserts & Xeric Shrublands,Palearctic
756,acid_so2,cf_mean,2.139042,Kopet Dag woodlands and forest steppe,10.0,Montane Grasslands & Shrublands,Palearctic
757,acid_so2,cf_mean,1.1710615,Kuh Rud and Eastern Iran montane woodlands,10.0,Montane Grasslands & Shrublands,Palearctic
16,acid_so2,cf_mean,0.44471496,Kwazulu Natal-Cape coastal forests,1.0,Tropical & Subtropical Moist Broadleaf Forests,Afrotropic
603,acid_so2,cf_mean,0.22741622,La Costa xeric shrublands,13.0,Deserts & Xeric Shrublands,Neotropic
72,acid_so2,cf_mean,7.384907,Lake Chad flooded savanna,9.0,Flooded Grasslands & Savannas,Afrotropic
536,acid_so2,cf_mean,0.170744,Lara-Falcón dry forests,2.0,Tropical & Subtropical Dry Broadleaf Forests,Neotropic
475,acid_so2,cf_mean,0.16626978,Leeward Islands moist forests,1.0,Tropical & Subtropical Moist Broadleaf Forests,Neotropic
163,acid_so2,cf_mean,0.18081822,Lesser Sundas deciduous forests,2.0,Tropical & Subtropical Dry Broadleaf Forests,Australasia
48,acid_so2,cf_mean,0.7137312,Limpopo lowveld,7.0,"Tropical & Subtropical Grasslands, Savannas & Shrublands",Afrotropic
572,acid_so2,cf_mean,0.5583342,Llanos,7.0,"Tropical & Subtropical Grasslands, Savannas & Shrublands",Neotropic
142,acid_so2,cf_mean,0.08033537,Lord Howe Island subtropical forests,1.0,Tropical & Subtropical Moist Broadleaf Forests,Australasia
143,acid_so2,cf_mean,0.10358474,Louisiade Archipelago rain forests,1.0,Tropical & Subtropical Moist Broadleaf Forests,Australasia
577,acid_so2,cf_mean,0.48730227,Low Monte,8.0,"Temperate Grasslands, Savannas & Shrublands",Neotropic
238,acid_so2,cf_mean,0.696749,Lower Gangetic Plains moist deciduous forests,1.0,Tropical & Subtropical Moist Broadleaf Forests,Indomalayan
239,acid_so2,cf_mean,0.6357005,Luang Prabang montane rain forests,1.0,Tropical & Subtropical Moist Broadleaf Forests,Indomalayan
240,acid_so2,cf_mean,0.33953804,Luzon montane rain forests,1.0,Tropical & Subtropical Moist Broadleaf Forests,Indomalayan
241,acid_so2,cf_mean,0.35975033,Luzon rain forests,1.0,Tropical & Subtropical Moist Broadleaf Forests,Indomalayan
303,acid_so2,cf_mean,0.33177665,Luzon tropical pine forests,3.0,Tropical & Subtropical Coniferous Forests,Indomalayan
32,acid_so2,cf_mean,0.46249932,Madagascar dry deciduous forests,2.0,Tropical & Subtropical Dry Broadleaf Forests,Afrotropic
83,acid_so2,cf_mean,0.6847242,Madagascar ericoid thickets,10.0,Montane Grasslands & Shrublands,Afrotropic
17,acid_so2,cf_mean,0.5648094,Madagascar humid forests,1.0,Tropical & Subtropical Moist Broadleaf Forests,Afrotropic
114,acid_so2,cf_mean,0.57456976,Madagascar mangroves,14.0,Mangroves,Afrotropic
99,acid_so2,cf_mean,0.74939996,Madagascar spiny thickets,13.0,Deserts & Xeric Shrublands,Afrotropic
18,acid_so2,cf_mean,0.6273048,Madagascar subhumid forests,1.0,Tropical & Subtropical Moist Broadleaf Forests,Afrotropic
100,acid_so2,cf_mean,0.8478269,Madagascar succulent woodlands,13.0,Deserts & Xeric Shrublands,Afrotropic
476,acid_so2,cf_mean,1.596866,Madeira-Tapajós moist forests,1.0,Tropical & Subtropical Moist Broadleaf Forests,Neotropic
668,acid_so2,cf_mean,0.21820916,Madeira evergreen forests,4.0,Temperate Broadleaf & Mixed Forests,Palearctic
478,acid_so2,cf_mean,0.34860593,Magdalena-Urabá moist forests,1.0,Tropical & Subtropical Moist Broadleaf Forests,Neotropic
538,acid_so2,cf_mean,0.5038884,Magdalena Valley dry forests,2.0,Tropical & Subtropical Dry Broadleaf Forests,Neotropic
477,acid_so2,cf_mean,0.46516207,Magdalena Valley montane forests,1.0,Tropical & Subtropical Moist Broadleaf Forests,Neotropic
561,acid_so2,cf_mean,0.82571083,Magellanic subpolar forests,4.0,Temperate Broadleaf & Mixed Forests,Neotropic
73,acid_so2,cf_mean,1.1939284,Makgadikgadi halophytics,9.0,Flooded Grasslands & Savannas,Afrotropic
242,acid_so2,cf_mean,0.14844926,Malabar Coast moist forests,1.0,Tropical & Subtropical Moist Broadleaf Forests,Indomalayan
243,acid_so2,cf_mean,0.18720347,Maldives-Lakshadweep-Chagos Archipelago tropical moist forests,1.0,Tropical & Subtropical Moist Broadleaf Forests,Indomalayan
604,acid_so2,cf_mean,0.29494143,Malpelo Island xeric scrub,13.0,Deserts & Xeric Shrublands,Neotropic
669,acid_so2,cf_mean,3.1614606,Manchurian mixed forests,4.0,Temperate Broadleaf & Mixed Forests,Palearctic
49,acid_so2,cf_mean,1.2304227,Mandara Plateau woodlands,7.0,"Tropical & Subtropical Grasslands, Savannas & Shrublands",Afrotropic
19,acid_so2,cf_mean,0.5593126,Maputaland coastal forests and woodlands,1.0,Tropical & Subtropical Moist Broadleaf Forests,Afrotropic
539,acid_so2,cf_mean,0.20756312,Maracaibo dry forests,2.0,Tropical & Subtropical Dry Broadleaf Forests,Neotropic
480,acid_so2,cf_mean,0.88639784,Marajó várzea,1.0,Tropical & Subtropical Moist Broadleaf Forests,Neotropic
540,acid_so2,cf_mean,0.69832426,Maranhão Babaçu forests,2.0,Tropical & Subtropical Dry Broadleaf Forests,Neotropic
479,acid_so2,cf_mean,0.910255,Marañón dry forests,1.0,Tropical & Subtropical Moist Broadleaf Forests,Neotropic
637,acid_so2,cf_mean,0.101174004,Marianas tropical dry forests,2.0,Tropical & Subtropical Dry Broadleaf Forests,Oceania
625,acid_so2,cf_mean,0.0019705936,Marquesas tropical moist forests,1.0,Tropical & Subtropical Moist Broadleaf Forests,Oceania
50,acid_so2,cf_mean,0.7712302,Masai xeric grasslands and shrublands,7.0,"Tropical & Subtropical Grasslands, Savannas & Shrublands",Afrotropic
20,acid_so2,cf_mean,0.19864134,Mascarene forests,1.0,Tropical & Subtropical Moist Broadleaf Forests,Afrotropic
481,acid_so2,cf_mean,1.1479253,Mato Grosso tropical dry forests,1.0,Tropical & Subtropical Moist Broadleaf Forests,Neotropic
796,acid_so2,cf_mean,0.3165474,Mediterranean Acacia-Argania dry woodlands and succulent thickets,12.0,"Mediterranean Forests, Woodlands & Scrub",Palearctic
701,acid_so2,cf_mean,0.44338423,Mediterranean conifer and mixed forests,5.0,Temperate Conifer Forests,Palearctic
797,acid_so2,cf_mean,0.49041227,Mediterranean dry woodlands and steppe,12.0,"Mediterranean Forests, Woodlands & Scrub",Palearctic
758,acid_so2,cf_mean,0.33531502,Mediterranean High Atlas juniper steppe,10.0,Montane Grasslands & Shrublands,Palearctic
798,acid_so2,cf_mean,0.4428914,Mediterranean woodlands and forests,12.0,"Mediterranean Forests, Woodlands & Scrub",Palearctic
244,acid_so2,cf_mean,1.0216349,Meghalaya subtropical forests,1.0,Tropical & Subtropical Moist Broadleaf Forests,Indomalayan
245,acid_so2,cf_mean,0.36946237,Mentawai Islands rain forests,1.0,Tropical & Subtropical Moist Broadleaf Forests,Indomalayan
432,acid_so2,cf_mean,0.45070207,Meseta Central matorral,13.0,Deserts & Xeric Shrublands,Nearctic
613,acid_so2,cf_mean,0.30172426,Mesoamerican Gulf-Caribbean mangroves,14.0,Mangroves,Neotropic
830,acid_so2,cf_mean,1.0437526,Mesopotamian shrub desert,13.0,Deserts & Xeric Shrublands,Palearctic
376,acid_so2,cf_mean,3.650627,Mid-Canada Boreal Plains forests,6.0,Boreal Forests/Taiga,Nearctic
414,acid_so2,cf_mean,1.139984,Canadian Middle Arctic Tundra,11.0,Tundra,Nearctic
393,acid_so2,cf_mean,1.0094287,Mid-Atlantic US coastal savannas,8.0,"Temperate Grasslands, Savannas & Shrublands",Nearctic
377,acid_so2,cf_mean,4.6717787,Midwest Canadian Shield forests,6.0,Boreal Forests/Taiga,Nearctic
247,acid_so2,cf_mean,0.18855967,Mindanao-Eastern Visayas rain forests,1.0,Tropical & Subtropical Moist Broadleaf Forests,Indomalayan
246,acid_so2,cf_mean,0.16293517,Mindanao montane rain forests,1.0,Tropical & Subtropical Moist Broadleaf Forests,Indomalayan
248,acid_so2,cf_mean,0.38091466,Mindoro rain forests,1.0,Tropical & Subtropical Moist Broadleaf Forests,Indomalayan
573,acid_so2,cf_mean,0.22482942,Miskito pine forests,7.0,"Tropical & Subtropical Grasslands, Savannas & Shrublands",Neotropic
337,acid_so2,cf_mean,0.87756705,Mississippi lowland forests,4.0,Temperate Broadleaf & Mixed Forests,Nearctic
187,acid_so2,cf_mean,0.42727163,Mitchell Grass Downs,7.0,"Tropical & Subtropical Grasslands, Savannas & Shrublands",Australasia
249,acid_so2,cf_mean,0.9377541,Mizoram-Manipur-Kachin rain forests,1.0,Tropical & Subtropical Moist Broadleaf Forests,Indomalayan
433,acid_so2,cf_mean,0.65733194,Mojave desert,13.0,Deserts & Xeric Shrublands,Nearctic
734,acid_so2,cf_mean,1.8201641,Mongolian-Manchurian grassland,8.0,"Temperate Grasslands, Savannas & Shrublands",Palearctic
394,acid_so2,cf_mean,2.3286545,Montana Valley and Foothill grasslands,8.0,"Temperate Grasslands, Savannas & Shrublands",Nearctic
482,acid_so2,cf_mean,1.5526223,Monte Alegre várzea,1.0,Tropical & Subtropical Moist Broadleaf Forests,Neotropic
605,acid_so2,cf_mean,0.23374209,Motagua Valley thornscrub,13.0,Deserts & Xeric Shrublands,Neotropic
21,acid_so2,cf_mean,0.8762066,Mount Cameroon and Bioko montane forests,1.0,Tropical & Subtropical Moist Broadleaf Forests,Afrotropic
84,acid_so2,cf_mean,1.0315582,Mulanje Montane forest-grassland,10.0,Montane Grasslands & Shrublands,Afrotropic
203,acid_so2,cf_mean,0.18528752,Murray-Darling woodlands and mallee,12.0,"Mediterranean Forests, Woodlands & Scrub",Australasia
378,acid_so2,cf_mean,3.3603184,Muskwa-Slave Lake taiga,6.0,Boreal Forests/Taiga,Nearctic
321,acid_so2,cf_mean,0.50104487,Myanmar Coast mangroves,14.0,Mangroves,Indomalayan
250,acid_so2,cf_mean,0.56847733,Myanmar coastal rain forests,1.0,Tropical & Subtropical Moist Broadleaf Forests,Indomalayan
101,acid_so2,cf_mean,0.85576123,Nama Karoo shrublands,13.0,Deserts & Xeric Shrublands,Afrotropic
102,acid_so2,cf_mean,0.33031362,Namaqualand-Richtersveld steppe,13.0,Deserts & Xeric Shrublands,Afrotropic
103,acid_so2,cf_mean,0.44511822,Namib Desert,13.0,Deserts & Xeric Shrublands,Afrotropic
104,acid_so2,cf_mean,0.5226516,Namibian savanna woodlands,13.0,Deserts & Xeric Shrublands,Afrotropic
251,acid_so2,cf_mean,0.28389162,Nansei Islands subtropical evergreen forests,1.0,Tropical & Subtropical Moist Broadleaf Forests,Indomalayan
483,acid_so2,cf_mean,1.3333687,Napo moist forests,1.0,Tropical & Subtropical Moist Broadleaf Forests,Neotropic
204,acid_so2,cf_mean,0.29144886,Naracoorte woodlands,12.0,"Mediterranean Forests, Woodlands & Scrub",Australasia
296,acid_so2,cf_mean,0.40281838,Narmada Valley dry deciduous forests,2.0,Tropical & Subtropical Dry Broadleaf Forests,Indomalayan
395,acid_so2,cf_mean,1.5069375,Nebraska Sand Hills mixed grasslands,8.0,"Temperate Grasslands, Savannas & Shrublands",Nearctic
484,acid_so2,cf_mean,1.1064969,Negro-Branco moist forests,1.0,Tropical & Subtropical Moist Broadleaf Forests,Neotropic
170,acid_so2,cf_mean,0.40521133,Nelson Coast temperate forests,4.0,Temperate Broadleaf & Mixed Forests,Australasia
743,acid_so2,cf_mean,1.9229729,Nenjiang River grassland,9.0,Flooded Grasslands & Savannas,Palearctic
144,acid_so2,cf_mean,0.14129178,New Britain-New Ireland lowland rain forests,1.0,Tropical & Subtropical Moist Broadleaf Forests,Australasia
145,acid_so2,cf_mean,0.14816147,New Britain-New Ireland montane rain forests,1.0,Tropical & Subtropical Moist Broadleaf Forests,Australasia
164,acid_so2,cf_mean,0.04163783,New Caledonia dry forests,2.0,Tropical & Subtropical Dry Broadleaf Forests,Australasia
146,acid_so2,cf_mean,0.038464647,New Caledonia rain forests,1.0,Tropical & Subtropical Moist Broadleaf Forests,Australasia
338,acid_so2,cf_mean,2.5949314,New England-Acadian forests,4.0,Temperate Broadleaf & Mixed Forests,Nearctic
217,acid_so2,cf_mean,0.28002626,New Guinea mangroves,14.0,Mangroves,Australasia
252,acid_so2,cf_mean,0.3203229,Nicobar Islands rain forests,1.0,Tropical & Subtropical Moist Broadleaf Forests,Indomalayan
22,acid_so2,cf_mean,0.676897,Niger Delta swamp forests,1.0,Tropical & Subtropical Moist Broadleaf Forests,Afrotropic
23,acid_so2,cf_mean,0.65411204,Nigerian lowland forests,1.0,Tropical & Subtropical Moist Broadleaf Forests,Afrotropic
670,acid_so2,cf_mean,0.8972202,Nihonkai evergreen forests,4.0,Temperate Broadleaf & Mixed Forests,Palearctic
671,acid_so2,cf_mean,1.0687984,Nihonkai montane deciduous forests,4.0,Temperate Broadleaf & Mixed Forests,Palearctic
744,acid_so2,cf_mean,1.3712144,Nile Delta flooded savanna,9.0,Flooded Grasslands & Savannas,Palearctic
147,acid_so2,cf_mean,0.046800934,Norfolk Island subtropical forests,1.0,Tropical & Subtropical Moist Broadleaf Forests,Australasia
831,acid_so2,cf_mean,1.8978987,North Arabian desert,13.0,Deserts & Xeric Shrublands,Palearctic
832,acid_so2,cf_mean,1.6681331,North Arabian highland shrublands,13.0,Deserts & Xeric Shrublands,Palearctic
171,acid_so2,cf_mean,0.7700105,New Zealand North Island temperate forests,4.0,Temperate Broadleaf & Mixed Forests,Australasia
833,acid_so2,cf_mean,0.63687867,North Saharan Xeric Steppe and Woodland,13.0,Deserts & Xeric Shrublands,Palearctic
106,acid_so2,cf_mean,0.33354816,Somali montane xeric woodlands,13.0,Deserts & Xeric Shrublands,Afrotropic
759,acid_so2,cf_mean,2.6645806,North Tibetan Plateau-Kunlun Mountains alpine desert,10.0,Montane Grasslands & Shrublands,Palearctic
253,acid_so2,cf_mean,0.1929482,North Western Ghats moist deciduous forests,1.0,Tropical & Subtropical Moist Broadleaf Forests,Indomalayan
254,acid_so2,cf_mean,0.15870363,North Western Ghats montane rain forests,1.0,Tropical & Subtropical Moist Broadleaf Forests,Indomalayan
673,acid_so2,cf_mean,2.1252546,Northeast China Plain deciduous forests,4.0,Temperate Broadleaf & Mixed Forests,Palearctic
304,acid_so2,cf_mean,1.0696566,Northeast India-Myanmar pine forests,3.0,Tropical & Subtropical Coniferous Forests,Indomalayan
775,acid_so2,cf_mean,0.41113937,Northeast Siberian coastal tundra,11.0,Tundra,Palearctic
714,acid_so2,cf_mean,0.9042269,Northeast Siberian taiga,6.0,Boreal Forests/Taiga,Palearctic
485,acid_so2,cf_mean,0.37102515,Northeast Brazil restingas,1.0,Tropical & Subtropical Moist Broadleaf Forests,Neotropic
24,acid_so2,cf_mean,1.2585534,Northeast Congolian lowland forests,1.0,Tropical & Subtropical Moist Broadleaf Forests,Afrotropic
702,acid_so2,cf_mean,1.8082266,Northeast Himalayan subalpine conifer forests,5.0,Temperate Conifer Forests,Palearctic
799,acid_so2,cf_mean,1.502492,Northeast Spain and Southern France Mediterranean forests,12.0,"Mediterranean Forests, Woodlands & Scrub",Palearctic
339,acid_so2,cf_mean,1.5332389,Northeast US Coastal forests,4.0,Temperate Broadleaf & Mixed Forests,Nearctic
51,acid_so2,cf_mean,0.7295873,Northern Acacia-Commiphora bushlands and thickets,7.0,"Tropical & Subtropical Grasslands, Savannas & Shrublands",Afrotropic
703,acid_so2,cf_mean,1.2754076,Northern Anatolian conifer and deciduous forests,5.0,Temperate Conifer Forests,Palearctic
593,acid_so2,cf_mean,0.58199304,Northern Andean páramo,10.0,Montane Grasslands & Shrublands,Neotropic
255,acid_so2,cf_mean,0.6001499,Northern Annamites rain forests,1.0,Tropical & Subtropical Moist Broadleaf Forests,Indomalayan
359,acid_so2,cf_mean,0.66608393,Northern California coastal forests,5.0,Temperate Conifer Forests,Nearctic
379,acid_so2,cf_mean,3.2247965,Northern Canadian Shield taiga,6.0,Boreal Forests/Taiga,Nearctic
52,acid_so2,cf_mean,1.3213652,Northern Congolian Forest-Savanna,7.0,"Tropical & Subtropical Grasslands, Savannas & Shrublands",Afrotropic
297,acid_so2,cf_mean,0.34120032,North Deccan dry deciduous forests,2.0,Tropical & Subtropical Dry Broadleaf Forests,Indomalayan
256,acid_so2,cf_mean,0.9369797,Northern Indochina subtropical forests,1.0,Tropical & Subtropical Moist Broadleaf Forests,Indomalayan
257,acid_so2,cf_mean,0.6044219,Northern Khorat Plateau moist deciduous forests,1.0,Tropical & Subtropical Moist Broadleaf Forests,Indomalayan
614,acid_so2,cf_mean,0.3554522,Northern Mesoamerican Pacific mangroves,14.0,Mangroves,Neotropic
148,acid_so2,cf_mean,0.24733436,Northern New Guinea lowland rain and freshwater swamp forests,1.0,Tropical & Subtropical Moist Broadleaf Forests,Australasia
149,acid_so2,cf_mean,0.2094911,Northern New Guinea montane rain forests,1.0,Tropical & Subtropical Moist Broadleaf Forests,Australasia
396,acid_so2,cf_mean,1.8209833,Northern Shortgrass prairie,8.0,"Temperate Grasslands, Savannas & Shrublands",Nearctic
25,acid_so2,cf_mean,0.8294275,Northern Swahili coastal forests,1.0,Tropical & Subtropical Moist Broadleaf Forests,Afrotropic
397,acid_so2,cf_mean,2.423105,Northern Tallgrass prairie,8.0,"Temperate Grasslands, Savannas & Shrublands",Nearctic
258,acid_so2,cf_mean,0.600514,Northern Thailand-Laos moist deciduous forests,1.0,Tropical & Subtropical Moist Broadleaf Forests,Indomalayan
259,acid_so2,cf_mean,1.3291696,Northern Triangle subtropical forests,1.0,Tropical & Subtropical Moist Broadleaf Forests,Indomalayan
307,acid_so2,cf_mean,1.6124388,Northern Triangle temperate forests,4.0,Temperate Broadleaf & Mixed Forests,Indomalayan
260,acid_so2,cf_mean,0.6313953,Northern Vietnam lowland rain forests,1.0,Tropical & Subtropical Moist Broadleaf Forests,Indomalayan
173,acid_so2,cf_mean,0.55223846,Northland temperate kauri forests,4.0,Temperate Broadleaf & Mixed Forests,Australasia
800,acid_so2,cf_mean,0.6584249,Northwest Iberian montane forests,12.0,"Mediterranean Forests, Woodlands & Scrub",Palearctic
776,acid_so2,cf_mean,2.5499077,Northwest Russian-Novaya Zemlya tundra,11.0,Tundra,Palearctic
486,acid_so2,cf_mean,0.52040315,Northwest Andean montane forests,1.0,Tropical & Subtropical Moist Broadleaf Forests,Neotropic
26,acid_so2,cf_mean,1.2238188,Northwest Congolian lowland forests,1.0,Tropical & Subtropical Moist Broadleaf Forests,Afrotropic
641,acid_so2,cf_mean,0.060053874,Northwest Hawai'i scrub,7.0,"Tropical & Subtropical Grasslands, Savannas & Shrublands",Oceania
760,acid_so2,cf_mean,2.9902658,Northwestern Himalayan alpine shrub and meadows,10.0,Montane Grasslands & Shrublands,Palearctic
314,acid_so2,cf_mean,2.2270553,Aravalli west thorn scrub forests,13.0,Deserts & Xeric Shrublands,Indomalayan
777,acid_so2,cf_mean,0.5544932,Novosibirsk Islands Arctic desert,11.0,Tundra,Palearctic
704,acid_so2,cf_mean,1.776995,Nujiang Langcang Gorge alpine conifer and mixed forests,5.0,Temperate Conifer Forests,Palearctic
212,acid_so2,cf_mean,0.17517863,Nullarbor Plains xeric shrublands,13.0,Deserts & Xeric Shrublands,Australasia
85,acid_so2,cf_mean,0.8857089,Nyanga-Chimanimani Montane forest-grassland,10.0,Montane Grasslands & Shrublands,Afrotropic
487,acid_so2,cf_mean,0.5541856,Oaxacan montane forests,1.0,Tropical & Subtropical Moist Broadleaf Forests,Neotropic
626,acid_so2,cf_mean,0.11126119,Ogasawara subtropical moist forests,1.0,Tropical & Subtropical Moist Broadleaf Forests,Oceania
419,acid_so2,cf_mean,2.0184116,Ogilvie-MacKenzie alpine tundra,11.0,Tundra,Nearctic
362,acid_so2,cf_mean,3.745295,Okanogan dry forests,5.0,Temperate Conifer Forests,Nearctic
715,acid_so2,cf_mean,4.0397997,Okhotsk-Manchurian taiga,6.0,Boreal Forests/Taiga,Palearctic
761,acid_so2,cf_mean,1.8964679,Ordos Plateau steppe,10.0,Montane Grasslands & Shrublands,Palearctic
488,acid_so2,cf_mean,0.40079188,Orinoco Delta swamp forests,1.0,Tropical & Subtropical Moist Broadleaf Forests,Neotropic
583,acid_so2,cf_mean,0.26864478,Orinoco wetlands,9.0,Flooded Grasslands & Savannas,Neotropic
261,acid_so2,cf_mean,0.37949264,Orissa semi-evergreen forests,1.0,Tropical & Subtropical Moist Broadleaf Forests,Indomalayan
340,acid_so2,cf_mean,1.0596014,Ozark Highlands mixed forests,4.0,Temperate Broadleaf & Mixed Forests,Nearctic
341,acid_so2,cf_mean,0.9439778,Ozark Mountain forests,4.0,Temperate Broadleaf & Mixed Forests,Nearctic
420,acid_so2,cf_mean,2.5582862,Pacific Coastal Mountain icefields and tundra,11.0,Tundra,Nearctic
627,acid_so2,cf_mean,0.13616528,Palau tropical moist forests,1.0,Tropical & Subtropical Moist Broadleaf Forests,Oceania
262,acid_so2,cf_mean,0.24588175,Palawan rain forests,1.0,Tropical & Subtropical Moist Broadleaf Forests,Indomalayan
398,acid_so2,cf_mean,2.9624498,Palouse prairie,8.0,"Temperate Grasslands, Savannas & Shrublands",Nearctic
762,acid_so2,cf_mean,4.014062,Pamir alpine desert and tundra,10.0,Montane Grasslands & Shrublands,Palearctic
541,acid_so2,cf_mean,0.21016605,Panamanian dry forests,2.0,Tropical & Subtropical Dry Broadleaf Forests,Neotropic
674,acid_so2,cf_mean,2.3250968,Pannonian mixed forests,4.0,Temperate Broadleaf & Mixed Forests,Palearctic
584,acid_so2,cf_mean,0.97963536,Pantanal,9.0,Flooded Grasslands & Savannas,Neotropic
489,acid_so2,cf_mean,0.3059438,Pantanos de Centla,1.0,Tropical & Subtropical Moist Broadleaf Forests,Neotropic
490,acid_so2,cf_mean,0.814856,Pantepui forests & shrublands,1.0,Tropical & Subtropical Moist Broadleaf Forests,Neotropic
606,acid_so2,cf_mean,0.17866255,Paraguaná xeric scrub,13.0,Deserts & Xeric Shrublands,Neotropic
585,acid_so2,cf_mean,0.5184498,Paraná flooded savanna,9.0,Flooded Grasslands & Savannas,Neotropic
834,acid_so2,cf_mean,3.604401,Paropamisus xeric woodlands,13.0,Deserts & Xeric Shrublands,Palearctic
578,acid_so2,cf_mean,0.59300107,Patagonian steppe,8.0,"Temperate Grasslands, Savannas & Shrublands",Neotropic
542,acid_so2,cf_mean,0.6148507,Patía valley dry forests,2.0,Tropical & Subtropical Dry Broadleaf Forests,Neotropic
263,acid_so2,cf_mean,0.3864015,Peninsular Malaysian montane rain forests,1.0,Tropical & Subtropical Moist Broadleaf Forests,Indomalayan
264,acid_so2,cf_mean,0.48558328,Peninsular Malaysian peat swamp forests,1.0,Tropical & Subtropical Moist Broadleaf Forests,Indomalayan
265,acid_so2,cf_mean,0.48283008,Peninsular Malaysian rain forests,1.0,Tropical & Subtropical Moist Broadleaf Forests,Indomalayan
491,acid_so2,cf_mean,0.2994638,Pernambuco coastal forests,1.0,Tropical & Subtropical Moist Broadleaf Forests,Neotropic
492,acid_so2,cf_mean,0.31278926,Pernambuco interior forests,1.0,Tropical & Subtropical Moist Broadleaf Forests,Neotropic
493,acid_so2,cf_mean,1.7362298,Peruvian Yungas,1.0,Tropical & Subtropical Moist Broadleaf Forests,Neotropic
494,acid_so2,cf_mean,0.33865234,Petén-Veracruz moist forests,1.0,Tropical & Subtropical Moist Broadleaf Forests,Neotropic
213,acid_so2,cf_mean,0.20594671,Pilbara shrublands,13.0,Deserts & Xeric Shrublands,Australasia
801,acid_so2,cf_mean,1.0985025,Pindus Mountains mixed forests,12.0,"Mediterranean Forests, Woodlands & Scrub",Palearctic
363,acid_so2,cf_mean,0.7208037,Piney Woods,5.0,Temperate Conifer Forests,Nearctic
675,acid_so2,cf_mean,2.5733461,Po Basin mixed forests,4.0,Temperate Broadleaf & Mixed Forests,Palearctic
735,acid_so2,cf_mean,1.3219693,Pontic steppe,8.0,"Temperate Grasslands, Savannas & Shrublands",Palearctic
543,acid_so2,cf_mean,0.14678216,Puerto Rican dry forests,2.0,Tropical & Subtropical Dry Broadleaf Forests,Neotropic
495,acid_so2,cf_mean,0.14837147,Puerto Rican moist forests,1.0,Tropical & Subtropical Moist Broadleaf Forests,Neotropic
364,acid_so2,cf_mean,3.0010133,Puget lowland forests,5.0,Temperate Conifer Forests,Nearctic
497,acid_so2,cf_mean,1.8247815,Purus-Madeira moist forests,1.0,Tropical & Subtropical Moist Broadleaf Forests,Neotropic
496,acid_so2,cf_mean,1.699046,Purus várzea,1.0,Tropical & Subtropical Moist Broadleaf Forests,Neotropic
676,acid_so2,cf_mean,1.3638465,Pyrenees conifer and mixed forests,4.0,Temperate Broadleaf & Mixed Forests,Palearctic
835,acid_so2,cf_mean,2.2466173,Qaidam Basin semi-desert,13.0,Deserts & Xeric Shrublands,Palearctic
705,acid_so2,cf_mean,2.6414921,Qilian Mountains conifer forests,5.0,Temperate Conifer Forests,Palearctic
763,acid_so2,cf_mean,2.260898,Qilian Mountains subalpine meadows,10.0,Montane Grasslands & Shrublands,Palearctic
677,acid_so2,cf_mean,2.168885,Qin Ling Mountains deciduous forests,4.0,Temperate Broadleaf & Mixed Forests,Palearctic
706,acid_so2,cf_mean,2.1064508,Qionglai-Minshan conifer forests,5.0,Temperate Conifer Forests,Palearctic
150,acid_so2,cf_mean,0.26941347,Queensland tropical rain forests,1.0,Tropical & Subtropical Moist Broadleaf Forests,Australasia
174,acid_so2,cf_mean,0.3713855,Rakiura Island temperate forests,4.0,Temperate Broadleaf & Mixed Forests,Australasia
312,acid_so2,cf_mean,1.3957559,Rann of Kutch seasonal salt marsh,9.0,Flooded Grasslands & Savannas,Indomalayan
628,acid_so2,cf_mean,0.05514501,Rapa Nui and Sala y Gómez subtropical forests,1.0,Tropical & Subtropical Moist Broadleaf Forests,Oceania
266,acid_so2,cf_mean,0.7888531,Red River freshwater swamp forests,1.0,Tropical & Subtropical Moist Broadleaf Forests,Indomalayan
837,acid_so2,cf_mean,1.6232852,Red Sea-Arabian Desert shrublands,13.0,Deserts & Xeric Shrublands,Palearctic
836,acid_so2,cf_mean,1.0775869,Red Sea coastal desert,13.0,Deserts & Xeric Shrublands,Palearctic
115,acid_so2,cf_mean,0.64078146,Red Sea mangroves,14.0,Mangroves,Afrotropic
838,acid_so2,cf_mean,1.5757923,Registan-North Pakistan sandy desert,13.0,Deserts & Xeric Shrublands,Palearctic
90,acid_so2,cf_mean,0.23789525,Renosterveld shrubland,12.0,"Mediterranean Forests, Woodlands & Scrub",Afrotropic
175,acid_so2,cf_mean,0.49189934,Richmond temperate forests,4.0,Temperate Broadleaf & Mixed Forests,Australasia
498,acid_so2,cf_mean,1.1808435,Rio Negro campinarana,1.0,Tropical & Subtropical Moist Broadleaf Forests,Neotropic
678,acid_so2,cf_mean,1.6548985,Rodope montane mixed forests,4.0,Temperate Broadleaf & Mixed Forests,Palearctic
86,acid_so2,cf_mean,1.1709948,Rwenzori-Virunga montane moorlands,10.0,Montane Grasslands & Shrublands,Afrotropic
745,acid_so2,cf_mean,0.65441066,Saharan halophytics,9.0,Flooded Grasslands & Savannas,Palearctic
53,acid_so2,cf_mean,1.5494645,Sahelian Acacia savanna,7.0,"Tropical & Subtropical Grasslands, Savannas & Shrublands",Afrotropic
716,acid_so2,cf_mean,1.793462,Sakhalin Island taiga,6.0,Boreal Forests/Taiga,Palearctic
629,acid_so2,cf_mean,0.008020015,Samoan tropical moist forests,1.0,Tropical & Subtropical Moist Broadleaf Forests,Oceania
562,acid_so2,cf_mean,0.8153209,San Félix-San Ambrosio Islands temperate forests,4.0,Temperate Broadleaf & Mixed Forests,Neotropic
607,acid_so2,cf_mean,0.32217014,San Lucan xeric scrub,13.0,Deserts & Xeric Shrublands,Neotropic
425,acid_so2,cf_mean,0.32080057,Santa Lucia Montane Chaparral & Woodlands,12.0,"Mediterranean Forests, Woodlands & Scrub",Nearctic
499,acid_so2,cf_mean,0.19843447,Santa Marta montane forests,1.0,Tropical & Subtropical Moist Broadleaf Forests,Neotropic
594,acid_so2,cf_mean,0.2085558,Santa Marta páramo,10.0,Montane Grasslands & Shrublands,Neotropic
27,acid_so2,cf_mean,0.6168756,"São Tomé, Príncipe, and Annobón forests",1.0,Tropical & Subtropical Moist Broadleaf Forests,Afrotropic
679,acid_so2,cf_mean,2.3596783,Sarmatic mixed forests,4.0,Temperate Broadleaf & Mixed Forests,Palearctic
764,acid_so2,cf_mean,3.8642166,Sayan alpine meadows and tundra,10.0,Montane Grasslands & Shrublands,Palearctic
736,acid_so2,cf_mean,4.7341228,Sayan Intermontane steppe,8.0,"Temperate Grasslands, Savannas & Shrublands",Palearctic
707,acid_so2,cf_mean,4.1238317,Sayan montane conifer forests,5.0,Temperate Conifer Forests,Palearctic
717,acid_so2,cf_mean,3.9895163,Scandinavian and Russian taiga,6.0,Boreal Forests/Taiga,Palearctic
708,acid_so2,cf_mean,1.4815737,Scandinavian coastal conifer forests,5.0,Temperate Conifer Forests,Palearctic
780,acid_so2,cf_mean,2.9146345,Scandinavian Montane Birch forest and grasslands,11.0,Tundra,Palearctic
608,acid_so2,cf_mean,2.7788146,Sechura desert,13.0,Deserts & Xeric Shrublands,Neotropic
737,acid_so2,cf_mean,2.3389854,Selenge-Orkhon forest steppe,8.0,"Temperate Grasslands, Savannas & Shrublands",Palearctic
151,acid_so2,cf_mean,0.14745256,Seram rain forests,1.0,Tropical & Subtropical Moist Broadleaf Forests,Australasia
54,acid_so2,cf_mean,0.6862862,Serengeti volcanic grasslands,7.0,"Tropical & Subtropical Grasslands, Savannas & Shrublands",Afrotropic
500,acid_so2,cf_mean,0.81683975,Serra do Mar coastal forests,1.0,Tropical & Subtropical Moist Broadleaf Forests,Neotropic
680,acid_so2,cf_mean,2.0594597,Sichuan Basin evergreen broadleaf forests,4.0,Temperate Broadleaf & Mixed Forests,Palearctic
544,acid_so2,cf_mean,0.32876366,Sierra de la Laguna dry forests,2.0,Tropical & Subtropical Dry Broadleaf Forests,Neotropic
556,acid_so2,cf_mean,0.34129387,Sierra de la Laguna pine-oak forests,3.0,Tropical & Subtropical Coniferous Forests,Neotropic
501,acid_so2,cf_mean,0.4590012,Sierra de los Tuxtlas,1.0,Tropical & Subtropical Moist Broadleaf Forests,Neotropic
502,acid_so2,cf_mean,0.27105722,Sierra Madre de Chiapas moist forests,1.0,Tropical & Subtropical Moist Broadleaf Forests,Neotropic
557,acid_so2,cf_mean,0.47032797,Sierra Madre de Oaxaca pine-oak forests,3.0,Tropical & Subtropical Coniferous Forests,Neotropic
558,acid_so2,cf_mean,0.41293794,Sierra Madre del Sur pine-oak forests,3.0,Tropical & Subtropical Coniferous Forests,Neotropic
326,acid_so2,cf_mean,0.47933954,Sierra Madre Occidental pine-oak forests,3.0,Tropical & Subtropical Coniferous Forests,Nearctic
327,acid_so2,cf_mean,0.5158522,Sierra Madre Oriental pine-oak forests,3.0,Tropical & Subtropical Coniferous Forests,Nearctic
366,acid_so2,cf_mean,0.7141578,Sierra Nevada forests,5.0,Temperate Conifer Forests,Nearctic
214,acid_so2,cf_mean,0.42296514,Simpson desert,13.0,Deserts & Xeric Shrublands,Australasia
545,acid_so2,cf_mean,0.41343158,Sinaloan dry forests,2.0,Tropical & Subtropical Dry Broadleaf Forests,Neotropic
546,acid_so2,cf_mean,0.20898093,Sinú Valley dry forests,2.0,Tropical & Subtropical Dry Broadleaf Forests,Neotropic
434,acid_so2,cf_mean,1.5532695,Snake-Columbia shrub steppe,13.0,Deserts & Xeric Shrublands,Nearctic
630,acid_so2,cf_mean,0.0025205642,Society Islands tropical moist forests,1.0,Tropical & Subtropical Moist Broadleaf Forests,Oceania
105,acid_so2,cf_mean,0.25283936,Socotra Island xeric shrublands,13.0,Deserts & Xeric Shrublands,Afrotropic
503,acid_so2,cf_mean,1.3842853,Solimões-Japurá moist forests,1.0,Tropical & Subtropical Moist Broadleaf Forests,Neotropic
152,acid_so2,cf_mean,0.08228886,Solomon Islands rain forests,1.0,Tropical & Subtropical Moist Broadleaf Forests,Australasia
55,acid_so2,cf_mean,0.90272653,Somali Acacia-Commiphora bushlands and thickets,7.0,"Tropical & Subtropical Grasslands, Savannas & Shrublands",Afrotropic
324,acid_so2,cf_mean,0.47668177,Sonoran-Sinaloan subtropical dry forest,2.0,Tropical & Subtropical Dry Broadleaf Forests,Nearctic
435,acid_so2,cf_mean,0.532587,Sonoran desert,13.0,Deserts & Xeric Shrublands,Nearctic
615,acid_so2,cf_mean,0.3999224,South American Pacific mangroves,14.0,Mangroves,Neotropic
802,acid_so2,cf_mean,1.0474932,South Apennine mixed montane forests,12.0,"Mediterranean Forests, Woodlands & Scrub",Palearctic
367,acid_so2,cf_mean,2.3442576,South Central Rockies forests,5.0,Temperate Conifer Forests,Nearctic
268,acid_so2,cf_mean,0.9212976,South China-Vietnam subtropical evergreen forests,1.0,Tropical & Subtropical Moist Broadleaf Forests,Indomalayan
267,acid_so2,cf_mean,0.4183374,South China Sea Islands,1.0,Tropical & Subtropical Moist Broadleaf Forests,Indomalayan
298,acid_so2,cf_mean,0.13974784,South Deccan Plateau dry deciduous forests,2.0,Tropical & Subtropical Dry Broadleaf Forests,Indomalayan
841,acid_so2,cf_mean,0.9494287,South Iran Nubo-Sindian desert and semi-desert,13.0,Deserts & Xeric Shrublands,Palearctic
194,acid_so2,cf_mean,0.41119802,New Zealand South Island montane grasslands,10.0,Montane Grasslands & Shrublands,Australasia
172,acid_so2,cf_mean,0.5139279,New Zealand South Island temperate forests,4.0,Temperate Broadleaf & Mixed Forests,Australasia
842,acid_so2,cf_mean,0.8292221,South Sahara desert,13.0,Deserts & Xeric Shrublands,Palearctic
738,acid_so2,cf_mean,3.5613577,South Siberian forest steppe,8.0,"Temperate Grasslands, Savannas & Shrublands",Palearctic
269,acid_so2,cf_mean,0.42558244,South Taiwan monsoon rain forests,1.0,Tropical & Subtropical Moist Broadleaf Forests,Indomalayan
270,acid_so2,cf_mean,0.13467285,South Western Ghats moist deciduous forests,1.0,Tropical & Subtropical Moist Broadleaf Forests,Indomalayan
271,acid_so2,cf_mean,0.13514693,South Western Ghats montane rain forests,1.0,Tropical & Subtropical Moist Broadleaf Forests,Indomalayan
176,acid_so2,cf_mean,0.3238813,Southeast Australia temperate forests,4.0,Temperate Broadleaf & Mixed Forests,Australasia
192,acid_so2,cf_mean,0.19406325,Southeast Australia temperate savanna,8.0,"Temperate Grasslands, Savannas & Shrublands",Australasia
765,acid_so2,cf_mean,2.0880852,Southeast Tibet shrublands and meadows,10.0,Montane Grasslands & Shrublands,Palearctic
400,acid_so2,cf_mean,1.1403369,Southeast US mixed woodlands and savannas,8.0,"Temperate Grasslands, Savannas & Shrublands",Nearctic
399,acid_so2,cf_mean,1.1219245,Southeast US conifer savannas,8.0,"Temperate Grasslands, Savannas & Shrublands",Nearctic
803,acid_so2,cf_mean,0.39409214,Southeast Iberian shrubs and woodlands,12.0,"Mediterranean Forests, Woodlands & Scrub",Palearctic
299,acid_so2,cf_mean,0.46095067,Southeast Indochina dry evergreen forests,2.0,Tropical & Subtropical Dry Broadleaf Forests,Indomalayan
153,acid_so2,cf_mean,0.21769577,Southeast Papuan rain forests,1.0,Tropical & Subtropical Moist Broadleaf Forests,Australasia
57,acid_so2,cf_mean,0.7129275,Southern Acacia-Commiphora bushlands and thickets,7.0,"Tropical & Subtropical Grasslands, Savannas & Shrublands",Afrotropic
116,acid_so2,cf_mean,0.46326944,Southern Africa mangroves,14.0,Mangroves,Afrotropic
804,acid_so2,cf_mean,0.75363153,Southern Anatolian montane conifer and deciduous forests,12.0,"Mediterranean Forests, Woodlands & Scrub",Palearctic
595,acid_so2,cf_mean,1.0979164,Southern Andean steppe,10.0,Montane Grasslands & Shrublands,Neotropic
504,acid_so2,cf_mean,1.0992087,Southern Andean Yungas,1.0,Tropical & Subtropical Moist Broadleaf Forests,Neotropic
272,acid_so2,cf_mean,0.50289583,Southern Annamites montane rain forests,1.0,Tropical & Subtropical Moist Broadleaf Forests,Indomalayan
616,acid_so2,cf_mean,0.503119,Southern Atlantic Brazilian mangroves,14.0,Mangroves,Neotropic
586,acid_so2,cf_mean,0.5923516,Southern Cone Mesopotamian savanna,9.0,Flooded Grasslands & Savannas,Neotropic
58,acid_so2,cf_mean,1.5318162,Southern Congolian forest-savanna,7.0,"Tropical & Subtropical Grasslands, Savannas & Shrublands",Afrotropic
342,acid_so2,cf_mean,1.6759313,Southern Great Lakes forests,4.0,Temperate Broadleaf & Mixed Forests,Nearctic
382,acid_so2,cf_mean,4.2228017,Southern Hudson Bay taiga,6.0,Boreal Forests/Taiga,Nearctic
681,acid_so2,cf_mean,0.77587056,Southern Korea evergreen forests,4.0,Temperate Broadleaf & Mixed Forests,Palearctic
617,acid_so2,cf_mean,0.22708161,Southern Mesoamerican Pacific mangroves,14.0,Mangroves,Neotropic
154,acid_so2,cf_mean,0.3075241,Southern New Guinea freshwater swamp forests,1.0,Tropical & Subtropical Moist Broadleaf Forests,Australasia
155,acid_so2,cf_mean,0.3257627,Southern New Guinea lowland rain forests,1.0,Tropical & Subtropical Moist Broadleaf Forests,Australasia
547,acid_so2,cf_mean,0.2976082,Southern Pacific dry forests,2.0,Tropical & Subtropical Dry Broadleaf Forests,Neotropic
87,acid_so2,cf_mean,1.0799057,Southern Rift Montane forest-grassland,10.0,Montane Grasslands & Shrublands,Afrotropic
28,acid_so2,cf_mean,0.74313474,Southern Swahili coastal forests and woodlands,1.0,Tropical & Subtropical Moist Broadleaf Forests,Afrotropic
300,acid_so2,cf_mean,0.493646,Southern Vietnam lowland dry forests,2.0,Tropical & Subtropical Dry Broadleaf Forests,Indomalayan
505,acid_so2,cf_mean,1.7489886,Southwest Amazon moist forests,1.0,Tropical & Subtropical Moist Broadleaf Forests,Neotropic
108,acid_so2,cf_mean,0.89226663,Southwest Arabian Escarpment shrublands and woodlands,13.0,Deserts & Xeric Shrublands,Afrotropic
109,acid_so2,cf_mean,1.1881082,Southwest Arabian highland xeric scrub,13.0,Deserts & Xeric Shrublands,Afrotropic
205,acid_so2,cf_mean,0.13431792,Southwest Australia savanna,12.0,"Mediterranean Forests, Woodlands & Scrub",Australasia
206,acid_so2,cf_mean,0.23490007,Southwest Australia woodlands,12.0,"Mediterranean Forests, Woodlands & Scrub",Australasia
273,acid_so2,cf_mean,0.3232221,Southwest Borneo freshwater swamp forests,1.0,Tropical & Subtropical Moist Broadleaf Forests,Indomalayan
805,acid_so2,cf_mean,0.38820976,Southwest Iberian Mediterranean sclerophyllous and mixed forests,12.0,"Mediterranean Forests, Woodlands & Scrub",Palearctic
301,acid_so2,cf_mean,0.15116629,Sri Lanka dry-zone dry evergreen forests,2.0,Tropical & Subtropical Dry Broadleaf Forests,Indomalayan
274,acid_so2,cf_mean,0.14603953,Sri Lanka lowland rain forests,1.0,Tropical & Subtropical Moist Broadleaf Forests,Indomalayan
275,acid_so2,cf_mean,0.1479212,Sri Lanka montane rain forests,1.0,Tropical & Subtropical Moist Broadleaf Forests,Indomalayan
609,acid_so2,cf_mean,0.116969384,St. Peter and St. Paul Rocks,13.0,Deserts & Xeric Shrublands,Neotropic
110,acid_so2,cf_mean,0.27663806,Succulent Karoo xeric shrublands,13.0,Deserts & Xeric Shrublands,Afrotropic
74,acid_so2,cf_mean,0.83494216,Sudd flooded grasslands,9.0,Flooded Grasslands & Savannas,Afrotropic
746,acid_so2,cf_mean,3.1137896,Suiphun-Khanka meadows and forest meadows,9.0,Flooded Grasslands & Savannas,Palearctic
766,acid_so2,cf_mean,2.0218482,Sulaiman Range alpine meadows,10.0,Montane Grasslands & Shrublands,Palearctic
157,acid_so2,cf_mean,0.17028272,Sulawesi montane rain forests,1.0,Tropical & Subtropical Moist Broadleaf Forests,Australasia
276,acid_so2,cf_mean,0.1764876,Sulu Archipelago rain forests,1.0,Tropical & Subtropical Moist Broadleaf Forests,Indomalayan
277,acid_so2,cf_mean,0.6150811,Sumatran freshwater swamp forests,1.0,Tropical & Subtropical Moist Broadleaf Forests,Indomalayan
278,acid_so2,cf_mean,0.46925035,Sumatran lowland rain forests,1.0,Tropical & Subtropical Moist Broadleaf Forests,Indomalayan
279,acid_so2,cf_mean,0.45156687,Sumatran montane rain forests,1.0,Tropical & Subtropical Moist Broadleaf Forests,Indomalayan
280,acid_so2,cf_mean,0.74152285,Sumatran peat swamp forests,1.0,Tropical & Subtropical Moist Broadleaf Forests,Indomalayan
305,acid_so2,cf_mean,0.4174672,Sumatran tropical pine forests,3.0,Tropical & Subtropical Coniferous Forests,Indomalayan
165,acid_so2,cf_mean,0.13316496,Sumba deciduous forests,2.0,Tropical & Subtropical Dry Broadleaf Forests,Australasia
322,acid_so2,cf_mean,0.46662584,Sunda Shelf mangroves,14.0,Mangroves,Indomalayan
281,acid_so2,cf_mean,0.30104905,Sundaland heath forests,1.0,Tropical & Subtropical Moist Broadleaf Forests,Indomalayan
282,acid_so2,cf_mean,0.5773392,Sundarbans freshwater swamp forests,1.0,Tropical & Subtropical Moist Broadleaf Forests,Indomalayan
323,acid_so2,cf_mean,0.5820428,Sundarbans mangroves,14.0,Mangroves,Indomalayan
739,acid_so2,cf_mean,1.1319978,Syrian xeric grasslands and shrublands,8.0,"Temperate Grasslands, Savannas & Shrublands",Palearctic
682,acid_so2,cf_mean,0.7796834,Taiheiyo evergreen forests,4.0,Temperate Broadleaf & Mixed Forests,Palearctic
683,acid_so2,cf_mean,1.0085019,Taiheiyo montane deciduous forests,4.0,Temperate Broadleaf & Mixed Forests,Palearctic
781,acid_so2,cf_mean,0.81416035,Taimyr-Central Siberian tundra,11.0,Tundra,Palearctic
283,acid_so2,cf_mean,0.5655394,Taiwan subtropical evergreen forests,1.0,Tropical & Subtropical Moist Broadleaf Forests,Indomalayan
843,acid_so2,cf_mean,4.1125956,Taklimakan desert,13.0,Deserts & Xeric Shrublands,Palearctic
506,acid_so2,cf_mean,0.26113215,Talamancan montane forests,1.0,Tropical & Subtropical Moist Broadleaf Forests,Neotropic
436,acid_so2,cf_mean,0.46092394,Tamaulipan matorral,13.0,Deserts & Xeric Shrublands,Nearctic
437,acid_so2,cf_mean,0.5306455,Tamaulipan mezquital,13.0,Deserts & Xeric Shrublands,Nearctic
507,acid_so2,cf_mean,1.3858346,Tapajós-Xingu moist forests,1.0,Tropical & Subtropical Moist Broadleaf Forests,Neotropic
684,acid_so2,cf_mean,3.7106793,Tarim Basin deciduous forests and steppe,4.0,Temperate Broadleaf & Mixed Forests,Palearctic
177,acid_so2,cf_mean,0.5935489,Tasmanian Central Highland forests,4.0,Temperate Broadleaf & Mixed Forests,Australasia
178,acid_so2,cf_mean,0.29573762,Tasmanian temperate forests,4.0,Temperate Broadleaf & Mixed Forests,Australasia
179,acid_so2,cf_mean,0.49350926,Tasmanian temperate rain forests,4.0,Temperate Broadleaf & Mixed Forests,Australasia
610,acid_so2,cf_mean,0.60121524,Tehuacán Valley matorral,13.0,Deserts & Xeric Shrublands,Neotropic
284,acid_so2,cf_mean,0.38547018,Tenasserim-South Thailand semi-evergreen rain forests,1.0,Tropical & Subtropical Moist Broadleaf Forests,Indomalayan
311,acid_so2,cf_mean,0.897216,Terai-Duar savanna and grasslands,7.0,"Tropical & Subtropical Grasslands, Savannas & Shrublands",Indomalayan
401,acid_so2,cf_mean,0.69202715,Texas blackland prairies,8.0,"Temperate Grasslands, Savannas & Shrublands",Nearctic
318,acid_so2,cf_mean,2.864664,Thar desert,13.0,Deserts & Xeric Shrublands,Indomalayan
740,acid_so2,cf_mean,4.3729177,Tian Shan foothill arid steppe,8.0,"Temperate Grasslands, Savannas & Shrublands",Palearctic
709,acid_so2,cf_mean,4.614261,Tian Shan montane conifer forests,5.0,Temperate Conifer Forests,Palearctic
767,acid_so2,cf_mean,4.656395,Tian Shan montane steppe and meadows,10.0,Montane Grasslands & Shrublands,Palearctic
844,acid_so2,cf_mean,0.730991,Tibesti-Jebel Uweinat montane xeric woodlands,13.0,Deserts & Xeric Shrublands,Palearctic
768,acid_so2,cf_mean,1.8821988,Tibetan Plateau alpine shrublands and meadows,10.0,Montane Grasslands & Shrublands,Palearctic
747,acid_so2,cf_mean,1.1738011,Tigris-Euphrates alluvial salt marsh,9.0,Flooded Grasslands & Savannas,Palearctic
166,acid_so2,cf_mean,0.14319348,Timor and Wetar deciduous forests,2.0,Tropical & Subtropical Dry Broadleaf Forests,Australasia
215,acid_so2,cf_mean,0.21074887,Tirari-Sturt stony desert,13.0,Deserts & Xeric Shrublands,Australasia
631,acid_so2,cf_mean,0.009842976,Tongan tropical moist forests,1.0,Tropical & Subtropical Moist Broadleaf Forests,Oceania
286,acid_so2,cf_mean,0.40856656,Tonle Sap-Mekong peat swamp forests,1.0,Tropical & Subtropical Moist Broadleaf Forests,Indomalayan
285,acid_so2,cf_mean,0.41065133,Tonle Sap freshwater swamp forests,1.0,Tropical & Subtropical Moist Broadleaf Forests,Indomalayan
421,acid_so2,cf_mean,2.9808946,Torngat Mountain tundra,11.0,Tundra,Nearctic
782,acid_so2,cf_mean,3.7626138,Trans-Baikal Bald Mountain tundra,11.0,Tundra,Palearctic
718,acid_so2,cf_mean,2.1522956,Trans-Baikal conifer forests,6.0,Boreal Forests/Taiga,Palearctic
559,acid_so2,cf_mean,0.51820856,Trans-Mexican Volcanic Belt pine-oak forests,3.0,Tropical & Subtropical Coniferous Forests,Neotropic
188,acid_so2,cf_mean,0.28622222,Trans Fly savanna and grasslands,7.0,"Tropical & Subtropical Grasslands, Savannas & Shrublands",Australasia
510,acid_so2,cf_mean,0.21605758,Trinidad and Tobago moist forest,1.0,Tropical & Subtropical Moist Broadleaf Forests,Neotropic
68,acid_so2,cf_mean,0.051482126,Tristan Da Cunha-Gough Islands shrub and grasslands,8.0,"Temperate Grasslands, Savannas & Shrublands",Afrotropic
158,acid_so2,cf_mean,0.1270681,Trobriand Islands rain forests,1.0,Tropical & Subtropical Moist Broadleaf Forests,Australasia
632,acid_so2,cf_mean,0.004134818,Tuamotu tropical moist forests,1.0,Tropical & Subtropical Moist Broadleaf Forests,Oceania
633,acid_so2,cf_mean,0.0082008485,Tubuai tropical moist forests,1.0,Tropical & Subtropical Moist Broadleaf Forests,Oceania
549,acid_so2,cf_mean,0.59052944,Tumbes-Piura dry forests,2.0,Tropical & Subtropical Dry Broadleaf Forests,Neotropic
806,acid_so2,cf_mean,1.1456077,Tyrrhenian-Adriatic sclerophyllous and mixed forests,12.0,"Mediterranean Forests, Woodlands & Scrub",Palearctic
511,acid_so2,cf_mean,1.1698183,Uatumã-Trombetas moist forests,1.0,Tropical & Subtropical Moist Broadleaf Forests,Neotropic
512,acid_so2,cf_mean,1.3340268,Ucayali moist forests,1.0,Tropical & Subtropical Moist Broadleaf Forests,Neotropic
287,acid_so2,cf_mean,0.7645295,Upper Gangetic Plains moist deciduous forests,1.0,Tropical & Subtropical Moist Broadleaf Forests,Indomalayan
343,acid_so2,cf_mean,2.1115367,Upper Midwest US forest-savanna transition,4.0,Temperate Broadleaf & Mixed Forests,Nearctic
719,acid_so2,cf_mean,4.321023,Urals montane forest and taiga,6.0,Boreal Forests/Taiga,Palearctic
574,acid_so2,cf_mean,0.4448009,Uruguayan savanna,7.0,"Tropical & Subtropical Grasslands, Savannas & Shrublands",Neotropic
685,acid_so2,cf_mean,3.5076635,Ussuri broadleaf and mixed forests,4.0,Temperate Broadleaf & Mixed Forests,Palearctic
563,acid_so2,cf_mean,0.96464074,Valdivian temperate forests,4.0,Temperate Broadleaf & Mixed Forests,Neotropic
159,acid_so2,cf_mean,0.041404746,Vanuatu rain forests,1.0,Tropical & Subtropical Moist Broadleaf Forests,Australasia
513,acid_so2,cf_mean,0.2556421,Venezuelan Andes montane forests,1.0,Tropical & Subtropical Moist Broadleaf Forests,Neotropic
550,acid_so2,cf_mean,0.56470215,Veracruz dry forests,2.0,Tropical & Subtropical Dry Broadleaf Forests,Neotropic
514,acid_so2,cf_mean,0.46277002,Veracruz moist forests,1.0,Tropical & Subtropical Moist Broadleaf Forests,Neotropic
515,acid_so2,cf_mean,0.66493195,Veracruz montane forests,1.0,Tropical & Subtropical Moist Broadleaf Forests,Neotropic
189,acid_so2,cf_mean,1.053319,Victoria Plains tropical savanna,7.0,"Tropical & Subtropical Grasslands, Savannas & Shrublands",Australasia
161,acid_so2,cf_mean,0.18904813,Vogelkop-Aru lowland rain forests,1.0,Tropical & Subtropical Moist Broadleaf Forests,Australasia
160,acid_so2,cf_mean,0.1789651,Vogelkop montane rain forests,1.0,Tropical & Subtropical Moist Broadleaf Forests,Australasia
368,acid_so2,cf_mean,1.157405,Wasatch and Uinta montane forests,5.0,Temperate Conifer Forests,Nearctic
383,acid_so2,cf_mean,3.1016011,Watson Highlands taiga,6.0,Boreal Forests/Taiga,Nearctic
845,acid_so2,cf_mean,0.6416844,West Sahara desert,13.0,Deserts & Xeric Shrublands,Palearctic
846,acid_so2,cf_mean,0.64605176,West Saharan montane xeric woodlands,13.0,Deserts & Xeric Shrublands,Palearctic
720,acid_so2,cf_mean,4.022133,West Siberian taiga,6.0,Boreal Forests/Taiga,Palearctic
62,acid_so2,cf_mean,0.7629625,West Sudanian savanna,7.0,"Tropical & Subtropical Grasslands, Savannas & Shrublands",Afrotropic
216,acid_so2,cf_mean,0.18173753,Western Australian Mulga shrublands,13.0,Deserts & Xeric Shrublands,Australasia
29,acid_so2,cf_mean,1.3309159,Western Congolian swamp forests,1.0,Tropical & Subtropical Moist Broadleaf Forests,Afrotropic
516,acid_so2,cf_mean,0.5523542,Western Ecuador moist forests,1.0,Tropical & Subtropical Moist Broadleaf Forests,Neotropic
686,acid_so2,cf_mean,2.509187,Western European broadleaf forests,4.0,Temperate Broadleaf & Mixed Forests,Palearctic
344,acid_so2,cf_mean,3.5667145,Western Great Lakes forests,4.0,Temperate Broadleaf & Mixed Forests,Nearctic
30,acid_so2,cf_mean,0.5802034,Western Guinean lowland forests,1.0,Tropical & Subtropical Moist Broadleaf Forests,Afrotropic
384,acid_so2,cf_mean,0.5469232,Western Gulf coastal grasslands,7.0,"Tropical & Subtropical Grasslands, Savannas & Shrublands",Nearctic
769,acid_so2,cf_mean,1.5977465,Western Himalayan alpine shrub and meadows,10.0,Montane Grasslands & Shrublands,Palearctic
308,acid_so2,cf_mean,1.970343,Western Himalayan broadleaf forests,4.0,Temperate Broadleaf & Mixed Forests,Indomalayan
310,acid_so2,cf_mean,2.1618648,Western Himalayan subalpine conifer forests,5.0,Temperate Conifer Forests,Indomalayan
288,acid_so2,cf_mean,0.22736257,Western Java montane rain forests,1.0,Tropical & Subtropical Moist Broadleaf Forests,Indomalayan
289,acid_so2,cf_mean,0.22776537,Western Java rain forests,1.0,Tropical & Subtropical Moist Broadleaf Forests,Indomalayan
634,acid_so2,cf_mean,0.017926347,Western Polynesian tropical moist forests,1.0,Tropical & Subtropical Moist Broadleaf Forests,Oceania
402,acid_so2,cf_mean,1.054076,Western shortgrass prairie,8.0,"Temperate Grasslands, Savannas & Shrublands",Nearctic
687,acid_so2,cf_mean,3.0531876,Western Siberian hemiboreal forests,4.0,Temperate Broadleaf & Mixed Forests,Palearctic
180,acid_so2,cf_mean,0.36984026,Westland temperate forests,4.0,Temperate Broadleaf & Mixed Forests,Australasia
403,acid_so2,cf_mean,1.5613674,Willamette Valley oak savanna,8.0,"Temperate Grasslands, Savannas & Shrublands",Nearctic
517,acid_so2,cf_mean,0.17121074,Windward Islands moist forests,1.0,Tropical & Subtropical Moist Broadleaf Forests,Neotropic
783,acid_so2,cf_mean,0.22674054,Wrangel Island Arctic desert,11.0,Tundra,Palearctic
438,acid_so2,cf_mean,1.4294951,Wyoming Basin shrub steppe,13.0,Deserts & Xeric Shrublands,Nearctic
518,acid_so2,cf_mean,1.207483,Xingu-Tocantins-Araguaia moist forests,1.0,Tropical & Subtropical Moist Broadleaf Forests,Neotropic
784,acid_so2,cf_mean,2.3914962,Yamal-Gydan tundra,11.0,Tundra,Palearctic
638,acid_so2,cf_mean,0.12531379,Yap tropical dry forests,2.0,Tropical & Subtropical Dry Broadleaf Forests,Oceania
162,acid_so2,cf_mean,0.21291478,Yapen rain forests,1.0,Tropical & Subtropical Moist Broadleaf Forests,Australasia
770,acid_so2,cf_mean,1.5664676,Yarlung Zanbo arid steppe,10.0,Montane Grasslands & Shrublands,Palearctic
748,acid_so2,cf_mean,0.83187103,Yellow Sea saline meadow,9.0,Flooded Grasslands & Savannas,Palearctic
551,acid_so2,cf_mean,0.30243176,Yucatán dry forests,2.0,Tropical & Subtropical Dry Broadleaf Forests,Neotropic
519,acid_so2,cf_mean,0.2778619,Yucatán moist forests,1.0,Tropical & Subtropical Moist Broadleaf Forests,Neotropic
643,acid_so2,cf_mean,1.344811,Yunnan Plateau subtropical evergreen forests,1.0,Tropical & Subtropical Moist Broadleaf Forests,Palearctic
688,acid_so2,cf_mean,1.107822,Zagros Mountains forest steppe,4.0,Temperate Broadleaf & Mixed Forests,Palearctic
66,acid_so2,cf_mean,1.0737717,Zambezian-Limpopo mixed woodlands,7.0,"Tropical & Subtropical Grasslands, Savannas & Shrublands",Afrotropic
64,acid_so2,cf_mean,0.747319,Zambezian Baikiaea woodlands,7.0,"Tropical & Subtropical Grasslands, Savannas & Shrublands",Afrotropic
75,acid_so2,cf_mean,0.812429,Zambezian coastal flooded savanna,9.0,Flooded Grasslands & Savannas,Afrotropic
42,acid_so2,cf_mean,0.93796146,Dry miombo woodlands,7.0,"Tropical & Subtropical Grasslands, Savannas & Shrublands",Afrotropic
33,acid_so2,cf_mean,1.1222333,Zambezian evergreen dry forests,2.0,Tropical & Subtropical Dry Broadleaf Forests,Afrotropic
76,acid_so2,cf_mean,1.0919386,Zambezian flooded grasslands,9.0,Flooded Grasslands & Savannas,Afrotropic
65,acid_so2,cf_mean,1.2183377,Zambezian mopane woodlands,7.0,"Tropical & Subtropical Grasslands, Savannas & Shrublands",Afrotropic
524,acid_so2,cf_mean,1.169104,Brazilian Atlantic dry forests,2.0,Tropical & Subtropical Dry Broadleaf Forests,Neotropic
380,acid_so2,cf_mean,2.9425983,Northern Cordillera forests,6.0,Boreal Forests/Taiga,Nearctic
60,acid_so2,cf_mean,0.077847496,St. Helena scrub and woodlands,7.0,"Tropical & Subtropical Grasslands, Savannas & Shrublands",Afrotropic
61,acid_so2,cf_mean,0.97734267,Victoria Basin forest-savanna,7.0,"Tropical & Subtropical Grasslands, Savannas & Shrublands",Afrotropic
63,acid_so2,cf_mean,1.1807704,Western Congolian forest-savanna,7.0,"Tropical & Subtropical Grasslands, Savannas & Shrublands",Afrotropic
78,acid_so2,cf_mean,0.8486264,East African montane moorlands,10.0,Montane Grasslands & Shrublands,Afrotropic
365,acid_so2,cf_mean,1.7449416,Queen Charlotte Islands conifer forests,5.0,Temperate Conifer Forests,Nearctic
360,acid_so2,cf_mean,2.0667365,Northern Pacific Alaskan coastal forests,5.0,Temperate Conifer Forests,Nearctic
381,acid_so2,cf_mean,1.8723842,Northwest Territories taiga,6.0,Boreal Forests/Taiga,Nearctic
107,acid_so2,cf_mean,0.71445256,Southwest Arabian coastal xeric shrublands,13.0,Deserts & Xeric Shrublands,Afrotropic
811,acid_so2,cf_mean,3.6972082,Arabian-Persian Gulf coastal plain desert,13.0,Deserts & Xeric Shrublands,Palearctic
840,acid_so2,cf_mean,0.48117477,South Arabian plains and plateau desert,13.0,Deserts & Xeric Shrublands,Palearctic
809,acid_so2,cf_mean,2.3535519,Arabian desert,13.0,Deserts & Xeric Shrublands,Palearctic
552,acid_so2,cf_mean,0.30996802,Bahamian pineyards,3.0,Tropical & Subtropical Coniferous Forests,Neotropic
96,acid_so2,cf_mean,0.52429026,Ile Europa and Bassas da India xeric scrub,13.0,Deserts & Xeric Shrublands,Afrotropic
773,acid_so2,cf_mean,2.0899544,Kamchatka tundra,11.0,Tundra,Palearctic
508,acid_so2,cf_mean,0.92897594,Tocantins/Pindare moist forests,1.0,Tropical & Subtropical Moist Broadleaf Forests,Neotropic
417,acid_so2,cf_mean,1.6717165,Kalaallit Nunaat Arctic steppe,11.0,Tundra,Nearctic
358,acid_so2,cf_mean,4.140794,North Cascades conifer forests,5.0,Temperate Conifer Forests,Nearctic
361,acid_so2,cf_mean,4.371176,Northern Rockies conifer forests,5.0,Temperate Conifer Forests,Nearctic
509,acid_so2,cf_mean,0.21745399,Trindade-Martin Vaz Islands tropical forests,1.0,Tropical & Subtropical Moist Broadleaf Forests,Neotropic
59,acid_so2,cf_mean,1.0935593,Southwest Arabian montane woodlands and grasslands,7.0,"Tropical & Subtropical Grasslands, Savannas & Shrublands",Afrotropic
56,acid_so2,cf_mean,0.42769802,"South Arabian fog woodlands, shrublands, and dune",7.0,"Tropical & Subtropical Grasslands, Savannas & Shrublands",Afrotropic
548,acid_so2,cf_mean,0.2153955,Trinidad and Tobago dry forest,2.0,Tropical & Subtropical Dry Broadleaf Forests,Neotropic
537,acid_so2,cf_mean,0.17292401,Lesser Antillean dry forests,2.0,Tropical & Subtropical Dry Broadleaf Forests,Neotropic
672,acid_so2,cf_mean,0.6698785,North Atlantic moist mixed forests,4.0,Temperate Broadleaf & Mixed Forests,Palearctic
156,acid_so2,cf_mean,0.16739838,Sulawesi lowland rain forests,1.0,Tropical & Subtropical Moist Broadleaf Forests,Australasia
8,acid_so2,cf_mean,0.84675217,East African montane forests,1.0,Tropical & Subtropical Moist Broadleaf Forests,Afrotropic
9,acid_so2,cf_mean,0.6400151,Eastern Arc forests,1.0,Tropical & Subtropical Moist Broadleaf Forests,Afrotropic
220,acid_so2,cf_mean,0.28587627,Borneo montane rain forests,1.0,Tropical & Subtropical Moist Broadleaf Forests,Indomalayan
313,acid_so2,cf_mean,0.2247028,Kinabalu montane alpine meadows,10.0,Montane Grasslands & Shrublands,Indomalayan
135,acid_so2,cf_median,0.124517806,Admiralty Islands lowland rain forests,1.0,Tropical & Subtropical Moist Broadleaf Forests,Australasia
785,acid_so2,cf_median,0.6651571,Aegean and Western Turkey sclerophyllous and mixed forests,12.0,"Mediterranean Forests, Woodlands & Scrub",Palearctic
807,acid_so2,cf_median,3.5105205,Afghan Mountains semi-desert,13.0,Deserts & Xeric Shrublands,Palearctic
404,acid_so2,cf_median,2.601582,Ahklun and Kilbuck Upland Tundra,11.0,Tundra,Nearctic
722,acid_so2,cf_median,0.4735847,Al-Hajar foothill xeric woodlands and shrublands,8.0,"Temperate Grasslands, Savannas & Shrublands",Palearctic
723,acid_so2,cf_median,0.4735847,Al-Hajar montane woodlands and shrublands,8.0,"Temperate Grasslands, Savannas & Shrublands",Palearctic
721,acid_so2,cf_median,2.4193509,Alai-Western Tian Shan steppe,8.0,"Temperate Grasslands, Savannas & Shrublands",Palearctic
808,acid_so2,cf_median,1.9384657,Alashan Plateau semi-desert,13.0,Deserts & Xeric Shrublands,Palearctic
405,acid_so2,cf_median,3.4369826,Alaska-St. Elias Range tundra,11.0,Tundra,Nearctic
369,acid_so2,cf_median,2.0599644,Alaska Peninsula montane taiga,6.0,Boreal Forests/Taiga,Nearctic
88,acid_so2,cf_median,0.2557796,Albany thickets,12.0,"Mediterranean Forests, Woodlands & Scrub",Afrotropic
345,acid_so2,cf_median,2.9950488,Alberta-British Columbia foothills forests,5.0,Temperate Conifer Forests,Nearctic
1,acid_so2,cf_median,1.0562124,Albertine Rift montane forests,1.0,Tropical & Subtropical Moist Broadleaf Forests,Afrotropic
91,acid_so2,cf_median,0.32180366,Aldabra Island xeric scrub,13.0,Deserts & Xeric Shrublands,Afrotropic
406,acid_so2,cf_median,0.64110434,Aleutian Islands tundra,11.0,Tundra,Nearctic
328,acid_so2,cf_median,2.3536265,Allegheny Highlands forests,4.0,Temperate Broadleaf & Mixed Forests,Nearctic
689,acid_so2,cf_median,2.7377481,Alps conifer and mixed forests,5.0,Temperate Conifer Forests,Palearctic
749,acid_so2,cf_median,3.3879354,Altai alpine meadow and tundra,10.0,Montane Grasslands & Shrublands,Palearctic
690,acid_so2,cf_median,2.982684,Altai montane forest and forest steppe,5.0,Temperate Conifer Forests,Palearctic
724,acid_so2,cf_median,3.0974448,Altai steppe and semi-desert,8.0,"Temperate Grasslands, Savannas & Shrublands",Palearctic
439,acid_so2,cf_median,0.93389326,Alto Paraná Atlantic forests,1.0,Tropical & Subtropical Moist Broadleaf Forests,Neotropic
611,acid_so2,cf_median,0.38648754,Amazon-Orinoco-Southern Caribbean mangroves,14.0,Mangroves,Neotropic
67,acid_so2,cf_median,0.03183403,Amsterdam-Saint Paul Islands temperate grasslands,8.0,"Temperate Grasslands, Savannas & Shrublands",Afrotropic
741,acid_so2,cf_median,3.0305307,Amur meadow steppe,9.0,Flooded Grasslands & Savannas,Palearctic
786,acid_so2,cf_median,0.7946391,Anatolian conifer and deciduous mixed forests,12.0,"Mediterranean Forests, Woodlands & Scrub",Palearctic
218,acid_so2,cf_median,0.4015929,Andaman Islands rain forests,1.0,Tropical & Subtropical Moist Broadleaf Forests,Indomalayan
77,acid_so2,cf_median,1.0898578,Angolan montane forest-grassland,10.0,Montane Grasslands & Shrublands,Afrotropic
34,acid_so2,cf_median,0.52093744,Angolan mopane woodlands,7.0,"Tropical & Subtropical Grasslands, Savannas & Shrublands",Afrotropic
35,acid_so2,cf_median,0.8790934,Angolan scarp savanna and woodlands,7.0,"Tropical & Subtropical Grasslands, Savannas & Shrublands",Afrotropic
36,acid_so2,cf_median,1.0249003,Angolan wet miombo woodlands,7.0,"Tropical & Subtropical Grasslands, Savannas & Shrublands",Afrotropic
196,acid_so2,cf_median,0.09674308,Antipodes Subantarctic Islands tundra,11.0,Tundra,Australasia
331,acid_so2,cf_median,1.6181357,Appalachian-Blue Ridge forests,4.0,Temperate Broadleaf & Mixed Forests,Nearctic
329,acid_so2,cf_median,1.421698,Appalachian mixed mesophytic forests,4.0,Temperate Broadleaf & Mixed Forests,Nearctic
330,acid_so2,cf_median,1.3549347,Appalachian Piedmont forests,4.0,Temperate Broadleaf & Mixed Forests,Nearctic
644,acid_so2,cf_median,1.4935645,Appenine deciduous montane forests,4.0,Temperate Broadleaf & Mixed Forests,Palearctic
520,acid_so2,cf_median,0.31620294,Apure-Villavicencio dry forests,2.0,Tropical & Subtropical Dry Broadleaf Forests,Neotropic
810,acid_so2,cf_median,0.8672664,Arabian sand desert,13.0,Deserts & Xeric Shrublands,Palearctic
440,acid_so2,cf_median,0.9110399,Araucaria moist forests,1.0,Tropical & Subtropical Moist Broadleaf Forests,Neotropic
597,acid_so2,cf_median,0.26821846,Araya and Paria xeric scrub,13.0,Deserts & Xeric Shrublands,Neotropic
407,acid_so2,cf_median,1.0236923,Arctic coastal tundra,11.0,Tundra,Nearctic
778,acid_so2,cf_median,0.3191471,Russian Arctic desert,11.0,Tundra,Palearctic
408,acid_so2,cf_median,1.0840956,Arctic foothills tundra,11.0,Tundra,Nearctic
346,acid_so2,cf_median,0.7712914,Arizona Mountains forests,5.0,Temperate Conifer Forests,Nearctic
181,acid_so2,cf_median,0.26555738,Arnhem Land tropical savanna,7.0,"Tropical & Subtropical Grasslands, Savannas & Shrublands",Australasia
37,acid_so2,cf_median,0.1261362,Ascension scrub and grasslands,7.0,"Tropical & Subtropical Grasslands, Savannas & Shrublands",Afrotropic
598,acid_so2,cf_median,2.9649506,Atacama desert,13.0,Deserts & Xeric Shrublands,Neotropic
441,acid_so2,cf_median,0.48258469,Atlantic Coast restingas,1.0,Tropical & Subtropical Moist Broadleaf Forests,Neotropic
839,acid_so2,cf_median,0.37472695,Saharan Atlantic coastal desert,13.0,Deserts & Xeric Shrublands,Palearctic
347,acid_so2,cf_median,0.7068933,Atlantic coastal pine barrens,5.0,Temperate Conifer Forests,Nearctic
5,acid_so2,cf_median,1.0554789,Congolian coastal forests,1.0,Tropical & Subtropical Moist Broadleaf Forests,Afrotropic
664,acid_so2,cf_median,1.4427423,European Atlantic mixed forests,4.0,Temperate Broadleaf & Mixed Forests,Palearctic
193,acid_so2,cf_median,0.4567763,Australian Alps montane grasslands,10.0,Montane Grasslands & Shrublands,Australasia
812,acid_so2,cf_median,1.6010854,Azerbaijan shrub desert and steppe,13.0,Deserts & Xeric Shrublands,Palearctic
645,acid_so2,cf_median,0.2692499,Azores temperate mixed forests,4.0,Temperate Broadleaf & Mixed Forests,Palearctic
813,acid_so2,cf_median,3.4215343,Badghyz and Karabil semi-desert,13.0,Deserts & Xeric Shrublands,Palearctic
612,acid_so2,cf_median,0.2926341,Bahamian-Antillean mangroves,14.0,Mangroves,Neotropic
442,acid_so2,cf_median,0.57243365,Bahia coastal forests,1.0,Tropical & Subtropical Moist Broadleaf Forests,Neotropic
443,acid_so2,cf_median,1.0137627,Bahia interior forests,1.0,Tropical & Subtropical Moist Broadleaf Forests,Neotropic
426,acid_so2,cf_median,0.35479254,Baja California desert,13.0,Deserts & Xeric Shrublands,Nearctic
521,acid_so2,cf_median,0.4351674,Bajío dry forests,2.0,Tropical & Subtropical Dry Broadleaf Forests,Neotropic
646,acid_so2,cf_median,1.6164603,Balkan mixed forests,4.0,Temperate Broadleaf & Mixed Forests,Palearctic
522,acid_so2,cf_median,0.48651007,Balsas dry forests,2.0,Tropical & Subtropical Dry Broadleaf Forests,Neotropic
647,acid_so2,cf_median,2.5272987,Baltic mixed forests,4.0,Temperate Broadleaf & Mixed Forests,Palearctic
814,acid_so2,cf_median,1.9911327,Baluchistan xeric woodlands,13.0,Deserts & Xeric Shrublands,Palearctic
136,acid_so2,cf_median,0.15567067,Banda Sea Islands moist deciduous forests,1.0,Tropical & Subtropical Moist Broadleaf Forests,Australasia
564,acid_so2,cf_median,0.2573107,Belizian pine savannas,7.0,"Tropical & Subtropical Grasslands, Savannas & Shrublands",Neotropic
565,acid_so2,cf_median,1.4110041,Beni savanna,7.0,"Tropical & Subtropical Grasslands, Savannas & Shrublands",Neotropic
779,acid_so2,cf_median,1.6155664,Russian Bering tundra,11.0,Tundra,Palearctic
409,acid_so2,cf_median,1.8126175,Beringia lowland tundra,11.0,Tundra,Nearctic
410,acid_so2,cf_median,2.0175452,Beringia upland tundra,11.0,Tundra,Nearctic
325,acid_so2,cf_median,0.27151775,Bermuda subtropical conifer forests,3.0,Tropical & Subtropical Coniferous Forests,Nearctic
137,acid_so2,cf_median,0.15476114,Biak-Numfoor rain forests,1.0,Tropical & Subtropical Moist Broadleaf Forests,Australasia
348,acid_so2,cf_median,1.8354263,Blue Mountains forests,5.0,Temperate Conifer Forests,Nearctic
742,acid_so2,cf_median,1.2988414,Bohai Sea saline meadow,9.0,Flooded Grasslands & Savannas,Palearctic
523,acid_so2,cf_median,1.81193,Bolivian montane dry forests,2.0,Tropical & Subtropical Dry Broadleaf Forests,Neotropic
444,acid_so2,cf_median,1.952257,Bolivian Yungas,1.0,Tropical & Subtropical Moist Broadleaf Forests,Neotropic
219,acid_so2,cf_median,0.28678986,Borneo lowland rain forests,1.0,Tropical & Subtropical Moist Broadleaf Forests,Indomalayan
221,acid_so2,cf_median,0.31090584,Borneo peat swamp forests,1.0,Tropical & Subtropical Moist Broadleaf Forests,Indomalayan
222,acid_so2,cf_median,1.1049465,Brahmaputra Valley semi-evergreen forests,1.0,Tropical & Subtropical Moist Broadleaf Forests,Indomalayan
182,acid_so2,cf_median,0.21067369,Brigalow tropical savanna,7.0,"Tropical & Subtropical Grasslands, Savannas & Shrublands",Australasia
349,acid_so2,cf_median,2.900347,British Columbia coastal conifer forests,5.0,Temperate Conifer Forests,Nearctic
411,acid_so2,cf_median,1.689866,Brooks-British Range tundra,11.0,Tundra,Nearctic
138,acid_so2,cf_median,0.13905106,Buru rain forests,1.0,Tropical & Subtropical Moist Broadleaf Forests,Australasia
525,acid_so2,cf_median,0.42971292,Caatinga,2.0,Tropical & Subtropical Dry Broadleaf Forests,Neotropic
445,acid_so2,cf_median,0.39627072,Caatinga Enclaves moist forests,1.0,Tropical & Subtropical Moist Broadleaf Forests,Neotropic
691,acid_so2,cf_median,0.28059924,Caledon conifer forests,5.0,Temperate Conifer Forests,Palearctic
385,acid_so2,cf_median,0.5590087,California Central Valley grasslands,8.0,"Temperate Grasslands, Savannas & Shrublands",Nearctic
422,acid_so2,cf_median,0.33994725,California coastal sage and chaparral,12.0,"Mediterranean Forests, Woodlands & Scrub",Nearctic
423,acid_so2,cf_median,0.5181357,California interior chaparral and woodlands,12.0,"Mediterranean Forests, Woodlands & Scrub",Nearctic
424,acid_so2,cf_median,0.31816134,California montane chaparral and woodlands,12.0,"Mediterranean Forests, Woodlands & Scrub",Nearctic
2,acid_so2,cf_median,1.1392293,Cameroon Highlands forests,1.0,Tropical & Subtropical Moist Broadleaf Forests,Afrotropic
566,acid_so2,cf_median,1.2222469,Campos Rupestres montane savanna,7.0,"Tropical & Subtropical Grasslands, Savannas & Shrublands",Neotropic
386,acid_so2,cf_median,1.9994452,Canadian Aspen forests and parklands,8.0,"Temperate Grasslands, Savannas & Shrublands",Nearctic
413,acid_so2,cf_median,1.293597,Canadian Low Arctic tundra,11.0,Tundra,Nearctic
787,acid_so2,cf_median,0.24311762,Canary Islands dry woodlands and forests,12.0,"Mediterranean Forests, Woodlands & Scrub",Palearctic
648,acid_so2,cf_median,0.64170504,Cantabrian mixed forests,4.0,Temperate Broadleaf & Mixed Forests,Palearctic
190,acid_so2,cf_median,0.37576646,Canterbury-Otago tussock grasslands,8.0,"Temperate Grasslands, Savannas & Shrublands",Australasia
31,acid_so2,cf_median,0.17816085,Cape Verde Islands dry forests,2.0,Tropical & Subtropical Dry Broadleaf Forests,Afrotropic
183,acid_so2,cf_median,0.33234674,Cape York Peninsula tropical savanna,7.0,"Tropical & Subtropical Grasslands, Savannas & Shrublands",Australasia
446,acid_so2,cf_median,1.2338442,Caqueta moist forests,1.0,Tropical & Subtropical Moist Broadleaf Forests,Neotropic
223,acid_so2,cf_median,0.40898308,Cardamom Mountains rain forests,1.0,Tropical & Subtropical Moist Broadleaf Forests,Indomalayan
599,acid_so2,cf_median,0.16723903,Caribbean shrublands,13.0,Deserts & Xeric Shrublands,Neotropic
207,acid_so2,cf_median,0.06721119,Carnarvon xeric shrublands,13.0,Deserts & Xeric Shrublands,Australasia
618,acid_so2,cf_median,0.049179263,Carolines tropical moist forests,1.0,Tropical & Subtropical Moist Broadleaf Forests,Oceania
692,acid_so2,cf_median,2.8848124,Carpathian montane forests,5.0,Temperate Conifer Forests,Palearctic
184,acid_so2,cf_median,0.35910797,Carpentaria tropical savanna,7.0,"Tropical & Subtropical Grasslands, Savannas & Shrublands",Australasia
649,acid_so2,cf_median,1.6227043,Caspian Hyrcanian mixed forests,4.0,Temperate Broadleaf & Mixed Forests,Palearctic
815,acid_so2,cf_median,1.3151277,Caspian lowland desert,13.0,Deserts & Xeric Shrublands,Palearctic
447,acid_so2,cf_median,0.29405817,Catatumbo moist forests,1.0,Tropical & Subtropical Moist Broadleaf Forests,Neotropic
526,acid_so2,cf_median,0.39395738,Cauca Valley dry forests,2.0,Tropical & Subtropical Dry Broadleaf Forests,Neotropic
448,acid_so2,cf_median,0.46714544,Cauca Valley montane forests,1.0,Tropical & Subtropical Moist Broadleaf Forests,Neotropic
650,acid_so2,cf_median,2.2413754,Caucasus mixed forests,4.0,Temperate Broadleaf & Mixed Forests,Palearctic
449,acid_so2,cf_median,0.19019708,Cayos Miskitos-San Andrés and Providencia moist forests,1.0,Tropical & Subtropical Moist Broadleaf Forests,Neotropic
651,acid_so2,cf_median,0.90340996,Celtic broadleaf forests,4.0,Temperate Broadleaf & Mixed Forests,Palearctic
816,acid_so2,cf_median,2.0990605,Central Afghan Mountains xeric woodlands,13.0,Deserts & Xeric Shrublands,Palearctic
111,acid_so2,cf_median,0.69879824,Central African mangroves,14.0,Mangroves,Afrotropic
450,acid_so2,cf_median,0.22267929,Central American Atlantic moist forests,1.0,Tropical & Subtropical Moist Broadleaf Forests,Neotropic
527,acid_so2,cf_median,0.19295032,Central American dry forests,2.0,Tropical & Subtropical Dry Broadleaf Forests,Neotropic
451,acid_so2,cf_median,0.23328047,Central American montane forests,1.0,Tropical & Subtropical Moist Broadleaf Forests,Neotropic
553,acid_so2,cf_median,0.23328047,Central American pine-oak forests,3.0,Tropical & Subtropical Coniferous Forests,Neotropic
725,acid_so2,cf_median,0.7955096,Central Anatolian steppe,8.0,"Temperate Grasslands, Savannas & Shrublands",Palearctic
652,acid_so2,cf_median,0.8797777,Central Anatolian steppe and woodlands,4.0,Temperate Broadleaf & Mixed Forests,Palearctic
352,acid_so2,cf_median,1.668308,Central-Southern Cascades Forests,5.0,Temperate Conifer Forests,Nearctic
389,acid_so2,cf_median,1.1016356,Central-Southern US mixed grasslands,8.0,"Temperate Grasslands, Savannas & Shrublands",Nearctic
587,acid_so2,cf_median,2.5905,Central Andean dry puna,10.0,Montane Grasslands & Shrublands,Neotropic
588,acid_so2,cf_median,1.9349402,Central Andean puna,10.0,Montane Grasslands & Shrublands,Neotropic
589,acid_so2,cf_median,2.307927,Central Andean wet puna,10.0,Montane Grasslands & Shrublands,Neotropic
817,acid_so2,cf_median,1.5984932,Central Asian northern desert,13.0,Deserts & Xeric Shrublands,Palearctic
818,acid_so2,cf_median,1.7581598,Central Asian riparian woodlands,13.0,Deserts & Xeric Shrublands,Palearctic
819,acid_so2,cf_median,2.0250938,Central Asian southern desert,13.0,Deserts & Xeric Shrublands,Palearctic
350,acid_so2,cf_median,2.918536,Central British Columbia Mountain forests,5.0,Temperate Conifer Forests,Nearctic
38,acid_so2,cf_median,1.4045379,Central bushveld,7.0,"Tropical & Subtropical Grasslands, Savannas & Shrublands",Afrotropic
370,acid_so2,cf_median,4.376667,Central Canadian Shield forests,6.0,Boreal Forests/Taiga,Nearctic
653,acid_so2,cf_median,1.924807,Central China Loess Plateau mixed forests,4.0,Temperate Broadleaf & Mixed Forests,Palearctic
3,acid_so2,cf_median,1.7965808,Central Congolian lowland forests,1.0,Tropical & Subtropical Moist Broadleaf Forests,Afrotropic
290,acid_so2,cf_median,0.2534034,Central Deccan Plateau dry deciduous forests,2.0,Tropical & Subtropical Dry Broadleaf Forests,Indomalayan
654,acid_so2,cf_median,2.5445528,Central European mixed forests,4.0,Temperate Broadleaf & Mixed Forests,Palearctic
387,acid_so2,cf_median,1.1914974,Central US forest-grasslands transition,8.0,"Temperate Grasslands, Savannas & Shrublands",Nearctic
291,acid_so2,cf_median,0.4980883,Central Indochina dry forests,2.0,Tropical & Subtropical Dry Broadleaf Forests,Indomalayan
655,acid_so2,cf_median,1.16626,Central Korean deciduous forests,4.0,Temperate Broadleaf & Mixed Forests,Palearctic
427,acid_so2,cf_median,0.4103314,Central Mexican matorral,13.0,Deserts & Xeric Shrublands,Nearctic
351,acid_so2,cf_median,1.8802174,Central Pacific Northwest coastal forests,5.0,Temperate Conifer Forests,Nearctic
820,acid_so2,cf_median,1.2341437,Central Persian desert basins,13.0,Deserts & Xeric Shrublands,Palearctic
619,acid_so2,cf_median,0.012447658,Central Polynesian tropical moist forests,1.0,Tropical & Subtropical Moist Broadleaf Forests,Oceania
139,acid_so2,cf_median,0.32831913,Central Range Papuan montane rain forests,1.0,Tropical & Subtropical Moist Broadleaf Forests,Australasia
195,acid_so2,cf_median,0.40552175,Papuan Central Range sub-alpine grasslands,10.0,Montane Grasslands & Shrublands,Australasia
208,acid_so2,cf_median,0.42828882,Central Ranges xeric scrub,13.0,Deserts & Xeric Shrublands,Australasia
388,acid_so2,cf_median,1.3999473,Central Tallgrass prairie,8.0,"Temperate Grasslands, Savannas & Shrublands",Nearctic
750,acid_so2,cf_median,2.0403333,Central Tibetan Plateau alpine steppe,10.0,Montane Grasslands & Shrublands,Palearctic
39,acid_so2,cf_median,1.2616088,Central Zambezian wet miombo woodlands,7.0,"Tropical & Subtropical Grasslands, Savannas & Shrublands",Afrotropic
567,acid_so2,cf_median,1.0400286,Cerrado,7.0,"Tropical & Subtropical Grasslands, Savannas & Shrublands",Neotropic
656,acid_so2,cf_median,2.38781,Changbai Mountains mixed forests,4.0,Temperate Broadleaf & Mixed Forests,Palearctic
657,acid_so2,cf_median,1.3937756,Changjiang Plain evergreen forests,4.0,Temperate Broadleaf & Mixed Forests,Palearctic
224,acid_so2,cf_median,0.4027216,Chao Phraya freshwater swamp forests,1.0,Tropical & Subtropical Moist Broadleaf Forests,Indomalayan
225,acid_so2,cf_median,0.40826544,Chao Phraya lowland moist deciduous forests,1.0,Tropical & Subtropical Moist Broadleaf Forests,Indomalayan
167,acid_so2,cf_median,0.06591619,Chatham Island temperate forests,4.0,Temperate Broadleaf & Mixed Forests,Australasia
771,acid_so2,cf_median,0.6859888,Cherskii-Kolyma mountain tundra,11.0,Tundra,Palearctic
292,acid_so2,cf_median,0.47593996,Chhota-Nagpur dry deciduous forests,2.0,Tropical & Subtropical Dry Broadleaf Forests,Indomalayan
528,acid_so2,cf_median,0.26706958,Chiapas Depression dry forests,2.0,Tropical & Subtropical Dry Broadleaf Forests,Neotropic
452,acid_so2,cf_median,0.28088954,Chiapas montane forests,1.0,Tropical & Subtropical Moist Broadleaf Forests,Neotropic
428,acid_so2,cf_median,0.62804705,Chihuahuan desert,13.0,Deserts & Xeric Shrublands,Nearctic
596,acid_so2,cf_median,1.1486892,Chilean Matorral,12.0,"Mediterranean Forests, Woodlands & Scrub",Neotropic
453,acid_so2,cf_median,0.26706958,Chimalapas montane forests,1.0,Tropical & Subtropical Moist Broadleaf Forests,Neotropic
226,acid_so2,cf_median,0.73487186,Chin Hills-Arakan Yoma montane forests,1.0,Tropical & Subtropical Moist Broadleaf Forests,Indomalayan
529,acid_so2,cf_median,1.1964805,Chiquitano dry forests,2.0,Tropical & Subtropical Dry Broadleaf Forests,Neotropic
454,acid_so2,cf_median,0.37001318,Chocó-Darién moist forests,1.0,Tropical & Subtropical Moist Broadleaf Forests,Neotropic
227,acid_so2,cf_median,0.16053295,Christmas and Cocos Islands tropical forests,1.0,Tropical & Subtropical Moist Broadleaf Forests,Indomalayan
772,acid_so2,cf_median,0.6267,Chukchi Peninsula tundra,11.0,Tundra,Palearctic
568,acid_so2,cf_median,0.0876886,Clipperton Island shrub and grasslands,7.0,"Tropical & Subtropical Grasslands, Savannas & Shrublands",Neotropic
455,acid_so2,cf_median,0.17270732,Cocos Island moist forests,1.0,Tropical & Subtropical Moist Broadleaf Forests,Neotropic
429,acid_so2,cf_median,1.0306624,Colorado Plateau shrublands,13.0,Deserts & Xeric Shrublands,Nearctic
353,acid_so2,cf_median,1.3061548,Colorado Rockies forests,5.0,Temperate Conifer Forests,Nearctic
4,acid_so2,cf_median,0.36385038,Comoros forests,1.0,Tropical & Subtropical Moist Broadleaf Forests,Afrotropic
371,acid_so2,cf_median,3.5369418,Cook Inlet taiga,6.0,Boreal Forests/Taiga,Nearctic
620,acid_so2,cf_median,0.0030003644,Cook Islands tropical moist forests,1.0,Tropical & Subtropical Moist Broadleaf Forests,Oceania
197,acid_so2,cf_median,0.12098473,Coolgardie woodlands,12.0,"Mediterranean Forests, Woodlands & Scrub",Australasia
372,acid_so2,cf_median,3.417246,Copper Plateau taiga,6.0,Boreal Forests/Taiga,Nearctic
590,acid_so2,cf_median,1.2745638,Cordillera Central páramo,10.0,Montane Grasslands & Shrublands,Neotropic
591,acid_so2,cf_median,0.29405817,Cordillera de Merida páramo,10.0,Montane Grasslands & Shrublands,Neotropic
456,acid_so2,cf_median,0.20388748,Cordillera La Costa montane forests,1.0,Tropical & Subtropical Moist Broadleaf Forests,Neotropic
457,acid_so2,cf_median,0.44499665,Cordillera Oriental montane forests,1.0,Tropical & Subtropical Moist Broadleaf Forests,Neotropic
788,acid_so2,cf_median,1.2142645,Corsican montane broadleaf and mixed forests,12.0,"Mediterranean Forests, Woodlands & Scrub",Palearctic
458,acid_so2,cf_median,0.17297533,Costa Rican seasonal moist forests,1.0,Tropical & Subtropical Moist Broadleaf Forests,Neotropic
789,acid_so2,cf_median,0.4957918,Crete Mediterranean forests,12.0,"Mediterranean Forests, Woodlands & Scrub",Palearctic
658,acid_so2,cf_median,1.1072752,Crimean Submediterranean forest complex,4.0,Temperate Broadleaf & Mixed Forests,Palearctic
6,acid_so2,cf_median,0.69879824,Cross-Niger transition forests,1.0,Tropical & Subtropical Moist Broadleaf Forests,Afrotropic
7,acid_so2,cf_median,0.9011738,Cross-Sanaga-Bioko coastal forests,1.0,Tropical & Subtropical Moist Broadleaf Forests,Afrotropic
390,acid_so2,cf_median,0.83451104,Cross-Timbers savanna-woodland,8.0,"Temperate Grasslands, Savannas & Shrublands",Nearctic
600,acid_so2,cf_median,0.24696574,Cuban cactus scrub,13.0,Deserts & Xeric Shrublands,Neotropic
530,acid_so2,cf_median,0.2567873,Cuban dry forests,2.0,Tropical & Subtropical Dry Broadleaf Forests,Neotropic
459,acid_so2,cf_median,0.24696574,Cuban moist forests,1.0,Tropical & Subtropical Moist Broadleaf Forests,Neotropic
554,acid_so2,cf_median,0.38739055,Cuban pine forests,3.0,Tropical & Subtropical Coniferous Forests,Neotropic
579,acid_so2,cf_median,0.28658476,Cuban wetlands,9.0,Flooded Grasslands & Savannas,Neotropic
790,acid_so2,cf_median,0.6066064,Cyprus Mediterranean forests,12.0,"Mediterranean Forests, Woodlands & Scrub",Palearctic
693,acid_so2,cf_median,2.7632992,Da Hinggan-Dzhagdy Mountains conifer forests,5.0,Temperate Conifer Forests,Palearctic
659,acid_so2,cf_median,2.1506321,Daba Mountains evergreen forests,4.0,Temperate Broadleaf & Mixed Forests,Palearctic
726,acid_so2,cf_median,1.9866953,Daurian forest steppe,8.0,"Temperate Grasslands, Savannas & Shrublands",Palearctic
415,acid_so2,cf_median,2.0190432,Davis Highlands tundra,11.0,Tundra,Nearctic
315,acid_so2,cf_median,0.16675273,Deccan thorn scrub forests,13.0,Deserts & Xeric Shrublands,Indomalayan
660,acid_so2,cf_median,2.2294776,Dinaric Mountains mixed forests,4.0,Temperate Broadleaf & Mixed Forests,Palearctic
92,acid_so2,cf_median,0.48963606,Djibouti xeric shrublands,13.0,Deserts & Xeric Shrublands,Afrotropic
40,acid_so2,cf_median,0.46722794,Drakensberg Escarpment savanna and thicket,7.0,"Tropical & Subtropical Grasslands, Savannas & Shrublands",Afrotropic
41,acid_so2,cf_median,0.4777784,Drakensberg grasslands,7.0,"Tropical & Subtropical Grasslands, Savannas & Shrublands",Afrotropic
0,acid_so2,cf_median,0.0,Rock and Ice,11.0,N/A,N/A
569,acid_so2,cf_median,0.8845668,Dry Chaco,7.0,"Tropical & Subtropical Grasslands, Savannas & Shrublands",Neotropic
694,acid_so2,cf_median,2.121771,East Afghan montane conifer forests,5.0,Temperate Conifer Forests,Palearctic
69,acid_so2,cf_median,0.66128385,East African halophytics,9.0,Flooded Grasslands & Savannas,Afrotropic
112,acid_so2,cf_median,0.5981965,East African mangroves,14.0,Mangroves,Afrotropic
821,acid_so2,cf_median,0.3725725,East Arabian fog shrublands and sand desert,13.0,Deserts & Xeric Shrublands,Palearctic
332,acid_so2,cf_median,0.61256295,East Central Texas forests,4.0,Temperate Broadleaf & Mixed Forests,Nearctic
293,acid_so2,cf_median,0.14148128,East Deccan dry-evergreen forests,2.0,Tropical & Subtropical Dry Broadleaf Forests,Indomalayan
661,acid_so2,cf_median,1.6206867,East European forest steppe,4.0,Temperate Broadleaf & Mixed Forests,Palearctic
822,acid_so2,cf_median,0.7355763,East Sahara Desert,13.0,Deserts & Xeric Shrublands,Palearctic
823,acid_so2,cf_median,0.73312956,East Saharan montane xeric woodlands,13.0,Deserts & Xeric Shrublands,Palearctic
710,acid_so2,cf_median,4.1743193,East Siberian taiga,6.0,Boreal Forests/Taiga,Palearctic
43,acid_so2,cf_median,1.056446,East Sudanian savanna,7.0,"Tropical & Subtropical Grasslands, Savannas & Shrublands",Afrotropic
662,acid_so2,cf_median,1.1370189,Eastern Anatolian deciduous forests,4.0,Temperate Broadleaf & Mixed Forests,Palearctic
727,acid_so2,cf_median,1.738545,Eastern Anatolian montane steppe,8.0,"Temperate Grasslands, Savannas & Shrublands",Palearctic
191,acid_so2,cf_median,0.22470175,Eastern Australia mulga shrublands,8.0,"Temperate Grasslands, Savannas & Shrublands",Australasia
168,acid_so2,cf_median,0.28858754,Eastern Australian temperate forests,4.0,Temperate Broadleaf & Mixed Forests,Australasia
373,acid_so2,cf_median,3.065732,Eastern Canadian forests,6.0,Boreal Forests/Taiga,Nearctic
374,acid_so2,cf_median,3.6630301,Eastern Canadian Shield taiga,6.0,Boreal Forests/Taiga,Nearctic
354,acid_so2,cf_median,1.2628028,Eastern Cascades forests,5.0,Temperate Conifer Forests,Nearctic
10,acid_so2,cf_median,1.4257647,Eastern Congolian swamp forests,1.0,Tropical & Subtropical Moist Broadleaf Forests,Afrotropic
460,acid_so2,cf_median,0.7236614,Eastern Cordillera Real montane forests,1.0,Tropical & Subtropical Moist Broadleaf Forests,Neotropic
333,acid_so2,cf_median,3.1753616,Eastern Canadian Forest-Boreal transition,4.0,Temperate Broadleaf & Mixed Forests,Nearctic
824,acid_so2,cf_median,1.7190462,Eastern Gobi desert steppe,13.0,Deserts & Xeric Shrublands,Palearctic
334,acid_so2,cf_median,2.0487702,Eastern Great Lakes lowland forests,4.0,Temperate Broadleaf & Mixed Forests,Nearctic
11,acid_so2,cf_median,0.56604296,Eastern Guinean forests,1.0,Tropical & Subtropical Moist Broadleaf Forests,Afrotropic
228,acid_so2,cf_median,0.33707955,East Deccan moist deciduous forests,1.0,Tropical & Subtropical Moist Broadleaf Forests,Indomalayan
751,acid_so2,cf_median,1.7173846,Eastern Himalayan alpine shrub and meadows,10.0,Montane Grasslands & Shrublands,Palearctic
306,acid_so2,cf_median,1.5017242,Eastern Himalayan broadleaf forests,4.0,Temperate Broadleaf & Mixed Forests,Indomalayan
309,acid_so2,cf_median,1.7173846,Eastern Himalayan subalpine conifer forests,5.0,Temperate Conifer Forests,Indomalayan
229,acid_so2,cf_median,0.22921042,Eastern Java-Bali montane rain forests,1.0,Tropical & Subtropical Moist Broadleaf Forests,Indomalayan
230,acid_so2,cf_median,0.19976337,Eastern Java-Bali rain forests,1.0,Tropical & Subtropical Moist Broadleaf Forests,Indomalayan
791,acid_so2,cf_median,0.9276983,Eastern Mediterranean conifer-broadleaf forests,12.0,"Mediterranean Forests, Woodlands & Scrub",Palearctic
621,acid_so2,cf_median,0.044206146,Eastern Micronesia tropical moist forests,1.0,Tropical & Subtropical Moist Broadleaf Forests,Oceania
461,acid_so2,cf_median,0.24622458,Eastern Panamanian montane forests,1.0,Tropical & Subtropical Moist Broadleaf Forests,Neotropic
531,acid_so2,cf_median,0.39408776,Ecuadorian dry forests,2.0,Tropical & Subtropical Dry Broadleaf Forests,Neotropic
391,acid_so2,cf_median,0.64761806,Edwards Plateau savanna,8.0,"Temperate Grasslands, Savannas & Shrublands",Nearctic
185,acid_so2,cf_median,0.35915253,Einasleigh upland savanna,7.0,"Tropical & Subtropical Grasslands, Savannas & Shrublands",Australasia
695,acid_so2,cf_median,1.6227043,Elburz Range forest steppe,5.0,Temperate Conifer Forests,Palearctic
728,acid_so2,cf_median,3.8896122,Emin Valley steppe,8.0,"Temperate Grasslands, Savannas & Shrublands",Palearctic
663,acid_so2,cf_median,0.96227384,English Lowlands beech forests,4.0,Temperate Broadleaf & Mixed Forests,Palearctic
580,acid_so2,cf_median,0.12547992,Enriquillo wetlands,9.0,Flooded Grasslands & Savannas,Neotropic
93,acid_so2,cf_median,0.49737754,Eritrean coastal desert,13.0,Deserts & Xeric Shrublands,Afrotropic
198,acid_so2,cf_median,0.12428473,Esperance mallee,12.0,"Mediterranean Forests, Woodlands & Scrub",Australasia
575,acid_so2,cf_median,0.5035165,Espinal,8.0,"Temperate Grasslands, Savannas & Shrublands",Neotropic
12,acid_so2,cf_median,0.62814903,Ethiopian montane forests,1.0,Tropical & Subtropical Moist Broadleaf Forests,Afrotropic
79,acid_so2,cf_median,0.58597267,Ethiopian montane grasslands and woodlands,10.0,Montane Grasslands & Shrublands,Afrotropic
80,acid_so2,cf_median,0.559042,Ethiopian montane moorlands,10.0,Montane Grasslands & Shrublands,Afrotropic
70,acid_so2,cf_median,0.52093744,Etosha Pan halophytics,9.0,Flooded Grasslands & Savannas,Afrotropic
665,acid_so2,cf_median,1.1881758,Euxine-Colchic broadleaf forests,4.0,Temperate Broadleaf & Mixed Forests,Palearctic
581,acid_so2,cf_median,1.2641865,Everglades flooded grasslands,9.0,Flooded Grasslands & Savannas,Neotropic
199,acid_so2,cf_median,0.13928385,Eyre and York mallee,12.0,"Mediterranean Forests, Woodlands & Scrub",Australasia
729,acid_so2,cf_median,0.9174419,Faroe Islands boreal grasslands,8.0,"Temperate Grasslands, Savannas & Shrublands",Palearctic
462,acid_so2,cf_median,0.15138513,Fernando de Noronha-Atol das Rocas moist forests,1.0,Tropical & Subtropical Moist Broadleaf Forests,Neotropic
635,acid_so2,cf_median,0.017516688,Fiji tropical dry forests,2.0,Tropical & Subtropical Dry Broadleaf Forests,Oceania
622,acid_so2,cf_median,0.017941074,Fiji tropical moist forests,1.0,Tropical & Subtropical Moist Broadleaf Forests,Oceania
169,acid_so2,cf_median,0.2792434,Fiordland temperate forests,4.0,Temperate Broadleaf & Mixed Forests,Australasia
200,acid_so2,cf_median,0.15716536,Flinders-Lofty montane woodlands,12.0,"Mediterranean Forests, Woodlands & Scrub",Australasia
392,acid_so2,cf_median,1.0661234,Flint Hills tallgrass prairie,8.0,"Temperate Grasslands, Savannas & Shrublands",Nearctic
355,acid_so2,cf_median,3.1526096,Fraser Plateau and Basin conifer forests,5.0,Temperate Conifer Forests,Nearctic
89,acid_so2,cf_median,0.2225776,Fynbos shrubland,12.0,"Mediterranean Forests, Woodlands & Scrub",Afrotropic
601,acid_so2,cf_median,0.12025009,Galápagos Islands xeric scrub,13.0,Deserts & Xeric Shrublands,Neotropic
94,acid_so2,cf_median,0.6994679,Gariep Karoo,13.0,Deserts & Xeric Shrublands,Afrotropic
752,acid_so2,cf_median,2.4483545,Ghorat-Hazarajat alpine meadow,10.0,Montane Grasslands & Shrublands,Palearctic
209,acid_so2,cf_median,0.40110105,Gibson desert,13.0,Deserts & Xeric Shrublands,Australasia
730,acid_so2,cf_median,2.9757977,Gissaro-Alai open woodlands,8.0,"Temperate Grasslands, Savannas & Shrublands",Palearctic
316,acid_so2,cf_median,0.21222973,Godavari-Krishna mangroves,13.0,Deserts & Xeric Shrublands,Indomalayan
825,acid_so2,cf_median,2.0066586,Gobi Lakes Valley desert steppe,13.0,Deserts & Xeric Shrublands,Palearctic
13,acid_so2,cf_median,0.16369161,Granitic Seychelles forests,1.0,Tropical & Subtropical Moist Broadleaf Forests,Afrotropic
356,acid_so2,cf_median,1.0094483,Great Basin montane forests,5.0,Temperate Conifer Forests,Nearctic
430,acid_so2,cf_median,1.0094483,Great Basin shrub steppe,13.0,Deserts & Xeric Shrublands,Nearctic
826,acid_so2,cf_median,2.9793131,Great Lakes Basin desert steppe,13.0,Deserts & Xeric Shrublands,Palearctic
210,acid_so2,cf_median,0.6211508,Great Sandy-Tanami desert,13.0,Deserts & Xeric Shrublands,Australasia
211,acid_so2,cf_median,0.2322511,Great Victoria desert,13.0,Deserts & Xeric Shrublands,Australasia
231,acid_so2,cf_median,0.19231959,Greater Negros-Panay rain forests,1.0,Tropical & Subtropical Moist Broadleaf Forests,Indomalayan
602,acid_so2,cf_median,0.16918278,Guajira-Barranquilla xeric scrub,13.0,Deserts & Xeric Shrublands,Neotropic
582,acid_so2,cf_median,0.76930445,Guayaquil flooded grasslands,9.0,Flooded Grasslands & Savannas,Neotropic
463,acid_so2,cf_median,0.4171017,Guianan freshwater swamp forests,1.0,Tropical & Subtropical Moist Broadleaf Forests,Neotropic
464,acid_so2,cf_median,0.82806116,Guianan Highlands moist forests,1.0,Tropical & Subtropical Moist Broadleaf Forests,Neotropic
465,acid_so2,cf_median,0.6524514,Guianan lowland moist forests,1.0,Tropical & Subtropical Moist Broadleaf Forests,Neotropic
466,acid_so2,cf_median,0.9728157,Guianan piedmont moist forests,1.0,Tropical & Subtropical Moist Broadleaf Forests,Neotropic
570,acid_so2,cf_median,0.8788768,Guianan savanna,7.0,"Tropical & Subtropical Grasslands, Savannas & Shrublands",Neotropic
44,acid_so2,cf_median,0.57381964,Guinean forest-savanna,7.0,"Tropical & Subtropical Grasslands, Savannas & Shrublands",Afrotropic
113,acid_so2,cf_median,0.32842806,Guinean mangroves,14.0,Mangroves,Afrotropic
14,acid_so2,cf_median,0.54309255,Guinean montane forests,1.0,Tropical & Subtropical Moist Broadleaf Forests,Afrotropic
642,acid_so2,cf_median,2.044547,Guizhou Plateau broadleaf and mixed forests,1.0,Tropical & Subtropical Moist Broadleaf Forests,Palearctic
431,acid_so2,cf_median,0.36441585,Gulf of California xeric scrub,13.0,Deserts & Xeric Shrublands,Nearctic
335,acid_so2,cf_median,2.0498514,Gulf of St. Lawrence lowland forests,4.0,Temperate Broadleaf & Mixed Forests,Nearctic
467,acid_so2,cf_median,0.87709266,Gurupa várzea,1.0,Tropical & Subtropical Moist Broadleaf Forests,Neotropic
232,acid_so2,cf_median,0.6115137,Hainan Island monsoon rain forests,1.0,Tropical & Subtropical Moist Broadleaf Forests,Indomalayan
140,acid_so2,cf_median,0.2509539,Halmahera rain forests,1.0,Tropical & Subtropical Moist Broadleaf Forests,Australasia
201,acid_so2,cf_median,0.14783075,Hampton mallee and woodlands,12.0,"Mediterranean Forests, Woodlands & Scrub",Australasia
636,acid_so2,cf_median,0.170091,Hawai'i tropical dry forests,2.0,Tropical & Subtropical Dry Broadleaf Forests,Oceania
639,acid_so2,cf_median,0.170091,Hawai'i tropical high shrublands,7.0,"Tropical & Subtropical Grasslands, Savannas & Shrublands",Oceania
640,acid_so2,cf_median,0.170091,Hawai'i tropical low shrublands,7.0,"Tropical & Subtropical Grasslands, Savannas & Shrublands",Oceania
623,acid_so2,cf_median,0.170091,Hawai'i tropical moist forests,1.0,Tropical & Subtropical Moist Broadleaf Forests,Oceania
696,acid_so2,cf_median,1.8230466,Helanshan montane conifer forests,5.0,Temperate Conifer Forests,Palearctic
697,acid_so2,cf_median,1.9385282,Hengduan Mountains subalpine conifer forests,5.0,Temperate Conifer Forests,Palearctic
412,acid_so2,cf_median,1.6132264,Canadian High Arctic tundra,11.0,Tundra,Nearctic
592,acid_so2,cf_median,0.9588511,High Monte,10.0,Montane Grasslands & Shrublands,Neotropic
81,acid_so2,cf_median,0.58336866,Highveld grasslands,10.0,Montane Grasslands & Shrublands,Afrotropic
233,acid_so2,cf_median,1.174044,Himalayan subtropical broadleaf forests,1.0,Tropical & Subtropical Moist Broadleaf Forests,Indomalayan
302,acid_so2,cf_median,1.3105539,Himalayan subtropical pine forests,3.0,Tropical & Subtropical Coniferous Forests,Indomalayan
753,acid_so2,cf_median,3.5393414,Hindu Kush alpine meadow,10.0,Montane Grasslands & Shrublands,Palearctic
532,acid_so2,cf_median,0.14492737,Hispaniolan dry forests,2.0,Tropical & Subtropical Dry Broadleaf Forests,Neotropic
468,acid_so2,cf_median,0.14492737,Hispaniolan moist forests,1.0,Tropical & Subtropical Moist Broadleaf Forests,Neotropic
555,acid_so2,cf_median,0.12547992,Hispaniolan pine forests,3.0,Tropical & Subtropical Coniferous Forests,Neotropic
95,acid_so2,cf_median,0.50279975,Hobyo grasslands and shrublands,13.0,Deserts & Xeric Shrublands,Afrotropic
666,acid_so2,cf_median,1.4976057,Hokkaido deciduous forests,4.0,Temperate Broadleaf & Mixed Forests,Palearctic
698,acid_so2,cf_median,1.667554,Hokkaido montane conifer forests,5.0,Temperate Conifer Forests,Palearctic
699,acid_so2,cf_median,1.260924,Honshu alpine conifer forests,5.0,Temperate Conifer Forests,Palearctic
45,acid_so2,cf_median,0.38455993,Horn of Africa xeric bushlands,7.0,"Tropical & Subtropical Grasslands, Savannas & Shrublands",Afrotropic
667,acid_so2,cf_median,1.7737486,Huang He Plain mixed forests,4.0,Temperate Broadleaf & Mixed Forests,Palearctic
571,acid_so2,cf_median,0.7344665,Humid Chaco,7.0,"Tropical & Subtropical Grasslands, Savannas & Shrublands",Neotropic
576,acid_so2,cf_median,0.36774975,Humid Pampas,8.0,"Temperate Grasslands, Savannas & Shrublands",Neotropic
141,acid_so2,cf_median,0.29796523,Huon Peninsula montane rain forests,1.0,Tropical & Subtropical Moist Broadleaf Forests,Australasia
792,acid_so2,cf_median,0.6541954,Iberian conifer forests,12.0,"Mediterranean Forests, Woodlands & Scrub",Palearctic
793,acid_so2,cf_median,0.5505751,Iberian sclerophyllous and semi-deciduous forests,12.0,"Mediterranean Forests, Woodlands & Scrub",Palearctic
711,acid_so2,cf_median,0.8520653,Iceland boreal birch forests and alpine tundra,6.0,Boreal Forests/Taiga,Palearctic
794,acid_so2,cf_median,1.2580236,Illyrian deciduous forests,12.0,"Mediterranean Forests, Woodlands & Scrub",Palearctic
319,acid_so2,cf_median,0.3856483,Indochina mangroves,14.0,Mangroves,Indomalayan
320,acid_so2,cf_median,1.0103923,Indus River Delta-Arabian Sea mangroves,14.0,Mangroves,Indomalayan
317,acid_so2,cf_median,3.2390566,Indus Valley desert,13.0,Deserts & Xeric Shrublands,Indomalayan
71,acid_so2,cf_median,2.6790195,Inner Niger Delta flooded savanna,9.0,Flooded Grasslands & Savannas,Afrotropic
375,acid_so2,cf_median,4.4172163,Interior Alaska-Yukon lowland taiga,6.0,Boreal Forests/Taiga,Nearctic
336,acid_so2,cf_median,1.3491668,Interior Plateau US Hardwood Forests,4.0,Temperate Broadleaf & Mixed Forests,Nearctic
416,acid_so2,cf_median,3.8932595,Interior Yukon-Alaska alpine tundra,11.0,Tundra,Nearctic
469,acid_so2,cf_median,1.639011,Iquitos várzea,1.0,Tropical & Subtropical Moist Broadleaf Forests,Neotropic
294,acid_so2,cf_median,0.72461504,Irrawaddy dry forests,2.0,Tropical & Subtropical Dry Broadleaf Forests,Indomalayan
234,acid_so2,cf_median,0.52241594,Irrawaddy freshwater swamp forests,1.0,Tropical & Subtropical Moist Broadleaf Forests,Indomalayan
235,acid_so2,cf_median,0.73487186,Irrawaddy moist deciduous forests,1.0,Tropical & Subtropical Moist Broadleaf Forests,Indomalayan
533,acid_so2,cf_median,0.1848363,Islas Revillagigedo dry forests,2.0,Tropical & Subtropical Dry Broadleaf Forests,Neotropic
470,acid_so2,cf_median,0.25457323,Isthmian-Atlantic moist forests,1.0,Tropical & Subtropical Moist Broadleaf Forests,Neotropic
471,acid_so2,cf_median,0.20511442,Isthmian-Pacific moist forests,1.0,Tropical & Subtropical Moist Broadleaf Forests,Neotropic
795,acid_so2,cf_median,1.4935645,Italian sclerophyllous and semi-deciduous forests,12.0,"Mediterranean Forests, Woodlands & Scrub",Palearctic
46,acid_so2,cf_median,0.75160354,Itigi-Sumbu thicket,7.0,"Tropical & Subtropical Grasslands, Savannas & Shrublands",Afrotropic
534,acid_so2,cf_median,0.35906142,Jalisco dry forests,2.0,Tropical & Subtropical Dry Broadleaf Forests,Neotropic
535,acid_so2,cf_median,0.17433646,Jamaican dry forests,2.0,Tropical & Subtropical Dry Broadleaf Forests,Neotropic
472,acid_so2,cf_median,0.15433952,Jamaican moist forests,1.0,Tropical & Subtropical Moist Broadleaf Forests,Neotropic
473,acid_so2,cf_median,1.1879832,Japurá-Solimões-Negro moist forests,1.0,Tropical & Subtropical Moist Broadleaf Forests,Neotropic
202,acid_so2,cf_median,0.26037928,Jarrah-Karri forest and shrublands,12.0,"Mediterranean Forests, Woodlands & Scrub",Australasia
236,acid_so2,cf_median,1.3230368,Jian Nan subtropical evergreen forests,1.0,Tropical & Subtropical Moist Broadleaf Forests,Indomalayan
82,acid_so2,cf_median,0.89416134,Jos Plateau forest-grassland,10.0,Montane Grasslands & Shrublands,Afrotropic
560,acid_so2,cf_median,0.6855748,Juan Fernández Islands temperate forests,4.0,Temperate Broadleaf & Mixed Forests,Neotropic
827,acid_so2,cf_median,3.965901,Junggar Basin semi-desert,13.0,Deserts & Xeric Shrublands,Palearctic
474,acid_so2,cf_median,2.0513225,Juruá-Purus moist forests,1.0,Tropical & Subtropical Moist Broadleaf Forests,Neotropic
418,acid_so2,cf_median,0.88198143,Kalaallit Nunaat High Arctic tundra,11.0,Tundra,Nearctic
47,acid_so2,cf_median,1.2768545,Kalahari Acacia woodlands,7.0,"Tropical & Subtropical Grasslands, Savannas & Shrublands",Afrotropic
97,acid_so2,cf_median,1.1905478,Kalahari xeric savanna,13.0,Deserts & Xeric Shrublands,Afrotropic
713,acid_so2,cf_median,2.3555286,Kamchatka-Kurile meadows and sparse forests,6.0,Boreal Forests/Taiga,Palearctic
712,acid_so2,cf_median,1.3260397,Kamchatka taiga,6.0,Boreal Forests/Taiga,Palearctic
98,acid_so2,cf_median,0.3129007,Kaokoveld desert,13.0,Deserts & Xeric Shrublands,Afrotropic
754,acid_so2,cf_median,3.08226,Karakoram-West Tibetan Plateau alpine steppe,10.0,Montane Grasslands & Shrublands,Palearctic
237,acid_so2,cf_median,0.5941499,Kayah-Karen montane rain forests,1.0,Tropical & Subtropical Moist Broadleaf Forests,Indomalayan
731,acid_so2,cf_median,2.5707774,Kazakh forest steppe,8.0,"Temperate Grasslands, Savannas & Shrublands",Palearctic
828,acid_so2,cf_median,1.3827059,Kazakh semi-desert,13.0,Deserts & Xeric Shrublands,Palearctic
732,acid_so2,cf_median,1.650244,Kazakh steppe,8.0,"Temperate Grasslands, Savannas & Shrublands",Palearctic
733,acid_so2,cf_median,1.809351,Kazakh upland steppe,8.0,"Temperate Grasslands, Savannas & Shrublands",Palearctic
624,acid_so2,cf_median,0.034091543,Kermadec Islands subtropical moist forests,1.0,Tropical & Subtropical Moist Broadleaf Forests,Oceania
755,acid_so2,cf_median,2.251185,Khangai Mountains alpine meadow,10.0,Montane Grasslands & Shrublands,Palearctic
700,acid_so2,cf_median,2.251185,Khangai Mountains conifer forests,5.0,Temperate Conifer Forests,Palearctic
295,acid_so2,cf_median,0.63439876,Khathiar-Gir dry deciduous forests,2.0,Tropical & Subtropical Dry Broadleaf Forests,Indomalayan
186,acid_so2,cf_median,0.41106784,Kimberly tropical savanna,7.0,"Tropical & Subtropical Grasslands, Savannas & Shrublands",Australasia
357,acid_so2,cf_median,1.0194921,Klamath-Siskiyou forests,5.0,Temperate Conifer Forests,Nearctic
15,acid_so2,cf_median,0.2557796,Knysna-Amatole montane forests,1.0,Tropical & Subtropical Moist Broadleaf Forests,Afrotropic
774,acid_so2,cf_median,3.244575,Kola Peninsula tundra,11.0,Tundra,Palearctic
829,acid_so2,cf_median,1.9865276,Kopet Dag semi-desert,13.0,Deserts & Xeric Shrublands,Palearctic
756,acid_so2,cf_median,2.1974497,Kopet Dag woodlands and forest steppe,10.0,Montane Grasslands & Shrublands,Palearctic
757,acid_so2,cf_median,1.0308589,Kuh Rud and Eastern Iran montane woodlands,10.0,Montane Grasslands & Shrublands,Palearctic
16,acid_so2,cf_median,0.46722794,Kwazulu Natal-Cape coastal forests,1.0,Tropical & Subtropical Moist Broadleaf Forests,Afrotropic
603,acid_so2,cf_median,0.20388748,La Costa xeric shrublands,13.0,Deserts & Xeric Shrublands,Neotropic
72,acid_so2,cf_median,10.813172,Lake Chad flooded savanna,9.0,Flooded Grasslands & Savannas,Afrotropic
536,acid_so2,cf_median,0.20388748,Lara-Falcón dry forests,2.0,Tropical & Subtropical Dry Broadleaf Forests,Neotropic
475,acid_so2,cf_median,0.16723903,Leeward Islands moist forests,1.0,Tropical & Subtropical Moist Broadleaf Forests,Neotropic
163,acid_so2,cf_median,0.17675567,Lesser Sundas deciduous forests,2.0,Tropical & Subtropical Dry Broadleaf Forests,Australasia
48,acid_so2,cf_median,0.76643157,Limpopo lowveld,7.0,"Tropical & Subtropical Grasslands, Savannas & Shrublands",Afrotropic
572,acid_so2,cf_median,0.5157278,Llanos,7.0,"Tropical & Subtropical Grasslands, Savannas & Shrublands",Neotropic
142,acid_so2,cf_median,0.08033537,Lord Howe Island subtropical forests,1.0,Tropical & Subtropical Moist Broadleaf Forests,Australasia
143,acid_so2,cf_median,0.0959264,Louisiade Archipelago rain forests,1.0,Tropical & Subtropical Moist Broadleaf Forests,Australasia
577,acid_so2,cf_median,0.48054227,Low Monte,8.0,"Temperate Grasslands, Savannas & Shrublands",Neotropic
238,acid_so2,cf_median,0.72372794,Lower Gangetic Plains moist deciduous forests,1.0,Tropical & Subtropical Moist Broadleaf Forests,Indomalayan
239,acid_so2,cf_median,0.6272277,Luang Prabang montane rain forests,1.0,Tropical & Subtropical Moist Broadleaf Forests,Indomalayan
240,acid_so2,cf_median,0.30737177,Luzon montane rain forests,1.0,Tropical & Subtropical Moist Broadleaf Forests,Indomalayan
241,acid_so2,cf_median,0.3571203,Luzon rain forests,1.0,Tropical & Subtropical Moist Broadleaf Forests,Indomalayan
303,acid_so2,cf_median,0.32111543,Luzon tropical pine forests,3.0,Tropical & Subtropical Coniferous Forests,Indomalayan
32,acid_so2,cf_median,0.42433202,Madagascar dry deciduous forests,2.0,Tropical & Subtropical Dry Broadleaf Forests,Afrotropic
83,acid_so2,cf_median,0.77612615,Madagascar ericoid thickets,10.0,Montane Grasslands & Shrublands,Afrotropic
17,acid_so2,cf_median,0.57392985,Madagascar humid forests,1.0,Tropical & Subtropical Moist Broadleaf Forests,Afrotropic
114,acid_so2,cf_median,0.397813,Madagascar mangroves,14.0,Mangroves,Afrotropic
99,acid_so2,cf_median,0.69680005,Madagascar spiny thickets,13.0,Deserts & Xeric Shrublands,Afrotropic
18,acid_so2,cf_median,0.654888,Madagascar subhumid forests,1.0,Tropical & Subtropical Moist Broadleaf Forests,Afrotropic
100,acid_so2,cf_median,0.7442895,Madagascar succulent woodlands,13.0,Deserts & Xeric Shrublands,Afrotropic
476,acid_so2,cf_median,1.5999628,Madeira-Tapajós moist forests,1.0,Tropical & Subtropical Moist Broadleaf Forests,Neotropic
668,acid_so2,cf_median,0.21564716,Madeira evergreen forests,4.0,Temperate Broadleaf & Mixed Forests,Palearctic
478,acid_so2,cf_median,0.37001318,Magdalena-Urabá moist forests,1.0,Tropical & Subtropical Moist Broadleaf Forests,Neotropic
538,acid_so2,cf_median,0.50788164,Magdalena Valley dry forests,2.0,Tropical & Subtropical Dry Broadleaf Forests,Neotropic
477,acid_so2,cf_median,0.44125032,Magdalena Valley montane forests,1.0,Tropical & Subtropical Moist Broadleaf Forests,Neotropic
561,acid_so2,cf_median,0.72671545,Magellanic subpolar forests,4.0,Temperate Broadleaf & Mixed Forests,Neotropic
73,acid_so2,cf_median,1.1633672,Makgadikgadi halophytics,9.0,Flooded Grasslands & Savannas,Afrotropic
242,acid_so2,cf_median,0.12978013,Malabar Coast moist forests,1.0,Tropical & Subtropical Moist Broadleaf Forests,Indomalayan
243,acid_so2,cf_median,0.10709003,Maldives-Lakshadweep-Chagos Archipelago tropical moist forests,1.0,Tropical & Subtropical Moist Broadleaf Forests,Indomalayan
604,acid_so2,cf_median,0.29494143,Malpelo Island xeric scrub,13.0,Deserts & Xeric Shrublands,Neotropic
669,acid_so2,cf_median,3.318489,Manchurian mixed forests,4.0,Temperate Broadleaf & Mixed Forests,Palearctic
49,acid_so2,cf_median,1.2021986,Mandara Plateau woodlands,7.0,"Tropical & Subtropical Grasslands, Savannas & Shrublands",Afrotropic
19,acid_so2,cf_median,0.5528001,Maputaland coastal forests and woodlands,1.0,Tropical & Subtropical Moist Broadleaf Forests,Afrotropic
539,acid_so2,cf_median,0.19896486,Maracaibo dry forests,2.0,Tropical & Subtropical Dry Broadleaf Forests,Neotropic
480,acid_so2,cf_median,0.90949315,Marajó várzea,1.0,Tropical & Subtropical Moist Broadleaf Forests,Neotropic
540,acid_so2,cf_median,0.63261294,Maranhão Babaçu forests,2.0,Tropical & Subtropical Dry Broadleaf Forests,Neotropic
479,acid_so2,cf_median,0.74185,Marañón dry forests,1.0,Tropical & Subtropical Moist Broadleaf Forests,Neotropic
637,acid_so2,cf_median,0.10274767,Marianas tropical dry forests,2.0,Tropical & Subtropical Dry Broadleaf Forests,Oceania
625,acid_so2,cf_median,0.0019951572,Marquesas tropical moist forests,1.0,Tropical & Subtropical Moist Broadleaf Forests,Oceania
50,acid_so2,cf_median,0.77345747,Masai xeric grasslands and shrublands,7.0,"Tropical & Subtropical Grasslands, Savannas & Shrublands",Afrotropic
20,acid_so2,cf_median,0.1775879,Mascarene forests,1.0,Tropical & Subtropical Moist Broadleaf Forests,Afrotropic
481,acid_so2,cf_median,1.1354383,Mato Grosso tropical dry forests,1.0,Tropical & Subtropical Moist Broadleaf Forests,Neotropic
796,acid_so2,cf_median,0.32640663,Mediterranean Acacia-Argania dry woodlands and succulent thickets,12.0,"Mediterranean Forests, Woodlands & Scrub",Palearctic
701,acid_so2,cf_median,0.48446316,Mediterranean conifer and mixed forests,5.0,Temperate Conifer Forests,Palearctic
797,acid_so2,cf_median,0.4759518,Mediterranean dry woodlands and steppe,12.0,"Mediterranean Forests, Woodlands & Scrub",Palearctic
758,acid_so2,cf_median,0.34389117,Mediterranean High Atlas juniper steppe,10.0,Montane Grasslands & Shrublands,Palearctic
798,acid_so2,cf_median,0.4213709,Mediterranean woodlands and forests,12.0,"Mediterranean Forests, Woodlands & Scrub",Palearctic
244,acid_so2,cf_median,0.9783924,Meghalaya subtropical forests,1.0,Tropical & Subtropical Moist Broadleaf Forests,Indomalayan
245,acid_so2,cf_median,0.35668457,Mentawai Islands rain forests,1.0,Tropical & Subtropical Moist Broadleaf Forests,Indomalayan
432,acid_so2,cf_median,0.4439939,Meseta Central matorral,13.0,Deserts & Xeric Shrublands,Nearctic
613,acid_so2,cf_median,0.28172848,Mesoamerican Gulf-Caribbean mangroves,14.0,Mangroves,Neotropic
830,acid_so2,cf_median,1.0023454,Mesopotamian shrub desert,13.0,Deserts & Xeric Shrublands,Palearctic
376,acid_so2,cf_median,3.53284,Mid-Canada Boreal Plains forests,6.0,Boreal Forests/Taiga,Nearctic
414,acid_so2,cf_median,1.0647521,Canadian Middle Arctic Tundra,11.0,Tundra,Nearctic
393,acid_so2,cf_median,0.9541943,Mid-Atlantic US coastal savannas,8.0,"Temperate Grasslands, Savannas & Shrublands",Nearctic
377,acid_so2,cf_median,5.040996,Midwest Canadian Shield forests,6.0,Boreal Forests/Taiga,Nearctic
247,acid_so2,cf_median,0.1737061,Mindanao-Eastern Visayas rain forests,1.0,Tropical & Subtropical Moist Broadleaf Forests,Indomalayan
246,acid_so2,cf_median,0.16118601,Mindanao montane rain forests,1.0,Tropical & Subtropical Moist Broadleaf Forests,Indomalayan
248,acid_so2,cf_median,0.25771704,Mindoro rain forests,1.0,Tropical & Subtropical Moist Broadleaf Forests,Indomalayan
573,acid_so2,cf_median,0.23298359,Miskito pine forests,7.0,"Tropical & Subtropical Grasslands, Savannas & Shrublands",Neotropic
337,acid_so2,cf_median,0.85189426,Mississippi lowland forests,4.0,Temperate Broadleaf & Mixed Forests,Nearctic
187,acid_so2,cf_median,0.31741178,Mitchell Grass Downs,7.0,"Tropical & Subtropical Grasslands, Savannas & Shrublands",Australasia
249,acid_so2,cf_median,0.9082793,Mizoram-Manipur-Kachin rain forests,1.0,Tropical & Subtropical Moist Broadleaf Forests,Indomalayan
433,acid_so2,cf_median,0.6858141,Mojave desert,13.0,Deserts & Xeric Shrublands,Nearctic
734,acid_so2,cf_median,1.7703502,Mongolian-Manchurian grassland,8.0,"Temperate Grasslands, Savannas & Shrublands",Palearctic
394,acid_so2,cf_median,2.0412726,Montana Valley and Foothill grasslands,8.0,"Temperate Grasslands, Savannas & Shrublands",Nearctic
482,acid_so2,cf_median,1.5578338,Monte Alegre várzea,1.0,Tropical & Subtropical Moist Broadleaf Forests,Neotropic
605,acid_so2,cf_median,0.23328047,Motagua Valley thornscrub,13.0,Deserts & Xeric Shrublands,Neotropic
21,acid_so2,cf_median,0.8762066,Mount Cameroon and Bioko montane forests,1.0,Tropical & Subtropical Moist Broadleaf Forests,Afrotropic
84,acid_so2,cf_median,0.90748435,Mulanje Montane forest-grassland,10.0,Montane Grasslands & Shrublands,Afrotropic
203,acid_so2,cf_median,0.18100114,Murray-Darling woodlands and mallee,12.0,"Mediterranean Forests, Woodlands & Scrub",Australasia
378,acid_so2,cf_median,3.3138251,Muskwa-Slave Lake taiga,6.0,Boreal Forests/Taiga,Nearctic
321,acid_so2,cf_median,0.52241594,Myanmar Coast mangroves,14.0,Mangroves,Indomalayan
250,acid_so2,cf_median,0.6083293,Myanmar coastal rain forests,1.0,Tropical & Subtropical Moist Broadleaf Forests,Indomalayan
101,acid_so2,cf_median,0.41071233,Nama Karoo shrublands,13.0,Deserts & Xeric Shrublands,Afrotropic
102,acid_so2,cf_median,0.32780075,Namaqualand-Richtersveld steppe,13.0,Deserts & Xeric Shrublands,Afrotropic
103,acid_so2,cf_median,0.43166173,Namib Desert,13.0,Deserts & Xeric Shrublands,Afrotropic
104,acid_so2,cf_median,0.49417412,Namibian savanna woodlands,13.0,Deserts & Xeric Shrublands,Afrotropic
251,acid_so2,cf_median,0.26138544,Nansei Islands subtropical evergreen forests,1.0,Tropical & Subtropical Moist Broadleaf Forests,Indomalayan
483,acid_so2,cf_median,1.5079302,Napo moist forests,1.0,Tropical & Subtropical Moist Broadleaf Forests,Neotropic
204,acid_so2,cf_median,0.3137712,Naracoorte woodlands,12.0,"Mediterranean Forests, Woodlands & Scrub",Australasia
296,acid_so2,cf_median,0.43716934,Narmada Valley dry deciduous forests,2.0,Tropical & Subtropical Dry Broadleaf Forests,Indomalayan
395,acid_so2,cf_median,1.5396796,Nebraska Sand Hills mixed grasslands,8.0,"Temperate Grasslands, Savannas & Shrublands",Nearctic
484,acid_so2,cf_median,1.1424702,Negro-Branco moist forests,1.0,Tropical & Subtropical Moist Broadleaf Forests,Neotropic
170,acid_so2,cf_median,0.35030472,Nelson Coast temperate forests,4.0,Temperate Broadleaf & Mixed Forests,Australasia
743,acid_so2,cf_median,1.8209623,Nenjiang River grassland,9.0,Flooded Grasslands & Savannas,Palearctic
144,acid_so2,cf_median,0.15823355,New Britain-New Ireland lowland rain forests,1.0,Tropical & Subtropical Moist Broadleaf Forests,Australasia
145,acid_so2,cf_median,0.16867459,New Britain-New Ireland montane rain forests,1.0,Tropical & Subtropical Moist Broadleaf Forests,Australasia
164,acid_so2,cf_median,0.04036811,New Caledonia dry forests,2.0,Tropical & Subtropical Dry Broadleaf Forests,Australasia
146,acid_so2,cf_median,0.04036811,New Caledonia rain forests,1.0,Tropical & Subtropical Moist Broadleaf Forests,Australasia
338,acid_so2,cf_median,2.800152,New England-Acadian forests,4.0,Temperate Broadleaf & Mixed Forests,Nearctic
217,acid_so2,cf_median,0.24315363,New Guinea mangroves,14.0,Mangroves,Australasia
252,acid_so2,cf_median,0.32264856,Nicobar Islands rain forests,1.0,Tropical & Subtropical Moist Broadleaf Forests,Indomalayan
22,acid_so2,cf_median,0.69879824,Niger Delta swamp forests,1.0,Tropical & Subtropical Moist Broadleaf Forests,Afrotropic
23,acid_so2,cf_median,0.6450241,Nigerian lowland forests,1.0,Tropical & Subtropical Moist Broadleaf Forests,Afrotropic
670,acid_so2,cf_median,0.9083765,Nihonkai evergreen forests,4.0,Temperate Broadleaf & Mixed Forests,Palearctic
671,acid_so2,cf_median,1.1382918,Nihonkai montane deciduous forests,4.0,Temperate Broadleaf & Mixed Forests,Palearctic
744,acid_so2,cf_median,1.1528153,Nile Delta flooded savanna,9.0,Flooded Grasslands & Savannas,Palearctic
147,acid_so2,cf_median,0.049167957,Norfolk Island subtropical forests,1.0,Tropical & Subtropical Moist Broadleaf Forests,Australasia
831,acid_so2,cf_median,1.4829925,North Arabian desert,13.0,Deserts & Xeric Shrublands,Palearctic
832,acid_so2,cf_median,1.7048249,North Arabian highland shrublands,13.0,Deserts & Xeric Shrublands,Palearctic
171,acid_so2,cf_median,0.79414773,New Zealand North Island temperate forests,4.0,Temperate Broadleaf & Mixed Forests,Australasia
833,acid_so2,cf_median,0.6054761,North Saharan Xeric Steppe and Woodland,13.0,Deserts & Xeric Shrublands,Palearctic
106,acid_so2,cf_median,0.30883723,Somali montane xeric woodlands,13.0,Deserts & Xeric Shrublands,Afrotropic
759,acid_so2,cf_median,2.4927897,North Tibetan Plateau-Kunlun Mountains alpine desert,10.0,Montane Grasslands & Shrublands,Palearctic
253,acid_so2,cf_median,0.18514892,North Western Ghats moist deciduous forests,1.0,Tropical & Subtropical Moist Broadleaf Forests,Indomalayan
254,acid_so2,cf_median,0.14938402,North Western Ghats montane rain forests,1.0,Tropical & Subtropical Moist Broadleaf Forests,Indomalayan
673,acid_so2,cf_median,2.0753236,Northeast China Plain deciduous forests,4.0,Temperate Broadleaf & Mixed Forests,Palearctic
304,acid_so2,cf_median,1.1049465,Northeast India-Myanmar pine forests,3.0,Tropical & Subtropical Coniferous Forests,Indomalayan
775,acid_so2,cf_median,0.39033374,Northeast Siberian coastal tundra,11.0,Tundra,Palearctic
714,acid_so2,cf_median,0.7952022,Northeast Siberian taiga,6.0,Boreal Forests/Taiga,Palearctic
485,acid_so2,cf_median,0.39497086,Northeast Brazil restingas,1.0,Tropical & Subtropical Moist Broadleaf Forests,Neotropic
24,acid_so2,cf_median,1.2923285,Northeast Congolian lowland forests,1.0,Tropical & Subtropical Moist Broadleaf Forests,Afrotropic
702,acid_so2,cf_median,1.7903258,Northeast Himalayan subalpine conifer forests,5.0,Temperate Conifer Forests,Palearctic
799,acid_so2,cf_median,1.8832833,Northeast Spain and Southern France Mediterranean forests,12.0,"Mediterranean Forests, Woodlands & Scrub",Palearctic
339,acid_so2,cf_median,1.4238944,Northeast US Coastal forests,4.0,Temperate Broadleaf & Mixed Forests,Nearctic
51,acid_so2,cf_median,0.703993,Northern Acacia-Commiphora bushlands and thickets,7.0,"Tropical & Subtropical Grasslands, Savannas & Shrublands",Afrotropic
703,acid_so2,cf_median,1.1881758,Northern Anatolian conifer and deciduous forests,5.0,Temperate Conifer Forests,Palearctic
593,acid_so2,cf_median,0.5282355,Northern Andean páramo,10.0,Montane Grasslands & Shrublands,Neotropic
255,acid_so2,cf_median,0.61258847,Northern Annamites rain forests,1.0,Tropical & Subtropical Moist Broadleaf Forests,Indomalayan
359,acid_so2,cf_median,0.668217,Northern California coastal forests,5.0,Temperate Conifer Forests,Nearctic
379,acid_so2,cf_median,2.8502758,Northern Canadian Shield taiga,6.0,Boreal Forests/Taiga,Nearctic
52,acid_so2,cf_median,1.2450874,Northern Congolian Forest-Savanna,7.0,"Tropical & Subtropical Grasslands, Savannas & Shrublands",Afrotropic
297,acid_so2,cf_median,0.33707955,North Deccan dry deciduous forests,2.0,Tropical & Subtropical Dry Broadleaf Forests,Indomalayan
256,acid_so2,cf_median,0.931502,Northern Indochina subtropical forests,1.0,Tropical & Subtropical Moist Broadleaf Forests,Indomalayan
257,acid_so2,cf_median,0.6272277,Northern Khorat Plateau moist deciduous forests,1.0,Tropical & Subtropical Moist Broadleaf Forests,Indomalayan
614,acid_so2,cf_median,0.3505725,Northern Mesoamerican Pacific mangroves,14.0,Mangroves,Neotropic
148,acid_so2,cf_median,0.21986645,Northern New Guinea lowland rain and freshwater swamp forests,1.0,Tropical & Subtropical Moist Broadleaf Forests,Australasia
149,acid_so2,cf_median,0.172849,Northern New Guinea montane rain forests,1.0,Tropical & Subtropical Moist Broadleaf Forests,Australasia
396,acid_so2,cf_median,1.7887015,Northern Shortgrass prairie,8.0,"Temperate Grasslands, Savannas & Shrublands",Nearctic
25,acid_so2,cf_median,0.71230704,Northern Swahili coastal forests,1.0,Tropical & Subtropical Moist Broadleaf Forests,Afrotropic
397,acid_so2,cf_median,2.1468995,Northern Tallgrass prairie,8.0,"Temperate Grasslands, Savannas & Shrublands",Nearctic
258,acid_so2,cf_median,0.5795135,Northern Thailand-Laos moist deciduous forests,1.0,Tropical & Subtropical Moist Broadleaf Forests,Indomalayan
259,acid_so2,cf_median,1.210232,Northern Triangle subtropical forests,1.0,Tropical & Subtropical Moist Broadleaf Forests,Indomalayan
307,acid_so2,cf_median,1.538992,Northern Triangle temperate forests,4.0,Temperate Broadleaf & Mixed Forests,Indomalayan
260,acid_so2,cf_median,0.61258847,Northern Vietnam lowland rain forests,1.0,Tropical & Subtropical Moist Broadleaf Forests,Indomalayan
173,acid_so2,cf_median,0.4442637,Northland temperate kauri forests,4.0,Temperate Broadleaf & Mixed Forests,Australasia
800,acid_so2,cf_median,0.5637696,Northwest Iberian montane forests,12.0,"Mediterranean Forests, Woodlands & Scrub",Palearctic
776,acid_so2,cf_median,2.2114139,Northwest Russian-Novaya Zemlya tundra,11.0,Tundra,Palearctic
486,acid_so2,cf_median,0.5282355,Northwest Andean montane forests,1.0,Tropical & Subtropical Moist Broadleaf Forests,Neotropic
26,acid_so2,cf_median,1.2090989,Northwest Congolian lowland forests,1.0,Tropical & Subtropical Moist Broadleaf Forests,Afrotropic
641,acid_so2,cf_median,0.062820286,Northwest Hawai'i scrub,7.0,"Tropical & Subtropical Grasslands, Savannas & Shrublands",Oceania
760,acid_so2,cf_median,2.5654814,Northwestern Himalayan alpine shrub and meadows,10.0,Montane Grasslands & Shrublands,Palearctic
314,acid_so2,cf_median,1.6741222,Aravalli west thorn scrub forests,13.0,Deserts & Xeric Shrublands,Indomalayan
777,acid_so2,cf_median,0.36778775,Novosibirsk Islands Arctic desert,11.0,Tundra,Palearctic
704,acid_so2,cf_median,1.9018608,Nujiang Langcang Gorge alpine conifer and mixed forests,5.0,Temperate Conifer Forests,Palearctic
212,acid_so2,cf_median,0.18127257,Nullarbor Plains xeric shrublands,13.0,Deserts & Xeric Shrublands,Australasia
85,acid_so2,cf_median,0.8506337,Nyanga-Chimanimani Montane forest-grassland,10.0,Montane Grasslands & Shrublands,Afrotropic
487,acid_so2,cf_median,0.6089324,Oaxacan montane forests,1.0,Tropical & Subtropical Moist Broadleaf Forests,Neotropic
626,acid_so2,cf_median,0.11189991,Ogasawara subtropical moist forests,1.0,Tropical & Subtropical Moist Broadleaf Forests,Oceania
419,acid_so2,cf_median,1.6870569,Ogilvie-MacKenzie alpine tundra,11.0,Tundra,Nearctic
362,acid_so2,cf_median,3.4069855,Okanogan dry forests,5.0,Temperate Conifer Forests,Nearctic
715,acid_so2,cf_median,4.0920196,Okhotsk-Manchurian taiga,6.0,Boreal Forests/Taiga,Palearctic
761,acid_so2,cf_median,1.8230466,Ordos Plateau steppe,10.0,Montane Grasslands & Shrublands,Palearctic
488,acid_so2,cf_median,0.34188783,Orinoco Delta swamp forests,1.0,Tropical & Subtropical Moist Broadleaf Forests,Neotropic
583,acid_so2,cf_median,0.2592415,Orinoco wetlands,9.0,Flooded Grasslands & Savannas,Neotropic
261,acid_so2,cf_median,0.3819565,Orissa semi-evergreen forests,1.0,Tropical & Subtropical Moist Broadleaf Forests,Indomalayan
340,acid_so2,cf_median,1.0451527,Ozark Highlands mixed forests,4.0,Temperate Broadleaf & Mixed Forests,Nearctic
341,acid_so2,cf_median,0.9380893,Ozark Mountain forests,4.0,Temperate Broadleaf & Mixed Forests,Nearctic
420,acid_so2,cf_median,2.5124707,Pacific Coastal Mountain icefields and tundra,11.0,Tundra,Nearctic
627,acid_so2,cf_median,0.13542132,Palau tropical moist forests,1.0,Tropical & Subtropical Moist Broadleaf Forests,Oceania
262,acid_so2,cf_median,0.24585429,Palawan rain forests,1.0,Tropical & Subtropical Moist Broadleaf Forests,Indomalayan
398,acid_so2,cf_median,2.1030607,Palouse prairie,8.0,"Temperate Grasslands, Savannas & Shrublands",Nearctic
762,acid_so2,cf_median,3.8859823,Pamir alpine desert and tundra,10.0,Montane Grasslands & Shrublands,Palearctic
541,acid_so2,cf_median,0.20511442,Panamanian dry forests,2.0,Tropical & Subtropical Dry Broadleaf Forests,Neotropic
674,acid_so2,cf_median,2.342298,Pannonian mixed forests,4.0,Temperate Broadleaf & Mixed Forests,Palearctic
584,acid_so2,cf_median,0.92895794,Pantanal,9.0,Flooded Grasslands & Savannas,Neotropic
489,acid_so2,cf_median,0.28172848,Pantanos de Centla,1.0,Tropical & Subtropical Moist Broadleaf Forests,Neotropic
490,acid_so2,cf_median,0.8089888,Pantepui forests & shrublands,1.0,Tropical & Subtropical Moist Broadleaf Forests,Neotropic
606,acid_so2,cf_median,0.19896486,Paraguaná xeric scrub,13.0,Deserts & Xeric Shrublands,Neotropic
585,acid_so2,cf_median,0.51501155,Paraná flooded savanna,9.0,Flooded Grasslands & Savannas,Neotropic
834,acid_so2,cf_median,3.5105205,Paropamisus xeric woodlands,13.0,Deserts & Xeric Shrublands,Palearctic
578,acid_so2,cf_median,0.48054227,Patagonian steppe,8.0,"Temperate Grasslands, Savannas & Shrublands",Neotropic
542,acid_so2,cf_median,0.65109915,Patía valley dry forests,2.0,Tropical & Subtropical Dry Broadleaf Forests,Neotropic
263,acid_so2,cf_median,0.40979135,Peninsular Malaysian montane rain forests,1.0,Tropical & Subtropical Moist Broadleaf Forests,Indomalayan
264,acid_so2,cf_median,0.44016674,Peninsular Malaysian peat swamp forests,1.0,Tropical & Subtropical Moist Broadleaf Forests,Indomalayan
265,acid_so2,cf_median,0.44016674,Peninsular Malaysian rain forests,1.0,Tropical & Subtropical Moist Broadleaf Forests,Indomalayan
491,acid_so2,cf_median,0.29900137,Pernambuco coastal forests,1.0,Tropical & Subtropical Moist Broadleaf Forests,Neotropic
492,acid_so2,cf_median,0.29900137,Pernambuco interior forests,1.0,Tropical & Subtropical Moist Broadleaf Forests,Neotropic
493,acid_so2,cf_median,1.7141682,Peruvian Yungas,1.0,Tropical & Subtropical Moist Broadleaf Forests,Neotropic
494,acid_so2,cf_median,0.28172848,Petén-Veracruz moist forests,1.0,Tropical & Subtropical Moist Broadleaf Forests,Neotropic
213,acid_so2,cf_median,0.18343805,Pilbara shrublands,13.0,Deserts & Xeric Shrublands,Australasia
801,acid_so2,cf_median,0.847737,Pindus Mountains mixed forests,12.0,"Mediterranean Forests, Woodlands & Scrub",Palearctic
363,acid_so2,cf_median,0.6680294,Piney Woods,5.0,Temperate Conifer Forests,Nearctic
675,acid_so2,cf_median,2.65496,Po Basin mixed forests,4.0,Temperate Broadleaf & Mixed Forests,Palearctic
735,acid_so2,cf_median,1.2391726,Pontic steppe,8.0,"Temperate Grasslands, Savannas & Shrublands",Palearctic
543,acid_so2,cf_median,0.14837147,Puerto Rican dry forests,2.0,Tropical & Subtropical Dry Broadleaf Forests,Neotropic
495,acid_so2,cf_median,0.14837147,Puerto Rican moist forests,1.0,Tropical & Subtropical Moist Broadleaf Forests,Neotropic
364,acid_so2,cf_median,2.492487,Puget lowland forests,5.0,Temperate Conifer Forests,Nearctic
497,acid_so2,cf_median,1.98981,Purus-Madeira moist forests,1.0,Tropical & Subtropical Moist Broadleaf Forests,Neotropic
496,acid_so2,cf_median,1.8156791,Purus várzea,1.0,Tropical & Subtropical Moist Broadleaf Forests,Neotropic
676,acid_so2,cf_median,1.5268768,Pyrenees conifer and mixed forests,4.0,Temperate Broadleaf & Mixed Forests,Palearctic
835,acid_so2,cf_median,2.0801961,Qaidam Basin semi-desert,13.0,Deserts & Xeric Shrublands,Palearctic
705,acid_so2,cf_median,2.7235405,Qilian Mountains conifer forests,5.0,Temperate Conifer Forests,Palearctic
763,acid_so2,cf_median,2.0801961,Qilian Mountains subalpine meadows,10.0,Montane Grasslands & Shrublands,Palearctic
677,acid_so2,cf_median,2.0588531,Qin Ling Mountains deciduous forests,4.0,Temperate Broadleaf & Mixed Forests,Palearctic
706,acid_so2,cf_median,1.9668697,Qionglai-Minshan conifer forests,5.0,Temperate Conifer Forests,Palearctic
150,acid_so2,cf_median,0.26099363,Queensland tropical rain forests,1.0,Tropical & Subtropical Moist Broadleaf Forests,Australasia
174,acid_so2,cf_median,0.24481738,Rakiura Island temperate forests,4.0,Temperate Broadleaf & Mixed Forests,Australasia
312,acid_so2,cf_median,1.2311274,Rann of Kutch seasonal salt marsh,9.0,Flooded Grasslands & Savannas,Indomalayan
628,acid_so2,cf_median,0.05514501,Rapa Nui and Sala y Gómez subtropical forests,1.0,Tropical & Subtropical Moist Broadleaf Forests,Oceania
266,acid_so2,cf_median,0.72513884,Red River freshwater swamp forests,1.0,Tropical & Subtropical Moist Broadleaf Forests,Indomalayan
837,acid_so2,cf_median,1.0735523,Red Sea-Arabian Desert shrublands,13.0,Deserts & Xeric Shrublands,Palearctic
836,acid_so2,cf_median,0.920311,Red Sea coastal desert,13.0,Deserts & Xeric Shrublands,Palearctic
115,acid_so2,cf_median,0.49737754,Red Sea mangroves,14.0,Mangroves,Afrotropic
838,acid_so2,cf_median,1.4587419,Registan-North Pakistan sandy desert,13.0,Deserts & Xeric Shrublands,Palearctic
90,acid_so2,cf_median,0.2225776,Renosterveld shrubland,12.0,"Mediterranean Forests, Woodlands & Scrub",Afrotropic
175,acid_so2,cf_median,0.4972212,Richmond temperate forests,4.0,Temperate Broadleaf & Mixed Forests,Australasia
498,acid_so2,cf_median,0.9963381,Rio Negro campinarana,1.0,Tropical & Subtropical Moist Broadleaf Forests,Neotropic
678,acid_so2,cf_median,1.9120413,Rodope montane mixed forests,4.0,Temperate Broadleaf & Mixed Forests,Palearctic
86,acid_so2,cf_median,1.1491333,Rwenzori-Virunga montane moorlands,10.0,Montane Grasslands & Shrublands,Afrotropic
745,acid_so2,cf_median,0.5604739,Saharan halophytics,9.0,Flooded Grasslands & Savannas,Palearctic
53,acid_so2,cf_median,0.906743,Sahelian Acacia savanna,7.0,"Tropical & Subtropical Grasslands, Savannas & Shrublands",Afrotropic
716,acid_so2,cf_median,1.8435042,Sakhalin Island taiga,6.0,Boreal Forests/Taiga,Palearctic
629,acid_so2,cf_median,0.0077586155,Samoan tropical moist forests,1.0,Tropical & Subtropical Moist Broadleaf Forests,Oceania
562,acid_so2,cf_median,0.8813893,San Félix-San Ambrosio Islands temperate forests,4.0,Temperate Broadleaf & Mixed Forests,Neotropic
607,acid_so2,cf_median,0.32137036,San Lucan xeric scrub,13.0,Deserts & Xeric Shrublands,Neotropic
425,acid_so2,cf_median,0.32080057,Santa Lucia Montane Chaparral & Woodlands,12.0,"Mediterranean Forests, Woodlands & Scrub",Nearctic
499,acid_so2,cf_median,0.2085558,Santa Marta montane forests,1.0,Tropical & Subtropical Moist Broadleaf Forests,Neotropic
594,acid_so2,cf_median,0.2085558,Santa Marta páramo,10.0,Montane Grasslands & Shrublands,Neotropic
27,acid_so2,cf_median,0.61155576,"São Tomé, Príncipe, and Annobón forests",1.0,Tropical & Subtropical Moist Broadleaf Forests,Afrotropic
679,acid_so2,cf_median,2.3816597,Sarmatic mixed forests,4.0,Temperate Broadleaf & Mixed Forests,Palearctic
764,acid_so2,cf_median,3.3459327,Sayan alpine meadows and tundra,10.0,Montane Grasslands & Shrublands,Palearctic
736,acid_so2,cf_median,5.1079416,Sayan Intermontane steppe,8.0,"Temperate Grasslands, Savannas & Shrublands",Palearctic
707,acid_so2,cf_median,3.9289596,Sayan montane conifer forests,5.0,Temperate Conifer Forests,Palearctic
717,acid_so2,cf_median,4.048072,Scandinavian and Russian taiga,6.0,Boreal Forests/Taiga,Palearctic
708,acid_so2,cf_median,1.9155799,Scandinavian coastal conifer forests,5.0,Temperate Conifer Forests,Palearctic
780,acid_so2,cf_median,3.0733955,Scandinavian Montane Birch forest and grasslands,11.0,Tundra,Palearctic
608,acid_so2,cf_median,1.8754462,Sechura desert,13.0,Deserts & Xeric Shrublands,Neotropic
737,acid_so2,cf_median,2.2912364,Selenge-Orkhon forest steppe,8.0,"Temperate Grasslands, Savannas & Shrublands",Palearctic
151,acid_so2,cf_median,0.13862908,Seram rain forests,1.0,Tropical & Subtropical Moist Broadleaf Forests,Australasia
54,acid_so2,cf_median,0.6862862,Serengeti volcanic grasslands,7.0,"Tropical & Subtropical Grasslands, Savannas & Shrublands",Afrotropic
500,acid_so2,cf_median,0.6616868,Serra do Mar coastal forests,1.0,Tropical & Subtropical Moist Broadleaf Forests,Neotropic
680,acid_so2,cf_median,2.0593412,Sichuan Basin evergreen broadleaf forests,4.0,Temperate Broadleaf & Mixed Forests,Palearctic
544,acid_so2,cf_median,0.3505725,Sierra de la Laguna dry forests,2.0,Tropical & Subtropical Dry Broadleaf Forests,Neotropic
556,acid_so2,cf_median,0.3505725,Sierra de la Laguna pine-oak forests,3.0,Tropical & Subtropical Coniferous Forests,Neotropic
501,acid_so2,cf_median,0.3442743,Sierra de los Tuxtlas,1.0,Tropical & Subtropical Moist Broadleaf Forests,Neotropic
502,acid_so2,cf_median,0.27349353,Sierra Madre de Chiapas moist forests,1.0,Tropical & Subtropical Moist Broadleaf Forests,Neotropic
557,acid_so2,cf_median,0.6089324,Sierra Madre de Oaxaca pine-oak forests,3.0,Tropical & Subtropical Coniferous Forests,Neotropic
558,acid_so2,cf_median,0.3283089,Sierra Madre del Sur pine-oak forests,3.0,Tropical & Subtropical Coniferous Forests,Neotropic
326,acid_so2,cf_median,0.45519426,Sierra Madre Occidental pine-oak forests,3.0,Tropical & Subtropical Coniferous Forests,Nearctic
327,acid_so2,cf_median,0.49305335,Sierra Madre Oriental pine-oak forests,3.0,Tropical & Subtropical Coniferous Forests,Nearctic
366,acid_so2,cf_median,0.83010966,Sierra Nevada forests,5.0,Temperate Conifer Forests,Nearctic
214,acid_so2,cf_median,0.32948264,Simpson desert,13.0,Deserts & Xeric Shrublands,Australasia
545,acid_so2,cf_median,0.409686,Sinaloan dry forests,2.0,Tropical & Subtropical Dry Broadleaf Forests,Neotropic
546,acid_so2,cf_median,0.2085558,Sinú Valley dry forests,2.0,Tropical & Subtropical Dry Broadleaf Forests,Neotropic
434,acid_so2,cf_median,1.4454167,Snake-Columbia shrub steppe,13.0,Deserts & Xeric Shrublands,Nearctic
630,acid_so2,cf_median,0.0027772188,Society Islands tropical moist forests,1.0,Tropical & Subtropical Moist Broadleaf Forests,Oceania
105,acid_so2,cf_median,0.25024807,Socotra Island xeric shrublands,13.0,Deserts & Xeric Shrublands,Afrotropic
503,acid_so2,cf_median,1.3162776,Solimões-Japurá moist forests,1.0,Tropical & Subtropical Moist Broadleaf Forests,Neotropic
152,acid_so2,cf_median,0.061594952,Solomon Islands rain forests,1.0,Tropical & Subtropical Moist Broadleaf Forests,Australasia
55,acid_so2,cf_median,0.6319064,Somali Acacia-Commiphora bushlands and thickets,7.0,"Tropical & Subtropical Grasslands, Savannas & Shrublands",Afrotropic
324,acid_so2,cf_median,0.4824895,Sonoran-Sinaloan subtropical dry forest,2.0,Tropical & Subtropical Dry Broadleaf Forests,Nearctic
435,acid_so2,cf_median,0.5062976,Sonoran desert,13.0,Deserts & Xeric Shrublands,Nearctic
615,acid_so2,cf_median,0.3580909,South American Pacific mangroves,14.0,Mangroves,Neotropic
802,acid_so2,cf_median,0.99551994,South Apennine mixed montane forests,12.0,"Mediterranean Forests, Woodlands & Scrub",Palearctic
367,acid_so2,cf_median,1.8699825,South Central Rockies forests,5.0,Temperate Conifer Forests,Nearctic
268,acid_so2,cf_median,0.91782916,South China-Vietnam subtropical evergreen forests,1.0,Tropical & Subtropical Moist Broadleaf Forests,Indomalayan
267,acid_so2,cf_median,0.503982,South China Sea Islands,1.0,Tropical & Subtropical Moist Broadleaf Forests,Indomalayan
298,acid_so2,cf_median,0.14148128,South Deccan Plateau dry deciduous forests,2.0,Tropical & Subtropical Dry Broadleaf Forests,Indomalayan
841,acid_so2,cf_median,0.8759151,South Iran Nubo-Sindian desert and semi-desert,13.0,Deserts & Xeric Shrublands,Palearctic
194,acid_so2,cf_median,0.37576646,New Zealand South Island montane grasslands,10.0,Montane Grasslands & Shrublands,Australasia
172,acid_so2,cf_median,0.5313978,New Zealand South Island temperate forests,4.0,Temperate Broadleaf & Mixed Forests,Australasia
842,acid_so2,cf_median,0.731638,South Sahara desert,13.0,Deserts & Xeric Shrublands,Palearctic
738,acid_so2,cf_median,3.438721,South Siberian forest steppe,8.0,"Temperate Grasslands, Savannas & Shrublands",Palearctic
269,acid_so2,cf_median,0.42558244,South Taiwan monsoon rain forests,1.0,Tropical & Subtropical Moist Broadleaf Forests,Indomalayan
270,acid_so2,cf_median,0.14027163,South Western Ghats moist deciduous forests,1.0,Tropical & Subtropical Moist Broadleaf Forests,Indomalayan
271,acid_so2,cf_median,0.14307275,South Western Ghats montane rain forests,1.0,Tropical & Subtropical Moist Broadleaf Forests,Indomalayan
176,acid_so2,cf_median,0.25516644,Southeast Australia temperate forests,4.0,Temperate Broadleaf & Mixed Forests,Australasia
192,acid_so2,cf_median,0.1897711,Southeast Australia temperate savanna,8.0,"Temperate Grasslands, Savannas & Shrublands",Australasia
765,acid_so2,cf_median,2.0291514,Southeast Tibet shrublands and meadows,10.0,Montane Grasslands & Shrublands,Palearctic
400,acid_so2,cf_median,1.1403369,Southeast US mixed woodlands and savannas,8.0,"Temperate Grasslands, Savannas & Shrublands",Nearctic
399,acid_so2,cf_median,1.0225536,Southeast US conifer savannas,8.0,"Temperate Grasslands, Savannas & Shrublands",Nearctic
803,acid_so2,cf_median,0.425692,Southeast Iberian shrubs and woodlands,12.0,"Mediterranean Forests, Woodlands & Scrub",Palearctic
299,acid_so2,cf_median,0.46589035,Southeast Indochina dry evergreen forests,2.0,Tropical & Subtropical Dry Broadleaf Forests,Indomalayan
153,acid_so2,cf_median,0.19950011,Southeast Papuan rain forests,1.0,Tropical & Subtropical Moist Broadleaf Forests,Australasia
57,acid_so2,cf_median,0.6862862,Southern Acacia-Commiphora bushlands and thickets,7.0,"Tropical & Subtropical Grasslands, Savannas & Shrublands",Afrotropic
116,acid_so2,cf_median,0.46722794,Southern Africa mangroves,14.0,Mangroves,Afrotropic
804,acid_so2,cf_median,0.7955096,Southern Anatolian montane conifer and deciduous forests,12.0,"Mediterranean Forests, Woodlands & Scrub",Palearctic
595,acid_so2,cf_median,0.9783421,Southern Andean steppe,10.0,Montane Grasslands & Shrublands,Neotropic
504,acid_so2,cf_median,1.0677185,Southern Andean Yungas,1.0,Tropical & Subtropical Moist Broadleaf Forests,Neotropic
272,acid_so2,cf_median,0.49874464,Southern Annamites montane rain forests,1.0,Tropical & Subtropical Moist Broadleaf Forests,Indomalayan
616,acid_so2,cf_median,0.49275768,Southern Atlantic Brazilian mangroves,14.0,Mangroves,Neotropic
586,acid_so2,cf_median,0.62415177,Southern Cone Mesopotamian savanna,9.0,Flooded Grasslands & Savannas,Neotropic
58,acid_so2,cf_median,1.3487511,Southern Congolian forest-savanna,7.0,"Tropical & Subtropical Grasslands, Savannas & Shrublands",Afrotropic
342,acid_so2,cf_median,1.5012034,Southern Great Lakes forests,4.0,Temperate Broadleaf & Mixed Forests,Nearctic
382,acid_so2,cf_median,4.338532,Southern Hudson Bay taiga,6.0,Boreal Forests/Taiga,Nearctic
681,acid_so2,cf_median,0.76884705,Southern Korea evergreen forests,4.0,Temperate Broadleaf & Mixed Forests,Palearctic
617,acid_so2,cf_median,0.23328047,Southern Mesoamerican Pacific mangroves,14.0,Mangroves,Neotropic
154,acid_so2,cf_median,0.2729528,Southern New Guinea freshwater swamp forests,1.0,Tropical & Subtropical Moist Broadleaf Forests,Australasia
155,acid_so2,cf_median,0.27715483,Southern New Guinea lowland rain forests,1.0,Tropical & Subtropical Moist Broadleaf Forests,Australasia
547,acid_so2,cf_median,0.27155647,Southern Pacific dry forests,2.0,Tropical & Subtropical Dry Broadleaf Forests,Neotropic
87,acid_so2,cf_median,1.0441527,Southern Rift Montane forest-grassland,10.0,Montane Grasslands & Shrublands,Afrotropic
28,acid_so2,cf_median,0.678506,Southern Swahili coastal forests and woodlands,1.0,Tropical & Subtropical Moist Broadleaf Forests,Afrotropic
300,acid_so2,cf_median,0.5234345,Southern Vietnam lowland dry forests,2.0,Tropical & Subtropical Dry Broadleaf Forests,Indomalayan
505,acid_so2,cf_median,1.7199223,Southwest Amazon moist forests,1.0,Tropical & Subtropical Moist Broadleaf Forests,Neotropic
108,acid_so2,cf_median,0.6997417,Southwest Arabian Escarpment shrublands and woodlands,13.0,Deserts & Xeric Shrublands,Afrotropic
109,acid_so2,cf_median,1.06324,Southwest Arabian highland xeric scrub,13.0,Deserts & Xeric Shrublands,Afrotropic
205,acid_so2,cf_median,0.12161577,Southwest Australia savanna,12.0,"Mediterranean Forests, Woodlands & Scrub",Australasia
206,acid_so2,cf_median,0.24766009,Southwest Australia woodlands,12.0,"Mediterranean Forests, Woodlands & Scrub",Australasia
273,acid_so2,cf_median,0.28678986,Southwest Borneo freshwater swamp forests,1.0,Tropical & Subtropical Moist Broadleaf Forests,Indomalayan
805,acid_so2,cf_median,0.41306603,Southwest Iberian Mediterranean sclerophyllous and mixed forests,12.0,"Mediterranean Forests, Woodlands & Scrub",Palearctic
301,acid_so2,cf_median,0.15395314,Sri Lanka dry-zone dry evergreen forests,2.0,Tropical & Subtropical Dry Broadleaf Forests,Indomalayan
274,acid_so2,cf_median,0.14383912,Sri Lanka lowland rain forests,1.0,Tropical & Subtropical Moist Broadleaf Forests,Indomalayan
275,acid_so2,cf_median,0.14383912,Sri Lanka montane rain forests,1.0,Tropical & Subtropical Moist Broadleaf Forests,Indomalayan
609,acid_so2,cf_median,0.116969384,St. Peter and St. Paul Rocks,13.0,Deserts & Xeric Shrublands,Neotropic
110,acid_so2,cf_median,0.2557796,Succulent Karoo xeric shrublands,13.0,Deserts & Xeric Shrublands,Afrotropic
74,acid_so2,cf_median,0.8046493,Sudd flooded grasslands,9.0,Flooded Grasslands & Savannas,Afrotropic
746,acid_so2,cf_median,3.2503903,Suiphun-Khanka meadows and forest meadows,9.0,Flooded Grasslands & Savannas,Palearctic
766,acid_so2,cf_median,2.0595512,Sulaiman Range alpine meadows,10.0,Montane Grasslands & Shrublands,Palearctic
157,acid_so2,cf_median,0.17081389,Sulawesi montane rain forests,1.0,Tropical & Subtropical Moist Broadleaf Forests,Australasia
276,acid_so2,cf_median,0.17217284,Sulu Archipelago rain forests,1.0,Tropical & Subtropical Moist Broadleaf Forests,Indomalayan
277,acid_so2,cf_median,0.5114872,Sumatran freshwater swamp forests,1.0,Tropical & Subtropical Moist Broadleaf Forests,Indomalayan
278,acid_so2,cf_median,0.4730214,Sumatran lowland rain forests,1.0,Tropical & Subtropical Moist Broadleaf Forests,Indomalayan
279,acid_so2,cf_median,0.46017352,Sumatran montane rain forests,1.0,Tropical & Subtropical Moist Broadleaf Forests,Indomalayan
280,acid_so2,cf_median,0.646875,Sumatran peat swamp forests,1.0,Tropical & Subtropical Moist Broadleaf Forests,Indomalayan
305,acid_so2,cf_median,0.36158562,Sumatran tropical pine forests,3.0,Tropical & Subtropical Coniferous Forests,Indomalayan
165,acid_so2,cf_median,0.13398308,Sumba deciduous forests,2.0,Tropical & Subtropical Dry Broadleaf Forests,Australasia
322,acid_so2,cf_median,0.37083945,Sunda Shelf mangroves,14.0,Mangroves,Indomalayan
281,acid_so2,cf_median,0.28678986,Sundaland heath forests,1.0,Tropical & Subtropical Moist Broadleaf Forests,Indomalayan
282,acid_so2,cf_median,0.5450502,Sundarbans freshwater swamp forests,1.0,Tropical & Subtropical Moist Broadleaf Forests,Indomalayan
323,acid_so2,cf_median,0.5450502,Sundarbans mangroves,14.0,Mangroves,Indomalayan
739,acid_so2,cf_median,0.9520018,Syrian xeric grasslands and shrublands,8.0,"Temperate Grasslands, Savannas & Shrublands",Palearctic
682,acid_so2,cf_median,0.7939322,Taiheiyo evergreen forests,4.0,Temperate Broadleaf & Mixed Forests,Palearctic
683,acid_so2,cf_median,1.1463519,Taiheiyo montane deciduous forests,4.0,Temperate Broadleaf & Mixed Forests,Palearctic
781,acid_so2,cf_median,0.40346763,Taimyr-Central Siberian tundra,11.0,Tundra,Palearctic
283,acid_so2,cf_median,0.58792174,Taiwan subtropical evergreen forests,1.0,Tropical & Subtropical Moist Broadleaf Forests,Indomalayan
843,acid_so2,cf_median,3.2701967,Taklimakan desert,13.0,Deserts & Xeric Shrublands,Palearctic
506,acid_so2,cf_median,0.30465305,Talamancan montane forests,1.0,Tropical & Subtropical Moist Broadleaf Forests,Neotropic
436,acid_so2,cf_median,0.43763742,Tamaulipan matorral,13.0,Deserts & Xeric Shrublands,Nearctic
437,acid_so2,cf_median,0.52829605,Tamaulipan mezquital,13.0,Deserts & Xeric Shrublands,Nearctic
507,acid_so2,cf_median,1.5326678,Tapajós-Xingu moist forests,1.0,Tropical & Subtropical Moist Broadleaf Forests,Neotropic
684,acid_so2,cf_median,3.432924,Tarim Basin deciduous forests and steppe,4.0,Temperate Broadleaf & Mixed Forests,Palearctic
177,acid_so2,cf_median,0.62581915,Tasmanian Central Highland forests,4.0,Temperate Broadleaf & Mixed Forests,Australasia
178,acid_so2,cf_median,0.14402251,Tasmanian temperate forests,4.0,Temperate Broadleaf & Mixed Forests,Australasia
179,acid_so2,cf_median,0.62581915,Tasmanian temperate rain forests,4.0,Temperate Broadleaf & Mixed Forests,Australasia
610,acid_so2,cf_median,0.5568952,Tehuacán Valley matorral,13.0,Deserts & Xeric Shrublands,Neotropic
284,acid_so2,cf_median,0.38806403,Tenasserim-South Thailand semi-evergreen rain forests,1.0,Tropical & Subtropical Moist Broadleaf Forests,Indomalayan
311,acid_so2,cf_median,0.82496476,Terai-Duar savanna and grasslands,7.0,"Tropical & Subtropical Grasslands, Savannas & Shrublands",Indomalayan
401,acid_so2,cf_median,0.70477015,Texas blackland prairies,8.0,"Temperate Grasslands, Savannas & Shrublands",Nearctic
318,acid_so2,cf_median,2.7070198,Thar desert,13.0,Deserts & Xeric Shrublands,Indomalayan
740,acid_so2,cf_median,4.3028903,Tian Shan foothill arid steppe,8.0,"Temperate Grasslands, Savannas & Shrublands",Palearctic
709,acid_so2,cf_median,4.550202,Tian Shan montane conifer forests,5.0,Temperate Conifer Forests,Palearctic
767,acid_so2,cf_median,4.649116,Tian Shan montane steppe and meadows,10.0,Montane Grasslands & Shrublands,Palearctic
844,acid_so2,cf_median,0.7352294,Tibesti-Jebel Uweinat montane xeric woodlands,13.0,Deserts & Xeric Shrublands,Palearctic
768,acid_so2,cf_median,1.833391,Tibetan Plateau alpine shrublands and meadows,10.0,Montane Grasslands & Shrublands,Palearctic
747,acid_so2,cf_median,1.1547673,Tigris-Euphrates alluvial salt marsh,9.0,Flooded Grasslands & Savannas,Palearctic
166,acid_so2,cf_median,0.12916231,Timor and Wetar deciduous forests,2.0,Tropical & Subtropical Dry Broadleaf Forests,Australasia
215,acid_so2,cf_median,0.19378875,Tirari-Sturt stony desert,13.0,Deserts & Xeric Shrublands,Australasia
631,acid_so2,cf_median,0.010157151,Tongan tropical moist forests,1.0,Tropical & Subtropical Moist Broadleaf Forests,Oceania
286,acid_so2,cf_median,0.3856483,Tonle Sap-Mekong peat swamp forests,1.0,Tropical & Subtropical Moist Broadleaf Forests,Indomalayan
285,acid_so2,cf_median,0.40898308,Tonle Sap freshwater swamp forests,1.0,Tropical & Subtropical Moist Broadleaf Forests,Indomalayan
421,acid_so2,cf_median,3.410484,Torngat Mountain tundra,11.0,Tundra,Nearctic
782,acid_so2,cf_median,3.76307,Trans-Baikal Bald Mountain tundra,11.0,Tundra,Palearctic
718,acid_so2,cf_median,2.0756414,Trans-Baikal conifer forests,6.0,Boreal Forests/Taiga,Palearctic
559,acid_so2,cf_median,0.48651007,Trans-Mexican Volcanic Belt pine-oak forests,3.0,Tropical & Subtropical Coniferous Forests,Neotropic
188,acid_so2,cf_median,0.2729528,Trans Fly savanna and grasslands,7.0,"Tropical & Subtropical Grasslands, Savannas & Shrublands",Australasia
510,acid_so2,cf_median,0.21871144,Trinidad and Tobago moist forest,1.0,Tropical & Subtropical Moist Broadleaf Forests,Neotropic
68,acid_so2,cf_median,0.051309556,Tristan Da Cunha-Gough Islands shrub and grasslands,8.0,"Temperate Grasslands, Savannas & Shrublands",Afrotropic
158,acid_so2,cf_median,0.14003651,Trobriand Islands rain forests,1.0,Tropical & Subtropical Moist Broadleaf Forests,Australasia
632,acid_so2,cf_median,0.0022615283,Tuamotu tropical moist forests,1.0,Tropical & Subtropical Moist Broadleaf Forests,Oceania
633,acid_so2,cf_median,0.007019295,Tubuai tropical moist forests,1.0,Tropical & Subtropical Moist Broadleaf Forests,Oceania
549,acid_so2,cf_median,0.47063896,Tumbes-Piura dry forests,2.0,Tropical & Subtropical Dry Broadleaf Forests,Neotropic
806,acid_so2,cf_median,1.173283,Tyrrhenian-Adriatic sclerophyllous and mixed forests,12.0,"Mediterranean Forests, Woodlands & Scrub",Palearctic
511,acid_so2,cf_median,1.1013632,Uatumã-Trombetas moist forests,1.0,Tropical & Subtropical Moist Broadleaf Forests,Neotropic
512,acid_so2,cf_median,1.2837814,Ucayali moist forests,1.0,Tropical & Subtropical Moist Broadleaf Forests,Neotropic
287,acid_so2,cf_median,0.65350384,Upper Gangetic Plains moist deciduous forests,1.0,Tropical & Subtropical Moist Broadleaf Forests,Indomalayan
343,acid_so2,cf_median,1.8617277,Upper Midwest US forest-savanna transition,4.0,Temperate Broadleaf & Mixed Forests,Nearctic
719,acid_so2,cf_median,4.1899543,Urals montane forest and taiga,6.0,Boreal Forests/Taiga,Palearctic
574,acid_so2,cf_median,0.40533057,Uruguayan savanna,7.0,"Tropical & Subtropical Grasslands, Savannas & Shrublands",Neotropic
685,acid_so2,cf_median,3.6950667,Ussuri broadleaf and mixed forests,4.0,Temperate Broadleaf & Mixed Forests,Palearctic
563,acid_so2,cf_median,0.9483039,Valdivian temperate forests,4.0,Temperate Broadleaf & Mixed Forests,Neotropic
159,acid_so2,cf_median,0.04008811,Vanuatu rain forests,1.0,Tropical & Subtropical Moist Broadleaf Forests,Australasia
513,acid_so2,cf_median,0.29405817,Venezuelan Andes montane forests,1.0,Tropical & Subtropical Moist Broadleaf Forests,Neotropic
550,acid_so2,cf_median,0.52924293,Veracruz dry forests,2.0,Tropical & Subtropical Dry Broadleaf Forests,Neotropic
514,acid_so2,cf_median,0.40751532,Veracruz moist forests,1.0,Tropical & Subtropical Moist Broadleaf Forests,Neotropic
515,acid_so2,cf_median,0.7204312,Veracruz montane forests,1.0,Tropical & Subtropical Moist Broadleaf Forests,Neotropic
189,acid_so2,cf_median,0.6211508,Victoria Plains tropical savanna,7.0,"Tropical & Subtropical Grasslands, Savannas & Shrublands",Australasia
161,acid_so2,cf_median,0.17159787,Vogelkop-Aru lowland rain forests,1.0,Tropical & Subtropical Moist Broadleaf Forests,Australasia
160,acid_so2,cf_median,0.18305424,Vogelkop montane rain forests,1.0,Tropical & Subtropical Moist Broadleaf Forests,Australasia
368,acid_so2,cf_median,1.1781868,Wasatch and Uinta montane forests,5.0,Temperate Conifer Forests,Nearctic
383,acid_so2,cf_median,3.1963134,Watson Highlands taiga,6.0,Boreal Forests/Taiga,Nearctic
845,acid_so2,cf_median,0.57172966,West Sahara desert,13.0,Deserts & Xeric Shrublands,Palearctic
846,acid_so2,cf_median,0.63417745,West Saharan montane xeric woodlands,13.0,Deserts & Xeric Shrublands,Palearctic
720,acid_so2,cf_median,4.0855165,West Siberian taiga,6.0,Boreal Forests/Taiga,Palearctic
62,acid_so2,cf_median,0.7081579,West Sudanian savanna,7.0,"Tropical & Subtropical Grasslands, Savannas & Shrublands",Afrotropic
216,acid_so2,cf_median,0.15973926,Western Australian Mulga shrublands,13.0,Deserts & Xeric Shrublands,Australasia
29,acid_so2,cf_median,1.397971,Western Congolian swamp forests,1.0,Tropical & Subtropical Moist Broadleaf Forests,Afrotropic
516,acid_so2,cf_median,0.5282355,Western Ecuador moist forests,1.0,Tropical & Subtropical Moist Broadleaf Forests,Neotropic
686,acid_so2,cf_median,2.5760689,Western European broadleaf forests,4.0,Temperate Broadleaf & Mixed Forests,Palearctic
344,acid_so2,cf_median,3.4061499,Western Great Lakes forests,4.0,Temperate Broadleaf & Mixed Forests,Nearctic
30,acid_so2,cf_median,0.62591594,Western Guinean lowland forests,1.0,Tropical & Subtropical Moist Broadleaf Forests,Afrotropic
384,acid_so2,cf_median,0.52829605,Western Gulf coastal grasslands,7.0,"Tropical & Subtropical Grasslands, Savannas & Shrublands",Nearctic
769,acid_so2,cf_median,1.3105539,Western Himalayan alpine shrub and meadows,10.0,Montane Grasslands & Shrublands,Palearctic
308,acid_so2,cf_median,1.9979165,Western Himalayan broadleaf forests,4.0,Temperate Broadleaf & Mixed Forests,Indomalayan
310,acid_so2,cf_median,1.5051203,Western Himalayan subalpine conifer forests,5.0,Temperate Conifer Forests,Indomalayan
288,acid_so2,cf_median,0.23538926,Western Java montane rain forests,1.0,Tropical & Subtropical Moist Broadleaf Forests,Indomalayan
289,acid_so2,cf_median,0.23538926,Western Java rain forests,1.0,Tropical & Subtropical Moist Broadleaf Forests,Indomalayan
634,acid_so2,cf_median,0.017867805,Western Polynesian tropical moist forests,1.0,Tropical & Subtropical Moist Broadleaf Forests,Oceania
402,acid_so2,cf_median,0.99148893,Western shortgrass prairie,8.0,"Temperate Grasslands, Savannas & Shrublands",Nearctic
687,acid_so2,cf_median,2.8171942,Western Siberian hemiboreal forests,4.0,Temperate Broadleaf & Mixed Forests,Palearctic
180,acid_so2,cf_median,0.37456146,Westland temperate forests,4.0,Temperate Broadleaf & Mixed Forests,Australasia
403,acid_so2,cf_median,1.4586263,Willamette Valley oak savanna,8.0,"Temperate Grasslands, Savannas & Shrublands",Nearctic
517,acid_so2,cf_median,0.17067838,Windward Islands moist forests,1.0,Tropical & Subtropical Moist Broadleaf Forests,Neotropic
783,acid_so2,cf_median,0.0,Wrangel Island Arctic desert,11.0,Tundra,Palearctic
438,acid_so2,cf_median,1.3608214,Wyoming Basin shrub steppe,13.0,Deserts & Xeric Shrublands,Nearctic
518,acid_so2,cf_median,1.1354383,Xingu-Tocantins-Araguaia moist forests,1.0,Tropical & Subtropical Moist Broadleaf Forests,Neotropic
784,acid_so2,cf_median,1.8224761,Yamal-Gydan tundra,11.0,Tundra,Palearctic
638,acid_so2,cf_median,0.12595266,Yap tropical dry forests,2.0,Tropical & Subtropical Dry Broadleaf Forests,Oceania
162,acid_so2,cf_median,0.21291478,Yapen rain forests,1.0,Tropical & Subtropical Moist Broadleaf Forests,Australasia
770,acid_so2,cf_median,1.5032336,Yarlung Zanbo arid steppe,10.0,Montane Grasslands & Shrublands,Palearctic
748,acid_so2,cf_median,0.76994675,Yellow Sea saline meadow,9.0,Flooded Grasslands & Savannas,Palearctic
551,acid_so2,cf_median,0.28374758,Yucatán dry forests,2.0,Tropical & Subtropical Dry Broadleaf Forests,Neotropic
519,acid_so2,cf_median,0.28172848,Yucatán moist forests,1.0,Tropical & Subtropical Moist Broadleaf Forests,Neotropic
643,acid_so2,cf_median,1.2911232,Yunnan Plateau subtropical evergreen forests,1.0,Tropical & Subtropical Moist Broadleaf Forests,Palearctic
688,acid_so2,cf_median,1.1274658,Zagros Mountains forest steppe,4.0,Temperate Broadleaf & Mixed Forests,Palearctic
66,acid_so2,cf_median,0.9311456,Zambezian-Limpopo mixed woodlands,7.0,"Tropical & Subtropical Grasslands, Savannas & Shrublands",Afrotropic
64,acid_so2,cf_median,0.73441577,Zambezian Baikiaea woodlands,7.0,"Tropical & Subtropical Grasslands, Savannas & Shrublands",Afrotropic
75,acid_so2,cf_median,0.6644026,Zambezian coastal flooded savanna,9.0,Flooded Grasslands & Savannas,Afrotropic
42,acid_so2,cf_median,0.85395163,Dry miombo woodlands,7.0,"Tropical & Subtropical Grasslands, Savannas & Shrublands",Afrotropic
33,acid_so2,cf_median,1.129467,Zambezian evergreen dry forests,2.0,Tropical & Subtropical Dry Broadleaf Forests,Afrotropic
76,acid_so2,cf_median,0.953292,Zambezian flooded grasslands,9.0,Flooded Grasslands & Savannas,Afrotropic
65,acid_so2,cf_median,1.1137078,Zambezian mopane woodlands,7.0,"Tropical & Subtropical Grasslands, Savannas & Shrublands",Afrotropic
524,acid_so2,cf_median,1.0123405,Brazilian Atlantic dry forests,2.0,Tropical & Subtropical Dry Broadleaf Forests,Neotropic
380,acid_so2,cf_median,2.8530078,Northern Cordillera forests,6.0,Boreal Forests/Taiga,Nearctic
60,acid_so2,cf_median,0.077847496,St. Helena scrub and woodlands,7.0,"Tropical & Subtropical Grasslands, Savannas & Shrublands",Afrotropic
61,acid_so2,cf_median,0.9539855,Victoria Basin forest-savanna,7.0,"Tropical & Subtropical Grasslands, Savannas & Shrublands",Afrotropic
63,acid_so2,cf_median,1.1333483,Western Congolian forest-savanna,7.0,"Tropical & Subtropical Grasslands, Savannas & Shrublands",Afrotropic
78,acid_so2,cf_median,0.9323792,East African montane moorlands,10.0,Montane Grasslands & Shrublands,Afrotropic
365,acid_so2,cf_median,1.7746439,Queen Charlotte Islands conifer forests,5.0,Temperate Conifer Forests,Nearctic
360,acid_so2,cf_median,2.0235782,Northern Pacific Alaskan coastal forests,5.0,Temperate Conifer Forests,Nearctic
381,acid_so2,cf_median,1.4827014,Northwest Territories taiga,6.0,Boreal Forests/Taiga,Nearctic
107,acid_so2,cf_median,0.53391683,Southwest Arabian coastal xeric shrublands,13.0,Deserts & Xeric Shrublands,Afrotropic
811,acid_so2,cf_median,2.3835928,Arabian-Persian Gulf coastal plain desert,13.0,Deserts & Xeric Shrublands,Palearctic
840,acid_so2,cf_median,0.42064565,South Arabian plains and plateau desert,13.0,Deserts & Xeric Shrublands,Palearctic
809,acid_so2,cf_median,1.7048249,Arabian desert,13.0,Deserts & Xeric Shrublands,Palearctic
552,acid_so2,cf_median,0.3407442,Bahamian pineyards,3.0,Tropical & Subtropical Coniferous Forests,Neotropic
96,acid_so2,cf_median,0.52429026,Ile Europa and Bassas da India xeric scrub,13.0,Deserts & Xeric Shrublands,Afrotropic
773,acid_so2,cf_median,2.3212388,Kamchatka tundra,11.0,Tundra,Palearctic
508,acid_so2,cf_median,1.0431516,Tocantins/Pindare moist forests,1.0,Tropical & Subtropical Moist Broadleaf Forests,Neotropic
417,acid_so2,cf_median,1.4997634,Kalaallit Nunaat Arctic steppe,11.0,Tundra,Nearctic
358,acid_so2,cf_median,4.2662864,North Cascades conifer forests,5.0,Temperate Conifer Forests,Nearctic
361,acid_so2,cf_median,4.33612,Northern Rockies conifer forests,5.0,Temperate Conifer Forests,Nearctic
509,acid_so2,cf_median,0.22524607,Trindade-Martin Vaz Islands tropical forests,1.0,Tropical & Subtropical Moist Broadleaf Forests,Neotropic
59,acid_so2,cf_median,0.6997417,Southwest Arabian montane woodlands and grasslands,7.0,"Tropical & Subtropical Grasslands, Savannas & Shrublands",Afrotropic
56,acid_so2,cf_median,0.42438054,"South Arabian fog woodlands, shrublands, and dune",7.0,"Tropical & Subtropical Grasslands, Savannas & Shrublands",Afrotropic
548,acid_so2,cf_median,0.21871144,Trinidad and Tobago dry forest,2.0,Tropical & Subtropical Dry Broadleaf Forests,Neotropic
537,acid_so2,cf_median,0.17067838,Lesser Antillean dry forests,2.0,Tropical & Subtropical Dry Broadleaf Forests,Neotropic
672,acid_so2,cf_median,0.2712043,North Atlantic moist mixed forests,4.0,Temperate Broadleaf & Mixed Forests,Palearctic
156,acid_so2,cf_median,0.16544385,Sulawesi lowland rain forests,1.0,Tropical & Subtropical Moist Broadleaf Forests,Australasia
8,acid_so2,cf_median,0.8686689,East African montane forests,1.0,Tropical & Subtropical Moist Broadleaf Forests,Afrotropic
9,acid_so2,cf_median,0.6587212,Eastern Arc forests,1.0,Tropical & Subtropical Moist Broadleaf Forests,Afrotropic
220,acid_so2,cf_median,0.27600977,Borneo montane rain forests,1.0,Tropical & Subtropical Moist Broadleaf Forests,Indomalayan
313,acid_so2,cf_median,0.2247028,Kinabalu montane alpine meadows,10.0,Montane Grasslands & Shrublands,Indomalayan
135,acid_so2,cf_std,0.010313415,Admiralty Islands lowland rain forests,1.0,Tropical & Subtropical Moist Broadleaf Forests,Australasia
785,acid_so2,cf_std,0.30463526,Aegean and Western Turkey sclerophyllous and mixed forests,12.0,"Mediterranean Forests, Woodlands & Scrub",Palearctic
807,acid_so2,cf_std,0.5824531,Afghan Mountains semi-desert,13.0,Deserts & Xeric Shrublands,Palearctic
404,acid_so2,cf_std,0.43231586,Ahklun and Kilbuck Upland Tundra,11.0,Tundra,Nearctic
722,acid_so2,cf_std,0.4585918,Al-Hajar foothill xeric woodlands and shrublands,8.0,"Temperate Grasslands, Savannas & Shrublands",Palearctic
723,acid_so2,cf_std,0.3727039,Al-Hajar montane woodlands and shrublands,8.0,"Temperate Grasslands, Savannas & Shrublands",Palearctic
721,acid_so2,cf_std,0.41797766,Alai-Western Tian Shan steppe,8.0,"Temperate Grasslands, Savannas & Shrublands",Palearctic
808,acid_so2,cf_std,0.30883446,Alashan Plateau semi-desert,13.0,Deserts & Xeric Shrublands,Palearctic
405,acid_so2,cf_std,0.9472404,Alaska-St. Elias Range tundra,11.0,Tundra,Nearctic
369,acid_so2,cf_std,0.27835006,Alaska Peninsula montane taiga,6.0,Boreal Forests/Taiga,Nearctic
88,acid_so2,cf_std,0.068608664,Albany thickets,12.0,"Mediterranean Forests, Woodlands & Scrub",Afrotropic
345,acid_so2,cf_std,1.0535461,Alberta-British Columbia foothills forests,5.0,Temperate Conifer Forests,Nearctic
1,acid_so2,cf_std,0.11241416,Albertine Rift montane forests,1.0,Tropical & Subtropical Moist Broadleaf Forests,Afrotropic
91,acid_so2,cf_std,0.0,Aldabra Island xeric scrub,13.0,Deserts & Xeric Shrublands,Afrotropic
406,acid_so2,cf_std,0.13490875,Aleutian Islands tundra,11.0,Tundra,Nearctic
328,acid_so2,cf_std,0.2560912,Allegheny Highlands forests,4.0,Temperate Broadleaf & Mixed Forests,Nearctic
689,acid_so2,cf_std,0.3986235,Alps conifer and mixed forests,5.0,Temperate Conifer Forests,Palearctic
749,acid_so2,cf_std,1.3498805,Altai alpine meadow and tundra,10.0,Montane Grasslands & Shrublands,Palearctic
690,acid_so2,cf_std,1.5235637,Altai montane forest and forest steppe,5.0,Temperate Conifer Forests,Palearctic
724,acid_so2,cf_std,0.53995794,Altai steppe and semi-desert,8.0,"Temperate Grasslands, Savannas & Shrublands",Palearctic
439,acid_so2,cf_std,0.18688919,Alto Paraná Atlantic forests,1.0,Tropical & Subtropical Moist Broadleaf Forests,Neotropic
611,acid_so2,cf_std,0.1743253,Amazon-Orinoco-Southern Caribbean mangroves,14.0,Mangroves,Neotropic
67,acid_so2,cf_std,0.00013551845,Amsterdam-Saint Paul Islands temperate grasslands,8.0,"Temperate Grasslands, Savannas & Shrublands",Afrotropic
741,acid_so2,cf_std,0.5655329,Amur meadow steppe,9.0,Flooded Grasslands & Savannas,Palearctic
786,acid_so2,cf_std,0.12194514,Anatolian conifer and deciduous mixed forests,12.0,"Mediterranean Forests, Woodlands & Scrub",Palearctic
218,acid_so2,cf_std,0.0301435,Andaman Islands rain forests,1.0,Tropical & Subtropical Moist Broadleaf Forests,Indomalayan
77,acid_so2,cf_std,0.24459535,Angolan montane forest-grassland,10.0,Montane Grasslands & Shrublands,Afrotropic
34,acid_so2,cf_std,0.36621058,Angolan mopane woodlands,7.0,"Tropical & Subtropical Grasslands, Savannas & Shrublands",Afrotropic
35,acid_so2,cf_std,0.1683799,Angolan scarp savanna and woodlands,7.0,"Tropical & Subtropical Grasslands, Savannas & Shrublands",Afrotropic
36,acid_so2,cf_std,0.1859746,Angolan wet miombo woodlands,7.0,"Tropical & Subtropical Grasslands, Savannas & Shrublands",Afrotropic
196,acid_so2,cf_std,0.0135268085,Antipodes Subantarctic Islands tundra,11.0,Tundra,Australasia
331,acid_so2,cf_std,0.48916262,Appalachian-Blue Ridge forests,4.0,Temperate Broadleaf & Mixed Forests,Nearctic
329,acid_so2,cf_std,0.45098805,Appalachian mixed mesophytic forests,4.0,Temperate Broadleaf & Mixed Forests,Nearctic
330,acid_so2,cf_std,0.29118147,Appalachian Piedmont forests,4.0,Temperate Broadleaf & Mixed Forests,Nearctic
644,acid_so2,cf_std,0.20288855,Appenine deciduous montane forests,4.0,Temperate Broadleaf & Mixed Forests,Palearctic
520,acid_so2,cf_std,0.1853096,Apure-Villavicencio dry forests,2.0,Tropical & Subtropical Dry Broadleaf Forests,Neotropic
810,acid_so2,cf_std,1.2762982,Arabian sand desert,13.0,Deserts & Xeric Shrublands,Palearctic
440,acid_so2,cf_std,0.27877688,Araucaria moist forests,1.0,Tropical & Subtropical Moist Broadleaf Forests,Neotropic
597,acid_so2,cf_std,0.025387084,Araya and Paria xeric scrub,13.0,Deserts & Xeric Shrublands,Neotropic
407,acid_so2,cf_std,0.14175242,Arctic coastal tundra,11.0,Tundra,Nearctic
778,acid_so2,cf_std,1.0415989,Russian Arctic desert,11.0,Tundra,Palearctic
408,acid_so2,cf_std,0.31431526,Arctic foothills tundra,11.0,Tundra,Nearctic
346,acid_so2,cf_std,0.081890695,Arizona Mountains forests,5.0,Temperate Conifer Forests,Nearctic
181,acid_so2,cf_std,0.072109446,Arnhem Land tropical savanna,7.0,"Tropical & Subtropical Grasslands, Savannas & Shrublands",Australasia
37,acid_so2,cf_std,0.0,Ascension scrub and grasslands,7.0,"Tropical & Subtropical Grasslands, Savannas & Shrublands",Afrotropic
598,acid_so2,cf_std,1.2919054,Atacama desert,13.0,Deserts & Xeric Shrublands,Neotropic
441,acid_so2,cf_std,0.1701452,Atlantic Coast restingas,1.0,Tropical & Subtropical Moist Broadleaf Forests,Neotropic
839,acid_so2,cf_std,0.0688225,Saharan Atlantic coastal desert,13.0,Deserts & Xeric Shrublands,Palearctic
347,acid_so2,cf_std,0.3233039,Atlantic coastal pine barrens,5.0,Temperate Conifer Forests,Nearctic
5,acid_so2,cf_std,0.17784871,Congolian coastal forests,1.0,Tropical & Subtropical Moist Broadleaf Forests,Afrotropic
664,acid_so2,cf_std,0.7785061,European Atlantic mixed forests,4.0,Temperate Broadleaf & Mixed Forests,Palearctic
193,acid_so2,cf_std,0.074820004,Australian Alps montane grasslands,10.0,Montane Grasslands & Shrublands,Australasia
812,acid_so2,cf_std,0.35109264,Azerbaijan shrub desert and steppe,13.0,Deserts & Xeric Shrublands,Palearctic
645,acid_so2,cf_std,0.015102794,Azores temperate mixed forests,4.0,Temperate Broadleaf & Mixed Forests,Palearctic
813,acid_so2,cf_std,0.4882892,Badghyz and Karabil semi-desert,13.0,Deserts & Xeric Shrublands,Palearctic
612,acid_so2,cf_std,0.37669924,Bahamian-Antillean mangroves,14.0,Mangroves,Neotropic
442,acid_so2,cf_std,0.15727603,Bahia coastal forests,1.0,Tropical & Subtropical Moist Broadleaf Forests,Neotropic
443,acid_so2,cf_std,0.26972213,Bahia interior forests,1.0,Tropical & Subtropical Moist Broadleaf Forests,Neotropic
426,acid_so2,cf_std,0.033616364,Baja California desert,13.0,Deserts & Xeric Shrublands,Nearctic
521,acid_so2,cf_std,0.026100954,Bajío dry forests,2.0,Tropical & Subtropical Dry Broadleaf Forests,Neotropic
646,acid_so2,cf_std,0.52382433,Balkan mixed forests,4.0,Temperate Broadleaf & Mixed Forests,Palearctic
522,acid_so2,cf_std,0.11033376,Balsas dry forests,2.0,Tropical & Subtropical Dry Broadleaf Forests,Neotropic
647,acid_so2,cf_std,1.3511187,Baltic mixed forests,4.0,Temperate Broadleaf & Mixed Forests,Palearctic
814,acid_so2,cf_std,0.7960203,Baluchistan xeric woodlands,13.0,Deserts & Xeric Shrublands,Palearctic
136,acid_so2,cf_std,0.013328385,Banda Sea Islands moist deciduous forests,1.0,Tropical & Subtropical Moist Broadleaf Forests,Australasia
564,acid_so2,cf_std,0.016423332,Belizian pine savannas,7.0,"Tropical & Subtropical Grasslands, Savannas & Shrublands",Neotropic
565,acid_so2,cf_std,0.15519625,Beni savanna,7.0,"Tropical & Subtropical Grasslands, Savannas & Shrublands",Neotropic
779,acid_so2,cf_std,0.9256317,Russian Bering tundra,11.0,Tundra,Palearctic
409,acid_so2,cf_std,0.81566197,Beringia lowland tundra,11.0,Tundra,Nearctic
410,acid_so2,cf_std,1.0289469,Beringia upland tundra,11.0,Tundra,Nearctic
325,acid_so2,cf_std,0.0,Bermuda subtropical conifer forests,3.0,Tropical & Subtropical Coniferous Forests,Nearctic
137,acid_so2,cf_std,0.02970633,Biak-Numfoor rain forests,1.0,Tropical & Subtropical Moist Broadleaf Forests,Australasia
348,acid_so2,cf_std,0.6774502,Blue Mountains forests,5.0,Temperate Conifer Forests,Nearctic
742,acid_so2,cf_std,0.2992201,Bohai Sea saline meadow,9.0,Flooded Grasslands & Savannas,Palearctic
523,acid_so2,cf_std,0.37773594,Bolivian montane dry forests,2.0,Tropical & Subtropical Dry Broadleaf Forests,Neotropic
444,acid_so2,cf_std,0.36168492,Bolivian Yungas,1.0,Tropical & Subtropical Moist Broadleaf Forests,Neotropic
219,acid_so2,cf_std,0.07019277,Borneo lowland rain forests,1.0,Tropical & Subtropical Moist Broadleaf Forests,Indomalayan
221,acid_so2,cf_std,0.08242424,Borneo peat swamp forests,1.0,Tropical & Subtropical Moist Broadleaf Forests,Indomalayan
222,acid_so2,cf_std,0.24224274,Brahmaputra Valley semi-evergreen forests,1.0,Tropical & Subtropical Moist Broadleaf Forests,Indomalayan
182,acid_so2,cf_std,0.12197704,Brigalow tropical savanna,7.0,"Tropical & Subtropical Grasslands, Savannas & Shrublands",Australasia
349,acid_so2,cf_std,0.56794345,British Columbia coastal conifer forests,5.0,Temperate Conifer Forests,Nearctic
411,acid_so2,cf_std,0.3093604,Brooks-British Range tundra,11.0,Tundra,Nearctic
138,acid_so2,cf_std,2.7755576e-17,Buru rain forests,1.0,Tropical & Subtropical Moist Broadleaf Forests,Australasia
525,acid_so2,cf_std,0.39554122,Caatinga,2.0,Tropical & Subtropical Dry Broadleaf Forests,Neotropic
445,acid_so2,cf_std,0.05589659,Caatinga Enclaves moist forests,1.0,Tropical & Subtropical Moist Broadleaf Forests,Neotropic
691,acid_so2,cf_std,0.45619115,Caledon conifer forests,5.0,Temperate Conifer Forests,Palearctic
385,acid_so2,cf_std,0.1344445,California Central Valley grasslands,8.0,"Temperate Grasslands, Savannas & Shrublands",Nearctic
422,acid_so2,cf_std,0.059461344,California coastal sage and chaparral,12.0,"Mediterranean Forests, Woodlands & Scrub",Nearctic
423,acid_so2,cf_std,0.17146742,California interior chaparral and woodlands,12.0,"Mediterranean Forests, Woodlands & Scrub",Nearctic
424,acid_so2,cf_std,0.06891297,California montane chaparral and woodlands,12.0,"Mediterranean Forests, Woodlands & Scrub",Nearctic
2,acid_so2,cf_std,0.20506948,Cameroon Highlands forests,1.0,Tropical & Subtropical Moist Broadleaf Forests,Afrotropic
566,acid_so2,cf_std,0.28029504,Campos Rupestres montane savanna,7.0,"Tropical & Subtropical Grasslands, Savannas & Shrublands",Neotropic
386,acid_so2,cf_std,0.404134,Canadian Aspen forests and parklands,8.0,"Temperate Grasslands, Savannas & Shrublands",Nearctic
413,acid_so2,cf_std,0.5780141,Canadian Low Arctic tundra,11.0,Tundra,Nearctic
787,acid_so2,cf_std,0.0063997977,Canary Islands dry woodlands and forests,12.0,"Mediterranean Forests, Woodlands & Scrub",Palearctic
648,acid_so2,cf_std,0.2951987,Cantabrian mixed forests,4.0,Temperate Broadleaf & Mixed Forests,Palearctic
190,acid_so2,cf_std,0.107719965,Canterbury-Otago tussock grasslands,8.0,"Temperate Grasslands, Savannas & Shrublands",Australasia
31,acid_so2,cf_std,0.008128116,Cape Verde Islands dry forests,2.0,Tropical & Subtropical Dry Broadleaf Forests,Afrotropic
183,acid_so2,cf_std,0.0706432,Cape York Peninsula tropical savanna,7.0,"Tropical & Subtropical Grasslands, Savannas & Shrublands",Australasia
446,acid_so2,cf_std,0.2122332,Caqueta moist forests,1.0,Tropical & Subtropical Moist Broadleaf Forests,Neotropic
223,acid_so2,cf_std,0.016701046,Cardamom Mountains rain forests,1.0,Tropical & Subtropical Moist Broadleaf Forests,Indomalayan
599,acid_so2,cf_std,0.015220739,Caribbean shrublands,13.0,Deserts & Xeric Shrublands,Neotropic
207,acid_so2,cf_std,0.039678678,Carnarvon xeric shrublands,13.0,Deserts & Xeric Shrublands,Australasia
618,acid_so2,cf_std,0.011581801,Carolines tropical moist forests,1.0,Tropical & Subtropical Moist Broadleaf Forests,Oceania
692,acid_so2,cf_std,0.25262997,Carpathian montane forests,5.0,Temperate Conifer Forests,Palearctic
184,acid_so2,cf_std,0.16469182,Carpentaria tropical savanna,7.0,"Tropical & Subtropical Grasslands, Savannas & Shrublands",Australasia
649,acid_so2,cf_std,0.08914069,Caspian Hyrcanian mixed forests,4.0,Temperate Broadleaf & Mixed Forests,Palearctic
815,acid_so2,cf_std,0.29427078,Caspian lowland desert,13.0,Deserts & Xeric Shrublands,Palearctic
447,acid_so2,cf_std,0.074519426,Catatumbo moist forests,1.0,Tropical & Subtropical Moist Broadleaf Forests,Neotropic
526,acid_so2,cf_std,0.036770903,Cauca Valley dry forests,2.0,Tropical & Subtropical Dry Broadleaf Forests,Neotropic
448,acid_so2,cf_std,0.08769709,Cauca Valley montane forests,1.0,Tropical & Subtropical Moist Broadleaf Forests,Neotropic
650,acid_so2,cf_std,0.31672144,Caucasus mixed forests,4.0,Temperate Broadleaf & Mixed Forests,Palearctic
449,acid_so2,cf_std,0.026972823,Cayos Miskitos-San Andrés and Providencia moist forests,1.0,Tropical & Subtropical Moist Broadleaf Forests,Neotropic
651,acid_so2,cf_std,0.4295104,Celtic broadleaf forests,4.0,Temperate Broadleaf & Mixed Forests,Palearctic
816,acid_so2,cf_std,0.37954116,Central Afghan Mountains xeric woodlands,13.0,Deserts & Xeric Shrublands,Palearctic
111,acid_so2,cf_std,0.11589553,Central African mangroves,14.0,Mangroves,Afrotropic
450,acid_so2,cf_std,0.020742668,Central American Atlantic moist forests,1.0,Tropical & Subtropical Moist Broadleaf Forests,Neotropic
527,acid_so2,cf_std,0.036301263,Central American dry forests,2.0,Tropical & Subtropical Dry Broadleaf Forests,Neotropic
451,acid_so2,cf_std,0.030665793,Central American montane forests,1.0,Tropical & Subtropical Moist Broadleaf Forests,Neotropic
553,acid_so2,cf_std,0.035037324,Central American pine-oak forests,3.0,Tropical & Subtropical Coniferous Forests,Neotropic
725,acid_so2,cf_std,0.11144262,Central Anatolian steppe,8.0,"Temperate Grasslands, Savannas & Shrublands",Palearctic
652,acid_so2,cf_std,0.13202769,Central Anatolian steppe and woodlands,4.0,Temperate Broadleaf & Mixed Forests,Palearctic
352,acid_so2,cf_std,0.65642697,Central-Southern Cascades Forests,5.0,Temperate Conifer Forests,Nearctic
389,acid_so2,cf_std,0.20386745,Central-Southern US mixed grasslands,8.0,"Temperate Grasslands, Savannas & Shrublands",Nearctic
587,acid_so2,cf_std,1.1639985,Central Andean dry puna,10.0,Montane Grasslands & Shrublands,Neotropic
588,acid_so2,cf_std,1.329498,Central Andean puna,10.0,Montane Grasslands & Shrublands,Neotropic
589,acid_so2,cf_std,0.80974805,Central Andean wet puna,10.0,Montane Grasslands & Shrublands,Neotropic
817,acid_so2,cf_std,1.0691924,Central Asian northern desert,13.0,Deserts & Xeric Shrublands,Palearctic
818,acid_so2,cf_std,0.8729884,Central Asian riparian woodlands,13.0,Deserts & Xeric Shrublands,Palearctic
819,acid_so2,cf_std,0.59234416,Central Asian southern desert,13.0,Deserts & Xeric Shrublands,Palearctic
350,acid_so2,cf_std,0.6428241,Central British Columbia Mountain forests,5.0,Temperate Conifer Forests,Nearctic
38,acid_so2,cf_std,0.47810918,Central bushveld,7.0,"Tropical & Subtropical Grasslands, Savannas & Shrublands",Afrotropic
370,acid_so2,cf_std,0.87618256,Central Canadian Shield forests,6.0,Boreal Forests/Taiga,Nearctic
653,acid_so2,cf_std,0.16247833,Central China Loess Plateau mixed forests,4.0,Temperate Broadleaf & Mixed Forests,Palearctic
3,acid_so2,cf_std,0.51908404,Central Congolian lowland forests,1.0,Tropical & Subtropical Moist Broadleaf Forests,Afrotropic
290,acid_so2,cf_std,0.05258237,Central Deccan Plateau dry deciduous forests,2.0,Tropical & Subtropical Dry Broadleaf Forests,Indomalayan
654,acid_so2,cf_std,0.8204467,Central European mixed forests,4.0,Temperate Broadleaf & Mixed Forests,Palearctic
387,acid_so2,cf_std,0.27164128,Central US forest-grasslands transition,8.0,"Temperate Grasslands, Savannas & Shrublands",Nearctic
291,acid_so2,cf_std,0.06975027,Central Indochina dry forests,2.0,Tropical & Subtropical Dry Broadleaf Forests,Indomalayan
655,acid_so2,cf_std,0.34237203,Central Korean deciduous forests,4.0,Temperate Broadleaf & Mixed Forests,Palearctic
427,acid_so2,cf_std,0.13123688,Central Mexican matorral,13.0,Deserts & Xeric Shrublands,Nearctic
351,acid_so2,cf_std,0.44315222,Central Pacific Northwest coastal forests,5.0,Temperate Conifer Forests,Nearctic
820,acid_so2,cf_std,0.33685347,Central Persian desert basins,13.0,Deserts & Xeric Shrublands,Palearctic
619,acid_so2,cf_std,0.004533916,Central Polynesian tropical moist forests,1.0,Tropical & Subtropical Moist Broadleaf Forests,Oceania
139,acid_so2,cf_std,0.065794036,Central Range Papuan montane rain forests,1.0,Tropical & Subtropical Moist Broadleaf Forests,Australasia
195,acid_so2,cf_std,0.06682743,Papuan Central Range sub-alpine grasslands,10.0,Montane Grasslands & Shrublands,Australasia
208,acid_so2,cf_std,0.14530088,Central Ranges xeric scrub,13.0,Deserts & Xeric Shrublands,Australasia
388,acid_so2,cf_std,0.22579041,Central Tallgrass prairie,8.0,"Temperate Grasslands, Savannas & Shrublands",Nearctic
750,acid_so2,cf_std,0.37553766,Central Tibetan Plateau alpine steppe,10.0,Montane Grasslands & Shrublands,Palearctic
39,acid_so2,cf_std,0.5283039,Central Zambezian wet miombo woodlands,7.0,"Tropical & Subtropical Grasslands, Savannas & Shrublands",Afrotropic
567,acid_so2,cf_std,0.26016438,Cerrado,7.0,"Tropical & Subtropical Grasslands, Savannas & Shrublands",Neotropic
656,acid_so2,cf_std,0.43582556,Changbai Mountains mixed forests,4.0,Temperate Broadleaf & Mixed Forests,Palearctic
657,acid_so2,cf_std,0.2535639,Changjiang Plain evergreen forests,4.0,Temperate Broadleaf & Mixed Forests,Palearctic
224,acid_so2,cf_std,0.045482144,Chao Phraya freshwater swamp forests,1.0,Tropical & Subtropical Moist Broadleaf Forests,Indomalayan
225,acid_so2,cf_std,0.030530775,Chao Phraya lowland moist deciduous forests,1.0,Tropical & Subtropical Moist Broadleaf Forests,Indomalayan
167,acid_so2,cf_std,1.3877788e-17,Chatham Island temperate forests,4.0,Temperate Broadleaf & Mixed Forests,Australasia
771,acid_so2,cf_std,0.44344473,Cherskii-Kolyma mountain tundra,11.0,Tundra,Palearctic
292,acid_so2,cf_std,0.053021286,Chhota-Nagpur dry deciduous forests,2.0,Tropical & Subtropical Dry Broadleaf Forests,Indomalayan
528,acid_so2,cf_std,0.011426973,Chiapas Depression dry forests,2.0,Tropical & Subtropical Dry Broadleaf Forests,Neotropic
452,acid_so2,cf_std,0.026803868,Chiapas montane forests,1.0,Tropical & Subtropical Moist Broadleaf Forests,Neotropic
428,acid_so2,cf_std,0.09655646,Chihuahuan desert,13.0,Deserts & Xeric Shrublands,Nearctic
596,acid_so2,cf_std,0.43971708,Chilean Matorral,12.0,"Mediterranean Forests, Woodlands & Scrub",Neotropic
453,acid_so2,cf_std,0.0,Chimalapas montane forests,1.0,Tropical & Subtropical Moist Broadleaf Forests,Neotropic
226,acid_so2,cf_std,0.090883024,Chin Hills-Arakan Yoma montane forests,1.0,Tropical & Subtropical Moist Broadleaf Forests,Indomalayan
529,acid_so2,cf_std,0.16541566,Chiquitano dry forests,2.0,Tropical & Subtropical Dry Broadleaf Forests,Neotropic
454,acid_so2,cf_std,0.0899926,Chocó-Darién moist forests,1.0,Tropical & Subtropical Moist Broadleaf Forests,Neotropic
227,acid_so2,cf_std,0.015084569,Christmas and Cocos Islands tropical forests,1.0,Tropical & Subtropical Moist Broadleaf Forests,Indomalayan
772,acid_so2,cf_std,0.09284626,Chukchi Peninsula tundra,11.0,Tundra,Palearctic
568,acid_so2,cf_std,0.0,Clipperton Island shrub and grasslands,7.0,"Tropical & Subtropical Grasslands, Savannas & Shrublands",Neotropic
455,acid_so2,cf_std,0.0,Cocos Island moist forests,1.0,Tropical & Subtropical Moist Broadleaf Forests,Neotropic
429,acid_so2,cf_std,0.15359789,Colorado Plateau shrublands,13.0,Deserts & Xeric Shrublands,Nearctic
353,acid_so2,cf_std,0.15817471,Colorado Rockies forests,5.0,Temperate Conifer Forests,Nearctic
4,acid_so2,cf_std,0.02103259,Comoros forests,1.0,Tropical & Subtropical Moist Broadleaf Forests,Afrotropic
371,acid_so2,cf_std,0.9327864,Cook Inlet taiga,6.0,Boreal Forests/Taiga,Nearctic
620,acid_so2,cf_std,0.0003285832,Cook Islands tropical moist forests,1.0,Tropical & Subtropical Moist Broadleaf Forests,Oceania
197,acid_so2,cf_std,0.010794122,Coolgardie woodlands,12.0,"Mediterranean Forests, Woodlands & Scrub",Australasia
372,acid_so2,cf_std,0.070618905,Copper Plateau taiga,6.0,Boreal Forests/Taiga,Nearctic
590,acid_so2,cf_std,0.32662433,Cordillera Central páramo,10.0,Montane Grasslands & Shrublands,Neotropic
591,acid_so2,cf_std,0.035010204,Cordillera de Merida páramo,10.0,Montane Grasslands & Shrublands,Neotropic
456,acid_so2,cf_std,0.028614542,Cordillera La Costa montane forests,1.0,Tropical & Subtropical Moist Broadleaf Forests,Neotropic
457,acid_so2,cf_std,0.23063019,Cordillera Oriental montane forests,1.0,Tropical & Subtropical Moist Broadleaf Forests,Neotropic
788,acid_so2,cf_std,0.0,Corsican montane broadleaf and mixed forests,12.0,"Mediterranean Forests, Woodlands & Scrub",Palearctic
458,acid_so2,cf_std,0.06677356,Costa Rican seasonal moist forests,1.0,Tropical & Subtropical Moist Broadleaf Forests,Neotropic
789,acid_so2,cf_std,0.036178395,Crete Mediterranean forests,12.0,"Mediterranean Forests, Woodlands & Scrub",Palearctic
658,acid_so2,cf_std,0.39101034,Crimean Submediterranean forest complex,4.0,Temperate Broadleaf & Mixed Forests,Palearctic
6,acid_so2,cf_std,0.0965977,Cross-Niger transition forests,1.0,Tropical & Subtropical Moist Broadleaf Forests,Afrotropic
7,acid_so2,cf_std,0.10757511,Cross-Sanaga-Bioko coastal forests,1.0,Tropical & Subtropical Moist Broadleaf Forests,Afrotropic
390,acid_so2,cf_std,0.09701649,Cross-Timbers savanna-woodland,8.0,"Temperate Grasslands, Savannas & Shrublands",Nearctic
600,acid_so2,cf_std,0.07904013,Cuban cactus scrub,13.0,Deserts & Xeric Shrublands,Neotropic
530,acid_so2,cf_std,0.0476675,Cuban dry forests,2.0,Tropical & Subtropical Dry Broadleaf Forests,Neotropic
459,acid_so2,cf_std,0.053405296,Cuban moist forests,1.0,Tropical & Subtropical Moist Broadleaf Forests,Neotropic
554,acid_so2,cf_std,0.06867357,Cuban pine forests,3.0,Tropical & Subtropical Coniferous Forests,Neotropic
579,acid_so2,cf_std,0.04585872,Cuban wetlands,9.0,Flooded Grasslands & Savannas,Neotropic
790,acid_so2,cf_std,0.13038874,Cyprus Mediterranean forests,12.0,"Mediterranean Forests, Woodlands & Scrub",Palearctic
693,acid_so2,cf_std,1.3578905,Da Hinggan-Dzhagdy Mountains conifer forests,5.0,Temperate Conifer Forests,Palearctic
659,acid_so2,cf_std,0.12830138,Daba Mountains evergreen forests,4.0,Temperate Broadleaf & Mixed Forests,Palearctic
726,acid_so2,cf_std,0.16846892,Daurian forest steppe,8.0,"Temperate Grasslands, Savannas & Shrublands",Palearctic
415,acid_so2,cf_std,0.9351724,Davis Highlands tundra,11.0,Tundra,Nearctic
315,acid_so2,cf_std,0.040374953,Deccan thorn scrub forests,13.0,Deserts & Xeric Shrublands,Indomalayan
660,acid_so2,cf_std,0.47581938,Dinaric Mountains mixed forests,4.0,Temperate Broadleaf & Mixed Forests,Palearctic
92,acid_so2,cf_std,0.05310037,Djibouti xeric shrublands,13.0,Deserts & Xeric Shrublands,Afrotropic
40,acid_so2,cf_std,0.08458856,Drakensberg Escarpment savanna and thicket,7.0,"Tropical & Subtropical Grasslands, Savannas & Shrublands",Afrotropic
41,acid_so2,cf_std,0.10273055,Drakensberg grasslands,7.0,"Tropical & Subtropical Grasslands, Savannas & Shrublands",Afrotropic
0,acid_so2,cf_std,0.48198417,Rock and Ice,11.0,N/A,N/A
569,acid_so2,cf_std,0.18749137,Dry Chaco,7.0,"Tropical & Subtropical Grasslands, Savannas & Shrublands",Neotropic
694,acid_so2,cf_std,0.49554512,East Afghan montane conifer forests,5.0,Temperate Conifer Forests,Palearctic
69,acid_so2,cf_std,0.053290557,East African halophytics,9.0,Flooded Grasslands & Savannas,Afrotropic
112,acid_so2,cf_std,0.10084072,East African mangroves,14.0,Mangroves,Afrotropic
821,acid_so2,cf_std,0.026742414,East Arabian fog shrublands and sand desert,13.0,Deserts & Xeric Shrublands,Palearctic
332,acid_so2,cf_std,0.10116589,East Central Texas forests,4.0,Temperate Broadleaf & Mixed Forests,Nearctic
293,acid_so2,cf_std,0.016968511,East Deccan dry-evergreen forests,2.0,Tropical & Subtropical Dry Broadleaf Forests,Indomalayan
661,acid_so2,cf_std,0.46832582,East European forest steppe,4.0,Temperate Broadleaf & Mixed Forests,Palearctic
822,acid_so2,cf_std,0.1156633,East Sahara Desert,13.0,Deserts & Xeric Shrublands,Palearctic
823,acid_so2,cf_std,0.06790507,East Saharan montane xeric woodlands,13.0,Deserts & Xeric Shrublands,Palearctic
710,acid_so2,cf_std,1.6371686,East Siberian taiga,6.0,Boreal Forests/Taiga,Palearctic
43,acid_so2,cf_std,0.37826616,East Sudanian savanna,7.0,"Tropical & Subtropical Grasslands, Savannas & Shrublands",Afrotropic
662,acid_so2,cf_std,0.4470369,Eastern Anatolian deciduous forests,4.0,Temperate Broadleaf & Mixed Forests,Palearctic
727,acid_so2,cf_std,0.39073622,Eastern Anatolian montane steppe,8.0,"Temperate Grasslands, Savannas & Shrublands",Palearctic
191,acid_so2,cf_std,0.024543682,Eastern Australia mulga shrublands,8.0,"Temperate Grasslands, Savannas & Shrublands",Australasia
168,acid_so2,cf_std,0.12988098,Eastern Australian temperate forests,4.0,Temperate Broadleaf & Mixed Forests,Australasia
373,acid_so2,cf_std,1.0139809,Eastern Canadian forests,6.0,Boreal Forests/Taiga,Nearctic
374,acid_so2,cf_std,0.78488386,Eastern Canadian Shield taiga,6.0,Boreal Forests/Taiga,Nearctic
354,acid_so2,cf_std,0.50347584,Eastern Cascades forests,5.0,Temperate Conifer Forests,Nearctic
10,acid_so2,cf_std,0.3121554,Eastern Congolian swamp forests,1.0,Tropical & Subtropical Moist Broadleaf Forests,Afrotropic
460,acid_so2,cf_std,0.10983652,Eastern Cordillera Real montane forests,1.0,Tropical & Subtropical Moist Broadleaf Forests,Neotropic
333,acid_so2,cf_std,0.9868678,Eastern Canadian Forest-Boreal transition,4.0,Temperate Broadleaf & Mixed Forests,Nearctic
824,acid_so2,cf_std,0.07882423,Eastern Gobi desert steppe,13.0,Deserts & Xeric Shrublands,Palearctic
334,acid_so2,cf_std,0.5644557,Eastern Great Lakes lowland forests,4.0,Temperate Broadleaf & Mixed Forests,Nearctic
11,acid_so2,cf_std,0.037205324,Eastern Guinean forests,1.0,Tropical & Subtropical Moist Broadleaf Forests,Afrotropic
228,acid_so2,cf_std,0.06650923,East Deccan moist deciduous forests,1.0,Tropical & Subtropical Moist Broadleaf Forests,Indomalayan
751,acid_so2,cf_std,0.32313934,Eastern Himalayan alpine shrub and meadows,10.0,Montane Grasslands & Shrublands,Palearctic
306,acid_so2,cf_std,0.30064428,Eastern Himalayan broadleaf forests,4.0,Temperate Broadleaf & Mixed Forests,Indomalayan
309,acid_so2,cf_std,0.35326356,Eastern Himalayan subalpine conifer forests,5.0,Temperate Conifer Forests,Indomalayan
229,acid_so2,cf_std,0.01318414,Eastern Java-Bali montane rain forests,1.0,Tropical & Subtropical Moist Broadleaf Forests,Indomalayan
230,acid_so2,cf_std,0.017281057,Eastern Java-Bali rain forests,1.0,Tropical & Subtropical Moist Broadleaf Forests,Indomalayan
791,acid_so2,cf_std,0.5656236,Eastern Mediterranean conifer-broadleaf forests,12.0,"Mediterranean Forests, Woodlands & Scrub",Palearctic
621,acid_so2,cf_std,0.011604025,Eastern Micronesia tropical moist forests,1.0,Tropical & Subtropical Moist Broadleaf Forests,Oceania
461,acid_so2,cf_std,0.054085214,Eastern Panamanian montane forests,1.0,Tropical & Subtropical Moist Broadleaf Forests,Neotropic
531,acid_so2,cf_std,0.12143176,Ecuadorian dry forests,2.0,Tropical & Subtropical Dry Broadleaf Forests,Neotropic
391,acid_so2,cf_std,0.053037807,Edwards Plateau savanna,8.0,"Temperate Grasslands, Savannas & Shrublands",Nearctic
185,acid_so2,cf_std,0.0653094,Einasleigh upland savanna,7.0,"Tropical & Subtropical Grasslands, Savannas & Shrublands",Australasia
695,acid_so2,cf_std,0.16743606,Elburz Range forest steppe,5.0,Temperate Conifer Forests,Palearctic
728,acid_so2,cf_std,0.78539264,Emin Valley steppe,8.0,"Temperate Grasslands, Savannas & Shrublands",Palearctic
663,acid_so2,cf_std,0.26920944,English Lowlands beech forests,4.0,Temperate Broadleaf & Mixed Forests,Palearctic
580,acid_so2,cf_std,0.00248357,Enriquillo wetlands,9.0,Flooded Grasslands & Savannas,Neotropic
93,acid_so2,cf_std,0.01917234,Eritrean coastal desert,13.0,Deserts & Xeric Shrublands,Afrotropic
198,acid_so2,cf_std,0.0151684955,Esperance mallee,12.0,"Mediterranean Forests, Woodlands & Scrub",Australasia
575,acid_so2,cf_std,0.09422133,Espinal,8.0,"Temperate Grasslands, Savannas & Shrublands",Neotropic
12,acid_so2,cf_std,0.02150962,Ethiopian montane forests,1.0,Tropical & Subtropical Moist Broadleaf Forests,Afrotropic
79,acid_so2,cf_std,0.05206642,Ethiopian montane grasslands and woodlands,10.0,Montane Grasslands & Shrublands,Afrotropic
80,acid_so2,cf_std,0.048119172,Ethiopian montane moorlands,10.0,Montane Grasslands & Shrublands,Afrotropic
70,acid_so2,cf_std,0.03128217,Etosha Pan halophytics,9.0,Flooded Grasslands & Savannas,Afrotropic
665,acid_so2,cf_std,0.39716,Euxine-Colchic broadleaf forests,4.0,Temperate Broadleaf & Mixed Forests,Palearctic
581,acid_so2,cf_std,0.0234182,Everglades flooded grasslands,9.0,Flooded Grasslands & Savannas,Neotropic
199,acid_so2,cf_std,0.010688213,Eyre and York mallee,12.0,"Mediterranean Forests, Woodlands & Scrub",Australasia
729,acid_so2,cf_std,0.0026521287,Faroe Islands boreal grasslands,8.0,"Temperate Grasslands, Savannas & Shrublands",Palearctic
462,acid_so2,cf_std,0.0028434696,Fernando de Noronha-Atol das Rocas moist forests,1.0,Tropical & Subtropical Moist Broadleaf Forests,Neotropic
635,acid_so2,cf_std,0.00030144744,Fiji tropical dry forests,2.0,Tropical & Subtropical Dry Broadleaf Forests,Oceania
622,acid_so2,cf_std,0.0015178503,Fiji tropical moist forests,1.0,Tropical & Subtropical Moist Broadleaf Forests,Oceania
169,acid_so2,cf_std,0.091876715,Fiordland temperate forests,4.0,Temperate Broadleaf & Mixed Forests,Australasia
200,acid_so2,cf_std,0.028845968,Flinders-Lofty montane woodlands,12.0,"Mediterranean Forests, Woodlands & Scrub",Australasia
392,acid_so2,cf_std,0.07594513,Flint Hills tallgrass prairie,8.0,"Temperate Grasslands, Savannas & Shrublands",Nearctic
355,acid_so2,cf_std,0.4067949,Fraser Plateau and Basin conifer forests,5.0,Temperate Conifer Forests,Nearctic
89,acid_so2,cf_std,0.025504734,Fynbos shrubland,12.0,"Mediterranean Forests, Woodlands & Scrub",Afrotropic
601,acid_so2,cf_std,0.0061521516,Galápagos Islands xeric scrub,13.0,Deserts & Xeric Shrublands,Neotropic
94,acid_so2,cf_std,0.3877869,Gariep Karoo,13.0,Deserts & Xeric Shrublands,Afrotropic
752,acid_so2,cf_std,0.6563123,Ghorat-Hazarajat alpine meadow,10.0,Montane Grasslands & Shrublands,Palearctic
209,acid_so2,cf_std,0.11140899,Gibson desert,13.0,Deserts & Xeric Shrublands,Australasia
730,acid_so2,cf_std,0.77584153,Gissaro-Alai open woodlands,8.0,"Temperate Grasslands, Savannas & Shrublands",Palearctic
316,acid_so2,cf_std,0.0837565,Godavari-Krishna mangroves,13.0,Deserts & Xeric Shrublands,Indomalayan
825,acid_so2,cf_std,0.09377419,Gobi Lakes Valley desert steppe,13.0,Deserts & Xeric Shrublands,Palearctic
13,acid_so2,cf_std,0.047015958,Granitic Seychelles forests,1.0,Tropical & Subtropical Moist Broadleaf Forests,Afrotropic
356,acid_so2,cf_std,0.18356894,Great Basin montane forests,5.0,Temperate Conifer Forests,Nearctic
430,acid_so2,cf_std,0.16927396,Great Basin shrub steppe,13.0,Deserts & Xeric Shrublands,Nearctic
826,acid_so2,cf_std,0.5032115,Great Lakes Basin desert steppe,13.0,Deserts & Xeric Shrublands,Palearctic
210,acid_so2,cf_std,0.6404824,Great Sandy-Tanami desert,13.0,Deserts & Xeric Shrublands,Australasia
211,acid_so2,cf_std,0.09785217,Great Victoria desert,13.0,Deserts & Xeric Shrublands,Australasia
231,acid_so2,cf_std,0.085045196,Greater Negros-Panay rain forests,1.0,Tropical & Subtropical Moist Broadleaf Forests,Indomalayan
602,acid_so2,cf_std,0.023663506,Guajira-Barranquilla xeric scrub,13.0,Deserts & Xeric Shrublands,Neotropic
582,acid_so2,cf_std,1.110223e-16,Guayaquil flooded grasslands,9.0,Flooded Grasslands & Savannas,Neotropic
463,acid_so2,cf_std,0.03290059,Guianan freshwater swamp forests,1.0,Tropical & Subtropical Moist Broadleaf Forests,Neotropic
464,acid_so2,cf_std,0.2219366,Guianan Highlands moist forests,1.0,Tropical & Subtropical Moist Broadleaf Forests,Neotropic
465,acid_so2,cf_std,0.2564777,Guianan lowland moist forests,1.0,Tropical & Subtropical Moist Broadleaf Forests,Neotropic
466,acid_so2,cf_std,0.22747752,Guianan piedmont moist forests,1.0,Tropical & Subtropical Moist Broadleaf Forests,Neotropic
570,acid_so2,cf_std,0.15590867,Guianan savanna,7.0,"Tropical & Subtropical Grasslands, Savannas & Shrublands",Neotropic
44,acid_so2,cf_std,0.18391892,Guinean forest-savanna,7.0,"Tropical & Subtropical Grasslands, Savannas & Shrublands",Afrotropic
113,acid_so2,cf_std,0.14828116,Guinean mangroves,14.0,Mangroves,Afrotropic
14,acid_so2,cf_std,0.08888103,Guinean montane forests,1.0,Tropical & Subtropical Moist Broadleaf Forests,Afrotropic
642,acid_so2,cf_std,0.14000957,Guizhou Plateau broadleaf and mixed forests,1.0,Tropical & Subtropical Moist Broadleaf Forests,Palearctic
431,acid_so2,cf_std,0.044454154,Gulf of California xeric scrub,13.0,Deserts & Xeric Shrublands,Nearctic
335,acid_so2,cf_std,0.6229438,Gulf of St. Lawrence lowland forests,4.0,Temperate Broadleaf & Mixed Forests,Nearctic
467,acid_so2,cf_std,0.02695257,Gurupa várzea,1.0,Tropical & Subtropical Moist Broadleaf Forests,Neotropic
232,acid_so2,cf_std,0.048293605,Hainan Island monsoon rain forests,1.0,Tropical & Subtropical Moist Broadleaf Forests,Indomalayan
140,acid_so2,cf_std,0.06931928,Halmahera rain forests,1.0,Tropical & Subtropical Moist Broadleaf Forests,Australasia
201,acid_so2,cf_std,0.00523197,Hampton mallee and woodlands,12.0,"Mediterranean Forests, Woodlands & Scrub",Australasia
636,acid_so2,cf_std,0.046639513,Hawai'i tropical dry forests,2.0,Tropical & Subtropical Dry Broadleaf Forests,Oceania
639,acid_so2,cf_std,2.7755576e-17,Hawai'i tropical high shrublands,7.0,"Tropical & Subtropical Grasslands, Savannas & Shrublands",Oceania
640,acid_so2,cf_std,0.05316863,Hawai'i tropical low shrublands,7.0,"Tropical & Subtropical Grasslands, Savannas & Shrublands",Oceania
623,acid_so2,cf_std,0.051173363,Hawai'i tropical moist forests,1.0,Tropical & Subtropical Moist Broadleaf Forests,Oceania
696,acid_so2,cf_std,0.057894643,Helanshan montane conifer forests,5.0,Temperate Conifer Forests,Palearctic
697,acid_so2,cf_std,0.22189404,Hengduan Mountains subalpine conifer forests,5.0,Temperate Conifer Forests,Palearctic
412,acid_so2,cf_std,1.5098107,Canadian High Arctic tundra,11.0,Tundra,Nearctic
592,acid_so2,cf_std,0.20695472,High Monte,10.0,Montane Grasslands & Shrublands,Neotropic
81,acid_so2,cf_std,0.46635124,Highveld grasslands,10.0,Montane Grasslands & Shrublands,Afrotropic
233,acid_so2,cf_std,0.30482477,Himalayan subtropical broadleaf forests,1.0,Tropical & Subtropical Moist Broadleaf Forests,Indomalayan
302,acid_so2,cf_std,0.53572893,Himalayan subtropical pine forests,3.0,Tropical & Subtropical Coniferous Forests,Indomalayan
753,acid_so2,cf_std,0.41479483,Hindu Kush alpine meadow,10.0,Montane Grasslands & Shrublands,Palearctic
532,acid_so2,cf_std,0.026605994,Hispaniolan dry forests,2.0,Tropical & Subtropical Dry Broadleaf Forests,Neotropic
468,acid_so2,cf_std,0.020867225,Hispaniolan moist forests,1.0,Tropical & Subtropical Moist Broadleaf Forests,Neotropic
555,acid_so2,cf_std,0.01696076,Hispaniolan pine forests,3.0,Tropical & Subtropical Coniferous Forests,Neotropic
95,acid_so2,cf_std,1.0093114,Hobyo grasslands and shrublands,13.0,Deserts & Xeric Shrublands,Afrotropic
666,acid_so2,cf_std,0.27222952,Hokkaido deciduous forests,4.0,Temperate Broadleaf & Mixed Forests,Palearctic
698,acid_so2,cf_std,0.23372631,Hokkaido montane conifer forests,5.0,Temperate Conifer Forests,Palearctic
699,acid_so2,cf_std,0.25016502,Honshu alpine conifer forests,5.0,Temperate Conifer Forests,Palearctic
45,acid_so2,cf_std,0.04456144,Horn of Africa xeric bushlands,7.0,"Tropical & Subtropical Grasslands, Savannas & Shrublands",Afrotropic
667,acid_so2,cf_std,0.3261698,Huang He Plain mixed forests,4.0,Temperate Broadleaf & Mixed Forests,Palearctic
571,acid_so2,cf_std,0.09096921,Humid Chaco,7.0,"Tropical & Subtropical Grasslands, Savannas & Shrublands",Neotropic
576,acid_so2,cf_std,0.08382857,Humid Pampas,8.0,"Temperate Grasslands, Savannas & Shrublands",Neotropic
141,acid_so2,cf_std,0.04521185,Huon Peninsula montane rain forests,1.0,Tropical & Subtropical Moist Broadleaf Forests,Australasia
792,acid_so2,cf_std,0.17983924,Iberian conifer forests,12.0,"Mediterranean Forests, Woodlands & Scrub",Palearctic
793,acid_so2,cf_std,0.2747208,Iberian sclerophyllous and semi-deciduous forests,12.0,"Mediterranean Forests, Woodlands & Scrub",Palearctic
711,acid_so2,cf_std,0.22121577,Iceland boreal birch forests and alpine tundra,6.0,Boreal Forests/Taiga,Palearctic
794,acid_so2,cf_std,0.7117165,Illyrian deciduous forests,12.0,"Mediterranean Forests, Woodlands & Scrub",Palearctic
319,acid_so2,cf_std,0.09816784,Indochina mangroves,14.0,Mangroves,Indomalayan
320,acid_so2,cf_std,0.82527,Indus River Delta-Arabian Sea mangroves,14.0,Mangroves,Indomalayan
317,acid_so2,cf_std,0.25920507,Indus Valley desert,13.0,Deserts & Xeric Shrublands,Indomalayan
71,acid_so2,cf_std,0.9131217,Inner Niger Delta flooded savanna,9.0,Flooded Grasslands & Savannas,Afrotropic
375,acid_so2,cf_std,1.5488899,Interior Alaska-Yukon lowland taiga,6.0,Boreal Forests/Taiga,Nearctic
336,acid_so2,cf_std,0.32879066,Interior Plateau US Hardwood Forests,4.0,Temperate Broadleaf & Mixed Forests,Nearctic
416,acid_so2,cf_std,1.3401495,Interior Yukon-Alaska alpine tundra,11.0,Tundra,Nearctic
469,acid_so2,cf_std,0.23710407,Iquitos várzea,1.0,Tropical & Subtropical Moist Broadleaf Forests,Neotropic
294,acid_so2,cf_std,0.1178116,Irrawaddy dry forests,2.0,Tropical & Subtropical Dry Broadleaf Forests,Indomalayan
234,acid_so2,cf_std,0.03692974,Irrawaddy freshwater swamp forests,1.0,Tropical & Subtropical Moist Broadleaf Forests,Indomalayan
235,acid_so2,cf_std,0.15383646,Irrawaddy moist deciduous forests,1.0,Tropical & Subtropical Moist Broadleaf Forests,Indomalayan
533,acid_so2,cf_std,0.024810659,Islas Revillagigedo dry forests,2.0,Tropical & Subtropical Dry Broadleaf Forests,Neotropic
470,acid_so2,cf_std,0.039749533,Isthmian-Atlantic moist forests,1.0,Tropical & Subtropical Moist Broadleaf Forests,Neotropic
471,acid_so2,cf_std,0.039571263,Isthmian-Pacific moist forests,1.0,Tropical & Subtropical Moist Broadleaf Forests,Neotropic
795,acid_so2,cf_std,0.3103678,Italian sclerophyllous and semi-deciduous forests,12.0,"Mediterranean Forests, Woodlands & Scrub",Palearctic
46,acid_so2,cf_std,0.18617663,Itigi-Sumbu thicket,7.0,"Tropical & Subtropical Grasslands, Savannas & Shrublands",Afrotropic
534,acid_so2,cf_std,0.09191852,Jalisco dry forests,2.0,Tropical & Subtropical Dry Broadleaf Forests,Neotropic
535,acid_so2,cf_std,0.015294872,Jamaican dry forests,2.0,Tropical & Subtropical Dry Broadleaf Forests,Neotropic
472,acid_so2,cf_std,0.014870303,Jamaican moist forests,1.0,Tropical & Subtropical Moist Broadleaf Forests,Neotropic
473,acid_so2,cf_std,0.27614945,Japurá-Solimões-Negro moist forests,1.0,Tropical & Subtropical Moist Broadleaf Forests,Neotropic
202,acid_so2,cf_std,0.040628433,Jarrah-Karri forest and shrublands,12.0,"Mediterranean Forests, Woodlands & Scrub",Australasia
236,acid_so2,cf_std,0.30154127,Jian Nan subtropical evergreen forests,1.0,Tropical & Subtropical Moist Broadleaf Forests,Indomalayan
82,acid_so2,cf_std,1.110223e-16,Jos Plateau forest-grassland,10.0,Montane Grasslands & Shrublands,Afrotropic
560,acid_so2,cf_std,0.031380385,Juan Fernández Islands temperate forests,4.0,Temperate Broadleaf & Mixed Forests,Neotropic
827,acid_so2,cf_std,1.3705354,Junggar Basin semi-desert,13.0,Deserts & Xeric Shrublands,Palearctic
474,acid_so2,cf_std,0.16604735,Juruá-Purus moist forests,1.0,Tropical & Subtropical Moist Broadleaf Forests,Neotropic
418,acid_so2,cf_std,1.3477753,Kalaallit Nunaat High Arctic tundra,11.0,Tundra,Nearctic
47,acid_so2,cf_std,0.7960861,Kalahari Acacia woodlands,7.0,"Tropical & Subtropical Grasslands, Savannas & Shrublands",Afrotropic
97,acid_so2,cf_std,0.9511616,Kalahari xeric savanna,13.0,Deserts & Xeric Shrublands,Afrotropic
713,acid_so2,cf_std,0.5775101,Kamchatka-Kurile meadows and sparse forests,6.0,Boreal Forests/Taiga,Palearctic
712,acid_so2,cf_std,0.5224557,Kamchatka taiga,6.0,Boreal Forests/Taiga,Palearctic
98,acid_so2,cf_std,0.032583956,Kaokoveld desert,13.0,Deserts & Xeric Shrublands,Afrotropic
754,acid_so2,cf_std,0.7823896,Karakoram-West Tibetan Plateau alpine steppe,10.0,Montane Grasslands & Shrublands,Palearctic
237,acid_so2,cf_std,0.1039953,Kayah-Karen montane rain forests,1.0,Tropical & Subtropical Moist Broadleaf Forests,Indomalayan
731,acid_so2,cf_std,0.7363505,Kazakh forest steppe,8.0,"Temperate Grasslands, Savannas & Shrublands",Palearctic
828,acid_so2,cf_std,0.3650868,Kazakh semi-desert,13.0,Deserts & Xeric Shrublands,Palearctic
732,acid_so2,cf_std,0.5528508,Kazakh steppe,8.0,"Temperate Grasslands, Savannas & Shrublands",Palearctic
733,acid_so2,cf_std,0.24987307,Kazakh upland steppe,8.0,"Temperate Grasslands, Savannas & Shrublands",Palearctic
624,acid_so2,cf_std,0.0,Kermadec Islands subtropical moist forests,1.0,Tropical & Subtropical Moist Broadleaf Forests,Oceania
755,acid_so2,cf_std,0.1063686,Khangai Mountains alpine meadow,10.0,Montane Grasslands & Shrublands,Palearctic
700,acid_so2,cf_std,0.0,Khangai Mountains conifer forests,5.0,Temperate Conifer Forests,Palearctic
295,acid_so2,cf_std,0.39061466,Khathiar-Gir dry deciduous forests,2.0,Tropical & Subtropical Dry Broadleaf Forests,Indomalayan
186,acid_so2,cf_std,0.5073308,Kimberly tropical savanna,7.0,"Tropical & Subtropical Grasslands, Savannas & Shrublands",Australasia
357,acid_so2,cf_std,0.20793267,Klamath-Siskiyou forests,5.0,Temperate Conifer Forests,Nearctic
15,acid_so2,cf_std,0.010523726,Knysna-Amatole montane forests,1.0,Tropical & Subtropical Moist Broadleaf Forests,Afrotropic
774,acid_so2,cf_std,0.8714209,Kola Peninsula tundra,11.0,Tundra,Palearctic
829,acid_so2,cf_std,0.47519216,Kopet Dag semi-desert,13.0,Deserts & Xeric Shrublands,Palearctic
756,acid_so2,cf_std,0.44781452,Kopet Dag woodlands and forest steppe,10.0,Montane Grasslands & Shrublands,Palearctic
757,acid_so2,cf_std,0.34163654,Kuh Rud and Eastern Iran montane woodlands,10.0,Montane Grasslands & Shrublands,Palearctic
16,acid_so2,cf_std,0.078138575,Kwazulu Natal-Cape coastal forests,1.0,Tropical & Subtropical Moist Broadleaf Forests,Afrotropic
603,acid_so2,cf_std,0.057649307,La Costa xeric shrublands,13.0,Deserts & Xeric Shrublands,Neotropic
72,acid_so2,cf_std,4.3018937,Lake Chad flooded savanna,9.0,Flooded Grasslands & Savannas,Afrotropic
536,acid_so2,cf_std,0.036741905,Lara-Falcón dry forests,2.0,Tropical & Subtropical Dry Broadleaf Forests,Neotropic
475,acid_so2,cf_std,0.0025559927,Leeward Islands moist forests,1.0,Tropical & Subtropical Moist Broadleaf Forests,Neotropic
163,acid_so2,cf_std,0.02395088,Lesser Sundas deciduous forests,2.0,Tropical & Subtropical Dry Broadleaf Forests,Australasia
48,acid_so2,cf_std,0.19085035,Limpopo lowveld,7.0,"Tropical & Subtropical Grasslands, Savannas & Shrublands",Afrotropic
572,acid_so2,cf_std,0.24640164,Llanos,7.0,"Tropical & Subtropical Grasslands, Savannas & Shrublands",Neotropic
142,acid_so2,cf_std,0.0,Lord Howe Island subtropical forests,1.0,Tropical & Subtropical Moist Broadleaf Forests,Australasia
143,acid_so2,cf_std,0.017476313,Louisiade Archipelago rain forests,1.0,Tropical & Subtropical Moist Broadleaf Forests,Australasia
577,acid_so2,cf_std,0.13487981,Low Monte,8.0,"Temperate Grasslands, Savannas & Shrublands",Neotropic
238,acid_so2,cf_std,0.10524266,Lower Gangetic Plains moist deciduous forests,1.0,Tropical & Subtropical Moist Broadleaf Forests,Indomalayan
239,acid_so2,cf_std,0.13728209,Luang Prabang montane rain forests,1.0,Tropical & Subtropical Moist Broadleaf Forests,Indomalayan
240,acid_so2,cf_std,0.06032451,Luzon montane rain forests,1.0,Tropical & Subtropical Moist Broadleaf Forests,Indomalayan
241,acid_so2,cf_std,0.10123808,Luzon rain forests,1.0,Tropical & Subtropical Moist Broadleaf Forests,Indomalayan
303,acid_so2,cf_std,0.024234956,Luzon tropical pine forests,3.0,Tropical & Subtropical Coniferous Forests,Indomalayan
32,acid_so2,cf_std,0.14228119,Madagascar dry deciduous forests,2.0,Tropical & Subtropical Dry Broadleaf Forests,Afrotropic
83,acid_so2,cf_std,0.10668271,Madagascar ericoid thickets,10.0,Montane Grasslands & Shrublands,Afrotropic
17,acid_so2,cf_std,0.11913175,Madagascar humid forests,1.0,Tropical & Subtropical Moist Broadleaf Forests,Afrotropic
114,acid_so2,cf_std,0.29879066,Madagascar mangroves,14.0,Mangroves,Afrotropic
99,acid_so2,cf_std,0.17290491,Madagascar spiny thickets,13.0,Deserts & Xeric Shrublands,Afrotropic
18,acid_so2,cf_std,0.12989296,Madagascar subhumid forests,1.0,Tropical & Subtropical Moist Broadleaf Forests,Afrotropic
100,acid_so2,cf_std,0.2700899,Madagascar succulent woodlands,13.0,Deserts & Xeric Shrublands,Afrotropic
476,acid_so2,cf_std,0.21328188,Madeira-Tapajós moist forests,1.0,Tropical & Subtropical Moist Broadleaf Forests,Neotropic
668,acid_so2,cf_std,0.008652136,Madeira evergreen forests,4.0,Temperate Broadleaf & Mixed Forests,Palearctic
478,acid_so2,cf_std,0.075283356,Magdalena-Urabá moist forests,1.0,Tropical & Subtropical Moist Broadleaf Forests,Neotropic
538,acid_so2,cf_std,0.095875025,Magdalena Valley dry forests,2.0,Tropical & Subtropical Dry Broadleaf Forests,Neotropic
477,acid_so2,cf_std,0.0853425,Magdalena Valley montane forests,1.0,Tropical & Subtropical Moist Broadleaf Forests,Neotropic
561,acid_so2,cf_std,0.3002417,Magellanic subpolar forests,4.0,Temperate Broadleaf & Mixed Forests,Neotropic
73,acid_so2,cf_std,0.44036,Makgadikgadi halophytics,9.0,Flooded Grasslands & Savannas,Afrotropic
242,acid_so2,cf_std,0.03403784,Malabar Coast moist forests,1.0,Tropical & Subtropical Moist Broadleaf Forests,Indomalayan
243,acid_so2,cf_std,0.17218652,Maldives-Lakshadweep-Chagos Archipelago tropical moist forests,1.0,Tropical & Subtropical Moist Broadleaf Forests,Indomalayan
604,acid_so2,cf_std,0.0,Malpelo Island xeric scrub,13.0,Deserts & Xeric Shrublands,Neotropic
669,acid_so2,cf_std,0.9324804,Manchurian mixed forests,4.0,Temperate Broadleaf & Mixed Forests,Palearctic
49,acid_so2,cf_std,0.11821501,Mandara Plateau woodlands,7.0,"Tropical & Subtropical Grasslands, Savannas & Shrublands",Afrotropic
19,acid_so2,cf_std,0.10381293,Maputaland coastal forests and woodlands,1.0,Tropical & Subtropical Moist Broadleaf Forests,Afrotropic
539,acid_so2,cf_std,0.027705621,Maracaibo dry forests,2.0,Tropical & Subtropical Dry Broadleaf Forests,Neotropic
480,acid_so2,cf_std,0.23399675,Marajó várzea,1.0,Tropical & Subtropical Moist Broadleaf Forests,Neotropic
540,acid_so2,cf_std,0.2879313,Maranhão Babaçu forests,2.0,Tropical & Subtropical Dry Broadleaf Forests,Neotropic
479,acid_so2,cf_std,0.31494668,Marañón dry forests,1.0,Tropical & Subtropical Moist Broadleaf Forests,Neotropic
637,acid_so2,cf_std,0.0030675812,Marianas tropical dry forests,2.0,Tropical & Subtropical Dry Broadleaf Forests,Oceania
625,acid_so2,cf_std,9.1666996e-05,Marquesas tropical moist forests,1.0,Tropical & Subtropical Moist Broadleaf Forests,Oceania
50,acid_so2,cf_std,0.035643127,Masai xeric grasslands and shrublands,7.0,"Tropical & Subtropical Grasslands, Savannas & Shrublands",Afrotropic
20,acid_so2,cf_std,0.07277071,Mascarene forests,1.0,Tropical & Subtropical Moist Broadleaf Forests,Afrotropic
481,acid_so2,cf_std,0.24733584,Mato Grosso tropical dry forests,1.0,Tropical & Subtropical Moist Broadleaf Forests,Neotropic
796,acid_so2,cf_std,0.04000865,Mediterranean Acacia-Argania dry woodlands and succulent thickets,12.0,"Mediterranean Forests, Woodlands & Scrub",Palearctic
701,acid_so2,cf_std,0.12281865,Mediterranean conifer and mixed forests,5.0,Temperate Conifer Forests,Palearctic
797,acid_so2,cf_std,0.10072754,Mediterranean dry woodlands and steppe,12.0,"Mediterranean Forests, Woodlands & Scrub",Palearctic
758,acid_so2,cf_std,0.029698264,Mediterranean High Atlas juniper steppe,10.0,Montane Grasslands & Shrublands,Palearctic
798,acid_so2,cf_std,0.12935248,Mediterranean woodlands and forests,12.0,"Mediterranean Forests, Woodlands & Scrub",Palearctic
244,acid_so2,cf_std,0.066908084,Meghalaya subtropical forests,1.0,Tropical & Subtropical Moist Broadleaf Forests,Indomalayan
245,acid_so2,cf_std,0.061382186,Mentawai Islands rain forests,1.0,Tropical & Subtropical Moist Broadleaf Forests,Indomalayan
432,acid_so2,cf_std,0.049504492,Meseta Central matorral,13.0,Deserts & Xeric Shrublands,Nearctic
613,acid_so2,cf_std,0.088106796,Mesoamerican Gulf-Caribbean mangroves,14.0,Mangroves,Neotropic
830,acid_so2,cf_std,0.13394353,Mesopotamian shrub desert,13.0,Deserts & Xeric Shrublands,Palearctic
376,acid_so2,cf_std,0.8644147,Mid-Canada Boreal Plains forests,6.0,Boreal Forests/Taiga,Nearctic
414,acid_so2,cf_std,0.3257351,Canadian Middle Arctic Tundra,11.0,Tundra,Nearctic
393,acid_so2,cf_std,0.16689134,Mid-Atlantic US coastal savannas,8.0,"Temperate Grasslands, Savannas & Shrublands",Nearctic
377,acid_so2,cf_std,0.80677295,Midwest Canadian Shield forests,6.0,Boreal Forests/Taiga,Nearctic
247,acid_so2,cf_std,0.06404863,Mindanao-Eastern Visayas rain forests,1.0,Tropical & Subtropical Moist Broadleaf Forests,Indomalayan
246,acid_so2,cf_std,0.008605967,Mindanao montane rain forests,1.0,Tropical & Subtropical Moist Broadleaf Forests,Indomalayan
248,acid_so2,cf_std,0.14112839,Mindoro rain forests,1.0,Tropical & Subtropical Moist Broadleaf Forests,Indomalayan
573,acid_so2,cf_std,0.014040657,Miskito pine forests,7.0,"Tropical & Subtropical Grasslands, Savannas & Shrublands",Neotropic
337,acid_so2,cf_std,0.109304905,Mississippi lowland forests,4.0,Temperate Broadleaf & Mixed Forests,Nearctic
187,acid_so2,cf_std,0.36067164,Mitchell Grass Downs,7.0,"Tropical & Subtropical Grasslands, Savannas & Shrublands",Australasia
249,acid_so2,cf_std,0.18529366,Mizoram-Manipur-Kachin rain forests,1.0,Tropical & Subtropical Moist Broadleaf Forests,Indomalayan
433,acid_so2,cf_std,0.15016477,Mojave desert,13.0,Deserts & Xeric Shrublands,Nearctic
734,acid_so2,cf_std,0.20995012,Mongolian-Manchurian grassland,8.0,"Temperate Grasslands, Savannas & Shrublands",Palearctic
394,acid_so2,cf_std,0.66103894,Montana Valley and Foothill grasslands,8.0,"Temperate Grasslands, Savannas & Shrublands",Nearctic
482,acid_so2,cf_std,0.33441305,Monte Alegre várzea,1.0,Tropical & Subtropical Moist Broadleaf Forests,Neotropic
605,acid_so2,cf_std,0.01463704,Motagua Valley thornscrub,13.0,Deserts & Xeric Shrublands,Neotropic
21,acid_so2,cf_std,0.0,Mount Cameroon and Bioko montane forests,1.0,Tropical & Subtropical Moist Broadleaf Forests,Afrotropic
84,acid_so2,cf_std,0.26292136,Mulanje Montane forest-grassland,10.0,Montane Grasslands & Shrublands,Afrotropic
203,acid_so2,cf_std,0.037207518,Murray-Darling woodlands and mallee,12.0,"Mediterranean Forests, Woodlands & Scrub",Australasia
378,acid_so2,cf_std,0.7855878,Muskwa-Slave Lake taiga,6.0,Boreal Forests/Taiga,Nearctic
321,acid_so2,cf_std,0.09987897,Myanmar Coast mangroves,14.0,Mangroves,Indomalayan
250,acid_so2,cf_std,0.081922784,Myanmar coastal rain forests,1.0,Tropical & Subtropical Moist Broadleaf Forests,Indomalayan
101,acid_so2,cf_std,0.65845686,Nama Karoo shrublands,13.0,Deserts & Xeric Shrublands,Afrotropic
102,acid_so2,cf_std,0.04459181,Namaqualand-Richtersveld steppe,13.0,Deserts & Xeric Shrublands,Afrotropic
103,acid_so2,cf_std,0.14021748,Namib Desert,13.0,Deserts & Xeric Shrublands,Afrotropic
104,acid_so2,cf_std,0.16760428,Namibian savanna woodlands,13.0,Deserts & Xeric Shrublands,Afrotropic
251,acid_so2,cf_std,0.046436835,Nansei Islands subtropical evergreen forests,1.0,Tropical & Subtropical Moist Broadleaf Forests,Indomalayan
483,acid_so2,cf_std,0.30284396,Napo moist forests,1.0,Tropical & Subtropical Moist Broadleaf Forests,Neotropic
204,acid_so2,cf_std,0.06260349,Naracoorte woodlands,12.0,"Mediterranean Forests, Woodlands & Scrub",Australasia
296,acid_so2,cf_std,0.08656104,Narmada Valley dry deciduous forests,2.0,Tropical & Subtropical Dry Broadleaf Forests,Indomalayan
395,acid_so2,cf_std,0.058196463,Nebraska Sand Hills mixed grasslands,8.0,"Temperate Grasslands, Savannas & Shrublands",Nearctic
484,acid_so2,cf_std,0.18502395,Negro-Branco moist forests,1.0,Tropical & Subtropical Moist Broadleaf Forests,Neotropic
170,acid_so2,cf_std,0.100974314,Nelson Coast temperate forests,4.0,Temperate Broadleaf & Mixed Forests,Australasia
743,acid_so2,cf_std,0.17837428,Nenjiang River grassland,9.0,Flooded Grasslands & Savannas,Palearctic
144,acid_so2,cf_std,0.03581742,New Britain-New Ireland lowland rain forests,1.0,Tropical & Subtropical Moist Broadleaf Forests,Australasia
145,acid_so2,cf_std,0.027299562,New Britain-New Ireland montane rain forests,1.0,Tropical & Subtropical Moist Broadleaf Forests,Australasia
164,acid_so2,cf_std,0.0016882205,New Caledonia dry forests,2.0,Tropical & Subtropical Dry Broadleaf Forests,Australasia
146,acid_so2,cf_std,0.0065766852,New Caledonia rain forests,1.0,Tropical & Subtropical Moist Broadleaf Forests,Australasia
338,acid_so2,cf_std,0.7636386,New England-Acadian forests,4.0,Temperate Broadleaf & Mixed Forests,Nearctic
217,acid_so2,cf_std,0.096424416,New Guinea mangroves,14.0,Mangroves,Australasia
252,acid_so2,cf_std,0.015397018,Nicobar Islands rain forests,1.0,Tropical & Subtropical Moist Broadleaf Forests,Indomalayan
22,acid_so2,cf_std,0.0264161,Niger Delta swamp forests,1.0,Tropical & Subtropical Moist Broadleaf Forests,Afrotropic
23,acid_so2,cf_std,0.040699426,Nigerian lowland forests,1.0,Tropical & Subtropical Moist Broadleaf Forests,Afrotropic
670,acid_so2,cf_std,0.09761374,Nihonkai evergreen forests,4.0,Temperate Broadleaf & Mixed Forests,Palearctic
671,acid_so2,cf_std,0.2407612,Nihonkai montane deciduous forests,4.0,Temperate Broadleaf & Mixed Forests,Palearctic
744,acid_so2,cf_std,0.4815308,Nile Delta flooded savanna,9.0,Flooded Grasslands & Savannas,Palearctic
147,acid_so2,cf_std,0.0034392048,Norfolk Island subtropical forests,1.0,Tropical & Subtropical Moist Broadleaf Forests,Australasia
831,acid_so2,cf_std,1.0489743,North Arabian desert,13.0,Deserts & Xeric Shrublands,Palearctic
832,acid_so2,cf_std,0.04295668,North Arabian highland shrublands,13.0,Deserts & Xeric Shrublands,Palearctic
171,acid_so2,cf_std,0.13771468,New Zealand North Island temperate forests,4.0,Temperate Broadleaf & Mixed Forests,Australasia
833,acid_so2,cf_std,0.28235692,North Saharan Xeric Steppe and Woodland,13.0,Deserts & Xeric Shrublands,Palearctic
106,acid_so2,cf_std,0.043014925,Somali montane xeric woodlands,13.0,Deserts & Xeric Shrublands,Afrotropic
759,acid_so2,cf_std,0.8639543,North Tibetan Plateau-Kunlun Mountains alpine desert,10.0,Montane Grasslands & Shrublands,Palearctic
253,acid_so2,cf_std,0.057693046,North Western Ghats moist deciduous forests,1.0,Tropical & Subtropical Moist Broadleaf Forests,Indomalayan
254,acid_so2,cf_std,0.028201282,North Western Ghats montane rain forests,1.0,Tropical & Subtropical Moist Broadleaf Forests,Indomalayan
673,acid_so2,cf_std,0.4351624,Northeast China Plain deciduous forests,4.0,Temperate Broadleaf & Mixed Forests,Palearctic
304,acid_so2,cf_std,0.09163257,Northeast India-Myanmar pine forests,3.0,Tropical & Subtropical Coniferous Forests,Indomalayan
775,acid_so2,cf_std,0.07796616,Northeast Siberian coastal tundra,11.0,Tundra,Palearctic
714,acid_so2,cf_std,0.562448,Northeast Siberian taiga,6.0,Boreal Forests/Taiga,Palearctic
485,acid_so2,cf_std,0.08799817,Northeast Brazil restingas,1.0,Tropical & Subtropical Moist Broadleaf Forests,Neotropic
24,acid_so2,cf_std,0.27340502,Northeast Congolian lowland forests,1.0,Tropical & Subtropical Moist Broadleaf Forests,Afrotropic
702,acid_so2,cf_std,0.17504098,Northeast Himalayan subalpine conifer forests,5.0,Temperate Conifer Forests,Palearctic
799,acid_so2,cf_std,0.5249801,Northeast Spain and Southern France Mediterranean forests,12.0,"Mediterranean Forests, Woodlands & Scrub",Palearctic
339,acid_so2,cf_std,0.49939033,Northeast US Coastal forests,4.0,Temperate Broadleaf & Mixed Forests,Nearctic
51,acid_so2,cf_std,0.107873835,Northern Acacia-Commiphora bushlands and thickets,7.0,"Tropical & Subtropical Grasslands, Savannas & Shrublands",Afrotropic
703,acid_so2,cf_std,0.35640272,Northern Anatolian conifer and deciduous forests,5.0,Temperate Conifer Forests,Palearctic
593,acid_so2,cf_std,0.1548742,Northern Andean páramo,10.0,Montane Grasslands & Shrublands,Neotropic
255,acid_so2,cf_std,0.0582642,Northern Annamites rain forests,1.0,Tropical & Subtropical Moist Broadleaf Forests,Indomalayan
359,acid_so2,cf_std,0.17949702,Northern California coastal forests,5.0,Temperate Conifer Forests,Nearctic
379,acid_so2,cf_std,1.546324,Northern Canadian Shield taiga,6.0,Boreal Forests/Taiga,Nearctic
52,acid_so2,cf_std,0.3448209,Northern Congolian Forest-Savanna,7.0,"Tropical & Subtropical Grasslands, Savannas & Shrublands",Afrotropic
297,acid_so2,cf_std,0.047117937,North Deccan dry deciduous forests,2.0,Tropical & Subtropical Dry Broadleaf Forests,Indomalayan
256,acid_so2,cf_std,0.14812092,Northern Indochina subtropical forests,1.0,Tropical & Subtropical Moist Broadleaf Forests,Indomalayan
257,acid_so2,cf_std,0.043151923,Northern Khorat Plateau moist deciduous forests,1.0,Tropical & Subtropical Moist Broadleaf Forests,Indomalayan
614,acid_so2,cf_std,0.05024045,Northern Mesoamerican Pacific mangroves,14.0,Mangroves,Neotropic
148,acid_so2,cf_std,0.07616834,Northern New Guinea lowland rain and freshwater swamp forests,1.0,Tropical & Subtropical Moist Broadleaf Forests,Australasia
149,acid_so2,cf_std,0.06308332,Northern New Guinea montane rain forests,1.0,Tropical & Subtropical Moist Broadleaf Forests,Australasia
396,acid_so2,cf_std,0.27159032,Northern Shortgrass prairie,8.0,"Temperate Grasslands, Savannas & Shrublands",Nearctic
25,acid_so2,cf_std,0.48199263,Northern Swahili coastal forests,1.0,Tropical & Subtropical Moist Broadleaf Forests,Afrotropic
397,acid_so2,cf_std,0.5222727,Northern Tallgrass prairie,8.0,"Temperate Grasslands, Savannas & Shrublands",Nearctic
258,acid_so2,cf_std,0.10023866,Northern Thailand-Laos moist deciduous forests,1.0,Tropical & Subtropical Moist Broadleaf Forests,Indomalayan
259,acid_so2,cf_std,0.17925358,Northern Triangle subtropical forests,1.0,Tropical & Subtropical Moist Broadleaf Forests,Indomalayan
307,acid_so2,cf_std,0.2675309,Northern Triangle temperate forests,4.0,Temperate Broadleaf & Mixed Forests,Indomalayan
260,acid_so2,cf_std,0.08930208,Northern Vietnam lowland rain forests,1.0,Tropical & Subtropical Moist Broadleaf Forests,Indomalayan
173,acid_so2,cf_std,0.16961704,Northland temperate kauri forests,4.0,Temperate Broadleaf & Mixed Forests,Australasia
800,acid_so2,cf_std,0.16429354,Northwest Iberian montane forests,12.0,"Mediterranean Forests, Woodlands & Scrub",Palearctic
776,acid_so2,cf_std,1.131719,Northwest Russian-Novaya Zemlya tundra,11.0,Tundra,Palearctic
486,acid_so2,cf_std,0.13403961,Northwest Andean montane forests,1.0,Tropical & Subtropical Moist Broadleaf Forests,Neotropic
26,acid_so2,cf_std,0.22503248,Northwest Congolian lowland forests,1.0,Tropical & Subtropical Moist Broadleaf Forests,Afrotropic
641,acid_so2,cf_std,0.012650027,Northwest Hawai'i scrub,7.0,"Tropical & Subtropical Grasslands, Savannas & Shrublands",Oceania
760,acid_so2,cf_std,1.0515802,Northwestern Himalayan alpine shrub and meadows,10.0,Montane Grasslands & Shrublands,Palearctic
314,acid_so2,cf_std,1.7669318,Aravalli west thorn scrub forests,13.0,Deserts & Xeric Shrublands,Indomalayan
777,acid_so2,cf_std,0.44688094,Novosibirsk Islands Arctic desert,11.0,Tundra,Palearctic
704,acid_so2,cf_std,0.24540852,Nujiang Langcang Gorge alpine conifer and mixed forests,5.0,Temperate Conifer Forests,Palearctic
212,acid_so2,cf_std,0.023738917,Nullarbor Plains xeric shrublands,13.0,Deserts & Xeric Shrublands,Australasia
85,acid_so2,cf_std,0.04105409,Nyanga-Chimanimani Montane forest-grassland,10.0,Montane Grasslands & Shrublands,Afrotropic
487,acid_so2,cf_std,0.09195545,Oaxacan montane forests,1.0,Tropical & Subtropical Moist Broadleaf Forests,Neotropic
626,acid_so2,cf_std,0.006577132,Ogasawara subtropical moist forests,1.0,Tropical & Subtropical Moist Broadleaf Forests,Oceania
419,acid_so2,cf_std,0.70633286,Ogilvie-MacKenzie alpine tundra,11.0,Tundra,Nearctic
362,acid_so2,cf_std,0.48007345,Okanogan dry forests,5.0,Temperate Conifer Forests,Nearctic
715,acid_so2,cf_std,0.94840413,Okhotsk-Manchurian taiga,6.0,Boreal Forests/Taiga,Palearctic
761,acid_so2,cf_std,0.19097228,Ordos Plateau steppe,10.0,Montane Grasslands & Shrublands,Palearctic
488,acid_so2,cf_std,0.16272224,Orinoco Delta swamp forests,1.0,Tropical & Subtropical Moist Broadleaf Forests,Neotropic
583,acid_so2,cf_std,0.092726305,Orinoco wetlands,9.0,Flooded Grasslands & Savannas,Neotropic
261,acid_so2,cf_std,0.022567213,Orissa semi-evergreen forests,1.0,Tropical & Subtropical Moist Broadleaf Forests,Indomalayan
340,acid_so2,cf_std,0.04282731,Ozark Highlands mixed forests,4.0,Temperate Broadleaf & Mixed Forests,Nearctic
341,acid_so2,cf_std,0.07485131,Ozark Mountain forests,4.0,Temperate Broadleaf & Mixed Forests,Nearctic
420,acid_so2,cf_std,0.5592397,Pacific Coastal Mountain icefields and tundra,11.0,Tundra,Nearctic
627,acid_so2,cf_std,0.002982268,Palau tropical moist forests,1.0,Tropical & Subtropical Moist Broadleaf Forests,Oceania
262,acid_so2,cf_std,0.012508621,Palawan rain forests,1.0,Tropical & Subtropical Moist Broadleaf Forests,Indomalayan
398,acid_so2,cf_std,1.1449816,Palouse prairie,8.0,"Temperate Grasslands, Savannas & Shrublands",Nearctic
762,acid_so2,cf_std,0.65964985,Pamir alpine desert and tundra,10.0,Montane Grasslands & Shrublands,Palearctic
541,acid_so2,cf_std,0.012748737,Panamanian dry forests,2.0,Tropical & Subtropical Dry Broadleaf Forests,Neotropic
674,acid_so2,cf_std,0.42795107,Pannonian mixed forests,4.0,Temperate Broadleaf & Mixed Forests,Palearctic
584,acid_so2,cf_std,0.1131641,Pantanal,9.0,Flooded Grasslands & Savannas,Neotropic
489,acid_so2,cf_std,0.02959821,Pantanos de Centla,1.0,Tropical & Subtropical Moist Broadleaf Forests,Neotropic
490,acid_so2,cf_std,0.18302709,Pantepui forests & shrublands,1.0,Tropical & Subtropical Moist Broadleaf Forests,Neotropic
606,acid_so2,cf_std,0.028691828,Paraguaná xeric scrub,13.0,Deserts & Xeric Shrublands,Neotropic
585,acid_so2,cf_std,0.11294116,Paraná flooded savanna,9.0,Flooded Grasslands & Savannas,Neotropic
834,acid_so2,cf_std,0.63602763,Paropamisus xeric woodlands,13.0,Deserts & Xeric Shrublands,Palearctic
578,acid_so2,cf_std,0.3415267,Patagonian steppe,8.0,"Temperate Grasslands, Savannas & Shrublands",Neotropic
542,acid_so2,cf_std,0.09251541,Patía valley dry forests,2.0,Tropical & Subtropical Dry Broadleaf Forests,Neotropic
263,acid_so2,cf_std,0.05460804,Peninsular Malaysian montane rain forests,1.0,Tropical & Subtropical Moist Broadleaf Forests,Indomalayan
264,acid_so2,cf_std,0.13984518,Peninsular Malaysian peat swamp forests,1.0,Tropical & Subtropical Moist Broadleaf Forests,Indomalayan
265,acid_so2,cf_std,0.22753909,Peninsular Malaysian rain forests,1.0,Tropical & Subtropical Moist Broadleaf Forests,Indomalayan
491,acid_so2,cf_std,0.00990185,Pernambuco coastal forests,1.0,Tropical & Subtropical Moist Broadleaf Forests,Neotropic
492,acid_so2,cf_std,0.06441057,Pernambuco interior forests,1.0,Tropical & Subtropical Moist Broadleaf Forests,Neotropic
493,acid_so2,cf_std,0.62667966,Peruvian Yungas,1.0,Tropical & Subtropical Moist Broadleaf Forests,Neotropic
494,acid_so2,cf_std,0.12876637,Petén-Veracruz moist forests,1.0,Tropical & Subtropical Moist Broadleaf Forests,Neotropic
213,acid_so2,cf_std,0.12924609,Pilbara shrublands,13.0,Deserts & Xeric Shrublands,Australasia
801,acid_so2,cf_std,0.5748353,Pindus Mountains mixed forests,12.0,"Mediterranean Forests, Woodlands & Scrub",Palearctic
363,acid_so2,cf_std,0.11349723,Piney Woods,5.0,Temperate Conifer Forests,Nearctic
675,acid_so2,cf_std,0.4677278,Po Basin mixed forests,4.0,Temperate Broadleaf & Mixed Forests,Palearctic
735,acid_so2,cf_std,0.33708733,Pontic steppe,8.0,"Temperate Grasslands, Savannas & Shrublands",Palearctic
543,acid_so2,cf_std,0.006815324,Puerto Rican dry forests,2.0,Tropical & Subtropical Dry Broadleaf Forests,Neotropic
495,acid_so2,cf_std,5.551115e-17,Puerto Rican moist forests,1.0,Tropical & Subtropical Moist Broadleaf Forests,Neotropic
364,acid_so2,cf_std,0.9191827,Puget lowland forests,5.0,Temperate Conifer Forests,Nearctic
497,acid_so2,cf_std,0.24936908,Purus-Madeira moist forests,1.0,Tropical & Subtropical Moist Broadleaf Forests,Neotropic
496,acid_so2,cf_std,0.36506814,Purus várzea,1.0,Tropical & Subtropical Moist Broadleaf Forests,Neotropic
676,acid_so2,cf_std,0.24100739,Pyrenees conifer and mixed forests,4.0,Temperate Broadleaf & Mixed Forests,Palearctic
835,acid_so2,cf_std,0.32431528,Qaidam Basin semi-desert,13.0,Deserts & Xeric Shrublands,Palearctic
705,acid_so2,cf_std,0.43356138,Qilian Mountains conifer forests,5.0,Temperate Conifer Forests,Palearctic
763,acid_so2,cf_std,0.4232483,Qilian Mountains subalpine meadows,10.0,Montane Grasslands & Shrublands,Palearctic
677,acid_so2,cf_std,0.1949374,Qin Ling Mountains deciduous forests,4.0,Temperate Broadleaf & Mixed Forests,Palearctic
706,acid_so2,cf_std,0.20909262,Qionglai-Minshan conifer forests,5.0,Temperate Conifer Forests,Palearctic
150,acid_so2,cf_std,0.09738108,Queensland tropical rain forests,1.0,Tropical & Subtropical Moist Broadleaf Forests,Australasia
174,acid_so2,cf_std,0.15604351,Rakiura Island temperate forests,4.0,Temperate Broadleaf & Mixed Forests,Australasia
312,acid_so2,cf_std,0.26935917,Rann of Kutch seasonal salt marsh,9.0,Flooded Grasslands & Savannas,Indomalayan
628,acid_so2,cf_std,6.938894e-18,Rapa Nui and Sala y Gómez subtropical forests,1.0,Tropical & Subtropical Moist Broadleaf Forests,Oceania
266,acid_so2,cf_std,0.088398024,Red River freshwater swamp forests,1.0,Tropical & Subtropical Moist Broadleaf Forests,Indomalayan
837,acid_so2,cf_std,1.1416388,Red Sea-Arabian Desert shrublands,13.0,Deserts & Xeric Shrublands,Palearctic
836,acid_so2,cf_std,0.40906933,Red Sea coastal desert,13.0,Deserts & Xeric Shrublands,Palearctic
115,acid_so2,cf_std,0.35627002,Red Sea mangroves,14.0,Mangroves,Afrotropic
838,acid_so2,cf_std,0.2584518,Registan-North Pakistan sandy desert,13.0,Deserts & Xeric Shrublands,Palearctic
90,acid_so2,cf_std,0.05130504,Renosterveld shrubland,12.0,"Mediterranean Forests, Woodlands & Scrub",Afrotropic
175,acid_so2,cf_std,0.051141225,Richmond temperate forests,4.0,Temperate Broadleaf & Mixed Forests,Australasia
498,acid_so2,cf_std,0.24653037,Rio Negro campinarana,1.0,Tropical & Subtropical Moist Broadleaf Forests,Neotropic
678,acid_so2,cf_std,0.374959,Rodope montane mixed forests,4.0,Temperate Broadleaf & Mixed Forests,Palearctic
86,acid_so2,cf_std,0.115310006,Rwenzori-Virunga montane moorlands,10.0,Montane Grasslands & Shrublands,Afrotropic
745,acid_so2,cf_std,0.16768536,Saharan halophytics,9.0,Flooded Grasslands & Savannas,Palearctic
53,acid_so2,cf_std,1.6761099,Sahelian Acacia savanna,7.0,"Tropical & Subtropical Grasslands, Savannas & Shrublands",Afrotropic
716,acid_so2,cf_std,0.563062,Sakhalin Island taiga,6.0,Boreal Forests/Taiga,Palearctic
629,acid_so2,cf_std,0.000626956,Samoan tropical moist forests,1.0,Tropical & Subtropical Moist Broadleaf Forests,Oceania
562,acid_so2,cf_std,0.080979586,San Félix-San Ambrosio Islands temperate forests,4.0,Temperate Broadleaf & Mixed Forests,Neotropic
607,acid_so2,cf_std,0.0254168,San Lucan xeric scrub,13.0,Deserts & Xeric Shrublands,Neotropic
425,acid_so2,cf_std,5.551115e-17,Santa Lucia Montane Chaparral & Woodlands,12.0,"Mediterranean Forests, Woodlands & Scrub",Nearctic
499,acid_so2,cf_std,0.016372563,Santa Marta montane forests,1.0,Tropical & Subtropical Moist Broadleaf Forests,Neotropic
594,acid_so2,cf_std,0.0,Santa Marta páramo,10.0,Montane Grasslands & Shrublands,Neotropic
27,acid_so2,cf_std,0.010839543,"São Tomé, Príncipe, and Annobón forests",1.0,Tropical & Subtropical Moist Broadleaf Forests,Afrotropic
679,acid_so2,cf_std,0.8129086,Sarmatic mixed forests,4.0,Temperate Broadleaf & Mixed Forests,Palearctic
764,acid_so2,cf_std,1.1695082,Sayan alpine meadows and tundra,10.0,Montane Grasslands & Shrublands,Palearctic
736,acid_so2,cf_std,1.0001386,Sayan Intermontane steppe,8.0,"Temperate Grasslands, Savannas & Shrublands",Palearctic
707,acid_so2,cf_std,1.1613369,Sayan montane conifer forests,5.0,Temperate Conifer Forests,Palearctic
717,acid_so2,cf_std,0.8775622,Scandinavian and Russian taiga,6.0,Boreal Forests/Taiga,Palearctic
708,acid_so2,cf_std,1.0630484,Scandinavian coastal conifer forests,5.0,Temperate Conifer Forests,Palearctic
780,acid_so2,cf_std,0.9861139,Scandinavian Montane Birch forest and grasslands,11.0,Tundra,Palearctic
608,acid_so2,cf_std,1.5645212,Sechura desert,13.0,Deserts & Xeric Shrublands,Neotropic
737,acid_so2,cf_std,0.3203288,Selenge-Orkhon forest steppe,8.0,"Temperate Grasslands, Savannas & Shrublands",Palearctic
151,acid_so2,cf_std,0.009350105,Seram rain forests,1.0,Tropical & Subtropical Moist Broadleaf Forests,Australasia
54,acid_so2,cf_std,0.0,Serengeti volcanic grasslands,7.0,"Tropical & Subtropical Grasslands, Savannas & Shrublands",Afrotropic
500,acid_so2,cf_std,0.27664337,Serra do Mar coastal forests,1.0,Tropical & Subtropical Moist Broadleaf Forests,Neotropic
680,acid_so2,cf_std,0.10233631,Sichuan Basin evergreen broadleaf forests,4.0,Temperate Broadleaf & Mixed Forests,Palearctic
544,acid_so2,cf_std,0.02403915,Sierra de la Laguna dry forests,2.0,Tropical & Subtropical Dry Broadleaf Forests,Neotropic
556,acid_so2,cf_std,0.014314201,Sierra de la Laguna pine-oak forests,3.0,Tropical & Subtropical Coniferous Forests,Neotropic
501,acid_so2,cf_std,0.1252939,Sierra de los Tuxtlas,1.0,Tropical & Subtropical Moist Broadleaf Forests,Neotropic
502,acid_so2,cf_std,0.0068454677,Sierra Madre de Chiapas moist forests,1.0,Tropical & Subtropical Moist Broadleaf Forests,Neotropic
557,acid_so2,cf_std,0.16245994,Sierra Madre de Oaxaca pine-oak forests,3.0,Tropical & Subtropical Coniferous Forests,Neotropic
558,acid_so2,cf_std,0.1341492,Sierra Madre del Sur pine-oak forests,3.0,Tropical & Subtropical Coniferous Forests,Neotropic
326,acid_so2,cf_std,0.06573546,Sierra Madre Occidental pine-oak forests,3.0,Tropical & Subtropical Coniferous Forests,Nearctic
327,acid_so2,cf_std,0.10445135,Sierra Madre Oriental pine-oak forests,3.0,Tropical & Subtropical Coniferous Forests,Nearctic
366,acid_so2,cf_std,0.15773574,Sierra Nevada forests,5.0,Temperate Conifer Forests,Nearctic
214,acid_so2,cf_std,0.2485805,Simpson desert,13.0,Deserts & Xeric Shrublands,Australasia
545,acid_so2,cf_std,0.038305197,Sinaloan dry forests,2.0,Tropical & Subtropical Dry Broadleaf Forests,Neotropic
546,acid_so2,cf_std,0.025969313,Sinú Valley dry forests,2.0,Tropical & Subtropical Dry Broadleaf Forests,Neotropic
434,acid_so2,cf_std,0.26992074,Snake-Columbia shrub steppe,13.0,Deserts & Xeric Shrublands,Nearctic
630,acid_so2,cf_std,0.00033660734,Society Islands tropical moist forests,1.0,Tropical & Subtropical Moist Broadleaf Forests,Oceania
105,acid_so2,cf_std,0.011223181,Socotra Island xeric shrublands,13.0,Deserts & Xeric Shrublands,Afrotropic
503,acid_so2,cf_std,0.24590307,Solimões-Japurá moist forests,1.0,Tropical & Subtropical Moist Broadleaf Forests,Neotropic
152,acid_so2,cf_std,0.035255533,Solomon Islands rain forests,1.0,Tropical & Subtropical Moist Broadleaf Forests,Australasia
55,acid_so2,cf_std,0.62740743,Somali Acacia-Commiphora bushlands and thickets,7.0,"Tropical & Subtropical Grasslands, Savannas & Shrublands",Afrotropic
324,acid_so2,cf_std,0.05208269,Sonoran-Sinaloan subtropical dry forest,2.0,Tropical & Subtropical Dry Broadleaf Forests,Nearctic
435,acid_so2,cf_std,0.099636056,Sonoran desert,13.0,Deserts & Xeric Shrublands,Nearctic
615,acid_so2,cf_std,0.15756464,South American Pacific mangroves,14.0,Mangroves,Neotropic
802,acid_so2,cf_std,0.10950657,South Apennine mixed montane forests,12.0,"Mediterranean Forests, Woodlands & Scrub",Palearctic
367,acid_so2,cf_std,0.92158335,South Central Rockies forests,5.0,Temperate Conifer Forests,Nearctic
268,acid_so2,cf_std,0.2092456,South China-Vietnam subtropical evergreen forests,1.0,Tropical & Subtropical Moist Broadleaf Forests,Indomalayan
267,acid_so2,cf_std,0.10197569,South China Sea Islands,1.0,Tropical & Subtropical Moist Broadleaf Forests,Indomalayan
298,acid_so2,cf_std,0.0060698283,South Deccan Plateau dry deciduous forests,2.0,Tropical & Subtropical Dry Broadleaf Forests,Indomalayan
841,acid_so2,cf_std,0.23510204,South Iran Nubo-Sindian desert and semi-desert,13.0,Deserts & Xeric Shrublands,Palearctic
194,acid_so2,cf_std,0.06443858,New Zealand South Island montane grasslands,10.0,Montane Grasslands & Shrublands,Australasia
172,acid_so2,cf_std,0.063586086,New Zealand South Island temperate forests,4.0,Temperate Broadleaf & Mixed Forests,Australasia
842,acid_so2,cf_std,0.80450404,South Sahara desert,13.0,Deserts & Xeric Shrublands,Palearctic
738,acid_so2,cf_std,0.59740025,South Siberian forest steppe,8.0,"Temperate Grasslands, Savannas & Shrublands",Palearctic
269,acid_so2,cf_std,5.551115e-17,South Taiwan monsoon rain forests,1.0,Tropical & Subtropical Moist Broadleaf Forests,Indomalayan
270,acid_so2,cf_std,0.009300092,South Western Ghats moist deciduous forests,1.0,Tropical & Subtropical Moist Broadleaf Forests,Indomalayan
271,acid_so2,cf_std,0.008844262,South Western Ghats montane rain forests,1.0,Tropical & Subtropical Moist Broadleaf Forests,Indomalayan
176,acid_so2,cf_std,0.13255624,Southeast Australia temperate forests,4.0,Temperate Broadleaf & Mixed Forests,Australasia
192,acid_so2,cf_std,0.017805317,Southeast Australia temperate savanna,8.0,"Temperate Grasslands, Savannas & Shrublands",Australasia
765,acid_so2,cf_std,0.37034374,Southeast Tibet shrublands and meadows,10.0,Montane Grasslands & Shrublands,Palearctic
400,acid_so2,cf_std,2.220446e-16,Southeast US mixed woodlands and savannas,8.0,"Temperate Grasslands, Savannas & Shrublands",Nearctic
399,acid_so2,cf_std,0.2879361,Southeast US conifer savannas,8.0,"Temperate Grasslands, Savannas & Shrublands",Nearctic
803,acid_so2,cf_std,0.07607118,Southeast Iberian shrubs and woodlands,12.0,"Mediterranean Forests, Woodlands & Scrub",Palearctic
299,acid_so2,cf_std,0.033107467,Southeast Indochina dry evergreen forests,2.0,Tropical & Subtropical Dry Broadleaf Forests,Indomalayan
153,acid_so2,cf_std,0.043459702,Southeast Papuan rain forests,1.0,Tropical & Subtropical Moist Broadleaf Forests,Australasia
57,acid_so2,cf_std,0.08363006,Southern Acacia-Commiphora bushlands and thickets,7.0,"Tropical & Subtropical Grasslands, Savannas & Shrublands",Afrotropic
116,acid_so2,cf_std,0.07575579,Southern Africa mangroves,14.0,Mangroves,Afrotropic
804,acid_so2,cf_std,0.12203289,Southern Anatolian montane conifer and deciduous forests,12.0,"Mediterranean Forests, Woodlands & Scrub",Palearctic
595,acid_so2,cf_std,0.40842247,Southern Andean steppe,10.0,Montane Grasslands & Shrublands,Neotropic
504,acid_so2,cf_std,0.15470408,Southern Andean Yungas,1.0,Tropical & Subtropical Moist Broadleaf Forests,Neotropic
272,acid_so2,cf_std,0.02364352,Southern Annamites montane rain forests,1.0,Tropical & Subtropical Moist Broadleaf Forests,Indomalayan
616,acid_so2,cf_std,0.24545647,Southern Atlantic Brazilian mangroves,14.0,Mangroves,Neotropic
586,acid_so2,cf_std,0.047821507,Southern Cone Mesopotamian savanna,9.0,Flooded Grasslands & Savannas,Neotropic
58,acid_so2,cf_std,0.5550818,Southern Congolian forest-savanna,7.0,"Tropical & Subtropical Grasslands, Savannas & Shrublands",Afrotropic
342,acid_so2,cf_std,0.5862891,Southern Great Lakes forests,4.0,Temperate Broadleaf & Mixed Forests,Nearctic
382,acid_so2,cf_std,1.6856812,Southern Hudson Bay taiga,6.0,Boreal Forests/Taiga,Nearctic
681,acid_so2,cf_std,0.1277167,Southern Korea evergreen forests,4.0,Temperate Broadleaf & Mixed Forests,Palearctic
617,acid_so2,cf_std,0.04286611,Southern Mesoamerican Pacific mangroves,14.0,Mangroves,Neotropic
154,acid_so2,cf_std,0.08264783,Southern New Guinea freshwater swamp forests,1.0,Tropical & Subtropical Moist Broadleaf Forests,Australasia
155,acid_so2,cf_std,0.06957335,Southern New Guinea lowland rain forests,1.0,Tropical & Subtropical Moist Broadleaf Forests,Australasia
547,acid_so2,cf_std,0.067220576,Southern Pacific dry forests,2.0,Tropical & Subtropical Dry Broadleaf Forests,Neotropic
87,acid_so2,cf_std,0.27384734,Southern Rift Montane forest-grassland,10.0,Montane Grasslands & Shrublands,Afrotropic
28,acid_so2,cf_std,0.30559838,Southern Swahili coastal forests and woodlands,1.0,Tropical & Subtropical Moist Broadleaf Forests,Afrotropic
300,acid_so2,cf_std,0.052294202,Southern Vietnam lowland dry forests,2.0,Tropical & Subtropical Dry Broadleaf Forests,Indomalayan
505,acid_so2,cf_std,0.24250521,Southwest Amazon moist forests,1.0,Tropical & Subtropical Moist Broadleaf Forests,Neotropic
108,acid_so2,cf_std,0.5561419,Southwest Arabian Escarpment shrublands and woodlands,13.0,Deserts & Xeric Shrublands,Afrotropic
109,acid_so2,cf_std,0.7114058,Southwest Arabian highland xeric scrub,13.0,Deserts & Xeric Shrublands,Afrotropic
205,acid_so2,cf_std,0.0458697,Southwest Australia savanna,12.0,"Mediterranean Forests, Woodlands & Scrub",Australasia
206,acid_so2,cf_std,0.04569722,Southwest Australia woodlands,12.0,"Mediterranean Forests, Woodlands & Scrub",Australasia
273,acid_so2,cf_std,0.07038005,Southwest Borneo freshwater swamp forests,1.0,Tropical & Subtropical Moist Broadleaf Forests,Indomalayan
805,acid_so2,cf_std,0.057909533,Southwest Iberian Mediterranean sclerophyllous and mixed forests,12.0,"Mediterranean Forests, Woodlands & Scrub",Palearctic
301,acid_so2,cf_std,0.011317156,Sri Lanka dry-zone dry evergreen forests,2.0,Tropical & Subtropical Dry Broadleaf Forests,Indomalayan
274,acid_so2,cf_std,0.007166783,Sri Lanka lowland rain forests,1.0,Tropical & Subtropical Moist Broadleaf Forests,Indomalayan
275,acid_so2,cf_std,0.0048952275,Sri Lanka montane rain forests,1.0,Tropical & Subtropical Moist Broadleaf Forests,Indomalayan
609,acid_so2,cf_std,0.0,St. Peter and St. Paul Rocks,13.0,Deserts & Xeric Shrublands,Neotropic
110,acid_so2,cf_std,0.051903345,Succulent Karoo xeric shrublands,13.0,Deserts & Xeric Shrublands,Afrotropic
74,acid_so2,cf_std,0.14216195,Sudd flooded grasslands,9.0,Flooded Grasslands & Savannas,Afrotropic
746,acid_so2,cf_std,0.27460974,Suiphun-Khanka meadows and forest meadows,9.0,Flooded Grasslands & Savannas,Palearctic
766,acid_so2,cf_std,0.118975565,Sulaiman Range alpine meadows,10.0,Montane Grasslands & Shrublands,Palearctic
157,acid_so2,cf_std,0.015130959,Sulawesi montane rain forests,1.0,Tropical & Subtropical Moist Broadleaf Forests,Australasia
276,acid_so2,cf_std,0.008112763,Sulu Archipelago rain forests,1.0,Tropical & Subtropical Moist Broadleaf Forests,Indomalayan
277,acid_so2,cf_std,0.29593304,Sumatran freshwater swamp forests,1.0,Tropical & Subtropical Moist Broadleaf Forests,Indomalayan
278,acid_so2,cf_std,0.12429477,Sumatran lowland rain forests,1.0,Tropical & Subtropical Moist Broadleaf Forests,Indomalayan
279,acid_so2,cf_std,0.09281216,Sumatran montane rain forests,1.0,Tropical & Subtropical Moist Broadleaf Forests,Indomalayan
280,acid_so2,cf_std,0.36590642,Sumatran peat swamp forests,1.0,Tropical & Subtropical Moist Broadleaf Forests,Indomalayan
305,acid_so2,cf_std,0.079398625,Sumatran tropical pine forests,3.0,Tropical & Subtropical Coniferous Forests,Indomalayan
165,acid_so2,cf_std,0.0013782313,Sumba deciduous forests,2.0,Tropical & Subtropical Dry Broadleaf Forests,Australasia
322,acid_so2,cf_std,0.3581816,Sunda Shelf mangroves,14.0,Mangroves,Indomalayan
281,acid_so2,cf_std,0.073818445,Sundaland heath forests,1.0,Tropical & Subtropical Moist Broadleaf Forests,Indomalayan
282,acid_so2,cf_std,0.046898466,Sundarbans freshwater swamp forests,1.0,Tropical & Subtropical Moist Broadleaf Forests,Indomalayan
323,acid_so2,cf_std,0.04664367,Sundarbans mangroves,14.0,Mangroves,Indomalayan
739,acid_so2,cf_std,0.7661115,Syrian xeric grasslands and shrublands,8.0,"Temperate Grasslands, Savannas & Shrublands",Palearctic
682,acid_so2,cf_std,0.22971721,Taiheiyo evergreen forests,4.0,Temperate Broadleaf & Mixed Forests,Palearctic
683,acid_so2,cf_std,0.26161936,Taiheiyo montane deciduous forests,4.0,Temperate Broadleaf & Mixed Forests,Palearctic
781,acid_so2,cf_std,1.0333455,Taimyr-Central Siberian tundra,11.0,Tundra,Palearctic
283,acid_so2,cf_std,0.05317648,Taiwan subtropical evergreen forests,1.0,Tropical & Subtropical Moist Broadleaf Forests,Indomalayan
843,acid_so2,cf_std,2.526095,Taklimakan desert,13.0,Deserts & Xeric Shrublands,Palearctic
506,acid_so2,cf_std,0.052084796,Talamancan montane forests,1.0,Tropical & Subtropical Moist Broadleaf Forests,Neotropic
436,acid_so2,cf_std,0.02490013,Tamaulipan matorral,13.0,Deserts & Xeric Shrublands,Nearctic
437,acid_so2,cf_std,0.05319798,Tamaulipan mezquital,13.0,Deserts & Xeric Shrublands,Nearctic
507,acid_so2,cf_std,0.23041202,Tapajós-Xingu moist forests,1.0,Tropical & Subtropical Moist Broadleaf Forests,Neotropic
684,acid_so2,cf_std,1.4175922,Tarim Basin deciduous forests and steppe,4.0,Temperate Broadleaf & Mixed Forests,Palearctic
177,acid_so2,cf_std,0.113265954,Tasmanian Central Highland forests,4.0,Temperate Broadleaf & Mixed Forests,Australasia
178,acid_so2,cf_std,0.21088564,Tasmanian temperate forests,4.0,Temperate Broadleaf & Mixed Forests,Australasia
179,acid_so2,cf_std,0.18375587,Tasmanian temperate rain forests,4.0,Temperate Broadleaf & Mixed Forests,Australasia
610,acid_so2,cf_std,0.067068666,Tehuacán Valley matorral,13.0,Deserts & Xeric Shrublands,Neotropic
284,acid_so2,cf_std,0.043339714,Tenasserim-South Thailand semi-evergreen rain forests,1.0,Tropical & Subtropical Moist Broadleaf Forests,Indomalayan
311,acid_so2,cf_std,0.18415017,Terai-Duar savanna and grasslands,7.0,"Tropical & Subtropical Grasslands, Savannas & Shrublands",Indomalayan
401,acid_so2,cf_std,0.09047727,Texas blackland prairies,8.0,"Temperate Grasslands, Savannas & Shrublands",Nearctic
318,acid_so2,cf_std,1.6689917,Thar desert,13.0,Deserts & Xeric Shrublands,Indomalayan
740,acid_so2,cf_std,0.70716256,Tian Shan foothill arid steppe,8.0,"Temperate Grasslands, Savannas & Shrublands",Palearctic
709,acid_so2,cf_std,0.84552014,Tian Shan montane conifer forests,5.0,Temperate Conifer Forests,Palearctic
767,acid_so2,cf_std,0.9514928,Tian Shan montane steppe and meadows,10.0,Montane Grasslands & Shrublands,Palearctic
844,acid_so2,cf_std,0.05908382,Tibesti-Jebel Uweinat montane xeric woodlands,13.0,Deserts & Xeric Shrublands,Palearctic
768,acid_so2,cf_std,0.31871545,Tibetan Plateau alpine shrublands and meadows,10.0,Montane Grasslands & Shrublands,Palearctic
747,acid_so2,cf_std,0.08680868,Tigris-Euphrates alluvial salt marsh,9.0,Flooded Grasslands & Savannas,Palearctic
166,acid_so2,cf_std,0.01813251,Timor and Wetar deciduous forests,2.0,Tropical & Subtropical Dry Broadleaf Forests,Australasia
215,acid_so2,cf_std,0.048355196,Tirari-Sturt stony desert,13.0,Deserts & Xeric Shrublands,Australasia
631,acid_so2,cf_std,0.0018206802,Tongan tropical moist forests,1.0,Tropical & Subtropical Moist Broadleaf Forests,Oceania
286,acid_so2,cf_std,0.03486449,Tonle Sap-Mekong peat swamp forests,1.0,Tropical & Subtropical Moist Broadleaf Forests,Indomalayan
285,acid_so2,cf_std,0.0259092,Tonle Sap freshwater swamp forests,1.0,Tropical & Subtropical Moist Broadleaf Forests,Indomalayan
421,acid_so2,cf_std,0.5693494,Torngat Mountain tundra,11.0,Tundra,Nearctic
782,acid_so2,cf_std,0.9358401,Trans-Baikal Bald Mountain tundra,11.0,Tundra,Palearctic
718,acid_so2,cf_std,0.2961229,Trans-Baikal conifer forests,6.0,Boreal Forests/Taiga,Palearctic
559,acid_so2,cf_std,0.11996783,Trans-Mexican Volcanic Belt pine-oak forests,3.0,Tropical & Subtropical Coniferous Forests,Neotropic
188,acid_so2,cf_std,0.02911294,Trans Fly savanna and grasslands,7.0,"Tropical & Subtropical Grasslands, Savannas & Shrublands",Australasia
510,acid_so2,cf_std,0.009280812,Trinidad and Tobago moist forest,1.0,Tropical & Subtropical Moist Broadleaf Forests,Neotropic
68,acid_so2,cf_std,0.00088156544,Tristan Da Cunha-Gough Islands shrub and grasslands,8.0,"Temperate Grasslands, Savannas & Shrublands",Afrotropic
158,acid_so2,cf_std,0.019492852,Trobriand Islands rain forests,1.0,Tropical & Subtropical Moist Broadleaf Forests,Australasia
632,acid_so2,cf_std,0.0034936822,Tuamotu tropical moist forests,1.0,Tropical & Subtropical Moist Broadleaf Forests,Oceania
633,acid_so2,cf_std,0.003760396,Tubuai tropical moist forests,1.0,Tropical & Subtropical Moist Broadleaf Forests,Oceania
549,acid_so2,cf_std,0.25033772,Tumbes-Piura dry forests,2.0,Tropical & Subtropical Dry Broadleaf Forests,Neotropic
806,acid_so2,cf_std,0.21386652,Tyrrhenian-Adriatic sclerophyllous and mixed forests,12.0,"Mediterranean Forests, Woodlands & Scrub",Palearctic
511,acid_so2,cf_std,0.19919975,Uatumã-Trombetas moist forests,1.0,Tropical & Subtropical Moist Broadleaf Forests,Neotropic
512,acid_so2,cf_std,0.23858654,Ucayali moist forests,1.0,Tropical & Subtropical Moist Broadleaf Forests,Neotropic
287,acid_so2,cf_std,0.27350938,Upper Gangetic Plains moist deciduous forests,1.0,Tropical & Subtropical Moist Broadleaf Forests,Indomalayan
343,acid_so2,cf_std,0.56808996,Upper Midwest US forest-savanna transition,4.0,Temperate Broadleaf & Mixed Forests,Nearctic
719,acid_so2,cf_std,0.91885,Urals montane forest and taiga,6.0,Boreal Forests/Taiga,Palearctic
574,acid_so2,cf_std,0.13534462,Uruguayan savanna,7.0,"Tropical & Subtropical Grasslands, Savannas & Shrublands",Neotropic
685,acid_so2,cf_std,0.7007283,Ussuri broadleaf and mixed forests,4.0,Temperate Broadleaf & Mixed Forests,Palearctic
563,acid_so2,cf_std,0.2511738,Valdivian temperate forests,4.0,Temperate Broadleaf & Mixed Forests,Neotropic
159,acid_so2,cf_std,0.014729423,Vanuatu rain forests,1.0,Tropical & Subtropical Moist Broadleaf Forests,Australasia
513,acid_so2,cf_std,0.045398,Venezuelan Andes montane forests,1.0,Tropical & Subtropical Moist Broadleaf Forests,Neotropic
550,acid_so2,cf_std,0.0381223,Veracruz dry forests,2.0,Tropical & Subtropical Dry Broadleaf Forests,Neotropic
514,acid_so2,cf_std,0.0946204,Veracruz moist forests,1.0,Tropical & Subtropical Moist Broadleaf Forests,Neotropic
515,acid_so2,cf_std,0.113741696,Veracruz montane forests,1.0,Tropical & Subtropical Moist Broadleaf Forests,Neotropic
189,acid_so2,cf_std,0.7808686,Victoria Plains tropical savanna,7.0,"Tropical & Subtropical Grasslands, Savannas & Shrublands",Australasia
161,acid_so2,cf_std,0.042182934,Vogelkop-Aru lowland rain forests,1.0,Tropical & Subtropical Moist Broadleaf Forests,Australasia
160,acid_so2,cf_std,0.016936595,Vogelkop montane rain forests,1.0,Tropical & Subtropical Moist Broadleaf Forests,Australasia
368,acid_so2,cf_std,0.12485115,Wasatch and Uinta montane forests,5.0,Temperate Conifer Forests,Nearctic
383,acid_so2,cf_std,0.6112182,Watson Highlands taiga,6.0,Boreal Forests/Taiga,Nearctic
845,acid_so2,cf_std,0.20790799,West Sahara desert,13.0,Deserts & Xeric Shrublands,Palearctic
846,acid_so2,cf_std,0.05877431,West Saharan montane xeric woodlands,13.0,Deserts & Xeric Shrublands,Palearctic
720,acid_so2,cf_std,0.8986934,West Siberian taiga,6.0,Boreal Forests/Taiga,Palearctic
62,acid_so2,cf_std,0.28100812,West Sudanian savanna,7.0,"Tropical & Subtropical Grasslands, Savannas & Shrublands",Afrotropic
216,acid_so2,cf_std,0.06643938,Western Australian Mulga shrublands,13.0,Deserts & Xeric Shrublands,Australasia
29,acid_so2,cf_std,0.15272045,Western Congolian swamp forests,1.0,Tropical & Subtropical Moist Broadleaf Forests,Afrotropic
516,acid_so2,cf_std,0.14586732,Western Ecuador moist forests,1.0,Tropical & Subtropical Moist Broadleaf Forests,Neotropic
686,acid_so2,cf_std,0.61072415,Western European broadleaf forests,4.0,Temperate Broadleaf & Mixed Forests,Palearctic
344,acid_so2,cf_std,0.8058492,Western Great Lakes forests,4.0,Temperate Broadleaf & Mixed Forests,Nearctic
30,acid_so2,cf_std,0.10565973,Western Guinean lowland forests,1.0,Tropical & Subtropical Moist Broadleaf Forests,Afrotropic
384,acid_so2,cf_std,0.089373425,Western Gulf coastal grasslands,7.0,"Tropical & Subtropical Grasslands, Savannas & Shrublands",Nearctic
769,acid_so2,cf_std,0.4522903,Western Himalayan alpine shrub and meadows,10.0,Montane Grasslands & Shrublands,Palearctic
308,acid_so2,cf_std,0.69235873,Western Himalayan broadleaf forests,4.0,Temperate Broadleaf & Mixed Forests,Indomalayan
310,acid_so2,cf_std,1.1659487,Western Himalayan subalpine conifer forests,5.0,Temperate Conifer Forests,Indomalayan
288,acid_so2,cf_std,0.018460037,Western Java montane rain forests,1.0,Tropical & Subtropical Moist Broadleaf Forests,Indomalayan
289,acid_so2,cf_std,0.019943122,Western Java rain forests,1.0,Tropical & Subtropical Moist Broadleaf Forests,Indomalayan
634,acid_so2,cf_std,0.0034320778,Western Polynesian tropical moist forests,1.0,Tropical & Subtropical Moist Broadleaf Forests,Oceania
402,acid_so2,cf_std,0.20917831,Western shortgrass prairie,8.0,"Temperate Grasslands, Savannas & Shrublands",Nearctic
687,acid_so2,cf_std,0.77139693,Western Siberian hemiboreal forests,4.0,Temperate Broadleaf & Mixed Forests,Palearctic
180,acid_so2,cf_std,0.009776788,Westland temperate forests,4.0,Temperate Broadleaf & Mixed Forests,Australasia
403,acid_so2,cf_std,0.1905055,Willamette Valley oak savanna,8.0,"Temperate Grasslands, Savannas & Shrublands",Nearctic
517,acid_so2,cf_std,0.0046737115,Windward Islands moist forests,1.0,Tropical & Subtropical Moist Broadleaf Forests,Neotropic
783,acid_so2,cf_std,0.2557492,Wrangel Island Arctic desert,11.0,Tundra,Palearctic
438,acid_so2,cf_std,0.13405423,Wyoming Basin shrub steppe,13.0,Deserts & Xeric Shrublands,Nearctic
518,acid_so2,cf_std,0.23193206,Xingu-Tocantins-Araguaia moist forests,1.0,Tropical & Subtropical Moist Broadleaf Forests,Neotropic
784,acid_so2,cf_std,1.4320165,Yamal-Gydan tundra,11.0,Tundra,Palearctic
638,acid_so2,cf_std,0.0028749034,Yap tropical dry forests,2.0,Tropical & Subtropical Dry Broadleaf Forests,Oceania
162,acid_so2,cf_std,2.7755576e-17,Yapen rain forests,1.0,Tropical & Subtropical Moist Broadleaf Forests,Australasia
770,acid_so2,cf_std,0.21901616,Yarlung Zanbo arid steppe,10.0,Montane Grasslands & Shrublands,Palearctic
748,acid_so2,cf_std,0.11200591,Yellow Sea saline meadow,9.0,Flooded Grasslands & Savannas,Palearctic
551,acid_so2,cf_std,0.022881115,Yucatán dry forests,2.0,Tropical & Subtropical Dry Broadleaf Forests,Neotropic
519,acid_so2,cf_std,0.017893871,Yucatán moist forests,1.0,Tropical & Subtropical Moist Broadleaf Forests,Neotropic
643,acid_so2,cf_std,0.2502034,Yunnan Plateau subtropical evergreen forests,1.0,Tropical & Subtropical Moist Broadleaf Forests,Palearctic
688,acid_so2,cf_std,0.20848426,Zagros Mountains forest steppe,4.0,Temperate Broadleaf & Mixed Forests,Palearctic
66,acid_so2,cf_std,0.34312847,Zambezian-Limpopo mixed woodlands,7.0,"Tropical & Subtropical Grasslands, Savannas & Shrublands",Afrotropic
64,acid_so2,cf_std,0.20914082,Zambezian Baikiaea woodlands,7.0,"Tropical & Subtropical Grasslands, Savannas & Shrublands",Afrotropic
75,acid_so2,cf_std,0.3142307,Zambezian coastal flooded savanna,9.0,Flooded Grasslands & Savannas,Afrotropic
42,acid_so2,cf_std,0.28884643,Dry miombo woodlands,7.0,"Tropical & Subtropical Grasslands, Savannas & Shrublands",Afrotropic
33,acid_so2,cf_std,0.16061732,Zambezian evergreen dry forests,2.0,Tropical & Subtropical Dry Broadleaf Forests,Afrotropic
76,acid_so2,cf_std,0.43188947,Zambezian flooded grasslands,9.0,Flooded Grasslands & Savannas,Afrotropic
65,acid_so2,cf_std,0.43094295,Zambezian mopane woodlands,7.0,"Tropical & Subtropical Grasslands, Savannas & Shrublands",Afrotropic
524,acid_so2,cf_std,0.6230143,Brazilian Atlantic dry forests,2.0,Tropical & Subtropical Dry Broadleaf Forests,Neotropic
380,acid_so2,cf_std,0.37202963,Northern Cordillera forests,6.0,Boreal Forests/Taiga,Nearctic
60,acid_so2,cf_std,0.0,St. Helena scrub and woodlands,7.0,"Tropical & Subtropical Grasslands, Savannas & Shrublands",Afrotropic
61,acid_so2,cf_std,0.12738644,Victoria Basin forest-savanna,7.0,"Tropical & Subtropical Grasslands, Savannas & Shrublands",Afrotropic
63,acid_so2,cf_std,0.22162902,Western Congolian forest-savanna,7.0,"Tropical & Subtropical Grasslands, Savannas & Shrublands",Afrotropic
78,acid_so2,cf_std,0.112805136,East African montane moorlands,10.0,Montane Grasslands & Shrublands,Afrotropic
365,acid_so2,cf_std,0.065189965,Queen Charlotte Islands conifer forests,5.0,Temperate Conifer Forests,Nearctic
360,acid_so2,cf_std,0.27744177,Northern Pacific Alaskan coastal forests,5.0,Temperate Conifer Forests,Nearctic
381,acid_so2,cf_std,0.7991128,Northwest Territories taiga,6.0,Boreal Forests/Taiga,Nearctic
107,acid_so2,cf_std,0.38967237,Southwest Arabian coastal xeric shrublands,13.0,Deserts & Xeric Shrublands,Afrotropic
811,acid_so2,cf_std,2.9821403,Arabian-Persian Gulf coastal plain desert,13.0,Deserts & Xeric Shrublands,Palearctic
840,acid_so2,cf_std,0.1689061,South Arabian plains and plateau desert,13.0,Deserts & Xeric Shrublands,Palearctic
809,acid_so2,cf_std,1.8319441,Arabian desert,13.0,Deserts & Xeric Shrublands,Palearctic
552,acid_so2,cf_std,0.07336117,Bahamian pineyards,3.0,Tropical & Subtropical Coniferous Forests,Neotropic
96,acid_so2,cf_std,0.0,Ile Europa and Bassas da India xeric scrub,13.0,Deserts & Xeric Shrublands,Afrotropic
773,acid_so2,cf_std,0.4783314,Kamchatka tundra,11.0,Tundra,Palearctic
508,acid_so2,cf_std,0.3104671,Tocantins/Pindare moist forests,1.0,Tropical & Subtropical Moist Broadleaf Forests,Neotropic
417,acid_so2,cf_std,0.86217254,Kalaallit Nunaat Arctic steppe,11.0,Tundra,Nearctic
358,acid_so2,cf_std,0.299373,North Cascades conifer forests,5.0,Temperate Conifer Forests,Nearctic
361,acid_so2,cf_std,0.9419683,Northern Rockies conifer forests,5.0,Temperate Conifer Forests,Nearctic
509,acid_so2,cf_std,0.015584159,Trindade-Martin Vaz Islands tropical forests,1.0,Tropical & Subtropical Moist Broadleaf Forests,Neotropic
59,acid_so2,cf_std,0.7427234,Southwest Arabian montane woodlands and grasslands,7.0,"Tropical & Subtropical Grasslands, Savannas & Shrublands",Afrotropic
56,acid_so2,cf_std,0.121236734,"South Arabian fog woodlands, shrublands, and dune",7.0,"Tropical & Subtropical Grasslands, Savannas & Shrublands",Afrotropic
548,acid_so2,cf_std,0.010267756,Trinidad and Tobago dry forest,2.0,Tropical & Subtropical Dry Broadleaf Forests,Neotropic
537,acid_so2,cf_std,0.0057327254,Lesser Antillean dry forests,2.0,Tropical & Subtropical Dry Broadleaf Forests,Neotropic
672,acid_so2,cf_std,0.66542125,North Atlantic moist mixed forests,4.0,Temperate Broadleaf & Mixed Forests,Palearctic
156,acid_so2,cf_std,0.017374804,Sulawesi lowland rain forests,1.0,Tropical & Subtropical Moist Broadleaf Forests,Australasia
8,acid_so2,cf_std,0.102421984,East African montane forests,1.0,Tropical & Subtropical Moist Broadleaf Forests,Afrotropic
9,acid_so2,cf_std,0.04772972,Eastern Arc forests,1.0,Tropical & Subtropical Moist Broadleaf Forests,Afrotropic
220,acid_so2,cf_std,0.0297085,Borneo montane rain forests,1.0,Tropical & Subtropical Moist Broadleaf Forests,Indomalayan
313,acid_so2,cf_std,0.0,Kinabalu montane alpine meadows,10.0,Montane Grasslands & Shrublands,Indomalayan
135,acid_nh3,cf_mean,0.083049335,Admiralty Islands lowland rain forests,1.0,Tropical & Subtropical Moist Broadleaf Forests,Australasia
785,acid_nh3,cf_mean,1.3278356,Aegean and Western Turkey sclerophyllous and mixed forests,12.0,"Mediterranean Forests, Woodlands & Scrub",Palearctic
807,acid_nh3,cf_mean,4.5602603,Afghan Mountains semi-desert,13.0,Deserts & Xeric Shrublands,Palearctic
404,acid_nh3,cf_mean,1.3078104,Ahklun and Kilbuck Upland Tundra,11.0,Tundra,Nearctic
722,acid_nh3,cf_mean,1.7825222,Al-Hajar foothill xeric woodlands and shrublands,8.0,"Temperate Grasslands, Savannas & Shrublands",Palearctic
723,acid_nh3,cf_mean,1.6730275,Al-Hajar montane woodlands and shrublands,8.0,"Temperate Grasslands, Savannas & Shrublands",Palearctic
721,acid_nh3,cf_mean,3.3173718,Alai-Western Tian Shan steppe,8.0,"Temperate Grasslands, Savannas & Shrublands",Palearctic
808,acid_nh3,cf_mean,2.1658576,Alashan Plateau semi-desert,13.0,Deserts & Xeric Shrublands,Palearctic
405,acid_nh3,cf_mean,4.901683,Alaska-St. Elias Range tundra,11.0,Tundra,Nearctic
369,acid_nh3,cf_mean,1.1929393,Alaska Peninsula montane taiga,6.0,Boreal Forests/Taiga,Nearctic
88,acid_nh3,cf_mean,0.3106034,Albany thickets,12.0,"Mediterranean Forests, Woodlands & Scrub",Afrotropic
345,acid_nh3,cf_mean,5.167522,Alberta-British Columbia foothills forests,5.0,Temperate Conifer Forests,Nearctic
1,acid_nh3,cf_mean,0.89997786,Albertine Rift montane forests,1.0,Tropical & Subtropical Moist Broadleaf Forests,Afrotropic
91,acid_nh3,cf_mean,0.36793575,Aldabra Island xeric scrub,13.0,Deserts & Xeric Shrublands,Afrotropic
406,acid_nh3,cf_mean,0.09045532,Aleutian Islands tundra,11.0,Tundra,Nearctic
328,acid_nh3,cf_mean,9.941784,Allegheny Highlands forests,4.0,Temperate Broadleaf & Mixed Forests,Nearctic
689,acid_nh3,cf_mean,7.015509,Alps conifer and mixed forests,5.0,Temperate Conifer Forests,Palearctic
749,acid_nh3,cf_mean,7.6693954,Altai alpine meadow and tundra,10.0,Montane Grasslands & Shrublands,Palearctic
690,acid_nh3,cf_mean,6.6846514,Altai montane forest and forest steppe,5.0,Temperate Conifer Forests,Palearctic
724,acid_nh3,cf_mean,7.0791698,Altai steppe and semi-desert,8.0,"Temperate Grasslands, Savannas & Shrublands",Palearctic
439,acid_nh3,cf_mean,1.0077956,Alto Paraná Atlantic forests,1.0,Tropical & Subtropical Moist Broadleaf Forests,Neotropic
611,acid_nh3,cf_mean,0.7265099,Amazon-Orinoco-Southern Caribbean mangroves,14.0,Mangroves,Neotropic
67,acid_nh3,cf_mean,0.00752298,Amsterdam-Saint Paul Islands temperate grasslands,8.0,"Temperate Grasslands, Savannas & Shrublands",Afrotropic
741,acid_nh3,cf_mean,6.0985465,Amur meadow steppe,9.0,Flooded Grasslands & Savannas,Palearctic
786,acid_nh3,cf_mean,1.2536484,Anatolian conifer and deciduous mixed forests,12.0,"Mediterranean Forests, Woodlands & Scrub",Palearctic
218,acid_nh3,cf_mean,0.4424335,Andaman Islands rain forests,1.0,Tropical & Subtropical Moist Broadleaf Forests,Indomalayan
77,acid_nh3,cf_mean,1.0523579,Angolan montane forest-grassland,10.0,Montane Grasslands & Shrublands,Afrotropic
34,acid_nh3,cf_mean,0.7050249,Angolan mopane woodlands,7.0,"Tropical & Subtropical Grasslands, Savannas & Shrublands",Afrotropic
35,acid_nh3,cf_mean,0.7259828,Angolan scarp savanna and woodlands,7.0,"Tropical & Subtropical Grasslands, Savannas & Shrublands",Afrotropic
36,acid_nh3,cf_mean,1.007004,Angolan wet miombo woodlands,7.0,"Tropical & Subtropical Grasslands, Savannas & Shrublands",Afrotropic
196,acid_nh3,cf_mean,0.038213708,Antipodes Subantarctic Islands tundra,11.0,Tundra,Australasia
331,acid_nh3,cf_mean,8.30563,Appalachian-Blue Ridge forests,4.0,Temperate Broadleaf & Mixed Forests,Nearctic
329,acid_nh3,cf_mean,8.043401,Appalachian mixed mesophytic forests,4.0,Temperate Broadleaf & Mixed Forests,Nearctic
330,acid_nh3,cf_mean,6.384169,Appalachian Piedmont forests,4.0,Temperate Broadleaf & Mixed Forests,Nearctic
644,acid_nh3,cf_mean,3.036782,Appenine deciduous montane forests,4.0,Temperate Broadleaf & Mixed Forests,Palearctic
520,acid_nh3,cf_mean,0.71255803,Apure-Villavicencio dry forests,2.0,Tropical & Subtropical Dry Broadleaf Forests,Neotropic
810,acid_nh3,cf_mean,2.0099363,Arabian sand desert,13.0,Deserts & Xeric Shrublands,Palearctic
440,acid_nh3,cf_mean,1.1800945,Araucaria moist forests,1.0,Tropical & Subtropical Moist Broadleaf Forests,Neotropic
597,acid_nh3,cf_mean,0.674095,Araya and Paria xeric scrub,13.0,Deserts & Xeric Shrublands,Neotropic
407,acid_nh3,cf_mean,1.1352508,Arctic coastal tundra,11.0,Tundra,Nearctic
778,acid_nh3,cf_mean,0.06689288,Russian Arctic desert,11.0,Tundra,Palearctic
408,acid_nh3,cf_mean,1.1946236,Arctic foothills tundra,11.0,Tundra,Nearctic
346,acid_nh3,cf_mean,1.8234167,Arizona Mountains forests,5.0,Temperate Conifer Forests,Nearctic
181,acid_nh3,cf_mean,0.23340519,Arnhem Land tropical savanna,7.0,"Tropical & Subtropical Grasslands, Savannas & Shrublands",Australasia
37,acid_nh3,cf_mean,0.12950584,Ascension scrub and grasslands,7.0,"Tropical & Subtropical Grasslands, Savannas & Shrublands",Afrotropic
598,acid_nh3,cf_mean,3.0039272,Atacama desert,13.0,Deserts & Xeric Shrublands,Neotropic
441,acid_nh3,cf_mean,0.6648186,Atlantic Coast restingas,1.0,Tropical & Subtropical Moist Broadleaf Forests,Neotropic
839,acid_nh3,cf_mean,0.84823996,Saharan Atlantic coastal desert,13.0,Deserts & Xeric Shrublands,Palearctic
347,acid_nh3,cf_mean,4.1367207,Atlantic coastal pine barrens,5.0,Temperate Conifer Forests,Nearctic
5,acid_nh3,cf_mean,1.2181885,Congolian coastal forests,1.0,Tropical & Subtropical Moist Broadleaf Forests,Afrotropic
664,acid_nh3,cf_mean,2.7712207,European Atlantic mixed forests,4.0,Temperate Broadleaf & Mixed Forests,Palearctic
193,acid_nh3,cf_mean,0.6061767,Australian Alps montane grasslands,10.0,Montane Grasslands & Shrublands,Australasia
812,acid_nh3,cf_mean,2.9867167,Azerbaijan shrub desert and steppe,13.0,Deserts & Xeric Shrublands,Palearctic
645,acid_nh3,cf_mean,0.34064668,Azores temperate mixed forests,4.0,Temperate Broadleaf & Mixed Forests,Palearctic
813,acid_nh3,cf_mean,5.0181627,Badghyz and Karabil semi-desert,13.0,Deserts & Xeric Shrublands,Palearctic
612,acid_nh3,cf_mean,1.4769492,Bahamian-Antillean mangroves,14.0,Mangroves,Neotropic
442,acid_nh3,cf_mean,0.9811605,Bahia coastal forests,1.0,Tropical & Subtropical Moist Broadleaf Forests,Neotropic
443,acid_nh3,cf_mean,1.598569,Bahia interior forests,1.0,Tropical & Subtropical Moist Broadleaf Forests,Neotropic
426,acid_nh3,cf_mean,1.2551911,Baja California desert,13.0,Deserts & Xeric Shrublands,Nearctic
521,acid_nh3,cf_mean,1.112839,Bajío dry forests,2.0,Tropical & Subtropical Dry Broadleaf Forests,Neotropic
646,acid_nh3,cf_mean,2.9565985,Balkan mixed forests,4.0,Temperate Broadleaf & Mixed Forests,Palearctic
522,acid_nh3,cf_mean,1.2742635,Balsas dry forests,2.0,Tropical & Subtropical Dry Broadleaf Forests,Neotropic
647,acid_nh3,cf_mean,3.4241717,Baltic mixed forests,4.0,Temperate Broadleaf & Mixed Forests,Palearctic
814,acid_nh3,cf_mean,2.7104263,Baluchistan xeric woodlands,13.0,Deserts & Xeric Shrublands,Palearctic
136,acid_nh3,cf_mean,0.14936344,Banda Sea Islands moist deciduous forests,1.0,Tropical & Subtropical Moist Broadleaf Forests,Australasia
564,acid_nh3,cf_mean,0.6199523,Belizian pine savannas,7.0,"Tropical & Subtropical Grasslands, Savannas & Shrublands",Neotropic
565,acid_nh3,cf_mean,0.9787472,Beni savanna,7.0,"Tropical & Subtropical Grasslands, Savannas & Shrublands",Neotropic
779,acid_nh3,cf_mean,0.175696,Russian Bering tundra,11.0,Tundra,Palearctic
409,acid_nh3,cf_mean,0.9386626,Beringia lowland tundra,11.0,Tundra,Nearctic
410,acid_nh3,cf_mean,0.6665606,Beringia upland tundra,11.0,Tundra,Nearctic
325,acid_nh3,cf_mean,0.6037995,Bermuda subtropical conifer forests,3.0,Tropical & Subtropical Coniferous Forests,Nearctic
137,acid_nh3,cf_mean,0.14209105,Biak-Numfoor rain forests,1.0,Tropical & Subtropical Moist Broadleaf Forests,Australasia
348,acid_nh3,cf_mean,4.271486,Blue Mountains forests,5.0,Temperate Conifer Forests,Nearctic
742,acid_nh3,cf_mean,2.2990427,Bohai Sea saline meadow,9.0,Flooded Grasslands & Savannas,Palearctic
523,acid_nh3,cf_mean,1.2813069,Bolivian montane dry forests,2.0,Tropical & Subtropical Dry Broadleaf Forests,Neotropic
444,acid_nh3,cf_mean,1.4989883,Bolivian Yungas,1.0,Tropical & Subtropical Moist Broadleaf Forests,Neotropic
219,acid_nh3,cf_mean,0.3249273,Borneo lowland rain forests,1.0,Tropical & Subtropical Moist Broadleaf Forests,Indomalayan
221,acid_nh3,cf_mean,0.34317294,Borneo peat swamp forests,1.0,Tropical & Subtropical Moist Broadleaf Forests,Indomalayan
222,acid_nh3,cf_mean,1.5176721,Brahmaputra Valley semi-evergreen forests,1.0,Tropical & Subtropical Moist Broadleaf Forests,Indomalayan
182,acid_nh3,cf_mean,0.34064466,Brigalow tropical savanna,7.0,"Tropical & Subtropical Grasslands, Savannas & Shrublands",Australasia
349,acid_nh3,cf_mean,6.4639874,British Columbia coastal conifer forests,5.0,Temperate Conifer Forests,Nearctic
411,acid_nh3,cf_mean,1.6842993,Brooks-British Range tundra,11.0,Tundra,Nearctic
138,acid_nh3,cf_mean,0.1572365,Buru rain forests,1.0,Tropical & Subtropical Moist Broadleaf Forests,Australasia
525,acid_nh3,cf_mean,0.8712589,Caatinga,2.0,Tropical & Subtropical Dry Broadleaf Forests,Neotropic
445,acid_nh3,cf_mean,0.51921695,Caatinga Enclaves moist forests,1.0,Tropical & Subtropical Moist Broadleaf Forests,Neotropic
691,acid_nh3,cf_mean,0.78602606,Caledon conifer forests,5.0,Temperate Conifer Forests,Palearctic
385,acid_nh3,cf_mean,1.5957916,California Central Valley grasslands,8.0,"Temperate Grasslands, Savannas & Shrublands",Nearctic
422,acid_nh3,cf_mean,1.3725896,California coastal sage and chaparral,12.0,"Mediterranean Forests, Woodlands & Scrub",Nearctic
423,acid_nh3,cf_mean,1.6319622,California interior chaparral and woodlands,12.0,"Mediterranean Forests, Woodlands & Scrub",Nearctic
424,acid_nh3,cf_mean,1.3631908,California montane chaparral and woodlands,12.0,"Mediterranean Forests, Woodlands & Scrub",Nearctic
2,acid_nh3,cf_mean,1.0270607,Cameroon Highlands forests,1.0,Tropical & Subtropical Moist Broadleaf Forests,Afrotropic
566,acid_nh3,cf_mean,1.881912,Campos Rupestres montane savanna,7.0,"Tropical & Subtropical Grasslands, Savannas & Shrublands",Neotropic
386,acid_nh3,cf_mean,2.9070883,Canadian Aspen forests and parklands,8.0,"Temperate Grasslands, Savannas & Shrublands",Nearctic
413,acid_nh3,cf_mean,1.5401611,Canadian Low Arctic tundra,11.0,Tundra,Nearctic
787,acid_nh3,cf_mean,0.65593404,Canary Islands dry woodlands and forests,12.0,"Mediterranean Forests, Woodlands & Scrub",Palearctic
648,acid_nh3,cf_mean,1.8044331,Cantabrian mixed forests,4.0,Temperate Broadleaf & Mixed Forests,Palearctic
190,acid_nh3,cf_mean,0.4042055,Canterbury-Otago tussock grasslands,8.0,"Temperate Grasslands, Savannas & Shrublands",Australasia
31,acid_nh3,cf_mean,0.48639622,Cape Verde Islands dry forests,2.0,Tropical & Subtropical Dry Broadleaf Forests,Afrotropic
183,acid_nh3,cf_mean,0.30789867,Cape York Peninsula tropical savanna,7.0,"Tropical & Subtropical Grasslands, Savannas & Shrublands",Australasia
446,acid_nh3,cf_mean,1.1985515,Caqueta moist forests,1.0,Tropical & Subtropical Moist Broadleaf Forests,Neotropic
223,acid_nh3,cf_mean,0.44899347,Cardamom Mountains rain forests,1.0,Tropical & Subtropical Moist Broadleaf Forests,Indomalayan
599,acid_nh3,cf_mean,0.5786166,Caribbean shrublands,13.0,Deserts & Xeric Shrublands,Neotropic
207,acid_nh3,cf_mean,0.17427774,Carnarvon xeric shrublands,13.0,Deserts & Xeric Shrublands,Australasia
618,acid_nh3,cf_mean,0.04917615,Carolines tropical moist forests,1.0,Tropical & Subtropical Moist Broadleaf Forests,Oceania
692,acid_nh3,cf_mean,6.9543056,Carpathian montane forests,5.0,Temperate Conifer Forests,Palearctic
184,acid_nh3,cf_mean,0.48639604,Carpentaria tropical savanna,7.0,"Tropical & Subtropical Grasslands, Savannas & Shrublands",Australasia
649,acid_nh3,cf_mean,2.4749475,Caspian Hyrcanian mixed forests,4.0,Temperate Broadleaf & Mixed Forests,Palearctic
815,acid_nh3,cf_mean,1.5951952,Caspian lowland desert,13.0,Deserts & Xeric Shrublands,Palearctic
447,acid_nh3,cf_mean,0.6101543,Catatumbo moist forests,1.0,Tropical & Subtropical Moist Broadleaf Forests,Neotropic
526,acid_nh3,cf_mean,1.3692957,Cauca Valley dry forests,2.0,Tropical & Subtropical Dry Broadleaf Forests,Neotropic
448,acid_nh3,cf_mean,1.3950044,Cauca Valley montane forests,1.0,Tropical & Subtropical Moist Broadleaf Forests,Neotropic
650,acid_nh3,cf_mean,4.006391,Caucasus mixed forests,4.0,Temperate Broadleaf & Mixed Forests,Palearctic
449,acid_nh3,cf_mean,0.5420797,Cayos Miskitos-San Andrés and Providencia moist forests,1.0,Tropical & Subtropical Moist Broadleaf Forests,Neotropic
651,acid_nh3,cf_mean,1.1581455,Celtic broadleaf forests,4.0,Temperate Broadleaf & Mixed Forests,Palearctic
816,acid_nh3,cf_mean,2.961782,Central Afghan Mountains xeric woodlands,13.0,Deserts & Xeric Shrublands,Palearctic
111,acid_nh3,cf_mean,0.62468314,Central African mangroves,14.0,Mangroves,Afrotropic
450,acid_nh3,cf_mean,0.56166965,Central American Atlantic moist forests,1.0,Tropical & Subtropical Moist Broadleaf Forests,Neotropic
527,acid_nh3,cf_mean,0.5313264,Central American dry forests,2.0,Tropical & Subtropical Dry Broadleaf Forests,Neotropic
451,acid_nh3,cf_mean,0.5781359,Central American montane forests,1.0,Tropical & Subtropical Moist Broadleaf Forests,Neotropic
553,acid_nh3,cf_mean,0.6077717,Central American pine-oak forests,3.0,Tropical & Subtropical Coniferous Forests,Neotropic
725,acid_nh3,cf_mean,1.2885312,Central Anatolian steppe,8.0,"Temperate Grasslands, Savannas & Shrublands",Palearctic
652,acid_nh3,cf_mean,1.2621751,Central Anatolian steppe and woodlands,4.0,Temperate Broadleaf & Mixed Forests,Palearctic
352,acid_nh3,cf_mean,5.2008033,Central-Southern Cascades Forests,5.0,Temperate Conifer Forests,Nearctic
389,acid_nh3,cf_mean,2.1445553,Central-Southern US mixed grasslands,8.0,"Temperate Grasslands, Savannas & Shrublands",Nearctic
587,acid_nh3,cf_mean,3.2738628,Central Andean dry puna,10.0,Montane Grasslands & Shrublands,Neotropic
588,acid_nh3,cf_mean,2.8970697,Central Andean puna,10.0,Montane Grasslands & Shrublands,Neotropic
589,acid_nh3,cf_mean,3.071947,Central Andean wet puna,10.0,Montane Grasslands & Shrublands,Neotropic
817,acid_nh3,cf_mean,3.7068942,Central Asian northern desert,13.0,Deserts & Xeric Shrublands,Palearctic
818,acid_nh3,cf_mean,3.0342512,Central Asian riparian woodlands,13.0,Deserts & Xeric Shrublands,Palearctic
819,acid_nh3,cf_mean,2.9441912,Central Asian southern desert,13.0,Deserts & Xeric Shrublands,Palearctic
350,acid_nh3,cf_mean,5.075528,Central British Columbia Mountain forests,5.0,Temperate Conifer Forests,Nearctic
38,acid_nh3,cf_mean,2.0957415,Central bushveld,7.0,"Tropical & Subtropical Grasslands, Savannas & Shrublands",Afrotropic
370,acid_nh3,cf_mean,11.014995,Central Canadian Shield forests,6.0,Boreal Forests/Taiga,Nearctic
653,acid_nh3,cf_mean,3.0287416,Central China Loess Plateau mixed forests,4.0,Temperate Broadleaf & Mixed Forests,Palearctic
3,acid_nh3,cf_mean,1.3787448,Central Congolian lowland forests,1.0,Tropical & Subtropical Moist Broadleaf Forests,Afrotropic
290,acid_nh3,cf_mean,0.39493567,Central Deccan Plateau dry deciduous forests,2.0,Tropical & Subtropical Dry Broadleaf Forests,Indomalayan
654,acid_nh3,cf_mean,3.949892,Central European mixed forests,4.0,Temperate Broadleaf & Mixed Forests,Palearctic
387,acid_nh3,cf_mean,3.7105753,Central US forest-grasslands transition,8.0,"Temperate Grasslands, Savannas & Shrublands",Nearctic
291,acid_nh3,cf_mean,0.5451163,Central Indochina dry forests,2.0,Tropical & Subtropical Dry Broadleaf Forests,Indomalayan
655,acid_nh3,cf_mean,2.4439766,Central Korean deciduous forests,4.0,Temperate Broadleaf & Mixed Forests,Palearctic
427,acid_nh3,cf_mean,1.2501408,Central Mexican matorral,13.0,Deserts & Xeric Shrublands,Nearctic
351,acid_nh3,cf_mean,4.0117826,Central Pacific Northwest coastal forests,5.0,Temperate Conifer Forests,Nearctic
820,acid_nh3,cf_mean,1.8290577,Central Persian desert basins,13.0,Deserts & Xeric Shrublands,Palearctic
619,acid_nh3,cf_mean,0.0027905398,Central Polynesian tropical moist forests,1.0,Tropical & Subtropical Moist Broadleaf Forests,Oceania
139,acid_nh3,cf_mean,0.33122283,Central Range Papuan montane rain forests,1.0,Tropical & Subtropical Moist Broadleaf Forests,Australasia
195,acid_nh3,cf_mean,0.3297236,Papuan Central Range sub-alpine grasslands,10.0,Montane Grasslands & Shrublands,Australasia
208,acid_nh3,cf_mean,0.6465234,Central Ranges xeric scrub,13.0,Deserts & Xeric Shrublands,Australasia
388,acid_nh3,cf_mean,2.656513,Central Tallgrass prairie,8.0,"Temperate Grasslands, Savannas & Shrublands",Nearctic
750,acid_nh3,cf_mean,2.827252,Central Tibetan Plateau alpine steppe,10.0,Montane Grasslands & Shrublands,Palearctic
39,acid_nh3,cf_mean,0.7916628,Central Zambezian wet miombo woodlands,7.0,"Tropical & Subtropical Grasslands, Savannas & Shrublands",Afrotropic
567,acid_nh3,cf_mean,1.3437798,Cerrado,7.0,"Tropical & Subtropical Grasslands, Savannas & Shrublands",Neotropic
656,acid_nh3,cf_mean,7.423167,Changbai Mountains mixed forests,4.0,Temperate Broadleaf & Mixed Forests,Palearctic
657,acid_nh3,cf_mean,1.8127013,Changjiang Plain evergreen forests,4.0,Temperate Broadleaf & Mixed Forests,Palearctic
224,acid_nh3,cf_mean,0.46590176,Chao Phraya freshwater swamp forests,1.0,Tropical & Subtropical Moist Broadleaf Forests,Indomalayan
225,acid_nh3,cf_mean,0.44251966,Chao Phraya lowland moist deciduous forests,1.0,Tropical & Subtropical Moist Broadleaf Forests,Indomalayan
167,acid_nh3,cf_mean,0.01613201,Chatham Island temperate forests,4.0,Temperate Broadleaf & Mixed Forests,Australasia
771,acid_nh3,cf_mean,0.34784293,Cherskii-Kolyma mountain tundra,11.0,Tundra,Palearctic
292,acid_nh3,cf_mean,0.62883425,Chhota-Nagpur dry deciduous forests,2.0,Tropical & Subtropical Dry Broadleaf Forests,Indomalayan
528,acid_nh3,cf_mean,0.83873564,Chiapas Depression dry forests,2.0,Tropical & Subtropical Dry Broadleaf Forests,Neotropic
452,acid_nh3,cf_mean,0.81746465,Chiapas montane forests,1.0,Tropical & Subtropical Moist Broadleaf Forests,Neotropic
428,acid_nh3,cf_mean,1.33968,Chihuahuan desert,13.0,Deserts & Xeric Shrublands,Nearctic
596,acid_nh3,cf_mean,1.8695412,Chilean Matorral,12.0,"Mediterranean Forests, Woodlands & Scrub",Neotropic
453,acid_nh3,cf_mean,0.8279329,Chimalapas montane forests,1.0,Tropical & Subtropical Moist Broadleaf Forests,Neotropic
226,acid_nh3,cf_mean,0.7335721,Chin Hills-Arakan Yoma montane forests,1.0,Tropical & Subtropical Moist Broadleaf Forests,Indomalayan
529,acid_nh3,cf_mean,1.1407934,Chiquitano dry forests,2.0,Tropical & Subtropical Dry Broadleaf Forests,Neotropic
454,acid_nh3,cf_mean,1.1206263,Chocó-Darién moist forests,1.0,Tropical & Subtropical Moist Broadleaf Forests,Neotropic
227,acid_nh3,cf_mean,0.15352859,Christmas and Cocos Islands tropical forests,1.0,Tropical & Subtropical Moist Broadleaf Forests,Indomalayan
772,acid_nh3,cf_mean,0.09521991,Chukchi Peninsula tundra,11.0,Tundra,Palearctic
568,acid_nh3,cf_mean,0.33776304,Clipperton Island shrub and grasslands,7.0,"Tropical & Subtropical Grasslands, Savannas & Shrublands",Neotropic
455,acid_nh3,cf_mean,0.40687168,Cocos Island moist forests,1.0,Tropical & Subtropical Moist Broadleaf Forests,Neotropic
429,acid_nh3,cf_mean,2.410524,Colorado Plateau shrublands,13.0,Deserts & Xeric Shrublands,Nearctic
353,acid_nh3,cf_mean,3.6684096,Colorado Rockies forests,5.0,Temperate Conifer Forests,Nearctic
4,acid_nh3,cf_mean,0.38093764,Comoros forests,1.0,Tropical & Subtropical Moist Broadleaf Forests,Afrotropic
371,acid_nh3,cf_mean,4.7514386,Cook Inlet taiga,6.0,Boreal Forests/Taiga,Nearctic
620,acid_nh3,cf_mean,0.0016865329,Cook Islands tropical moist forests,1.0,Tropical & Subtropical Moist Broadleaf Forests,Oceania
197,acid_nh3,cf_mean,0.12838829,Coolgardie woodlands,12.0,"Mediterranean Forests, Woodlands & Scrub",Australasia
372,acid_nh3,cf_mean,4.2963147,Copper Plateau taiga,6.0,Boreal Forests/Taiga,Nearctic
590,acid_nh3,cf_mean,2.1105614,Cordillera Central páramo,10.0,Montane Grasslands & Shrublands,Neotropic
591,acid_nh3,cf_mean,0.5300354,Cordillera de Merida páramo,10.0,Montane Grasslands & Shrublands,Neotropic
456,acid_nh3,cf_mean,0.5526616,Cordillera La Costa montane forests,1.0,Tropical & Subtropical Moist Broadleaf Forests,Neotropic
457,acid_nh3,cf_mean,0.9791868,Cordillera Oriental montane forests,1.0,Tropical & Subtropical Moist Broadleaf Forests,Neotropic
788,acid_nh3,cf_mean,2.5789807,Corsican montane broadleaf and mixed forests,12.0,"Mediterranean Forests, Woodlands & Scrub",Palearctic
458,acid_nh3,cf_mean,0.594953,Costa Rican seasonal moist forests,1.0,Tropical & Subtropical Moist Broadleaf Forests,Neotropic
789,acid_nh3,cf_mean,1.1120095,Crete Mediterranean forests,12.0,"Mediterranean Forests, Woodlands & Scrub",Palearctic
658,acid_nh3,cf_mean,2.0436463,Crimean Submediterranean forest complex,4.0,Temperate Broadleaf & Mixed Forests,Palearctic
6,acid_nh3,cf_mean,0.7448362,Cross-Niger transition forests,1.0,Tropical & Subtropical Moist Broadleaf Forests,Afrotropic
7,acid_nh3,cf_mean,0.9096836,Cross-Sanaga-Bioko coastal forests,1.0,Tropical & Subtropical Moist Broadleaf Forests,Afrotropic
390,acid_nh3,cf_mean,1.8000028,Cross-Timbers savanna-woodland,8.0,"Temperate Grasslands, Savannas & Shrublands",Nearctic
600,acid_nh3,cf_mean,0.86267525,Cuban cactus scrub,13.0,Deserts & Xeric Shrublands,Neotropic
530,acid_nh3,cf_mean,0.8758189,Cuban dry forests,2.0,Tropical & Subtropical Dry Broadleaf Forests,Neotropic
459,acid_nh3,cf_mean,0.8638022,Cuban moist forests,1.0,Tropical & Subtropical Moist Broadleaf Forests,Neotropic
554,acid_nh3,cf_mean,1.3866979,Cuban pine forests,3.0,Tropical & Subtropical Coniferous Forests,Neotropic
579,acid_nh3,cf_mean,0.93727684,Cuban wetlands,9.0,Flooded Grasslands & Savannas,Neotropic
790,acid_nh3,cf_mean,1.1133897,Cyprus Mediterranean forests,12.0,"Mediterranean Forests, Woodlands & Scrub",Palearctic
693,acid_nh3,cf_mean,4.421051,Da Hinggan-Dzhagdy Mountains conifer forests,5.0,Temperate Conifer Forests,Palearctic
659,acid_nh3,cf_mean,3.206774,Daba Mountains evergreen forests,4.0,Temperate Broadleaf & Mixed Forests,Palearctic
726,acid_nh3,cf_mean,1.3244121,Daurian forest steppe,8.0,"Temperate Grasslands, Savannas & Shrublands",Palearctic
415,acid_nh3,cf_mean,0.23328006,Davis Highlands tundra,11.0,Tundra,Nearctic
315,acid_nh3,cf_mean,0.3211684,Deccan thorn scrub forests,13.0,Deserts & Xeric Shrublands,Indomalayan
660,acid_nh3,cf_mean,5.0604153,Dinaric Mountains mixed forests,4.0,Temperate Broadleaf & Mixed Forests,Palearctic
92,acid_nh3,cf_mean,0.798298,Djibouti xeric shrublands,13.0,Deserts & Xeric Shrublands,Afrotropic
40,acid_nh3,cf_mean,0.43344364,Drakensberg Escarpment savanna and thicket,7.0,"Tropical & Subtropical Grasslands, Savannas & Shrublands",Afrotropic
41,acid_nh3,cf_mean,0.47280717,Drakensberg grasslands,7.0,"Tropical & Subtropical Grasslands, Savannas & Shrublands",Afrotropic
0,acid_nh3,cf_mean,0.040349394,Rock and Ice,11.0,N/A,N/A
569,acid_nh3,cf_mean,0.6243585,Dry Chaco,7.0,"Tropical & Subtropical Grasslands, Savannas & Shrublands",Neotropic
694,acid_nh3,cf_mean,3.394236,East Afghan montane conifer forests,5.0,Temperate Conifer Forests,Palearctic
69,acid_nh3,cf_mean,0.54290086,East African halophytics,9.0,Flooded Grasslands & Savannas,Afrotropic
112,acid_nh3,cf_mean,0.6239435,East African mangroves,14.0,Mangroves,Afrotropic
821,acid_nh3,cf_mean,1.0319922,East Arabian fog shrublands and sand desert,13.0,Deserts & Xeric Shrublands,Palearctic
332,acid_nh3,cf_mean,1.6441231,East Central Texas forests,4.0,Temperate Broadleaf & Mixed Forests,Nearctic
293,acid_nh3,cf_mean,0.20364143,East Deccan dry-evergreen forests,2.0,Tropical & Subtropical Dry Broadleaf Forests,Indomalayan
661,acid_nh3,cf_mean,1.8655554,East European forest steppe,4.0,Temperate Broadleaf & Mixed Forests,Palearctic
822,acid_nh3,cf_mean,1.0868636,East Sahara Desert,13.0,Deserts & Xeric Shrublands,Palearctic
823,acid_nh3,cf_mean,1.0791698,East Saharan montane xeric woodlands,13.0,Deserts & Xeric Shrublands,Palearctic
710,acid_nh3,cf_mean,1.3849047,East Siberian taiga,6.0,Boreal Forests/Taiga,Palearctic
43,acid_nh3,cf_mean,1.0409395,East Sudanian savanna,7.0,"Tropical & Subtropical Grasslands, Savannas & Shrublands",Afrotropic
662,acid_nh3,cf_mean,2.0353873,Eastern Anatolian deciduous forests,4.0,Temperate Broadleaf & Mixed Forests,Palearctic
727,acid_nh3,cf_mean,3.0186968,Eastern Anatolian montane steppe,8.0,"Temperate Grasslands, Savannas & Shrublands",Palearctic
191,acid_nh3,cf_mean,0.22704203,Eastern Australia mulga shrublands,8.0,"Temperate Grasslands, Savannas & Shrublands",Australasia
168,acid_nh3,cf_mean,0.46439633,Eastern Australian temperate forests,4.0,Temperate Broadleaf & Mixed Forests,Australasia
373,acid_nh3,cf_mean,6.576322,Eastern Canadian forests,6.0,Boreal Forests/Taiga,Nearctic
374,acid_nh3,cf_mean,5.4421473,Eastern Canadian Shield taiga,6.0,Boreal Forests/Taiga,Nearctic
354,acid_nh3,cf_mean,4.2762976,Eastern Cascades forests,5.0,Temperate Conifer Forests,Nearctic
10,acid_nh3,cf_mean,1.3946675,Eastern Congolian swamp forests,1.0,Tropical & Subtropical Moist Broadleaf Forests,Afrotropic
460,acid_nh3,cf_mean,1.0913695,Eastern Cordillera Real montane forests,1.0,Tropical & Subtropical Moist Broadleaf Forests,Neotropic
333,acid_nh3,cf_mean,10.443599,Eastern Canadian Forest-Boreal transition,4.0,Temperate Broadleaf & Mixed Forests,Nearctic
824,acid_nh3,cf_mean,1.3086535,Eastern Gobi desert steppe,13.0,Deserts & Xeric Shrublands,Palearctic
334,acid_nh3,cf_mean,7.443636,Eastern Great Lakes lowland forests,4.0,Temperate Broadleaf & Mixed Forests,Nearctic
11,acid_nh3,cf_mean,0.64431363,Eastern Guinean forests,1.0,Tropical & Subtropical Moist Broadleaf Forests,Afrotropic
228,acid_nh3,cf_mean,0.47142854,East Deccan moist deciduous forests,1.0,Tropical & Subtropical Moist Broadleaf Forests,Indomalayan
751,acid_nh3,cf_mean,3.0544796,Eastern Himalayan alpine shrub and meadows,10.0,Montane Grasslands & Shrublands,Palearctic
306,acid_nh3,cf_mean,2.631496,Eastern Himalayan broadleaf forests,4.0,Temperate Broadleaf & Mixed Forests,Indomalayan
309,acid_nh3,cf_mean,3.207173,Eastern Himalayan subalpine conifer forests,5.0,Temperate Conifer Forests,Indomalayan
229,acid_nh3,cf_mean,0.31752568,Eastern Java-Bali montane rain forests,1.0,Tropical & Subtropical Moist Broadleaf Forests,Indomalayan
230,acid_nh3,cf_mean,0.2703844,Eastern Java-Bali rain forests,1.0,Tropical & Subtropical Moist Broadleaf Forests,Indomalayan
791,acid_nh3,cf_mean,1.3463013,Eastern Mediterranean conifer-broadleaf forests,12.0,"Mediterranean Forests, Woodlands & Scrub",Palearctic
621,acid_nh3,cf_mean,0.027335877,Eastern Micronesia tropical moist forests,1.0,Tropical & Subtropical Moist Broadleaf Forests,Oceania
461,acid_nh3,cf_mean,0.7237496,Eastern Panamanian montane forests,1.0,Tropical & Subtropical Moist Broadleaf Forests,Neotropic
531,acid_nh3,cf_mean,0.6546135,Ecuadorian dry forests,2.0,Tropical & Subtropical Dry Broadleaf Forests,Neotropic
391,acid_nh3,cf_mean,1.460883,Edwards Plateau savanna,8.0,"Temperate Grasslands, Savannas & Shrublands",Nearctic
185,acid_nh3,cf_mean,0.39670512,Einasleigh upland savanna,7.0,"Tropical & Subtropical Grasslands, Savannas & Shrublands",Australasia
695,acid_nh3,cf_mean,2.3315368,Elburz Range forest steppe,5.0,Temperate Conifer Forests,Palearctic
728,acid_nh3,cf_mean,7.7606716,Emin Valley steppe,8.0,"Temperate Grasslands, Savannas & Shrublands",Palearctic
663,acid_nh3,cf_mean,2.0784867,English Lowlands beech forests,4.0,Temperate Broadleaf & Mixed Forests,Palearctic
580,acid_nh3,cf_mean,0.5063498,Enriquillo wetlands,9.0,Flooded Grasslands & Savannas,Neotropic
93,acid_nh3,cf_mean,0.8227527,Eritrean coastal desert,13.0,Deserts & Xeric Shrublands,Afrotropic
198,acid_nh3,cf_mean,0.13563554,Esperance mallee,12.0,"Mediterranean Forests, Woodlands & Scrub",Australasia
575,acid_nh3,cf_mean,0.39298764,Espinal,8.0,"Temperate Grasslands, Savannas & Shrublands",Neotropic
12,acid_nh3,cf_mean,0.6985733,Ethiopian montane forests,1.0,Tropical & Subtropical Moist Broadleaf Forests,Afrotropic
79,acid_nh3,cf_mean,0.8068537,Ethiopian montane grasslands and woodlands,10.0,Montane Grasslands & Shrublands,Afrotropic
80,acid_nh3,cf_mean,0.78920186,Ethiopian montane moorlands,10.0,Montane Grasslands & Shrublands,Afrotropic
70,acid_nh3,cf_mean,0.47398838,Etosha Pan halophytics,9.0,Flooded Grasslands & Savannas,Afrotropic
665,acid_nh3,cf_mean,2.0470333,Euxine-Colchic broadleaf forests,4.0,Temperate Broadleaf & Mixed Forests,Palearctic
581,acid_nh3,cf_mean,3.750859,Everglades flooded grasslands,9.0,Flooded Grasslands & Savannas,Neotropic
199,acid_nh3,cf_mean,0.1523827,Eyre and York mallee,12.0,"Mediterranean Forests, Woodlands & Scrub",Australasia
729,acid_nh3,cf_mean,0.7777452,Faroe Islands boreal grasslands,8.0,"Temperate Grasslands, Savannas & Shrublands",Palearctic
462,acid_nh3,cf_mean,0.30389178,Fernando de Noronha-Atol das Rocas moist forests,1.0,Tropical & Subtropical Moist Broadleaf Forests,Neotropic
635,acid_nh3,cf_mean,0.015627405,Fiji tropical dry forests,2.0,Tropical & Subtropical Dry Broadleaf Forests,Oceania
622,acid_nh3,cf_mean,0.015119387,Fiji tropical moist forests,1.0,Tropical & Subtropical Moist Broadleaf Forests,Oceania
169,acid_nh3,cf_mean,0.25598174,Fiordland temperate forests,4.0,Temperate Broadleaf & Mixed Forests,Australasia
200,acid_nh3,cf_mean,0.16957144,Flinders-Lofty montane woodlands,12.0,"Mediterranean Forests, Woodlands & Scrub",Australasia
392,acid_nh3,cf_mean,2.2500756,Flint Hills tallgrass prairie,8.0,"Temperate Grasslands, Savannas & Shrublands",Nearctic
355,acid_nh3,cf_mean,4.6587315,Fraser Plateau and Basin conifer forests,5.0,Temperate Conifer Forests,Nearctic
89,acid_nh3,cf_mean,0.2735125,Fynbos shrubland,12.0,"Mediterranean Forests, Woodlands & Scrub",Afrotropic
601,acid_nh3,cf_mean,0.26217744,Galápagos Islands xeric scrub,13.0,Deserts & Xeric Shrublands,Neotropic
94,acid_nh3,cf_mean,0.92863953,Gariep Karoo,13.0,Deserts & Xeric Shrublands,Afrotropic
752,acid_nh3,cf_mean,3.885131,Ghorat-Hazarajat alpine meadow,10.0,Montane Grasslands & Shrublands,Palearctic
209,acid_nh3,cf_mean,0.3099468,Gibson desert,13.0,Deserts & Xeric Shrublands,Australasia
730,acid_nh3,cf_mean,5.330779,Gissaro-Alai open woodlands,8.0,"Temperate Grasslands, Savannas & Shrublands",Palearctic
316,acid_nh3,cf_mean,0.31983295,Godavari-Krishna mangroves,13.0,Deserts & Xeric Shrublands,Indomalayan
825,acid_nh3,cf_mean,1.4001241,Gobi Lakes Valley desert steppe,13.0,Deserts & Xeric Shrublands,Palearctic
13,acid_nh3,cf_mean,0.26204017,Granitic Seychelles forests,1.0,Tropical & Subtropical Moist Broadleaf Forests,Afrotropic
356,acid_nh3,cf_mean,2.2746263,Great Basin montane forests,5.0,Temperate Conifer Forests,Nearctic
430,acid_nh3,cf_mean,2.3266392,Great Basin shrub steppe,13.0,Deserts & Xeric Shrublands,Nearctic
826,acid_nh3,cf_mean,3.642712,Great Lakes Basin desert steppe,13.0,Deserts & Xeric Shrublands,Palearctic
210,acid_nh3,cf_mean,1.2045912,Great Sandy-Tanami desert,13.0,Deserts & Xeric Shrublands,Australasia
211,acid_nh3,cf_mean,0.2744126,Great Victoria desert,13.0,Deserts & Xeric Shrublands,Australasia
231,acid_nh3,cf_mean,0.35846892,Greater Negros-Panay rain forests,1.0,Tropical & Subtropical Moist Broadleaf Forests,Indomalayan
602,acid_nh3,cf_mean,0.48784184,Guajira-Barranquilla xeric scrub,13.0,Deserts & Xeric Shrublands,Neotropic
582,acid_nh3,cf_mean,1.3123477,Guayaquil flooded grasslands,9.0,Flooded Grasslands & Savannas,Neotropic
463,acid_nh3,cf_mean,0.78464496,Guianan freshwater swamp forests,1.0,Tropical & Subtropical Moist Broadleaf Forests,Neotropic
464,acid_nh3,cf_mean,1.8215834,Guianan Highlands moist forests,1.0,Tropical & Subtropical Moist Broadleaf Forests,Neotropic
465,acid_nh3,cf_mean,1.4426671,Guianan lowland moist forests,1.0,Tropical & Subtropical Moist Broadleaf Forests,Neotropic
466,acid_nh3,cf_mean,1.8574216,Guianan piedmont moist forests,1.0,Tropical & Subtropical Moist Broadleaf Forests,Neotropic
570,acid_nh3,cf_mean,2.0065155,Guianan savanna,7.0,"Tropical & Subtropical Grasslands, Savannas & Shrublands",Neotropic
44,acid_nh3,cf_mean,0.7107144,Guinean forest-savanna,7.0,"Tropical & Subtropical Grasslands, Savannas & Shrublands",Afrotropic
113,acid_nh3,cf_mean,0.83147395,Guinean mangroves,14.0,Mangroves,Afrotropic
14,acid_nh3,cf_mean,1.1651802,Guinean montane forests,1.0,Tropical & Subtropical Moist Broadleaf Forests,Afrotropic
642,acid_nh3,cf_mean,2.9061444,Guizhou Plateau broadleaf and mixed forests,1.0,Tropical & Subtropical Moist Broadleaf Forests,Palearctic
431,acid_nh3,cf_mean,1.1951807,Gulf of California xeric scrub,13.0,Deserts & Xeric Shrublands,Nearctic
335,acid_nh3,cf_mean,5.9289484,Gulf of St. Lawrence lowland forests,4.0,Temperate Broadleaf & Mixed Forests,Nearctic
467,acid_nh3,cf_mean,1.1481917,Gurupa várzea,1.0,Tropical & Subtropical Moist Broadleaf Forests,Neotropic
232,acid_nh3,cf_mean,0.73361456,Hainan Island monsoon rain forests,1.0,Tropical & Subtropical Moist Broadleaf Forests,Indomalayan
140,acid_nh3,cf_mean,0.20340401,Halmahera rain forests,1.0,Tropical & Subtropical Moist Broadleaf Forests,Australasia
201,acid_nh3,cf_mean,0.15305021,Hampton mallee and woodlands,12.0,"Mediterranean Forests, Woodlands & Scrub",Australasia
636,acid_nh3,cf_mean,0.10553065,Hawai'i tropical dry forests,2.0,Tropical & Subtropical Dry Broadleaf Forests,Oceania
639,acid_nh3,cf_mean,0.12786867,Hawai'i tropical high shrublands,7.0,"Tropical & Subtropical Grasslands, Savannas & Shrublands",Oceania
640,acid_nh3,cf_mean,0.09079366,Hawai'i tropical low shrublands,7.0,"Tropical & Subtropical Grasslands, Savannas & Shrublands",Oceania
623,acid_nh3,cf_mean,0.09509282,Hawai'i tropical moist forests,1.0,Tropical & Subtropical Moist Broadleaf Forests,Oceania
696,acid_nh3,cf_mean,2.0221684,Helanshan montane conifer forests,5.0,Temperate Conifer Forests,Palearctic
697,acid_nh3,cf_mean,3.2311857,Hengduan Mountains subalpine conifer forests,5.0,Temperate Conifer Forests,Palearctic
412,acid_nh3,cf_mean,0.68531215,Canadian High Arctic tundra,11.0,Tundra,Nearctic
592,acid_nh3,cf_mean,0.9111318,High Monte,10.0,Montane Grasslands & Shrublands,Neotropic
81,acid_nh3,cf_mean,1.6784368,Highveld grasslands,10.0,Montane Grasslands & Shrublands,Afrotropic
233,acid_nh3,cf_mean,1.7346021,Himalayan subtropical broadleaf forests,1.0,Tropical & Subtropical Moist Broadleaf Forests,Indomalayan
302,acid_nh3,cf_mean,2.2087274,Himalayan subtropical pine forests,3.0,Tropical & Subtropical Coniferous Forests,Indomalayan
753,acid_nh3,cf_mean,5.928727,Hindu Kush alpine meadow,10.0,Montane Grasslands & Shrublands,Palearctic
532,acid_nh3,cf_mean,0.5401625,Hispaniolan dry forests,2.0,Tropical & Subtropical Dry Broadleaf Forests,Neotropic
468,acid_nh3,cf_mean,0.53872275,Hispaniolan moist forests,1.0,Tropical & Subtropical Moist Broadleaf Forests,Neotropic
555,acid_nh3,cf_mean,0.52698743,Hispaniolan pine forests,3.0,Tropical & Subtropical Coniferous Forests,Neotropic
95,acid_nh3,cf_mean,1.7382082,Hobyo grasslands and shrublands,13.0,Deserts & Xeric Shrublands,Afrotropic
666,acid_nh3,cf_mean,2.6555924,Hokkaido deciduous forests,4.0,Temperate Broadleaf & Mixed Forests,Palearctic
698,acid_nh3,cf_mean,3.1703463,Hokkaido montane conifer forests,5.0,Temperate Conifer Forests,Palearctic
699,acid_nh3,cf_mean,2.3106685,Honshu alpine conifer forests,5.0,Temperate Conifer Forests,Palearctic
45,acid_nh3,cf_mean,0.5813232,Horn of Africa xeric bushlands,7.0,"Tropical & Subtropical Grasslands, Savannas & Shrublands",Afrotropic
667,acid_nh3,cf_mean,2.355157,Huang He Plain mixed forests,4.0,Temperate Broadleaf & Mixed Forests,Palearctic
571,acid_nh3,cf_mean,0.52966493,Humid Chaco,7.0,"Tropical & Subtropical Grasslands, Savannas & Shrublands",Neotropic
576,acid_nh3,cf_mean,0.29531997,Humid Pampas,8.0,"Temperate Grasslands, Savannas & Shrublands",Neotropic
141,acid_nh3,cf_mean,0.31150323,Huon Peninsula montane rain forests,1.0,Tropical & Subtropical Moist Broadleaf Forests,Australasia
792,acid_nh3,cf_mean,1.3160269,Iberian conifer forests,12.0,"Mediterranean Forests, Woodlands & Scrub",Palearctic
793,acid_nh3,cf_mean,1.3237927,Iberian sclerophyllous and semi-deciduous forests,12.0,"Mediterranean Forests, Woodlands & Scrub",Palearctic
711,acid_nh3,cf_mean,1.0143073,Iceland boreal birch forests and alpine tundra,6.0,Boreal Forests/Taiga,Palearctic
794,acid_nh3,cf_mean,3.4013321,Illyrian deciduous forests,12.0,"Mediterranean Forests, Woodlands & Scrub",Palearctic
319,acid_nh3,cf_mean,0.42543513,Indochina mangroves,14.0,Mangroves,Indomalayan
320,acid_nh3,cf_mean,1.6979953,Indus River Delta-Arabian Sea mangroves,14.0,Mangroves,Indomalayan
317,acid_nh3,cf_mean,5.041953,Indus Valley desert,13.0,Deserts & Xeric Shrublands,Indomalayan
71,acid_nh3,cf_mean,5.2958055,Inner Niger Delta flooded savanna,9.0,Flooded Grasslands & Savannas,Afrotropic
375,acid_nh3,cf_mean,3.376927,Interior Alaska-Yukon lowland taiga,6.0,Boreal Forests/Taiga,Nearctic
336,acid_nh3,cf_mean,5.821343,Interior Plateau US Hardwood Forests,4.0,Temperate Broadleaf & Mixed Forests,Nearctic
416,acid_nh3,cf_mean,4.754053,Interior Yukon-Alaska alpine tundra,11.0,Tundra,Nearctic
469,acid_nh3,cf_mean,1.0969392,Iquitos várzea,1.0,Tropical & Subtropical Moist Broadleaf Forests,Neotropic
294,acid_nh3,cf_mean,0.7389789,Irrawaddy dry forests,2.0,Tropical & Subtropical Dry Broadleaf Forests,Indomalayan
234,acid_nh3,cf_mean,0.5193381,Irrawaddy freshwater swamp forests,1.0,Tropical & Subtropical Moist Broadleaf Forests,Indomalayan
235,acid_nh3,cf_mean,0.77381194,Irrawaddy moist deciduous forests,1.0,Tropical & Subtropical Moist Broadleaf Forests,Indomalayan
533,acid_nh3,cf_mean,0.7394722,Islas Revillagigedo dry forests,2.0,Tropical & Subtropical Dry Broadleaf Forests,Neotropic
470,acid_nh3,cf_mean,0.59966534,Isthmian-Atlantic moist forests,1.0,Tropical & Subtropical Moist Broadleaf Forests,Neotropic
471,acid_nh3,cf_mean,0.5383182,Isthmian-Pacific moist forests,1.0,Tropical & Subtropical Moist Broadleaf Forests,Neotropic
795,acid_nh3,cf_mean,3.0653272,Italian sclerophyllous and semi-deciduous forests,12.0,"Mediterranean Forests, Woodlands & Scrub",Palearctic
46,acid_nh3,cf_mean,0.60638714,Itigi-Sumbu thicket,7.0,"Tropical & Subtropical Grasslands, Savannas & Shrublands",Afrotropic
534,acid_nh3,cf_mean,1.0103191,Jalisco dry forests,2.0,Tropical & Subtropical Dry Broadleaf Forests,Neotropic
535,acid_nh3,cf_mean,0.59603304,Jamaican dry forests,2.0,Tropical & Subtropical Dry Broadleaf Forests,Neotropic
472,acid_nh3,cf_mean,0.590201,Jamaican moist forests,1.0,Tropical & Subtropical Moist Broadleaf Forests,Neotropic
473,acid_nh3,cf_mean,1.0545235,Japurá-Solimões-Negro moist forests,1.0,Tropical & Subtropical Moist Broadleaf Forests,Neotropic
202,acid_nh3,cf_mean,0.23462725,Jarrah-Karri forest and shrublands,12.0,"Mediterranean Forests, Woodlands & Scrub",Australasia
236,acid_nh3,cf_mean,1.9978393,Jian Nan subtropical evergreen forests,1.0,Tropical & Subtropical Moist Broadleaf Forests,Indomalayan
82,acid_nh3,cf_mean,0.621087,Jos Plateau forest-grassland,10.0,Montane Grasslands & Shrublands,Afrotropic
560,acid_nh3,cf_mean,0.5571752,Juan Fernández Islands temperate forests,4.0,Temperate Broadleaf & Mixed Forests,Neotropic
827,acid_nh3,cf_mean,9.623269,Junggar Basin semi-desert,13.0,Deserts & Xeric Shrublands,Palearctic
474,acid_nh3,cf_mean,1.0883943,Juruá-Purus moist forests,1.0,Tropical & Subtropical Moist Broadleaf Forests,Neotropic
418,acid_nh3,cf_mean,0.0011961836,Kalaallit Nunaat High Arctic tundra,11.0,Tundra,Nearctic
47,acid_nh3,cf_mean,2.3232994,Kalahari Acacia woodlands,7.0,"Tropical & Subtropical Grasslands, Savannas & Shrublands",Afrotropic
97,acid_nh3,cf_mean,1.660401,Kalahari xeric savanna,13.0,Deserts & Xeric Shrublands,Afrotropic
713,acid_nh3,cf_mean,2.5024245,Kamchatka-Kurile meadows and sparse forests,6.0,Boreal Forests/Taiga,Palearctic
712,acid_nh3,cf_mean,4.245325,Kamchatka taiga,6.0,Boreal Forests/Taiga,Palearctic
98,acid_nh3,cf_mean,0.3622684,Kaokoveld desert,13.0,Deserts & Xeric Shrublands,Afrotropic
754,acid_nh3,cf_mean,5.257491,Karakoram-West Tibetan Plateau alpine steppe,10.0,Montane Grasslands & Shrublands,Palearctic
237,acid_nh3,cf_mean,0.65259993,Kayah-Karen montane rain forests,1.0,Tropical & Subtropical Moist Broadleaf Forests,Indomalayan
731,acid_nh3,cf_mean,3.0475802,Kazakh forest steppe,8.0,"Temperate Grasslands, Savannas & Shrublands",Palearctic
828,acid_nh3,cf_mean,1.7776845,Kazakh semi-desert,13.0,Deserts & Xeric Shrublands,Palearctic
732,acid_nh3,cf_mean,1.7570014,Kazakh steppe,8.0,"Temperate Grasslands, Savannas & Shrublands",Palearctic
733,acid_nh3,cf_mean,1.7268523,Kazakh upland steppe,8.0,"Temperate Grasslands, Savannas & Shrublands",Palearctic
624,acid_nh3,cf_mean,0.024750493,Kermadec Islands subtropical moist forests,1.0,Tropical & Subtropical Moist Broadleaf Forests,Oceania
755,acid_nh3,cf_mean,1.2547283,Khangai Mountains alpine meadow,10.0,Montane Grasslands & Shrublands,Palearctic
700,acid_nh3,cf_mean,1.2431692,Khangai Mountains conifer forests,5.0,Temperate Conifer Forests,Palearctic
295,acid_nh3,cf_mean,1.1364642,Khathiar-Gir dry deciduous forests,2.0,Tropical & Subtropical Dry Broadleaf Forests,Indomalayan
186,acid_nh3,cf_mean,0.7410191,Kimberly tropical savanna,7.0,"Tropical & Subtropical Grasslands, Savannas & Shrublands",Australasia
357,acid_nh3,cf_mean,2.4169695,Klamath-Siskiyou forests,5.0,Temperate Conifer Forests,Nearctic
15,acid_nh3,cf_mean,0.28083363,Knysna-Amatole montane forests,1.0,Tropical & Subtropical Moist Broadleaf Forests,Afrotropic
774,acid_nh3,cf_mean,1.4565033,Kola Peninsula tundra,11.0,Tundra,Palearctic
829,acid_nh3,cf_mean,4.1144853,Kopet Dag semi-desert,13.0,Deserts & Xeric Shrublands,Palearctic
756,acid_nh3,cf_mean,3.0976925,Kopet Dag woodlands and forest steppe,10.0,Montane Grasslands & Shrublands,Palearctic
757,acid_nh3,cf_mean,1.8064224,Kuh Rud and Eastern Iran montane woodlands,10.0,Montane Grasslands & Shrublands,Palearctic
16,acid_nh3,cf_mean,0.45862493,Kwazulu Natal-Cape coastal forests,1.0,Tropical & Subtropical Moist Broadleaf Forests,Afrotropic
603,acid_nh3,cf_mean,0.58368564,La Costa xeric shrublands,13.0,Deserts & Xeric Shrublands,Neotropic
72,acid_nh3,cf_mean,3.9350152,Lake Chad flooded savanna,9.0,Flooded Grasslands & Savannas,Afrotropic
536,acid_nh3,cf_mean,0.49713033,Lara-Falcón dry forests,2.0,Tropical & Subtropical Dry Broadleaf Forests,Neotropic
475,acid_nh3,cf_mean,0.58953685,Leeward Islands moist forests,1.0,Tropical & Subtropical Moist Broadleaf Forests,Neotropic
163,acid_nh3,cf_mean,0.20487714,Lesser Sundas deciduous forests,2.0,Tropical & Subtropical Dry Broadleaf Forests,Australasia
48,acid_nh3,cf_mean,0.81624186,Limpopo lowveld,7.0,"Tropical & Subtropical Grasslands, Savannas & Shrublands",Afrotropic
572,acid_nh3,cf_mean,1.2144146,Llanos,7.0,"Tropical & Subtropical Grasslands, Savannas & Shrublands",Neotropic
142,acid_nh3,cf_mean,0.0838655,Lord Howe Island subtropical forests,1.0,Tropical & Subtropical Moist Broadleaf Forests,Australasia
143,acid_nh3,cf_mean,0.061261196,Louisiade Archipelago rain forests,1.0,Tropical & Subtropical Moist Broadleaf Forests,Australasia
577,acid_nh3,cf_mean,0.58347714,Low Monte,8.0,"Temperate Grasslands, Savannas & Shrublands",Neotropic
238,acid_nh3,cf_mean,0.77342016,Lower Gangetic Plains moist deciduous forests,1.0,Tropical & Subtropical Moist Broadleaf Forests,Indomalayan
239,acid_nh3,cf_mean,0.8110967,Luang Prabang montane rain forests,1.0,Tropical & Subtropical Moist Broadleaf Forests,Indomalayan
240,acid_nh3,cf_mean,0.5665431,Luzon montane rain forests,1.0,Tropical & Subtropical Moist Broadleaf Forests,Indomalayan
241,acid_nh3,cf_mean,0.5341552,Luzon rain forests,1.0,Tropical & Subtropical Moist Broadleaf Forests,Indomalayan
303,acid_nh3,cf_mean,0.5941015,Luzon tropical pine forests,3.0,Tropical & Subtropical Coniferous Forests,Indomalayan
32,acid_nh3,cf_mean,0.53319585,Madagascar dry deciduous forests,2.0,Tropical & Subtropical Dry Broadleaf Forests,Afrotropic
83,acid_nh3,cf_mean,0.90925086,Madagascar ericoid thickets,10.0,Montane Grasslands & Shrublands,Afrotropic
17,acid_nh3,cf_mean,0.6948814,Madagascar humid forests,1.0,Tropical & Subtropical Moist Broadleaf Forests,Afrotropic
114,acid_nh3,cf_mean,0.89928246,Madagascar mangroves,14.0,Mangroves,Afrotropic
99,acid_nh3,cf_mean,1.2461051,Madagascar spiny thickets,13.0,Deserts & Xeric Shrublands,Afrotropic
18,acid_nh3,cf_mean,0.81609786,Madagascar subhumid forests,1.0,Tropical & Subtropical Moist Broadleaf Forests,Afrotropic
100,acid_nh3,cf_mean,1.6486716,Madagascar succulent woodlands,13.0,Deserts & Xeric Shrublands,Afrotropic
476,acid_nh3,cf_mean,2.2141473,Madeira-Tapajós moist forests,1.0,Tropical & Subtropical Moist Broadleaf Forests,Neotropic
668,acid_nh3,cf_mean,0.63337225,Madeira evergreen forests,4.0,Temperate Broadleaf & Mixed Forests,Palearctic
478,acid_nh3,cf_mean,0.9146695,Magdalena-Urabá moist forests,1.0,Tropical & Subtropical Moist Broadleaf Forests,Neotropic
538,acid_nh3,cf_mean,1.3903246,Magdalena Valley dry forests,2.0,Tropical & Subtropical Dry Broadleaf Forests,Neotropic
477,acid_nh3,cf_mean,1.1649098,Magdalena Valley montane forests,1.0,Tropical & Subtropical Moist Broadleaf Forests,Neotropic
561,acid_nh3,cf_mean,0.6153154,Magellanic subpolar forests,4.0,Temperate Broadleaf & Mixed Forests,Neotropic
73,acid_nh3,cf_mean,1.2765268,Makgadikgadi halophytics,9.0,Flooded Grasslands & Savannas,Afrotropic
242,acid_nh3,cf_mean,0.29274723,Malabar Coast moist forests,1.0,Tropical & Subtropical Moist Broadleaf Forests,Indomalayan
243,acid_nh3,cf_mean,0.2216611,Maldives-Lakshadweep-Chagos Archipelago tropical moist forests,1.0,Tropical & Subtropical Moist Broadleaf Forests,Indomalayan
604,acid_nh3,cf_mean,0.52214265,Malpelo Island xeric scrub,13.0,Deserts & Xeric Shrublands,Neotropic
669,acid_nh3,cf_mean,7.9058323,Manchurian mixed forests,4.0,Temperate Broadleaf & Mixed Forests,Palearctic
49,acid_nh3,cf_mean,0.7501768,Mandara Plateau woodlands,7.0,"Tropical & Subtropical Grasslands, Savannas & Shrublands",Afrotropic
19,acid_nh3,cf_mean,0.5808996,Maputaland coastal forests and woodlands,1.0,Tropical & Subtropical Moist Broadleaf Forests,Afrotropic
539,acid_nh3,cf_mean,0.4654537,Maracaibo dry forests,2.0,Tropical & Subtropical Dry Broadleaf Forests,Neotropic
480,acid_nh3,cf_mean,1.5569863,Marajó várzea,1.0,Tropical & Subtropical Moist Broadleaf Forests,Neotropic
540,acid_nh3,cf_mean,1.1652527,Maranhão Babaçu forests,2.0,Tropical & Subtropical Dry Broadleaf Forests,Neotropic
479,acid_nh3,cf_mean,1.3872678,Marañón dry forests,1.0,Tropical & Subtropical Moist Broadleaf Forests,Neotropic
637,acid_nh3,cf_mean,0.17516567,Marianas tropical dry forests,2.0,Tropical & Subtropical Dry Broadleaf Forests,Oceania
625,acid_nh3,cf_mean,0.0015531235,Marquesas tropical moist forests,1.0,Tropical & Subtropical Moist Broadleaf Forests,Oceania
50,acid_nh3,cf_mean,0.7908546,Masai xeric grasslands and shrublands,7.0,"Tropical & Subtropical Grasslands, Savannas & Shrublands",Afrotropic
20,acid_nh3,cf_mean,0.20436244,Mascarene forests,1.0,Tropical & Subtropical Moist Broadleaf Forests,Afrotropic
481,acid_nh3,cf_mean,1.7413473,Mato Grosso tropical dry forests,1.0,Tropical & Subtropical Moist Broadleaf Forests,Neotropic
796,acid_nh3,cf_mean,0.75065833,Mediterranean Acacia-Argania dry woodlands and succulent thickets,12.0,"Mediterranean Forests, Woodlands & Scrub",Palearctic
701,acid_nh3,cf_mean,0.94222087,Mediterranean conifer and mixed forests,5.0,Temperate Conifer Forests,Palearctic
797,acid_nh3,cf_mean,0.9539217,Mediterranean dry woodlands and steppe,12.0,"Mediterranean Forests, Woodlands & Scrub",Palearctic
758,acid_nh3,cf_mean,0.7327932,Mediterranean High Atlas juniper steppe,10.0,Montane Grasslands & Shrublands,Palearctic
798,acid_nh3,cf_mean,0.93346035,Mediterranean woodlands and forests,12.0,"Mediterranean Forests, Woodlands & Scrub",Palearctic
244,acid_nh3,cf_mean,1.0970329,Meghalaya subtropical forests,1.0,Tropical & Subtropical Moist Broadleaf Forests,Indomalayan
245,acid_nh3,cf_mean,0.32555735,Mentawai Islands rain forests,1.0,Tropical & Subtropical Moist Broadleaf Forests,Indomalayan
432,acid_nh3,cf_mean,1.0546647,Meseta Central matorral,13.0,Deserts & Xeric Shrublands,Nearctic
613,acid_nh3,cf_mean,0.80114377,Mesoamerican Gulf-Caribbean mangroves,14.0,Mangroves,Neotropic
830,acid_nh3,cf_mean,1.3029045,Mesopotamian shrub desert,13.0,Deserts & Xeric Shrublands,Palearctic
376,acid_nh3,cf_mean,4.260731,Mid-Canada Boreal Plains forests,6.0,Boreal Forests/Taiga,Nearctic
414,acid_nh3,cf_mean,1.0915744,Canadian Middle Arctic Tundra,11.0,Tundra,Nearctic
393,acid_nh3,cf_mean,4.3763947,Mid-Atlantic US coastal savannas,8.0,"Temperate Grasslands, Savannas & Shrublands",Nearctic
377,acid_nh3,cf_mean,7.690623,Midwest Canadian Shield forests,6.0,Boreal Forests/Taiga,Nearctic
247,acid_nh3,cf_mean,0.2909852,Mindanao-Eastern Visayas rain forests,1.0,Tropical & Subtropical Moist Broadleaf Forests,Indomalayan
246,acid_nh3,cf_mean,0.26629633,Mindanao montane rain forests,1.0,Tropical & Subtropical Moist Broadleaf Forests,Indomalayan
248,acid_nh3,cf_mean,0.4437776,Mindoro rain forests,1.0,Tropical & Subtropical Moist Broadleaf Forests,Indomalayan
573,acid_nh3,cf_mean,0.5986496,Miskito pine forests,7.0,"Tropical & Subtropical Grasslands, Savannas & Shrublands",Neotropic
337,acid_nh3,cf_mean,2.6278536,Mississippi lowland forests,4.0,Temperate Broadleaf & Mixed Forests,Nearctic
187,acid_nh3,cf_mean,0.6178267,Mitchell Grass Downs,7.0,"Tropical & Subtropical Grasslands, Savannas & Shrublands",Australasia
249,acid_nh3,cf_mean,0.99301356,Mizoram-Manipur-Kachin rain forests,1.0,Tropical & Subtropical Moist Broadleaf Forests,Indomalayan
433,acid_nh3,cf_mean,1.6498753,Mojave desert,13.0,Deserts & Xeric Shrublands,Nearctic
734,acid_nh3,cf_mean,1.6230584,Mongolian-Manchurian grassland,8.0,"Temperate Grasslands, Savannas & Shrublands",Palearctic
394,acid_nh3,cf_mean,5.261837,Montana Valley and Foothill grasslands,8.0,"Temperate Grasslands, Savannas & Shrublands",Nearctic
482,acid_nh3,cf_mean,1.3694218,Monte Alegre várzea,1.0,Tropical & Subtropical Moist Broadleaf Forests,Neotropic
605,acid_nh3,cf_mean,0.57497054,Motagua Valley thornscrub,13.0,Deserts & Xeric Shrublands,Neotropic
21,acid_nh3,cf_mean,0.9338704,Mount Cameroon and Bioko montane forests,1.0,Tropical & Subtropical Moist Broadleaf Forests,Afrotropic
84,acid_nh3,cf_mean,0.62712216,Mulanje Montane forest-grassland,10.0,Montane Grasslands & Shrublands,Afrotropic
203,acid_nh3,cf_mean,0.164208,Murray-Darling woodlands and mallee,12.0,"Mediterranean Forests, Woodlands & Scrub",Australasia
378,acid_nh3,cf_mean,2.7750564,Muskwa-Slave Lake taiga,6.0,Boreal Forests/Taiga,Nearctic
321,acid_nh3,cf_mean,0.5047062,Myanmar Coast mangroves,14.0,Mangroves,Indomalayan
250,acid_nh3,cf_mean,0.5617038,Myanmar coastal rain forests,1.0,Tropical & Subtropical Moist Broadleaf Forests,Indomalayan
101,acid_nh3,cf_mean,1.0417733,Nama Karoo shrublands,13.0,Deserts & Xeric Shrublands,Afrotropic
102,acid_nh3,cf_mean,0.37481242,Namaqualand-Richtersveld steppe,13.0,Deserts & Xeric Shrublands,Afrotropic
103,acid_nh3,cf_mean,0.5475386,Namib Desert,13.0,Deserts & Xeric Shrublands,Afrotropic
104,acid_nh3,cf_mean,0.622106,Namibian savanna woodlands,13.0,Deserts & Xeric Shrublands,Afrotropic
251,acid_nh3,cf_mean,0.66973156,Nansei Islands subtropical evergreen forests,1.0,Tropical & Subtropical Moist Broadleaf Forests,Indomalayan
483,acid_nh3,cf_mean,1.2141472,Napo moist forests,1.0,Tropical & Subtropical Moist Broadleaf Forests,Neotropic
204,acid_nh3,cf_mean,0.38327092,Naracoorte woodlands,12.0,"Mediterranean Forests, Woodlands & Scrub",Australasia
296,acid_nh3,cf_mean,0.6472335,Narmada Valley dry deciduous forests,2.0,Tropical & Subtropical Dry Broadleaf Forests,Indomalayan
395,acid_nh3,cf_mean,3.0964572,Nebraska Sand Hills mixed grasslands,8.0,"Temperate Grasslands, Savannas & Shrublands",Nearctic
484,acid_nh3,cf_mean,1.6903327,Negro-Branco moist forests,1.0,Tropical & Subtropical Moist Broadleaf Forests,Neotropic
170,acid_nh3,cf_mean,0.2508791,Nelson Coast temperate forests,4.0,Temperate Broadleaf & Mixed Forests,Australasia
743,acid_nh3,cf_mean,2.1120822,Nenjiang River grassland,9.0,Flooded Grasslands & Savannas,Palearctic
144,acid_nh3,cf_mean,0.092184335,New Britain-New Ireland lowland rain forests,1.0,Tropical & Subtropical Moist Broadleaf Forests,Australasia
145,acid_nh3,cf_mean,0.08939314,New Britain-New Ireland montane rain forests,1.0,Tropical & Subtropical Moist Broadleaf Forests,Australasia
164,acid_nh3,cf_mean,0.04154632,New Caledonia dry forests,2.0,Tropical & Subtropical Dry Broadleaf Forests,Australasia
146,acid_nh3,cf_mean,0.039936606,New Caledonia rain forests,1.0,Tropical & Subtropical Moist Broadleaf Forests,Australasia
338,acid_nh3,cf_mean,8.9674635,New England-Acadian forests,4.0,Temperate Broadleaf & Mixed Forests,Nearctic
217,acid_nh3,cf_mean,0.16386233,New Guinea mangroves,14.0,Mangroves,Australasia
252,acid_nh3,cf_mean,0.37166578,Nicobar Islands rain forests,1.0,Tropical & Subtropical Moist Broadleaf Forests,Indomalayan
22,acid_nh3,cf_mean,0.61044395,Niger Delta swamp forests,1.0,Tropical & Subtropical Moist Broadleaf Forests,Afrotropic
23,acid_nh3,cf_mean,0.54426837,Nigerian lowland forests,1.0,Tropical & Subtropical Moist Broadleaf Forests,Afrotropic
670,acid_nh3,cf_mean,1.5875782,Nihonkai evergreen forests,4.0,Temperate Broadleaf & Mixed Forests,Palearctic
671,acid_nh3,cf_mean,1.9616044,Nihonkai montane deciduous forests,4.0,Temperate Broadleaf & Mixed Forests,Palearctic
744,acid_nh3,cf_mean,1.826721,Nile Delta flooded savanna,9.0,Flooded Grasslands & Savannas,Palearctic
147,acid_nh3,cf_mean,0.042071648,Norfolk Island subtropical forests,1.0,Tropical & Subtropical Moist Broadleaf Forests,Australasia
831,acid_nh3,cf_mean,2.033219,North Arabian desert,13.0,Deserts & Xeric Shrublands,Palearctic
832,acid_nh3,cf_mean,2.1640146,North Arabian highland shrublands,13.0,Deserts & Xeric Shrublands,Palearctic
171,acid_nh3,cf_mean,0.87367827,New Zealand North Island temperate forests,4.0,Temperate Broadleaf & Mixed Forests,Australasia
833,acid_nh3,cf_mean,1.0587422,North Saharan Xeric Steppe and Woodland,13.0,Deserts & Xeric Shrublands,Palearctic
106,acid_nh3,cf_mean,0.578923,Somali montane xeric woodlands,13.0,Deserts & Xeric Shrublands,Afrotropic
759,acid_nh3,cf_mean,3.6758933,North Tibetan Plateau-Kunlun Mountains alpine desert,10.0,Montane Grasslands & Shrublands,Palearctic
253,acid_nh3,cf_mean,0.41153824,North Western Ghats moist deciduous forests,1.0,Tropical & Subtropical Moist Broadleaf Forests,Indomalayan
254,acid_nh3,cf_mean,0.33100715,North Western Ghats montane rain forests,1.0,Tropical & Subtropical Moist Broadleaf Forests,Indomalayan
673,acid_nh3,cf_mean,3.6076462,Northeast China Plain deciduous forests,4.0,Temperate Broadleaf & Mixed Forests,Palearctic
304,acid_nh3,cf_mean,1.1747116,Northeast India-Myanmar pine forests,3.0,Tropical & Subtropical Coniferous Forests,Indomalayan
775,acid_nh3,cf_mean,0.20176563,Northeast Siberian coastal tundra,11.0,Tundra,Palearctic
714,acid_nh3,cf_mean,0.3015316,Northeast Siberian taiga,6.0,Boreal Forests/Taiga,Palearctic
485,acid_nh3,cf_mean,0.5636235,Northeast Brazil restingas,1.0,Tropical & Subtropical Moist Broadleaf Forests,Neotropic
24,acid_nh3,cf_mean,0.84707224,Northeast Congolian lowland forests,1.0,Tropical & Subtropical Moist Broadleaf Forests,Afrotropic
702,acid_nh3,cf_mean,3.1039116,Northeast Himalayan subalpine conifer forests,5.0,Temperate Conifer Forests,Palearctic
799,acid_nh3,cf_mean,3.7714915,Northeast Spain and Southern France Mediterranean forests,12.0,"Mediterranean Forests, Woodlands & Scrub",Palearctic
339,acid_nh3,cf_mean,6.774159,Northeast US Coastal forests,4.0,Temperate Broadleaf & Mixed Forests,Nearctic
51,acid_nh3,cf_mean,0.7095825,Northern Acacia-Commiphora bushlands and thickets,7.0,"Tropical & Subtropical Grasslands, Savannas & Shrublands",Afrotropic
703,acid_nh3,cf_mean,2.011327,Northern Anatolian conifer and deciduous forests,5.0,Temperate Conifer Forests,Palearctic
593,acid_nh3,cf_mean,1.166526,Northern Andean páramo,10.0,Montane Grasslands & Shrublands,Neotropic
255,acid_nh3,cf_mean,0.7020067,Northern Annamites rain forests,1.0,Tropical & Subtropical Moist Broadleaf Forests,Indomalayan
359,acid_nh3,cf_mean,2.0044494,Northern California coastal forests,5.0,Temperate Conifer Forests,Nearctic
379,acid_nh3,cf_mean,2.6346302,Northern Canadian Shield taiga,6.0,Boreal Forests/Taiga,Nearctic
52,acid_nh3,cf_mean,1.2954932,Northern Congolian Forest-Savanna,7.0,"Tropical & Subtropical Grasslands, Savannas & Shrublands",Afrotropic
297,acid_nh3,cf_mean,0.4635395,North Deccan dry deciduous forests,2.0,Tropical & Subtropical Dry Broadleaf Forests,Indomalayan
256,acid_nh3,cf_mean,1.110483,Northern Indochina subtropical forests,1.0,Tropical & Subtropical Moist Broadleaf Forests,Indomalayan
257,acid_nh3,cf_mean,0.7348823,Northern Khorat Plateau moist deciduous forests,1.0,Tropical & Subtropical Moist Broadleaf Forests,Indomalayan
614,acid_nh3,cf_mean,1.0127927,Northern Mesoamerican Pacific mangroves,14.0,Mangroves,Neotropic
148,acid_nh3,cf_mean,0.19488272,Northern New Guinea lowland rain and freshwater swamp forests,1.0,Tropical & Subtropical Moist Broadleaf Forests,Australasia
149,acid_nh3,cf_mean,0.15615593,Northern New Guinea montane rain forests,1.0,Tropical & Subtropical Moist Broadleaf Forests,Australasia
396,acid_nh3,cf_mean,2.7794619,Northern Shortgrass prairie,8.0,"Temperate Grasslands, Savannas & Shrublands",Nearctic
25,acid_nh3,cf_mean,0.8616789,Northern Swahili coastal forests,1.0,Tropical & Subtropical Moist Broadleaf Forests,Afrotropic
397,acid_nh3,cf_mean,3.7097409,Northern Tallgrass prairie,8.0,"Temperate Grasslands, Savannas & Shrublands",Nearctic
258,acid_nh3,cf_mean,0.7386553,Northern Thailand-Laos moist deciduous forests,1.0,Tropical & Subtropical Moist Broadleaf Forests,Indomalayan
259,acid_nh3,cf_mean,1.8339435,Northern Triangle subtropical forests,1.0,Tropical & Subtropical Moist Broadleaf Forests,Indomalayan
307,acid_nh3,cf_mean,2.6881623,Northern Triangle temperate forests,4.0,Temperate Broadleaf & Mixed Forests,Indomalayan
260,acid_nh3,cf_mean,0.7281986,Northern Vietnam lowland rain forests,1.0,Tropical & Subtropical Moist Broadleaf Forests,Indomalayan
173,acid_nh3,cf_mean,0.62395966,Northland temperate kauri forests,4.0,Temperate Broadleaf & Mixed Forests,Australasia
800,acid_nh3,cf_mean,1.531367,Northwest Iberian montane forests,12.0,"Mediterranean Forests, Woodlands & Scrub",Palearctic
776,acid_nh3,cf_mean,1.2420291,Northwest Russian-Novaya Zemlya tundra,11.0,Tundra,Palearctic
486,acid_nh3,cf_mean,1.2427434,Northwest Andean montane forests,1.0,Tropical & Subtropical Moist Broadleaf Forests,Neotropic
26,acid_nh3,cf_mean,1.4000596,Northwest Congolian lowland forests,1.0,Tropical & Subtropical Moist Broadleaf Forests,Afrotropic
641,acid_nh3,cf_mean,0.04317453,Northwest Hawai'i scrub,7.0,"Tropical & Subtropical Grasslands, Savannas & Shrublands",Oceania
760,acid_nh3,cf_mean,4.7357545,Northwestern Himalayan alpine shrub and meadows,10.0,Montane Grasslands & Shrublands,Palearctic
314,acid_nh3,cf_mean,3.257605,Aravalli west thorn scrub forests,13.0,Deserts & Xeric Shrublands,Indomalayan
777,acid_nh3,cf_mean,0.00079505553,Novosibirsk Islands Arctic desert,11.0,Tundra,Palearctic
704,acid_nh3,cf_mean,2.889997,Nujiang Langcang Gorge alpine conifer and mixed forests,5.0,Temperate Conifer Forests,Palearctic
212,acid_nh3,cf_mean,0.17041673,Nullarbor Plains xeric shrublands,13.0,Deserts & Xeric Shrublands,Australasia
85,acid_nh3,cf_mean,0.5127066,Nyanga-Chimanimani Montane forest-grassland,10.0,Montane Grasslands & Shrublands,Afrotropic
487,acid_nh3,cf_mean,1.491301,Oaxacan montane forests,1.0,Tropical & Subtropical Moist Broadleaf Forests,Neotropic
626,acid_nh3,cf_mean,0.2536596,Ogasawara subtropical moist forests,1.0,Tropical & Subtropical Moist Broadleaf Forests,Oceania
419,acid_nh3,cf_mean,2.0156434,Ogilvie-MacKenzie alpine tundra,11.0,Tundra,Nearctic
362,acid_nh3,cf_mean,9.154318,Okanogan dry forests,5.0,Temperate Conifer Forests,Nearctic
715,acid_nh3,cf_mean,9.42241,Okhotsk-Manchurian taiga,6.0,Boreal Forests/Taiga,Palearctic
761,acid_nh3,cf_mean,2.515195,Ordos Plateau steppe,10.0,Montane Grasslands & Shrublands,Palearctic
488,acid_nh3,cf_mean,1.0498656,Orinoco Delta swamp forests,1.0,Tropical & Subtropical Moist Broadleaf Forests,Neotropic
583,acid_nh3,cf_mean,0.71147394,Orinoco wetlands,9.0,Flooded Grasslands & Savannas,Neotropic
261,acid_nh3,cf_mean,0.4576602,Orissa semi-evergreen forests,1.0,Tropical & Subtropical Moist Broadleaf Forests,Indomalayan
340,acid_nh3,cf_mean,2.966528,Ozark Highlands mixed forests,4.0,Temperate Broadleaf & Mixed Forests,Nearctic
341,acid_nh3,cf_mean,2.6349037,Ozark Mountain forests,4.0,Temperate Broadleaf & Mixed Forests,Nearctic
420,acid_nh3,cf_mean,3.3587,Pacific Coastal Mountain icefields and tundra,11.0,Tundra,Nearctic
627,acid_nh3,cf_mean,0.21132746,Palau tropical moist forests,1.0,Tropical & Subtropical Moist Broadleaf Forests,Oceania
262,acid_nh3,cf_mean,0.40843695,Palawan rain forests,1.0,Tropical & Subtropical Moist Broadleaf Forests,Indomalayan
398,acid_nh3,cf_mean,10.857423,Palouse prairie,8.0,"Temperate Grasslands, Savannas & Shrublands",Nearctic
762,acid_nh3,cf_mean,6.331267,Pamir alpine desert and tundra,10.0,Montane Grasslands & Shrublands,Palearctic
541,acid_nh3,cf_mean,0.5173864,Panamanian dry forests,2.0,Tropical & Subtropical Dry Broadleaf Forests,Neotropic
674,acid_nh3,cf_mean,5.0109825,Pannonian mixed forests,4.0,Temperate Broadleaf & Mixed Forests,Palearctic
584,acid_nh3,cf_mean,0.79622215,Pantanal,9.0,Flooded Grasslands & Savannas,Neotropic
489,acid_nh3,cf_mean,0.74577737,Pantanos de Centla,1.0,Tropical & Subtropical Moist Broadleaf Forests,Neotropic
490,acid_nh3,cf_mean,1.7179332,Pantepui forests & shrublands,1.0,Tropical & Subtropical Moist Broadleaf Forests,Neotropic
606,acid_nh3,cf_mean,0.48353064,Paraguaná xeric scrub,13.0,Deserts & Xeric Shrublands,Neotropic
585,acid_nh3,cf_mean,0.37770125,Paraná flooded savanna,9.0,Flooded Grasslands & Savannas,Neotropic
834,acid_nh3,cf_mean,5.7891736,Paropamisus xeric woodlands,13.0,Deserts & Xeric Shrublands,Palearctic
578,acid_nh3,cf_mean,0.9059327,Patagonian steppe,8.0,"Temperate Grasslands, Savannas & Shrublands",Neotropic
542,acid_nh3,cf_mean,1.6287525,Patía valley dry forests,2.0,Tropical & Subtropical Dry Broadleaf Forests,Neotropic
263,acid_nh3,cf_mean,0.38529566,Peninsular Malaysian montane rain forests,1.0,Tropical & Subtropical Moist Broadleaf Forests,Indomalayan
264,acid_nh3,cf_mean,0.40184978,Peninsular Malaysian peat swamp forests,1.0,Tropical & Subtropical Moist Broadleaf Forests,Indomalayan
265,acid_nh3,cf_mean,0.3859736,Peninsular Malaysian rain forests,1.0,Tropical & Subtropical Moist Broadleaf Forests,Indomalayan
491,acid_nh3,cf_mean,0.47831577,Pernambuco coastal forests,1.0,Tropical & Subtropical Moist Broadleaf Forests,Neotropic
492,acid_nh3,cf_mean,0.5143255,Pernambuco interior forests,1.0,Tropical & Subtropical Moist Broadleaf Forests,Neotropic
493,acid_nh3,cf_mean,2.629016,Peruvian Yungas,1.0,Tropical & Subtropical Moist Broadleaf Forests,Neotropic
494,acid_nh3,cf_mean,0.8932933,Petén-Veracruz moist forests,1.0,Tropical & Subtropical Moist Broadleaf Forests,Neotropic
213,acid_nh3,cf_mean,0.22995077,Pilbara shrublands,13.0,Deserts & Xeric Shrublands,Australasia
801,acid_nh3,cf_mean,2.0526147,Pindus Mountains mixed forests,12.0,"Mediterranean Forests, Woodlands & Scrub",Palearctic
363,acid_nh3,cf_mean,2.1579351,Piney Woods,5.0,Temperate Conifer Forests,Nearctic
675,acid_nh3,cf_mean,6.450564,Po Basin mixed forests,4.0,Temperate Broadleaf & Mixed Forests,Palearctic
735,acid_nh3,cf_mean,1.5433208,Pontic steppe,8.0,"Temperate Grasslands, Savannas & Shrublands",Palearctic
543,acid_nh3,cf_mean,0.5661206,Puerto Rican dry forests,2.0,Tropical & Subtropical Dry Broadleaf Forests,Neotropic
495,acid_nh3,cf_mean,0.5686193,Puerto Rican moist forests,1.0,Tropical & Subtropical Moist Broadleaf Forests,Neotropic
364,acid_nh3,cf_mean,10.945135,Puget lowland forests,5.0,Temperate Conifer Forests,Nearctic
497,acid_nh3,cf_mean,1.2304478,Purus-Madeira moist forests,1.0,Tropical & Subtropical Moist Broadleaf Forests,Neotropic
496,acid_nh3,cf_mean,0.9835977,Purus várzea,1.0,Tropical & Subtropical Moist Broadleaf Forests,Neotropic
676,acid_nh3,cf_mean,2.961426,Pyrenees conifer and mixed forests,4.0,Temperate Broadleaf & Mixed Forests,Palearctic
835,acid_nh3,cf_mean,3.056476,Qaidam Basin semi-desert,13.0,Deserts & Xeric Shrublands,Palearctic
705,acid_nh3,cf_mean,4.515803,Qilian Mountains conifer forests,5.0,Temperate Conifer Forests,Palearctic
763,acid_nh3,cf_mean,3.32071,Qilian Mountains subalpine meadows,10.0,Montane Grasslands & Shrublands,Palearctic
677,acid_nh3,cf_mean,3.3826396,Qin Ling Mountains deciduous forests,4.0,Temperate Broadleaf & Mixed Forests,Palearctic
706,acid_nh3,cf_mean,3.3408635,Qionglai-Minshan conifer forests,5.0,Temperate Conifer Forests,Palearctic
150,acid_nh3,cf_mean,0.3185942,Queensland tropical rain forests,1.0,Tropical & Subtropical Moist Broadleaf Forests,Australasia
174,acid_nh3,cf_mean,0.3913777,Rakiura Island temperate forests,4.0,Temperate Broadleaf & Mixed Forests,Australasia
312,acid_nh3,cf_mean,2.182907,Rann of Kutch seasonal salt marsh,9.0,Flooded Grasslands & Savannas,Indomalayan
628,acid_nh3,cf_mean,0.051657468,Rapa Nui and Sala y Gómez subtropical forests,1.0,Tropical & Subtropical Moist Broadleaf Forests,Oceania
266,acid_nh3,cf_mean,0.9108789,Red River freshwater swamp forests,1.0,Tropical & Subtropical Moist Broadleaf Forests,Indomalayan
837,acid_nh3,cf_mean,2.884259,Red Sea-Arabian Desert shrublands,13.0,Deserts & Xeric Shrublands,Palearctic
836,acid_nh3,cf_mean,1.4840041,Red Sea coastal desert,13.0,Deserts & Xeric Shrublands,Palearctic
115,acid_nh3,cf_mean,1.0954305,Red Sea mangroves,14.0,Mangroves,Afrotropic
838,acid_nh3,cf_mean,2.205219,Registan-North Pakistan sandy desert,13.0,Deserts & Xeric Shrublands,Palearctic
90,acid_nh3,cf_mean,0.2771876,Renosterveld shrubland,12.0,"Mediterranean Forests, Woodlands & Scrub",Afrotropic
175,acid_nh3,cf_mean,0.3877018,Richmond temperate forests,4.0,Temperate Broadleaf & Mixed Forests,Australasia
498,acid_nh3,cf_mean,1.3203657,Rio Negro campinarana,1.0,Tropical & Subtropical Moist Broadleaf Forests,Neotropic
678,acid_nh3,cf_mean,2.9528575,Rodope montane mixed forests,4.0,Temperate Broadleaf & Mixed Forests,Palearctic
86,acid_nh3,cf_mean,0.9368488,Rwenzori-Virunga montane moorlands,10.0,Montane Grasslands & Shrublands,Afrotropic
745,acid_nh3,cf_mean,1.024898,Saharan halophytics,9.0,Flooded Grasslands & Savannas,Palearctic
53,acid_nh3,cf_mean,1.9980493,Sahelian Acacia savanna,7.0,"Tropical & Subtropical Grasslands, Savannas & Shrublands",Afrotropic
716,acid_nh3,cf_mean,2.9963264,Sakhalin Island taiga,6.0,Boreal Forests/Taiga,Palearctic
629,acid_nh3,cf_mean,0.0056972825,Samoan tropical moist forests,1.0,Tropical & Subtropical Moist Broadleaf Forests,Oceania
562,acid_nh3,cf_mean,0.77056175,San Félix-San Ambrosio Islands temperate forests,4.0,Temperate Broadleaf & Mixed Forests,Neotropic
607,acid_nh3,cf_mean,1.0401568,San Lucan xeric scrub,13.0,Deserts & Xeric Shrublands,Neotropic
425,acid_nh3,cf_mean,1.4113129,Santa Lucia Montane Chaparral & Woodlands,12.0,"Mediterranean Forests, Woodlands & Scrub",Nearctic
499,acid_nh3,cf_mean,0.47199145,Santa Marta montane forests,1.0,Tropical & Subtropical Moist Broadleaf Forests,Neotropic
594,acid_nh3,cf_mean,0.45830864,Santa Marta páramo,10.0,Montane Grasslands & Shrublands,Neotropic
27,acid_nh3,cf_mean,0.4187329,"São Tomé, Príncipe, and Annobón forests",1.0,Tropical & Subtropical Moist Broadleaf Forests,Afrotropic
679,acid_nh3,cf_mean,2.9353645,Sarmatic mixed forests,4.0,Temperate Broadleaf & Mixed Forests,Palearctic
764,acid_nh3,cf_mean,6.433122,Sayan alpine meadows and tundra,10.0,Montane Grasslands & Shrublands,Palearctic
736,acid_nh3,cf_mean,12.772566,Sayan Intermontane steppe,8.0,"Temperate Grasslands, Savannas & Shrublands",Palearctic
707,acid_nh3,cf_mean,7.92402,Sayan montane conifer forests,5.0,Temperate Conifer Forests,Palearctic
717,acid_nh3,cf_mean,3.0961933,Scandinavian and Russian taiga,6.0,Boreal Forests/Taiga,Palearctic
708,acid_nh3,cf_mean,1.6572875,Scandinavian coastal conifer forests,5.0,Temperate Conifer Forests,Palearctic
780,acid_nh3,cf_mean,3.3787744,Scandinavian Montane Birch forest and grasslands,11.0,Tundra,Palearctic
608,acid_nh3,cf_mean,3.8324592,Sechura desert,13.0,Deserts & Xeric Shrublands,Neotropic
737,acid_nh3,cf_mean,1.5253931,Selenge-Orkhon forest steppe,8.0,"Temperate Grasslands, Savannas & Shrublands",Palearctic
151,acid_nh3,cf_mean,0.15896739,Seram rain forests,1.0,Tropical & Subtropical Moist Broadleaf Forests,Australasia
54,acid_nh3,cf_mean,0.60218114,Serengeti volcanic grasslands,7.0,"Tropical & Subtropical Grasslands, Savannas & Shrublands",Afrotropic
500,acid_nh3,cf_mean,1.4066119,Serra do Mar coastal forests,1.0,Tropical & Subtropical Moist Broadleaf Forests,Neotropic
680,acid_nh3,cf_mean,2.970294,Sichuan Basin evergreen broadleaf forests,4.0,Temperate Broadleaf & Mixed Forests,Palearctic
544,acid_nh3,cf_mean,1.0387136,Sierra de la Laguna dry forests,2.0,Tropical & Subtropical Dry Broadleaf Forests,Neotropic
556,acid_nh3,cf_mean,1.0300063,Sierra de la Laguna pine-oak forests,3.0,Tropical & Subtropical Coniferous Forests,Neotropic
501,acid_nh3,cf_mean,1.1744341,Sierra de los Tuxtlas,1.0,Tropical & Subtropical Moist Broadleaf Forests,Neotropic
502,acid_nh3,cf_mean,0.662357,Sierra Madre de Chiapas moist forests,1.0,Tropical & Subtropical Moist Broadleaf Forests,Neotropic
557,acid_nh3,cf_mean,1.2665288,Sierra Madre de Oaxaca pine-oak forests,3.0,Tropical & Subtropical Coniferous Forests,Neotropic
558,acid_nh3,cf_mean,1.1813761,Sierra Madre del Sur pine-oak forests,3.0,Tropical & Subtropical Coniferous Forests,Neotropic
326,acid_nh3,cf_mean,1.1667391,Sierra Madre Occidental pine-oak forests,3.0,Tropical & Subtropical Coniferous Forests,Nearctic
327,acid_nh3,cf_mean,1.2041593,Sierra Madre Oriental pine-oak forests,3.0,Tropical & Subtropical Coniferous Forests,Nearctic
366,acid_nh3,cf_mean,1.9125618,Sierra Nevada forests,5.0,Temperate Conifer Forests,Nearctic
214,acid_nh3,cf_mean,0.5905222,Simpson desert,13.0,Deserts & Xeric Shrublands,Australasia
545,acid_nh3,cf_mean,1.0794181,Sinaloan dry forests,2.0,Tropical & Subtropical Dry Broadleaf Forests,Neotropic
546,acid_nh3,cf_mean,0.47202495,Sinú Valley dry forests,2.0,Tropical & Subtropical Dry Broadleaf Forests,Neotropic
434,acid_nh3,cf_mean,3.2377393,Snake-Columbia shrub steppe,13.0,Deserts & Xeric Shrublands,Nearctic
630,acid_nh3,cf_mean,0.0005750277,Society Islands tropical moist forests,1.0,Tropical & Subtropical Moist Broadleaf Forests,Oceania
105,acid_nh3,cf_mean,0.5245712,Socotra Island xeric shrublands,13.0,Deserts & Xeric Shrublands,Afrotropic
503,acid_nh3,cf_mean,0.75227064,Solimões-Japurá moist forests,1.0,Tropical & Subtropical Moist Broadleaf Forests,Neotropic
152,acid_nh3,cf_mean,0.034603085,Solomon Islands rain forests,1.0,Tropical & Subtropical Moist Broadleaf Forests,Australasia
55,acid_nh3,cf_mean,1.2434696,Somali Acacia-Commiphora bushlands and thickets,7.0,"Tropical & Subtropical Grasslands, Savannas & Shrublands",Afrotropic
324,acid_nh3,cf_mean,1.2034463,Sonoran-Sinaloan subtropical dry forest,2.0,Tropical & Subtropical Dry Broadleaf Forests,Nearctic
435,acid_nh3,cf_mean,1.4823796,Sonoran desert,13.0,Deserts & Xeric Shrublands,Nearctic
615,acid_nh3,cf_mean,0.9035046,South American Pacific mangroves,14.0,Mangroves,Neotropic
802,acid_nh3,cf_mean,1.7340341,South Apennine mixed montane forests,12.0,"Mediterranean Forests, Woodlands & Scrub",Palearctic
367,acid_nh3,cf_mean,5.4819717,South Central Rockies forests,5.0,Temperate Conifer Forests,Nearctic
268,acid_nh3,cf_mean,1.2335953,South China-Vietnam subtropical evergreen forests,1.0,Tropical & Subtropical Moist Broadleaf Forests,Indomalayan
267,acid_nh3,cf_mean,0.52796733,South China Sea Islands,1.0,Tropical & Subtropical Moist Broadleaf Forests,Indomalayan
298,acid_nh3,cf_mean,0.21069422,South Deccan Plateau dry deciduous forests,2.0,Tropical & Subtropical Dry Broadleaf Forests,Indomalayan
841,acid_nh3,cf_mean,1.7589397,South Iran Nubo-Sindian desert and semi-desert,13.0,Deserts & Xeric Shrublands,Palearctic
194,acid_nh3,cf_mean,0.38926792,New Zealand South Island montane grasslands,10.0,Montane Grasslands & Shrublands,Australasia
172,acid_nh3,cf_mean,0.6450069,New Zealand South Island temperate forests,4.0,Temperate Broadleaf & Mixed Forests,Australasia
842,acid_nh3,cf_mean,1.1436822,South Sahara desert,13.0,Deserts & Xeric Shrublands,Palearctic
738,acid_nh3,cf_mean,5.1852984,South Siberian forest steppe,8.0,"Temperate Grasslands, Savannas & Shrublands",Palearctic
269,acid_nh3,cf_mean,0.7554819,South Taiwan monsoon rain forests,1.0,Tropical & Subtropical Moist Broadleaf Forests,Indomalayan
270,acid_nh3,cf_mean,0.22896224,South Western Ghats moist deciduous forests,1.0,Tropical & Subtropical Moist Broadleaf Forests,Indomalayan
271,acid_nh3,cf_mean,0.23191445,South Western Ghats montane rain forests,1.0,Tropical & Subtropical Moist Broadleaf Forests,Indomalayan
176,acid_nh3,cf_mean,0.40080985,Southeast Australia temperate forests,4.0,Temperate Broadleaf & Mixed Forests,Australasia
192,acid_nh3,cf_mean,0.16848736,Southeast Australia temperate savanna,8.0,"Temperate Grasslands, Savannas & Shrublands",Australasia
765,acid_nh3,cf_mean,3.1741476,Southeast Tibet shrublands and meadows,10.0,Montane Grasslands & Shrublands,Palearctic
400,acid_nh3,cf_mean,5.267315,Southeast US mixed woodlands and savannas,8.0,"Temperate Grasslands, Savannas & Shrublands",Nearctic
399,acid_nh3,cf_mean,4.4342594,Southeast US conifer savannas,8.0,"Temperate Grasslands, Savannas & Shrublands",Nearctic
803,acid_nh3,cf_mean,0.9425231,Southeast Iberian shrubs and woodlands,12.0,"Mediterranean Forests, Woodlands & Scrub",Palearctic
299,acid_nh3,cf_mean,0.50207746,Southeast Indochina dry evergreen forests,2.0,Tropical & Subtropical Dry Broadleaf Forests,Indomalayan
153,acid_nh3,cf_mean,0.12470853,Southeast Papuan rain forests,1.0,Tropical & Subtropical Moist Broadleaf Forests,Australasia
57,acid_nh3,cf_mean,0.5588018,Southern Acacia-Commiphora bushlands and thickets,7.0,"Tropical & Subtropical Grasslands, Savannas & Shrublands",Afrotropic
116,acid_nh3,cf_mean,0.47157952,Southern Africa mangroves,14.0,Mangroves,Afrotropic
804,acid_nh3,cf_mean,1.184369,Southern Anatolian montane conifer and deciduous forests,12.0,"Mediterranean Forests, Woodlands & Scrub",Palearctic
595,acid_nh3,cf_mean,1.4689186,Southern Andean steppe,10.0,Montane Grasslands & Shrublands,Neotropic
504,acid_nh3,cf_mean,0.8082508,Southern Andean Yungas,1.0,Tropical & Subtropical Moist Broadleaf Forests,Neotropic
272,acid_nh3,cf_mean,0.56552476,Southern Annamites montane rain forests,1.0,Tropical & Subtropical Moist Broadleaf Forests,Indomalayan
616,acid_nh3,cf_mean,0.7979074,Southern Atlantic Brazilian mangroves,14.0,Mangroves,Neotropic
586,acid_nh3,cf_mean,0.46786547,Southern Cone Mesopotamian savanna,9.0,Flooded Grasslands & Savannas,Neotropic
58,acid_nh3,cf_mean,1.3220456,Southern Congolian forest-savanna,7.0,"Tropical & Subtropical Grasslands, Savannas & Shrublands",Afrotropic
342,acid_nh3,cf_mean,5.7627234,Southern Great Lakes forests,4.0,Temperate Broadleaf & Mixed Forests,Nearctic
382,acid_nh3,cf_mean,5.5683007,Southern Hudson Bay taiga,6.0,Boreal Forests/Taiga,Nearctic
681,acid_nh3,cf_mean,1.5276856,Southern Korea evergreen forests,4.0,Temperate Broadleaf & Mixed Forests,Palearctic
617,acid_nh3,cf_mean,0.57396185,Southern Mesoamerican Pacific mangroves,14.0,Mangroves,Neotropic
154,acid_nh3,cf_mean,0.16226281,Southern New Guinea freshwater swamp forests,1.0,Tropical & Subtropical Moist Broadleaf Forests,Australasia
155,acid_nh3,cf_mean,0.19398504,Southern New Guinea lowland rain forests,1.0,Tropical & Subtropical Moist Broadleaf Forests,Australasia
547,acid_nh3,cf_mean,0.8148321,Southern Pacific dry forests,2.0,Tropical & Subtropical Dry Broadleaf Forests,Neotropic
87,acid_nh3,cf_mean,0.8642093,Southern Rift Montane forest-grassland,10.0,Montane Grasslands & Shrublands,Afrotropic
28,acid_nh3,cf_mean,0.7493735,Southern Swahili coastal forests and woodlands,1.0,Tropical & Subtropical Moist Broadleaf Forests,Afrotropic
300,acid_nh3,cf_mean,0.57407135,Southern Vietnam lowland dry forests,2.0,Tropical & Subtropical Dry Broadleaf Forests,Indomalayan
505,acid_nh3,cf_mean,1.2162914,Southwest Amazon moist forests,1.0,Tropical & Subtropical Moist Broadleaf Forests,Neotropic
108,acid_nh3,cf_mean,2.0497854,Southwest Arabian Escarpment shrublands and woodlands,13.0,Deserts & Xeric Shrublands,Afrotropic
109,acid_nh3,cf_mean,2.937222,Southwest Arabian highland xeric scrub,13.0,Deserts & Xeric Shrublands,Afrotropic
205,acid_nh3,cf_mean,0.17934641,Southwest Australia savanna,12.0,"Mediterranean Forests, Woodlands & Scrub",Australasia
206,acid_nh3,cf_mean,0.27052516,Southwest Australia woodlands,12.0,"Mediterranean Forests, Woodlands & Scrub",Australasia
273,acid_nh3,cf_mean,0.38041434,Southwest Borneo freshwater swamp forests,1.0,Tropical & Subtropical Moist Broadleaf Forests,Indomalayan
805,acid_nh3,cf_mean,1.0274045,Southwest Iberian Mediterranean sclerophyllous and mixed forests,12.0,"Mediterranean Forests, Woodlands & Scrub",Palearctic
301,acid_nh3,cf_mean,0.20760457,Sri Lanka dry-zone dry evergreen forests,2.0,Tropical & Subtropical Dry Broadleaf Forests,Indomalayan
274,acid_nh3,cf_mean,0.2051328,Sri Lanka lowland rain forests,1.0,Tropical & Subtropical Moist Broadleaf Forests,Indomalayan
275,acid_nh3,cf_mean,0.20708962,Sri Lanka montane rain forests,1.0,Tropical & Subtropical Moist Broadleaf Forests,Indomalayan
609,acid_nh3,cf_mean,0.24698418,St. Peter and St. Paul Rocks,13.0,Deserts & Xeric Shrublands,Neotropic
110,acid_nh3,cf_mean,0.31263605,Succulent Karoo xeric shrublands,13.0,Deserts & Xeric Shrublands,Afrotropic
74,acid_nh3,cf_mean,0.78191036,Sudd flooded grasslands,9.0,Flooded Grasslands & Savannas,Afrotropic
746,acid_nh3,cf_mean,8.845606,Suiphun-Khanka meadows and forest meadows,9.0,Flooded Grasslands & Savannas,Palearctic
766,acid_nh3,cf_mean,2.5569587,Sulaiman Range alpine meadows,10.0,Montane Grasslands & Shrublands,Palearctic
157,acid_nh3,cf_mean,0.19108483,Sulawesi montane rain forests,1.0,Tropical & Subtropical Moist Broadleaf Forests,Australasia
276,acid_nh3,cf_mean,0.27721968,Sulu Archipelago rain forests,1.0,Tropical & Subtropical Moist Broadleaf Forests,Indomalayan
277,acid_nh3,cf_mean,0.45150757,Sumatran freshwater swamp forests,1.0,Tropical & Subtropical Moist Broadleaf Forests,Indomalayan
278,acid_nh3,cf_mean,0.43942547,Sumatran lowland rain forests,1.0,Tropical & Subtropical Moist Broadleaf Forests,Indomalayan
279,acid_nh3,cf_mean,0.4770399,Sumatran montane rain forests,1.0,Tropical & Subtropical Moist Broadleaf Forests,Indomalayan
280,acid_nh3,cf_mean,0.42616692,Sumatran peat swamp forests,1.0,Tropical & Subtropical Moist Broadleaf Forests,Indomalayan
305,acid_nh3,cf_mean,0.46742034,Sumatran tropical pine forests,3.0,Tropical & Subtropical Coniferous Forests,Indomalayan
165,acid_nh3,cf_mean,0.14441228,Sumba deciduous forests,2.0,Tropical & Subtropical Dry Broadleaf Forests,Australasia
322,acid_nh3,cf_mean,0.35282823,Sunda Shelf mangroves,14.0,Mangroves,Indomalayan
281,acid_nh3,cf_mean,0.33930925,Sundaland heath forests,1.0,Tropical & Subtropical Moist Broadleaf Forests,Indomalayan
282,acid_nh3,cf_mean,0.6156557,Sundarbans freshwater swamp forests,1.0,Tropical & Subtropical Moist Broadleaf Forests,Indomalayan
323,acid_nh3,cf_mean,0.6069077,Sundarbans mangroves,14.0,Mangroves,Indomalayan
739,acid_nh3,cf_mean,1.3418567,Syrian xeric grasslands and shrublands,8.0,"Temperate Grasslands, Savannas & Shrublands",Palearctic
682,acid_nh3,cf_mean,1.3433363,Taiheiyo evergreen forests,4.0,Temperate Broadleaf & Mixed Forests,Palearctic
683,acid_nh3,cf_mean,1.7681683,Taiheiyo montane deciduous forests,4.0,Temperate Broadleaf & Mixed Forests,Palearctic
781,acid_nh3,cf_mean,0.12291712,Taimyr-Central Siberian tundra,11.0,Tundra,Palearctic
283,acid_nh3,cf_mean,1.0135103,Taiwan subtropical evergreen forests,1.0,Tropical & Subtropical Moist Broadleaf Forests,Indomalayan
843,acid_nh3,cf_mean,7.216469,Taklimakan desert,13.0,Deserts & Xeric Shrublands,Palearctic
506,acid_nh3,cf_mean,0.6326365,Talamancan montane forests,1.0,Tropical & Subtropical Moist Broadleaf Forests,Neotropic
436,acid_nh3,cf_mean,1.0875037,Tamaulipan matorral,13.0,Deserts & Xeric Shrublands,Nearctic
437,acid_nh3,cf_mean,1.24666,Tamaulipan mezquital,13.0,Deserts & Xeric Shrublands,Nearctic
507,acid_nh3,cf_mean,1.6511012,Tapajós-Xingu moist forests,1.0,Tropical & Subtropical Moist Broadleaf Forests,Neotropic
684,acid_nh3,cf_mean,5.890675,Tarim Basin deciduous forests and steppe,4.0,Temperate Broadleaf & Mixed Forests,Palearctic
177,acid_nh3,cf_mean,1.1324565,Tasmanian Central Highland forests,4.0,Temperate Broadleaf & Mixed Forests,Australasia
178,acid_nh3,cf_mean,0.4640998,Tasmanian temperate forests,4.0,Temperate Broadleaf & Mixed Forests,Australasia
179,acid_nh3,cf_mean,0.8537644,Tasmanian temperate rain forests,4.0,Temperate Broadleaf & Mixed Forests,Australasia
610,acid_nh3,cf_mean,1.8020325,Tehuacán Valley matorral,13.0,Deserts & Xeric Shrublands,Neotropic
284,acid_nh3,cf_mean,0.419834,Tenasserim-South Thailand semi-evergreen rain forests,1.0,Tropical & Subtropical Moist Broadleaf Forests,Indomalayan
311,acid_nh3,cf_mean,1.2152733,Terai-Duar savanna and grasslands,7.0,"Tropical & Subtropical Grasslands, Savannas & Shrublands",Indomalayan
401,acid_nh3,cf_mean,1.6942815,Texas blackland prairies,8.0,"Temperate Grasslands, Savannas & Shrublands",Nearctic
318,acid_nh3,cf_mean,4.2758656,Thar desert,13.0,Deserts & Xeric Shrublands,Indomalayan
740,acid_nh3,cf_mean,11.850284,Tian Shan foothill arid steppe,8.0,"Temperate Grasslands, Savannas & Shrublands",Palearctic
709,acid_nh3,cf_mean,12.555204,Tian Shan montane conifer forests,5.0,Temperate Conifer Forests,Palearctic
767,acid_nh3,cf_mean,11.974238,Tian Shan montane steppe and meadows,10.0,Montane Grasslands & Shrublands,Palearctic
844,acid_nh3,cf_mean,1.122119,Tibesti-Jebel Uweinat montane xeric woodlands,13.0,Deserts & Xeric Shrublands,Palearctic
768,acid_nh3,cf_mean,2.5269966,Tibetan Plateau alpine shrublands and meadows,10.0,Montane Grasslands & Shrublands,Palearctic
747,acid_nh3,cf_mean,1.5593536,Tigris-Euphrates alluvial salt marsh,9.0,Flooded Grasslands & Savannas,Palearctic
166,acid_nh3,cf_mean,0.15667343,Timor and Wetar deciduous forests,2.0,Tropical & Subtropical Dry Broadleaf Forests,Australasia
215,acid_nh3,cf_mean,0.20241322,Tirari-Sturt stony desert,13.0,Deserts & Xeric Shrublands,Australasia
631,acid_nh3,cf_mean,0.010131938,Tongan tropical moist forests,1.0,Tropical & Subtropical Moist Broadleaf Forests,Oceania
286,acid_nh3,cf_mean,0.4269198,Tonle Sap-Mekong peat swamp forests,1.0,Tropical & Subtropical Moist Broadleaf Forests,Indomalayan
285,acid_nh3,cf_mean,0.43534154,Tonle Sap freshwater swamp forests,1.0,Tropical & Subtropical Moist Broadleaf Forests,Indomalayan
421,acid_nh3,cf_mean,2.1397746,Torngat Mountain tundra,11.0,Tundra,Nearctic
782,acid_nh3,cf_mean,3.1837473,Trans-Baikal Bald Mountain tundra,11.0,Tundra,Palearctic
718,acid_nh3,cf_mean,1.2743855,Trans-Baikal conifer forests,6.0,Boreal Forests/Taiga,Palearctic
559,acid_nh3,cf_mean,1.418725,Trans-Mexican Volcanic Belt pine-oak forests,3.0,Tropical & Subtropical Coniferous Forests,Neotropic
188,acid_nh3,cf_mean,0.16390586,Trans Fly savanna and grasslands,7.0,"Tropical & Subtropical Grasslands, Savannas & Shrublands",Australasia
510,acid_nh3,cf_mean,0.59356934,Trinidad and Tobago moist forest,1.0,Tropical & Subtropical Moist Broadleaf Forests,Neotropic
68,acid_nh3,cf_mean,0.04852586,Tristan Da Cunha-Gough Islands shrub and grasslands,8.0,"Temperate Grasslands, Savannas & Shrublands",Afrotropic
158,acid_nh3,cf_mean,0.06593307,Trobriand Islands rain forests,1.0,Tropical & Subtropical Moist Broadleaf Forests,Australasia
632,acid_nh3,cf_mean,0.0008160626,Tuamotu tropical moist forests,1.0,Tropical & Subtropical Moist Broadleaf Forests,Oceania
633,acid_nh3,cf_mean,0.0013025418,Tubuai tropical moist forests,1.0,Tropical & Subtropical Moist Broadleaf Forests,Oceania
549,acid_nh3,cf_mean,0.7733336,Tumbes-Piura dry forests,2.0,Tropical & Subtropical Dry Broadleaf Forests,Neotropic
806,acid_nh3,cf_mean,2.109643,Tyrrhenian-Adriatic sclerophyllous and mixed forests,12.0,"Mediterranean Forests, Woodlands & Scrub",Palearctic
511,acid_nh3,cf_mean,1.5214884,Uatumã-Trombetas moist forests,1.0,Tropical & Subtropical Moist Broadleaf Forests,Neotropic
512,acid_nh3,cf_mean,1.8738261,Ucayali moist forests,1.0,Tropical & Subtropical Moist Broadleaf Forests,Neotropic
287,acid_nh3,cf_mean,1.1203598,Upper Gangetic Plains moist deciduous forests,1.0,Tropical & Subtropical Moist Broadleaf Forests,Indomalayan
343,acid_nh3,cf_mean,4.6949883,Upper Midwest US forest-savanna transition,4.0,Temperate Broadleaf & Mixed Forests,Nearctic
719,acid_nh3,cf_mean,7.0845346,Urals montane forest and taiga,6.0,Boreal Forests/Taiga,Palearctic
574,acid_nh3,cf_mean,0.3877587,Uruguayan savanna,7.0,"Tropical & Subtropical Grasslands, Savannas & Shrublands",Neotropic
685,acid_nh3,cf_mean,11.17984,Ussuri broadleaf and mixed forests,4.0,Temperate Broadleaf & Mixed Forests,Palearctic
563,acid_nh3,cf_mean,1.6086094,Valdivian temperate forests,4.0,Temperate Broadleaf & Mixed Forests,Neotropic
159,acid_nh3,cf_mean,0.026549261,Vanuatu rain forests,1.0,Tropical & Subtropical Moist Broadleaf Forests,Australasia
513,acid_nh3,cf_mean,0.51353055,Venezuelan Andes montane forests,1.0,Tropical & Subtropical Moist Broadleaf Forests,Neotropic
550,acid_nh3,cf_mean,1.5280199,Veracruz dry forests,2.0,Tropical & Subtropical Dry Broadleaf Forests,Neotropic
514,acid_nh3,cf_mean,1.1627574,Veracruz moist forests,1.0,Tropical & Subtropical Moist Broadleaf Forests,Neotropic
515,acid_nh3,cf_mean,2.0189312,Veracruz montane forests,1.0,Tropical & Subtropical Moist Broadleaf Forests,Neotropic
189,acid_nh3,cf_mean,1.4047289,Victoria Plains tropical savanna,7.0,"Tropical & Subtropical Grasslands, Savannas & Shrublands",Australasia
161,acid_nh3,cf_mean,0.16394547,Vogelkop-Aru lowland rain forests,1.0,Tropical & Subtropical Moist Broadleaf Forests,Australasia
160,acid_nh3,cf_mean,0.15622517,Vogelkop montane rain forests,1.0,Tropical & Subtropical Moist Broadleaf Forests,Australasia
368,acid_nh3,cf_mean,2.5679977,Wasatch and Uinta montane forests,5.0,Temperate Conifer Forests,Nearctic
383,acid_nh3,cf_mean,2.1564748,Watson Highlands taiga,6.0,Boreal Forests/Taiga,Nearctic
845,acid_nh3,cf_mean,1.0177039,West Sahara desert,13.0,Deserts & Xeric Shrublands,Palearctic
846,acid_nh3,cf_mean,1.061743,West Saharan montane xeric woodlands,13.0,Deserts & Xeric Shrublands,Palearctic
720,acid_nh3,cf_mean,2.340936,West Siberian taiga,6.0,Boreal Forests/Taiga,Palearctic
62,acid_nh3,cf_mean,0.7286363,West Sudanian savanna,7.0,"Tropical & Subtropical Grasslands, Savannas & Shrublands",Afrotropic
216,acid_nh3,cf_mean,0.23958704,Western Australian Mulga shrublands,13.0,Deserts & Xeric Shrublands,Australasia
29,acid_nh3,cf_mean,1.4701389,Western Congolian swamp forests,1.0,Tropical & Subtropical Moist Broadleaf Forests,Afrotropic
516,acid_nh3,cf_mean,1.0270574,Western Ecuador moist forests,1.0,Tropical & Subtropical Moist Broadleaf Forests,Neotropic
686,acid_nh3,cf_mean,5.77895,Western European broadleaf forests,4.0,Temperate Broadleaf & Mixed Forests,Palearctic
344,acid_nh3,cf_mean,10.302739,Western Great Lakes forests,4.0,Temperate Broadleaf & Mixed Forests,Nearctic
30,acid_nh3,cf_mean,1.444979,Western Guinean lowland forests,1.0,Tropical & Subtropical Moist Broadleaf Forests,Afrotropic
384,acid_nh3,cf_mean,1.4748596,Western Gulf coastal grasslands,7.0,"Tropical & Subtropical Grasslands, Savannas & Shrublands",Nearctic
769,acid_nh3,cf_mean,2.5697439,Western Himalayan alpine shrub and meadows,10.0,Montane Grasslands & Shrublands,Palearctic
308,acid_nh3,cf_mean,2.957523,Western Himalayan broadleaf forests,4.0,Temperate Broadleaf & Mixed Forests,Indomalayan
310,acid_nh3,cf_mean,3.2479076,Western Himalayan subalpine conifer forests,5.0,Temperate Conifer Forests,Indomalayan
288,acid_nh3,cf_mean,0.2632888,Western Java montane rain forests,1.0,Tropical & Subtropical Moist Broadleaf Forests,Indomalayan
289,acid_nh3,cf_mean,0.25578862,Western Java rain forests,1.0,Tropical & Subtropical Moist Broadleaf Forests,Indomalayan
634,acid_nh3,cf_mean,0.008420231,Western Polynesian tropical moist forests,1.0,Tropical & Subtropical Moist Broadleaf Forests,Oceania
402,acid_nh3,cf_mean,2.2566838,Western shortgrass prairie,8.0,"Temperate Grasslands, Savannas & Shrublands",Nearctic
687,acid_nh3,cf_mean,2.3800929,Western Siberian hemiboreal forests,4.0,Temperate Broadleaf & Mixed Forests,Palearctic
180,acid_nh3,cf_mean,0.3241378,Westland temperate forests,4.0,Temperate Broadleaf & Mixed Forests,Australasia
403,acid_nh3,cf_mean,3.9468832,Willamette Valley oak savanna,8.0,"Temperate Grasslands, Savannas & Shrublands",Nearctic
517,acid_nh3,cf_mean,0.58876365,Windward Islands moist forests,1.0,Tropical & Subtropical Moist Broadleaf Forests,Neotropic
783,acid_nh3,cf_mean,0.17681086,Wrangel Island Arctic desert,11.0,Tundra,Palearctic
438,acid_nh3,cf_mean,2.9832518,Wyoming Basin shrub steppe,13.0,Deserts & Xeric Shrublands,Nearctic
518,acid_nh3,cf_mean,1.6180824,Xingu-Tocantins-Araguaia moist forests,1.0,Tropical & Subtropical Moist Broadleaf Forests,Neotropic
784,acid_nh3,cf_mean,0.24074914,Yamal-Gydan tundra,11.0,Tundra,Palearctic
638,acid_nh3,cf_mean,0.19148538,Yap tropical dry forests,2.0,Tropical & Subtropical Dry Broadleaf Forests,Oceania
162,acid_nh3,cf_mean,0.14404298,Yapen rain forests,1.0,Tropical & Subtropical Moist Broadleaf Forests,Australasia
770,acid_nh3,cf_mean,2.4685402,Yarlung Zanbo arid steppe,10.0,Montane Grasslands & Shrublands,Palearctic
748,acid_nh3,cf_mean,1.1253057,Yellow Sea saline meadow,9.0,Flooded Grasslands & Savannas,Palearctic
551,acid_nh3,cf_mean,0.8523122,Yucatán dry forests,2.0,Tropical & Subtropical Dry Broadleaf Forests,Neotropic
519,acid_nh3,cf_mean,0.7372595,Yucatán moist forests,1.0,Tropical & Subtropical Moist Broadleaf Forests,Neotropic
643,acid_nh3,cf_mean,1.7443008,Yunnan Plateau subtropical evergreen forests,1.0,Tropical & Subtropical Moist Broadleaf Forests,Palearctic
688,acid_nh3,cf_mean,1.6479965,Zagros Mountains forest steppe,4.0,Temperate Broadleaf & Mixed Forests,Palearctic
66,acid_nh3,cf_mean,0.7601459,Zambezian-Limpopo mixed woodlands,7.0,"Tropical & Subtropical Grasslands, Savannas & Shrublands",Afrotropic
64,acid_nh3,cf_mean,0.5920143,Zambezian Baikiaea woodlands,7.0,"Tropical & Subtropical Grasslands, Savannas & Shrublands",Afrotropic
75,acid_nh3,cf_mean,0.72648746,Zambezian coastal flooded savanna,9.0,Flooded Grasslands & Savannas,Afrotropic
42,acid_nh3,cf_mean,0.6893457,Dry miombo woodlands,7.0,"Tropical & Subtropical Grasslands, Savannas & Shrublands",Afrotropic
33,acid_nh3,cf_mean,0.712404,Zambezian evergreen dry forests,2.0,Tropical & Subtropical Dry Broadleaf Forests,Afrotropic
76,acid_nh3,cf_mean,0.74226636,Zambezian flooded grasslands,9.0,Flooded Grasslands & Savannas,Afrotropic
65,acid_nh3,cf_mean,1.3165951,Zambezian mopane woodlands,7.0,"Tropical & Subtropical Grasslands, Savannas & Shrublands",Afrotropic
524,acid_nh3,cf_mean,2.0972435,Brazilian Atlantic dry forests,2.0,Tropical & Subtropical Dry Broadleaf Forests,Neotropic
380,acid_nh3,cf_mean,3.4706352,Northern Cordillera forests,6.0,Boreal Forests/Taiga,Nearctic
60,acid_nh3,cf_mean,0.14067242,St. Helena scrub and woodlands,7.0,"Tropical & Subtropical Grasslands, Savannas & Shrublands",Afrotropic
61,acid_nh3,cf_mean,0.9246763,Victoria Basin forest-savanna,7.0,"Tropical & Subtropical Grasslands, Savannas & Shrublands",Afrotropic
63,acid_nh3,cf_mean,1.2574449,Western Congolian forest-savanna,7.0,"Tropical & Subtropical Grasslands, Savannas & Shrublands",Afrotropic
78,acid_nh3,cf_mean,0.91457695,East African montane moorlands,10.0,Montane Grasslands & Shrublands,Afrotropic
365,acid_nh3,cf_mean,2.1034126,Queen Charlotte Islands conifer forests,5.0,Temperate Conifer Forests,Nearctic
360,acid_nh3,cf_mean,2.4064736,Northern Pacific Alaskan coastal forests,5.0,Temperate Conifer Forests,Nearctic
381,acid_nh3,cf_mean,1.5878835,Northwest Territories taiga,6.0,Boreal Forests/Taiga,Nearctic
107,acid_nh3,cf_mean,1.4455715,Southwest Arabian coastal xeric shrublands,13.0,Deserts & Xeric Shrublands,Afrotropic
811,acid_nh3,cf_mean,5.4642544,Arabian-Persian Gulf coastal plain desert,13.0,Deserts & Xeric Shrublands,Palearctic
840,acid_nh3,cf_mean,1.0705409,South Arabian plains and plateau desert,13.0,Deserts & Xeric Shrublands,Palearctic
809,acid_nh3,cf_mean,3.8174183,Arabian desert,13.0,Deserts & Xeric Shrublands,Palearctic
552,acid_nh3,cf_mean,0.97956115,Bahamian pineyards,3.0,Tropical & Subtropical Coniferous Forests,Neotropic
96,acid_nh3,cf_mean,0.5122951,Ile Europa and Bassas da India xeric scrub,13.0,Deserts & Xeric Shrublands,Afrotropic
773,acid_nh3,cf_mean,2.898653,Kamchatka tundra,11.0,Tundra,Palearctic
508,acid_nh3,cf_mean,1.3009984,Tocantins/Pindare moist forests,1.0,Tropical & Subtropical Moist Broadleaf Forests,Neotropic
417,acid_nh3,cf_mean,0.2623906,Kalaallit Nunaat Arctic steppe,11.0,Tundra,Nearctic
358,acid_nh3,cf_mean,21.958492,North Cascades conifer forests,5.0,Temperate Conifer Forests,Nearctic
361,acid_nh3,cf_mean,11.309373,Northern Rockies conifer forests,5.0,Temperate Conifer Forests,Nearctic
509,acid_nh3,cf_mean,0.39589998,Trindade-Martin Vaz Islands tropical forests,1.0,Tropical & Subtropical Moist Broadleaf Forests,Neotropic
59,acid_nh3,cf_mean,2.7085092,Southwest Arabian montane woodlands and grasslands,7.0,"Tropical & Subtropical Grasslands, Savannas & Shrublands",Afrotropic
56,acid_nh3,cf_mean,0.884775,"South Arabian fog woodlands, shrublands, and dune",7.0,"Tropical & Subtropical Grasslands, Savannas & Shrublands",Afrotropic
548,acid_nh3,cf_mean,0.59359455,Trinidad and Tobago dry forest,2.0,Tropical & Subtropical Dry Broadleaf Forests,Neotropic
537,acid_nh3,cf_mean,0.5894977,Lesser Antillean dry forests,2.0,Tropical & Subtropical Dry Broadleaf Forests,Neotropic
672,acid_nh3,cf_mean,0.8111551,North Atlantic moist mixed forests,4.0,Temperate Broadleaf & Mixed Forests,Palearctic
156,acid_nh3,cf_mean,0.1917767,Sulawesi lowland rain forests,1.0,Tropical & Subtropical Moist Broadleaf Forests,Australasia
8,acid_nh3,cf_mean,0.93480194,East African montane forests,1.0,Tropical & Subtropical Moist Broadleaf Forests,Afrotropic
9,acid_nh3,cf_mean,0.50451803,Eastern Arc forests,1.0,Tropical & Subtropical Moist Broadleaf Forests,Afrotropic
220,acid_nh3,cf_mean,0.30269477,Borneo montane rain forests,1.0,Tropical & Subtropical Moist Broadleaf Forests,Indomalayan
313,acid_nh3,cf_mean,0.3236841,Kinabalu montane alpine meadows,10.0,Montane Grasslands & Shrublands,Indomalayan
135,acid_nh3,cf_median,0.08379818,Admiralty Islands lowland rain forests,1.0,Tropical & Subtropical Moist Broadleaf Forests,Australasia
785,acid_nh3,cf_median,1.2271397,Aegean and Western Turkey sclerophyllous and mixed forests,12.0,"Mediterranean Forests, Woodlands & Scrub",Palearctic
807,acid_nh3,cf_median,5.258521,Afghan Mountains semi-desert,13.0,Deserts & Xeric Shrublands,Palearctic
404,acid_nh3,cf_median,1.3197175,Ahklun and Kilbuck Upland Tundra,11.0,Tundra,Nearctic
722,acid_nh3,cf_median,1.417501,Al-Hajar foothill xeric woodlands and shrublands,8.0,"Temperate Grasslands, Savannas & Shrublands",Palearctic
723,acid_nh3,cf_median,1.417501,Al-Hajar montane woodlands and shrublands,8.0,"Temperate Grasslands, Savannas & Shrublands",Palearctic
721,acid_nh3,cf_median,3.3722978,Alai-Western Tian Shan steppe,8.0,"Temperate Grasslands, Savannas & Shrublands",Palearctic
808,acid_nh3,cf_median,1.7365607,Alashan Plateau semi-desert,13.0,Deserts & Xeric Shrublands,Palearctic
405,acid_nh3,cf_median,3.930869,Alaska-St. Elias Range tundra,11.0,Tundra,Nearctic
369,acid_nh3,cf_median,1.1974546,Alaska Peninsula montane taiga,6.0,Boreal Forests/Taiga,Nearctic
88,acid_nh3,cf_median,0.28406733,Albany thickets,12.0,"Mediterranean Forests, Woodlands & Scrub",Afrotropic
345,acid_nh3,cf_median,3.929659,Alberta-British Columbia foothills forests,5.0,Temperate Conifer Forests,Nearctic
1,acid_nh3,cf_median,0.9032313,Albertine Rift montane forests,1.0,Tropical & Subtropical Moist Broadleaf Forests,Afrotropic
91,acid_nh3,cf_median,0.36793575,Aldabra Island xeric scrub,13.0,Deserts & Xeric Shrublands,Afrotropic
406,acid_nh3,cf_median,0.05269487,Aleutian Islands tundra,11.0,Tundra,Nearctic
328,acid_nh3,cf_median,10.101882,Allegheny Highlands forests,4.0,Temperate Broadleaf & Mixed Forests,Nearctic
689,acid_nh3,cf_median,7.2155037,Alps conifer and mixed forests,5.0,Temperate Conifer Forests,Palearctic
749,acid_nh3,cf_median,5.828141,Altai alpine meadow and tundra,10.0,Montane Grasslands & Shrublands,Palearctic
690,acid_nh3,cf_median,3.3401787,Altai montane forest and forest steppe,5.0,Temperate Conifer Forests,Palearctic
724,acid_nh3,cf_median,6.0224395,Altai steppe and semi-desert,8.0,"Temperate Grasslands, Savannas & Shrublands",Palearctic
439,acid_nh3,cf_median,0.9016813,Alto Paraná Atlantic forests,1.0,Tropical & Subtropical Moist Broadleaf Forests,Neotropic
611,acid_nh3,cf_median,0.5956331,Amazon-Orinoco-Southern Caribbean mangroves,14.0,Mangroves,Neotropic
67,acid_nh3,cf_median,0.007396164,Amsterdam-Saint Paul Islands temperate grasslands,8.0,"Temperate Grasslands, Savannas & Shrublands",Afrotropic
741,acid_nh3,cf_median,4.0670934,Amur meadow steppe,9.0,Flooded Grasslands & Savannas,Palearctic
786,acid_nh3,cf_median,1.2939184,Anatolian conifer and deciduous mixed forests,12.0,"Mediterranean Forests, Woodlands & Scrub",Palearctic
218,acid_nh3,cf_median,0.43946642,Andaman Islands rain forests,1.0,Tropical & Subtropical Moist Broadleaf Forests,Indomalayan
77,acid_nh3,cf_median,1.2090911,Angolan montane forest-grassland,10.0,Montane Grasslands & Shrublands,Afrotropic
34,acid_nh3,cf_median,0.45443338,Angolan mopane woodlands,7.0,"Tropical & Subtropical Grasslands, Savannas & Shrublands",Afrotropic
35,acid_nh3,cf_median,0.67413664,Angolan scarp savanna and woodlands,7.0,"Tropical & Subtropical Grasslands, Savannas & Shrublands",Afrotropic
36,acid_nh3,cf_median,1.0001379,Angolan wet miombo woodlands,7.0,"Tropical & Subtropical Grasslands, Savannas & Shrublands",Afrotropic
196,acid_nh3,cf_median,0.050024085,Antipodes Subantarctic Islands tundra,11.0,Tundra,Australasia
331,acid_nh3,cf_median,6.7678514,Appalachian-Blue Ridge forests,4.0,Temperate Broadleaf & Mixed Forests,Nearctic
329,acid_nh3,cf_median,6.7678514,Appalachian mixed mesophytic forests,4.0,Temperate Broadleaf & Mixed Forests,Nearctic
330,acid_nh3,cf_median,6.0434194,Appalachian Piedmont forests,4.0,Temperate Broadleaf & Mixed Forests,Nearctic
644,acid_nh3,cf_median,2.6489491,Appenine deciduous montane forests,4.0,Temperate Broadleaf & Mixed Forests,Palearctic
520,acid_nh3,cf_median,0.5464442,Apure-Villavicencio dry forests,2.0,Tropical & Subtropical Dry Broadleaf Forests,Neotropic
810,acid_nh3,cf_median,1.2916049,Arabian sand desert,13.0,Deserts & Xeric Shrublands,Palearctic
440,acid_nh3,cf_median,0.9445794,Araucaria moist forests,1.0,Tropical & Subtropical Moist Broadleaf Forests,Neotropic
597,acid_nh3,cf_median,0.6929009,Araya and Paria xeric scrub,13.0,Deserts & Xeric Shrublands,Neotropic
407,acid_nh3,cf_median,1.0409105,Arctic coastal tundra,11.0,Tundra,Nearctic
778,acid_nh3,cf_median,0.016884623,Russian Arctic desert,11.0,Tundra,Palearctic
408,acid_nh3,cf_median,1.2771671,Arctic foothills tundra,11.0,Tundra,Nearctic
346,acid_nh3,cf_median,1.7821908,Arizona Mountains forests,5.0,Temperate Conifer Forests,Nearctic
181,acid_nh3,cf_median,0.23980619,Arnhem Land tropical savanna,7.0,"Tropical & Subtropical Grasslands, Savannas & Shrublands",Australasia
37,acid_nh3,cf_median,0.12950584,Ascension scrub and grasslands,7.0,"Tropical & Subtropical Grasslands, Savannas & Shrublands",Afrotropic
598,acid_nh3,cf_median,2.506356,Atacama desert,13.0,Deserts & Xeric Shrublands,Neotropic
441,acid_nh3,cf_median,0.6550685,Atlantic Coast restingas,1.0,Tropical & Subtropical Moist Broadleaf Forests,Neotropic
839,acid_nh3,cf_median,0.8639328,Saharan Atlantic coastal desert,13.0,Deserts & Xeric Shrublands,Palearctic
347,acid_nh3,cf_median,3.1231675,Atlantic coastal pine barrens,5.0,Temperate Conifer Forests,Nearctic
5,acid_nh3,cf_median,1.354989,Congolian coastal forests,1.0,Tropical & Subtropical Moist Broadleaf Forests,Afrotropic
664,acid_nh3,cf_median,2.732383,European Atlantic mixed forests,4.0,Temperate Broadleaf & Mixed Forests,Palearctic
193,acid_nh3,cf_median,0.6910438,Australian Alps montane grasslands,10.0,Montane Grasslands & Shrublands,Australasia
812,acid_nh3,cf_median,2.1528902,Azerbaijan shrub desert and steppe,13.0,Deserts & Xeric Shrublands,Palearctic
645,acid_nh3,cf_median,0.3632452,Azores temperate mixed forests,4.0,Temperate Broadleaf & Mixed Forests,Palearctic
813,acid_nh3,cf_median,5.0323615,Badghyz and Karabil semi-desert,13.0,Deserts & Xeric Shrublands,Palearctic
612,acid_nh3,cf_median,0.9453861,Bahamian-Antillean mangroves,14.0,Mangroves,Neotropic
442,acid_nh3,cf_median,0.83707595,Bahia coastal forests,1.0,Tropical & Subtropical Moist Broadleaf Forests,Neotropic
443,acid_nh3,cf_median,1.696829,Bahia interior forests,1.0,Tropical & Subtropical Moist Broadleaf Forests,Neotropic
426,acid_nh3,cf_median,1.2709571,Baja California desert,13.0,Deserts & Xeric Shrublands,Nearctic
521,acid_nh3,cf_median,1.0901849,Bajío dry forests,2.0,Tropical & Subtropical Dry Broadleaf Forests,Neotropic
646,acid_nh3,cf_median,2.7258487,Balkan mixed forests,4.0,Temperate Broadleaf & Mixed Forests,Palearctic
522,acid_nh3,cf_median,1.2063444,Balsas dry forests,2.0,Tropical & Subtropical Dry Broadleaf Forests,Neotropic
647,acid_nh3,cf_median,4.788508,Baltic mixed forests,4.0,Temperate Broadleaf & Mixed Forests,Palearctic
814,acid_nh3,cf_median,2.381847,Baluchistan xeric woodlands,13.0,Deserts & Xeric Shrublands,Palearctic
136,acid_nh3,cf_median,0.15176444,Banda Sea Islands moist deciduous forests,1.0,Tropical & Subtropical Moist Broadleaf Forests,Australasia
564,acid_nh3,cf_median,0.6314643,Belizian pine savannas,7.0,"Tropical & Subtropical Grasslands, Savannas & Shrublands",Neotropic
565,acid_nh3,cf_median,0.9579187,Beni savanna,7.0,"Tropical & Subtropical Grasslands, Savannas & Shrublands",Neotropic
779,acid_nh3,cf_median,0.13740289,Russian Bering tundra,11.0,Tundra,Palearctic
409,acid_nh3,cf_median,0.99074274,Beringia lowland tundra,11.0,Tundra,Nearctic
410,acid_nh3,cf_median,0.50834197,Beringia upland tundra,11.0,Tundra,Nearctic
325,acid_nh3,cf_median,0.6037995,Bermuda subtropical conifer forests,3.0,Tropical & Subtropical Coniferous Forests,Nearctic
137,acid_nh3,cf_median,0.14125785,Biak-Numfoor rain forests,1.0,Tropical & Subtropical Moist Broadleaf Forests,Australasia
348,acid_nh3,cf_median,3.59583,Blue Mountains forests,5.0,Temperate Conifer Forests,Nearctic
742,acid_nh3,cf_median,1.5566428,Bohai Sea saline meadow,9.0,Flooded Grasslands & Savannas,Palearctic
523,acid_nh3,cf_median,1.367885,Bolivian montane dry forests,2.0,Tropical & Subtropical Dry Broadleaf Forests,Neotropic
444,acid_nh3,cf_median,1.367885,Bolivian Yungas,1.0,Tropical & Subtropical Moist Broadleaf Forests,Neotropic
219,acid_nh3,cf_median,0.3236841,Borneo lowland rain forests,1.0,Tropical & Subtropical Moist Broadleaf Forests,Indomalayan
221,acid_nh3,cf_median,0.31886315,Borneo peat swamp forests,1.0,Tropical & Subtropical Moist Broadleaf Forests,Indomalayan
222,acid_nh3,cf_median,1.2229613,Brahmaputra Valley semi-evergreen forests,1.0,Tropical & Subtropical Moist Broadleaf Forests,Indomalayan
182,acid_nh3,cf_median,0.21051465,Brigalow tropical savanna,7.0,"Tropical & Subtropical Grasslands, Savannas & Shrublands",Australasia
349,acid_nh3,cf_median,5.68671,British Columbia coastal conifer forests,5.0,Temperate Conifer Forests,Nearctic
411,acid_nh3,cf_median,1.7549847,Brooks-British Range tundra,11.0,Tundra,Nearctic
138,acid_nh3,cf_median,0.1572365,Buru rain forests,1.0,Tropical & Subtropical Moist Broadleaf Forests,Australasia
525,acid_nh3,cf_median,0.6074892,Caatinga,2.0,Tropical & Subtropical Dry Broadleaf Forests,Neotropic
445,acid_nh3,cf_median,0.5848156,Caatinga Enclaves moist forests,1.0,Tropical & Subtropical Moist Broadleaf Forests,Neotropic
691,acid_nh3,cf_median,0.6111227,Caledon conifer forests,5.0,Temperate Conifer Forests,Palearctic
385,acid_nh3,cf_median,1.6521142,California Central Valley grasslands,8.0,"Temperate Grasslands, Savannas & Shrublands",Nearctic
422,acid_nh3,cf_median,1.403572,California coastal sage and chaparral,12.0,"Mediterranean Forests, Woodlands & Scrub",Nearctic
423,acid_nh3,cf_median,1.6521142,California interior chaparral and woodlands,12.0,"Mediterranean Forests, Woodlands & Scrub",Nearctic
424,acid_nh3,cf_median,1.3653024,California montane chaparral and woodlands,12.0,"Mediterranean Forests, Woodlands & Scrub",Nearctic
2,acid_nh3,cf_median,0.92039996,Cameroon Highlands forests,1.0,Tropical & Subtropical Moist Broadleaf Forests,Afrotropic
566,acid_nh3,cf_median,1.8127108,Campos Rupestres montane savanna,7.0,"Tropical & Subtropical Grasslands, Savannas & Shrublands",Neotropic
386,acid_nh3,cf_median,2.751648,Canadian Aspen forests and parklands,8.0,"Temperate Grasslands, Savannas & Shrublands",Nearctic
413,acid_nh3,cf_median,1.4230973,Canadian Low Arctic tundra,11.0,Tundra,Nearctic
787,acid_nh3,cf_median,0.6750947,Canary Islands dry woodlands and forests,12.0,"Mediterranean Forests, Woodlands & Scrub",Palearctic
648,acid_nh3,cf_median,1.3510802,Cantabrian mixed forests,4.0,Temperate Broadleaf & Mixed Forests,Palearctic
190,acid_nh3,cf_median,0.37374803,Canterbury-Otago tussock grasslands,8.0,"Temperate Grasslands, Savannas & Shrublands",Australasia
31,acid_nh3,cf_median,0.5003339,Cape Verde Islands dry forests,2.0,Tropical & Subtropical Dry Broadleaf Forests,Afrotropic
183,acid_nh3,cf_median,0.31454068,Cape York Peninsula tropical savanna,7.0,"Tropical & Subtropical Grasslands, Savannas & Shrublands",Australasia
446,acid_nh3,cf_median,1.2105219,Caqueta moist forests,1.0,Tropical & Subtropical Moist Broadleaf Forests,Neotropic
223,acid_nh3,cf_median,0.46983266,Cardamom Mountains rain forests,1.0,Tropical & Subtropical Moist Broadleaf Forests,Indomalayan
599,acid_nh3,cf_median,0.58770454,Caribbean shrublands,13.0,Deserts & Xeric Shrublands,Neotropic
207,acid_nh3,cf_median,0.15587926,Carnarvon xeric shrublands,13.0,Deserts & Xeric Shrublands,Australasia
618,acid_nh3,cf_median,0.03927779,Carolines tropical moist forests,1.0,Tropical & Subtropical Moist Broadleaf Forests,Oceania
692,acid_nh3,cf_median,6.9725685,Carpathian montane forests,5.0,Temperate Conifer Forests,Palearctic
184,acid_nh3,cf_median,0.31986234,Carpentaria tropical savanna,7.0,"Tropical & Subtropical Grasslands, Savannas & Shrublands",Australasia
649,acid_nh3,cf_median,2.443064,Caspian Hyrcanian mixed forests,4.0,Temperate Broadleaf & Mixed Forests,Palearctic
815,acid_nh3,cf_median,1.3318967,Caspian lowland desert,13.0,Deserts & Xeric Shrublands,Palearctic
447,acid_nh3,cf_median,0.5464442,Catatumbo moist forests,1.0,Tropical & Subtropical Moist Broadleaf Forests,Neotropic
526,acid_nh3,cf_median,1.4407234,Cauca Valley dry forests,2.0,Tropical & Subtropical Dry Broadleaf Forests,Neotropic
448,acid_nh3,cf_median,1.4067867,Cauca Valley montane forests,1.0,Tropical & Subtropical Moist Broadleaf Forests,Neotropic
650,acid_nh3,cf_median,4.3288927,Caucasus mixed forests,4.0,Temperate Broadleaf & Mixed Forests,Palearctic
449,acid_nh3,cf_median,0.5238595,Cayos Miskitos-San Andrés and Providencia moist forests,1.0,Tropical & Subtropical Moist Broadleaf Forests,Neotropic
651,acid_nh3,cf_median,0.98222244,Celtic broadleaf forests,4.0,Temperate Broadleaf & Mixed Forests,Palearctic
816,acid_nh3,cf_median,2.8303757,Central Afghan Mountains xeric woodlands,13.0,Deserts & Xeric Shrublands,Palearctic
111,acid_nh3,cf_median,0.5671742,Central African mangroves,14.0,Mangroves,Afrotropic
450,acid_nh3,cf_median,0.59162056,Central American Atlantic moist forests,1.0,Tropical & Subtropical Moist Broadleaf Forests,Neotropic
527,acid_nh3,cf_median,0.5047313,Central American dry forests,2.0,Tropical & Subtropical Dry Broadleaf Forests,Neotropic
451,acid_nh3,cf_median,0.55609584,Central American montane forests,1.0,Tropical & Subtropical Moist Broadleaf Forests,Neotropic
553,acid_nh3,cf_median,0.55609584,Central American pine-oak forests,3.0,Tropical & Subtropical Coniferous Forests,Neotropic
725,acid_nh3,cf_median,1.1761872,Central Anatolian steppe,8.0,"Temperate Grasslands, Savannas & Shrublands",Palearctic
652,acid_nh3,cf_median,1.1761872,Central Anatolian steppe and woodlands,4.0,Temperate Broadleaf & Mixed Forests,Palearctic
352,acid_nh3,cf_median,3.59583,Central-Southern Cascades Forests,5.0,Temperate Conifer Forests,Nearctic
389,acid_nh3,cf_median,2.1851737,Central-Southern US mixed grasslands,8.0,"Temperate Grasslands, Savannas & Shrublands",Nearctic
587,acid_nh3,cf_median,2.3738518,Central Andean dry puna,10.0,Montane Grasslands & Shrublands,Neotropic
588,acid_nh3,cf_median,1.5507295,Central Andean puna,10.0,Montane Grasslands & Shrublands,Neotropic
589,acid_nh3,cf_median,2.6396656,Central Andean wet puna,10.0,Montane Grasslands & Shrublands,Neotropic
817,acid_nh3,cf_median,2.1739485,Central Asian northern desert,13.0,Deserts & Xeric Shrublands,Palearctic
818,acid_nh3,cf_median,1.7983229,Central Asian riparian woodlands,13.0,Deserts & Xeric Shrublands,Palearctic
819,acid_nh3,cf_median,2.4209504,Central Asian southern desert,13.0,Deserts & Xeric Shrublands,Palearctic
350,acid_nh3,cf_median,4.821502,Central British Columbia Mountain forests,5.0,Temperate Conifer Forests,Nearctic
38,acid_nh3,cf_median,2.272054,Central bushveld,7.0,"Tropical & Subtropical Grasslands, Savannas & Shrublands",Afrotropic
370,acid_nh3,cf_median,11.040333,Central Canadian Shield forests,6.0,Boreal Forests/Taiga,Nearctic
653,acid_nh3,cf_median,2.9329233,Central China Loess Plateau mixed forests,4.0,Temperate Broadleaf & Mixed Forests,Palearctic
3,acid_nh3,cf_median,1.2554857,Central Congolian lowland forests,1.0,Tropical & Subtropical Moist Broadleaf Forests,Afrotropic
290,acid_nh3,cf_median,0.42513326,Central Deccan Plateau dry deciduous forests,2.0,Tropical & Subtropical Dry Broadleaf Forests,Indomalayan
654,acid_nh3,cf_median,3.5299637,Central European mixed forests,4.0,Temperate Broadleaf & Mixed Forests,Palearctic
387,acid_nh3,cf_median,3.5646112,Central US forest-grasslands transition,8.0,"Temperate Grasslands, Savannas & Shrublands",Nearctic
291,acid_nh3,cf_median,0.53142107,Central Indochina dry forests,2.0,Tropical & Subtropical Dry Broadleaf Forests,Indomalayan
655,acid_nh3,cf_median,2.32006,Central Korean deciduous forests,4.0,Temperate Broadleaf & Mixed Forests,Palearctic
427,acid_nh3,cf_median,0.92955565,Central Mexican matorral,13.0,Deserts & Xeric Shrublands,Nearctic
351,acid_nh3,cf_median,3.8296242,Central Pacific Northwest coastal forests,5.0,Temperate Conifer Forests,Nearctic
820,acid_nh3,cf_median,1.7389336,Central Persian desert basins,13.0,Deserts & Xeric Shrublands,Palearctic
619,acid_nh3,cf_median,0.0031253002,Central Polynesian tropical moist forests,1.0,Tropical & Subtropical Moist Broadleaf Forests,Oceania
139,acid_nh3,cf_median,0.34142604,Central Range Papuan montane rain forests,1.0,Tropical & Subtropical Moist Broadleaf Forests,Australasia
195,acid_nh3,cf_median,0.34802857,Papuan Central Range sub-alpine grasslands,10.0,Montane Grasslands & Shrublands,Australasia
208,acid_nh3,cf_median,0.4194497,Central Ranges xeric scrub,13.0,Deserts & Xeric Shrublands,Australasia
388,acid_nh3,cf_median,2.6021612,Central Tallgrass prairie,8.0,"Temperate Grasslands, Savannas & Shrublands",Nearctic
750,acid_nh3,cf_median,2.5151987,Central Tibetan Plateau alpine steppe,10.0,Montane Grasslands & Shrublands,Palearctic
39,acid_nh3,cf_median,0.7531962,Central Zambezian wet miombo woodlands,7.0,"Tropical & Subtropical Grasslands, Savannas & Shrublands",Afrotropic
567,acid_nh3,cf_median,1.1117046,Cerrado,7.0,"Tropical & Subtropical Grasslands, Savannas & Shrublands",Neotropic
656,acid_nh3,cf_median,6.2841263,Changbai Mountains mixed forests,4.0,Temperate Broadleaf & Mixed Forests,Palearctic
657,acid_nh3,cf_median,1.8211105,Changjiang Plain evergreen forests,4.0,Temperate Broadleaf & Mixed Forests,Palearctic
224,acid_nh3,cf_median,0.43722004,Chao Phraya freshwater swamp forests,1.0,Tropical & Subtropical Moist Broadleaf Forests,Indomalayan
225,acid_nh3,cf_median,0.43696964,Chao Phraya lowland moist deciduous forests,1.0,Tropical & Subtropical Moist Broadleaf Forests,Indomalayan
167,acid_nh3,cf_median,0.01613201,Chatham Island temperate forests,4.0,Temperate Broadleaf & Mixed Forests,Australasia
771,acid_nh3,cf_median,0.34802473,Cherskii-Kolyma mountain tundra,11.0,Tundra,Palearctic
292,acid_nh3,cf_median,0.64154655,Chhota-Nagpur dry deciduous forests,2.0,Tropical & Subtropical Dry Broadleaf Forests,Indomalayan
528,acid_nh3,cf_median,0.8279329,Chiapas Depression dry forests,2.0,Tropical & Subtropical Dry Broadleaf Forests,Neotropic
452,acid_nh3,cf_median,0.8334279,Chiapas montane forests,1.0,Tropical & Subtropical Moist Broadleaf Forests,Neotropic
428,acid_nh3,cf_median,1.3390477,Chihuahuan desert,13.0,Deserts & Xeric Shrublands,Nearctic
596,acid_nh3,cf_median,1.9221197,Chilean Matorral,12.0,"Mediterranean Forests, Woodlands & Scrub",Neotropic
453,acid_nh3,cf_median,0.8279329,Chimalapas montane forests,1.0,Tropical & Subtropical Moist Broadleaf Forests,Neotropic
226,acid_nh3,cf_median,0.6967364,Chin Hills-Arakan Yoma montane forests,1.0,Tropical & Subtropical Moist Broadleaf Forests,Indomalayan
529,acid_nh3,cf_median,0.8704084,Chiquitano dry forests,2.0,Tropical & Subtropical Dry Broadleaf Forests,Neotropic
454,acid_nh3,cf_median,1.1666551,Chocó-Darién moist forests,1.0,Tropical & Subtropical Moist Broadleaf Forests,Neotropic
227,acid_nh3,cf_median,0.15656723,Christmas and Cocos Islands tropical forests,1.0,Tropical & Subtropical Moist Broadleaf Forests,Indomalayan
772,acid_nh3,cf_median,0.088042624,Chukchi Peninsula tundra,11.0,Tundra,Palearctic
568,acid_nh3,cf_median,0.33776304,Clipperton Island shrub and grasslands,7.0,"Tropical & Subtropical Grasslands, Savannas & Shrublands",Neotropic
455,acid_nh3,cf_median,0.40687168,Cocos Island moist forests,1.0,Tropical & Subtropical Moist Broadleaf Forests,Neotropic
429,acid_nh3,cf_median,2.3087556,Colorado Plateau shrublands,13.0,Deserts & Xeric Shrublands,Nearctic
353,acid_nh3,cf_median,4.2315197,Colorado Rockies forests,5.0,Temperate Conifer Forests,Nearctic
4,acid_nh3,cf_median,0.38874707,Comoros forests,1.0,Tropical & Subtropical Moist Broadleaf Forests,Afrotropic
371,acid_nh3,cf_median,4.6233373,Cook Inlet taiga,6.0,Boreal Forests/Taiga,Nearctic
620,acid_nh3,cf_median,0.0016765861,Cook Islands tropical moist forests,1.0,Tropical & Subtropical Moist Broadleaf Forests,Oceania
197,acid_nh3,cf_median,0.12998345,Coolgardie woodlands,12.0,"Mediterranean Forests, Woodlands & Scrub",Australasia
372,acid_nh3,cf_median,3.786789,Copper Plateau taiga,6.0,Boreal Forests/Taiga,Nearctic
590,acid_nh3,cf_median,1.8837619,Cordillera Central páramo,10.0,Montane Grasslands & Shrublands,Neotropic
591,acid_nh3,cf_median,0.5464442,Cordillera de Merida páramo,10.0,Montane Grasslands & Shrublands,Neotropic
456,acid_nh3,cf_median,0.53032136,Cordillera La Costa montane forests,1.0,Tropical & Subtropical Moist Broadleaf Forests,Neotropic
457,acid_nh3,cf_median,0.92498857,Cordillera Oriental montane forests,1.0,Tropical & Subtropical Moist Broadleaf Forests,Neotropic
788,acid_nh3,cf_median,2.5789807,Corsican montane broadleaf and mixed forests,12.0,"Mediterranean Forests, Woodlands & Scrub",Palearctic
458,acid_nh3,cf_median,0.5047313,Costa Rican seasonal moist forests,1.0,Tropical & Subtropical Moist Broadleaf Forests,Neotropic
789,acid_nh3,cf_median,1.1194763,Crete Mediterranean forests,12.0,"Mediterranean Forests, Woodlands & Scrub",Palearctic
658,acid_nh3,cf_median,1.556921,Crimean Submediterranean forest complex,4.0,Temperate Broadleaf & Mixed Forests,Palearctic
6,acid_nh3,cf_median,0.6385731,Cross-Niger transition forests,1.0,Tropical & Subtropical Moist Broadleaf Forests,Afrotropic
7,acid_nh3,cf_median,0.8758812,Cross-Sanaga-Bioko coastal forests,1.0,Tropical & Subtropical Moist Broadleaf Forests,Afrotropic
390,acid_nh3,cf_median,1.7657055,Cross-Timbers savanna-woodland,8.0,"Temperate Grasslands, Savannas & Shrublands",Nearctic
600,acid_nh3,cf_median,0.72721434,Cuban cactus scrub,13.0,Deserts & Xeric Shrublands,Neotropic
530,acid_nh3,cf_median,0.79198724,Cuban dry forests,2.0,Tropical & Subtropical Dry Broadleaf Forests,Neotropic
459,acid_nh3,cf_median,0.77759564,Cuban moist forests,1.0,Tropical & Subtropical Moist Broadleaf Forests,Neotropic
554,acid_nh3,cf_median,1.6059258,Cuban pine forests,3.0,Tropical & Subtropical Coniferous Forests,Neotropic
579,acid_nh3,cf_median,0.8779019,Cuban wetlands,9.0,Flooded Grasslands & Savannas,Neotropic
790,acid_nh3,cf_median,1.0771359,Cyprus Mediterranean forests,12.0,"Mediterranean Forests, Woodlands & Scrub",Palearctic
693,acid_nh3,cf_median,3.0804827,Da Hinggan-Dzhagdy Mountains conifer forests,5.0,Temperate Conifer Forests,Palearctic
659,acid_nh3,cf_median,3.2568603,Daba Mountains evergreen forests,4.0,Temperate Broadleaf & Mixed Forests,Palearctic
726,acid_nh3,cf_median,1.1100292,Daurian forest steppe,8.0,"Temperate Grasslands, Savannas & Shrublands",Palearctic
415,acid_nh3,cf_median,0.18043402,Davis Highlands tundra,11.0,Tundra,Nearctic
315,acid_nh3,cf_median,0.29424593,Deccan thorn scrub forests,13.0,Deserts & Xeric Shrublands,Indomalayan
660,acid_nh3,cf_median,5.191729,Dinaric Mountains mixed forests,4.0,Temperate Broadleaf & Mixed Forests,Palearctic
92,acid_nh3,cf_median,0.766729,Djibouti xeric shrublands,13.0,Deserts & Xeric Shrublands,Afrotropic
40,acid_nh3,cf_median,0.4518868,Drakensberg Escarpment savanna and thicket,7.0,"Tropical & Subtropical Grasslands, Savannas & Shrublands",Afrotropic
41,acid_nh3,cf_median,0.4518868,Drakensberg grasslands,7.0,"Tropical & Subtropical Grasslands, Savannas & Shrublands",Afrotropic
0,acid_nh3,cf_median,0.0,Rock and Ice,11.0,N/A,N/A
569,acid_nh3,cf_median,0.61506957,Dry Chaco,7.0,"Tropical & Subtropical Grasslands, Savannas & Shrublands",Neotropic
694,acid_nh3,cf_median,2.7389908,East Afghan montane conifer forests,5.0,Temperate Conifer Forests,Palearctic
69,acid_nh3,cf_median,0.5441902,East African halophytics,9.0,Flooded Grasslands & Savannas,Afrotropic
112,acid_nh3,cf_median,0.5239867,East African mangroves,14.0,Mangroves,Afrotropic
821,acid_nh3,cf_median,1.1408709,East Arabian fog shrublands and sand desert,13.0,Deserts & Xeric Shrublands,Palearctic
332,acid_nh3,cf_median,1.549994,East Central Texas forests,4.0,Temperate Broadleaf & Mixed Forests,Nearctic
293,acid_nh3,cf_median,0.19459191,East Deccan dry-evergreen forests,2.0,Tropical & Subtropical Dry Broadleaf Forests,Indomalayan
661,acid_nh3,cf_median,1.609757,East European forest steppe,4.0,Temperate Broadleaf & Mixed Forests,Palearctic
822,acid_nh3,cf_median,1.0862364,East Sahara Desert,13.0,Deserts & Xeric Shrublands,Palearctic
823,acid_nh3,cf_median,1.0717424,East Saharan montane xeric woodlands,13.0,Deserts & Xeric Shrublands,Palearctic
710,acid_nh3,cf_median,0.7646776,East Siberian taiga,6.0,Boreal Forests/Taiga,Palearctic
43,acid_nh3,cf_median,0.82442975,East Sudanian savanna,7.0,"Tropical & Subtropical Grasslands, Savannas & Shrublands",Afrotropic
662,acid_nh3,cf_median,1.4403033,Eastern Anatolian deciduous forests,4.0,Temperate Broadleaf & Mixed Forests,Palearctic
727,acid_nh3,cf_median,2.809601,Eastern Anatolian montane steppe,8.0,"Temperate Grasslands, Savannas & Shrublands",Palearctic
191,acid_nh3,cf_median,0.20789151,Eastern Australia mulga shrublands,8.0,"Temperate Grasslands, Savannas & Shrublands",Australasia
168,acid_nh3,cf_median,0.38858315,Eastern Australian temperate forests,4.0,Temperate Broadleaf & Mixed Forests,Australasia
373,acid_nh3,cf_median,6.2758055,Eastern Canadian forests,6.0,Boreal Forests/Taiga,Nearctic
374,acid_nh3,cf_median,5.0631256,Eastern Canadian Shield taiga,6.0,Boreal Forests/Taiga,Nearctic
354,acid_nh3,cf_median,2.8974328,Eastern Cascades forests,5.0,Temperate Conifer Forests,Nearctic
10,acid_nh3,cf_median,1.2554857,Eastern Congolian swamp forests,1.0,Tropical & Subtropical Moist Broadleaf Forests,Afrotropic
460,acid_nh3,cf_median,0.87843454,Eastern Cordillera Real montane forests,1.0,Tropical & Subtropical Moist Broadleaf Forests,Neotropic
333,acid_nh3,cf_median,9.990617,Eastern Canadian Forest-Boreal transition,4.0,Temperate Broadleaf & Mixed Forests,Nearctic
824,acid_nh3,cf_median,1.2966744,Eastern Gobi desert steppe,13.0,Deserts & Xeric Shrublands,Palearctic
334,acid_nh3,cf_median,7.0476704,Eastern Great Lakes lowland forests,4.0,Temperate Broadleaf & Mixed Forests,Nearctic
11,acid_nh3,cf_median,0.587964,Eastern Guinean forests,1.0,Tropical & Subtropical Moist Broadleaf Forests,Afrotropic
228,acid_nh3,cf_median,0.43652418,East Deccan moist deciduous forests,1.0,Tropical & Subtropical Moist Broadleaf Forests,Indomalayan
751,acid_nh3,cf_median,3.0110188,Eastern Himalayan alpine shrub and meadows,10.0,Montane Grasslands & Shrublands,Palearctic
306,acid_nh3,cf_median,2.2978225,Eastern Himalayan broadleaf forests,4.0,Temperate Broadleaf & Mixed Forests,Indomalayan
309,acid_nh3,cf_median,3.5060558,Eastern Himalayan subalpine conifer forests,5.0,Temperate Conifer Forests,Indomalayan
229,acid_nh3,cf_median,0.37567008,Eastern Java-Bali montane rain forests,1.0,Tropical & Subtropical Moist Broadleaf Forests,Indomalayan
230,acid_nh3,cf_median,0.239427,Eastern Java-Bali rain forests,1.0,Tropical & Subtropical Moist Broadleaf Forests,Indomalayan
791,acid_nh3,cf_median,1.2549495,Eastern Mediterranean conifer-broadleaf forests,12.0,"Mediterranean Forests, Woodlands & Scrub",Palearctic
621,acid_nh3,cf_median,0.026157508,Eastern Micronesia tropical moist forests,1.0,Tropical & Subtropical Moist Broadleaf Forests,Oceania
461,acid_nh3,cf_median,0.58671117,Eastern Panamanian montane forests,1.0,Tropical & Subtropical Moist Broadleaf Forests,Neotropic
531,acid_nh3,cf_median,0.5184658,Ecuadorian dry forests,2.0,Tropical & Subtropical Dry Broadleaf Forests,Neotropic
391,acid_nh3,cf_median,1.4509449,Edwards Plateau savanna,8.0,"Temperate Grasslands, Savannas & Shrublands",Nearctic
185,acid_nh3,cf_median,0.4868297,Einasleigh upland savanna,7.0,"Tropical & Subtropical Grasslands, Savannas & Shrublands",Australasia
695,acid_nh3,cf_median,2.344787,Elburz Range forest steppe,5.0,Temperate Conifer Forests,Palearctic
728,acid_nh3,cf_median,6.4330616,Emin Valley steppe,8.0,"Temperate Grasslands, Savannas & Shrublands",Palearctic
663,acid_nh3,cf_median,1.4557931,English Lowlands beech forests,4.0,Temperate Broadleaf & Mixed Forests,Palearctic
580,acid_nh3,cf_median,0.5046335,Enriquillo wetlands,9.0,Flooded Grasslands & Savannas,Neotropic
93,acid_nh3,cf_median,0.77618355,Eritrean coastal desert,13.0,Deserts & Xeric Shrublands,Afrotropic
198,acid_nh3,cf_median,0.12964162,Esperance mallee,12.0,"Mediterranean Forests, Woodlands & Scrub",Australasia
575,acid_nh3,cf_median,0.39514992,Espinal,8.0,"Temperate Grasslands, Savannas & Shrublands",Neotropic
12,acid_nh3,cf_median,0.70774883,Ethiopian montane forests,1.0,Tropical & Subtropical Moist Broadleaf Forests,Afrotropic
79,acid_nh3,cf_median,0.83480537,Ethiopian montane grasslands and woodlands,10.0,Montane Grasslands & Shrublands,Afrotropic
80,acid_nh3,cf_median,0.83480537,Ethiopian montane moorlands,10.0,Montane Grasslands & Shrublands,Afrotropic
70,acid_nh3,cf_median,0.45443338,Etosha Pan halophytics,9.0,Flooded Grasslands & Savannas,Afrotropic
665,acid_nh3,cf_median,1.6443115,Euxine-Colchic broadleaf forests,4.0,Temperate Broadleaf & Mixed Forests,Palearctic
581,acid_nh3,cf_median,3.7022786,Everglades flooded grasslands,9.0,Flooded Grasslands & Savannas,Neotropic
199,acid_nh3,cf_median,0.14826913,Eyre and York mallee,12.0,"Mediterranean Forests, Woodlands & Scrub",Australasia
729,acid_nh3,cf_median,0.7780159,Faroe Islands boreal grasslands,8.0,"Temperate Grasslands, Savannas & Shrublands",Palearctic
462,acid_nh3,cf_median,0.30013987,Fernando de Noronha-Atol das Rocas moist forests,1.0,Tropical & Subtropical Moist Broadleaf Forests,Neotropic
635,acid_nh3,cf_median,0.015956538,Fiji tropical dry forests,2.0,Tropical & Subtropical Dry Broadleaf Forests,Oceania
622,acid_nh3,cf_median,0.015956538,Fiji tropical moist forests,1.0,Tropical & Subtropical Moist Broadleaf Forests,Oceania
169,acid_nh3,cf_median,0.12952326,Fiordland temperate forests,4.0,Temperate Broadleaf & Mixed Forests,Australasia
200,acid_nh3,cf_median,0.16246471,Flinders-Lofty montane woodlands,12.0,"Mediterranean Forests, Woodlands & Scrub",Australasia
392,acid_nh3,cf_median,2.2493224,Flint Hills tallgrass prairie,8.0,"Temperate Grasslands, Savannas & Shrublands",Nearctic
355,acid_nh3,cf_median,4.5397677,Fraser Plateau and Basin conifer forests,5.0,Temperate Conifer Forests,Nearctic
89,acid_nh3,cf_median,0.26950842,Fynbos shrubland,12.0,"Mediterranean Forests, Woodlands & Scrub",Afrotropic
601,acid_nh3,cf_median,0.2596065,Galápagos Islands xeric scrub,13.0,Deserts & Xeric Shrublands,Neotropic
94,acid_nh3,cf_median,0.8699966,Gariep Karoo,13.0,Deserts & Xeric Shrublands,Afrotropic
752,acid_nh3,cf_median,3.0093038,Ghorat-Hazarajat alpine meadow,10.0,Montane Grasslands & Shrublands,Palearctic
209,acid_nh3,cf_median,0.31457385,Gibson desert,13.0,Deserts & Xeric Shrublands,Australasia
730,acid_nh3,cf_median,3.8978398,Gissaro-Alai open woodlands,8.0,"Temperate Grasslands, Savannas & Shrublands",Palearctic
316,acid_nh3,cf_median,0.29072452,Godavari-Krishna mangroves,13.0,Deserts & Xeric Shrublands,Indomalayan
825,acid_nh3,cf_median,1.4157794,Gobi Lakes Valley desert steppe,13.0,Deserts & Xeric Shrublands,Palearctic
13,acid_nh3,cf_median,0.24165897,Granitic Seychelles forests,1.0,Tropical & Subtropical Moist Broadleaf Forests,Afrotropic
356,acid_nh3,cf_median,2.3171659,Great Basin montane forests,5.0,Temperate Conifer Forests,Nearctic
430,acid_nh3,cf_median,2.3171659,Great Basin shrub steppe,13.0,Deserts & Xeric Shrublands,Nearctic
826,acid_nh3,cf_median,2.9216075,Great Lakes Basin desert steppe,13.0,Deserts & Xeric Shrublands,Palearctic
210,acid_nh3,cf_median,0.6992929,Great Sandy-Tanami desert,13.0,Deserts & Xeric Shrublands,Australasia
211,acid_nh3,cf_median,0.21545894,Great Victoria desert,13.0,Deserts & Xeric Shrublands,Australasia
231,acid_nh3,cf_median,0.33647984,Greater Negros-Panay rain forests,1.0,Tropical & Subtropical Moist Broadleaf Forests,Indomalayan
602,acid_nh3,cf_median,0.488956,Guajira-Barranquilla xeric scrub,13.0,Deserts & Xeric Shrublands,Neotropic
582,acid_nh3,cf_median,1.3123477,Guayaquil flooded grasslands,9.0,Flooded Grasslands & Savannas,Neotropic
463,acid_nh3,cf_median,0.81156653,Guianan freshwater swamp forests,1.0,Tropical & Subtropical Moist Broadleaf Forests,Neotropic
464,acid_nh3,cf_median,1.743259,Guianan Highlands moist forests,1.0,Tropical & Subtropical Moist Broadleaf Forests,Neotropic
465,acid_nh3,cf_median,1.3925749,Guianan lowland moist forests,1.0,Tropical & Subtropical Moist Broadleaf Forests,Neotropic
466,acid_nh3,cf_median,1.743259,Guianan piedmont moist forests,1.0,Tropical & Subtropical Moist Broadleaf Forests,Neotropic
570,acid_nh3,cf_median,2.0746603,Guianan savanna,7.0,"Tropical & Subtropical Grasslands, Savannas & Shrublands",Neotropic
44,acid_nh3,cf_median,0.587964,Guinean forest-savanna,7.0,"Tropical & Subtropical Grasslands, Savannas & Shrublands",Afrotropic
113,acid_nh3,cf_median,0.6216638,Guinean mangroves,14.0,Mangroves,Afrotropic
14,acid_nh3,cf_median,1.228229,Guinean montane forests,1.0,Tropical & Subtropical Moist Broadleaf Forests,Afrotropic
642,acid_nh3,cf_median,2.942542,Guizhou Plateau broadleaf and mixed forests,1.0,Tropical & Subtropical Moist Broadleaf Forests,Palearctic
431,acid_nh3,cf_median,1.1386868,Gulf of California xeric scrub,13.0,Deserts & Xeric Shrublands,Nearctic
335,acid_nh3,cf_median,6.3383737,Gulf of St. Lawrence lowland forests,4.0,Temperate Broadleaf & Mixed Forests,Nearctic
467,acid_nh3,cf_median,1.0960752,Gurupa várzea,1.0,Tropical & Subtropical Moist Broadleaf Forests,Neotropic
232,acid_nh3,cf_median,0.7642288,Hainan Island monsoon rain forests,1.0,Tropical & Subtropical Moist Broadleaf Forests,Indomalayan
140,acid_nh3,cf_median,0.19382071,Halmahera rain forests,1.0,Tropical & Subtropical Moist Broadleaf Forests,Australasia
201,acid_nh3,cf_median,0.1465104,Hampton mallee and woodlands,12.0,"Mediterranean Forests, Woodlands & Scrub",Australasia
636,acid_nh3,cf_median,0.12786867,Hawai'i tropical dry forests,2.0,Tropical & Subtropical Dry Broadleaf Forests,Oceania
639,acid_nh3,cf_median,0.12786867,Hawai'i tropical high shrublands,7.0,"Tropical & Subtropical Grasslands, Savannas & Shrublands",Oceania
640,acid_nh3,cf_median,0.12786867,Hawai'i tropical low shrublands,7.0,"Tropical & Subtropical Grasslands, Savannas & Shrublands",Oceania
623,acid_nh3,cf_median,0.12786867,Hawai'i tropical moist forests,1.0,Tropical & Subtropical Moist Broadleaf Forests,Oceania
696,acid_nh3,cf_median,2.209324,Helanshan montane conifer forests,5.0,Temperate Conifer Forests,Palearctic
697,acid_nh3,cf_median,2.8529568,Hengduan Mountains subalpine conifer forests,5.0,Temperate Conifer Forests,Palearctic
412,acid_nh3,cf_median,0.5308941,Canadian High Arctic tundra,11.0,Tundra,Nearctic
592,acid_nh3,cf_median,0.8704132,High Monte,10.0,Montane Grasslands & Shrublands,Neotropic
81,acid_nh3,cf_median,0.60073125,Highveld grasslands,10.0,Montane Grasslands & Shrublands,Afrotropic
233,acid_nh3,cf_median,1.7783237,Himalayan subtropical broadleaf forests,1.0,Tropical & Subtropical Moist Broadleaf Forests,Indomalayan
302,acid_nh3,cf_median,1.9694464,Himalayan subtropical pine forests,3.0,Tropical & Subtropical Coniferous Forests,Indomalayan
753,acid_nh3,cf_median,5.258521,Hindu Kush alpine meadow,10.0,Montane Grasslands & Shrublands,Palearctic
532,acid_nh3,cf_median,0.5502546,Hispaniolan dry forests,2.0,Tropical & Subtropical Dry Broadleaf Forests,Neotropic
468,acid_nh3,cf_median,0.5502546,Hispaniolan moist forests,1.0,Tropical & Subtropical Moist Broadleaf Forests,Neotropic
555,acid_nh3,cf_median,0.5046335,Hispaniolan pine forests,3.0,Tropical & Subtropical Coniferous Forests,Neotropic
95,acid_nh3,cf_median,0.5423721,Hobyo grasslands and shrublands,13.0,Deserts & Xeric Shrublands,Afrotropic
666,acid_nh3,cf_median,2.326665,Hokkaido deciduous forests,4.0,Temperate Broadleaf & Mixed Forests,Palearctic
698,acid_nh3,cf_median,3.9153402,Hokkaido montane conifer forests,5.0,Temperate Conifer Forests,Palearctic
699,acid_nh3,cf_median,2.3511586,Honshu alpine conifer forests,5.0,Temperate Conifer Forests,Palearctic
45,acid_nh3,cf_median,0.5698086,Horn of Africa xeric bushlands,7.0,"Tropical & Subtropical Grasslands, Savannas & Shrublands",Afrotropic
667,acid_nh3,cf_median,2.2562575,Huang He Plain mixed forests,4.0,Temperate Broadleaf & Mixed Forests,Palearctic
571,acid_nh3,cf_median,0.5165394,Humid Chaco,7.0,"Tropical & Subtropical Grasslands, Savannas & Shrublands",Neotropic
576,acid_nh3,cf_median,0.2836591,Humid Pampas,8.0,"Temperate Grasslands, Savannas & Shrublands",Neotropic
141,acid_nh3,cf_median,0.34142604,Huon Peninsula montane rain forests,1.0,Tropical & Subtropical Moist Broadleaf Forests,Australasia
792,acid_nh3,cf_median,1.2569685,Iberian conifer forests,12.0,"Mediterranean Forests, Woodlands & Scrub",Palearctic
793,acid_nh3,cf_median,1.2014331,Iberian sclerophyllous and semi-deciduous forests,12.0,"Mediterranean Forests, Woodlands & Scrub",Palearctic
711,acid_nh3,cf_median,0.8370001,Iceland boreal birch forests and alpine tundra,6.0,Boreal Forests/Taiga,Palearctic
794,acid_nh3,cf_median,2.2074742,Illyrian deciduous forests,12.0,"Mediterranean Forests, Woodlands & Scrub",Palearctic
319,acid_nh3,cf_median,0.38533917,Indochina mangroves,14.0,Mangroves,Indomalayan
320,acid_nh3,cf_median,1.5454112,Indus River Delta-Arabian Sea mangroves,14.0,Mangroves,Indomalayan
317,acid_nh3,cf_median,5.5406365,Indus Valley desert,13.0,Deserts & Xeric Shrublands,Indomalayan
71,acid_nh3,cf_median,8.085433,Inner Niger Delta flooded savanna,9.0,Flooded Grasslands & Savannas,Afrotropic
375,acid_nh3,cf_median,2.945149,Interior Alaska-Yukon lowland taiga,6.0,Boreal Forests/Taiga,Nearctic
336,acid_nh3,cf_median,5.4988213,Interior Plateau US Hardwood Forests,4.0,Temperate Broadleaf & Mixed Forests,Nearctic
416,acid_nh3,cf_median,4.985139,Interior Yukon-Alaska alpine tundra,11.0,Tundra,Nearctic
469,acid_nh3,cf_median,0.79719883,Iquitos várzea,1.0,Tropical & Subtropical Moist Broadleaf Forests,Neotropic
294,acid_nh3,cf_median,0.6901258,Irrawaddy dry forests,2.0,Tropical & Subtropical Dry Broadleaf Forests,Indomalayan
234,acid_nh3,cf_median,0.49474376,Irrawaddy freshwater swamp forests,1.0,Tropical & Subtropical Moist Broadleaf Forests,Indomalayan
235,acid_nh3,cf_median,0.6967364,Irrawaddy moist deciduous forests,1.0,Tropical & Subtropical Moist Broadleaf Forests,Indomalayan
533,acid_nh3,cf_median,0.7311068,Islas Revillagigedo dry forests,2.0,Tropical & Subtropical Dry Broadleaf Forests,Neotropic
470,acid_nh3,cf_median,0.5858421,Isthmian-Atlantic moist forests,1.0,Tropical & Subtropical Moist Broadleaf Forests,Neotropic
471,acid_nh3,cf_median,0.50400156,Isthmian-Pacific moist forests,1.0,Tropical & Subtropical Moist Broadleaf Forests,Neotropic
795,acid_nh3,cf_median,2.833384,Italian sclerophyllous and semi-deciduous forests,12.0,"Mediterranean Forests, Woodlands & Scrub",Palearctic
46,acid_nh3,cf_median,0.51869386,Itigi-Sumbu thicket,7.0,"Tropical & Subtropical Grasslands, Savannas & Shrublands",Afrotropic
534,acid_nh3,cf_median,0.941495,Jalisco dry forests,2.0,Tropical & Subtropical Dry Broadleaf Forests,Neotropic
535,acid_nh3,cf_median,0.6008748,Jamaican dry forests,2.0,Tropical & Subtropical Dry Broadleaf Forests,Neotropic
472,acid_nh3,cf_median,0.57608014,Jamaican moist forests,1.0,Tropical & Subtropical Moist Broadleaf Forests,Neotropic
473,acid_nh3,cf_median,1.0512279,Japurá-Solimões-Negro moist forests,1.0,Tropical & Subtropical Moist Broadleaf Forests,Neotropic
202,acid_nh3,cf_median,0.2527298,Jarrah-Karri forest and shrublands,12.0,"Mediterranean Forests, Woodlands & Scrub",Australasia
236,acid_nh3,cf_median,2.0151708,Jian Nan subtropical evergreen forests,1.0,Tropical & Subtropical Moist Broadleaf Forests,Indomalayan
82,acid_nh3,cf_median,0.621087,Jos Plateau forest-grassland,10.0,Montane Grasslands & Shrublands,Afrotropic
560,acid_nh3,cf_median,0.57703555,Juan Fernández Islands temperate forests,4.0,Temperate Broadleaf & Mixed Forests,Neotropic
827,acid_nh3,cf_median,8.429431,Junggar Basin semi-desert,13.0,Deserts & Xeric Shrublands,Palearctic
474,acid_nh3,cf_median,1.0751412,Juruá-Purus moist forests,1.0,Tropical & Subtropical Moist Broadleaf Forests,Neotropic
418,acid_nh3,cf_median,0.0,Kalaallit Nunaat High Arctic tundra,11.0,Tundra,Nearctic
47,acid_nh3,cf_median,0.9282743,Kalahari Acacia woodlands,7.0,"Tropical & Subtropical Grasslands, Savannas & Shrublands",Afrotropic
97,acid_nh3,cf_median,0.9282743,Kalahari xeric savanna,13.0,Deserts & Xeric Shrublands,Afrotropic
713,acid_nh3,cf_median,2.0722277,Kamchatka-Kurile meadows and sparse forests,6.0,Boreal Forests/Taiga,Palearctic
712,acid_nh3,cf_median,3.5489054,Kamchatka taiga,6.0,Boreal Forests/Taiga,Palearctic
98,acid_nh3,cf_median,0.34630197,Kaokoveld desert,13.0,Deserts & Xeric Shrublands,Afrotropic
754,acid_nh3,cf_median,4.8338175,Karakoram-West Tibetan Plateau alpine steppe,10.0,Montane Grasslands & Shrublands,Palearctic
237,acid_nh3,cf_median,0.6165055,Kayah-Karen montane rain forests,1.0,Tropical & Subtropical Moist Broadleaf Forests,Indomalayan
731,acid_nh3,cf_median,1.804234,Kazakh forest steppe,8.0,"Temperate Grasslands, Savannas & Shrublands",Palearctic
828,acid_nh3,cf_median,1.4604151,Kazakh semi-desert,13.0,Deserts & Xeric Shrublands,Palearctic
732,acid_nh3,cf_median,1.3867594,Kazakh steppe,8.0,"Temperate Grasslands, Savannas & Shrublands",Palearctic
733,acid_nh3,cf_median,1.806686,Kazakh upland steppe,8.0,"Temperate Grasslands, Savannas & Shrublands",Palearctic
624,acid_nh3,cf_median,0.024750493,Kermadec Islands subtropical moist forests,1.0,Tropical & Subtropical Moist Broadleaf Forests,Oceania
755,acid_nh3,cf_median,1.2431692,Khangai Mountains alpine meadow,10.0,Montane Grasslands & Shrublands,Palearctic
700,acid_nh3,cf_median,1.2431692,Khangai Mountains conifer forests,5.0,Temperate Conifer Forests,Palearctic
295,acid_nh3,cf_median,0.99968463,Khathiar-Gir dry deciduous forests,2.0,Tropical & Subtropical Dry Broadleaf Forests,Indomalayan
186,acid_nh3,cf_median,0.35880208,Kimberly tropical savanna,7.0,"Tropical & Subtropical Grasslands, Savannas & Shrublands",Australasia
357,acid_nh3,cf_median,2.5659811,Klamath-Siskiyou forests,5.0,Temperate Conifer Forests,Nearctic
15,acid_nh3,cf_median,0.28406733,Knysna-Amatole montane forests,1.0,Tropical & Subtropical Moist Broadleaf Forests,Afrotropic
774,acid_nh3,cf_median,0.80770653,Kola Peninsula tundra,11.0,Tundra,Palearctic
829,acid_nh3,cf_median,3.3968706,Kopet Dag semi-desert,13.0,Deserts & Xeric Shrublands,Palearctic
756,acid_nh3,cf_median,3.3624005,Kopet Dag woodlands and forest steppe,10.0,Montane Grasslands & Shrublands,Palearctic
757,acid_nh3,cf_median,1.7389336,Kuh Rud and Eastern Iran montane woodlands,10.0,Montane Grasslands & Shrublands,Palearctic
16,acid_nh3,cf_median,0.48404405,Kwazulu Natal-Cape coastal forests,1.0,Tropical & Subtropical Moist Broadleaf Forests,Afrotropic
603,acid_nh3,cf_median,0.53032136,La Costa xeric shrublands,13.0,Deserts & Xeric Shrublands,Neotropic
72,acid_nh3,cf_median,5.768886,Lake Chad flooded savanna,9.0,Flooded Grasslands & Savannas,Afrotropic
536,acid_nh3,cf_median,0.48124048,Lara-Falcón dry forests,2.0,Tropical & Subtropical Dry Broadleaf Forests,Neotropic
475,acid_nh3,cf_median,0.5920119,Leeward Islands moist forests,1.0,Tropical & Subtropical Moist Broadleaf Forests,Neotropic
163,acid_nh3,cf_median,0.21752368,Lesser Sundas deciduous forests,2.0,Tropical & Subtropical Dry Broadleaf Forests,Australasia
48,acid_nh3,cf_median,0.7752771,Limpopo lowveld,7.0,"Tropical & Subtropical Grasslands, Savannas & Shrublands",Afrotropic
572,acid_nh3,cf_median,1.0126073,Llanos,7.0,"Tropical & Subtropical Grasslands, Savannas & Shrublands",Neotropic
142,acid_nh3,cf_median,0.0838655,Lord Howe Island subtropical forests,1.0,Tropical & Subtropical Moist Broadleaf Forests,Australasia
143,acid_nh3,cf_median,0.060488172,Louisiade Archipelago rain forests,1.0,Tropical & Subtropical Moist Broadleaf Forests,Australasia
577,acid_nh3,cf_median,0.45687246,Low Monte,8.0,"Temperate Grasslands, Savannas & Shrublands",Neotropic
238,acid_nh3,cf_median,0.72232896,Lower Gangetic Plains moist deciduous forests,1.0,Tropical & Subtropical Moist Broadleaf Forests,Indomalayan
239,acid_nh3,cf_median,0.758037,Luang Prabang montane rain forests,1.0,Tropical & Subtropical Moist Broadleaf Forests,Indomalayan
240,acid_nh3,cf_median,0.54432625,Luzon montane rain forests,1.0,Tropical & Subtropical Moist Broadleaf Forests,Indomalayan
241,acid_nh3,cf_median,0.54432625,Luzon rain forests,1.0,Tropical & Subtropical Moist Broadleaf Forests,Indomalayan
303,acid_nh3,cf_median,0.57235724,Luzon tropical pine forests,3.0,Tropical & Subtropical Coniferous Forests,Indomalayan
32,acid_nh3,cf_median,0.4700723,Madagascar dry deciduous forests,2.0,Tropical & Subtropical Dry Broadleaf Forests,Afrotropic
83,acid_nh3,cf_median,1.0719773,Madagascar ericoid thickets,10.0,Montane Grasslands & Shrublands,Afrotropic
17,acid_nh3,cf_median,0.6664784,Madagascar humid forests,1.0,Tropical & Subtropical Moist Broadleaf Forests,Afrotropic
114,acid_nh3,cf_median,0.39216936,Madagascar mangroves,14.0,Mangroves,Afrotropic
99,acid_nh3,cf_median,1.3369294,Madagascar spiny thickets,13.0,Deserts & Xeric Shrublands,Afrotropic
18,acid_nh3,cf_median,0.8461314,Madagascar subhumid forests,1.0,Tropical & Subtropical Moist Broadleaf Forests,Afrotropic
100,acid_nh3,cf_median,1.2742522,Madagascar succulent woodlands,13.0,Deserts & Xeric Shrublands,Afrotropic
476,acid_nh3,cf_median,2.1694586,Madeira-Tapajós moist forests,1.0,Tropical & Subtropical Moist Broadleaf Forests,Neotropic
668,acid_nh3,cf_median,0.6352128,Madeira evergreen forests,4.0,Temperate Broadleaf & Mixed Forests,Palearctic
478,acid_nh3,cf_median,0.9230343,Magdalena-Urabá moist forests,1.0,Tropical & Subtropical Moist Broadleaf Forests,Neotropic
538,acid_nh3,cf_median,1.4407234,Magdalena Valley dry forests,2.0,Tropical & Subtropical Dry Broadleaf Forests,Neotropic
477,acid_nh3,cf_median,0.95742077,Magdalena Valley montane forests,1.0,Tropical & Subtropical Moist Broadleaf Forests,Neotropic
561,acid_nh3,cf_median,0.6123044,Magellanic subpolar forests,4.0,Temperate Broadleaf & Mixed Forests,Neotropic
73,acid_nh3,cf_median,0.6779071,Makgadikgadi halophytics,9.0,Flooded Grasslands & Savannas,Afrotropic
242,acid_nh3,cf_median,0.25479263,Malabar Coast moist forests,1.0,Tropical & Subtropical Moist Broadleaf Forests,Indomalayan
243,acid_nh3,cf_median,0.1581055,Maldives-Lakshadweep-Chagos Archipelago tropical moist forests,1.0,Tropical & Subtropical Moist Broadleaf Forests,Indomalayan
604,acid_nh3,cf_median,0.52214265,Malpelo Island xeric scrub,13.0,Deserts & Xeric Shrublands,Neotropic
669,acid_nh3,cf_median,8.300255,Manchurian mixed forests,4.0,Temperate Broadleaf & Mixed Forests,Palearctic
49,acid_nh3,cf_median,0.7336787,Mandara Plateau woodlands,7.0,"Tropical & Subtropical Grasslands, Savannas & Shrublands",Afrotropic
19,acid_nh3,cf_median,0.5200479,Maputaland coastal forests and woodlands,1.0,Tropical & Subtropical Moist Broadleaf Forests,Afrotropic
539,acid_nh3,cf_median,0.45647815,Maracaibo dry forests,2.0,Tropical & Subtropical Dry Broadleaf Forests,Neotropic
480,acid_nh3,cf_median,1.434594,Marajó várzea,1.0,Tropical & Subtropical Moist Broadleaf Forests,Neotropic
540,acid_nh3,cf_median,1.1007949,Maranhão Babaçu forests,2.0,Tropical & Subtropical Dry Broadleaf Forests,Neotropic
479,acid_nh3,cf_median,0.8665535,Marañón dry forests,1.0,Tropical & Subtropical Moist Broadleaf Forests,Neotropic
637,acid_nh3,cf_median,0.18266192,Marianas tropical dry forests,2.0,Tropical & Subtropical Dry Broadleaf Forests,Oceania
625,acid_nh3,cf_median,0.001535063,Marquesas tropical moist forests,1.0,Tropical & Subtropical Moist Broadleaf Forests,Oceania
50,acid_nh3,cf_median,0.81825477,Masai xeric grasslands and shrublands,7.0,"Tropical & Subtropical Grasslands, Savannas & Shrublands",Afrotropic
20,acid_nh3,cf_median,0.2122545,Mascarene forests,1.0,Tropical & Subtropical Moist Broadleaf Forests,Afrotropic
481,acid_nh3,cf_median,1.838236,Mato Grosso tropical dry forests,1.0,Tropical & Subtropical Moist Broadleaf Forests,Neotropic
796,acid_nh3,cf_median,0.7426866,Mediterranean Acacia-Argania dry woodlands and succulent thickets,12.0,"Mediterranean Forests, Woodlands & Scrub",Palearctic
701,acid_nh3,cf_median,1.0585628,Mediterranean conifer and mixed forests,5.0,Temperate Conifer Forests,Palearctic
797,acid_nh3,cf_median,0.96445936,Mediterranean dry woodlands and steppe,12.0,"Mediterranean Forests, Woodlands & Scrub",Palearctic
758,acid_nh3,cf_median,0.72365755,Mediterranean High Atlas juniper steppe,10.0,Montane Grasslands & Shrublands,Palearctic
798,acid_nh3,cf_median,0.96445936,Mediterranean woodlands and forests,12.0,"Mediterranean Forests, Woodlands & Scrub",Palearctic
244,acid_nh3,cf_median,1.0262976,Meghalaya subtropical forests,1.0,Tropical & Subtropical Moist Broadleaf Forests,Indomalayan
245,acid_nh3,cf_median,0.30111113,Mentawai Islands rain forests,1.0,Tropical & Subtropical Moist Broadleaf Forests,Indomalayan
432,acid_nh3,cf_median,0.98727226,Meseta Central matorral,13.0,Deserts & Xeric Shrublands,Nearctic
613,acid_nh3,cf_median,0.69040424,Mesoamerican Gulf-Caribbean mangroves,14.0,Mangroves,Neotropic
830,acid_nh3,cf_median,1.2575951,Mesopotamian shrub desert,13.0,Deserts & Xeric Shrublands,Palearctic
376,acid_nh3,cf_median,3.878871,Mid-Canada Boreal Plains forests,6.0,Boreal Forests/Taiga,Nearctic
414,acid_nh3,cf_median,1.1495723,Canadian Middle Arctic Tundra,11.0,Tundra,Nearctic
393,acid_nh3,cf_median,4.324209,Mid-Atlantic US coastal savannas,8.0,"Temperate Grasslands, Savannas & Shrublands",Nearctic
377,acid_nh3,cf_median,6.123694,Midwest Canadian Shield forests,6.0,Boreal Forests/Taiga,Nearctic
247,acid_nh3,cf_median,0.29693803,Mindanao-Eastern Visayas rain forests,1.0,Tropical & Subtropical Moist Broadleaf Forests,Indomalayan
246,acid_nh3,cf_median,0.25638515,Mindanao montane rain forests,1.0,Tropical & Subtropical Moist Broadleaf Forests,Indomalayan
248,acid_nh3,cf_median,0.42200798,Mindoro rain forests,1.0,Tropical & Subtropical Moist Broadleaf Forests,Indomalayan
573,acid_nh3,cf_median,0.6007048,Miskito pine forests,7.0,"Tropical & Subtropical Grasslands, Savannas & Shrublands",Neotropic
337,acid_nh3,cf_median,2.4980493,Mississippi lowland forests,4.0,Temperate Broadleaf & Mixed Forests,Nearctic
187,acid_nh3,cf_median,0.30521533,Mitchell Grass Downs,7.0,"Tropical & Subtropical Grasslands, Savannas & Shrublands",Australasia
249,acid_nh3,cf_median,0.9283411,Mizoram-Manipur-Kachin rain forests,1.0,Tropical & Subtropical Moist Broadleaf Forests,Indomalayan
433,acid_nh3,cf_median,1.6274041,Mojave desert,13.0,Deserts & Xeric Shrublands,Nearctic
734,acid_nh3,cf_median,1.414894,Mongolian-Manchurian grassland,8.0,"Temperate Grasslands, Savannas & Shrublands",Palearctic
394,acid_nh3,cf_median,4.2458267,Montana Valley and Foothill grasslands,8.0,"Temperate Grasslands, Savannas & Shrublands",Nearctic
482,acid_nh3,cf_median,1.3164161,Monte Alegre várzea,1.0,Tropical & Subtropical Moist Broadleaf Forests,Neotropic
605,acid_nh3,cf_median,0.57921916,Motagua Valley thornscrub,13.0,Deserts & Xeric Shrublands,Neotropic
21,acid_nh3,cf_median,0.9338704,Mount Cameroon and Bioko montane forests,1.0,Tropical & Subtropical Moist Broadleaf Forests,Afrotropic
84,acid_nh3,cf_median,0.4408977,Mulanje Montane forest-grassland,10.0,Montane Grasslands & Shrublands,Afrotropic
203,acid_nh3,cf_median,0.14877325,Murray-Darling woodlands and mallee,12.0,"Mediterranean Forests, Woodlands & Scrub",Australasia
378,acid_nh3,cf_median,2.592335,Muskwa-Slave Lake taiga,6.0,Boreal Forests/Taiga,Nearctic
321,acid_nh3,cf_median,0.49474376,Myanmar Coast mangroves,14.0,Mangroves,Indomalayan
250,acid_nh3,cf_median,0.57551014,Myanmar coastal rain forests,1.0,Tropical & Subtropical Moist Broadleaf Forests,Indomalayan
101,acid_nh3,cf_median,0.3703912,Nama Karoo shrublands,13.0,Deserts & Xeric Shrublands,Afrotropic
102,acid_nh3,cf_median,0.38009933,Namaqualand-Richtersveld steppe,13.0,Deserts & Xeric Shrublands,Afrotropic
103,acid_nh3,cf_median,0.43937394,Namib Desert,13.0,Deserts & Xeric Shrublands,Afrotropic
104,acid_nh3,cf_median,0.53547317,Namibian savanna woodlands,13.0,Deserts & Xeric Shrublands,Afrotropic
251,acid_nh3,cf_median,0.6553954,Nansei Islands subtropical evergreen forests,1.0,Tropical & Subtropical Moist Broadleaf Forests,Indomalayan
483,acid_nh3,cf_median,1.3123477,Napo moist forests,1.0,Tropical & Subtropical Moist Broadleaf Forests,Neotropic
204,acid_nh3,cf_median,0.21041584,Naracoorte woodlands,12.0,"Mediterranean Forests, Woodlands & Scrub",Australasia
296,acid_nh3,cf_median,0.66635585,Narmada Valley dry deciduous forests,2.0,Tropical & Subtropical Dry Broadleaf Forests,Indomalayan
395,acid_nh3,cf_median,3.2410119,Nebraska Sand Hills mixed grasslands,8.0,"Temperate Grasslands, Savannas & Shrublands",Nearctic
484,acid_nh3,cf_median,1.7309911,Negro-Branco moist forests,1.0,Tropical & Subtropical Moist Broadleaf Forests,Neotropic
170,acid_nh3,cf_median,0.22925076,Nelson Coast temperate forests,4.0,Temperate Broadleaf & Mixed Forests,Australasia
743,acid_nh3,cf_median,1.7274483,Nenjiang River grassland,9.0,Flooded Grasslands & Savannas,Palearctic
144,acid_nh3,cf_median,0.1011284,New Britain-New Ireland lowland rain forests,1.0,Tropical & Subtropical Moist Broadleaf Forests,Australasia
145,acid_nh3,cf_median,0.1011284,New Britain-New Ireland montane rain forests,1.0,Tropical & Subtropical Moist Broadleaf Forests,Australasia
164,acid_nh3,cf_median,0.039096203,New Caledonia dry forests,2.0,Tropical & Subtropical Dry Broadleaf Forests,Australasia
146,acid_nh3,cf_median,0.039096203,New Caledonia rain forests,1.0,Tropical & Subtropical Moist Broadleaf Forests,Australasia
338,acid_nh3,cf_median,9.730299,New England-Acadian forests,4.0,Temperate Broadleaf & Mixed Forests,Nearctic
217,acid_nh3,cf_median,0.15082362,New Guinea mangroves,14.0,Mangroves,Australasia
252,acid_nh3,cf_median,0.37578252,Nicobar Islands rain forests,1.0,Tropical & Subtropical Moist Broadleaf Forests,Indomalayan
22,acid_nh3,cf_median,0.6385731,Niger Delta swamp forests,1.0,Tropical & Subtropical Moist Broadleaf Forests,Afrotropic
23,acid_nh3,cf_median,0.50913674,Nigerian lowland forests,1.0,Tropical & Subtropical Moist Broadleaf Forests,Afrotropic
670,acid_nh3,cf_median,1.6308663,Nihonkai evergreen forests,4.0,Temperate Broadleaf & Mixed Forests,Palearctic
671,acid_nh3,cf_median,1.8960391,Nihonkai montane deciduous forests,4.0,Temperate Broadleaf & Mixed Forests,Palearctic
744,acid_nh3,cf_median,1.6067377,Nile Delta flooded savanna,9.0,Flooded Grasslands & Savannas,Palearctic
147,acid_nh3,cf_median,0.042895928,Norfolk Island subtropical forests,1.0,Tropical & Subtropical Moist Broadleaf Forests,Australasia
831,acid_nh3,cf_median,1.8366818,North Arabian desert,13.0,Deserts & Xeric Shrublands,Palearctic
832,acid_nh3,cf_median,2.2113776,North Arabian highland shrublands,13.0,Deserts & Xeric Shrublands,Palearctic
171,acid_nh3,cf_median,0.83299255,New Zealand North Island temperate forests,4.0,Temperate Broadleaf & Mixed Forests,Australasia
833,acid_nh3,cf_median,1.0082825,North Saharan Xeric Steppe and Woodland,13.0,Deserts & Xeric Shrublands,Palearctic
106,acid_nh3,cf_median,0.5698086,Somali montane xeric woodlands,13.0,Deserts & Xeric Shrublands,Afrotropic
759,acid_nh3,cf_median,3.0894263,North Tibetan Plateau-Kunlun Mountains alpine desert,10.0,Montane Grasslands & Shrublands,Palearctic
253,acid_nh3,cf_median,0.42374468,North Western Ghats moist deciduous forests,1.0,Tropical & Subtropical Moist Broadleaf Forests,Indomalayan
254,acid_nh3,cf_median,0.2853736,North Western Ghats montane rain forests,1.0,Tropical & Subtropical Moist Broadleaf Forests,Indomalayan
673,acid_nh3,cf_median,3.1827922,Northeast China Plain deciduous forests,4.0,Temperate Broadleaf & Mixed Forests,Palearctic
304,acid_nh3,cf_median,1.2229613,Northeast India-Myanmar pine forests,3.0,Tropical & Subtropical Coniferous Forests,Indomalayan
775,acid_nh3,cf_median,0.1918131,Northeast Siberian coastal tundra,11.0,Tundra,Palearctic
714,acid_nh3,cf_median,0.32655013,Northeast Siberian taiga,6.0,Boreal Forests/Taiga,Palearctic
485,acid_nh3,cf_median,0.55501574,Northeast Brazil restingas,1.0,Tropical & Subtropical Moist Broadleaf Forests,Neotropic
24,acid_nh3,cf_median,0.7510238,Northeast Congolian lowland forests,1.0,Tropical & Subtropical Moist Broadleaf Forests,Afrotropic
702,acid_nh3,cf_median,2.9548802,Northeast Himalayan subalpine conifer forests,5.0,Temperate Conifer Forests,Palearctic
799,acid_nh3,cf_median,4.536034,Northeast Spain and Southern France Mediterranean forests,12.0,"Mediterranean Forests, Woodlands & Scrub",Palearctic
339,acid_nh3,cf_median,6.44898,Northeast US Coastal forests,4.0,Temperate Broadleaf & Mixed Forests,Nearctic
51,acid_nh3,cf_median,0.6322491,Northern Acacia-Commiphora bushlands and thickets,7.0,"Tropical & Subtropical Grasslands, Savannas & Shrublands",Afrotropic
703,acid_nh3,cf_median,1.6443115,Northern Anatolian conifer and deciduous forests,5.0,Temperate Conifer Forests,Palearctic
593,acid_nh3,cf_median,1.2974821,Northern Andean páramo,10.0,Montane Grasslands & Shrublands,Neotropic
255,acid_nh3,cf_median,0.7144956,Northern Annamites rain forests,1.0,Tropical & Subtropical Moist Broadleaf Forests,Indomalayan
359,acid_nh3,cf_median,2.0424883,Northern California coastal forests,5.0,Temperate Conifer Forests,Nearctic
379,acid_nh3,cf_median,2.0143611,Northern Canadian Shield taiga,6.0,Boreal Forests/Taiga,Nearctic
52,acid_nh3,cf_median,1.1301657,Northern Congolian Forest-Savanna,7.0,"Tropical & Subtropical Grasslands, Savannas & Shrublands",Afrotropic
297,acid_nh3,cf_median,0.43652418,North Deccan dry deciduous forests,2.0,Tropical & Subtropical Dry Broadleaf Forests,Indomalayan
256,acid_nh3,cf_median,1.1115261,Northern Indochina subtropical forests,1.0,Tropical & Subtropical Moist Broadleaf Forests,Indomalayan
257,acid_nh3,cf_median,0.758037,Northern Khorat Plateau moist deciduous forests,1.0,Tropical & Subtropical Moist Broadleaf Forests,Indomalayan
614,acid_nh3,cf_median,1.0391923,Northern Mesoamerican Pacific mangroves,14.0,Mangroves,Neotropic
148,acid_nh3,cf_median,0.1393807,Northern New Guinea lowland rain and freshwater swamp forests,1.0,Tropical & Subtropical Moist Broadleaf Forests,Australasia
149,acid_nh3,cf_median,0.122883655,Northern New Guinea montane rain forests,1.0,Tropical & Subtropical Moist Broadleaf Forests,Australasia
396,acid_nh3,cf_median,2.6729453,Northern Shortgrass prairie,8.0,"Temperate Grasslands, Savannas & Shrublands",Nearctic
25,acid_nh3,cf_median,0.6353295,Northern Swahili coastal forests,1.0,Tropical & Subtropical Moist Broadleaf Forests,Afrotropic
397,acid_nh3,cf_median,3.5390644,Northern Tallgrass prairie,8.0,"Temperate Grasslands, Savannas & Shrublands",Nearctic
258,acid_nh3,cf_median,0.65203536,Northern Thailand-Laos moist deciduous forests,1.0,Tropical & Subtropical Moist Broadleaf Forests,Indomalayan
259,acid_nh3,cf_median,1.4317286,Northern Triangle subtropical forests,1.0,Tropical & Subtropical Moist Broadleaf Forests,Indomalayan
307,acid_nh3,cf_median,2.3849611,Northern Triangle temperate forests,4.0,Temperate Broadleaf & Mixed Forests,Indomalayan
260,acid_nh3,cf_median,0.7144956,Northern Vietnam lowland rain forests,1.0,Tropical & Subtropical Moist Broadleaf Forests,Indomalayan
173,acid_nh3,cf_median,0.2336658,Northland temperate kauri forests,4.0,Temperate Broadleaf & Mixed Forests,Australasia
800,acid_nh3,cf_median,1.292813,Northwest Iberian montane forests,12.0,"Mediterranean Forests, Woodlands & Scrub",Palearctic
776,acid_nh3,cf_median,0.7906845,Northwest Russian-Novaya Zemlya tundra,11.0,Tundra,Palearctic
486,acid_nh3,cf_median,1.2522752,Northwest Andean montane forests,1.0,Tropical & Subtropical Moist Broadleaf Forests,Neotropic
26,acid_nh3,cf_median,1.354989,Northwest Congolian lowland forests,1.0,Tropical & Subtropical Moist Broadleaf Forests,Afrotropic
641,acid_nh3,cf_median,0.043729056,Northwest Hawai'i scrub,7.0,"Tropical & Subtropical Grasslands, Savannas & Shrublands",Oceania
760,acid_nh3,cf_median,4.0039086,Northwestern Himalayan alpine shrub and meadows,10.0,Montane Grasslands & Shrublands,Palearctic
314,acid_nh3,cf_median,2.4690788,Aravalli west thorn scrub forests,13.0,Deserts & Xeric Shrublands,Indomalayan
777,acid_nh3,cf_median,0.0,Novosibirsk Islands Arctic desert,11.0,Tundra,Palearctic
704,acid_nh3,cf_median,3.583696,Nujiang Langcang Gorge alpine conifer and mixed forests,5.0,Temperate Conifer Forests,Palearctic
212,acid_nh3,cf_median,0.17336468,Nullarbor Plains xeric shrublands,13.0,Deserts & Xeric Shrublands,Australasia
85,acid_nh3,cf_median,0.49157384,Nyanga-Chimanimani Montane forest-grassland,10.0,Montane Grasslands & Shrublands,Afrotropic
487,acid_nh3,cf_median,1.6200789,Oaxacan montane forests,1.0,Tropical & Subtropical Moist Broadleaf Forests,Neotropic
626,acid_nh3,cf_median,0.2532588,Ogasawara subtropical moist forests,1.0,Tropical & Subtropical Moist Broadleaf Forests,Oceania
419,acid_nh3,cf_median,1.6812942,Ogilvie-MacKenzie alpine tundra,11.0,Tundra,Nearctic
362,acid_nh3,cf_median,9.6563225,Okanogan dry forests,5.0,Temperate Conifer Forests,Nearctic
715,acid_nh3,cf_median,9.109455,Okhotsk-Manchurian taiga,6.0,Boreal Forests/Taiga,Palearctic
761,acid_nh3,cf_median,2.209324,Ordos Plateau steppe,10.0,Montane Grasslands & Shrublands,Palearctic
488,acid_nh3,cf_median,0.81595373,Orinoco Delta swamp forests,1.0,Tropical & Subtropical Moist Broadleaf Forests,Neotropic
583,acid_nh3,cf_median,0.674871,Orinoco wetlands,9.0,Flooded Grasslands & Savannas,Neotropic
261,acid_nh3,cf_median,0.45228454,Orissa semi-evergreen forests,1.0,Tropical & Subtropical Moist Broadleaf Forests,Indomalayan
340,acid_nh3,cf_median,3.1190064,Ozark Highlands mixed forests,4.0,Temperate Broadleaf & Mixed Forests,Nearctic
341,acid_nh3,cf_median,2.6122806,Ozark Mountain forests,4.0,Temperate Broadleaf & Mixed Forests,Nearctic
420,acid_nh3,cf_median,2.9608498,Pacific Coastal Mountain icefields and tundra,11.0,Tundra,Nearctic
627,acid_nh3,cf_median,0.21302368,Palau tropical moist forests,1.0,Tropical & Subtropical Moist Broadleaf Forests,Oceania
262,acid_nh3,cf_median,0.41311833,Palawan rain forests,1.0,Tropical & Subtropical Moist Broadleaf Forests,Indomalayan
398,acid_nh3,cf_median,7.3648067,Palouse prairie,8.0,"Temperate Grasslands, Savannas & Shrublands",Nearctic
762,acid_nh3,cf_median,5.7944856,Pamir alpine desert and tundra,10.0,Montane Grasslands & Shrublands,Palearctic
541,acid_nh3,cf_median,0.50400156,Panamanian dry forests,2.0,Tropical & Subtropical Dry Broadleaf Forests,Neotropic
674,acid_nh3,cf_median,4.901579,Pannonian mixed forests,4.0,Temperate Broadleaf & Mixed Forests,Palearctic
584,acid_nh3,cf_median,0.6468411,Pantanal,9.0,Flooded Grasslands & Savannas,Neotropic
489,acid_nh3,cf_median,0.69040424,Pantanos de Centla,1.0,Tropical & Subtropical Moist Broadleaf Forests,Neotropic
490,acid_nh3,cf_median,1.6463821,Pantepui forests & shrublands,1.0,Tropical & Subtropical Moist Broadleaf Forests,Neotropic
606,acid_nh3,cf_median,0.48124048,Paraguaná xeric scrub,13.0,Deserts & Xeric Shrublands,Neotropic
585,acid_nh3,cf_median,0.3650016,Paraná flooded savanna,9.0,Flooded Grasslands & Savannas,Neotropic
834,acid_nh3,cf_median,5.9559593,Paropamisus xeric woodlands,13.0,Deserts & Xeric Shrublands,Palearctic
578,acid_nh3,cf_median,0.4452429,Patagonian steppe,8.0,"Temperate Grasslands, Savannas & Shrublands",Neotropic
542,acid_nh3,cf_median,1.7089982,Patía valley dry forests,2.0,Tropical & Subtropical Dry Broadleaf Forests,Neotropic
263,acid_nh3,cf_median,0.38384843,Peninsular Malaysian montane rain forests,1.0,Tropical & Subtropical Moist Broadleaf Forests,Indomalayan
264,acid_nh3,cf_median,0.38384843,Peninsular Malaysian peat swamp forests,1.0,Tropical & Subtropical Moist Broadleaf Forests,Indomalayan
265,acid_nh3,cf_median,0.38384843,Peninsular Malaysian rain forests,1.0,Tropical & Subtropical Moist Broadleaf Forests,Indomalayan
491,acid_nh3,cf_median,0.47681648,Pernambuco coastal forests,1.0,Tropical & Subtropical Moist Broadleaf Forests,Neotropic
492,acid_nh3,cf_median,0.48354033,Pernambuco interior forests,1.0,Tropical & Subtropical Moist Broadleaf Forests,Neotropic
493,acid_nh3,cf_median,1.7722291,Peruvian Yungas,1.0,Tropical & Subtropical Moist Broadleaf Forests,Neotropic
494,acid_nh3,cf_median,0.8334279,Petén-Veracruz moist forests,1.0,Tropical & Subtropical Moist Broadleaf Forests,Neotropic
213,acid_nh3,cf_median,0.21034081,Pilbara shrublands,13.0,Deserts & Xeric Shrublands,Australasia
801,acid_nh3,cf_median,1.5855863,Pindus Mountains mixed forests,12.0,"Mediterranean Forests, Woodlands & Scrub",Palearctic
363,acid_nh3,cf_median,2.2586043,Piney Woods,5.0,Temperate Conifer Forests,Nearctic
675,acid_nh3,cf_median,7.2155037,Po Basin mixed forests,4.0,Temperate Broadleaf & Mixed Forests,Palearctic
735,acid_nh3,cf_median,1.2368722,Pontic steppe,8.0,"Temperate Grasslands, Savannas & Shrublands",Palearctic
543,acid_nh3,cf_median,0.5686193,Puerto Rican dry forests,2.0,Tropical & Subtropical Dry Broadleaf Forests,Neotropic
495,acid_nh3,cf_median,0.5686193,Puerto Rican moist forests,1.0,Tropical & Subtropical Moist Broadleaf Forests,Neotropic
364,acid_nh3,cf_median,6.5162745,Puget lowland forests,5.0,Temperate Conifer Forests,Nearctic
497,acid_nh3,cf_median,1.1364142,Purus-Madeira moist forests,1.0,Tropical & Subtropical Moist Broadleaf Forests,Neotropic
496,acid_nh3,cf_median,0.9447919,Purus várzea,1.0,Tropical & Subtropical Moist Broadleaf Forests,Neotropic
676,acid_nh3,cf_median,3.3729568,Pyrenees conifer and mixed forests,4.0,Temperate Broadleaf & Mixed Forests,Palearctic
835,acid_nh3,cf_median,2.6295173,Qaidam Basin semi-desert,13.0,Deserts & Xeric Shrublands,Palearctic
705,acid_nh3,cf_median,4.7882023,Qilian Mountains conifer forests,5.0,Temperate Conifer Forests,Palearctic
763,acid_nh3,cf_median,2.791152,Qilian Mountains subalpine meadows,10.0,Montane Grasslands & Shrublands,Palearctic
677,acid_nh3,cf_median,3.342684,Qin Ling Mountains deciduous forests,4.0,Temperate Broadleaf & Mixed Forests,Palearctic
706,acid_nh3,cf_median,2.8643024,Qionglai-Minshan conifer forests,5.0,Temperate Conifer Forests,Palearctic
150,acid_nh3,cf_median,0.24841166,Queensland tropical rain forests,1.0,Tropical & Subtropical Moist Broadleaf Forests,Australasia
174,acid_nh3,cf_median,0.15194097,Rakiura Island temperate forests,4.0,Temperate Broadleaf & Mixed Forests,Australasia
312,acid_nh3,cf_median,1.9271821,Rann of Kutch seasonal salt marsh,9.0,Flooded Grasslands & Savannas,Indomalayan
628,acid_nh3,cf_median,0.051657468,Rapa Nui and Sala y Gómez subtropical forests,1.0,Tropical & Subtropical Moist Broadleaf Forests,Oceania
266,acid_nh3,cf_median,0.817794,Red River freshwater swamp forests,1.0,Tropical & Subtropical Moist Broadleaf Forests,Indomalayan
837,acid_nh3,cf_median,1.7031685,Red Sea-Arabian Desert shrublands,13.0,Deserts & Xeric Shrublands,Palearctic
836,acid_nh3,cf_median,1.3501655,Red Sea coastal desert,13.0,Deserts & Xeric Shrublands,Palearctic
115,acid_nh3,cf_median,0.77618355,Red Sea mangroves,14.0,Mangroves,Afrotropic
838,acid_nh3,cf_median,2.1326027,Registan-North Pakistan sandy desert,13.0,Deserts & Xeric Shrublands,Palearctic
90,acid_nh3,cf_median,0.25806186,Renosterveld shrubland,12.0,"Mediterranean Forests, Woodlands & Scrub",Afrotropic
175,acid_nh3,cf_median,0.40798652,Richmond temperate forests,4.0,Temperate Broadleaf & Mixed Forests,Australasia
498,acid_nh3,cf_median,1.1444956,Rio Negro campinarana,1.0,Tropical & Subtropical Moist Broadleaf Forests,Neotropic
678,acid_nh3,cf_median,3.4775345,Rodope montane mixed forests,4.0,Temperate Broadleaf & Mixed Forests,Palearctic
86,acid_nh3,cf_median,0.9031314,Rwenzori-Virunga montane moorlands,10.0,Montane Grasslands & Shrublands,Afrotropic
745,acid_nh3,cf_median,1.017002,Saharan halophytics,9.0,Flooded Grasslands & Savannas,Palearctic
53,acid_nh3,cf_median,1.0721351,Sahelian Acacia savanna,7.0,"Tropical & Subtropical Grasslands, Savannas & Shrublands",Afrotropic
716,acid_nh3,cf_median,2.9838824,Sakhalin Island taiga,6.0,Boreal Forests/Taiga,Palearctic
629,acid_nh3,cf_median,0.005434525,Samoan tropical moist forests,1.0,Tropical & Subtropical Moist Broadleaf Forests,Oceania
562,acid_nh3,cf_median,0.80445063,San Félix-San Ambrosio Islands temperate forests,4.0,Temperate Broadleaf & Mixed Forests,Neotropic
607,acid_nh3,cf_median,1.0203665,San Lucan xeric scrub,13.0,Deserts & Xeric Shrublands,Neotropic
425,acid_nh3,cf_median,1.4113129,Santa Lucia Montane Chaparral & Woodlands,12.0,"Mediterranean Forests, Woodlands & Scrub",Nearctic
499,acid_nh3,cf_median,0.45830864,Santa Marta montane forests,1.0,Tropical & Subtropical Moist Broadleaf Forests,Neotropic
594,acid_nh3,cf_median,0.45830864,Santa Marta páramo,10.0,Montane Grasslands & Shrublands,Neotropic
27,acid_nh3,cf_median,0.41202554,"São Tomé, Príncipe, and Annobón forests",1.0,Tropical & Subtropical Moist Broadleaf Forests,Afrotropic
679,acid_nh3,cf_median,2.4490125,Sarmatic mixed forests,4.0,Temperate Broadleaf & Mixed Forests,Palearctic
764,acid_nh3,cf_median,5.7214575,Sayan alpine meadows and tundra,10.0,Montane Grasslands & Shrublands,Palearctic
736,acid_nh3,cf_median,14.184804,Sayan Intermontane steppe,8.0,"Temperate Grasslands, Savannas & Shrublands",Palearctic
707,acid_nh3,cf_median,8.086058,Sayan montane conifer forests,5.0,Temperate Conifer Forests,Palearctic
717,acid_nh3,cf_median,2.8533256,Scandinavian and Russian taiga,6.0,Boreal Forests/Taiga,Palearctic
708,acid_nh3,cf_median,1.275535,Scandinavian coastal conifer forests,5.0,Temperate Conifer Forests,Palearctic
780,acid_nh3,cf_median,3.4003909,Scandinavian Montane Birch forest and grasslands,11.0,Tundra,Palearctic
608,acid_nh3,cf_median,3.3535767,Sechura desert,13.0,Deserts & Xeric Shrublands,Neotropic
737,acid_nh3,cf_median,1.2431692,Selenge-Orkhon forest steppe,8.0,"Temperate Grasslands, Savannas & Shrublands",Palearctic
151,acid_nh3,cf_median,0.15854423,Seram rain forests,1.0,Tropical & Subtropical Moist Broadleaf Forests,Australasia
54,acid_nh3,cf_median,0.60218114,Serengeti volcanic grasslands,7.0,"Tropical & Subtropical Grasslands, Savannas & Shrublands",Afrotropic
500,acid_nh3,cf_median,1.0159681,Serra do Mar coastal forests,1.0,Tropical & Subtropical Moist Broadleaf Forests,Neotropic
680,acid_nh3,cf_median,2.8643024,Sichuan Basin evergreen broadleaf forests,4.0,Temperate Broadleaf & Mixed Forests,Palearctic
544,acid_nh3,cf_median,1.0203665,Sierra de la Laguna dry forests,2.0,Tropical & Subtropical Dry Broadleaf Forests,Neotropic
556,acid_nh3,cf_median,1.0203665,Sierra de la Laguna pine-oak forests,3.0,Tropical & Subtropical Coniferous Forests,Neotropic
501,acid_nh3,cf_median,0.8334279,Sierra de los Tuxtlas,1.0,Tropical & Subtropical Moist Broadleaf Forests,Neotropic
502,acid_nh3,cf_median,0.5139162,Sierra Madre de Chiapas moist forests,1.0,Tropical & Subtropical Moist Broadleaf Forests,Neotropic
557,acid_nh3,cf_median,1.6200789,Sierra Madre de Oaxaca pine-oak forests,3.0,Tropical & Subtropical Coniferous Forests,Neotropic
558,acid_nh3,cf_median,0.77465844,Sierra Madre del Sur pine-oak forests,3.0,Tropical & Subtropical Coniferous Forests,Neotropic
326,acid_nh3,cf_median,1.1298777,Sierra Madre Occidental pine-oak forests,3.0,Tropical & Subtropical Coniferous Forests,Nearctic
327,acid_nh3,cf_median,1.1162271,Sierra Madre Oriental pine-oak forests,3.0,Tropical & Subtropical Coniferous Forests,Nearctic
366,acid_nh3,cf_median,1.941881,Sierra Nevada forests,5.0,Temperate Conifer Forests,Nearctic
214,acid_nh3,cf_median,0.28042895,Simpson desert,13.0,Deserts & Xeric Shrublands,Australasia
545,acid_nh3,cf_median,1.0738273,Sinaloan dry forests,2.0,Tropical & Subtropical Dry Broadleaf Forests,Neotropic
546,acid_nh3,cf_median,0.45830864,Sinú Valley dry forests,2.0,Tropical & Subtropical Dry Broadleaf Forests,Neotropic
434,acid_nh3,cf_median,2.8224173,Snake-Columbia shrub steppe,13.0,Deserts & Xeric Shrublands,Nearctic
630,acid_nh3,cf_median,0.0005529112,Society Islands tropical moist forests,1.0,Tropical & Subtropical Moist Broadleaf Forests,Oceania
105,acid_nh3,cf_median,0.52064496,Socotra Island xeric shrublands,13.0,Deserts & Xeric Shrublands,Afrotropic
503,acid_nh3,cf_median,0.745408,Solimões-Japurá moist forests,1.0,Tropical & Subtropical Moist Broadleaf Forests,Neotropic
152,acid_nh3,cf_median,0.031737283,Solomon Islands rain forests,1.0,Tropical & Subtropical Moist Broadleaf Forests,Australasia
55,acid_nh3,cf_median,0.6323122,Somali Acacia-Commiphora bushlands and thickets,7.0,"Tropical & Subtropical Grasslands, Savannas & Shrublands",Afrotropic
324,acid_nh3,cf_median,1.1711713,Sonoran-Sinaloan subtropical dry forest,2.0,Tropical & Subtropical Dry Broadleaf Forests,Nearctic
435,acid_nh3,cf_median,1.4560343,Sonoran desert,13.0,Deserts & Xeric Shrublands,Nearctic
615,acid_nh3,cf_median,0.982952,South American Pacific mangroves,14.0,Mangroves,Neotropic
802,acid_nh3,cf_median,1.7770363,South Apennine mixed montane forests,12.0,"Mediterranean Forests, Woodlands & Scrub",Palearctic
367,acid_nh3,cf_median,4.2442617,South Central Rockies forests,5.0,Temperate Conifer Forests,Nearctic
268,acid_nh3,cf_median,1.0987722,South China-Vietnam subtropical evergreen forests,1.0,Tropical & Subtropical Moist Broadleaf Forests,Indomalayan
267,acid_nh3,cf_median,0.58272564,South China Sea Islands,1.0,Tropical & Subtropical Moist Broadleaf Forests,Indomalayan
298,acid_nh3,cf_median,0.19459191,South Deccan Plateau dry deciduous forests,2.0,Tropical & Subtropical Dry Broadleaf Forests,Indomalayan
841,acid_nh3,cf_median,1.6543887,South Iran Nubo-Sindian desert and semi-desert,13.0,Deserts & Xeric Shrublands,Palearctic
194,acid_nh3,cf_median,0.37374803,New Zealand South Island montane grasslands,10.0,Montane Grasslands & Shrublands,Australasia
172,acid_nh3,cf_median,0.6833796,New Zealand South Island temperate forests,4.0,Temperate Broadleaf & Mixed Forests,Australasia
842,acid_nh3,cf_median,1.0486306,South Sahara desert,13.0,Deserts & Xeric Shrublands,Palearctic
738,acid_nh3,cf_median,4.135868,South Siberian forest steppe,8.0,"Temperate Grasslands, Savannas & Shrublands",Palearctic
269,acid_nh3,cf_median,0.7554819,South Taiwan monsoon rain forests,1.0,Tropical & Subtropical Moist Broadleaf Forests,Indomalayan
270,acid_nh3,cf_median,0.2464197,South Western Ghats moist deciduous forests,1.0,Tropical & Subtropical Moist Broadleaf Forests,Indomalayan
271,acid_nh3,cf_median,0.25479263,South Western Ghats montane rain forests,1.0,Tropical & Subtropical Moist Broadleaf Forests,Indomalayan
176,acid_nh3,cf_median,0.2822285,Southeast Australia temperate forests,4.0,Temperate Broadleaf & Mixed Forests,Australasia
192,acid_nh3,cf_median,0.161458,Southeast Australia temperate savanna,8.0,"Temperate Grasslands, Savannas & Shrublands",Australasia
765,acid_nh3,cf_median,2.9548802,Southeast Tibet shrublands and meadows,10.0,Montane Grasslands & Shrublands,Palearctic
400,acid_nh3,cf_median,5.267315,Southeast US mixed woodlands and savannas,8.0,"Temperate Grasslands, Savannas & Shrublands",Nearctic
399,acid_nh3,cf_median,3.7671676,Southeast US conifer savannas,8.0,"Temperate Grasslands, Savannas & Shrublands",Nearctic
803,acid_nh3,cf_median,0.9688237,Southeast Iberian shrubs and woodlands,12.0,"Mediterranean Forests, Woodlands & Scrub",Palearctic
299,acid_nh3,cf_median,0.51646626,Southeast Indochina dry evergreen forests,2.0,Tropical & Subtropical Dry Broadleaf Forests,Indomalayan
153,acid_nh3,cf_median,0.10619352,Southeast Papuan rain forests,1.0,Tropical & Subtropical Moist Broadleaf Forests,Australasia
57,acid_nh3,cf_median,0.5441902,Southern Acacia-Commiphora bushlands and thickets,7.0,"Tropical & Subtropical Grasslands, Savannas & Shrublands",Afrotropic
116,acid_nh3,cf_median,0.48001793,Southern Africa mangroves,14.0,Mangroves,Afrotropic
804,acid_nh3,cf_median,1.1329246,Southern Anatolian montane conifer and deciduous forests,12.0,"Mediterranean Forests, Woodlands & Scrub",Palearctic
595,acid_nh3,cf_median,1.5507295,Southern Andean steppe,10.0,Montane Grasslands & Shrublands,Neotropic
504,acid_nh3,cf_median,0.77752036,Southern Andean Yungas,1.0,Tropical & Subtropical Moist Broadleaf Forests,Neotropic
272,acid_nh3,cf_median,0.53142107,Southern Annamites montane rain forests,1.0,Tropical & Subtropical Moist Broadleaf Forests,Indomalayan
616,acid_nh3,cf_median,0.75497067,Southern Atlantic Brazilian mangroves,14.0,Mangroves,Neotropic
586,acid_nh3,cf_median,0.5022576,Southern Cone Mesopotamian savanna,9.0,Flooded Grasslands & Savannas,Neotropic
58,acid_nh3,cf_median,1.038359,Southern Congolian forest-savanna,7.0,"Tropical & Subtropical Grasslands, Savannas & Shrublands",Afrotropic
342,acid_nh3,cf_median,5.1044583,Southern Great Lakes forests,4.0,Temperate Broadleaf & Mixed Forests,Nearctic
382,acid_nh3,cf_median,4.5597,Southern Hudson Bay taiga,6.0,Boreal Forests/Taiga,Nearctic
681,acid_nh3,cf_median,1.5720439,Southern Korea evergreen forests,4.0,Temperate Broadleaf & Mixed Forests,Palearctic
617,acid_nh3,cf_median,0.5139162,Southern Mesoamerican Pacific mangroves,14.0,Mangroves,Neotropic
154,acid_nh3,cf_median,0.15082362,Southern New Guinea freshwater swamp forests,1.0,Tropical & Subtropical Moist Broadleaf Forests,Australasia
155,acid_nh3,cf_median,0.1689951,Southern New Guinea lowland rain forests,1.0,Tropical & Subtropical Moist Broadleaf Forests,Australasia
547,acid_nh3,cf_median,0.74679464,Southern Pacific dry forests,2.0,Tropical & Subtropical Dry Broadleaf Forests,Neotropic
87,acid_nh3,cf_median,0.8333595,Southern Rift Montane forest-grassland,10.0,Montane Grasslands & Shrublands,Afrotropic
28,acid_nh3,cf_median,0.48221654,Southern Swahili coastal forests and woodlands,1.0,Tropical & Subtropical Moist Broadleaf Forests,Afrotropic
300,acid_nh3,cf_median,0.6047031,Southern Vietnam lowland dry forests,2.0,Tropical & Subtropical Dry Broadleaf Forests,Indomalayan
505,acid_nh3,cf_median,0.9917103,Southwest Amazon moist forests,1.0,Tropical & Subtropical Moist Broadleaf Forests,Neotropic
108,acid_nh3,cf_median,1.3985484,Southwest Arabian Escarpment shrublands and woodlands,13.0,Deserts & Xeric Shrublands,Afrotropic
109,acid_nh3,cf_median,1.9703218,Southwest Arabian highland xeric scrub,13.0,Deserts & Xeric Shrublands,Afrotropic
205,acid_nh3,cf_median,0.17736109,Southwest Australia savanna,12.0,"Mediterranean Forests, Woodlands & Scrub",Australasia
206,acid_nh3,cf_median,0.2527298,Southwest Australia woodlands,12.0,"Mediterranean Forests, Woodlands & Scrub",Australasia
273,acid_nh3,cf_median,0.39190266,Southwest Borneo freshwater swamp forests,1.0,Tropical & Subtropical Moist Broadleaf Forests,Indomalayan
805,acid_nh3,cf_median,1.1103017,Southwest Iberian Mediterranean sclerophyllous and mixed forests,12.0,"Mediterranean Forests, Woodlands & Scrub",Palearctic
301,acid_nh3,cf_median,0.20961179,Sri Lanka dry-zone dry evergreen forests,2.0,Tropical & Subtropical Dry Broadleaf Forests,Indomalayan
274,acid_nh3,cf_median,0.20538275,Sri Lanka lowland rain forests,1.0,Tropical & Subtropical Moist Broadleaf Forests,Indomalayan
275,acid_nh3,cf_median,0.20538275,Sri Lanka montane rain forests,1.0,Tropical & Subtropical Moist Broadleaf Forests,Indomalayan
609,acid_nh3,cf_median,0.24698418,St. Peter and St. Paul Rocks,13.0,Deserts & Xeric Shrublands,Neotropic
110,acid_nh3,cf_median,0.30675152,Succulent Karoo xeric shrublands,13.0,Deserts & Xeric Shrublands,Afrotropic
74,acid_nh3,cf_median,0.7199216,Sudd flooded grasslands,9.0,Flooded Grasslands & Savannas,Afrotropic
746,acid_nh3,cf_median,8.886993,Suiphun-Khanka meadows and forest meadows,9.0,Flooded Grasslands & Savannas,Palearctic
766,acid_nh3,cf_median,2.5000794,Sulaiman Range alpine meadows,10.0,Montane Grasslands & Shrublands,Palearctic
157,acid_nh3,cf_median,0.19495489,Sulawesi montane rain forests,1.0,Tropical & Subtropical Moist Broadleaf Forests,Australasia
276,acid_nh3,cf_median,0.28248736,Sulu Archipelago rain forests,1.0,Tropical & Subtropical Moist Broadleaf Forests,Indomalayan
277,acid_nh3,cf_median,0.50665545,Sumatran freshwater swamp forests,1.0,Tropical & Subtropical Moist Broadleaf Forests,Indomalayan
278,acid_nh3,cf_median,0.44775888,Sumatran lowland rain forests,1.0,Tropical & Subtropical Moist Broadleaf Forests,Indomalayan
279,acid_nh3,cf_median,0.50665545,Sumatran montane rain forests,1.0,Tropical & Subtropical Moist Broadleaf Forests,Indomalayan
280,acid_nh3,cf_median,0.46508753,Sumatran peat swamp forests,1.0,Tropical & Subtropical Moist Broadleaf Forests,Indomalayan
305,acid_nh3,cf_median,0.416489,Sumatran tropical pine forests,3.0,Tropical & Subtropical Coniferous Forests,Indomalayan
165,acid_nh3,cf_median,0.14784983,Sumba deciduous forests,2.0,Tropical & Subtropical Dry Broadleaf Forests,Australasia
322,acid_nh3,cf_median,0.31886315,Sunda Shelf mangroves,14.0,Mangroves,Indomalayan
281,acid_nh3,cf_median,0.30503714,Sundaland heath forests,1.0,Tropical & Subtropical Moist Broadleaf Forests,Indomalayan
282,acid_nh3,cf_median,0.5850942,Sundarbans freshwater swamp forests,1.0,Tropical & Subtropical Moist Broadleaf Forests,Indomalayan
323,acid_nh3,cf_median,0.5850942,Sundarbans mangroves,14.0,Mangroves,Indomalayan
739,acid_nh3,cf_median,1.2061257,Syrian xeric grasslands and shrublands,8.0,"Temperate Grasslands, Savannas & Shrublands",Palearctic
682,acid_nh3,cf_median,1.4026297,Taiheiyo evergreen forests,4.0,Temperate Broadleaf & Mixed Forests,Palearctic
683,acid_nh3,cf_median,1.9133652,Taiheiyo montane deciduous forests,4.0,Temperate Broadleaf & Mixed Forests,Palearctic
781,acid_nh3,cf_median,0.09605209,Taimyr-Central Siberian tundra,11.0,Tundra,Palearctic
283,acid_nh3,cf_median,1.0569756,Taiwan subtropical evergreen forests,1.0,Tropical & Subtropical Moist Broadleaf Forests,Indomalayan
843,acid_nh3,cf_median,3.4862638,Taklimakan desert,13.0,Deserts & Xeric Shrublands,Palearctic
506,acid_nh3,cf_median,0.7215843,Talamancan montane forests,1.0,Tropical & Subtropical Moist Broadleaf Forests,Neotropic
436,acid_nh3,cf_median,1.0468029,Tamaulipan matorral,13.0,Deserts & Xeric Shrublands,Nearctic
437,acid_nh3,cf_median,1.2627734,Tamaulipan mezquital,13.0,Deserts & Xeric Shrublands,Nearctic
507,acid_nh3,cf_median,1.5176243,Tapajós-Xingu moist forests,1.0,Tropical & Subtropical Moist Broadleaf Forests,Neotropic
684,acid_nh3,cf_median,4.2255154,Tarim Basin deciduous forests and steppe,4.0,Temperate Broadleaf & Mixed Forests,Palearctic
177,acid_nh3,cf_median,1.2036076,Tasmanian Central Highland forests,4.0,Temperate Broadleaf & Mixed Forests,Australasia
178,acid_nh3,cf_median,0.15148786,Tasmanian temperate forests,4.0,Temperate Broadleaf & Mixed Forests,Australasia
179,acid_nh3,cf_median,1.2036076,Tasmanian temperate rain forests,4.0,Temperate Broadleaf & Mixed Forests,Australasia
610,acid_nh3,cf_median,1.7539712,Tehuacán Valley matorral,13.0,Deserts & Xeric Shrublands,Neotropic
284,acid_nh3,cf_median,0.42366314,Tenasserim-South Thailand semi-evergreen rain forests,1.0,Tropical & Subtropical Moist Broadleaf Forests,Indomalayan
311,acid_nh3,cf_median,1.0968652,Terai-Duar savanna and grasslands,7.0,"Tropical & Subtropical Grasslands, Savannas & Shrublands",Indomalayan
401,acid_nh3,cf_median,1.7612149,Texas blackland prairies,8.0,"Temperate Grasslands, Savannas & Shrublands",Nearctic
318,acid_nh3,cf_median,4.8083,Thar desert,13.0,Deserts & Xeric Shrublands,Indomalayan
740,acid_nh3,cf_median,12.84607,Tian Shan foothill arid steppe,8.0,"Temperate Grasslands, Savannas & Shrublands",Palearctic
709,acid_nh3,cf_median,11.6652975,Tian Shan montane conifer forests,5.0,Temperate Conifer Forests,Palearctic
767,acid_nh3,cf_median,10.046707,Tian Shan montane steppe and meadows,10.0,Montane Grasslands & Shrublands,Palearctic
844,acid_nh3,cf_median,1.1279703,Tibesti-Jebel Uweinat montane xeric woodlands,13.0,Deserts & Xeric Shrublands,Palearctic
768,acid_nh3,cf_median,2.2962499,Tibetan Plateau alpine shrublands and meadows,10.0,Montane Grasslands & Shrublands,Palearctic
747,acid_nh3,cf_median,1.4986176,Tigris-Euphrates alluvial salt marsh,9.0,Flooded Grasslands & Savannas,Palearctic
166,acid_nh3,cf_median,0.13717778,Timor and Wetar deciduous forests,2.0,Tropical & Subtropical Dry Broadleaf Forests,Australasia
215,acid_nh3,cf_median,0.18919218,Tirari-Sturt stony desert,13.0,Deserts & Xeric Shrublands,Australasia
631,acid_nh3,cf_median,0.010169887,Tongan tropical moist forests,1.0,Tropical & Subtropical Moist Broadleaf Forests,Oceania
286,acid_nh3,cf_median,0.39070958,Tonle Sap-Mekong peat swamp forests,1.0,Tropical & Subtropical Moist Broadleaf Forests,Indomalayan
285,acid_nh3,cf_median,0.4516403,Tonle Sap freshwater swamp forests,1.0,Tropical & Subtropical Moist Broadleaf Forests,Indomalayan
421,acid_nh3,cf_median,2.841863,Torngat Mountain tundra,11.0,Tundra,Nearctic
782,acid_nh3,cf_median,1.3649281,Trans-Baikal Bald Mountain tundra,11.0,Tundra,Palearctic
718,acid_nh3,cf_median,0.9243332,Trans-Baikal conifer forests,6.0,Boreal Forests/Taiga,Palearctic
559,acid_nh3,cf_median,1.2063444,Trans-Mexican Volcanic Belt pine-oak forests,3.0,Tropical & Subtropical Coniferous Forests,Neotropic
188,acid_nh3,cf_median,0.1689951,Trans Fly savanna and grasslands,7.0,"Tropical & Subtropical Grasslands, Savannas & Shrublands",Australasia
510,acid_nh3,cf_median,0.5934683,Trinidad and Tobago moist forest,1.0,Tropical & Subtropical Moist Broadleaf Forests,Neotropic
68,acid_nh3,cf_median,0.05377623,Tristan Da Cunha-Gough Islands shrub and grasslands,8.0,"Temperate Grasslands, Savannas & Shrublands",Afrotropic
158,acid_nh3,cf_median,0.0700738,Trobriand Islands rain forests,1.0,Tropical & Subtropical Moist Broadleaf Forests,Australasia
632,acid_nh3,cf_median,0.0005497439,Tuamotu tropical moist forests,1.0,Tropical & Subtropical Moist Broadleaf Forests,Oceania
633,acid_nh3,cf_median,0.0009250806,Tubuai tropical moist forests,1.0,Tropical & Subtropical Moist Broadleaf Forests,Oceania
549,acid_nh3,cf_median,0.55110526,Tumbes-Piura dry forests,2.0,Tropical & Subtropical Dry Broadleaf Forests,Neotropic
806,acid_nh3,cf_median,1.7877324,Tyrrhenian-Adriatic sclerophyllous and mixed forests,12.0,"Mediterranean Forests, Woodlands & Scrub",Palearctic
511,acid_nh3,cf_median,1.2834327,Uatumã-Trombetas moist forests,1.0,Tropical & Subtropical Moist Broadleaf Forests,Neotropic
512,acid_nh3,cf_median,1.8837619,Ucayali moist forests,1.0,Tropical & Subtropical Moist Broadleaf Forests,Neotropic
287,acid_nh3,cf_median,0.9145526,Upper Gangetic Plains moist deciduous forests,1.0,Tropical & Subtropical Moist Broadleaf Forests,Indomalayan
343,acid_nh3,cf_median,3.7374,Upper Midwest US forest-savanna transition,4.0,Temperate Broadleaf & Mixed Forests,Nearctic
719,acid_nh3,cf_median,6.362571,Urals montane forest and taiga,6.0,Boreal Forests/Taiga,Palearctic
574,acid_nh3,cf_median,0.32779154,Uruguayan savanna,7.0,"Tropical & Subtropical Grasslands, Savannas & Shrublands",Neotropic
685,acid_nh3,cf_median,10.713556,Ussuri broadleaf and mixed forests,4.0,Temperate Broadleaf & Mixed Forests,Palearctic
563,acid_nh3,cf_median,0.9587336,Valdivian temperate forests,4.0,Temperate Broadleaf & Mixed Forests,Neotropic
159,acid_nh3,cf_median,0.02841622,Vanuatu rain forests,1.0,Tropical & Subtropical Moist Broadleaf Forests,Australasia
513,acid_nh3,cf_median,0.5464442,Venezuelan Andes montane forests,1.0,Tropical & Subtropical Moist Broadleaf Forests,Neotropic
550,acid_nh3,cf_median,1.4542167,Veracruz dry forests,2.0,Tropical & Subtropical Dry Broadleaf Forests,Neotropic
514,acid_nh3,cf_median,0.92955565,Veracruz moist forests,1.0,Tropical & Subtropical Moist Broadleaf Forests,Neotropic
515,acid_nh3,cf_median,2.2536986,Veracruz montane forests,1.0,Tropical & Subtropical Moist Broadleaf Forests,Neotropic
189,acid_nh3,cf_median,0.46542355,Victoria Plains tropical savanna,7.0,"Tropical & Subtropical Grasslands, Savannas & Shrublands",Australasia
161,acid_nh3,cf_median,0.15189773,Vogelkop-Aru lowland rain forests,1.0,Tropical & Subtropical Moist Broadleaf Forests,Australasia
160,acid_nh3,cf_median,0.15189773,Vogelkop montane rain forests,1.0,Tropical & Subtropical Moist Broadleaf Forests,Australasia
368,acid_nh3,cf_median,2.5910814,Wasatch and Uinta montane forests,5.0,Temperate Conifer Forests,Nearctic
383,acid_nh3,cf_median,2.0312312,Watson Highlands taiga,6.0,Boreal Forests/Taiga,Nearctic
845,acid_nh3,cf_median,1.0152612,West Sahara desert,13.0,Deserts & Xeric Shrublands,Palearctic
846,acid_nh3,cf_median,1.0749106,West Saharan montane xeric woodlands,13.0,Deserts & Xeric Shrublands,Palearctic
720,acid_nh3,cf_median,2.1658618,West Siberian taiga,6.0,Boreal Forests/Taiga,Palearctic
62,acid_nh3,cf_median,0.6772034,West Sudanian savanna,7.0,"Tropical & Subtropical Grasslands, Savannas & Shrublands",Afrotropic
216,acid_nh3,cf_median,0.19548887,Western Australian Mulga shrublands,13.0,Deserts & Xeric Shrublands,Australasia
29,acid_nh3,cf_median,1.6642381,Western Congolian swamp forests,1.0,Tropical & Subtropical Moist Broadleaf Forests,Afrotropic
516,acid_nh3,cf_median,0.9923715,Western Ecuador moist forests,1.0,Tropical & Subtropical Moist Broadleaf Forests,Neotropic
686,acid_nh3,cf_median,5.84082,Western European broadleaf forests,4.0,Temperate Broadleaf & Mixed Forests,Palearctic
344,acid_nh3,cf_median,8.714144,Western Great Lakes forests,4.0,Temperate Broadleaf & Mixed Forests,Nearctic
30,acid_nh3,cf_median,1.7949256,Western Guinean lowland forests,1.0,Tropical & Subtropical Moist Broadleaf Forests,Afrotropic
384,acid_nh3,cf_median,1.4317026,Western Gulf coastal grasslands,7.0,"Tropical & Subtropical Grasslands, Savannas & Shrublands",Nearctic
769,acid_nh3,cf_median,1.9694464,Western Himalayan alpine shrub and meadows,10.0,Montane Grasslands & Shrublands,Palearctic
308,acid_nh3,cf_median,3.3021624,Western Himalayan broadleaf forests,4.0,Temperate Broadleaf & Mixed Forests,Indomalayan
310,acid_nh3,cf_median,2.1787305,Western Himalayan subalpine conifer forests,5.0,Temperate Conifer Forests,Indomalayan
288,acid_nh3,cf_median,0.27082956,Western Java montane rain forests,1.0,Tropical & Subtropical Moist Broadleaf Forests,Indomalayan
289,acid_nh3,cf_median,0.27082956,Western Java rain forests,1.0,Tropical & Subtropical Moist Broadleaf Forests,Indomalayan
634,acid_nh3,cf_median,0.006824147,Western Polynesian tropical moist forests,1.0,Tropical & Subtropical Moist Broadleaf Forests,Oceania
402,acid_nh3,cf_median,2.0613585,Western shortgrass prairie,8.0,"Temperate Grasslands, Savannas & Shrublands",Nearctic
687,acid_nh3,cf_median,2.0947542,Western Siberian hemiboreal forests,4.0,Temperate Broadleaf & Mixed Forests,Palearctic
180,acid_nh3,cf_median,0.33955476,Westland temperate forests,4.0,Temperate Broadleaf & Mixed Forests,Australasia
403,acid_nh3,cf_median,3.4927125,Willamette Valley oak savanna,8.0,"Temperate Grasslands, Savannas & Shrublands",Nearctic
517,acid_nh3,cf_median,0.5862229,Windward Islands moist forests,1.0,Tropical & Subtropical Moist Broadleaf Forests,Neotropic
783,acid_nh3,cf_median,0.18161377,Wrangel Island Arctic desert,11.0,Tundra,Palearctic
438,acid_nh3,cf_median,2.8240824,Wyoming Basin shrub steppe,13.0,Deserts & Xeric Shrublands,Nearctic
518,acid_nh3,cf_median,1.5526739,Xingu-Tocantins-Araguaia moist forests,1.0,Tropical & Subtropical Moist Broadleaf Forests,Neotropic
784,acid_nh3,cf_median,0.13233328,Yamal-Gydan tundra,11.0,Tundra,Palearctic
638,acid_nh3,cf_median,0.19277899,Yap tropical dry forests,2.0,Tropical & Subtropical Dry Broadleaf Forests,Oceania
162,acid_nh3,cf_median,0.14404298,Yapen rain forests,1.0,Tropical & Subtropical Moist Broadleaf Forests,Australasia
770,acid_nh3,cf_median,1.8912373,Yarlung Zanbo arid steppe,10.0,Montane Grasslands & Shrublands,Palearctic
748,acid_nh3,cf_median,1.0673367,Yellow Sea saline meadow,9.0,Flooded Grasslands & Savannas,Palearctic
551,acid_nh3,cf_median,0.7672026,Yucatán dry forests,2.0,Tropical & Subtropical Dry Broadleaf Forests,Neotropic
519,acid_nh3,cf_median,0.69040424,Yucatán moist forests,1.0,Tropical & Subtropical Moist Broadleaf Forests,Neotropic
643,acid_nh3,cf_median,1.7046351,Yunnan Plateau subtropical evergreen forests,1.0,Tropical & Subtropical Moist Broadleaf Forests,Palearctic
688,acid_nh3,cf_median,1.5841448,Zagros Mountains forest steppe,4.0,Temperate Broadleaf & Mixed Forests,Palearctic
66,acid_nh3,cf_median,0.5359627,Zambezian-Limpopo mixed woodlands,7.0,"Tropical & Subtropical Grasslands, Savannas & Shrublands",Afrotropic
64,acid_nh3,cf_median,0.5231507,Zambezian Baikiaea woodlands,7.0,"Tropical & Subtropical Grasslands, Savannas & Shrublands",Afrotropic
75,acid_nh3,cf_median,0.42773688,Zambezian coastal flooded savanna,9.0,Flooded Grasslands & Savannas,Afrotropic
42,acid_nh3,cf_median,0.5383397,Dry miombo woodlands,7.0,"Tropical & Subtropical Grasslands, Savannas & Shrublands",Afrotropic
33,acid_nh3,cf_median,0.66766083,Zambezian evergreen dry forests,2.0,Tropical & Subtropical Dry Broadleaf Forests,Afrotropic
76,acid_nh3,cf_median,0.66852754,Zambezian flooded grasslands,9.0,Flooded Grasslands & Savannas,Afrotropic
65,acid_nh3,cf_median,0.8333595,Zambezian mopane woodlands,7.0,"Tropical & Subtropical Grasslands, Savannas & Shrublands",Afrotropic
524,acid_nh3,cf_median,1.3799542,Brazilian Atlantic dry forests,2.0,Tropical & Subtropical Dry Broadleaf Forests,Neotropic
380,acid_nh3,cf_median,3.247754,Northern Cordillera forests,6.0,Boreal Forests/Taiga,Nearctic
60,acid_nh3,cf_median,0.14067242,St. Helena scrub and woodlands,7.0,"Tropical & Subtropical Grasslands, Savannas & Shrublands",Afrotropic
61,acid_nh3,cf_median,0.9032313,Victoria Basin forest-savanna,7.0,"Tropical & Subtropical Grasslands, Savannas & Shrublands",Afrotropic
63,acid_nh3,cf_median,1.1392506,Western Congolian forest-savanna,7.0,"Tropical & Subtropical Grasslands, Savannas & Shrublands",Afrotropic
78,acid_nh3,cf_median,0.83190304,East African montane moorlands,10.0,Montane Grasslands & Shrublands,Afrotropic
365,acid_nh3,cf_median,2.183013,Queen Charlotte Islands conifer forests,5.0,Temperate Conifer Forests,Nearctic
360,acid_nh3,cf_median,2.338173,Northern Pacific Alaskan coastal forests,5.0,Temperate Conifer Forests,Nearctic
381,acid_nh3,cf_median,1.4193096,Northwest Territories taiga,6.0,Boreal Forests/Taiga,Nearctic
107,acid_nh3,cf_median,0.94251865,Southwest Arabian coastal xeric shrublands,13.0,Deserts & Xeric Shrublands,Afrotropic
811,acid_nh3,cf_median,2.4965265,Arabian-Persian Gulf coastal plain desert,13.0,Deserts & Xeric Shrublands,Palearctic
840,acid_nh3,cf_median,0.94850504,South Arabian plains and plateau desert,13.0,Deserts & Xeric Shrublands,Palearctic
809,acid_nh3,cf_median,2.2113776,Arabian desert,13.0,Deserts & Xeric Shrublands,Palearctic
552,acid_nh3,cf_median,1.0668176,Bahamian pineyards,3.0,Tropical & Subtropical Coniferous Forests,Neotropic
96,acid_nh3,cf_median,0.5122951,Ile Europa and Bassas da India xeric scrub,13.0,Deserts & Xeric Shrublands,Afrotropic
773,acid_nh3,cf_median,3.2276123,Kamchatka tundra,11.0,Tundra,Palearctic
508,acid_nh3,cf_median,1.4775289,Tocantins/Pindare moist forests,1.0,Tropical & Subtropical Moist Broadleaf Forests,Neotropic
417,acid_nh3,cf_median,0.12918533,Kalaallit Nunaat Arctic steppe,11.0,Tundra,Nearctic
358,acid_nh3,cf_median,25.21675,North Cascades conifer forests,5.0,Temperate Conifer Forests,Nearctic
361,acid_nh3,cf_median,9.809057,Northern Rockies conifer forests,5.0,Temperate Conifer Forests,Nearctic
509,acid_nh3,cf_median,0.40666485,Trindade-Martin Vaz Islands tropical forests,1.0,Tropical & Subtropical Moist Broadleaf Forests,Neotropic
59,acid_nh3,cf_median,1.3985484,Southwest Arabian montane woodlands and grasslands,7.0,"Tropical & Subtropical Grasslands, Savannas & Shrublands",Afrotropic
56,acid_nh3,cf_median,0.80455506,"South Arabian fog woodlands, shrublands, and dune",7.0,"Tropical & Subtropical Grasslands, Savannas & Shrublands",Afrotropic
548,acid_nh3,cf_median,0.5934683,Trinidad and Tobago dry forest,2.0,Tropical & Subtropical Dry Broadleaf Forests,Neotropic
537,acid_nh3,cf_median,0.5862229,Lesser Antillean dry forests,2.0,Tropical & Subtropical Dry Broadleaf Forests,Neotropic
672,acid_nh3,cf_median,0.5993227,North Atlantic moist mixed forests,4.0,Temperate Broadleaf & Mixed Forests,Palearctic
156,acid_nh3,cf_median,0.19495489,Sulawesi lowland rain forests,1.0,Tropical & Subtropical Moist Broadleaf Forests,Australasia
8,acid_nh3,cf_median,0.83190304,East African montane forests,1.0,Tropical & Subtropical Moist Broadleaf Forests,Afrotropic
9,acid_nh3,cf_median,0.50066745,Eastern Arc forests,1.0,Tropical & Subtropical Moist Broadleaf Forests,Afrotropic
220,acid_nh3,cf_median,0.30055887,Borneo montane rain forests,1.0,Tropical & Subtropical Moist Broadleaf Forests,Indomalayan
313,acid_nh3,cf_median,0.3236841,Kinabalu montane alpine meadows,10.0,Montane Grasslands & Shrublands,Indomalayan
135,acid_nh3,cf_std,0.0044890116,Admiralty Islands lowland rain forests,1.0,Tropical & Subtropical Moist Broadleaf Forests,Australasia
785,acid_nh3,cf_std,0.52433395,Aegean and Western Turkey sclerophyllous and mixed forests,12.0,"Mediterranean Forests, Woodlands & Scrub",Palearctic
807,acid_nh3,cf_std,1.387685,Afghan Mountains semi-desert,13.0,Deserts & Xeric Shrublands,Palearctic
404,acid_nh3,cf_std,0.25169206,Ahklun and Kilbuck Upland Tundra,11.0,Tundra,Nearctic
722,acid_nh3,cf_std,0.84267455,Al-Hajar foothill xeric woodlands and shrublands,8.0,"Temperate Grasslands, Savannas & Shrublands",Palearctic
723,acid_nh3,cf_std,0.66833514,Al-Hajar montane woodlands and shrublands,8.0,"Temperate Grasslands, Savannas & Shrublands",Palearctic
721,acid_nh3,cf_std,0.6843536,Alai-Western Tian Shan steppe,8.0,"Temperate Grasslands, Savannas & Shrublands",Palearctic
808,acid_nh3,cf_std,1.1517483,Alashan Plateau semi-desert,13.0,Deserts & Xeric Shrublands,Palearctic
405,acid_nh3,cf_std,2.129181,Alaska-St. Elias Range tundra,11.0,Tundra,Nearctic
369,acid_nh3,cf_std,0.6578643,Alaska Peninsula montane taiga,6.0,Boreal Forests/Taiga,Nearctic
88,acid_nh3,cf_std,0.044222683,Albany thickets,12.0,"Mediterranean Forests, Woodlands & Scrub",Afrotropic
345,acid_nh3,cf_std,3.7286448,Alberta-British Columbia foothills forests,5.0,Temperate Conifer Forests,Nearctic
1,acid_nh3,cf_std,0.10204106,Albertine Rift montane forests,1.0,Tropical & Subtropical Moist Broadleaf Forests,Afrotropic
91,acid_nh3,cf_std,0.0,Aldabra Island xeric scrub,13.0,Deserts & Xeric Shrublands,Afrotropic
406,acid_nh3,cf_std,0.06141933,Aleutian Islands tundra,11.0,Tundra,Nearctic
328,acid_nh3,cf_std,1.7144015,Allegheny Highlands forests,4.0,Temperate Broadleaf & Mixed Forests,Nearctic
689,acid_nh3,cf_std,1.0737592,Alps conifer and mixed forests,5.0,Temperate Conifer Forests,Palearctic
749,acid_nh3,cf_std,5.648941,Altai alpine meadow and tundra,10.0,Montane Grasslands & Shrublands,Palearctic
690,acid_nh3,cf_std,5.7073774,Altai montane forest and forest steppe,5.0,Temperate Conifer Forests,Palearctic
724,acid_nh3,cf_std,2.3248,Altai steppe and semi-desert,8.0,"Temperate Grasslands, Savannas & Shrublands",Palearctic
439,acid_nh3,cf_std,0.515048,Alto Paraná Atlantic forests,1.0,Tropical & Subtropical Moist Broadleaf Forests,Neotropic
611,acid_nh3,cf_std,0.28043577,Amazon-Orinoco-Southern Caribbean mangroves,14.0,Mangroves,Neotropic
67,acid_nh3,cf_std,0.00023258329,Amsterdam-Saint Paul Islands temperate grasslands,8.0,"Temperate Grasslands, Savannas & Shrublands",Afrotropic
741,acid_nh3,cf_std,3.4483702,Amur meadow steppe,9.0,Flooded Grasslands & Savannas,Palearctic
786,acid_nh3,cf_std,0.1936444,Anatolian conifer and deciduous mixed forests,12.0,"Mediterranean Forests, Woodlands & Scrub",Palearctic
218,acid_nh3,cf_std,0.025283756,Andaman Islands rain forests,1.0,Tropical & Subtropical Moist Broadleaf Forests,Indomalayan
77,acid_nh3,cf_std,0.303437,Angolan montane forest-grassland,10.0,Montane Grasslands & Shrublands,Afrotropic
34,acid_nh3,cf_std,0.8620383,Angolan mopane woodlands,7.0,"Tropical & Subtropical Grasslands, Savannas & Shrublands",Afrotropic
35,acid_nh3,cf_std,0.2082976,Angolan scarp savanna and woodlands,7.0,"Tropical & Subtropical Grasslands, Savannas & Shrublands",Afrotropic
36,acid_nh3,cf_std,0.27539638,Angolan wet miombo woodlands,7.0,"Tropical & Subtropical Grasslands, Savannas & Shrublands",Afrotropic
196,acid_nh3,cf_std,0.014903088,Antipodes Subantarctic Islands tundra,11.0,Tundra,Australasia
331,acid_nh3,cf_std,2.756695,Appalachian-Blue Ridge forests,4.0,Temperate Broadleaf & Mixed Forests,Nearctic
329,acid_nh3,cf_std,2.965117,Appalachian mixed mesophytic forests,4.0,Temperate Broadleaf & Mixed Forests,Nearctic
330,acid_nh3,cf_std,1.7787191,Appalachian Piedmont forests,4.0,Temperate Broadleaf & Mixed Forests,Nearctic
644,acid_nh3,cf_std,0.5652264,Appenine deciduous montane forests,4.0,Temperate Broadleaf & Mixed Forests,Palearctic
520,acid_nh3,cf_std,0.27317828,Apure-Villavicencio dry forests,2.0,Tropical & Subtropical Dry Broadleaf Forests,Neotropic
810,acid_nh3,cf_std,2.0850527,Arabian sand desert,13.0,Deserts & Xeric Shrublands,Palearctic
440,acid_nh3,cf_std,0.58006793,Araucaria moist forests,1.0,Tropical & Subtropical Moist Broadleaf Forests,Neotropic
597,acid_nh3,cf_std,0.03959496,Araya and Paria xeric scrub,13.0,Deserts & Xeric Shrublands,Neotropic
407,acid_nh3,cf_std,0.3749471,Arctic coastal tundra,11.0,Tundra,Nearctic
778,acid_nh3,cf_std,0.079455465,Russian Arctic desert,11.0,Tundra,Palearctic
408,acid_nh3,cf_std,0.50209385,Arctic foothills tundra,11.0,Tundra,Nearctic
346,acid_nh3,cf_std,0.26903656,Arizona Mountains forests,5.0,Temperate Conifer Forests,Nearctic
181,acid_nh3,cf_std,0.027832381,Arnhem Land tropical savanna,7.0,"Tropical & Subtropical Grasslands, Savannas & Shrublands",Australasia
37,acid_nh3,cf_std,0.0,Ascension scrub and grasslands,7.0,"Tropical & Subtropical Grasslands, Savannas & Shrublands",Afrotropic
598,acid_nh3,cf_std,1.5494852,Atacama desert,13.0,Deserts & Xeric Shrublands,Neotropic
441,acid_nh3,cf_std,0.30478686,Atlantic Coast restingas,1.0,Tropical & Subtropical Moist Broadleaf Forests,Neotropic
839,acid_nh3,cf_std,0.06848732,Saharan Atlantic coastal desert,13.0,Deserts & Xeric Shrublands,Palearctic
347,acid_nh3,cf_std,1.5338017,Atlantic coastal pine barrens,5.0,Temperate Conifer Forests,Nearctic
5,acid_nh3,cf_std,0.4982917,Congolian coastal forests,1.0,Tropical & Subtropical Moist Broadleaf Forests,Afrotropic
664,acid_nh3,cf_std,1.7898175,European Atlantic mixed forests,4.0,Temperate Broadleaf & Mixed Forests,Palearctic
193,acid_nh3,cf_std,0.15773073,Australian Alps montane grasslands,10.0,Montane Grasslands & Shrublands,Australasia
812,acid_nh3,cf_std,1.0241448,Azerbaijan shrub desert and steppe,13.0,Deserts & Xeric Shrublands,Palearctic
645,acid_nh3,cf_std,0.02473362,Azores temperate mixed forests,4.0,Temperate Broadleaf & Mixed Forests,Palearctic
813,acid_nh3,cf_std,1.0731672,Badghyz and Karabil semi-desert,13.0,Deserts & Xeric Shrublands,Palearctic
612,acid_nh3,cf_std,1.229374,Bahamian-Antillean mangroves,14.0,Mangroves,Neotropic
442,acid_nh3,cf_std,0.35554263,Bahia coastal forests,1.0,Tropical & Subtropical Moist Broadleaf Forests,Neotropic
443,acid_nh3,cf_std,0.63354915,Bahia interior forests,1.0,Tropical & Subtropical Moist Broadleaf Forests,Neotropic
426,acid_nh3,cf_std,0.100548394,Baja California desert,13.0,Deserts & Xeric Shrublands,Nearctic
521,acid_nh3,cf_std,0.079277515,Bajío dry forests,2.0,Tropical & Subtropical Dry Broadleaf Forests,Neotropic
646,acid_nh3,cf_std,1.157414,Balkan mixed forests,4.0,Temperate Broadleaf & Mixed Forests,Palearctic
522,acid_nh3,cf_std,0.44361278,Balsas dry forests,2.0,Tropical & Subtropical Dry Broadleaf Forests,Neotropic
647,acid_nh3,cf_std,3.1359658,Baltic mixed forests,4.0,Temperate Broadleaf & Mixed Forests,Palearctic
814,acid_nh3,cf_std,1.1894859,Baluchistan xeric woodlands,13.0,Deserts & Xeric Shrublands,Palearctic
136,acid_nh3,cf_std,0.008348824,Banda Sea Islands moist deciduous forests,1.0,Tropical & Subtropical Moist Broadleaf Forests,Australasia
564,acid_nh3,cf_std,0.0143544655,Belizian pine savannas,7.0,"Tropical & Subtropical Grasslands, Savannas & Shrublands",Neotropic
565,acid_nh3,cf_std,0.15821424,Beni savanna,7.0,"Tropical & Subtropical Grasslands, Savannas & Shrublands",Neotropic
779,acid_nh3,cf_std,0.1268076,Russian Bering tundra,11.0,Tundra,Palearctic
409,acid_nh3,cf_std,0.6375971,Beringia lowland tundra,11.0,Tundra,Nearctic
410,acid_nh3,cf_std,0.6261307,Beringia upland tundra,11.0,Tundra,Nearctic
325,acid_nh3,cf_std,0.0,Bermuda subtropical conifer forests,3.0,Tropical & Subtropical Coniferous Forests,Nearctic
137,acid_nh3,cf_std,0.0042927554,Biak-Numfoor rain forests,1.0,Tropical & Subtropical Moist Broadleaf Forests,Australasia
348,acid_nh3,cf_std,1.2207711,Blue Mountains forests,5.0,Temperate Conifer Forests,Nearctic
742,acid_nh3,cf_std,1.104815,Bohai Sea saline meadow,9.0,Flooded Grasslands & Savannas,Palearctic
523,acid_nh3,cf_std,0.46688247,Bolivian montane dry forests,2.0,Tropical & Subtropical Dry Broadleaf Forests,Neotropic
444,acid_nh3,cf_std,0.52125823,Bolivian Yungas,1.0,Tropical & Subtropical Moist Broadleaf Forests,Neotropic
219,acid_nh3,cf_std,0.072976634,Borneo lowland rain forests,1.0,Tropical & Subtropical Moist Broadleaf Forests,Indomalayan
221,acid_nh3,cf_std,0.07981965,Borneo peat swamp forests,1.0,Tropical & Subtropical Moist Broadleaf Forests,Indomalayan
222,acid_nh3,cf_std,0.5887771,Brahmaputra Valley semi-evergreen forests,1.0,Tropical & Subtropical Moist Broadleaf Forests,Indomalayan
182,acid_nh3,cf_std,0.29291272,Brigalow tropical savanna,7.0,"Tropical & Subtropical Grasslands, Savannas & Shrublands",Australasia
349,acid_nh3,cf_std,3.6810977,British Columbia coastal conifer forests,5.0,Temperate Conifer Forests,Nearctic
411,acid_nh3,cf_std,0.3525392,Brooks-British Range tundra,11.0,Tundra,Nearctic
138,acid_nh3,cf_std,2.7755576e-17,Buru rain forests,1.0,Tropical & Subtropical Moist Broadleaf Forests,Australasia
525,acid_nh3,cf_std,0.92126006,Caatinga,2.0,Tropical & Subtropical Dry Broadleaf Forests,Neotropic
445,acid_nh3,cf_std,0.074386194,Caatinga Enclaves moist forests,1.0,Tropical & Subtropical Moist Broadleaf Forests,Neotropic
691,acid_nh3,cf_std,0.36825806,Caledon conifer forests,5.0,Temperate Conifer Forests,Palearctic
385,acid_nh3,cf_std,0.18007387,California Central Valley grasslands,8.0,"Temperate Grasslands, Savannas & Shrublands",Nearctic
422,acid_nh3,cf_std,0.051883254,California coastal sage and chaparral,12.0,"Mediterranean Forests, Woodlands & Scrub",Nearctic
423,acid_nh3,cf_std,0.24678542,California interior chaparral and woodlands,12.0,"Mediterranean Forests, Woodlands & Scrub",Nearctic
424,acid_nh3,cf_std,0.05549361,California montane chaparral and woodlands,12.0,"Mediterranean Forests, Woodlands & Scrub",Nearctic
2,acid_nh3,cf_std,0.29913867,Cameroon Highlands forests,1.0,Tropical & Subtropical Moist Broadleaf Forests,Afrotropic
566,acid_nh3,cf_std,0.7412461,Campos Rupestres montane savanna,7.0,"Tropical & Subtropical Grasslands, Savannas & Shrublands",Neotropic
386,acid_nh3,cf_std,0.39735806,Canadian Aspen forests and parklands,8.0,"Temperate Grasslands, Savannas & Shrublands",Nearctic
413,acid_nh3,cf_std,0.5603781,Canadian Low Arctic tundra,11.0,Tundra,Nearctic
787,acid_nh3,cf_std,0.03566191,Canary Islands dry woodlands and forests,12.0,"Mediterranean Forests, Woodlands & Scrub",Palearctic
648,acid_nh3,cf_std,0.8174662,Cantabrian mixed forests,4.0,Temperate Broadleaf & Mixed Forests,Palearctic
190,acid_nh3,cf_std,0.18504898,Canterbury-Otago tussock grasslands,8.0,"Temperate Grasslands, Savannas & Shrublands",Australasia
31,acid_nh3,cf_std,0.016724167,Cape Verde Islands dry forests,2.0,Tropical & Subtropical Dry Broadleaf Forests,Afrotropic
183,acid_nh3,cf_std,0.1359169,Cape York Peninsula tropical savanna,7.0,"Tropical & Subtropical Grasslands, Savannas & Shrublands",Australasia
446,acid_nh3,cf_std,0.3194608,Caqueta moist forests,1.0,Tropical & Subtropical Moist Broadleaf Forests,Neotropic
223,acid_nh3,cf_std,0.028070781,Cardamom Mountains rain forests,1.0,Tropical & Subtropical Moist Broadleaf Forests,Indomalayan
599,acid_nh3,cf_std,0.025703533,Caribbean shrublands,13.0,Deserts & Xeric Shrublands,Neotropic
207,acid_nh3,cf_std,0.04916699,Carnarvon xeric shrublands,13.0,Deserts & Xeric Shrublands,Australasia
618,acid_nh3,cf_std,0.016505936,Carolines tropical moist forests,1.0,Tropical & Subtropical Moist Broadleaf Forests,Oceania
692,acid_nh3,cf_std,1.3463882,Carpathian montane forests,5.0,Temperate Conifer Forests,Palearctic
184,acid_nh3,cf_std,0.3901516,Carpentaria tropical savanna,7.0,"Tropical & Subtropical Grasslands, Savannas & Shrublands",Australasia
649,acid_nh3,cf_std,0.31504795,Caspian Hyrcanian mixed forests,4.0,Temperate Broadleaf & Mixed Forests,Palearctic
815,acid_nh3,cf_std,1.0636715,Caspian lowland desert,13.0,Deserts & Xeric Shrublands,Palearctic
447,acid_nh3,cf_std,0.19541337,Catatumbo moist forests,1.0,Tropical & Subtropical Moist Broadleaf Forests,Neotropic
526,acid_nh3,cf_std,0.08581991,Cauca Valley dry forests,2.0,Tropical & Subtropical Dry Broadleaf Forests,Neotropic
448,acid_nh3,cf_std,0.15746596,Cauca Valley montane forests,1.0,Tropical & Subtropical Moist Broadleaf Forests,Neotropic
650,acid_nh3,cf_std,0.8928926,Caucasus mixed forests,4.0,Temperate Broadleaf & Mixed Forests,Palearctic
449,acid_nh3,cf_std,0.04274392,Cayos Miskitos-San Andrés and Providencia moist forests,1.0,Tropical & Subtropical Moist Broadleaf Forests,Neotropic
651,acid_nh3,cf_std,0.7653644,Celtic broadleaf forests,4.0,Temperate Broadleaf & Mixed Forests,Palearctic
816,acid_nh3,cf_std,0.77019876,Central Afghan Mountains xeric woodlands,13.0,Deserts & Xeric Shrublands,Palearctic
111,acid_nh3,cf_std,0.15748781,Central African mangroves,14.0,Mangroves,Afrotropic
450,acid_nh3,cf_std,0.050520383,Central American Atlantic moist forests,1.0,Tropical & Subtropical Moist Broadleaf Forests,Neotropic
527,acid_nh3,cf_std,0.06777049,Central American dry forests,2.0,Tropical & Subtropical Dry Broadleaf Forests,Neotropic
451,acid_nh3,cf_std,0.10997962,Central American montane forests,1.0,Tropical & Subtropical Moist Broadleaf Forests,Neotropic
553,acid_nh3,cf_std,0.14745061,Central American pine-oak forests,3.0,Tropical & Subtropical Coniferous Forests,Neotropic
725,acid_nh3,cf_std,0.20204994,Central Anatolian steppe,8.0,"Temperate Grasslands, Savannas & Shrublands",Palearctic
652,acid_nh3,cf_std,0.15840538,Central Anatolian steppe and woodlands,4.0,Temperate Broadleaf & Mixed Forests,Palearctic
352,acid_nh3,cf_std,4.675934,Central-Southern Cascades Forests,5.0,Temperate Conifer Forests,Nearctic
389,acid_nh3,cf_std,0.3524987,Central-Southern US mixed grasslands,8.0,"Temperate Grasslands, Savannas & Shrublands",Nearctic
587,acid_nh3,cf_std,2.083756,Central Andean dry puna,10.0,Montane Grasslands & Shrublands,Neotropic
588,acid_nh3,cf_std,2.5928893,Central Andean puna,10.0,Montane Grasslands & Shrublands,Neotropic
589,acid_nh3,cf_std,1.6617339,Central Andean wet puna,10.0,Montane Grasslands & Shrublands,Neotropic
817,acid_nh3,cf_std,3.5441363,Central Asian northern desert,13.0,Deserts & Xeric Shrublands,Palearctic
818,acid_nh3,cf_std,2.5645661,Central Asian riparian woodlands,13.0,Deserts & Xeric Shrublands,Palearctic
819,acid_nh3,cf_std,1.2162213,Central Asian southern desert,13.0,Deserts & Xeric Shrublands,Palearctic
350,acid_nh3,cf_std,1.8489426,Central British Columbia Mountain forests,5.0,Temperate Conifer Forests,Nearctic
38,acid_nh3,cf_std,1.0002751,Central bushveld,7.0,"Tropical & Subtropical Grasslands, Savannas & Shrublands",Afrotropic
370,acid_nh3,cf_std,3.3245552,Central Canadian Shield forests,6.0,Boreal Forests/Taiga,Nearctic
653,acid_nh3,cf_std,0.77520394,Central China Loess Plateau mixed forests,4.0,Temperate Broadleaf & Mixed Forests,Palearctic
3,acid_nh3,cf_std,0.49849042,Central Congolian lowland forests,1.0,Tropical & Subtropical Moist Broadleaf Forests,Afrotropic
290,acid_nh3,cf_std,0.08804029,Central Deccan Plateau dry deciduous forests,2.0,Tropical & Subtropical Dry Broadleaf Forests,Indomalayan
654,acid_nh3,cf_std,2.3902872,Central European mixed forests,4.0,Temperate Broadleaf & Mixed Forests,Palearctic
387,acid_nh3,cf_std,0.7060797,Central US forest-grasslands transition,8.0,"Temperate Grasslands, Savannas & Shrublands",Nearctic
291,acid_nh3,cf_std,0.097051434,Central Indochina dry forests,2.0,Tropical & Subtropical Dry Broadleaf Forests,Indomalayan
655,acid_nh3,cf_std,0.9140147,Central Korean deciduous forests,4.0,Temperate Broadleaf & Mixed Forests,Palearctic
427,acid_nh3,cf_std,0.5630208,Central Mexican matorral,13.0,Deserts & Xeric Shrublands,Nearctic
351,acid_nh3,cf_std,1.2804557,Central Pacific Northwest coastal forests,5.0,Temperate Conifer Forests,Nearctic
820,acid_nh3,cf_std,0.42842954,Central Persian desert basins,13.0,Deserts & Xeric Shrublands,Palearctic
619,acid_nh3,cf_std,0.0009429494,Central Polynesian tropical moist forests,1.0,Tropical & Subtropical Moist Broadleaf Forests,Oceania
139,acid_nh3,cf_std,0.10093617,Central Range Papuan montane rain forests,1.0,Tropical & Subtropical Moist Broadleaf Forests,Australasia
195,acid_nh3,cf_std,0.08485954,Papuan Central Range sub-alpine grasslands,10.0,Montane Grasslands & Shrublands,Australasia
208,acid_nh3,cf_std,0.45764935,Central Ranges xeric scrub,13.0,Deserts & Xeric Shrublands,Australasia
388,acid_nh3,cf_std,0.28915772,Central Tallgrass prairie,8.0,"Temperate Grasslands, Savannas & Shrublands",Nearctic
750,acid_nh3,cf_std,0.89455634,Central Tibetan Plateau alpine steppe,10.0,Montane Grasslands & Shrublands,Palearctic
39,acid_nh3,cf_std,0.24568522,Central Zambezian wet miombo woodlands,7.0,"Tropical & Subtropical Grasslands, Savannas & Shrublands",Afrotropic
567,acid_nh3,cf_std,0.76618266,Cerrado,7.0,"Tropical & Subtropical Grasslands, Savannas & Shrublands",Neotropic
656,acid_nh3,cf_std,1.9896314,Changbai Mountains mixed forests,4.0,Temperate Broadleaf & Mixed Forests,Palearctic
657,acid_nh3,cf_std,0.40894896,Changjiang Plain evergreen forests,4.0,Temperate Broadleaf & Mixed Forests,Palearctic
224,acid_nh3,cf_std,0.043559752,Chao Phraya freshwater swamp forests,1.0,Tropical & Subtropical Moist Broadleaf Forests,Indomalayan
225,acid_nh3,cf_std,0.023165815,Chao Phraya lowland moist deciduous forests,1.0,Tropical & Subtropical Moist Broadleaf Forests,Indomalayan
167,acid_nh3,cf_std,3.469447e-18,Chatham Island temperate forests,4.0,Temperate Broadleaf & Mixed Forests,Australasia
771,acid_nh3,cf_std,0.19920374,Cherskii-Kolyma mountain tundra,11.0,Tundra,Palearctic
292,acid_nh3,cf_std,0.06012418,Chhota-Nagpur dry deciduous forests,2.0,Tropical & Subtropical Dry Broadleaf Forests,Indomalayan
528,acid_nh3,cf_std,0.014310688,Chiapas Depression dry forests,2.0,Tropical & Subtropical Dry Broadleaf Forests,Neotropic
452,acid_nh3,cf_std,0.059044145,Chiapas montane forests,1.0,Tropical & Subtropical Moist Broadleaf Forests,Neotropic
428,acid_nh3,cf_std,0.1775759,Chihuahuan desert,13.0,Deserts & Xeric Shrublands,Nearctic
596,acid_nh3,cf_std,0.71808225,Chilean Matorral,12.0,"Mediterranean Forests, Woodlands & Scrub",Neotropic
453,acid_nh3,cf_std,0.0,Chimalapas montane forests,1.0,Tropical & Subtropical Moist Broadleaf Forests,Neotropic
226,acid_nh3,cf_std,0.10478382,Chin Hills-Arakan Yoma montane forests,1.0,Tropical & Subtropical Moist Broadleaf Forests,Indomalayan
529,acid_nh3,cf_std,0.49384823,Chiquitano dry forests,2.0,Tropical & Subtropical Dry Broadleaf Forests,Neotropic
454,acid_nh3,cf_std,0.30212077,Chocó-Darién moist forests,1.0,Tropical & Subtropical Moist Broadleaf Forests,Neotropic
227,acid_nh3,cf_std,0.0043297308,Christmas and Cocos Islands tropical forests,1.0,Tropical & Subtropical Moist Broadleaf Forests,Indomalayan
772,acid_nh3,cf_std,0.05317719,Chukchi Peninsula tundra,11.0,Tundra,Palearctic
568,acid_nh3,cf_std,0.0,Clipperton Island shrub and grasslands,7.0,"Tropical & Subtropical Grasslands, Savannas & Shrublands",Neotropic
455,acid_nh3,cf_std,1.110223e-16,Cocos Island moist forests,1.0,Tropical & Subtropical Moist Broadleaf Forests,Neotropic
429,acid_nh3,cf_std,0.5626809,Colorado Plateau shrublands,13.0,Deserts & Xeric Shrublands,Nearctic
353,acid_nh3,cf_std,0.69624287,Colorado Rockies forests,5.0,Temperate Conifer Forests,Nearctic
4,acid_nh3,cf_std,0.014569907,Comoros forests,1.0,Tropical & Subtropical Moist Broadleaf Forests,Afrotropic
371,acid_nh3,cf_std,1.2051532,Cook Inlet taiga,6.0,Boreal Forests/Taiga,Nearctic
620,acid_nh3,cf_std,0.00018977596,Cook Islands tropical moist forests,1.0,Tropical & Subtropical Moist Broadleaf Forests,Oceania
197,acid_nh3,cf_std,0.010947452,Coolgardie woodlands,12.0,"Mediterranean Forests, Woodlands & Scrub",Australasia
372,acid_nh3,cf_std,0.6807494,Copper Plateau taiga,6.0,Boreal Forests/Taiga,Nearctic
590,acid_nh3,cf_std,1.0081381,Cordillera Central páramo,10.0,Montane Grasslands & Shrublands,Neotropic
591,acid_nh3,cf_std,0.0331225,Cordillera de Merida páramo,10.0,Montane Grasslands & Shrublands,Neotropic
456,acid_nh3,cf_std,0.07602658,Cordillera La Costa montane forests,1.0,Tropical & Subtropical Moist Broadleaf Forests,Neotropic
457,acid_nh3,cf_std,0.36582315,Cordillera Oriental montane forests,1.0,Tropical & Subtropical Moist Broadleaf Forests,Neotropic
788,acid_nh3,cf_std,4.440892e-16,Corsican montane broadleaf and mixed forests,12.0,"Mediterranean Forests, Woodlands & Scrub",Palearctic
458,acid_nh3,cf_std,0.108438194,Costa Rican seasonal moist forests,1.0,Tropical & Subtropical Moist Broadleaf Forests,Neotropic
789,acid_nh3,cf_std,0.01308724,Crete Mediterranean forests,12.0,"Mediterranean Forests, Woodlands & Scrub",Palearctic
658,acid_nh3,cf_std,1.025218,Crimean Submediterranean forest complex,4.0,Temperate Broadleaf & Mixed Forests,Palearctic
6,acid_nh3,cf_std,0.12750784,Cross-Niger transition forests,1.0,Tropical & Subtropical Moist Broadleaf Forests,Afrotropic
7,acid_nh3,cf_std,0.06939709,Cross-Sanaga-Bioko coastal forests,1.0,Tropical & Subtropical Moist Broadleaf Forests,Afrotropic
390,acid_nh3,cf_std,0.19360162,Cross-Timbers savanna-woodland,8.0,"Temperate Grasslands, Savannas & Shrublands",Nearctic
600,acid_nh3,cf_std,0.28313914,Cuban cactus scrub,13.0,Deserts & Xeric Shrublands,Neotropic
530,acid_nh3,cf_std,0.2458986,Cuban dry forests,2.0,Tropical & Subtropical Dry Broadleaf Forests,Neotropic
459,acid_nh3,cf_std,0.29208615,Cuban moist forests,1.0,Tropical & Subtropical Moist Broadleaf Forests,Neotropic
554,acid_nh3,cf_std,0.39345425,Cuban pine forests,3.0,Tropical & Subtropical Coniferous Forests,Neotropic
579,acid_nh3,cf_std,0.2596243,Cuban wetlands,9.0,Flooded Grasslands & Savannas,Neotropic
790,acid_nh3,cf_std,0.23869883,Cyprus Mediterranean forests,12.0,"Mediterranean Forests, Woodlands & Scrub",Palearctic
693,acid_nh3,cf_std,3.5050225,Da Hinggan-Dzhagdy Mountains conifer forests,5.0,Temperate Conifer Forests,Palearctic
659,acid_nh3,cf_std,0.3230457,Daba Mountains evergreen forests,4.0,Temperate Broadleaf & Mixed Forests,Palearctic
726,acid_nh3,cf_std,0.55828506,Daurian forest steppe,8.0,"Temperate Grasslands, Savannas & Shrublands",Palearctic
415,acid_nh3,cf_std,0.13669586,Davis Highlands tundra,11.0,Tundra,Nearctic
315,acid_nh3,cf_std,0.10509067,Deccan thorn scrub forests,13.0,Deserts & Xeric Shrublands,Indomalayan
660,acid_nh3,cf_std,1.5461996,Dinaric Mountains mixed forests,4.0,Temperate Broadleaf & Mixed Forests,Palearctic
92,acid_nh3,cf_std,0.11225398,Djibouti xeric shrublands,13.0,Deserts & Xeric Shrublands,Afrotropic
40,acid_nh3,cf_std,0.1060016,Drakensberg Escarpment savanna and thicket,7.0,"Tropical & Subtropical Grasslands, Savannas & Shrublands",Afrotropic
41,acid_nh3,cf_std,0.24684961,Drakensberg grasslands,7.0,"Tropical & Subtropical Grasslands, Savannas & Shrublands",Afrotropic
0,acid_nh3,cf_std,0.27325198,Rock and Ice,11.0,N/A,N/A
569,acid_nh3,cf_std,0.09963688,Dry Chaco,7.0,"Tropical & Subtropical Grasslands, Savannas & Shrublands",Neotropic
694,acid_nh3,cf_std,0.9604726,East Afghan montane conifer forests,5.0,Temperate Conifer Forests,Palearctic
69,acid_nh3,cf_std,0.034091294,East African halophytics,9.0,Flooded Grasslands & Savannas,Afrotropic
112,acid_nh3,cf_std,0.14636074,East African mangroves,14.0,Mangroves,Afrotropic
821,acid_nh3,cf_std,0.12350964,East Arabian fog shrublands and sand desert,13.0,Deserts & Xeric Shrublands,Palearctic
332,acid_nh3,cf_std,0.24265502,East Central Texas forests,4.0,Temperate Broadleaf & Mixed Forests,Nearctic
293,acid_nh3,cf_std,0.02608873,East Deccan dry-evergreen forests,2.0,Tropical & Subtropical Dry Broadleaf Forests,Indomalayan
661,acid_nh3,cf_std,1.0032464,East European forest steppe,4.0,Temperate Broadleaf & Mixed Forests,Palearctic
822,acid_nh3,cf_std,0.06271263,East Sahara Desert,13.0,Deserts & Xeric Shrublands,Palearctic
823,acid_nh3,cf_std,0.040837508,East Saharan montane xeric woodlands,13.0,Deserts & Xeric Shrublands,Palearctic
710,acid_nh3,cf_std,1.901083,East Siberian taiga,6.0,Boreal Forests/Taiga,Palearctic
43,acid_nh3,cf_std,0.43695906,East Sudanian savanna,7.0,"Tropical & Subtropical Grasslands, Savannas & Shrublands",Afrotropic
662,acid_nh3,cf_std,1.0768243,Eastern Anatolian deciduous forests,4.0,Temperate Broadleaf & Mixed Forests,Palearctic
727,acid_nh3,cf_std,0.99641246,Eastern Anatolian montane steppe,8.0,"Temperate Grasslands, Savannas & Shrublands",Palearctic
191,acid_nh3,cf_std,0.07312008,Eastern Australia mulga shrublands,8.0,"Temperate Grasslands, Savannas & Shrublands",Australasia
168,acid_nh3,cf_std,0.21339282,Eastern Australian temperate forests,4.0,Temperate Broadleaf & Mixed Forests,Australasia
373,acid_nh3,cf_std,3.0160136,Eastern Canadian forests,6.0,Boreal Forests/Taiga,Nearctic
374,acid_nh3,cf_std,2.44354,Eastern Canadian Shield taiga,6.0,Boreal Forests/Taiga,Nearctic
354,acid_nh3,cf_std,3.6079361,Eastern Cascades forests,5.0,Temperate Conifer Forests,Nearctic
10,acid_nh3,cf_std,0.5342355,Eastern Congolian swamp forests,1.0,Tropical & Subtropical Moist Broadleaf Forests,Afrotropic
460,acid_nh3,cf_std,0.3180539,Eastern Cordillera Real montane forests,1.0,Tropical & Subtropical Moist Broadleaf Forests,Neotropic
333,acid_nh3,cf_std,3.4374466,Eastern Canadian Forest-Boreal transition,4.0,Temperate Broadleaf & Mixed Forests,Nearctic
824,acid_nh3,cf_std,0.15455285,Eastern Gobi desert steppe,13.0,Deserts & Xeric Shrublands,Palearctic
334,acid_nh3,cf_std,2.5138664,Eastern Great Lakes lowland forests,4.0,Temperate Broadleaf & Mixed Forests,Nearctic
11,acid_nh3,cf_std,0.13732225,Eastern Guinean forests,1.0,Tropical & Subtropical Moist Broadleaf Forests,Afrotropic
228,acid_nh3,cf_std,0.09645938,East Deccan moist deciduous forests,1.0,Tropical & Subtropical Moist Broadleaf Forests,Indomalayan
751,acid_nh3,cf_std,0.9420034,Eastern Himalayan alpine shrub and meadows,10.0,Montane Grasslands & Shrublands,Palearctic
306,acid_nh3,cf_std,0.878255,Eastern Himalayan broadleaf forests,4.0,Temperate Broadleaf & Mixed Forests,Indomalayan
309,acid_nh3,cf_std,1.0046415,Eastern Himalayan subalpine conifer forests,5.0,Temperate Conifer Forests,Indomalayan
229,acid_nh3,cf_std,0.06175631,Eastern Java-Bali montane rain forests,1.0,Tropical & Subtropical Moist Broadleaf Forests,Indomalayan
230,acid_nh3,cf_std,0.074195154,Eastern Java-Bali rain forests,1.0,Tropical & Subtropical Moist Broadleaf Forests,Indomalayan
791,acid_nh3,cf_std,0.36519402,Eastern Mediterranean conifer-broadleaf forests,12.0,"Mediterranean Forests, Woodlands & Scrub",Palearctic
621,acid_nh3,cf_std,0.010781756,Eastern Micronesia tropical moist forests,1.0,Tropical & Subtropical Moist Broadleaf Forests,Oceania
461,acid_nh3,cf_std,0.23946264,Eastern Panamanian montane forests,1.0,Tropical & Subtropical Moist Broadleaf Forests,Neotropic
531,acid_nh3,cf_std,0.26467848,Ecuadorian dry forests,2.0,Tropical & Subtropical Dry Broadleaf Forests,Neotropic
391,acid_nh3,cf_std,0.061070316,Edwards Plateau savanna,8.0,"Temperate Grasslands, Savannas & Shrublands",Nearctic
185,acid_nh3,cf_std,0.120542586,Einasleigh upland savanna,7.0,"Tropical & Subtropical Grasslands, Savannas & Shrublands",Australasia
695,acid_nh3,cf_std,0.41122702,Elburz Range forest steppe,5.0,Temperate Conifer Forests,Palearctic
728,acid_nh3,cf_std,3.3156514,Emin Valley steppe,8.0,"Temperate Grasslands, Savannas & Shrublands",Palearctic
663,acid_nh3,cf_std,1.0217123,English Lowlands beech forests,4.0,Temperate Broadleaf & Mixed Forests,Palearctic
580,acid_nh3,cf_std,0.004870783,Enriquillo wetlands,9.0,Flooded Grasslands & Savannas,Neotropic
93,acid_nh3,cf_std,0.060877185,Eritrean coastal desert,13.0,Deserts & Xeric Shrublands,Afrotropic
198,acid_nh3,cf_std,0.019641576,Esperance mallee,12.0,"Mediterranean Forests, Woodlands & Scrub",Australasia
575,acid_nh3,cf_std,0.076183386,Espinal,8.0,"Temperate Grasslands, Savannas & Shrublands",Neotropic
12,acid_nh3,cf_std,0.031892933,Ethiopian montane forests,1.0,Tropical & Subtropical Moist Broadleaf Forests,Afrotropic
79,acid_nh3,cf_std,0.10261237,Ethiopian montane grasslands and woodlands,10.0,Montane Grasslands & Shrublands,Afrotropic
80,acid_nh3,cf_std,0.08378381,Ethiopian montane moorlands,10.0,Montane Grasslands & Shrublands,Afrotropic
70,acid_nh3,cf_std,0.033831976,Etosha Pan halophytics,9.0,Flooded Grasslands & Savannas,Afrotropic
665,acid_nh3,cf_std,0.8897369,Euxine-Colchic broadleaf forests,4.0,Temperate Broadleaf & Mixed Forests,Palearctic
581,acid_nh3,cf_std,0.26447734,Everglades flooded grasslands,9.0,Flooded Grasslands & Savannas,Neotropic
199,acid_nh3,cf_std,0.009463087,Eyre and York mallee,12.0,"Mediterranean Forests, Woodlands & Scrub",Australasia
729,acid_nh3,cf_std,0.0023090478,Faroe Islands boreal grasslands,8.0,"Temperate Grasslands, Savannas & Shrublands",Palearctic
462,acid_nh3,cf_std,0.0041947644,Fernando de Noronha-Atol das Rocas moist forests,1.0,Tropical & Subtropical Moist Broadleaf Forests,Neotropic
635,acid_nh3,cf_std,0.0013874242,Fiji tropical dry forests,2.0,Tropical & Subtropical Dry Broadleaf Forests,Oceania
622,acid_nh3,cf_std,0.0014738274,Fiji tropical moist forests,1.0,Tropical & Subtropical Moist Broadleaf Forests,Oceania
169,acid_nh3,cf_std,0.19648537,Fiordland temperate forests,4.0,Temperate Broadleaf & Mixed Forests,Australasia
200,acid_nh3,cf_std,0.02407558,Flinders-Lofty montane woodlands,12.0,"Mediterranean Forests, Woodlands & Scrub",Australasia
392,acid_nh3,cf_std,0.07339245,Flint Hills tallgrass prairie,8.0,"Temperate Grasslands, Savannas & Shrublands",Nearctic
355,acid_nh3,cf_std,1.2085267,Fraser Plateau and Basin conifer forests,5.0,Temperate Conifer Forests,Nearctic
89,acid_nh3,cf_std,0.021542264,Fynbos shrubland,12.0,"Mediterranean Forests, Woodlands & Scrub",Afrotropic
601,acid_nh3,cf_std,0.015915575,Galápagos Islands xeric scrub,13.0,Deserts & Xeric Shrublands,Neotropic
94,acid_nh3,cf_std,0.46029124,Gariep Karoo,13.0,Deserts & Xeric Shrublands,Afrotropic
752,acid_nh3,cf_std,1.5313632,Ghorat-Hazarajat alpine meadow,10.0,Montane Grasslands & Shrublands,Palearctic
209,acid_nh3,cf_std,0.058397986,Gibson desert,13.0,Deserts & Xeric Shrublands,Australasia
730,acid_nh3,cf_std,2.4691622,Gissaro-Alai open woodlands,8.0,"Temperate Grasslands, Savannas & Shrublands",Palearctic
316,acid_nh3,cf_std,0.08453492,Godavari-Krishna mangroves,13.0,Deserts & Xeric Shrublands,Indomalayan
825,acid_nh3,cf_std,0.14189489,Gobi Lakes Valley desert steppe,13.0,Deserts & Xeric Shrublands,Palearctic
13,acid_nh3,cf_std,0.034752253,Granitic Seychelles forests,1.0,Tropical & Subtropical Moist Broadleaf Forests,Afrotropic
356,acid_nh3,cf_std,0.27931312,Great Basin montane forests,5.0,Temperate Conifer Forests,Nearctic
430,acid_nh3,cf_std,0.27201927,Great Basin shrub steppe,13.0,Deserts & Xeric Shrublands,Nearctic
826,acid_nh3,cf_std,2.0437846,Great Lakes Basin desert steppe,13.0,Deserts & Xeric Shrublands,Palearctic
210,acid_nh3,cf_std,1.1782889,Great Sandy-Tanami desert,13.0,Deserts & Xeric Shrublands,Australasia
211,acid_nh3,cf_std,0.27930388,Great Victoria desert,13.0,Deserts & Xeric Shrublands,Australasia
231,acid_nh3,cf_std,0.028522255,Greater Negros-Panay rain forests,1.0,Tropical & Subtropical Moist Broadleaf Forests,Indomalayan
602,acid_nh3,cf_std,0.019104347,Guajira-Barranquilla xeric scrub,13.0,Deserts & Xeric Shrublands,Neotropic
582,acid_nh3,cf_std,2.220446e-16,Guayaquil flooded grasslands,9.0,Flooded Grasslands & Savannas,Neotropic
463,acid_nh3,cf_std,0.052917447,Guianan freshwater swamp forests,1.0,Tropical & Subtropical Moist Broadleaf Forests,Neotropic
464,acid_nh3,cf_std,0.47392935,Guianan Highlands moist forests,1.0,Tropical & Subtropical Moist Broadleaf Forests,Neotropic
465,acid_nh3,cf_std,0.6809837,Guianan lowland moist forests,1.0,Tropical & Subtropical Moist Broadleaf Forests,Neotropic
466,acid_nh3,cf_std,0.42837363,Guianan piedmont moist forests,1.0,Tropical & Subtropical Moist Broadleaf Forests,Neotropic
570,acid_nh3,cf_std,0.4923316,Guianan savanna,7.0,"Tropical & Subtropical Grasslands, Savannas & Shrublands",Neotropic
44,acid_nh3,cf_std,0.29493684,Guinean forest-savanna,7.0,"Tropical & Subtropical Grasslands, Savannas & Shrublands",Afrotropic
113,acid_nh3,cf_std,0.39116934,Guinean mangroves,14.0,Mangroves,Afrotropic
14,acid_nh3,cf_std,0.4388484,Guinean montane forests,1.0,Tropical & Subtropical Moist Broadleaf Forests,Afrotropic
642,acid_nh3,cf_std,0.30190548,Guizhou Plateau broadleaf and mixed forests,1.0,Tropical & Subtropical Moist Broadleaf Forests,Palearctic
431,acid_nh3,cf_std,0.111238964,Gulf of California xeric scrub,13.0,Deserts & Xeric Shrublands,Nearctic
335,acid_nh3,cf_std,2.3658576,Gulf of St. Lawrence lowland forests,4.0,Temperate Broadleaf & Mixed Forests,Nearctic
467,acid_nh3,cf_std,0.10859015,Gurupa várzea,1.0,Tropical & Subtropical Moist Broadleaf Forests,Neotropic
232,acid_nh3,cf_std,0.07353103,Hainan Island monsoon rain forests,1.0,Tropical & Subtropical Moist Broadleaf Forests,Indomalayan
140,acid_nh3,cf_std,0.020404764,Halmahera rain forests,1.0,Tropical & Subtropical Moist Broadleaf Forests,Australasia
201,acid_nh3,cf_std,0.008308095,Hampton mallee and woodlands,12.0,"Mediterranean Forests, Woodlands & Scrub",Australasia
636,acid_nh3,cf_std,0.038275816,Hawai'i tropical dry forests,2.0,Tropical & Subtropical Dry Broadleaf Forests,Oceania
639,acid_nh3,cf_std,2.7755576e-17,Hawai'i tropical high shrublands,7.0,"Tropical & Subtropical Grasslands, Savannas & Shrublands",Oceania
640,acid_nh3,cf_std,0.043880753,Hawai'i tropical low shrublands,7.0,"Tropical & Subtropical Grasslands, Savannas & Shrublands",Oceania
623,acid_nh3,cf_std,0.043149244,Hawai'i tropical moist forests,1.0,Tropical & Subtropical Moist Broadleaf Forests,Oceania
696,acid_nh3,cf_std,0.28141958,Helanshan montane conifer forests,5.0,Temperate Conifer Forests,Palearctic
697,acid_nh3,cf_std,0.5870057,Hengduan Mountains subalpine conifer forests,5.0,Temperate Conifer Forests,Palearctic
412,acid_nh3,cf_std,0.6564573,Canadian High Arctic tundra,11.0,Tundra,Nearctic
592,acid_nh3,cf_std,0.28606772,High Monte,10.0,Montane Grasslands & Shrublands,Neotropic
81,acid_nh3,cf_std,1.5185837,Highveld grasslands,10.0,Montane Grasslands & Shrublands,Afrotropic
233,acid_nh3,cf_std,0.75563335,Himalayan subtropical broadleaf forests,1.0,Tropical & Subtropical Moist Broadleaf Forests,Indomalayan
302,acid_nh3,cf_std,0.767157,Himalayan subtropical pine forests,3.0,Tropical & Subtropical Coniferous Forests,Indomalayan
753,acid_nh3,cf_std,1.0577924,Hindu Kush alpine meadow,10.0,Montane Grasslands & Shrublands,Palearctic
532,acid_nh3,cf_std,0.03880496,Hispaniolan dry forests,2.0,Tropical & Subtropical Dry Broadleaf Forests,Neotropic
468,acid_nh3,cf_std,0.026182106,Hispaniolan moist forests,1.0,Tropical & Subtropical Moist Broadleaf Forests,Neotropic
555,acid_nh3,cf_std,0.024564425,Hispaniolan pine forests,3.0,Tropical & Subtropical Coniferous Forests,Neotropic
95,acid_nh3,cf_std,1.7573915,Hobyo grasslands and shrublands,13.0,Deserts & Xeric Shrublands,Afrotropic
666,acid_nh3,cf_std,1.0868493,Hokkaido deciduous forests,4.0,Temperate Broadleaf & Mixed Forests,Palearctic
698,acid_nh3,cf_std,0.9019815,Hokkaido montane conifer forests,5.0,Temperate Conifer Forests,Palearctic
699,acid_nh3,cf_std,0.9036933,Honshu alpine conifer forests,5.0,Temperate Conifer Forests,Palearctic
45,acid_nh3,cf_std,0.04925125,Horn of Africa xeric bushlands,7.0,"Tropical & Subtropical Grasslands, Savannas & Shrublands",Afrotropic
667,acid_nh3,cf_std,0.6875196,Huang He Plain mixed forests,4.0,Temperate Broadleaf & Mixed Forests,Palearctic
571,acid_nh3,cf_std,0.07020449,Humid Chaco,7.0,"Tropical & Subtropical Grasslands, Savannas & Shrublands",Neotropic
576,acid_nh3,cf_std,0.056381993,Humid Pampas,8.0,"Temperate Grasslands, Savannas & Shrublands",Neotropic
141,acid_nh3,cf_std,0.07275924,Huon Peninsula montane rain forests,1.0,Tropical & Subtropical Moist Broadleaf Forests,Australasia
792,acid_nh3,cf_std,0.45212302,Iberian conifer forests,12.0,"Mediterranean Forests, Woodlands & Scrub",Palearctic
793,acid_nh3,cf_std,0.6185686,Iberian sclerophyllous and semi-deciduous forests,12.0,"Mediterranean Forests, Woodlands & Scrub",Palearctic
711,acid_nh3,cf_std,0.62857884,Iceland boreal birch forests and alpine tundra,6.0,Boreal Forests/Taiga,Palearctic
794,acid_nh3,cf_std,2.1776798,Illyrian deciduous forests,12.0,"Mediterranean Forests, Woodlands & Scrub",Palearctic
319,acid_nh3,cf_std,0.11839579,Indochina mangroves,14.0,Mangroves,Indomalayan
320,acid_nh3,cf_std,1.2617729,Indus River Delta-Arabian Sea mangroves,14.0,Mangroves,Indomalayan
317,acid_nh3,cf_std,0.7024256,Indus Valley desert,13.0,Deserts & Xeric Shrublands,Indomalayan
71,acid_nh3,cf_std,3.3518848,Inner Niger Delta flooded savanna,9.0,Flooded Grasslands & Savannas,Afrotropic
375,acid_nh3,cf_std,2.0136871,Interior Alaska-Yukon lowland taiga,6.0,Boreal Forests/Taiga,Nearctic
336,acid_nh3,cf_std,1.9474406,Interior Plateau US Hardwood Forests,4.0,Temperate Broadleaf & Mixed Forests,Nearctic
416,acid_nh3,cf_std,2.309307,Interior Yukon-Alaska alpine tundra,11.0,Tundra,Nearctic
469,acid_nh3,cf_std,0.4755942,Iquitos várzea,1.0,Tropical & Subtropical Moist Broadleaf Forests,Neotropic
294,acid_nh3,cf_std,0.12629148,Irrawaddy dry forests,2.0,Tropical & Subtropical Dry Broadleaf Forests,Indomalayan
234,acid_nh3,cf_std,0.033294234,Irrawaddy freshwater swamp forests,1.0,Tropical & Subtropical Moist Broadleaf Forests,Indomalayan
235,acid_nh3,cf_std,0.17109036,Irrawaddy moist deciduous forests,1.0,Tropical & Subtropical Moist Broadleaf Forests,Indomalayan
533,acid_nh3,cf_std,0.04955882,Islas Revillagigedo dry forests,2.0,Tropical & Subtropical Dry Broadleaf Forests,Neotropic
470,acid_nh3,cf_std,0.08379665,Isthmian-Atlantic moist forests,1.0,Tropical & Subtropical Moist Broadleaf Forests,Neotropic
471,acid_nh3,cf_std,0.07914355,Isthmian-Pacific moist forests,1.0,Tropical & Subtropical Moist Broadleaf Forests,Neotropic
795,acid_nh3,cf_std,0.8322498,Italian sclerophyllous and semi-deciduous forests,12.0,"Mediterranean Forests, Woodlands & Scrub",Palearctic
46,acid_nh3,cf_std,0.11759455,Itigi-Sumbu thicket,7.0,"Tropical & Subtropical Grasslands, Savannas & Shrublands",Afrotropic
534,acid_nh3,cf_std,0.19367056,Jalisco dry forests,2.0,Tropical & Subtropical Dry Broadleaf Forests,Neotropic
535,acid_nh3,cf_std,0.018964466,Jamaican dry forests,2.0,Tropical & Subtropical Dry Broadleaf Forests,Neotropic
472,acid_nh3,cf_std,0.018438032,Jamaican moist forests,1.0,Tropical & Subtropical Moist Broadleaf Forests,Neotropic
473,acid_nh3,cf_std,0.23338152,Japurá-Solimões-Negro moist forests,1.0,Tropical & Subtropical Moist Broadleaf Forests,Neotropic
202,acid_nh3,cf_std,0.043037996,Jarrah-Karri forest and shrublands,12.0,"Mediterranean Forests, Woodlands & Scrub",Australasia
236,acid_nh3,cf_std,0.47507912,Jian Nan subtropical evergreen forests,1.0,Tropical & Subtropical Moist Broadleaf Forests,Indomalayan
82,acid_nh3,cf_std,0.0,Jos Plateau forest-grassland,10.0,Montane Grasslands & Shrublands,Afrotropic
560,acid_nh3,cf_std,0.027460203,Juan Fernández Islands temperate forests,4.0,Temperate Broadleaf & Mixed Forests,Neotropic
827,acid_nh3,cf_std,5.933263,Junggar Basin semi-desert,13.0,Deserts & Xeric Shrublands,Palearctic
474,acid_nh3,cf_std,0.38474387,Juruá-Purus moist forests,1.0,Tropical & Subtropical Moist Broadleaf Forests,Neotropic
418,acid_nh3,cf_std,0.01012714,Kalaallit Nunaat High Arctic tundra,11.0,Tundra,Nearctic
47,acid_nh3,cf_std,1.8976058,Kalahari Acacia woodlands,7.0,"Tropical & Subtropical Grasslands, Savannas & Shrublands",Afrotropic
97,acid_nh3,cf_std,1.6992104,Kalahari xeric savanna,13.0,Deserts & Xeric Shrublands,Afrotropic
713,acid_nh3,cf_std,1.5679591,Kamchatka-Kurile meadows and sparse forests,6.0,Boreal Forests/Taiga,Palearctic
712,acid_nh3,cf_std,1.1066854,Kamchatka taiga,6.0,Boreal Forests/Taiga,Palearctic
98,acid_nh3,cf_std,0.030978944,Kaokoveld desert,13.0,Deserts & Xeric Shrublands,Afrotropic
754,acid_nh3,cf_std,1.352319,Karakoram-West Tibetan Plateau alpine steppe,10.0,Montane Grasslands & Shrublands,Palearctic
237,acid_nh3,cf_std,0.12033785,Kayah-Karen montane rain forests,1.0,Tropical & Subtropical Moist Broadleaf Forests,Indomalayan
731,acid_nh3,cf_std,3.0130992,Kazakh forest steppe,8.0,"Temperate Grasslands, Savannas & Shrublands",Palearctic
828,acid_nh3,cf_std,0.73815316,Kazakh semi-desert,13.0,Deserts & Xeric Shrublands,Palearctic
732,acid_nh3,cf_std,1.1594719,Kazakh steppe,8.0,"Temperate Grasslands, Savannas & Shrublands",Palearctic
733,acid_nh3,cf_std,0.4959136,Kazakh upland steppe,8.0,"Temperate Grasslands, Savannas & Shrublands",Palearctic
624,acid_nh3,cf_std,0.0,Kermadec Islands subtropical moist forests,1.0,Tropical & Subtropical Moist Broadleaf Forests,Oceania
755,acid_nh3,cf_std,0.07951139,Khangai Mountains alpine meadow,10.0,Montane Grasslands & Shrublands,Palearctic
700,acid_nh3,cf_std,0.0,Khangai Mountains conifer forests,5.0,Temperate Conifer Forests,Palearctic
295,acid_nh3,cf_std,0.6031637,Khathiar-Gir dry deciduous forests,2.0,Tropical & Subtropical Dry Broadleaf Forests,Indomalayan
186,acid_nh3,cf_std,0.7998543,Kimberly tropical savanna,7.0,"Tropical & Subtropical Grasslands, Savannas & Shrublands",Australasia
357,acid_nh3,cf_std,0.3469714,Klamath-Siskiyou forests,5.0,Temperate Conifer Forests,Nearctic
15,acid_nh3,cf_std,0.008242712,Knysna-Amatole montane forests,1.0,Tropical & Subtropical Moist Broadleaf Forests,Afrotropic
774,acid_nh3,cf_std,1.0572835,Kola Peninsula tundra,11.0,Tundra,Palearctic
829,acid_nh3,cf_std,2.0428648,Kopet Dag semi-desert,13.0,Deserts & Xeric Shrublands,Palearctic
756,acid_nh3,cf_std,0.9506928,Kopet Dag woodlands and forest steppe,10.0,Montane Grasslands & Shrublands,Palearctic
757,acid_nh3,cf_std,0.39919484,Kuh Rud and Eastern Iran montane woodlands,10.0,Montane Grasslands & Shrublands,Palearctic
16,acid_nh3,cf_std,0.09872648,Kwazulu Natal-Cape coastal forests,1.0,Tropical & Subtropical Moist Broadleaf Forests,Afrotropic
603,acid_nh3,cf_std,0.12276123,La Costa xeric shrublands,13.0,Deserts & Xeric Shrublands,Neotropic
72,acid_nh3,cf_std,2.2520204,Lake Chad flooded savanna,9.0,Flooded Grasslands & Savannas,Afrotropic
536,acid_nh3,cf_std,0.017868796,Lara-Falcón dry forests,2.0,Tropical & Subtropical Dry Broadleaf Forests,Neotropic
475,acid_nh3,cf_std,0.0048798705,Leeward Islands moist forests,1.0,Tropical & Subtropical Moist Broadleaf Forests,Neotropic
163,acid_nh3,cf_std,0.052279912,Lesser Sundas deciduous forests,2.0,Tropical & Subtropical Dry Broadleaf Forests,Australasia
48,acid_nh3,cf_std,0.41087538,Limpopo lowveld,7.0,"Tropical & Subtropical Grasslands, Savannas & Shrublands",Afrotropic
572,acid_nh3,cf_std,0.6357894,Llanos,7.0,"Tropical & Subtropical Grasslands, Savannas & Shrublands",Neotropic
142,acid_nh3,cf_std,0.0,Lord Howe Island subtropical forests,1.0,Tropical & Subtropical Moist Broadleaf Forests,Australasia
143,acid_nh3,cf_std,0.0049496265,Louisiade Archipelago rain forests,1.0,Tropical & Subtropical Moist Broadleaf Forests,Australasia
577,acid_nh3,cf_std,0.43186554,Low Monte,8.0,"Temperate Grasslands, Savannas & Shrublands",Neotropic
238,acid_nh3,cf_std,0.116340436,Lower Gangetic Plains moist deciduous forests,1.0,Tropical & Subtropical Moist Broadleaf Forests,Indomalayan
239,acid_nh3,cf_std,0.2257267,Luang Prabang montane rain forests,1.0,Tropical & Subtropical Moist Broadleaf Forests,Indomalayan
240,acid_nh3,cf_std,0.052888144,Luzon montane rain forests,1.0,Tropical & Subtropical Moist Broadleaf Forests,Indomalayan
241,acid_nh3,cf_std,0.08313232,Luzon rain forests,1.0,Tropical & Subtropical Moist Broadleaf Forests,Indomalayan
303,acid_nh3,cf_std,0.049428657,Luzon tropical pine forests,3.0,Tropical & Subtropical Coniferous Forests,Indomalayan
32,acid_nh3,cf_std,0.2386494,Madagascar dry deciduous forests,2.0,Tropical & Subtropical Dry Broadleaf Forests,Afrotropic
83,acid_nh3,cf_std,0.19710703,Madagascar ericoid thickets,10.0,Montane Grasslands & Shrublands,Afrotropic
17,acid_nh3,cf_std,0.18961821,Madagascar humid forests,1.0,Tropical & Subtropical Moist Broadleaf Forests,Afrotropic
114,acid_nh3,cf_std,0.92685115,Madagascar mangroves,14.0,Mangroves,Afrotropic
99,acid_nh3,cf_std,0.6600666,Madagascar spiny thickets,13.0,Deserts & Xeric Shrublands,Afrotropic
18,acid_nh3,cf_std,0.23363276,Madagascar subhumid forests,1.0,Tropical & Subtropical Moist Broadleaf Forests,Afrotropic
100,acid_nh3,cf_std,0.92673826,Madagascar succulent woodlands,13.0,Deserts & Xeric Shrublands,Afrotropic
476,acid_nh3,cf_std,0.7981594,Madeira-Tapajós moist forests,1.0,Tropical & Subtropical Moist Broadleaf Forests,Neotropic
668,acid_nh3,cf_std,0.0062156566,Madeira evergreen forests,4.0,Temperate Broadleaf & Mixed Forests,Palearctic
478,acid_nh3,cf_std,0.24466413,Magdalena-Urabá moist forests,1.0,Tropical & Subtropical Moist Broadleaf Forests,Neotropic
538,acid_nh3,cf_std,0.20369284,Magdalena Valley dry forests,2.0,Tropical & Subtropical Dry Broadleaf Forests,Neotropic
477,acid_nh3,cf_std,0.2721628,Magdalena Valley montane forests,1.0,Tropical & Subtropical Moist Broadleaf Forests,Neotropic
561,acid_nh3,cf_std,0.37688065,Magellanic subpolar forests,4.0,Temperate Broadleaf & Mixed Forests,Neotropic
73,acid_nh3,cf_std,1.0363313,Makgadikgadi halophytics,9.0,Flooded Grasslands & Savannas,Afrotropic
242,acid_nh3,cf_std,0.10427996,Malabar Coast moist forests,1.0,Tropical & Subtropical Moist Broadleaf Forests,Indomalayan
243,acid_nh3,cf_std,0.12645665,Maldives-Lakshadweep-Chagos Archipelago tropical moist forests,1.0,Tropical & Subtropical Moist Broadleaf Forests,Indomalayan
604,acid_nh3,cf_std,0.0,Malpelo Island xeric scrub,13.0,Deserts & Xeric Shrublands,Neotropic
669,acid_nh3,cf_std,3.539177,Manchurian mixed forests,4.0,Temperate Broadleaf & Mixed Forests,Palearctic
49,acid_nh3,cf_std,0.06910107,Mandara Plateau woodlands,7.0,"Tropical & Subtropical Grasslands, Savannas & Shrublands",Afrotropic
19,acid_nh3,cf_std,0.21470495,Maputaland coastal forests and woodlands,1.0,Tropical & Subtropical Moist Broadleaf Forests,Afrotropic
539,acid_nh3,cf_std,0.02571752,Maracaibo dry forests,2.0,Tropical & Subtropical Dry Broadleaf Forests,Neotropic
480,acid_nh3,cf_std,0.6388049,Marajó várzea,1.0,Tropical & Subtropical Moist Broadleaf Forests,Neotropic
540,acid_nh3,cf_std,0.5348227,Maranhão Babaçu forests,2.0,Tropical & Subtropical Dry Broadleaf Forests,Neotropic
479,acid_nh3,cf_std,0.9830973,Marañón dry forests,1.0,Tropical & Subtropical Moist Broadleaf Forests,Neotropic
637,acid_nh3,cf_std,0.016104331,Marianas tropical dry forests,2.0,Tropical & Subtropical Dry Broadleaf Forests,Oceania
625,acid_nh3,cf_std,0.00020249086,Marquesas tropical moist forests,1.0,Tropical & Subtropical Moist Broadleaf Forests,Oceania
50,acid_nh3,cf_std,0.062364593,Masai xeric grasslands and shrublands,7.0,"Tropical & Subtropical Grasslands, Savannas & Shrublands",Afrotropic
20,acid_nh3,cf_std,0.017546201,Mascarene forests,1.0,Tropical & Subtropical Moist Broadleaf Forests,Afrotropic
481,acid_nh3,cf_std,0.6645061,Mato Grosso tropical dry forests,1.0,Tropical & Subtropical Moist Broadleaf Forests,Neotropic
796,acid_nh3,cf_std,0.038215265,Mediterranean Acacia-Argania dry woodlands and succulent thickets,12.0,"Mediterranean Forests, Woodlands & Scrub",Palearctic
701,acid_nh3,cf_std,0.1673604,Mediterranean conifer and mixed forests,5.0,Temperate Conifer Forests,Palearctic
797,acid_nh3,cf_std,0.09294333,Mediterranean dry woodlands and steppe,12.0,"Mediterranean Forests, Woodlands & Scrub",Palearctic
758,acid_nh3,cf_std,0.02462792,Mediterranean High Atlas juniper steppe,10.0,Montane Grasslands & Shrublands,Palearctic
798,acid_nh3,cf_std,0.15355602,Mediterranean woodlands and forests,12.0,"Mediterranean Forests, Woodlands & Scrub",Palearctic
244,acid_nh3,cf_std,0.096682586,Meghalaya subtropical forests,1.0,Tropical & Subtropical Moist Broadleaf Forests,Indomalayan
245,acid_nh3,cf_std,0.08888565,Mentawai Islands rain forests,1.0,Tropical & Subtropical Moist Broadleaf Forests,Indomalayan
432,acid_nh3,cf_std,0.21490934,Meseta Central matorral,13.0,Deserts & Xeric Shrublands,Nearctic
613,acid_nh3,cf_std,0.25716782,Mesoamerican Gulf-Caribbean mangroves,14.0,Mangroves,Neotropic
830,acid_nh3,cf_std,0.13583815,Mesopotamian shrub desert,13.0,Deserts & Xeric Shrublands,Palearctic
376,acid_nh3,cf_std,1.4201045,Mid-Canada Boreal Plains forests,6.0,Boreal Forests/Taiga,Nearctic
414,acid_nh3,cf_std,0.45657268,Canadian Middle Arctic Tundra,11.0,Tundra,Nearctic
393,acid_nh3,cf_std,0.8793439,Mid-Atlantic US coastal savannas,8.0,"Temperate Grasslands, Savannas & Shrublands",Nearctic
377,acid_nh3,cf_std,5.3258047,Midwest Canadian Shield forests,6.0,Boreal Forests/Taiga,Nearctic
247,acid_nh3,cf_std,0.041505102,Mindanao-Eastern Visayas rain forests,1.0,Tropical & Subtropical Moist Broadleaf Forests,Indomalayan
246,acid_nh3,cf_std,0.02409951,Mindanao montane rain forests,1.0,Tropical & Subtropical Moist Broadleaf Forests,Indomalayan
248,acid_nh3,cf_std,0.024938064,Mindoro rain forests,1.0,Tropical & Subtropical Moist Broadleaf Forests,Indomalayan
573,acid_nh3,cf_std,0.006888362,Miskito pine forests,7.0,"Tropical & Subtropical Grasslands, Savannas & Shrublands",Neotropic
337,acid_nh3,cf_std,0.4133811,Mississippi lowland forests,4.0,Temperate Broadleaf & Mixed Forests,Nearctic
187,acid_nh3,cf_std,0.9713723,Mitchell Grass Downs,7.0,"Tropical & Subtropical Grasslands, Savannas & Shrublands",Australasia
249,acid_nh3,cf_std,0.26353857,Mizoram-Manipur-Kachin rain forests,1.0,Tropical & Subtropical Moist Broadleaf Forests,Indomalayan
433,acid_nh3,cf_std,0.20964605,Mojave desert,13.0,Deserts & Xeric Shrublands,Nearctic
734,acid_nh3,cf_std,0.76734775,Mongolian-Manchurian grassland,8.0,"Temperate Grasslands, Savannas & Shrublands",Palearctic
394,acid_nh3,cf_std,2.5064332,Montana Valley and Foothill grasslands,8.0,"Temperate Grasslands, Savannas & Shrublands",Nearctic
482,acid_nh3,cf_std,0.3105293,Monte Alegre várzea,1.0,Tropical & Subtropical Moist Broadleaf Forests,Neotropic
605,acid_nh3,cf_std,0.0325646,Motagua Valley thornscrub,13.0,Deserts & Xeric Shrublands,Neotropic
21,acid_nh3,cf_std,2.220446e-16,Mount Cameroon and Bioko montane forests,1.0,Tropical & Subtropical Moist Broadleaf Forests,Afrotropic
84,acid_nh3,cf_std,0.3950294,Mulanje Montane forest-grassland,10.0,Montane Grasslands & Shrublands,Afrotropic
203,acid_nh3,cf_std,0.03042889,Murray-Darling woodlands and mallee,12.0,"Mediterranean Forests, Woodlands & Scrub",Australasia
378,acid_nh3,cf_std,1.3679233,Muskwa-Slave Lake taiga,6.0,Boreal Forests/Taiga,Nearctic
321,acid_nh3,cf_std,0.08379497,Myanmar Coast mangroves,14.0,Mangroves,Indomalayan
250,acid_nh3,cf_std,0.067373626,Myanmar coastal rain forests,1.0,Tropical & Subtropical Moist Broadleaf Forests,Indomalayan
101,acid_nh3,cf_std,0.92132664,Nama Karoo shrublands,13.0,Deserts & Xeric Shrublands,Afrotropic
102,acid_nh3,cf_std,0.030596735,Namaqualand-Richtersveld steppe,13.0,Deserts & Xeric Shrublands,Afrotropic
103,acid_nh3,cf_std,0.25524962,Namib Desert,13.0,Deserts & Xeric Shrublands,Afrotropic
104,acid_nh3,cf_std,0.26493433,Namibian savanna woodlands,13.0,Deserts & Xeric Shrublands,Afrotropic
251,acid_nh3,cf_std,0.0317487,Nansei Islands subtropical evergreen forests,1.0,Tropical & Subtropical Moist Broadleaf Forests,Indomalayan
483,acid_nh3,cf_std,0.40272316,Napo moist forests,1.0,Tropical & Subtropical Moist Broadleaf Forests,Neotropic
204,acid_nh3,cf_std,0.21221651,Naracoorte woodlands,12.0,"Mediterranean Forests, Woodlands & Scrub",Australasia
296,acid_nh3,cf_std,0.08348212,Narmada Valley dry deciduous forests,2.0,Tropical & Subtropical Dry Broadleaf Forests,Indomalayan
395,acid_nh3,cf_std,0.1972861,Nebraska Sand Hills mixed grasslands,8.0,"Temperate Grasslands, Savannas & Shrublands",Nearctic
484,acid_nh3,cf_std,0.4484637,Negro-Branco moist forests,1.0,Tropical & Subtropical Moist Broadleaf Forests,Neotropic
170,acid_nh3,cf_std,0.061289422,Nelson Coast temperate forests,4.0,Temperate Broadleaf & Mixed Forests,Australasia
743,acid_nh3,cf_std,0.65305376,Nenjiang River grassland,9.0,Flooded Grasslands & Savannas,Palearctic
144,acid_nh3,cf_std,0.038073514,New Britain-New Ireland lowland rain forests,1.0,Tropical & Subtropical Moist Broadleaf Forests,Australasia
145,acid_nh3,cf_std,0.023291048,New Britain-New Ireland montane rain forests,1.0,Tropical & Subtropical Moist Broadleaf Forests,Australasia
164,acid_nh3,cf_std,0.0029872132,New Caledonia dry forests,2.0,Tropical & Subtropical Dry Broadleaf Forests,Australasia
146,acid_nh3,cf_std,0.0027942832,New Caledonia rain forests,1.0,Tropical & Subtropical Moist Broadleaf Forests,Australasia
338,acid_nh3,cf_std,3.3981798,New England-Acadian forests,4.0,Temperate Broadleaf & Mixed Forests,Nearctic
217,acid_nh3,cf_std,0.04369229,New Guinea mangroves,14.0,Mangroves,Australasia
252,acid_nh3,cf_std,0.015581404,Nicobar Islands rain forests,1.0,Tropical & Subtropical Moist Broadleaf Forests,Indomalayan
22,acid_nh3,cf_std,0.03392781,Niger Delta swamp forests,1.0,Tropical & Subtropical Moist Broadleaf Forests,Afrotropic
23,acid_nh3,cf_std,0.07570283,Nigerian lowland forests,1.0,Tropical & Subtropical Moist Broadleaf Forests,Afrotropic
670,acid_nh3,cf_std,0.21517567,Nihonkai evergreen forests,4.0,Temperate Broadleaf & Mixed Forests,Palearctic
671,acid_nh3,cf_std,0.806415,Nihonkai montane deciduous forests,4.0,Temperate Broadleaf & Mixed Forests,Palearctic
744,acid_nh3,cf_std,0.95573604,Nile Delta flooded savanna,9.0,Flooded Grasslands & Savannas,Palearctic
147,acid_nh3,cf_std,0.0011976558,Norfolk Island subtropical forests,1.0,Tropical & Subtropical Moist Broadleaf Forests,Australasia
831,acid_nh3,cf_std,0.7025871,North Arabian desert,13.0,Deserts & Xeric Shrublands,Palearctic
832,acid_nh3,cf_std,0.055450033,North Arabian highland shrublands,13.0,Deserts & Xeric Shrublands,Palearctic
171,acid_nh3,cf_std,0.53387004,New Zealand North Island temperate forests,4.0,Temperate Broadleaf & Mixed Forests,Australasia
833,acid_nh3,cf_std,0.28634194,North Saharan Xeric Steppe and Woodland,13.0,Deserts & Xeric Shrublands,Palearctic
106,acid_nh3,cf_std,0.06442727,Somali montane xeric woodlands,13.0,Deserts & Xeric Shrublands,Afrotropic
759,acid_nh3,cf_std,1.3233577,North Tibetan Plateau-Kunlun Mountains alpine desert,10.0,Montane Grasslands & Shrublands,Palearctic
253,acid_nh3,cf_std,0.12504356,North Western Ghats moist deciduous forests,1.0,Tropical & Subtropical Moist Broadleaf Forests,Indomalayan
254,acid_nh3,cf_std,0.08177412,North Western Ghats montane rain forests,1.0,Tropical & Subtropical Moist Broadleaf Forests,Indomalayan
673,acid_nh3,cf_std,1.7467387,Northeast China Plain deciduous forests,4.0,Temperate Broadleaf & Mixed Forests,Palearctic
304,acid_nh3,cf_std,0.14415038,Northeast India-Myanmar pine forests,3.0,Tropical & Subtropical Coniferous Forests,Indomalayan
775,acid_nh3,cf_std,0.14727834,Northeast Siberian coastal tundra,11.0,Tundra,Palearctic
714,acid_nh3,cf_std,0.21552776,Northeast Siberian taiga,6.0,Boreal Forests/Taiga,Palearctic
485,acid_nh3,cf_std,0.15210873,Northeast Brazil restingas,1.0,Tropical & Subtropical Moist Broadleaf Forests,Neotropic
24,acid_nh3,cf_std,0.29486415,Northeast Congolian lowland forests,1.0,Tropical & Subtropical Moist Broadleaf Forests,Afrotropic
702,acid_nh3,cf_std,0.5391876,Northeast Himalayan subalpine conifer forests,5.0,Temperate Conifer Forests,Palearctic
799,acid_nh3,cf_std,1.6913881,Northeast Spain and Southern France Mediterranean forests,12.0,"Mediterranean Forests, Woodlands & Scrub",Palearctic
339,acid_nh3,cf_std,2.408406,Northeast US Coastal forests,4.0,Temperate Broadleaf & Mixed Forests,Nearctic
51,acid_nh3,cf_std,0.18341298,Northern Acacia-Commiphora bushlands and thickets,7.0,"Tropical & Subtropical Grasslands, Savannas & Shrublands",Afrotropic
703,acid_nh3,cf_std,0.8942401,Northern Anatolian conifer and deciduous forests,5.0,Temperate Conifer Forests,Palearctic
593,acid_nh3,cf_std,0.26129568,Northern Andean páramo,10.0,Montane Grasslands & Shrublands,Neotropic
255,acid_nh3,cf_std,0.10269481,Northern Annamites rain forests,1.0,Tropical & Subtropical Moist Broadleaf Forests,Indomalayan
359,acid_nh3,cf_std,0.3020645,Northern California coastal forests,5.0,Temperate Conifer Forests,Nearctic
379,acid_nh3,cf_std,1.6895264,Northern Canadian Shield taiga,6.0,Boreal Forests/Taiga,Nearctic
52,acid_nh3,cf_std,0.5778186,Northern Congolian Forest-Savanna,7.0,"Tropical & Subtropical Grasslands, Savannas & Shrublands",Afrotropic
297,acid_nh3,cf_std,0.06611586,North Deccan dry deciduous forests,2.0,Tropical & Subtropical Dry Broadleaf Forests,Indomalayan
256,acid_nh3,cf_std,0.23932908,Northern Indochina subtropical forests,1.0,Tropical & Subtropical Moist Broadleaf Forests,Indomalayan
257,acid_nh3,cf_std,0.04419467,Northern Khorat Plateau moist deciduous forests,1.0,Tropical & Subtropical Moist Broadleaf Forests,Indomalayan
614,acid_nh3,cf_std,0.13420907,Northern Mesoamerican Pacific mangroves,14.0,Mangroves,Neotropic
148,acid_nh3,cf_std,0.08292238,Northern New Guinea lowland rain and freshwater swamp forests,1.0,Tropical & Subtropical Moist Broadleaf Forests,Australasia
149,acid_nh3,cf_std,0.061001465,Northern New Guinea montane rain forests,1.0,Tropical & Subtropical Moist Broadleaf Forests,Australasia
396,acid_nh3,cf_std,0.5483169,Northern Shortgrass prairie,8.0,"Temperate Grasslands, Savannas & Shrublands",Nearctic
25,acid_nh3,cf_std,0.8809458,Northern Swahili coastal forests,1.0,Tropical & Subtropical Moist Broadleaf Forests,Afrotropic
397,acid_nh3,cf_std,0.8333255,Northern Tallgrass prairie,8.0,"Temperate Grasslands, Savannas & Shrublands",Nearctic
258,acid_nh3,cf_std,0.1712885,Northern Thailand-Laos moist deciduous forests,1.0,Tropical & Subtropical Moist Broadleaf Forests,Indomalayan
259,acid_nh3,cf_std,0.5770774,Northern Triangle subtropical forests,1.0,Tropical & Subtropical Moist Broadleaf Forests,Indomalayan
307,acid_nh3,cf_std,0.8730617,Northern Triangle temperate forests,4.0,Temperate Broadleaf & Mixed Forests,Indomalayan
260,acid_nh3,cf_std,0.1208053,Northern Vietnam lowland rain forests,1.0,Tropical & Subtropical Moist Broadleaf Forests,Indomalayan
173,acid_nh3,cf_std,0.6195775,Northland temperate kauri forests,4.0,Temperate Broadleaf & Mixed Forests,Australasia
800,acid_nh3,cf_std,0.42607215,Northwest Iberian montane forests,12.0,"Mediterranean Forests, Woodlands & Scrub",Palearctic
776,acid_nh3,cf_std,1.3052392,Northwest Russian-Novaya Zemlya tundra,11.0,Tundra,Palearctic
486,acid_nh3,cf_std,0.25525925,Northwest Andean montane forests,1.0,Tropical & Subtropical Moist Broadleaf Forests,Neotropic
26,acid_nh3,cf_std,0.5920465,Northwest Congolian lowland forests,1.0,Tropical & Subtropical Moist Broadleaf Forests,Afrotropic
641,acid_nh3,cf_std,0.003567653,Northwest Hawai'i scrub,7.0,"Tropical & Subtropical Grasslands, Savannas & Shrublands",Oceania
760,acid_nh3,cf_std,1.7783004,Northwestern Himalayan alpine shrub and meadows,10.0,Montane Grasslands & Shrublands,Palearctic
314,acid_nh3,cf_std,2.3688622,Aravalli west thorn scrub forests,13.0,Deserts & Xeric Shrublands,Indomalayan
777,acid_nh3,cf_std,0.0053086667,Novosibirsk Islands Arctic desert,11.0,Tundra,Palearctic
704,acid_nh3,cf_std,0.814397,Nujiang Langcang Gorge alpine conifer and mixed forests,5.0,Temperate Conifer Forests,Palearctic
212,acid_nh3,cf_std,0.019788455,Nullarbor Plains xeric shrublands,13.0,Deserts & Xeric Shrublands,Australasia
85,acid_nh3,cf_std,0.02505988,Nyanga-Chimanimani Montane forest-grassland,10.0,Montane Grasslands & Shrublands,Afrotropic
487,acid_nh3,cf_std,0.23533185,Oaxacan montane forests,1.0,Tropical & Subtropical Moist Broadleaf Forests,Neotropic
626,acid_nh3,cf_std,0.026618712,Ogasawara subtropical moist forests,1.0,Tropical & Subtropical Moist Broadleaf Forests,Oceania
419,acid_nh3,cf_std,0.845061,Ogilvie-MacKenzie alpine tundra,11.0,Tundra,Nearctic
362,acid_nh3,cf_std,1.8400701,Okanogan dry forests,5.0,Temperate Conifer Forests,Nearctic
715,acid_nh3,cf_std,5.1284566,Okhotsk-Manchurian taiga,6.0,Boreal Forests/Taiga,Palearctic
761,acid_nh3,cf_std,0.65640837,Ordos Plateau steppe,10.0,Montane Grasslands & Shrublands,Palearctic
488,acid_nh3,cf_std,0.43079495,Orinoco Delta swamp forests,1.0,Tropical & Subtropical Moist Broadleaf Forests,Neotropic
583,acid_nh3,cf_std,0.24173482,Orinoco wetlands,9.0,Flooded Grasslands & Savannas,Neotropic
261,acid_nh3,cf_std,0.023971304,Orissa semi-evergreen forests,1.0,Tropical & Subtropical Moist Broadleaf Forests,Indomalayan
340,acid_nh3,cf_std,0.23946194,Ozark Highlands mixed forests,4.0,Temperate Broadleaf & Mixed Forests,Nearctic
341,acid_nh3,cf_std,0.4230716,Ozark Mountain forests,4.0,Temperate Broadleaf & Mixed Forests,Nearctic
420,acid_nh3,cf_std,1.2375299,Pacific Coastal Mountain icefields and tundra,11.0,Tundra,Nearctic
627,acid_nh3,cf_std,0.0058524637,Palau tropical moist forests,1.0,Tropical & Subtropical Moist Broadleaf Forests,Oceania
262,acid_nh3,cf_std,0.025830604,Palawan rain forests,1.0,Tropical & Subtropical Moist Broadleaf Forests,Indomalayan
398,acid_nh3,cf_std,7.1982737,Palouse prairie,8.0,"Temperate Grasslands, Savannas & Shrublands",Nearctic
762,acid_nh3,cf_std,1.7351906,Pamir alpine desert and tundra,10.0,Montane Grasslands & Shrublands,Palearctic
541,acid_nh3,cf_std,0.03010232,Panamanian dry forests,2.0,Tropical & Subtropical Dry Broadleaf Forests,Neotropic
674,acid_nh3,cf_std,1.4642452,Pannonian mixed forests,4.0,Temperate Broadleaf & Mixed Forests,Palearctic
584,acid_nh3,cf_std,0.28693175,Pantanal,9.0,Flooded Grasslands & Savannas,Neotropic
489,acid_nh3,cf_std,0.06768227,Pantanos de Centla,1.0,Tropical & Subtropical Moist Broadleaf Forests,Neotropic
490,acid_nh3,cf_std,0.353146,Pantepui forests & shrublands,1.0,Tropical & Subtropical Moist Broadleaf Forests,Neotropic
606,acid_nh3,cf_std,0.017302522,Paraguaná xeric scrub,13.0,Deserts & Xeric Shrublands,Neotropic
585,acid_nh3,cf_std,0.071679935,Paraná flooded savanna,9.0,Flooded Grasslands & Savannas,Neotropic
834,acid_nh3,cf_std,1.5056822,Paropamisus xeric woodlands,13.0,Deserts & Xeric Shrublands,Palearctic
578,acid_nh3,cf_std,1.0506788,Patagonian steppe,8.0,"Temperate Grasslands, Savannas & Shrublands",Neotropic
542,acid_nh3,cf_std,0.20480803,Patía valley dry forests,2.0,Tropical & Subtropical Dry Broadleaf Forests,Neotropic
263,acid_nh3,cf_std,0.03739802,Peninsular Malaysian montane rain forests,1.0,Tropical & Subtropical Moist Broadleaf Forests,Indomalayan
264,acid_nh3,cf_std,0.07557033,Peninsular Malaysian peat swamp forests,1.0,Tropical & Subtropical Moist Broadleaf Forests,Indomalayan
265,acid_nh3,cf_std,0.06937782,Peninsular Malaysian rain forests,1.0,Tropical & Subtropical Moist Broadleaf Forests,Indomalayan
491,acid_nh3,cf_std,0.008735281,Pernambuco coastal forests,1.0,Tropical & Subtropical Moist Broadleaf Forests,Neotropic
492,acid_nh3,cf_std,0.11205875,Pernambuco interior forests,1.0,Tropical & Subtropical Moist Broadleaf Forests,Neotropic
493,acid_nh3,cf_std,1.6202319,Peruvian Yungas,1.0,Tropical & Subtropical Moist Broadleaf Forests,Neotropic
494,acid_nh3,cf_std,0.3455468,Petén-Veracruz moist forests,1.0,Tropical & Subtropical Moist Broadleaf Forests,Neotropic
213,acid_nh3,cf_std,0.10678998,Pilbara shrublands,13.0,Deserts & Xeric Shrublands,Australasia
801,acid_nh3,cf_std,0.9774043,Pindus Mountains mixed forests,12.0,"Mediterranean Forests, Woodlands & Scrub",Palearctic
363,acid_nh3,cf_std,0.33312783,Piney Woods,5.0,Temperate Conifer Forests,Nearctic
675,acid_nh3,cf_std,1.7345043,Po Basin mixed forests,4.0,Temperate Broadleaf & Mixed Forests,Palearctic
735,acid_nh3,cf_std,0.75385857,Pontic steppe,8.0,"Temperate Grasslands, Savannas & Shrublands",Palearctic
543,acid_nh3,cf_std,0.010714853,Puerto Rican dry forests,2.0,Tropical & Subtropical Dry Broadleaf Forests,Neotropic
495,acid_nh3,cf_std,1.110223e-16,Puerto Rican moist forests,1.0,Tropical & Subtropical Moist Broadleaf Forests,Neotropic
364,acid_nh3,cf_std,7.5047746,Puget lowland forests,5.0,Temperate Conifer Forests,Nearctic
497,acid_nh3,cf_std,0.3144148,Purus-Madeira moist forests,1.0,Tropical & Subtropical Moist Broadleaf Forests,Neotropic
496,acid_nh3,cf_std,0.32239857,Purus várzea,1.0,Tropical & Subtropical Moist Broadleaf Forests,Neotropic
676,acid_nh3,cf_std,0.58410686,Pyrenees conifer and mixed forests,4.0,Temperate Broadleaf & Mixed Forests,Palearctic
835,acid_nh3,cf_std,0.99662125,Qaidam Basin semi-desert,13.0,Deserts & Xeric Shrublands,Palearctic
705,acid_nh3,cf_std,1.528064,Qilian Mountains conifer forests,5.0,Temperate Conifer Forests,Palearctic
763,acid_nh3,cf_std,1.492329,Qilian Mountains subalpine meadows,10.0,Montane Grasslands & Shrublands,Palearctic
677,acid_nh3,cf_std,0.54434484,Qin Ling Mountains deciduous forests,4.0,Temperate Broadleaf & Mixed Forests,Palearctic
706,acid_nh3,cf_std,0.63958395,Qionglai-Minshan conifer forests,5.0,Temperate Conifer Forests,Palearctic
150,acid_nh3,cf_std,0.15897033,Queensland tropical rain forests,1.0,Tropical & Subtropical Moist Broadleaf Forests,Australasia
174,acid_nh3,cf_std,0.28335446,Rakiura Island temperate forests,4.0,Temperate Broadleaf & Mixed Forests,Australasia
312,acid_nh3,cf_std,0.40019786,Rann of Kutch seasonal salt marsh,9.0,Flooded Grasslands & Savannas,Indomalayan
628,acid_nh3,cf_std,6.938894e-18,Rapa Nui and Sala y Gómez subtropical forests,1.0,Tropical & Subtropical Moist Broadleaf Forests,Oceania
266,acid_nh3,cf_std,0.12918049,Red River freshwater swamp forests,1.0,Tropical & Subtropical Moist Broadleaf Forests,Indomalayan
837,acid_nh3,cf_std,2.3024676,Red Sea-Arabian Desert shrublands,13.0,Deserts & Xeric Shrublands,Palearctic
836,acid_nh3,cf_std,0.82406265,Red Sea coastal desert,13.0,Deserts & Xeric Shrublands,Palearctic
115,acid_nh3,cf_std,0.49950388,Red Sea mangroves,14.0,Mangroves,Afrotropic
838,acid_nh3,cf_std,0.26654395,Registan-North Pakistan sandy desert,13.0,Deserts & Xeric Shrublands,Palearctic
90,acid_nh3,cf_std,0.03443278,Renosterveld shrubland,12.0,"Mediterranean Forests, Woodlands & Scrub",Afrotropic
175,acid_nh3,cf_std,0.05293224,Richmond temperate forests,4.0,Temperate Broadleaf & Mixed Forests,Australasia
498,acid_nh3,cf_std,0.44095358,Rio Negro campinarana,1.0,Tropical & Subtropical Moist Broadleaf Forests,Neotropic
678,acid_nh3,cf_std,0.74307644,Rodope montane mixed forests,4.0,Temperate Broadleaf & Mixed Forests,Palearctic
86,acid_nh3,cf_std,0.0420032,Rwenzori-Virunga montane moorlands,10.0,Montane Grasslands & Shrublands,Afrotropic
745,acid_nh3,cf_std,0.08532295,Saharan halophytics,9.0,Flooded Grasslands & Savannas,Palearctic
53,acid_nh3,cf_std,2.1548889,Sahelian Acacia savanna,7.0,"Tropical & Subtropical Grasslands, Savannas & Shrublands",Afrotropic
716,acid_nh3,cf_std,2.0961468,Sakhalin Island taiga,6.0,Boreal Forests/Taiga,Palearctic
629,acid_nh3,cf_std,0.00070187205,Samoan tropical moist forests,1.0,Tropical & Subtropical Moist Broadleaf Forests,Oceania
562,acid_nh3,cf_std,0.041537356,San Félix-San Ambrosio Islands temperate forests,4.0,Temperate Broadleaf & Mixed Forests,Neotropic
607,acid_nh3,cf_std,0.03538969,San Lucan xeric scrub,13.0,Deserts & Xeric Shrublands,Neotropic
425,acid_nh3,cf_std,2.220446e-16,Santa Lucia Montane Chaparral & Woodlands,12.0,"Mediterranean Forests, Woodlands & Scrub",Nearctic
499,acid_nh3,cf_std,0.022133717,Santa Marta montane forests,1.0,Tropical & Subtropical Moist Broadleaf Forests,Neotropic
594,acid_nh3,cf_std,5.551115e-17,Santa Marta páramo,10.0,Montane Grasslands & Shrublands,Neotropic
27,acid_nh3,cf_std,0.017133892,"São Tomé, Príncipe, and Annobón forests",1.0,Tropical & Subtropical Moist Broadleaf Forests,Afrotropic
679,acid_nh3,cf_std,2.1012628,Sarmatic mixed forests,4.0,Temperate Broadleaf & Mixed Forests,Palearctic
764,acid_nh3,cf_std,4.1347523,Sayan alpine meadows and tundra,10.0,Montane Grasslands & Shrublands,Palearctic
736,acid_nh3,cf_std,6.2027516,Sayan Intermontane steppe,8.0,"Temperate Grasslands, Savannas & Shrublands",Palearctic
707,acid_nh3,cf_std,5.040413,Sayan montane conifer forests,5.0,Temperate Conifer Forests,Palearctic
717,acid_nh3,cf_std,1.6718524,Scandinavian and Russian taiga,6.0,Boreal Forests/Taiga,Palearctic
708,acid_nh3,cf_std,1.2515107,Scandinavian coastal conifer forests,5.0,Temperate Conifer Forests,Palearctic
780,acid_nh3,cf_std,2.307827,Scandinavian Montane Birch forest and grasslands,11.0,Tundra,Palearctic
608,acid_nh3,cf_std,2.053579,Sechura desert,13.0,Deserts & Xeric Shrublands,Neotropic
737,acid_nh3,cf_std,0.81604445,Selenge-Orkhon forest steppe,8.0,"Temperate Grasslands, Savannas & Shrublands",Palearctic
151,acid_nh3,cf_std,0.0043005613,Seram rain forests,1.0,Tropical & Subtropical Moist Broadleaf Forests,Australasia
54,acid_nh3,cf_std,0.0,Serengeti volcanic grasslands,7.0,"Tropical & Subtropical Grasslands, Savannas & Shrublands",Afrotropic
500,acid_nh3,cf_std,0.71803015,Serra do Mar coastal forests,1.0,Tropical & Subtropical Moist Broadleaf Forests,Neotropic
680,acid_nh3,cf_std,0.29309368,Sichuan Basin evergreen broadleaf forests,4.0,Temperate Broadleaf & Mixed Forests,Palearctic
544,acid_nh3,cf_std,0.02925165,Sierra de la Laguna dry forests,2.0,Tropical & Subtropical Dry Broadleaf Forests,Neotropic
556,acid_nh3,cf_std,0.014871279,Sierra de la Laguna pine-oak forests,3.0,Tropical & Subtropical Coniferous Forests,Neotropic
501,acid_nh3,cf_std,0.37241477,Sierra de los Tuxtlas,1.0,Tropical & Subtropical Moist Broadleaf Forests,Neotropic
502,acid_nh3,cf_std,0.15761358,Sierra Madre de Chiapas moist forests,1.0,Tropical & Subtropical Moist Broadleaf Forests,Neotropic
557,acid_nh3,cf_std,0.41447908,Sierra Madre de Oaxaca pine-oak forests,3.0,Tropical & Subtropical Coniferous Forests,Neotropic
558,acid_nh3,cf_std,0.4753265,Sierra Madre del Sur pine-oak forests,3.0,Tropical & Subtropical Coniferous Forests,Neotropic
326,acid_nh3,cf_std,0.10362713,Sierra Madre Occidental pine-oak forests,3.0,Tropical & Subtropical Coniferous Forests,Nearctic
327,acid_nh3,cf_std,0.34195703,Sierra Madre Oriental pine-oak forests,3.0,Tropical & Subtropical Coniferous Forests,Nearctic
366,acid_nh3,cf_std,0.38351336,Sierra Nevada forests,5.0,Temperate Conifer Forests,Nearctic
214,acid_nh3,cf_std,0.7407451,Simpson desert,13.0,Deserts & Xeric Shrublands,Australasia
545,acid_nh3,cf_std,0.06428438,Sinaloan dry forests,2.0,Tropical & Subtropical Dry Broadleaf Forests,Neotropic
546,acid_nh3,cf_std,0.06402512,Sinú Valley dry forests,2.0,Tropical & Subtropical Dry Broadleaf Forests,Neotropic
434,acid_nh3,cf_std,0.7459845,Snake-Columbia shrub steppe,13.0,Deserts & Xeric Shrublands,Nearctic
630,acid_nh3,cf_std,3.824489e-05,Society Islands tropical moist forests,1.0,Tropical & Subtropical Moist Broadleaf Forests,Oceania
105,acid_nh3,cf_std,0.017005038,Socotra Island xeric shrublands,13.0,Deserts & Xeric Shrublands,Afrotropic
503,acid_nh3,cf_std,0.15539585,Solimões-Japurá moist forests,1.0,Tropical & Subtropical Moist Broadleaf Forests,Neotropic
152,acid_nh3,cf_std,0.007091134,Solomon Islands rain forests,1.0,Tropical & Subtropical Moist Broadleaf Forests,Australasia
55,acid_nh3,cf_std,1.1796068,Somali Acacia-Commiphora bushlands and thickets,7.0,"Tropical & Subtropical Grasslands, Savannas & Shrublands",Afrotropic
324,acid_nh3,cf_std,0.07792551,Sonoran-Sinaloan subtropical dry forest,2.0,Tropical & Subtropical Dry Broadleaf Forests,Nearctic
435,acid_nh3,cf_std,0.13765156,Sonoran desert,13.0,Deserts & Xeric Shrublands,Nearctic
615,acid_nh3,cf_std,0.34097534,South American Pacific mangroves,14.0,Mangroves,Neotropic
802,acid_nh3,cf_std,0.088245,South Apennine mixed montane forests,12.0,"Mediterranean Forests, Woodlands & Scrub",Palearctic
367,acid_nh3,cf_std,2.9416077,South Central Rockies forests,5.0,Temperate Conifer Forests,Nearctic
268,acid_nh3,cf_std,0.35121414,South China-Vietnam subtropical evergreen forests,1.0,Tropical & Subtropical Moist Broadleaf Forests,Indomalayan
267,acid_nh3,cf_std,0.07345682,South China Sea Islands,1.0,Tropical & Subtropical Moist Broadleaf Forests,Indomalayan
298,acid_nh3,cf_std,0.031919215,South Deccan Plateau dry deciduous forests,2.0,Tropical & Subtropical Dry Broadleaf Forests,Indomalayan
841,acid_nh3,cf_std,0.38193488,South Iran Nubo-Sindian desert and semi-desert,13.0,Deserts & Xeric Shrublands,Palearctic
194,acid_nh3,cf_std,0.12395748,New Zealand South Island montane grasslands,10.0,Montane Grasslands & Shrublands,Australasia
172,acid_nh3,cf_std,0.13966662,New Zealand South Island temperate forests,4.0,Temperate Broadleaf & Mixed Forests,Australasia
842,acid_nh3,cf_std,0.7854187,South Sahara desert,13.0,Deserts & Xeric Shrublands,Palearctic
738,acid_nh3,cf_std,2.7108076,South Siberian forest steppe,8.0,"Temperate Grasslands, Savannas & Shrublands",Palearctic
269,acid_nh3,cf_std,0.0,South Taiwan monsoon rain forests,1.0,Tropical & Subtropical Moist Broadleaf Forests,Indomalayan
270,acid_nh3,cf_std,0.027576786,South Western Ghats moist deciduous forests,1.0,Tropical & Subtropical Moist Broadleaf Forests,Indomalayan
271,acid_nh3,cf_std,0.024562435,South Western Ghats montane rain forests,1.0,Tropical & Subtropical Moist Broadleaf Forests,Indomalayan
176,acid_nh3,cf_std,0.23042046,Southeast Australia temperate forests,4.0,Temperate Broadleaf & Mixed Forests,Australasia
192,acid_nh3,cf_std,0.025694968,Southeast Australia temperate savanna,8.0,"Temperate Grasslands, Savannas & Shrublands",Australasia
765,acid_nh3,cf_std,1.0541183,Southeast Tibet shrublands and meadows,10.0,Montane Grasslands & Shrublands,Palearctic
400,acid_nh3,cf_std,8.881784e-16,Southeast US mixed woodlands and savannas,8.0,"Temperate Grasslands, Savannas & Shrublands",Nearctic
399,acid_nh3,cf_std,1.7386582,Southeast US conifer savannas,8.0,"Temperate Grasslands, Savannas & Shrublands",Nearctic
803,acid_nh3,cf_std,0.052682005,Southeast Iberian shrubs and woodlands,12.0,"Mediterranean Forests, Woodlands & Scrub",Palearctic
299,acid_nh3,cf_std,0.049217205,Southeast Indochina dry evergreen forests,2.0,Tropical & Subtropical Dry Broadleaf Forests,Indomalayan
153,acid_nh3,cf_std,0.04017086,Southeast Papuan rain forests,1.0,Tropical & Subtropical Moist Broadleaf Forests,Australasia
57,acid_nh3,cf_std,0.08549544,Southern Acacia-Commiphora bushlands and thickets,7.0,"Tropical & Subtropical Grasslands, Savannas & Shrublands",Afrotropic
116,acid_nh3,cf_std,0.09661709,Southern Africa mangroves,14.0,Mangroves,Afrotropic
804,acid_nh3,cf_std,0.15612061,Southern Anatolian montane conifer and deciduous forests,12.0,"Mediterranean Forests, Woodlands & Scrub",Palearctic
595,acid_nh3,cf_std,0.5226762,Southern Andean steppe,10.0,Montane Grasslands & Shrublands,Neotropic
504,acid_nh3,cf_std,0.11195617,Southern Andean Yungas,1.0,Tropical & Subtropical Moist Broadleaf Forests,Neotropic
272,acid_nh3,cf_std,0.047888584,Southern Annamites montane rain forests,1.0,Tropical & Subtropical Moist Broadleaf Forests,Indomalayan
616,acid_nh3,cf_std,0.5031701,Southern Atlantic Brazilian mangroves,14.0,Mangroves,Neotropic
586,acid_nh3,cf_std,0.050033666,Southern Cone Mesopotamian savanna,9.0,Flooded Grasslands & Savannas,Neotropic
58,acid_nh3,cf_std,0.63908297,Southern Congolian forest-savanna,7.0,"Tropical & Subtropical Grasslands, Savannas & Shrublands",Afrotropic
342,acid_nh3,cf_std,2.4001777,Southern Great Lakes forests,4.0,Temperate Broadleaf & Mixed Forests,Nearctic
382,acid_nh3,cf_std,3.0622158,Southern Hudson Bay taiga,6.0,Boreal Forests/Taiga,Nearctic
681,acid_nh3,cf_std,0.23564798,Southern Korea evergreen forests,4.0,Temperate Broadleaf & Mixed Forests,Palearctic
617,acid_nh3,cf_std,0.12287763,Southern Mesoamerican Pacific mangroves,14.0,Mangroves,Neotropic
154,acid_nh3,cf_std,0.028179394,Southern New Guinea freshwater swamp forests,1.0,Tropical & Subtropical Moist Broadleaf Forests,Australasia
155,acid_nh3,cf_std,0.07444151,Southern New Guinea lowland rain forests,1.0,Tropical & Subtropical Moist Broadleaf Forests,Australasia
547,acid_nh3,cf_std,0.2114035,Southern Pacific dry forests,2.0,Tropical & Subtropical Dry Broadleaf Forests,Neotropic
87,acid_nh3,cf_std,0.3611226,Southern Rift Montane forest-grassland,10.0,Montane Grasslands & Shrublands,Afrotropic
28,acid_nh3,cf_std,0.7641233,Southern Swahili coastal forests and woodlands,1.0,Tropical & Subtropical Moist Broadleaf Forests,Afrotropic
300,acid_nh3,cf_std,0.07880715,Southern Vietnam lowland dry forests,2.0,Tropical & Subtropical Dry Broadleaf Forests,Indomalayan
505,acid_nh3,cf_std,0.48532918,Southwest Amazon moist forests,1.0,Tropical & Subtropical Moist Broadleaf Forests,Neotropic
108,acid_nh3,cf_std,1.9777757,Southwest Arabian Escarpment shrublands and woodlands,13.0,Deserts & Xeric Shrublands,Afrotropic
109,acid_nh3,cf_std,2.6236358,Southwest Arabian highland xeric scrub,13.0,Deserts & Xeric Shrublands,Afrotropic
205,acid_nh3,cf_std,0.062003985,Southwest Australia savanna,12.0,"Mediterranean Forests, Woodlands & Scrub",Australasia
206,acid_nh3,cf_std,0.05831512,Southwest Australia woodlands,12.0,"Mediterranean Forests, Woodlands & Scrub",Australasia
273,acid_nh3,cf_std,0.08229027,Southwest Borneo freshwater swamp forests,1.0,Tropical & Subtropical Moist Broadleaf Forests,Indomalayan
805,acid_nh3,cf_std,0.20932838,Southwest Iberian Mediterranean sclerophyllous and mixed forests,12.0,"Mediterranean Forests, Woodlands & Scrub",Palearctic
301,acid_nh3,cf_std,0.010942313,Sri Lanka dry-zone dry evergreen forests,2.0,Tropical & Subtropical Dry Broadleaf Forests,Indomalayan
274,acid_nh3,cf_std,0.006431446,Sri Lanka lowland rain forests,1.0,Tropical & Subtropical Moist Broadleaf Forests,Indomalayan
275,acid_nh3,cf_std,0.0020468722,Sri Lanka montane rain forests,1.0,Tropical & Subtropical Moist Broadleaf Forests,Indomalayan
609,acid_nh3,cf_std,0.0,St. Peter and St. Paul Rocks,13.0,Deserts & Xeric Shrublands,Neotropic
110,acid_nh3,cf_std,0.040598664,Succulent Karoo xeric shrublands,13.0,Deserts & Xeric Shrublands,Afrotropic
74,acid_nh3,cf_std,0.14163049,Sudd flooded grasslands,9.0,Flooded Grasslands & Savannas,Afrotropic
746,acid_nh3,cf_std,2.9743297,Suiphun-Khanka meadows and forest meadows,9.0,Flooded Grasslands & Savannas,Palearctic
766,acid_nh3,cf_std,0.1681932,Sulaiman Range alpine meadows,10.0,Montane Grasslands & Shrublands,Palearctic
157,acid_nh3,cf_std,0.028176008,Sulawesi montane rain forests,1.0,Tropical & Subtropical Moist Broadleaf Forests,Australasia
276,acid_nh3,cf_std,0.01609564,Sulu Archipelago rain forests,1.0,Tropical & Subtropical Moist Broadleaf Forests,Indomalayan
277,acid_nh3,cf_std,0.12804757,Sumatran freshwater swamp forests,1.0,Tropical & Subtropical Moist Broadleaf Forests,Indomalayan
278,acid_nh3,cf_std,0.1086886,Sumatran lowland rain forests,1.0,Tropical & Subtropical Moist Broadleaf Forests,Indomalayan
279,acid_nh3,cf_std,0.085301064,Sumatran montane rain forests,1.0,Tropical & Subtropical Moist Broadleaf Forests,Indomalayan
280,acid_nh3,cf_std,0.13423651,Sumatran peat swamp forests,1.0,Tropical & Subtropical Moist Broadleaf Forests,Indomalayan
305,acid_nh3,cf_std,0.07943631,Sumatran tropical pine forests,3.0,Tropical & Subtropical Coniferous Forests,Indomalayan
165,acid_nh3,cf_std,0.005791071,Sumba deciduous forests,2.0,Tropical & Subtropical Dry Broadleaf Forests,Australasia
322,acid_nh3,cf_std,0.12326238,Sunda Shelf mangroves,14.0,Mangroves,Indomalayan
281,acid_nh3,cf_std,0.07507729,Sundaland heath forests,1.0,Tropical & Subtropical Moist Broadleaf Forests,Indomalayan
282,acid_nh3,cf_std,0.045118354,Sundarbans freshwater swamp forests,1.0,Tropical & Subtropical Moist Broadleaf Forests,Indomalayan
323,acid_nh3,cf_std,0.027656816,Sundarbans mangroves,14.0,Mangroves,Indomalayan
739,acid_nh3,cf_std,0.47259855,Syrian xeric grasslands and shrublands,8.0,"Temperate Grasslands, Savannas & Shrublands",Palearctic
682,acid_nh3,cf_std,0.44392306,Taiheiyo evergreen forests,4.0,Temperate Broadleaf & Mixed Forests,Palearctic
683,acid_nh3,cf_std,0.57099104,Taiheiyo montane deciduous forests,4.0,Temperate Broadleaf & Mixed Forests,Palearctic
781,acid_nh3,cf_std,0.105555534,Taimyr-Central Siberian tundra,11.0,Tundra,Palearctic
283,acid_nh3,cf_std,0.099034585,Taiwan subtropical evergreen forests,1.0,Tropical & Subtropical Moist Broadleaf Forests,Indomalayan
843,acid_nh3,cf_std,6.5510755,Taklimakan desert,13.0,Deserts & Xeric Shrublands,Palearctic
506,acid_nh3,cf_std,0.105812006,Talamancan montane forests,1.0,Tropical & Subtropical Moist Broadleaf Forests,Neotropic
436,acid_nh3,cf_std,0.04426653,Tamaulipan matorral,13.0,Deserts & Xeric Shrublands,Nearctic
437,acid_nh3,cf_std,0.09726183,Tamaulipan mezquital,13.0,Deserts & Xeric Shrublands,Nearctic
507,acid_nh3,cf_std,0.49823403,Tapajós-Xingu moist forests,1.0,Tropical & Subtropical Moist Broadleaf Forests,Neotropic
684,acid_nh3,cf_std,5.1006165,Tarim Basin deciduous forests and steppe,4.0,Temperate Broadleaf & Mixed Forests,Palearctic
177,acid_nh3,cf_std,0.24973457,Tasmanian Central Highland forests,4.0,Temperate Broadleaf & Mixed Forests,Australasia
178,acid_nh3,cf_std,0.46425396,Tasmanian temperate forests,4.0,Temperate Broadleaf & Mixed Forests,Australasia
179,acid_nh3,cf_std,0.483319,Tasmanian temperate rain forests,4.0,Temperate Broadleaf & Mixed Forests,Australasia
610,acid_nh3,cf_std,0.25797868,Tehuacán Valley matorral,13.0,Deserts & Xeric Shrublands,Neotropic
284,acid_nh3,cf_std,0.03803004,Tenasserim-South Thailand semi-evergreen rain forests,1.0,Tropical & Subtropical Moist Broadleaf Forests,Indomalayan
311,acid_nh3,cf_std,0.40518644,Terai-Duar savanna and grasslands,7.0,"Tropical & Subtropical Grasslands, Savannas & Shrublands",Indomalayan
401,acid_nh3,cf_std,0.1585449,Texas blackland prairies,8.0,"Temperate Grasslands, Savannas & Shrublands",Nearctic
318,acid_nh3,cf_std,2.3143206,Thar desert,13.0,Deserts & Xeric Shrublands,Indomalayan
740,acid_nh3,cf_std,4.374387,Tian Shan foothill arid steppe,8.0,"Temperate Grasslands, Savannas & Shrublands",Palearctic
709,acid_nh3,cf_std,5.367887,Tian Shan montane conifer forests,5.0,Temperate Conifer Forests,Palearctic
767,acid_nh3,cf_std,5.7790046,Tian Shan montane steppe and meadows,10.0,Montane Grasslands & Shrublands,Palearctic
844,acid_nh3,cf_std,0.019247662,Tibesti-Jebel Uweinat montane xeric woodlands,13.0,Deserts & Xeric Shrublands,Palearctic
768,acid_nh3,cf_std,0.7004606,Tibetan Plateau alpine shrublands and meadows,10.0,Montane Grasslands & Shrublands,Palearctic
747,acid_nh3,cf_std,0.11891779,Tigris-Euphrates alluvial salt marsh,9.0,Flooded Grasslands & Savannas,Palearctic
166,acid_nh3,cf_std,0.024099953,Timor and Wetar deciduous forests,2.0,Tropical & Subtropical Dry Broadleaf Forests,Australasia
215,acid_nh3,cf_std,0.03510649,Tirari-Sturt stony desert,13.0,Deserts & Xeric Shrublands,Australasia
631,acid_nh3,cf_std,0.0027653163,Tongan tropical moist forests,1.0,Tropical & Subtropical Moist Broadleaf Forests,Oceania
286,acid_nh3,cf_std,0.04616744,Tonle Sap-Mekong peat swamp forests,1.0,Tropical & Subtropical Moist Broadleaf Forests,Indomalayan
285,acid_nh3,cf_std,0.042326465,Tonle Sap freshwater swamp forests,1.0,Tropical & Subtropical Moist Broadleaf Forests,Indomalayan
421,acid_nh3,cf_std,0.8749083,Torngat Mountain tundra,11.0,Tundra,Nearctic
782,acid_nh3,cf_std,4.2021623,Trans-Baikal Bald Mountain tundra,11.0,Tundra,Palearctic
718,acid_nh3,cf_std,0.62994546,Trans-Baikal conifer forests,6.0,Boreal Forests/Taiga,Palearctic
559,acid_nh3,cf_std,0.49521285,Trans-Mexican Volcanic Belt pine-oak forests,3.0,Tropical & Subtropical Coniferous Forests,Neotropic
188,acid_nh3,cf_std,0.010198158,Trans Fly savanna and grasslands,7.0,"Tropical & Subtropical Grasslands, Savannas & Shrublands",Australasia
510,acid_nh3,cf_std,0.0003532466,Trinidad and Tobago moist forest,1.0,Tropical & Subtropical Moist Broadleaf Forests,Neotropic
68,acid_nh3,cf_std,0.007348752,Tristan Da Cunha-Gough Islands shrub and grasslands,8.0,"Temperate Grasslands, Savannas & Shrublands",Afrotropic
158,acid_nh3,cf_std,0.0069619287,Trobriand Islands rain forests,1.0,Tropical & Subtropical Moist Broadleaf Forests,Australasia
632,acid_nh3,cf_std,0.00075365434,Tuamotu tropical moist forests,1.0,Tropical & Subtropical Moist Broadleaf Forests,Oceania
633,acid_nh3,cf_std,0.0006326302,Tubuai tropical moist forests,1.0,Tropical & Subtropical Moist Broadleaf Forests,Oceania
549,acid_nh3,cf_std,0.59973884,Tumbes-Piura dry forests,2.0,Tropical & Subtropical Dry Broadleaf Forests,Neotropic
806,acid_nh3,cf_std,0.64486766,Tyrrhenian-Adriatic sclerophyllous and mixed forests,12.0,"Mediterranean Forests, Woodlands & Scrub",Palearctic
511,acid_nh3,cf_std,0.5348094,Uatumã-Trombetas moist forests,1.0,Tropical & Subtropical Moist Broadleaf Forests,Neotropic
512,acid_nh3,cf_std,0.5777686,Ucayali moist forests,1.0,Tropical & Subtropical Moist Broadleaf Forests,Neotropic
287,acid_nh3,cf_std,0.4865161,Upper Gangetic Plains moist deciduous forests,1.0,Tropical & Subtropical Moist Broadleaf Forests,Indomalayan
343,acid_nh3,cf_std,2.6914475,Upper Midwest US forest-savanna transition,4.0,Temperate Broadleaf & Mixed Forests,Nearctic
719,acid_nh3,cf_std,3.217572,Urals montane forest and taiga,6.0,Boreal Forests/Taiga,Palearctic
574,acid_nh3,cf_std,0.12757306,Uruguayan savanna,7.0,"Tropical & Subtropical Grasslands, Savannas & Shrublands",Neotropic
685,acid_nh3,cf_std,4.5209527,Ussuri broadleaf and mixed forests,4.0,Temperate Broadleaf & Mixed Forests,Palearctic
563,acid_nh3,cf_std,1.1386005,Valdivian temperate forests,4.0,Temperate Broadleaf & Mixed Forests,Neotropic
159,acid_nh3,cf_std,0.0031220636,Vanuatu rain forests,1.0,Tropical & Subtropical Moist Broadleaf Forests,Australasia
513,acid_nh3,cf_std,0.03948681,Venezuelan Andes montane forests,1.0,Tropical & Subtropical Moist Broadleaf Forests,Neotropic
550,acid_nh3,cf_std,0.07934613,Veracruz dry forests,2.0,Tropical & Subtropical Dry Broadleaf Forests,Neotropic
514,acid_nh3,cf_std,0.4017062,Veracruz moist forests,1.0,Tropical & Subtropical Moist Broadleaf Forests,Neotropic
515,acid_nh3,cf_std,0.48121834,Veracruz montane forests,1.0,Tropical & Subtropical Moist Broadleaf Forests,Neotropic
189,acid_nh3,cf_std,1.5227863,Victoria Plains tropical savanna,7.0,"Tropical & Subtropical Grasslands, Savannas & Shrublands",Australasia
161,acid_nh3,cf_std,0.031836055,Vogelkop-Aru lowland rain forests,1.0,Tropical & Subtropical Moist Broadleaf Forests,Australasia
160,acid_nh3,cf_std,0.00913488,Vogelkop montane rain forests,1.0,Tropical & Subtropical Moist Broadleaf Forests,Australasia
368,acid_nh3,cf_std,0.27562216,Wasatch and Uinta montane forests,5.0,Temperate Conifer Forests,Nearctic
383,acid_nh3,cf_std,0.48902032,Watson Highlands taiga,6.0,Boreal Forests/Taiga,Nearctic
845,acid_nh3,cf_std,0.07332974,West Sahara desert,13.0,Deserts & Xeric Shrublands,Palearctic
846,acid_nh3,cf_std,0.031507455,West Saharan montane xeric woodlands,13.0,Deserts & Xeric Shrublands,Palearctic
720,acid_nh3,cf_std,1.4645401,West Siberian taiga,6.0,Boreal Forests/Taiga,Palearctic
62,acid_nh3,cf_std,0.18263157,West Sudanian savanna,7.0,"Tropical & Subtropical Grasslands, Savannas & Shrublands",Afrotropic
216,acid_nh3,cf_std,0.13788763,Western Australian Mulga shrublands,13.0,Deserts & Xeric Shrublands,Australasia
29,acid_nh3,cf_std,0.50395787,Western Congolian swamp forests,1.0,Tropical & Subtropical Moist Broadleaf Forests,Afrotropic
516,acid_nh3,cf_std,0.21651773,Western Ecuador moist forests,1.0,Tropical & Subtropical Moist Broadleaf Forests,Neotropic
686,acid_nh3,cf_std,1.6136888,Western European broadleaf forests,4.0,Temperate Broadleaf & Mixed Forests,Palearctic
344,acid_nh3,cf_std,4.6761394,Western Great Lakes forests,4.0,Temperate Broadleaf & Mixed Forests,Nearctic
30,acid_nh3,cf_std,0.55516815,Western Guinean lowland forests,1.0,Tropical & Subtropical Moist Broadleaf Forests,Afrotropic
384,acid_nh3,cf_std,0.34106073,Western Gulf coastal grasslands,7.0,"Tropical & Subtropical Grasslands, Savannas & Shrublands",Nearctic
769,acid_nh3,cf_std,0.90382165,Western Himalayan alpine shrub and meadows,10.0,Montane Grasslands & Shrublands,Palearctic
308,acid_nh3,cf_std,1.0599514,Western Himalayan broadleaf forests,4.0,Temperate Broadleaf & Mixed Forests,Indomalayan
310,acid_nh3,cf_std,1.9781433,Western Himalayan subalpine conifer forests,5.0,Temperate Conifer Forests,Indomalayan
288,acid_nh3,cf_std,0.032712694,Western Java montane rain forests,1.0,Tropical & Subtropical Moist Broadleaf Forests,Indomalayan
289,acid_nh3,cf_std,0.035508458,Western Java rain forests,1.0,Tropical & Subtropical Moist Broadleaf Forests,Indomalayan
634,acid_nh3,cf_std,0.002905117,Western Polynesian tropical moist forests,1.0,Tropical & Subtropical Moist Broadleaf Forests,Oceania
402,acid_nh3,cf_std,0.58226013,Western shortgrass prairie,8.0,"Temperate Grasslands, Savannas & Shrublands",Nearctic
687,acid_nh3,cf_std,1.3729738,Western Siberian hemiboreal forests,4.0,Temperate Broadleaf & Mixed Forests,Palearctic
180,acid_nh3,cf_std,0.048991747,Westland temperate forests,4.0,Temperate Broadleaf & Mixed Forests,Australasia
403,acid_nh3,cf_std,1.0055623,Willamette Valley oak savanna,8.0,"Temperate Grasslands, Savannas & Shrublands",Nearctic
517,acid_nh3,cf_std,0.003311876,Windward Islands moist forests,1.0,Tropical & Subtropical Moist Broadleaf Forests,Neotropic
783,acid_nh3,cf_std,0.021067258,Wrangel Island Arctic desert,11.0,Tundra,Palearctic
438,acid_nh3,cf_std,0.2873031,Wyoming Basin shrub steppe,13.0,Deserts & Xeric Shrublands,Nearctic
518,acid_nh3,cf_std,0.23654395,Xingu-Tocantins-Araguaia moist forests,1.0,Tropical & Subtropical Moist Broadleaf Forests,Neotropic
784,acid_nh3,cf_std,0.2790287,Yamal-Gydan tundra,11.0,Tundra,Palearctic
638,acid_nh3,cf_std,0.005821211,Yap tropical dry forests,2.0,Tropical & Subtropical Dry Broadleaf Forests,Oceania
162,acid_nh3,cf_std,2.7755576e-17,Yapen rain forests,1.0,Tropical & Subtropical Moist Broadleaf Forests,Australasia
770,acid_nh3,cf_std,0.8792154,Yarlung Zanbo arid steppe,10.0,Montane Grasslands & Shrublands,Palearctic
748,acid_nh3,cf_std,0.11993931,Yellow Sea saline meadow,9.0,Flooded Grasslands & Savannas,Palearctic
551,acid_nh3,cf_std,0.12324591,Yucatán dry forests,2.0,Tropical & Subtropical Dry Broadleaf Forests,Neotropic
519,acid_nh3,cf_std,0.10943396,Yucatán moist forests,1.0,Tropical & Subtropical Moist Broadleaf Forests,Neotropic
643,acid_nh3,cf_std,0.51427007,Yunnan Plateau subtropical evergreen forests,1.0,Tropical & Subtropical Moist Broadleaf Forests,Palearctic
688,acid_nh3,cf_std,0.30403426,Zagros Mountains forest steppe,4.0,Temperate Broadleaf & Mixed Forests,Palearctic
66,acid_nh3,cf_std,0.5116165,Zambezian-Limpopo mixed woodlands,7.0,"Tropical & Subtropical Grasslands, Savannas & Shrublands",Afrotropic
64,acid_nh3,cf_std,0.4489721,Zambezian Baikiaea woodlands,7.0,"Tropical & Subtropical Grasslands, Savannas & Shrublands",Afrotropic
75,acid_nh3,cf_std,0.8903861,Zambezian coastal flooded savanna,9.0,Flooded Grasslands & Savannas,Afrotropic
42,acid_nh3,cf_std,0.50056714,Dry miombo woodlands,7.0,"Tropical & Subtropical Grasslands, Savannas & Shrublands",Afrotropic
33,acid_nh3,cf_std,0.14796439,Zambezian evergreen dry forests,2.0,Tropical & Subtropical Dry Broadleaf Forests,Afrotropic
76,acid_nh3,cf_std,0.26715934,Zambezian flooded grasslands,9.0,Flooded Grasslands & Savannas,Afrotropic
65,acid_nh3,cf_std,1.0379727,Zambezian mopane woodlands,7.0,"Tropical & Subtropical Grasslands, Savannas & Shrublands",Afrotropic
524,acid_nh3,cf_std,1.738167,Brazilian Atlantic dry forests,2.0,Tropical & Subtropical Dry Broadleaf Forests,Neotropic
380,acid_nh3,cf_std,1.2287084,Northern Cordillera forests,6.0,Boreal Forests/Taiga,Nearctic
60,acid_nh3,cf_std,0.0,St. Helena scrub and woodlands,7.0,"Tropical & Subtropical Grasslands, Savannas & Shrublands",Afrotropic
61,acid_nh3,cf_std,0.13595463,Victoria Basin forest-savanna,7.0,"Tropical & Subtropical Grasslands, Savannas & Shrublands",Afrotropic
63,acid_nh3,cf_std,0.52159536,Western Congolian forest-savanna,7.0,"Tropical & Subtropical Grasslands, Savannas & Shrublands",Afrotropic
78,acid_nh3,cf_std,0.26376265,East African montane moorlands,10.0,Montane Grasslands & Shrublands,Afrotropic
365,acid_nh3,cf_std,0.17712475,Queen Charlotte Islands conifer forests,5.0,Temperate Conifer Forests,Nearctic
360,acid_nh3,cf_std,0.4862836,Northern Pacific Alaskan coastal forests,5.0,Temperate Conifer Forests,Nearctic
381,acid_nh3,cf_std,0.43692878,Northwest Territories taiga,6.0,Boreal Forests/Taiga,Nearctic
107,acid_nh3,cf_std,1.2206604,Southwest Arabian coastal xeric shrublands,13.0,Deserts & Xeric Shrublands,Afrotropic
811,acid_nh3,cf_std,5.1527743,Arabian-Persian Gulf coastal plain desert,13.0,Deserts & Xeric Shrublands,Palearctic
840,acid_nh3,cf_std,0.32206517,South Arabian plains and plateau desert,13.0,Deserts & Xeric Shrublands,Palearctic
809,acid_nh3,cf_std,3.659009,Arabian desert,13.0,Deserts & Xeric Shrublands,Palearctic
552,acid_nh3,cf_std,0.19735809,Bahamian pineyards,3.0,Tropical & Subtropical Coniferous Forests,Neotropic
96,acid_nh3,cf_std,0.0,Ile Europa and Bassas da India xeric scrub,13.0,Deserts & Xeric Shrublands,Afrotropic
773,acid_nh3,cf_std,2.006924,Kamchatka tundra,11.0,Tundra,Palearctic
508,acid_nh3,cf_std,0.32966334,Tocantins/Pindare moist forests,1.0,Tropical & Subtropical Moist Broadleaf Forests,Neotropic
417,acid_nh3,cf_std,0.3229747,Kalaallit Nunaat Arctic steppe,11.0,Tundra,Nearctic
358,acid_nh3,cf_std,5.783773,North Cascades conifer forests,5.0,Temperate Conifer Forests,Nearctic
361,acid_nh3,cf_std,4.162215,Northern Rockies conifer forests,5.0,Temperate Conifer Forests,Nearctic
509,acid_nh3,cf_std,0.021529708,Trindade-Martin Vaz Islands tropical forests,1.0,Tropical & Subtropical Moist Broadleaf Forests,Neotropic
59,acid_nh3,cf_std,2.692116,Southwest Arabian montane woodlands and grasslands,7.0,"Tropical & Subtropical Grasslands, Savannas & Shrublands",Afrotropic
56,acid_nh3,cf_std,0.2479555,"South Arabian fog woodlands, shrublands, and dune",7.0,"Tropical & Subtropical Grasslands, Savannas & Shrublands",Afrotropic
548,acid_nh3,cf_std,0.0003908117,Trinidad and Tobago dry forest,2.0,Tropical & Subtropical Dry Broadleaf Forests,Neotropic
537,acid_nh3,cf_std,0.0048516695,Lesser Antillean dry forests,2.0,Tropical & Subtropical Dry Broadleaf Forests,Neotropic
672,acid_nh3,cf_std,0.64444745,North Atlantic moist mixed forests,4.0,Temperate Broadleaf & Mixed Forests,Palearctic
156,acid_nh3,cf_std,0.029512485,Sulawesi lowland rain forests,1.0,Tropical & Subtropical Moist Broadleaf Forests,Australasia
8,acid_nh3,cf_std,0.27267244,East African montane forests,1.0,Tropical & Subtropical Moist Broadleaf Forests,Afrotropic
9,acid_nh3,cf_std,0.0073626875,Eastern Arc forests,1.0,Tropical & Subtropical Moist Broadleaf Forests,Afrotropic
220,acid_nh3,cf_std,0.02378088,Borneo montane rain forests,1.0,Tropical & Subtropical Moist Broadleaf Forests,Indomalayan
313,acid_nh3,cf_std,0.0,Kinabalu montane alpine meadows,10.0,Montane Grasslands & Shrublands,Indomalayan
