ADM0_NAME,country,value,metric,flow_name
Abyei,,,cf_mean,Barley_irr_roff_2030y_SOC
Afghanistan,Afghanistan,21.295354263924132,cf_mean,Barley_irr_roff_2030y_SOC
Aksai Chin,,,cf_mean,Barley_irr_roff_2030y_SOC
Albania,Albania,44.25258060034387,cf_mean,Barley_irr_roff_2030y_SOC
Algeria,Algeria,10.242377066905767,cf_mean,Barley_irr_roff_2030y_SOC
American Samoa,,,cf_mean,Barley_irr_roff_2030y_SOC
Andorra,Andorra,47.96649823643132,cf_mean,Barley_irr_roff_2030y_SOC
Angola,Angola,13.839969838580945,cf_mean,Barley_irr_roff_2030y_SOC
Anguilla,,,cf_mean,Barley_irr_roff_2030y_SOC
Antarctica,,,cf_mean,Barley_irr_roff_2030y_SOC
Antigua and Barbuda,,,cf_mean,Barley_irr_roff_2030y_SOC
Argentina,Argentina,24.313152144284253,cf_mean,Barley_irr_roff_2030y_SOC
Armenia,Armenia,42.728587701454025,cf_mean,Barley_irr_roff_2030y_SOC
Aruba,,,cf_mean,Barley_irr_roff_2030y_SOC
Arunachal Pradesh,Arunachal Pradesh,41.369455108030145,cf_mean,Barley_irr_roff_2030y_SOC
Ashmore and Cartier Islands,,,cf_mean,Barley_irr_roff_2030y_SOC
Australia,Australia,18.184021714685365,cf_mean,Barley_irr_roff_2030y_SOC
Austria,Austria,53.61000387871586,cf_mean,Barley_irr_roff_2030y_SOC
Azerbaijan,Azerbaijan,38.766945863700776,cf_mean,Barley_irr_roff_2030y_SOC
Azores Islands,Azores Islands,76.20939184563038,cf_mean,Barley_irr_roff_2030y_SOC
Bahamas,,,cf_mean,Barley_irr_roff_2030y_SOC
Bahrain,Bahrain,10.607067199063954,cf_mean,Barley_irr_roff_2030y_SOC
Baker Island,,,cf_mean,Barley_irr_roff_2030y_SOC
Bangladesh,Bangladesh,20.22518664641916,cf_mean,Barley_irr_roff_2030y_SOC
Barbados,,,cf_mean,Barley_irr_roff_2030y_SOC
Bassas da India,,,cf_mean,Barley_irr_roff_2030y_SOC
Belarus,Belarus,35.87795403696189,cf_mean,Barley_irr_roff_2030y_SOC
Belgium,Belgium,42.95424475207148,cf_mean,Barley_irr_roff_2030y_SOC
Belize,Belize,43.32639736599393,cf_mean,Barley_irr_roff_2030y_SOC
Benin,,,cf_mean,Barley_irr_roff_2030y_SOC
Bermuda,,,cf_mean,Barley_irr_roff_2030y_SOC
Bhutan,Bhutan,46.02435526168828,cf_mean,Barley_irr_roff_2030y_SOC
Bird Island,,,cf_mean,Barley_irr_roff_2030y_SOC
Bolivia,Bolivia,31.84749660718927,cf_mean,Barley_irr_roff_2030y_SOC
Bosnia and Herzegovina,Bosnia and Herzegovina,52.7215898906844,cf_mean,Barley_irr_roff_2030y_SOC
Botswana,Botswana,8.863169336218954,cf_mean,Barley_irr_roff_2030y_SOC
Bouvet Island,,,cf_mean,Barley_irr_roff_2030y_SOC
Brazil,Brazil,27.256471462963653,cf_mean,Barley_irr_roff_2030y_SOC
British Indian Ocean Territory,,,cf_mean,Barley_irr_roff_2030y_SOC
British Virgin Islands,,,cf_mean,Barley_irr_roff_2030y_SOC
Brunei Darussalam,,,cf_mean,Barley_irr_roff_2030y_SOC
Bulgaria,Bulgaria,33.05422728953667,cf_mean,Barley_irr_roff_2030y_SOC
Burkina Faso,Burkina Faso,7.393131843271522,cf_mean,Barley_irr_roff_2030y_SOC
Burundi,Burundi,33.72146379682042,cf_mean,Barley_irr_roff_2030y_SOC
Cambodia,Cambodia,28.52921894458814,cf_mean,Barley_irr_roff_2030y_SOC
Cameroon,Cameroon,31.286531118099695,cf_mean,Barley_irr_roff_2030y_SOC
Canada,Canada,49.79553081412935,cf_mean,Barley_irr_roff_2030y_SOC
Cape Verde,Cape Verde,38.36440324515862,cf_mean,Barley_irr_roff_2030y_SOC
Cayman Islands,,,cf_mean,Barley_irr_roff_2030y_SOC
Central African Republic,Central African Republic,18.759864443824405,cf_mean,Barley_irr_roff_2030y_SOC
Chad,Chad,8.374898000211518,cf_mean,Barley_irr_roff_2030y_SOC
Chile,Chile,47.47505886766424,cf_mean,Barley_irr_roff_2030y_SOC
China,China,31.49530918706508,cf_mean,Barley_irr_roff_2030y_SOC
China/India,,,cf_mean,Barley_irr_roff_2030y_SOC
Christmas Island,,,cf_mean,Barley_irr_roff_2030y_SOC
Clipperton Island,,,cf_mean,Barley_irr_roff_2030y_SOC
Cocos (Keeling) Islands,,,cf_mean,Barley_irr_roff_2030y_SOC
Colombia,Colombia,58.16433447846464,cf_mean,Barley_irr_roff_2030y_SOC
Comoros,Comoros,77.13009282543737,cf_mean,Barley_irr_roff_2030y_SOC
Congo,,,cf_mean,Barley_irr_roff_2030y_SOC
Cook Islands,,,cf_mean,Barley_irr_roff_2030y_SOC
Costa Rica,Costa Rica,46.586743419394374,cf_mean,Barley_irr_roff_2030y_SOC
Croatia,Croatia,46.8448113841975,cf_mean,Barley_irr_roff_2030y_SOC
Cuba,Cuba,46.43998113779682,cf_mean,Barley_irr_roff_2030y_SOC
Cyprus,Cyprus,39.35326444676792,cf_mean,Barley_irr_roff_2030y_SOC
Czech Republic,Czech Republic,39.12135176734793,cf_mean,Barley_irr_roff_2030y_SOC
Côte d'Ivoire,,,cf_mean,Barley_irr_roff_2030y_SOC
Dem People's Rep of Korea,Dem People's Rep of Korea,46.183666141203254,cf_mean,Barley_irr_roff_2030y_SOC
Democratic Republic of the Congo,Democratic Republic of the Congo,25.440271371128826,cf_mean,Barley_irr_roff_2030y_SOC
Denmark,Denmark,47.50569297479705,cf_mean,Barley_irr_roff_2030y_SOC
Djibouti,Djibouti,8.69237604039883,cf_mean,Barley_irr_roff_2030y_SOC
Dominica,,,cf_mean,Barley_irr_roff_2030y_SOC
Dominican Republic,Dominican Republic,36.11485234903975,cf_mean,Barley_irr_roff_2030y_SOC
Ecuador,Ecuador,51.22538534186099,cf_mean,Barley_irr_roff_2030y_SOC
Egypt,Egypt,10.857763878937721,cf_mean,Barley_irr_roff_2030y_SOC
El Salvador,El Salvador,35.188852001329565,cf_mean,Barley_irr_roff_2030y_SOC
Equatorial Guinea,Equatorial Guinea,87.47341664632161,cf_mean,Barley_irr_roff_2030y_SOC
Eritrea,Eritrea,17.166971383749434,cf_mean,Barley_irr_roff_2030y_SOC
Estonia,Estonia,67.5305242465869,cf_mean,Barley_irr_roff_2030y_SOC
Ethiopia,Ethiopia,32.94816248580872,cf_mean,Barley_irr_roff_2030y_SOC
Europa Island,,,cf_mean,Barley_irr_roff_2030y_SOC
Falkland Islands (Malvinas),,,cf_mean,Barley_irr_roff_2030y_SOC
Faroe Islands,,,cf_mean,Barley_irr_roff_2030y_SOC
Fiji,Fiji,75.91001489427354,cf_mean,Barley_irr_roff_2030y_SOC
Finland,Finland,66.62189445922316,cf_mean,Barley_irr_roff_2030y_SOC
France,France,41.96997647615142,cf_mean,Barley_irr_roff_2030y_SOC
French Guiana,,,cf_mean,Barley_irr_roff_2030y_SOC
French Polynesia,,,cf_mean,Barley_irr_roff_2030y_SOC
French Southern and Antarctic Territories,,,cf_mean,Barley_irr_roff_2030y_SOC
Gabon,,,cf_mean,Barley_irr_roff_2030y_SOC
Gambia,,,cf_mean,Barley_irr_roff_2030y_SOC
Gaza Strip,Gaza Strip,19.504371988214807,cf_mean,Barley_irr_roff_2030y_SOC
Georgia,Georgia,55.006804339595064,cf_mean,Barley_irr_roff_2030y_SOC
Germany,Germany,43.5987092386913,cf_mean,Barley_irr_roff_2030y_SOC
Ghana,,,cf_mean,Barley_irr_roff_2030y_SOC
Gibraltar,,,cf_mean,Barley_irr_roff_2030y_SOC
Glorioso Island,,,cf_mean,Barley_irr_roff_2030y_SOC
Greece,Greece,34.86695612399948,cf_mean,Barley_irr_roff_2030y_SOC
Greenland,,,cf_mean,Barley_irr_roff_2030y_SOC
Grenada,,,cf_mean,Barley_irr_roff_2030y_SOC
Guadeloupe,,,cf_mean,Barley_irr_roff_2030y_SOC
Guam,,,cf_mean,Barley_irr_roff_2030y_SOC
Guatemala,Guatemala,36.22771913811684,cf_mean,Barley_irr_roff_2030y_SOC
Guernsey,,,cf_mean,Barley_irr_roff_2030y_SOC
Guinea,Guinea,24.609088042686725,cf_mean,Barley_irr_roff_2030y_SOC
Guinea-Bissau,,,cf_mean,Barley_irr_roff_2030y_SOC
Guyana,Guyana,41.0101938224175,cf_mean,Barley_irr_roff_2030y_SOC
Haiti,Haiti,41.01789267305449,cf_mean,Barley_irr_roff_2030y_SOC
Hala'ib triangle,Hala'ib triangle,9.044068860246492,cf_mean,Barley_irr_roff_2030y_SOC
Heard Island and McDonald Islands,,,cf_mean,Barley_irr_roff_2030y_SOC
Holy See,,,cf_mean,Barley_irr_roff_2030y_SOC
Honduras,Honduras,34.943493656851395,cf_mean,Barley_irr_roff_2030y_SOC
Hong Kong,Hong Kong,27.188490049288692,cf_mean,Barley_irr_roff_2030y_SOC
Howland Island,,,cf_mean,Barley_irr_roff_2030y_SOC
Hungary,Hungary,34.069225139426294,cf_mean,Barley_irr_roff_2030y_SOC
Iceland,,,cf_mean,Barley_irr_roff_2030y_SOC
Ilemi triangle,,,cf_mean,Barley_irr_roff_2030y_SOC
India,India,17.025015495466402,cf_mean,Barley_irr_roff_2030y_SOC
Indonesia,Indonesia,57.7370996624767,cf_mean,Barley_irr_roff_2030y_SOC
Iran  (Islamic Republic of),Iran  (Islamic Republic of),16.39669913483155,cf_mean,Barley_irr_roff_2030y_SOC
Iraq,Iraq,12.423822666544226,cf_mean,Barley_irr_roff_2030y_SOC
Ireland,Ireland,70.35468134577386,cf_mean,Barley_irr_roff_2030y_SOC
Isle of Man,Isle of Man,86.88157853443266,cf_mean,Barley_irr_roff_2030y_SOC
Israel,Israel,17.732347563156907,cf_mean,Barley_irr_roff_2030y_SOC
Italy,Italy,40.65642670121933,cf_mean,Barley_irr_roff_2030y_SOC
Jamaica,Jamaica,90.38842010498045,cf_mean,Barley_irr_roff_2030y_SOC
Jammu and Kashmir,Jammu and Kashmir,38.370542740086414,cf_mean,Barley_irr_roff_2030y_SOC
Japan,Japan,62.197031356600824,cf_mean,Barley_irr_roff_2030y_SOC
Jarvis Island,,,cf_mean,Barley_irr_roff_2030y_SOC
Jersey,Jersey,68.49999999999997,cf_mean,Barley_irr_roff_2030y_SOC
Johnston Atoll,,,cf_mean,Barley_irr_roff_2030y_SOC
Jordan,Jordan,11.11792867027484,cf_mean,Barley_irr_roff_2030y_SOC
Juan de Nova Island,,,cf_mean,Barley_irr_roff_2030y_SOC
Kazakhstan,Kazakhstan,31.378962838205403,cf_mean,Barley_irr_roff_2030y_SOC
Kenya,Kenya,31.19128343736895,cf_mean,Barley_irr_roff_2030y_SOC
Kingman Reef,,,cf_mean,Barley_irr_roff_2030y_SOC
Kiribati,,,cf_mean,Barley_irr_roff_2030y_SOC
Kuril islands,Kuril islands,82.36230533945042,cf_mean,Barley_irr_roff_2030y_SOC
Kuwait,Kuwait,9.004881031992847,cf_mean,Barley_irr_roff_2030y_SOC
Kyrgyzstan,Kyrgyzstan,39.564531781170736,cf_mean,Barley_irr_roff_2030y_SOC
Lao People's Democratic Republic,Lao People's Democratic Republic,29.550231829106483,cf_mean,Barley_irr_roff_2030y_SOC
Latvia,Latvia,51.25243168688572,cf_mean,Barley_irr_roff_2030y_SOC
Lebanon,Lebanon,31.586485153219996,cf_mean,Barley_irr_roff_2030y_SOC
Lesotho,Lesotho,35.77898626176107,cf_mean,Barley_irr_roff_2030y_SOC
Liberia,,,cf_mean,Barley_irr_roff_2030y_SOC
Libya,Libya,9.907762259420851,cf_mean,Barley_irr_roff_2030y_SOC
Liechtenstein,Liechtenstein,61.51477575324832,cf_mean,Barley_irr_roff_2030y_SOC
Lithuania,Lithuania,39.42150795251355,cf_mean,Barley_irr_roff_2030y_SOC
Luxembourg,Luxembourg,46.780997610789655,cf_mean,Barley_irr_roff_2030y_SOC
Ma'tan al-Sarra,Ma'tan al-Sarra,6.424292694013463,cf_mean,Barley_irr_roff_2030y_SOC
Macau,Macau,24.162031173706048,cf_mean,Barley_irr_roff_2030y_SOC
Madagascar,Madagascar,27.64444616092293,cf_mean,Barley_irr_roff_2030y_SOC
Madeira Islands,Madeira Islands,80.93169884715928,cf_mean,Barley_irr_roff_2030y_SOC
Malawi,Malawi,17.8607208990528,cf_mean,Barley_irr_roff_2030y_SOC
Malaysia,Malaysia,47.525979522379366,cf_mean,Barley_irr_roff_2030y_SOC
Maldives,,,cf_mean,Barley_irr_roff_2030y_SOC
Mali,Mali,6.885943712417959,cf_mean,Barley_irr_roff_2030y_SOC
Malta,Malta,39.08020494794093,cf_mean,Barley_irr_roff_2030y_SOC
Marshall Islands,,,cf_mean,Barley_irr_roff_2030y_SOC
Martinique,,,cf_mean,Barley_irr_roff_2030y_SOC
Mauritania,Mauritania,6.776204752739006,cf_mean,Barley_irr_roff_2030y_SOC
Mauritius,Mauritius,75.39736175537108,cf_mean,Barley_irr_roff_2030y_SOC
Mayotte,,,cf_mean,Barley_irr_roff_2030y_SOC
Mexico,Mexico,21.634383968932763,cf_mean,Barley_irr_roff_2030y_SOC
Micronesia (Federated States of),,,cf_mean,Barley_irr_roff_2030y_SOC
Midway Island,,,cf_mean,Barley_irr_roff_2030y_SOC
"Moldova, Republic of","Moldova, Republic of",43.32164842371442,cf_mean,Barley_irr_roff_2030y_SOC
Monaco,,,cf_mean,Barley_irr_roff_2030y_SOC
Mongolia,Mongolia,32.682414099545255,cf_mean,Barley_irr_roff_2030y_SOC
Montenegro,Montenegro,60.50504913493059,cf_mean,Barley_irr_roff_2030y_SOC
Montserrat,,,cf_mean,Barley_irr_roff_2030y_SOC
Morocco,Morocco,15.558766554447821,cf_mean,Barley_irr_roff_2030y_SOC
Mozambique,Mozambique,16.528509623422348,cf_mean,Barley_irr_roff_2030y_SOC
Myanmar,Myanmar,31.219471757337004,cf_mean,Barley_irr_roff_2030y_SOC
Namibia,Namibia,8.547235766965425,cf_mean,Barley_irr_roff_2030y_SOC
Nauru,,,cf_mean,Barley_irr_roff_2030y_SOC
Navassa Island,,,cf_mean,Barley_irr_roff_2030y_SOC
Nepal,Nepal,31.954259454408074,cf_mean,Barley_irr_roff_2030y_SOC
Netherlands,Netherlands,53.126663929632436,cf_mean,Barley_irr_roff_2030y_SOC
Netherlands Antilles,,,cf_mean,Barley_irr_roff_2030y_SOC
New Caledonia,New Caledonia,55.98643088185108,cf_mean,Barley_irr_roff_2030y_SOC
New Zealand,New Zealand,75.39640390524724,cf_mean,Barley_irr_roff_2030y_SOC
Nicaragua,Nicaragua,33.77582515253334,cf_mean,Barley_irr_roff_2030y_SOC
Niger,Niger,7.709560444526974,cf_mean,Barley_irr_roff_2030y_SOC
Nigeria,Nigeria,10.15900567457766,cf_mean,Barley_irr_roff_2030y_SOC
Niue,,,cf_mean,Barley_irr_roff_2030y_SOC
Norfolk Island,,,cf_mean,Barley_irr_roff_2030y_SOC
Northern Mariana Islands,,,cf_mean,Barley_irr_roff_2030y_SOC
Norway,Norway,68.27094577173878,cf_mean,Barley_irr_roff_2030y_SOC
Oman,Oman,8.076424382247465,cf_mean,Barley_irr_roff_2030y_SOC
Pakistan,Pakistan,10.918218611999196,cf_mean,Barley_irr_roff_2030y_SOC
Palau,,,cf_mean,Barley_irr_roff_2030y_SOC
Palmyra Atoll,,,cf_mean,Barley_irr_roff_2030y_SOC
Panama,Panama,57.75772621831026,cf_mean,Barley_irr_roff_2030y_SOC
Papua New Guinea,Papua New Guinea,67.10538607248408,cf_mean,Barley_irr_roff_2030y_SOC
Paracel Islands,,,cf_mean,Barley_irr_roff_2030y_SOC
Paraguay,Paraguay,19.420372333186616,cf_mean,Barley_irr_roff_2030y_SOC
Peru,Peru,37.05132934020691,cf_mean,Barley_irr_roff_2030y_SOC
Philippines,Philippines,48.74252448530279,cf_mean,Barley_irr_roff_2030y_SOC
Pitcairn,,,cf_mean,Barley_irr_roff_2030y_SOC
Poland,Poland,31.615947108826038,cf_mean,Barley_irr_roff_2030y_SOC
Portugal,Portugal,32.56521599065851,cf_mean,Barley_irr_roff_2030y_SOC
Puerto Rico,,,cf_mean,Barley_irr_roff_2030y_SOC
Qatar,Qatar,5.5391975936025135,cf_mean,Barley_irr_roff_2030y_SOC
Republic of Korea,Republic of Korea,40.74415449641593,cf_mean,Barley_irr_roff_2030y_SOC
Romania,Romania,34.96752535154591,cf_mean,Barley_irr_roff_2030y_SOC
Russian Federation,Russian Federation,57.07377463806684,cf_mean,Barley_irr_roff_2030y_SOC
Rwanda,Rwanda,38.52703004156078,cf_mean,Barley_irr_roff_2030y_SOC
Réunion,Réunion,79.40727534311911,cf_mean,Barley_irr_roff_2030y_SOC
Saint Helena,,,cf_mean,Barley_irr_roff_2030y_SOC
Saint Kitts and Nevis,,,cf_mean,Barley_irr_roff_2030y_SOC
Saint Lucia,,,cf_mean,Barley_irr_roff_2030y_SOC
Saint Pierre et Miquelon,Saint Pierre et Miquelon,71.36234440906598,cf_mean,Barley_irr_roff_2030y_SOC
Saint Vincent and the Grenadines,,,cf_mean,Barley_irr_roff_2030y_SOC
Samoa,Samoa,90.38842010498045,cf_mean,Barley_irr_roff_2030y_SOC
San Marino,San Marino,29.67696762084961,cf_mean,Barley_irr_roff_2030y_SOC
Sao Tome and Principe,,,cf_mean,Barley_irr_roff_2030y_SOC
Saudi Arabia,Saudi Arabia,7.574500931604738,cf_mean,Barley_irr_roff_2030y_SOC
Scarborough Reef,,,cf_mean,Barley_irr_roff_2030y_SOC
Senegal,,,cf_mean,Barley_irr_roff_2030y_SOC
Senkaku Islands,,,cf_mean,Barley_irr_roff_2030y_SOC
Serbia,Serbia,38.55590301936506,cf_mean,Barley_irr_roff_2030y_SOC
Seychelles,,,cf_mean,Barley_irr_roff_2030y_SOC
Sierra Leone,,,cf_mean,Barley_irr_roff_2030y_SOC
Singapore,,,cf_mean,Barley_irr_roff_2030y_SOC
Slovakia,Slovakia,42.716081777794585,cf_mean,Barley_irr_roff_2030y_SOC
Slovenia,Slovenia,59.671442436076035,cf_mean,Barley_irr_roff_2030y_SOC
Solomon Islands,Solomon Islands,90.38842010498045,cf_mean,Barley_irr_roff_2030y_SOC
Somalia,Somalia,12.206914628958527,cf_mean,Barley_irr_roff_2030y_SOC
South Africa,South Africa,17.728628637097827,cf_mean,Barley_irr_roff_2030y_SOC
South Georgia and the South Sandwich Islands,,,cf_mean,Barley_irr_roff_2030y_SOC
South Sudan,South Sudan,31.366729377444653,cf_mean,Barley_irr_roff_2030y_SOC
Spain,Spain,32.29699982162004,cf_mean,Barley_irr_roff_2030y_SOC
Spratly Islands,,,cf_mean,Barley_irr_roff_2030y_SOC
Sri Lanka,Sri Lanka,40.22992015414768,cf_mean,Barley_irr_roff_2030y_SOC
Sudan,Sudan,7.619090410746229,cf_mean,Barley_irr_roff_2030y_SOC
Suriname,,,cf_mean,Barley_irr_roff_2030y_SOC
Svalbard and Jan Mayen Islands,,,cf_mean,Barley_irr_roff_2030y_SOC
Swaziland,Swaziland,26.49597581764651,cf_mean,Barley_irr_roff_2030y_SOC
Sweden,Sweden,64.06401662678088,cf_mean,Barley_irr_roff_2030y_SOC
Switzerland,Switzerland,64.1234715097216,cf_mean,Barley_irr_roff_2030y_SOC
Syrian Arab Republic,Syrian Arab Republic,13.318046404335625,cf_mean,Barley_irr_roff_2030y_SOC
Taiwan,Taiwan,46.66423685760635,cf_mean,Barley_irr_roff_2030y_SOC
Tajikistan,Tajikistan,34.75643999564172,cf_mean,Barley_irr_roff_2030y_SOC
Thailand,Thailand,24.966415735249367,cf_mean,Barley_irr_roff_2030y_SOC
The former Yugoslav Republic of Macedonia,The former Yugoslav Republic of Macedonia,35.803868212602254,cf_mean,Barley_irr_roff_2030y_SOC
Timor-Leste,Timor-Leste,73.40513778415122,cf_mean,Barley_irr_roff_2030y_SOC
Togo,,,cf_mean,Barley_irr_roff_2030y_SOC
Tokelau,,,cf_mean,Barley_irr_roff_2030y_SOC
Tonga,,,cf_mean,Barley_irr_roff_2030y_SOC
Trinidad and Tobago,,,cf_mean,Barley_irr_roff_2030y_SOC
Tromelin Island,,,cf_mean,Barley_irr_roff_2030y_SOC
Tunisia,Tunisia,14.019830923284472,cf_mean,Barley_irr_roff_2030y_SOC
Turkey,Turkey,36.48480917779719,cf_mean,Barley_irr_roff_2030y_SOC
Turkmenistan,Turkmenistan,17.103844503681476,cf_mean,Barley_irr_roff_2030y_SOC
Turks and Caicos islands,,,cf_mean,Barley_irr_roff_2030y_SOC
Tuvalu,,,cf_mean,Barley_irr_roff_2030y_SOC
U.K. of Great Britain and Northern Ireland,U.K. of Great Britain and Northern Ireland,64.82593458801675,cf_mean,Barley_irr_roff_2030y_SOC
Uganda,Uganda,40.48571980325529,cf_mean,Barley_irr_roff_2030y_SOC
Ukraine,Ukraine,43.81807978800451,cf_mean,Barley_irr_roff_2030y_SOC
United Arab Emirates,United Arab Emirates,7.674777052872376,cf_mean,Barley_irr_roff_2030y_SOC
United Republic of Tanzania,United Republic of Tanzania,20.463856438544163,cf_mean,Barley_irr_roff_2030y_SOC
United States Virgin Islands,,,cf_mean,Barley_irr_roff_2030y_SOC
United States of America,United States of America,32.3233287042497,cf_mean,Barley_irr_roff_2030y_SOC
Uruguay,Uruguay,38.13723827990123,cf_mean,Barley_irr_roff_2030y_SOC
Uzbekistan,Uzbekistan,20.204557619543756,cf_mean,Barley_irr_roff_2030y_SOC
Vanuatu,Vanuatu,90.38842010498045,cf_mean,Barley_irr_roff_2030y_SOC
Venezuela,Venezuela,39.08149513569423,cf_mean,Barley_irr_roff_2030y_SOC
Viet Nam,Viet Nam,30.559065092452528,cf_mean,Barley_irr_roff_2030y_SOC
Wake Island,,,cf_mean,Barley_irr_roff_2030y_SOC
Wallis and Futuna,,,cf_mean,Barley_irr_roff_2030y_SOC
West Bank,West Bank,23.71462368965149,cf_mean,Barley_irr_roff_2030y_SOC
West Bank,West Bank,21.167310629247194,cf_mean,Barley_irr_roff_2030y_SOC
Western Sahara,Western Sahara,6.477277184379925,cf_mean,Barley_irr_roff_2030y_SOC
Yemen,Yemen,10.926010761320615,cf_mean,Barley_irr_roff_2030y_SOC
Zambia,Zambia,17.321736381828106,cf_mean,Barley_irr_roff_2030y_SOC
Zimbabwe,Zimbabwe,15.421753148366937,cf_mean,Barley_irr_roff_2030y_SOC
Abyei,,,cf_median,Barley_irr_roff_2030y_SOC
Afghanistan,Afghanistan,20.386079788208008,cf_median,Barley_irr_roff_2030y_SOC
Aksai Chin,,,cf_median,Barley_irr_roff_2030y_SOC
Albania,Albania,41.36594009399414,cf_median,Barley_irr_roff_2030y_SOC
Algeria,Algeria,8.145659446716309,cf_median,Barley_irr_roff_2030y_SOC
American Samoa,,,cf_median,Barley_irr_roff_2030y_SOC
Andorra,Andorra,47.82920837402344,cf_median,Barley_irr_roff_2030y_SOC
Angola,Angola,13.63783073425293,cf_median,Barley_irr_roff_2030y_SOC
Anguilla,,,cf_median,Barley_irr_roff_2030y_SOC
Antarctica,,,cf_median,Barley_irr_roff_2030y_SOC
Antigua and Barbuda,,,cf_median,Barley_irr_roff_2030y_SOC
Argentina,Argentina,22.56024169921875,cf_median,Barley_irr_roff_2030y_SOC
Armenia,Armenia,45.091190338134766,cf_median,Barley_irr_roff_2030y_SOC
Aruba,,,cf_median,Barley_irr_roff_2030y_SOC
Arunachal Pradesh,Arunachal Pradesh,39.362327575683594,cf_median,Barley_irr_roff_2030y_SOC
Ashmore and Cartier Islands,,,cf_median,Barley_irr_roff_2030y_SOC
Australia,Australia,14.665998458862305,cf_median,Barley_irr_roff_2030y_SOC
Austria,Austria,56.23434829711914,cf_median,Barley_irr_roff_2030y_SOC
Azerbaijan,Azerbaijan,38.21357345581055,cf_median,Barley_irr_roff_2030y_SOC
Azores Islands,Azores Islands,78.06520080566406,cf_median,Barley_irr_roff_2030y_SOC
Bahamas,,,cf_median,Barley_irr_roff_2030y_SOC
Bahrain,Bahrain,7.337780952453613,cf_median,Barley_irr_roff_2030y_SOC
Baker Island,,,cf_median,Barley_irr_roff_2030y_SOC
Bangladesh,Bangladesh,18.91750144958496,cf_median,Barley_irr_roff_2030y_SOC
Barbados,,,cf_median,Barley_irr_roff_2030y_SOC
Bassas da India,,,cf_median,Barley_irr_roff_2030y_SOC
Belarus,Belarus,35.24800109863281,cf_median,Barley_irr_roff_2030y_SOC
Belgium,Belgium,41.37636947631836,cf_median,Barley_irr_roff_2030y_SOC
Belize,Belize,43.0731201171875,cf_median,Barley_irr_roff_2030y_SOC
Benin,,,cf_median,Barley_irr_roff_2030y_SOC
Bermuda,,,cf_median,Barley_irr_roff_2030y_SOC
Bhutan,Bhutan,45.15790557861328,cf_median,Barley_irr_roff_2030y_SOC
Bird Island,,,cf_median,Barley_irr_roff_2030y_SOC
Bolivia,Bolivia,30.057659149169922,cf_median,Barley_irr_roff_2030y_SOC
Bosnia and Herzegovina,Bosnia and Herzegovina,54.32645034790039,cf_median,Barley_irr_roff_2030y_SOC
Botswana,Botswana,8.63100528717041,cf_median,Barley_irr_roff_2030y_SOC
Bouvet Island,,,cf_median,Barley_irr_roff_2030y_SOC
Brazil,Brazil,24.96857452392578,cf_median,Barley_irr_roff_2030y_SOC
British Indian Ocean Territory,,,cf_median,Barley_irr_roff_2030y_SOC
British Virgin Islands,,,cf_median,Barley_irr_roff_2030y_SOC
Brunei Darussalam,,,cf_median,Barley_irr_roff_2030y_SOC
Bulgaria,Bulgaria,32.049049377441406,cf_median,Barley_irr_roff_2030y_SOC
Burkina Faso,Burkina Faso,7.102317810058594,cf_median,Barley_irr_roff_2030y_SOC
Burundi,Burundi,32.719581604003906,cf_median,Barley_irr_roff_2030y_SOC
Cambodia,Cambodia,28.160818099975586,cf_median,Barley_irr_roff_2030y_SOC
Cameroon,Cameroon,28.83403778076172,cf_median,Barley_irr_roff_2030y_SOC
Canada,Canada,48.878116607666016,cf_median,Barley_irr_roff_2030y_SOC
Cape Verde,Cape Verde,38.73912811279297,cf_median,Barley_irr_roff_2030y_SOC
Cayman Islands,,,cf_median,Barley_irr_roff_2030y_SOC
Central African Republic,Central African Republic,18.618894577026367,cf_median,Barley_irr_roff_2030y_SOC
Chad,Chad,8.131551742553711,cf_median,Barley_irr_roff_2030y_SOC
Chile,Chile,41.73275375366211,cf_median,Barley_irr_roff_2030y_SOC
China,China,28.74783706665039,cf_median,Barley_irr_roff_2030y_SOC
China/India,,,cf_median,Barley_irr_roff_2030y_SOC
Christmas Island,,,cf_median,Barley_irr_roff_2030y_SOC
Clipperton Island,,,cf_median,Barley_irr_roff_2030y_SOC
Cocos (Keeling) Islands,,,cf_median,Barley_irr_roff_2030y_SOC
Colombia,Colombia,57.84508514404297,cf_median,Barley_irr_roff_2030y_SOC
Comoros,Comoros,81.81262969970703,cf_median,Barley_irr_roff_2030y_SOC
Congo,,,cf_median,Barley_irr_roff_2030y_SOC
Cook Islands,,,cf_median,Barley_irr_roff_2030y_SOC
Costa Rica,Costa Rica,42.91930389404297,cf_median,Barley_irr_roff_2030y_SOC
Croatia,Croatia,43.0711669921875,cf_median,Barley_irr_roff_2030y_SOC
Cuba,Cuba,38.096378326416016,cf_median,Barley_irr_roff_2030y_SOC
Cyprus,Cyprus,39.93305969238281,cf_median,Barley_irr_roff_2030y_SOC
Czech Republic,Czech Republic,37.53132247924805,cf_median,Barley_irr_roff_2030y_SOC
Côte d'Ivoire,,,cf_median,Barley_irr_roff_2030y_SOC
Dem People's Rep of Korea,Dem People's Rep of Korea,45.558223724365234,cf_median,Barley_irr_roff_2030y_SOC
Democratic Republic of the Congo,Democratic Republic of the Congo,19.446184158325195,cf_median,Barley_irr_roff_2030y_SOC
Denmark,Denmark,44.59617233276367,cf_median,Barley_irr_roff_2030y_SOC
Djibouti,Djibouti,8.283519744873047,cf_median,Barley_irr_roff_2030y_SOC
Dominica,,,cf_median,Barley_irr_roff_2030y_SOC
Dominican Republic,Dominican Republic,36.17015838623047,cf_median,Barley_irr_roff_2030y_SOC
Ecuador,Ecuador,50.770355224609375,cf_median,Barley_irr_roff_2030y_SOC
Egypt,Egypt,8.840629577636719,cf_median,Barley_irr_roff_2030y_SOC
El Salvador,El Salvador,35.18033218383789,cf_median,Barley_irr_roff_2030y_SOC
Equatorial Guinea,Equatorial Guinea,86.38399505615234,cf_median,Barley_irr_roff_2030y_SOC
Eritrea,Eritrea,17.534090042114258,cf_median,Barley_irr_roff_2030y_SOC
Estonia,Estonia,67.58772277832031,cf_median,Barley_irr_roff_2030y_SOC
Ethiopia,Ethiopia,33.68331527709961,cf_median,Barley_irr_roff_2030y_SOC
Europa Island,,,cf_median,Barley_irr_roff_2030y_SOC
Falkland Islands (Malvinas),,,cf_median,Barley_irr_roff_2030y_SOC
Faroe Islands,,,cf_median,Barley_irr_roff_2030y_SOC
Fiji,Fiji,72.6199951171875,cf_median,Barley_irr_roff_2030y_SOC
Finland,Finland,67.60931396484375,cf_median,Barley_irr_roff_2030y_SOC
France,France,39.42354202270508,cf_median,Barley_irr_roff_2030y_SOC
French Guiana,,,cf_median,Barley_irr_roff_2030y_SOC
French Polynesia,,,cf_median,Barley_irr_roff_2030y_SOC
French Southern and Antarctic Territories,,,cf_median,Barley_irr_roff_2030y_SOC
Gabon,,,cf_median,Barley_irr_roff_2030y_SOC
Gambia,,,cf_median,Barley_irr_roff_2030y_SOC
Gaza Strip,Gaza Strip,19.589855194091797,cf_median,Barley_irr_roff_2030y_SOC
Georgia,Georgia,55.719425201416016,cf_median,Barley_irr_roff_2030y_SOC
Germany,Germany,41.20722579956055,cf_median,Barley_irr_roff_2030y_SOC
Ghana,,,cf_median,Barley_irr_roff_2030y_SOC
Gibraltar,,,cf_median,Barley_irr_roff_2030y_SOC
Glorioso Island,,,cf_median,Barley_irr_roff_2030y_SOC
Greece,Greece,32.641639709472656,cf_median,Barley_irr_roff_2030y_SOC
Greenland,,,cf_median,Barley_irr_roff_2030y_SOC
Grenada,,,cf_median,Barley_irr_roff_2030y_SOC
Guadeloupe,,,cf_median,Barley_irr_roff_2030y_SOC
Guam,,,cf_median,Barley_irr_roff_2030y_SOC
Guatemala,Guatemala,34.94150161743164,cf_median,Barley_irr_roff_2030y_SOC
Guernsey,,,cf_median,Barley_irr_roff_2030y_SOC
Guinea,Guinea,25.1615047454834,cf_median,Barley_irr_roff_2030y_SOC
Guinea-Bissau,,,cf_median,Barley_irr_roff_2030y_SOC
Guyana,Guyana,41.21346664428711,cf_median,Barley_irr_roff_2030y_SOC
Haiti,Haiti,32.65330505371094,cf_median,Barley_irr_roff_2030y_SOC
Hala'ib triangle,Hala'ib triangle,7.73402214050293,cf_median,Barley_irr_roff_2030y_SOC
Heard Island and McDonald Islands,,,cf_median,Barley_irr_roff_2030y_SOC
Holy See,,,cf_median,Barley_irr_roff_2030y_SOC
Honduras,Honduras,34.82063293457031,cf_median,Barley_irr_roff_2030y_SOC
Hong Kong,Hong Kong,27.04896354675293,cf_median,Barley_irr_roff_2030y_SOC
Howland Island,,,cf_median,Barley_irr_roff_2030y_SOC
Hungary,Hungary,34.17307662963867,cf_median,Barley_irr_roff_2030y_SOC
Iceland,,,cf_median,Barley_irr_roff_2030y_SOC
Ilemi triangle,,,cf_median,Barley_irr_roff_2030y_SOC
India,India,15.284286499023438,cf_median,Barley_irr_roff_2030y_SOC
Indonesia,Indonesia,52.889495849609375,cf_median,Barley_irr_roff_2030y_SOC
Iran  (Islamic Republic of),Iran  (Islamic Republic of),13.435812950134277,cf_median,Barley_irr_roff_2030y_SOC
Iraq,Iraq,10.430341720581055,cf_median,Barley_irr_roff_2030y_SOC
Ireland,Ireland,70.9583511352539,cf_median,Barley_irr_roff_2030y_SOC
Isle of Man,Isle of Man,88.85297393798828,cf_median,Barley_irr_roff_2030y_SOC
Israel,Israel,14.063176155090332,cf_median,Barley_irr_roff_2030y_SOC
Italy,Italy,38.444576263427734,cf_median,Barley_irr_roff_2030y_SOC
Jamaica,Jamaica,90.38842010498045,cf_median,Barley_irr_roff_2030y_SOC
Jammu and Kashmir,Jammu and Kashmir,39.48590850830078,cf_median,Barley_irr_roff_2030y_SOC
Japan,Japan,62.18818664550781,cf_median,Barley_irr_roff_2030y_SOC
Jarvis Island,,,cf_median,Barley_irr_roff_2030y_SOC
Jersey,Jersey,68.49999999999997,cf_median,Barley_irr_roff_2030y_SOC
Johnston Atoll,,,cf_median,Barley_irr_roff_2030y_SOC
Jordan,Jordan,10.254054069519043,cf_median,Barley_irr_roff_2030y_SOC
Juan de Nova Island,,,cf_median,Barley_irr_roff_2030y_SOC
Kazakhstan,Kazakhstan,32.83846664428711,cf_median,Barley_irr_roff_2030y_SOC
Kenya,Kenya,29.524860382080078,cf_median,Barley_irr_roff_2030y_SOC
Kingman Reef,,,cf_median,Barley_irr_roff_2030y_SOC
Kiribati,,,cf_median,Barley_irr_roff_2030y_SOC
Kuril islands,Kuril islands,81.92449951171875,cf_median,Barley_irr_roff_2030y_SOC
Kuwait,Kuwait,7.164035797119141,cf_median,Barley_irr_roff_2030y_SOC
Kyrgyzstan,Kyrgyzstan,40.13335037231445,cf_median,Barley_irr_roff_2030y_SOC
Lao People's Democratic Republic,Lao People's Democratic Republic,29.81165885925293,cf_median,Barley_irr_roff_2030y_SOC
Latvia,Latvia,49.729461669921875,cf_median,Barley_irr_roff_2030y_SOC
Lebanon,Lebanon,29.029603958129883,cf_median,Barley_irr_roff_2030y_SOC
Lesotho,Lesotho,35.64190673828125,cf_median,Barley_irr_roff_2030y_SOC
Liberia,,,cf_median,Barley_irr_roff_2030y_SOC
Libya,Libya,9.166203498840332,cf_median,Barley_irr_roff_2030y_SOC
Liechtenstein,Liechtenstein,61.35995101928711,cf_median,Barley_irr_roff_2030y_SOC
Lithuania,Lithuania,38.901275634765625,cf_median,Barley_irr_roff_2030y_SOC
Luxembourg,Luxembourg,46.903202056884766,cf_median,Barley_irr_roff_2030y_SOC
Ma'tan al-Sarra,Ma'tan al-Sarra,6.44638204574585,cf_median,Barley_irr_roff_2030y_SOC
Macau,Macau,24.16203117370605,cf_median,Barley_irr_roff_2030y_SOC
Madagascar,Madagascar,25.515554428100586,cf_median,Barley_irr_roff_2030y_SOC
Madeira Islands,Madeira Islands,80.84043884277344,cf_median,Barley_irr_roff_2030y_SOC
Malawi,Malawi,16.23330307006836,cf_median,Barley_irr_roff_2030y_SOC
Malaysia,Malaysia,47.484344482421875,cf_median,Barley_irr_roff_2030y_SOC
Maldives,,,cf_median,Barley_irr_roff_2030y_SOC
Mali,Mali,6.767289161682129,cf_median,Barley_irr_roff_2030y_SOC
Malta,Malta,37.10558319091797,cf_median,Barley_irr_roff_2030y_SOC
Marshall Islands,,,cf_median,Barley_irr_roff_2030y_SOC
Martinique,,,cf_median,Barley_irr_roff_2030y_SOC
Mauritania,Mauritania,6.596510887145996,cf_median,Barley_irr_roff_2030y_SOC
Mauritius,Mauritius,75.39736175537108,cf_median,Barley_irr_roff_2030y_SOC
Mayotte,,,cf_median,Barley_irr_roff_2030y_SOC
Mexico,Mexico,21.671899795532227,cf_median,Barley_irr_roff_2030y_SOC
Micronesia (Federated States of),,,cf_median,Barley_irr_roff_2030y_SOC
Midway Island,,,cf_median,Barley_irr_roff_2030y_SOC
"Moldova, Republic of","Moldova, Republic of",43.49418640136719,cf_median,Barley_irr_roff_2030y_SOC
Monaco,,,cf_median,Barley_irr_roff_2030y_SOC
Mongolia,Mongolia,27.87285041809082,cf_median,Barley_irr_roff_2030y_SOC
Montenegro,Montenegro,61.51118469238281,cf_median,Barley_irr_roff_2030y_SOC
Montserrat,,,cf_median,Barley_irr_roff_2030y_SOC
Morocco,Morocco,13.709376335144043,cf_median,Barley_irr_roff_2030y_SOC
Mozambique,Mozambique,15.294743537902832,cf_median,Barley_irr_roff_2030y_SOC
Myanmar,Myanmar,30.48137855529785,cf_median,Barley_irr_roff_2030y_SOC
Namibia,Namibia,8.472640037536621,cf_median,Barley_irr_roff_2030y_SOC
Nauru,,,cf_median,Barley_irr_roff_2030y_SOC
Navassa Island,,,cf_median,Barley_irr_roff_2030y_SOC
Nepal,Nepal,28.37874412536621,cf_median,Barley_irr_roff_2030y_SOC
Netherlands,Netherlands,49.887794494628906,cf_median,Barley_irr_roff_2030y_SOC
Netherlands Antilles,,,cf_median,Barley_irr_roff_2030y_SOC
New Caledonia,New Caledonia,61.21826171875,cf_median,Barley_irr_roff_2030y_SOC
New Zealand,New Zealand,74.43762969970703,cf_median,Barley_irr_roff_2030y_SOC
Nicaragua,Nicaragua,34.148921966552734,cf_median,Barley_irr_roff_2030y_SOC
Niger,Niger,7.674195766448975,cf_median,Barley_irr_roff_2030y_SOC
Nigeria,Nigeria,9.498050689697266,cf_median,Barley_irr_roff_2030y_SOC
Niue,,,cf_median,Barley_irr_roff_2030y_SOC
Norfolk Island,,,cf_median,Barley_irr_roff_2030y_SOC
Northern Mariana Islands,,,cf_median,Barley_irr_roff_2030y_SOC
Norway,Norway,69.14076232910156,cf_median,Barley_irr_roff_2030y_SOC
Oman,Oman,7.031846523284912,cf_median,Barley_irr_roff_2030y_SOC
Pakistan,Pakistan,8.756044387817383,cf_median,Barley_irr_roff_2030y_SOC
Palau,,,cf_median,Barley_irr_roff_2030y_SOC
Palmyra Atoll,,,cf_median,Barley_irr_roff_2030y_SOC
Panama,Panama,47.290321350097656,cf_median,Barley_irr_roff_2030y_SOC
Papua New Guinea,Papua New Guinea,64.97962951660156,cf_median,Barley_irr_roff_2030y_SOC
Paracel Islands,,,cf_median,Barley_irr_roff_2030y_SOC
Paraguay,Paraguay,18.727935791015625,cf_median,Barley_irr_roff_2030y_SOC
Peru,Peru,40.22843933105469,cf_median,Barley_irr_roff_2030y_SOC
Philippines,Philippines,43.699676513671875,cf_median,Barley_irr_roff_2030y_SOC
Pitcairn,,,cf_median,Barley_irr_roff_2030y_SOC
Poland,Poland,30.49241065979004,cf_median,Barley_irr_roff_2030y_SOC
Portugal,Portugal,30.714170455932617,cf_median,Barley_irr_roff_2030y_SOC
Puerto Rico,,,cf_median,Barley_irr_roff_2030y_SOC
Qatar,Qatar,5.187538146972656,cf_median,Barley_irr_roff_2030y_SOC
Republic of Korea,Republic of Korea,37.370567321777344,cf_median,Barley_irr_roff_2030y_SOC
Romania,Romania,32.96003723144531,cf_median,Barley_irr_roff_2030y_SOC
Russian Federation,Russian Federation,57.15290832519531,cf_median,Barley_irr_roff_2030y_SOC
Rwanda,Rwanda,35.873741149902344,cf_median,Barley_irr_roff_2030y_SOC
Réunion,Réunion,82.1291732788086,cf_median,Barley_irr_roff_2030y_SOC
Saint Helena,,,cf_median,Barley_irr_roff_2030y_SOC
Saint Kitts and Nevis,,,cf_median,Barley_irr_roff_2030y_SOC
Saint Lucia,,,cf_median,Barley_irr_roff_2030y_SOC
Saint Pierre et Miquelon,Saint Pierre et Miquelon,68.85006713867188,cf_median,Barley_irr_roff_2030y_SOC
Saint Vincent and the Grenadines,,,cf_median,Barley_irr_roff_2030y_SOC
Samoa,Samoa,90.38842010498045,cf_median,Barley_irr_roff_2030y_SOC
San Marino,San Marino,29.67696762084961,cf_median,Barley_irr_roff_2030y_SOC
Sao Tome and Principe,,,cf_median,Barley_irr_roff_2030y_SOC
Saudi Arabia,Saudi Arabia,7.337060928344727,cf_median,Barley_irr_roff_2030y_SOC
Scarborough Reef,,,cf_median,Barley_irr_roff_2030y_SOC
Senegal,,,cf_median,Barley_irr_roff_2030y_SOC
Senkaku Islands,,,cf_median,Barley_irr_roff_2030y_SOC
Serbia,Serbia,36.58064651489258,cf_median,Barley_irr_roff_2030y_SOC
Seychelles,,,cf_median,Barley_irr_roff_2030y_SOC
Sierra Leone,,,cf_median,Barley_irr_roff_2030y_SOC
Singapore,,,cf_median,Barley_irr_roff_2030y_SOC
Slovakia,Slovakia,40.65401840209961,cf_median,Barley_irr_roff_2030y_SOC
Slovenia,Slovenia,61.128257751464844,cf_median,Barley_irr_roff_2030y_SOC
Solomon Islands,Solomon Islands,90.38842010498045,cf_median,Barley_irr_roff_2030y_SOC
Somalia,Somalia,12.08725643157959,cf_median,Barley_irr_roff_2030y_SOC
South Africa,South Africa,15.677824974060059,cf_median,Barley_irr_roff_2030y_SOC
South Georgia and the South Sandwich Islands,,,cf_median,Barley_irr_roff_2030y_SOC
South Sudan,South Sudan,30.63861846923828,cf_median,Barley_irr_roff_2030y_SOC
Spain,Spain,26.409223556518555,cf_median,Barley_irr_roff_2030y_SOC
Spratly Islands,,,cf_median,Barley_irr_roff_2030y_SOC
Sri Lanka,Sri Lanka,40.913448333740234,cf_median,Barley_irr_roff_2030y_SOC
Sudan,Sudan,7.200506687164307,cf_median,Barley_irr_roff_2030y_SOC
Suriname,,,cf_median,Barley_irr_roff_2030y_SOC
Svalbard and Jan Mayen Islands,,,cf_median,Barley_irr_roff_2030y_SOC
Swaziland,Swaziland,26.34918212890625,cf_median,Barley_irr_roff_2030y_SOC
Sweden,Sweden,64.65734100341797,cf_median,Barley_irr_roff_2030y_SOC
Switzerland,Switzerland,64.40940856933594,cf_median,Barley_irr_roff_2030y_SOC
Syrian Arab Republic,Syrian Arab Republic,11.898777961730957,cf_median,Barley_irr_roff_2030y_SOC
Taiwan,Taiwan,48.30491638183594,cf_median,Barley_irr_roff_2030y_SOC
Tajikistan,Tajikistan,36.1220588684082,cf_median,Barley_irr_roff_2030y_SOC
Thailand,Thailand,25.548612594604492,cf_median,Barley_irr_roff_2030y_SOC
The former Yugoslav Republic of Macedonia,The former Yugoslav Republic of Macedonia,32.688377380371094,cf_median,Barley_irr_roff_2030y_SOC
Timor-Leste,Timor-Leste,74.68608093261719,cf_median,Barley_irr_roff_2030y_SOC
Togo,,,cf_median,Barley_irr_roff_2030y_SOC
Tokelau,,,cf_median,Barley_irr_roff_2030y_SOC
Tonga,,,cf_median,Barley_irr_roff_2030y_SOC
Trinidad and Tobago,,,cf_median,Barley_irr_roff_2030y_SOC
Tromelin Island,,,cf_median,Barley_irr_roff_2030y_SOC
Tunisia,Tunisia,10.178062438964844,cf_median,Barley_irr_roff_2030y_SOC
Turkey,Turkey,34.839107513427734,cf_median,Barley_irr_roff_2030y_SOC
Turkmenistan,Turkmenistan,16.46009635925293,cf_median,Barley_irr_roff_2030y_SOC
Turks and Caicos islands,,,cf_median,Barley_irr_roff_2030y_SOC
Tuvalu,,,cf_median,Barley_irr_roff_2030y_SOC
U.K. of Great Britain and Northern Ireland,U.K. of Great Britain and Northern Ireland,64.23599243164062,cf_median,Barley_irr_roff_2030y_SOC
Uganda,Uganda,40.238948822021484,cf_median,Barley_irr_roff_2030y_SOC
Ukraine,Ukraine,42.84069061279297,cf_median,Barley_irr_roff_2030y_SOC
United Arab Emirates,United Arab Emirates,5.590886116027832,cf_median,Barley_irr_roff_2030y_SOC
United Republic of Tanzania,United Republic of Tanzania,18.21996307373047,cf_median,Barley_irr_roff_2030y_SOC
United States Virgin Islands,,,cf_median,Barley_irr_roff_2030y_SOC
United States of America,United States of America,30.168071746826172,cf_median,Barley_irr_roff_2030y_SOC
Uruguay,Uruguay,37.30473327636719,cf_median,Barley_irr_roff_2030y_SOC
Uzbekistan,Uzbekistan,18.048110961914062,cf_median,Barley_irr_roff_2030y_SOC
Vanuatu,Vanuatu,90.38842010498045,cf_median,Barley_irr_roff_2030y_SOC
Venezuela,Venezuela,39.6115608215332,cf_median,Barley_irr_roff_2030y_SOC
Viet Nam,Viet Nam,30.44304084777832,cf_median,Barley_irr_roff_2030y_SOC
Wake Island,,,cf_median,Barley_irr_roff_2030y_SOC
Wallis and Futuna,,,cf_median,Barley_irr_roff_2030y_SOC
West Bank,West Bank,24.009176254272457,cf_median,Barley_irr_roff_2030y_SOC
West Bank,West Bank,21.980222702026367,cf_median,Barley_irr_roff_2030y_SOC
Western Sahara,Western Sahara,5.522853851318359,cf_median,Barley_irr_roff_2030y_SOC
Yemen,Yemen,9.975106239318848,cf_median,Barley_irr_roff_2030y_SOC
Zambia,Zambia,17.26140785217285,cf_median,Barley_irr_roff_2030y_SOC
Zimbabwe,Zimbabwe,15.613449096679688,cf_median,Barley_irr_roff_2030y_SOC
Abyei,,,cf_std,Barley_irr_roff_2030y_SOC
Afghanistan,Afghanistan,10.275425641116572,cf_std,Barley_irr_roff_2030y_SOC
Aksai Chin,,,cf_std,Barley_irr_roff_2030y_SOC
Albania,Albania,8.663897822324364,cf_std,Barley_irr_roff_2030y_SOC
Algeria,Algeria,6.030967726452497,cf_std,Barley_irr_roff_2030y_SOC
American Samoa,,,cf_std,Barley_irr_roff_2030y_SOC
Andorra,Andorra,0.24107307832194982,cf_std,Barley_irr_roff_2030y_SOC
Angola,Angola,3.8322414086449936,cf_std,Barley_irr_roff_2030y_SOC
Anguilla,,,cf_std,Barley_irr_roff_2030y_SOC
Antarctica,,,cf_std,Barley_irr_roff_2030y_SOC
Antigua and Barbuda,,,cf_std,Barley_irr_roff_2030y_SOC
Argentina,Argentina,9.754964160268857,cf_std,Barley_irr_roff_2030y_SOC
Armenia,Armenia,7.375454582182456,cf_std,Barley_irr_roff_2030y_SOC
Aruba,,,cf_std,Barley_irr_roff_2030y_SOC
Arunachal Pradesh,Arunachal Pradesh,8.315213245901043,cf_std,Barley_irr_roff_2030y_SOC
Ashmore and Cartier Islands,,,cf_std,Barley_irr_roff_2030y_SOC
Australia,Australia,12.987540632453449,cf_std,Barley_irr_roff_2030y_SOC
Austria,Austria,13.119029171964904,cf_std,Barley_irr_roff_2030y_SOC
Azerbaijan,Azerbaijan,9.349600333408299,cf_std,Barley_irr_roff_2030y_SOC
Azores Islands,Azores Islands,9.38428422622811,cf_std,Barley_irr_roff_2030y_SOC
Bahamas,,,cf_std,Barley_irr_roff_2030y_SOC
Bahrain,Bahrain,4.826757217331078,cf_std,Barley_irr_roff_2030y_SOC
Baker Island,,,cf_std,Barley_irr_roff_2030y_SOC
Bangladesh,Bangladesh,4.410836307168753,cf_std,Barley_irr_roff_2030y_SOC
Barbados,,,cf_std,Barley_irr_roff_2030y_SOC
Bassas da India,,,cf_std,Barley_irr_roff_2030y_SOC
Belarus,Belarus,4.039956748178111,cf_std,Barley_irr_roff_2030y_SOC
Belgium,Belgium,8.114276940454308,cf_std,Barley_irr_roff_2030y_SOC
Belize,Belize,0.4768974121966677,cf_std,Barley_irr_roff_2030y_SOC
Benin,,,cf_std,Barley_irr_roff_2030y_SOC
Bermuda,,,cf_std,Barley_irr_roff_2030y_SOC
Bhutan,Bhutan,7.97330895962479,cf_std,Barley_irr_roff_2030y_SOC
Bird Island,,,cf_std,Barley_irr_roff_2030y_SOC
Bolivia,Bolivia,10.803823700344603,cf_std,Barley_irr_roff_2030y_SOC
Bosnia and Herzegovina,Bosnia and Herzegovina,10.55870977463849,cf_std,Barley_irr_roff_2030y_SOC
Botswana,Botswana,1.5923961219457532,cf_std,Barley_irr_roff_2030y_SOC
Bouvet Island,,,cf_std,Barley_irr_roff_2030y_SOC
Brazil,Brazil,10.276713166412444,cf_std,Barley_irr_roff_2030y_SOC
British Indian Ocean Territory,,,cf_std,Barley_irr_roff_2030y_SOC
British Virgin Islands,,,cf_std,Barley_irr_roff_2030y_SOC
Brunei Darussalam,,,cf_std,Barley_irr_roff_2030y_SOC
Bulgaria,Bulgaria,5.1681630600765835,cf_std,Barley_irr_roff_2030y_SOC
Burkina Faso,Burkina Faso,1.1739725589155658,cf_std,Barley_irr_roff_2030y_SOC
Burundi,Burundi,4.845286768345063,cf_std,Barley_irr_roff_2030y_SOC
Cambodia,Cambodia,0.894217589502652,cf_std,Barley_irr_roff_2030y_SOC
Cameroon,Cameroon,14.924029488490202,cf_std,Barley_irr_roff_2030y_SOC
Canada,Canada,10.111723793322128,cf_std,Barley_irr_roff_2030y_SOC
Cape Verde,Cape Verde,6.4981120358156605,cf_std,Barley_irr_roff_2030y_SOC
Cayman Islands,,,cf_std,Barley_irr_roff_2030y_SOC
Central African Republic,Central African Republic,0.5766400206758905,cf_std,Barley_irr_roff_2030y_SOC
Chad,Chad,1.6709057527750275,cf_std,Barley_irr_roff_2030y_SOC
Chile,Chile,29.733286606822467,cf_std,Barley_irr_roff_2030y_SOC
China,China,12.992921845489919,cf_std,Barley_irr_roff_2030y_SOC
China/India,,,cf_std,Barley_irr_roff_2030y_SOC
Christmas Island,,,cf_std,Barley_irr_roff_2030y_SOC
Clipperton Island,,,cf_std,Barley_irr_roff_2030y_SOC
Cocos (Keeling) Islands,,,cf_std,Barley_irr_roff_2030y_SOC
Colombia,Colombia,11.661697660195696,cf_std,Barley_irr_roff_2030y_SOC
Comoros,Comoros,4.87136873829887,cf_std,Barley_irr_roff_2030y_SOC
Congo,,,cf_std,Barley_irr_roff_2030y_SOC
Cook Islands,,,cf_std,Barley_irr_roff_2030y_SOC
Costa Rica,Costa Rica,12.350051250700037,cf_std,Barley_irr_roff_2030y_SOC
Croatia,Croatia,13.124095342744438,cf_std,Barley_irr_roff_2030y_SOC
Cuba,Cuba,14.926805549296555,cf_std,Barley_irr_roff_2030y_SOC
Cyprus,Cyprus,5.039729695270054,cf_std,Barley_irr_roff_2030y_SOC
Czech Republic,Czech Republic,5.2772172475815164,cf_std,Barley_irr_roff_2030y_SOC
Côte d'Ivoire,,,cf_std,Barley_irr_roff_2030y_SOC
Dem People's Rep of Korea,Dem People's Rep of Korea,5.9503656805970815,cf_std,Barley_irr_roff_2030y_SOC
Democratic Republic of the Congo,Democratic Republic of the Congo,13.544863219745508,cf_std,Barley_irr_roff_2030y_SOC
Denmark,Denmark,10.810132059330739,cf_std,Barley_irr_roff_2030y_SOC
Djibouti,Djibouti,1.1958809764312388,cf_std,Barley_irr_roff_2030y_SOC
Dominica,,,cf_std,Barley_irr_roff_2030y_SOC
Dominican Republic,Dominican Republic,2.2350581355933667,cf_std,Barley_irr_roff_2030y_SOC
Ecuador,Ecuador,9.55464896782469,cf_std,Barley_irr_roff_2030y_SOC
Egypt,Egypt,7.499936913111497,cf_std,Barley_irr_roff_2030y_SOC
El Salvador,El Salvador,1.3337063720873448,cf_std,Barley_irr_roff_2030y_SOC
Equatorial Guinea,Equatorial Guinea,3.0701889047494157,cf_std,Barley_irr_roff_2030y_SOC
Eritrea,Eritrea,4.080099819984853,cf_std,Barley_irr_roff_2030y_SOC
Estonia,Estonia,14.262697567033015,cf_std,Barley_irr_roff_2030y_SOC
Ethiopia,Ethiopia,9.382483031316989,cf_std,Barley_irr_roff_2030y_SOC
Europa Island,,,cf_std,Barley_irr_roff_2030y_SOC
Falkland Islands (Malvinas),,,cf_std,Barley_irr_roff_2030y_SOC
Faroe Islands,,,cf_std,Barley_irr_roff_2030y_SOC
Fiji,Fiji,8.136013689657991,cf_std,Barley_irr_roff_2030y_SOC
Finland,Finland,9.264717283572837,cf_std,Barley_irr_roff_2030y_SOC
France,France,11.396777315088366,cf_std,Barley_irr_roff_2030y_SOC
French Guiana,,,cf_std,Barley_irr_roff_2030y_SOC
French Polynesia,,,cf_std,Barley_irr_roff_2030y_SOC
French Southern and Antarctic Territories,,,cf_std,Barley_irr_roff_2030y_SOC
Gabon,,,cf_std,Barley_irr_roff_2030y_SOC
Gambia,,,cf_std,Barley_irr_roff_2030y_SOC
Gaza Strip,Gaza Strip,2.566178564011951,cf_std,Barley_irr_roff_2030y_SOC
Georgia,Georgia,10.857827259643125,cf_std,Barley_irr_roff_2030y_SOC
Germany,Germany,9.980342488706748,cf_std,Barley_irr_roff_2030y_SOC
Ghana,,,cf_std,Barley_irr_roff_2030y_SOC
Gibraltar,,,cf_std,Barley_irr_roff_2030y_SOC
Glorioso Island,,,cf_std,Barley_irr_roff_2030y_SOC
Greece,Greece,9.081400935768444,cf_std,Barley_irr_roff_2030y_SOC
Greenland,,,cf_std,Barley_irr_roff_2030y_SOC
Grenada,,,cf_std,Barley_irr_roff_2030y_SOC
Guadeloupe,,,cf_std,Barley_irr_roff_2030y_SOC
Guam,,,cf_std,Barley_irr_roff_2030y_SOC
Guatemala,Guatemala,5.013775337173856,cf_std,Barley_irr_roff_2030y_SOC
Guernsey,,,cf_std,Barley_irr_roff_2030y_SOC
Guinea,Guinea,2.5882402487377356,cf_std,Barley_irr_roff_2030y_SOC
Guinea-Bissau,,,cf_std,Barley_irr_roff_2030y_SOC
Guyana,Guyana,1.9618253116342026,cf_std,Barley_irr_roff_2030y_SOC
Haiti,Haiti,20.651245454364158,cf_std,Barley_irr_roff_2030y_SOC
Hala'ib triangle,Hala'ib triangle,4.054809604342828,cf_std,Barley_irr_roff_2030y_SOC
Heard Island and McDonald Islands,,,cf_std,Barley_irr_roff_2030y_SOC
Holy See,,,cf_std,Barley_irr_roff_2030y_SOC
Honduras,Honduras,2.42856243858743,cf_std,Barley_irr_roff_2030y_SOC
Hong Kong,Hong Kong,0.8319299171708726,cf_std,Barley_irr_roff_2030y_SOC
Howland Island,,,cf_std,Barley_irr_roff_2030y_SOC
Hungary,Hungary,4.787111615861062,cf_std,Barley_irr_roff_2030y_SOC
Iceland,,,cf_std,Barley_irr_roff_2030y_SOC
Ilemi triangle,,,cf_std,Barley_irr_roff_2030y_SOC
India,India,7.611477798348561,cf_std,Barley_irr_roff_2030y_SOC
Indonesia,Indonesia,15.794448796391512,cf_std,Barley_irr_roff_2030y_SOC
Iran  (Islamic Republic of),Iran  (Islamic Republic of),8.635803781076712,cf_std,Barley_irr_roff_2030y_SOC
Iraq,Iraq,5.78236212105339,cf_std,Barley_irr_roff_2030y_SOC
Ireland,Ireland,9.700230709616738,cf_std,Barley_irr_roff_2030y_SOC
Isle of Man,Isle of Man,4.262038764349782,cf_std,Barley_irr_roff_2030y_SOC
Israel,Israel,9.015619422454892,cf_std,Barley_irr_roff_2030y_SOC
Italy,Italy,11.247130678710386,cf_std,Barley_irr_roff_2030y_SOC
Jamaica,Jamaica,0.0,cf_std,Barley_irr_roff_2030y_SOC
Jammu and Kashmir,Jammu and Kashmir,9.686659288290127,cf_std,Barley_irr_roff_2030y_SOC
Japan,Japan,14.568072839085735,cf_std,Barley_irr_roff_2030y_SOC
Jarvis Island,,,cf_std,Barley_irr_roff_2030y_SOC
Jersey,Jersey,0.0,cf_std,Barley_irr_roff_2030y_SOC
Johnston Atoll,,,cf_std,Barley_irr_roff_2030y_SOC
Jordan,Jordan,3.580531959083686,cf_std,Barley_irr_roff_2030y_SOC
Juan de Nova Island,,,cf_std,Barley_irr_roff_2030y_SOC
Kazakhstan,Kazakhstan,10.626464694165527,cf_std,Barley_irr_roff_2030y_SOC
Kenya,Kenya,9.925793300564866,cf_std,Barley_irr_roff_2030y_SOC
Kingman Reef,,,cf_std,Barley_irr_roff_2030y_SOC
Kiribati,,,cf_std,Barley_irr_roff_2030y_SOC
Kuril islands,Kuril islands,2.870401872756491,cf_std,Barley_irr_roff_2030y_SOC
Kuwait,Kuwait,3.9738228270091804,cf_std,Barley_irr_roff_2030y_SOC
Kyrgyzstan,Kyrgyzstan,8.255391014236038,cf_std,Barley_irr_roff_2030y_SOC
Lao People's Democratic Republic,Lao People's Democratic Republic,3.0259405358018,cf_std,Barley_irr_roff_2030y_SOC
Latvia,Latvia,7.634603748035061,cf_std,Barley_irr_roff_2030y_SOC
Lebanon,Lebanon,9.412213326947317,cf_std,Barley_irr_roff_2030y_SOC
Lesotho,Lesotho,8.50329136105986,cf_std,Barley_irr_roff_2030y_SOC
Liberia,,,cf_std,Barley_irr_roff_2030y_SOC
Libya,Libya,3.026260123608345,cf_std,Barley_irr_roff_2030y_SOC
Liechtenstein,Liechtenstein,0.16141594319004116,cf_std,Barley_irr_roff_2030y_SOC
Lithuania,Lithuania,4.878792077270153,cf_std,Barley_irr_roff_2030y_SOC
Luxembourg,Luxembourg,2.440394076036402,cf_std,Barley_irr_roff_2030y_SOC
Ma'tan al-Sarra,Ma'tan al-Sarra,0.3860562474088729,cf_std,Barley_irr_roff_2030y_SOC
Macau,Macau,3.552713678800501e-15,cf_std,Barley_irr_roff_2030y_SOC
Madagascar,Madagascar,10.088100510494536,cf_std,Barley_irr_roff_2030y_SOC
Madeira Islands,Madeira Islands,3.207995326074679,cf_std,Barley_irr_roff_2030y_SOC
Malawi,Malawi,4.93781323946086,cf_std,Barley_irr_roff_2030y_SOC
Malaysia,Malaysia,4.119645196025424,cf_std,Barley_irr_roff_2030y_SOC
Maldives,,,cf_std,Barley_irr_roff_2030y_SOC
Mali,Mali,0.7603830393372287,cf_std,Barley_irr_roff_2030y_SOC
Malta,Malta,2.1523176127515837,cf_std,Barley_irr_roff_2030y_SOC
Marshall Islands,,,cf_std,Barley_irr_roff_2030y_SOC
Martinique,,,cf_std,Barley_irr_roff_2030y_SOC
Mauritania,Mauritania,1.5567048866301167,cf_std,Barley_irr_roff_2030y_SOC
Mauritius,Mauritius,0.0,cf_std,Barley_irr_roff_2030y_SOC
Mayotte,,,cf_std,Barley_irr_roff_2030y_SOC
Mexico,Mexico,9.153606091824681,cf_std,Barley_irr_roff_2030y_SOC
Micronesia (Federated States of),,,cf_std,Barley_irr_roff_2030y_SOC
Midway Island,,,cf_std,Barley_irr_roff_2030y_SOC
"Moldova, Republic of","Moldova, Republic of",4.166653127009502,cf_std,Barley_irr_roff_2030y_SOC
Monaco,,,cf_std,Barley_irr_roff_2030y_SOC
Mongolia,Mongolia,14.407797934796006,cf_std,Barley_irr_roff_2030y_SOC
Montenegro,Montenegro,6.030276352990601,cf_std,Barley_irr_roff_2030y_SOC
Montserrat,,,cf_std,Barley_irr_roff_2030y_SOC
Morocco,Morocco,8.334107320569476,cf_std,Barley_irr_roff_2030y_SOC
Mozambique,Mozambique,4.002569905732817,cf_std,Barley_irr_roff_2030y_SOC
Myanmar,Myanmar,7.9453394767939916,cf_std,Barley_irr_roff_2030y_SOC
Namibia,Namibia,2.3345470059757845,cf_std,Barley_irr_roff_2030y_SOC
Nauru,,,cf_std,Barley_irr_roff_2030y_SOC
Navassa Island,,,cf_std,Barley_irr_roff_2030y_SOC
Nepal,Nepal,10.829305246014165,cf_std,Barley_irr_roff_2030y_SOC
Netherlands,Netherlands,12.536449575000942,cf_std,Barley_irr_roff_2030y_SOC
Netherlands Antilles,,,cf_std,Barley_irr_roff_2030y_SOC
New Caledonia,New Caledonia,18.298636693990247,cf_std,Barley_irr_roff_2030y_SOC
New Zealand,New Zealand,11.65213976945536,cf_std,Barley_irr_roff_2030y_SOC
Nicaragua,Nicaragua,1.0168988328570396,cf_std,Barley_irr_roff_2030y_SOC
Niger,Niger,0.9280650679220661,cf_std,Barley_irr_roff_2030y_SOC
Nigeria,Nigeria,3.578385651817484,cf_std,Barley_irr_roff_2030y_SOC
Niue,,,cf_std,Barley_irr_roff_2030y_SOC
Norfolk Island,,,cf_std,Barley_irr_roff_2030y_SOC
Northern Mariana Islands,,,cf_std,Barley_irr_roff_2030y_SOC
Norway,Norway,9.374073890108745,cf_std,Barley_irr_roff_2030y_SOC
Oman,Oman,3.346202829989955,cf_std,Barley_irr_roff_2030y_SOC
Pakistan,Pakistan,7.335057402305599,cf_std,Barley_irr_roff_2030y_SOC
Palau,,,cf_std,Barley_irr_roff_2030y_SOC
Palmyra Atoll,,,cf_std,Barley_irr_roff_2030y_SOC
Panama,Panama,19.79751275451173,cf_std,Barley_irr_roff_2030y_SOC
Papua New Guinea,Papua New Guinea,10.825431445371148,cf_std,Barley_irr_roff_2030y_SOC
Paracel Islands,,,cf_std,Barley_irr_roff_2030y_SOC
Paraguay,Paraguay,3.225840085596757,cf_std,Barley_irr_roff_2030y_SOC
Peru,Peru,14.71792972257413,cf_std,Barley_irr_roff_2030y_SOC
Philippines,Philippines,17.697514904856614,cf_std,Barley_irr_roff_2030y_SOC
Pitcairn,,,cf_std,Barley_irr_roff_2030y_SOC
Poland,Poland,6.1775052510981165,cf_std,Barley_irr_roff_2030y_SOC
Portugal,Portugal,8.192107886137086,cf_std,Barley_irr_roff_2030y_SOC
Puerto Rico,,,cf_std,Barley_irr_roff_2030y_SOC
Qatar,Qatar,1.6183162524083223,cf_std,Barley_irr_roff_2030y_SOC
Republic of Korea,Republic of Korea,9.275828624318331,cf_std,Barley_irr_roff_2030y_SOC
Romania,Romania,7.651106231459341,cf_std,Barley_irr_roff_2030y_SOC
Russian Federation,Russian Federation,9.11286548382858,cf_std,Barley_irr_roff_2030y_SOC
Rwanda,Rwanda,7.074421333112774,cf_std,Barley_irr_roff_2030y_SOC
Réunion,Réunion,7.744099739710922,cf_std,Barley_irr_roff_2030y_SOC
Saint Helena,,,cf_std,Barley_irr_roff_2030y_SOC
Saint Kitts and Nevis,,,cf_std,Barley_irr_roff_2030y_SOC
Saint Lucia,,,cf_std,Barley_irr_roff_2030y_SOC
Saint Pierre et Miquelon,Saint Pierre et Miquelon,3.354251140540136,cf_std,Barley_irr_roff_2030y_SOC
Saint Vincent and the Grenadines,,,cf_std,Barley_irr_roff_2030y_SOC
Samoa,Samoa,0.0,cf_std,Barley_irr_roff_2030y_SOC
San Marino,San Marino,0.0,cf_std,Barley_irr_roff_2030y_SOC
Sao Tome and Principe,,,cf_std,Barley_irr_roff_2030y_SOC
Saudi Arabia,Saudi Arabia,1.7549832717776999,cf_std,Barley_irr_roff_2030y_SOC
Scarborough Reef,,,cf_std,Barley_irr_roff_2030y_SOC
Senegal,,,cf_std,Barley_irr_roff_2030y_SOC
Senkaku Islands,,,cf_std,Barley_irr_roff_2030y_SOC
Serbia,Serbia,7.213986406596155,cf_std,Barley_irr_roff_2030y_SOC
Seychelles,,,cf_std,Barley_irr_roff_2030y_SOC
Sierra Leone,,,cf_std,Barley_irr_roff_2030y_SOC
Singapore,,,cf_std,Barley_irr_roff_2030y_SOC
Slovakia,Slovakia,7.24750987400921,cf_std,Barley_irr_roff_2030y_SOC
Slovenia,Slovenia,13.24425311927053,cf_std,Barley_irr_roff_2030y_SOC
Solomon Islands,Solomon Islands,0.0,cf_std,Barley_irr_roff_2030y_SOC
Somalia,Somalia,3.6730345624452294,cf_std,Barley_irr_roff_2030y_SOC
South Africa,South Africa,8.762497216456717,cf_std,Barley_irr_roff_2030y_SOC
South Georgia and the South Sandwich Islands,,,cf_std,Barley_irr_roff_2030y_SOC
South Sudan,South Sudan,3.453758140082937,cf_std,Barley_irr_roff_2030y_SOC
Spain,Spain,14.77257093232763,cf_std,Barley_irr_roff_2030y_SOC
Spratly Islands,,,cf_std,Barley_irr_roff_2030y_SOC
Sri Lanka,Sri Lanka,4.5075836510214975,cf_std,Barley_irr_roff_2030y_SOC
Sudan,Sudan,1.4393025027264923,cf_std,Barley_irr_roff_2030y_SOC
Suriname,,,cf_std,Barley_irr_roff_2030y_SOC
Svalbard and Jan Mayen Islands,,,cf_std,Barley_irr_roff_2030y_SOC
Swaziland,Swaziland,4.76950930456707,cf_std,Barley_irr_roff_2030y_SOC
Sweden,Sweden,11.019022007200263,cf_std,Barley_irr_roff_2030y_SOC
Switzerland,Switzerland,9.148761896826313,cf_std,Barley_irr_roff_2030y_SOC
Syrian Arab Republic,Syrian Arab Republic,6.421914118099061,cf_std,Barley_irr_roff_2030y_SOC
Taiwan,Taiwan,15.644230663485928,cf_std,Barley_irr_roff_2030y_SOC
Tajikistan,Tajikistan,10.025873911869855,cf_std,Barley_irr_roff_2030y_SOC
Thailand,Thailand,3.405053979157205,cf_std,Barley_irr_roff_2030y_SOC
The former Yugoslav Republic of Macedonia,The former Yugoslav Republic of Macedonia,8.941637005915911,cf_std,Barley_irr_roff_2030y_SOC
Timor-Leste,Timor-Leste,6.740329196857752,cf_std,Barley_irr_roff_2030y_SOC
Togo,,,cf_std,Barley_irr_roff_2030y_SOC
Tokelau,,,cf_std,Barley_irr_roff_2030y_SOC
Tonga,,,cf_std,Barley_irr_roff_2030y_SOC
Trinidad and Tobago,,,cf_std,Barley_irr_roff_2030y_SOC
Tromelin Island,,,cf_std,Barley_irr_roff_2030y_SOC
Tunisia,Tunisia,8.075201184576047,cf_std,Barley_irr_roff_2030y_SOC
Turkey,Turkey,8.40903734357886,cf_std,Barley_irr_roff_2030y_SOC
Turkmenistan,Turkmenistan,4.423355251177004,cf_std,Barley_irr_roff_2030y_SOC
Turks and Caicos islands,,,cf_std,Barley_irr_roff_2030y_SOC
Tuvalu,,,cf_std,Barley_irr_roff_2030y_SOC
U.K. of Great Britain and Northern Ireland,U.K. of Great Britain and Northern Ireland,14.494000482695137,cf_std,Barley_irr_roff_2030y_SOC
Uganda,Uganda,8.576679042088966,cf_std,Barley_irr_roff_2030y_SOC
Ukraine,Ukraine,6.551001136604119,cf_std,Barley_irr_roff_2030y_SOC
United Arab Emirates,United Arab Emirates,4.748542434519972,cf_std,Barley_irr_roff_2030y_SOC
United Republic of Tanzania,United Republic of Tanzania,7.866851826455314,cf_std,Barley_irr_roff_2030y_SOC
United States Virgin Islands,,,cf_std,Barley_irr_roff_2030y_SOC
United States of America,United States of America,14.515558114984827,cf_std,Barley_irr_roff_2030y_SOC
Uruguay,Uruguay,6.75956048881016,cf_std,Barley_irr_roff_2030y_SOC
Uzbekistan,Uzbekistan,7.192353805242987,cf_std,Barley_irr_roff_2030y_SOC
Vanuatu,Vanuatu,0.0,cf_std,Barley_irr_roff_2030y_SOC
Venezuela,Venezuela,7.648489796127682,cf_std,Barley_irr_roff_2030y_SOC
Viet Nam,Viet Nam,3.3386300369010855,cf_std,Barley_irr_roff_2030y_SOC
Wake Island,,,cf_std,Barley_irr_roff_2030y_SOC
Wallis and Futuna,,,cf_std,Barley_irr_roff_2030y_SOC
West Bank,West Bank,0.32021239729879675,cf_std,Barley_irr_roff_2030y_SOC
West Bank,West Bank,2.601608099479531,cf_std,Barley_irr_roff_2030y_SOC
Western Sahara,Western Sahara,2.807502573594157,cf_std,Barley_irr_roff_2030y_SOC
Yemen,Yemen,3.608169093208605,cf_std,Barley_irr_roff_2030y_SOC
Zambia,Zambia,2.3431345141576476,cf_std,Barley_irr_roff_2030y_SOC
Zimbabwe,Zimbabwe,2.6664758396777173,cf_std,Barley_irr_roff_2030y_SOC
Abyei,,,cf_mean,Barley_irr_ron_2030y_SOC
Afghanistan,Afghanistan,24.377565629446106,cf_mean,Barley_irr_ron_2030y_SOC
Aksai Chin,,,cf_mean,Barley_irr_ron_2030y_SOC
Albania,Albania,50.99631569572981,cf_mean,Barley_irr_ron_2030y_SOC
Algeria,Algeria,12.145782490373156,cf_mean,Barley_irr_ron_2030y_SOC
American Samoa,,,cf_mean,Barley_irr_ron_2030y_SOC
Andorra,,,cf_mean,Barley_irr_ron_2030y_SOC
Angola,Angola,25.616122257045667,cf_mean,Barley_irr_ron_2030y_SOC
Anguilla,,,cf_mean,Barley_irr_ron_2030y_SOC
Antarctica,,,cf_mean,Barley_irr_ron_2030y_SOC
Antigua and Barbuda,,,cf_mean,Barley_irr_ron_2030y_SOC
Argentina,Argentina,30.194332979879192,cf_mean,Barley_irr_ron_2030y_SOC
Armenia,Armenia,46.22581275613471,cf_mean,Barley_irr_ron_2030y_SOC
Aruba,,,cf_mean,Barley_irr_ron_2030y_SOC
Arunachal Pradesh,Arunachal Pradesh,62.146825189342046,cf_mean,Barley_irr_ron_2030y_SOC
Ashmore and Cartier Islands,,,cf_mean,Barley_irr_ron_2030y_SOC
Australia,Australia,22.490853429704405,cf_mean,Barley_irr_ron_2030y_SOC
Austria,Austria,64.37193189069345,cf_mean,Barley_irr_ron_2030y_SOC
Azerbaijan,Azerbaijan,44.7289942401488,cf_mean,Barley_irr_ron_2030y_SOC
Azores Islands,,,cf_mean,Barley_irr_ron_2030y_SOC
Bahamas,,,cf_mean,Barley_irr_ron_2030y_SOC
Bahrain,,,cf_mean,Barley_irr_ron_2030y_SOC
Baker Island,,,cf_mean,Barley_irr_ron_2030y_SOC
Bangladesh,Bangladesh,21.472564535545402,cf_mean,Barley_irr_ron_2030y_SOC
Barbados,,,cf_mean,Barley_irr_ron_2030y_SOC
Bassas da India,,,cf_mean,Barley_irr_ron_2030y_SOC
Belarus,Belarus,42.596993072222276,cf_mean,Barley_irr_ron_2030y_SOC
Belgium,Belgium,61.2344105284393,cf_mean,Barley_irr_ron_2030y_SOC
Belize,,,cf_mean,Barley_irr_ron_2030y_SOC
Benin,,,cf_mean,Barley_irr_ron_2030y_SOC
Bermuda,,,cf_mean,Barley_irr_ron_2030y_SOC
Bhutan,Bhutan,49.87692322918425,cf_mean,Barley_irr_ron_2030y_SOC
Bird Island,,,cf_mean,Barley_irr_ron_2030y_SOC
Bolivia,Bolivia,47.72891152915764,cf_mean,Barley_irr_ron_2030y_SOC
Bosnia and Herzegovina,Bosnia and Herzegovina,61.22684923024281,cf_mean,Barley_irr_ron_2030y_SOC
Botswana,,,cf_mean,Barley_irr_ron_2030y_SOC
Bouvet Island,,,cf_mean,Barley_irr_ron_2030y_SOC
Brazil,Brazil,32.0778518242847,cf_mean,Barley_irr_ron_2030y_SOC
British Indian Ocean Territory,,,cf_mean,Barley_irr_ron_2030y_SOC
British Virgin Islands,,,cf_mean,Barley_irr_ron_2030y_SOC
Brunei Darussalam,,,cf_mean,Barley_irr_ron_2030y_SOC
Bulgaria,Bulgaria,43.39935038117214,cf_mean,Barley_irr_ron_2030y_SOC
Burkina Faso,,,cf_mean,Barley_irr_ron_2030y_SOC
Burundi,Burundi,30.66961885963078,cf_mean,Barley_irr_ron_2030y_SOC
Cambodia,,,cf_mean,Barley_irr_ron_2030y_SOC
Cameroon,,,cf_mean,Barley_irr_ron_2030y_SOC
Canada,Canada,59.58933630251372,cf_mean,Barley_irr_ron_2030y_SOC
Cape Verde,,,cf_mean,Barley_irr_ron_2030y_SOC
Cayman Islands,,,cf_mean,Barley_irr_ron_2030y_SOC
Central African Republic,,,cf_mean,Barley_irr_ron_2030y_SOC
Chad,Chad,13.046028146140126,cf_mean,Barley_irr_ron_2030y_SOC
Chile,Chile,62.357687017187715,cf_mean,Barley_irr_ron_2030y_SOC
China,China,40.238394082669174,cf_mean,Barley_irr_ron_2030y_SOC
China/India,,,cf_mean,Barley_irr_ron_2030y_SOC
Christmas Island,,,cf_mean,Barley_irr_ron_2030y_SOC
Clipperton Island,,,cf_mean,Barley_irr_ron_2030y_SOC
Cocos (Keeling) Islands,,,cf_mean,Barley_irr_ron_2030y_SOC
Colombia,Colombia,61.60754270391551,cf_mean,Barley_irr_ron_2030y_SOC
Comoros,,,cf_mean,Barley_irr_ron_2030y_SOC
Congo,,,cf_mean,Barley_irr_ron_2030y_SOC
Cook Islands,,,cf_mean,Barley_irr_ron_2030y_SOC
Costa Rica,,,cf_mean,Barley_irr_ron_2030y_SOC
Croatia,Croatia,58.035959817290816,cf_mean,Barley_irr_ron_2030y_SOC
Cuba,,,cf_mean,Barley_irr_ron_2030y_SOC
Cyprus,Cyprus,66.28386009026994,cf_mean,Barley_irr_ron_2030y_SOC
Czech Republic,Czech Republic,48.47811889648438,cf_mean,Barley_irr_ron_2030y_SOC
Côte d'Ivoire,,,cf_mean,Barley_irr_ron_2030y_SOC
Dem People's Rep of Korea,,,cf_mean,Barley_irr_ron_2030y_SOC
Democratic Republic of the Congo,Democratic Republic of the Congo,26.928229353368557,cf_mean,Barley_irr_ron_2030y_SOC
Denmark,Denmark,69.95258986081821,cf_mean,Barley_irr_ron_2030y_SOC
Djibouti,Djibouti,10.786587715148922,cf_mean,Barley_irr_ron_2030y_SOC
Dominica,,,cf_mean,Barley_irr_ron_2030y_SOC
Dominican Republic,,,cf_mean,Barley_irr_ron_2030y_SOC
Ecuador,Ecuador,53.823047248832474,cf_mean,Barley_irr_ron_2030y_SOC
Egypt,Egypt,16.04563213112821,cf_mean,Barley_irr_ron_2030y_SOC
El Salvador,,,cf_mean,Barley_irr_ron_2030y_SOC
Equatorial Guinea,,,cf_mean,Barley_irr_ron_2030y_SOC
Eritrea,Eritrea,19.092404557380885,cf_mean,Barley_irr_ron_2030y_SOC
Estonia,Estonia,79.2157790866748,cf_mean,Barley_irr_ron_2030y_SOC
Ethiopia,Ethiopia,36.51871296541645,cf_mean,Barley_irr_ron_2030y_SOC
Europa Island,,,cf_mean,Barley_irr_ron_2030y_SOC
Falkland Islands (Malvinas),,,cf_mean,Barley_irr_ron_2030y_SOC
Faroe Islands,,,cf_mean,Barley_irr_ron_2030y_SOC
Fiji,,,cf_mean,Barley_irr_ron_2030y_SOC
Finland,Finland,74.12471344220297,cf_mean,Barley_irr_ron_2030y_SOC
France,France,53.60845486672545,cf_mean,Barley_irr_ron_2030y_SOC
French Guiana,,,cf_mean,Barley_irr_ron_2030y_SOC
French Polynesia,,,cf_mean,Barley_irr_ron_2030y_SOC
French Southern and Antarctic Territories,,,cf_mean,Barley_irr_ron_2030y_SOC
Gabon,,,cf_mean,Barley_irr_ron_2030y_SOC
Gambia,,,cf_mean,Barley_irr_ron_2030y_SOC
Gaza Strip,,,cf_mean,Barley_irr_ron_2030y_SOC
Georgia,Georgia,59.18733011083767,cf_mean,Barley_irr_ron_2030y_SOC
Germany,Germany,57.546309541524884,cf_mean,Barley_irr_ron_2030y_SOC
Ghana,,,cf_mean,Barley_irr_ron_2030y_SOC
Gibraltar,,,cf_mean,Barley_irr_ron_2030y_SOC
Glorioso Island,,,cf_mean,Barley_irr_ron_2030y_SOC
Greece,Greece,42.30722897180931,cf_mean,Barley_irr_ron_2030y_SOC
Greenland,,,cf_mean,Barley_irr_ron_2030y_SOC
Grenada,,,cf_mean,Barley_irr_ron_2030y_SOC
Guadeloupe,,,cf_mean,Barley_irr_ron_2030y_SOC
Guam,,,cf_mean,Barley_irr_ron_2030y_SOC
Guatemala,Guatemala,39.544633613131445,cf_mean,Barley_irr_ron_2030y_SOC
Guernsey,,,cf_mean,Barley_irr_ron_2030y_SOC
Guinea,,,cf_mean,Barley_irr_ron_2030y_SOC
Guinea-Bissau,,,cf_mean,Barley_irr_ron_2030y_SOC
Guyana,Guyana,43.28440856933594,cf_mean,Barley_irr_ron_2030y_SOC
Haiti,,,cf_mean,Barley_irr_ron_2030y_SOC
Hala'ib triangle,Hala'ib triangle,13.255912581041034,cf_mean,Barley_irr_ron_2030y_SOC
Heard Island and McDonald Islands,,,cf_mean,Barley_irr_ron_2030y_SOC
Holy See,,,cf_mean,Barley_irr_ron_2030y_SOC
Honduras,,,cf_mean,Barley_irr_ron_2030y_SOC
Hong Kong,,,cf_mean,Barley_irr_ron_2030y_SOC
Howland Island,,,cf_mean,Barley_irr_ron_2030y_SOC
Hungary,Hungary,46.590234111742404,cf_mean,Barley_irr_ron_2030y_SOC
Iceland,,,cf_mean,Barley_irr_ron_2030y_SOC
Ilemi triangle,,,cf_mean,Barley_irr_ron_2030y_SOC
India,India,20.20966708865825,cf_mean,Barley_irr_ron_2030y_SOC
Indonesia,,,cf_mean,Barley_irr_ron_2030y_SOC
Iran  (Islamic Republic of),Iran  (Islamic Republic of),9.239835291950984,cf_mean,Barley_irr_ron_2030y_SOC
Iraq,Iraq,14.541224721926582,cf_mean,Barley_irr_ron_2030y_SOC
Ireland,Ireland,86.92847128047653,cf_mean,Barley_irr_ron_2030y_SOC
Isle of Man,,,cf_mean,Barley_irr_ron_2030y_SOC
Israel,Israel,21.176706906102794,cf_mean,Barley_irr_ron_2030y_SOC
Italy,Italy,52.177293515836396,cf_mean,Barley_irr_ron_2030y_SOC
Jamaica,,,cf_mean,Barley_irr_ron_2030y_SOC
Jammu and Kashmir,Jammu and Kashmir,46.175071716308594,cf_mean,Barley_irr_ron_2030y_SOC
Japan,Japan,73.43750787211931,cf_mean,Barley_irr_ron_2030y_SOC
Jarvis Island,,,cf_mean,Barley_irr_ron_2030y_SOC
Jersey,,,cf_mean,Barley_irr_ron_2030y_SOC
Johnston Atoll,,,cf_mean,Barley_irr_ron_2030y_SOC
Jordan,Jordan,13.480706485374135,cf_mean,Barley_irr_ron_2030y_SOC
Juan de Nova Island,,,cf_mean,Barley_irr_ron_2030y_SOC
Kazakhstan,Kazakhstan,34.754784286860904,cf_mean,Barley_irr_ron_2030y_SOC
Kenya,Kenya,35.25760465568894,cf_mean,Barley_irr_ron_2030y_SOC
Kingman Reef,,,cf_mean,Barley_irr_ron_2030y_SOC
Kiribati,,,cf_mean,Barley_irr_ron_2030y_SOC
Kuril islands,,,cf_mean,Barley_irr_ron_2030y_SOC
Kuwait,Kuwait,24.396124626202567,cf_mean,Barley_irr_ron_2030y_SOC
Kyrgyzstan,Kyrgyzstan,43.92102381433913,cf_mean,Barley_irr_ron_2030y_SOC
Lao People's Democratic Republic,Lao People's Democratic Republic,26.58453178405762,cf_mean,Barley_irr_ron_2030y_SOC
Latvia,Latvia,60.190769768233494,cf_mean,Barley_irr_ron_2030y_SOC
Lebanon,Lebanon,37.82249079176548,cf_mean,Barley_irr_ron_2030y_SOC
Lesotho,Lesotho,37.29170678109038,cf_mean,Barley_irr_ron_2030y_SOC
Liberia,,,cf_mean,Barley_irr_ron_2030y_SOC
Libya,Libya,11.22443173096948,cf_mean,Barley_irr_ron_2030y_SOC
Liechtenstein,,,cf_mean,Barley_irr_ron_2030y_SOC
Lithuania,Lithuania,47.812716602706615,cf_mean,Barley_irr_ron_2030y_SOC
Luxembourg,Luxembourg,59.303204690214834,cf_mean,Barley_irr_ron_2030y_SOC
Ma'tan al-Sarra,,,cf_mean,Barley_irr_ron_2030y_SOC
Macau,,,cf_mean,Barley_irr_ron_2030y_SOC
Madagascar,,,cf_mean,Barley_irr_ron_2030y_SOC
Madeira Islands,,,cf_mean,Barley_irr_ron_2030y_SOC
Malawi,Malawi,30.649613612472972,cf_mean,Barley_irr_ron_2030y_SOC
Malaysia,,,cf_mean,Barley_irr_ron_2030y_SOC
Maldives,,,cf_mean,Barley_irr_ron_2030y_SOC
Mali,Mali,9.710565639201496,cf_mean,Barley_irr_ron_2030y_SOC
Malta,Malta,85.81493909269899,cf_mean,Barley_irr_ron_2030y_SOC
Marshall Islands,,,cf_mean,Barley_irr_ron_2030y_SOC
Martinique,,,cf_mean,Barley_irr_ron_2030y_SOC
Mauritania,Mauritania,10.067314279424712,cf_mean,Barley_irr_ron_2030y_SOC
Mauritius,,,cf_mean,Barley_irr_ron_2030y_SOC
Mayotte,,,cf_mean,Barley_irr_ron_2030y_SOC
Mexico,Mexico,26.472982048265465,cf_mean,Barley_irr_ron_2030y_SOC
Micronesia (Federated States of),,,cf_mean,Barley_irr_ron_2030y_SOC
Midway Island,,,cf_mean,Barley_irr_ron_2030y_SOC
"Moldova, Republic of",,,cf_mean,Barley_irr_ron_2030y_SOC
Monaco,,,cf_mean,Barley_irr_ron_2030y_SOC
Mongolia,Mongolia,36.23658155375605,cf_mean,Barley_irr_ron_2030y_SOC
Montenegro,Montenegro,67.39509216042082,cf_mean,Barley_irr_ron_2030y_SOC
Montserrat,,,cf_mean,Barley_irr_ron_2030y_SOC
Morocco,Morocco,17.986570334666062,cf_mean,Barley_irr_ron_2030y_SOC
Mozambique,,,cf_mean,Barley_irr_ron_2030y_SOC
Myanmar,Myanmar,45.01529006637092,cf_mean,Barley_irr_ron_2030y_SOC
Namibia,Namibia,10.829258053435634,cf_mean,Barley_irr_ron_2030y_SOC
Nauru,,,cf_mean,Barley_irr_ron_2030y_SOC
Navassa Island,,,cf_mean,Barley_irr_ron_2030y_SOC
Nepal,Nepal,34.93588625168283,cf_mean,Barley_irr_ron_2030y_SOC
Netherlands,,,cf_mean,Barley_irr_ron_2030y_SOC
Netherlands Antilles,,,cf_mean,Barley_irr_ron_2030y_SOC
New Caledonia,,,cf_mean,Barley_irr_ron_2030y_SOC
New Zealand,New Zealand,89.19218473067693,cf_mean,Barley_irr_ron_2030y_SOC
Nicaragua,,,cf_mean,Barley_irr_ron_2030y_SOC
Niger,Niger,9.233156545667494,cf_mean,Barley_irr_ron_2030y_SOC
Nigeria,,,cf_mean,Barley_irr_ron_2030y_SOC
Niue,,,cf_mean,Barley_irr_ron_2030y_SOC
Norfolk Island,,,cf_mean,Barley_irr_ron_2030y_SOC
Northern Mariana Islands,,,cf_mean,Barley_irr_ron_2030y_SOC
Norway,Norway,76.06332197063394,cf_mean,Barley_irr_ron_2030y_SOC
Oman,Oman,15.68848309138443,cf_mean,Barley_irr_ron_2030y_SOC
Pakistan,Pakistan,12.528563659732951,cf_mean,Barley_irr_ron_2030y_SOC
Palau,,,cf_mean,Barley_irr_ron_2030y_SOC
Palmyra Atoll,,,cf_mean,Barley_irr_ron_2030y_SOC
Panama,,,cf_mean,Barley_irr_ron_2030y_SOC
Papua New Guinea,,,cf_mean,Barley_irr_ron_2030y_SOC
Paracel Islands,,,cf_mean,Barley_irr_ron_2030y_SOC
Paraguay,Paraguay,29.35380608717745,cf_mean,Barley_irr_ron_2030y_SOC
Peru,Peru,41.07182036134534,cf_mean,Barley_irr_ron_2030y_SOC
Philippines,,,cf_mean,Barley_irr_ron_2030y_SOC
Pitcairn,,,cf_mean,Barley_irr_ron_2030y_SOC
Poland,Poland,40.45664812971329,cf_mean,Barley_irr_ron_2030y_SOC
Portugal,Portugal,37.79894250633014,cf_mean,Barley_irr_ron_2030y_SOC
Puerto Rico,,,cf_mean,Barley_irr_ron_2030y_SOC
Qatar,Qatar,9.080910522697723,cf_mean,Barley_irr_ron_2030y_SOC
Republic of Korea,Republic of Korea,51.11996339882789,cf_mean,Barley_irr_ron_2030y_SOC
Romania,Romania,44.071896934487356,cf_mean,Barley_irr_ron_2030y_SOC
Russian Federation,Russian Federation,64.18712511226428,cf_mean,Barley_irr_ron_2030y_SOC
Rwanda,Rwanda,38.24700164794922,cf_mean,Barley_irr_ron_2030y_SOC
Réunion,,,cf_mean,Barley_irr_ron_2030y_SOC
Saint Helena,,,cf_mean,Barley_irr_ron_2030y_SOC
Saint Kitts and Nevis,,,cf_mean,Barley_irr_ron_2030y_SOC
Saint Lucia,,,cf_mean,Barley_irr_ron_2030y_SOC
Saint Pierre et Miquelon,,,cf_mean,Barley_irr_ron_2030y_SOC
Saint Vincent and the Grenadines,,,cf_mean,Barley_irr_ron_2030y_SOC
Samoa,,,cf_mean,Barley_irr_ron_2030y_SOC
San Marino,,,cf_mean,Barley_irr_ron_2030y_SOC
Sao Tome and Principe,,,cf_mean,Barley_irr_ron_2030y_SOC
Saudi Arabia,Saudi Arabia,15.149879014736841,cf_mean,Barley_irr_ron_2030y_SOC
Scarborough Reef,,,cf_mean,Barley_irr_ron_2030y_SOC
Senegal,,,cf_mean,Barley_irr_ron_2030y_SOC
Senkaku Islands,,,cf_mean,Barley_irr_ron_2030y_SOC
Serbia,Serbia,49.710557879488036,cf_mean,Barley_irr_ron_2030y_SOC
Seychelles,,,cf_mean,Barley_irr_ron_2030y_SOC
Sierra Leone,,,cf_mean,Barley_irr_ron_2030y_SOC
Singapore,,,cf_mean,Barley_irr_ron_2030y_SOC
Slovakia,Slovakia,52.45987799879866,cf_mean,Barley_irr_ron_2030y_SOC
Slovenia,Slovenia,70.62659565042364,cf_mean,Barley_irr_ron_2030y_SOC
Solomon Islands,,,cf_mean,Barley_irr_ron_2030y_SOC
Somalia,,,cf_mean,Barley_irr_ron_2030y_SOC
South Africa,South Africa,23.238704197564182,cf_mean,Barley_irr_ron_2030y_SOC
South Georgia and the South Sandwich Islands,,,cf_mean,Barley_irr_ron_2030y_SOC
South Sudan,,,cf_mean,Barley_irr_ron_2030y_SOC
Spain,Spain,41.32452355225136,cf_mean,Barley_irr_ron_2030y_SOC
Spratly Islands,,,cf_mean,Barley_irr_ron_2030y_SOC
Sri Lanka,,,cf_mean,Barley_irr_ron_2030y_SOC
Sudan,Sudan,13.705148659046685,cf_mean,Barley_irr_ron_2030y_SOC
Suriname,,,cf_mean,Barley_irr_ron_2030y_SOC
Svalbard and Jan Mayen Islands,,,cf_mean,Barley_irr_ron_2030y_SOC
Swaziland,,,cf_mean,Barley_irr_ron_2030y_SOC
Sweden,Sweden,74.84620111129847,cf_mean,Barley_irr_ron_2030y_SOC
Switzerland,Switzerland,78.23225672631385,cf_mean,Barley_irr_ron_2030y_SOC
Syrian Arab Republic,Syrian Arab Republic,15.1557122840778,cf_mean,Barley_irr_ron_2030y_SOC
Taiwan,,,cf_mean,Barley_irr_ron_2030y_SOC
Tajikistan,Tajikistan,38.41175450732662,cf_mean,Barley_irr_ron_2030y_SOC
Thailand,Thailand,27.88629615366477,cf_mean,Barley_irr_ron_2030y_SOC
The former Yugoslav Republic of Macedonia,The former Yugoslav Republic of Macedonia,48.71436765250778,cf_mean,Barley_irr_ron_2030y_SOC
Timor-Leste,,,cf_mean,Barley_irr_ron_2030y_SOC
Togo,,,cf_mean,Barley_irr_ron_2030y_SOC
Tokelau,,,cf_mean,Barley_irr_ron_2030y_SOC
Tonga,,,cf_mean,Barley_irr_ron_2030y_SOC
Trinidad and Tobago,,,cf_mean,Barley_irr_ron_2030y_SOC
Tromelin Island,,,cf_mean,Barley_irr_ron_2030y_SOC
Tunisia,Tunisia,16.65894987202854,cf_mean,Barley_irr_ron_2030y_SOC
Turkey,,,cf_mean,Barley_irr_ron_2030y_SOC
Turkmenistan,Turkmenistan,20.157559493212418,cf_mean,Barley_irr_ron_2030y_SOC
Turks and Caicos islands,,,cf_mean,Barley_irr_ron_2030y_SOC
Tuvalu,,,cf_mean,Barley_irr_ron_2030y_SOC
U.K. of Great Britain and Northern Ireland,,,cf_mean,Barley_irr_ron_2030y_SOC
Uganda,Uganda,32.94168379953464,cf_mean,Barley_irr_ron_2030y_SOC
Ukraine,Ukraine,52.69348660865812,cf_mean,Barley_irr_ron_2030y_SOC
United Arab Emirates,United Arab Emirates,9.869570572426468,cf_mean,Barley_irr_ron_2030y_SOC
United Republic of Tanzania,United Republic of Tanzania,22.54293549355291,cf_mean,Barley_irr_ron_2030y_SOC
United States Virgin Islands,,,cf_mean,Barley_irr_ron_2030y_SOC
United States of America,United States of America,40.26182519873674,cf_mean,Barley_irr_ron_2030y_SOC
Uruguay,Uruguay,45.138795462099935,cf_mean,Barley_irr_ron_2030y_SOC
Uzbekistan,Uzbekistan,23.53453637609229,cf_mean,Barley_irr_ron_2030y_SOC
Vanuatu,,,cf_mean,Barley_irr_ron_2030y_SOC
Venezuela,Venezuela,52.50459872176998,cf_mean,Barley_irr_ron_2030y_SOC
Viet Nam,,,cf_mean,Barley_irr_ron_2030y_SOC
Wake Island,,,cf_mean,Barley_irr_ron_2030y_SOC
Wallis and Futuna,,,cf_mean,Barley_irr_ron_2030y_SOC
West Bank,,,cf_mean,Barley_irr_ron_2030y_SOC
Western Sahara,Western Sahara,10.25947971300607,cf_mean,Barley_irr_ron_2030y_SOC
Yemen,Yemen,12.511475516341278,cf_mean,Barley_irr_ron_2030y_SOC
Zambia,Zambia,26.537033052254692,cf_mean,Barley_irr_ron_2030y_SOC
Zimbabwe,Zimbabwe,22.356704016728045,cf_mean,Barley_irr_ron_2030y_SOC
Abyei,,,cf_median,Barley_irr_ron_2030y_SOC
Afghanistan,Afghanistan,23.558202743530273,cf_median,Barley_irr_ron_2030y_SOC
Aksai Chin,,,cf_median,Barley_irr_ron_2030y_SOC
Albania,Albania,48.18811798095703,cf_median,Barley_irr_ron_2030y_SOC
Algeria,Algeria,9.931312561035156,cf_median,Barley_irr_ron_2030y_SOC
American Samoa,,,cf_median,Barley_irr_ron_2030y_SOC
Andorra,,,cf_median,Barley_irr_ron_2030y_SOC
Angola,Angola,25.521366119384766,cf_median,Barley_irr_ron_2030y_SOC
Anguilla,,,cf_median,Barley_irr_ron_2030y_SOC
Antarctica,,,cf_median,Barley_irr_ron_2030y_SOC
Antigua and Barbuda,,,cf_median,Barley_irr_ron_2030y_SOC
Argentina,Argentina,28.22914695739746,cf_median,Barley_irr_ron_2030y_SOC
Armenia,Armenia,48.40668869018555,cf_median,Barley_irr_ron_2030y_SOC
Aruba,,,cf_median,Barley_irr_ron_2030y_SOC
Arunachal Pradesh,Arunachal Pradesh,61.305294036865256,cf_median,Barley_irr_ron_2030y_SOC
Ashmore and Cartier Islands,,,cf_median,Barley_irr_ron_2030y_SOC
Australia,Australia,18.05645751953125,cf_median,Barley_irr_ron_2030y_SOC
Austria,Austria,65.28602600097656,cf_median,Barley_irr_ron_2030y_SOC
Azerbaijan,Azerbaijan,43.347774505615234,cf_median,Barley_irr_ron_2030y_SOC
Azores Islands,,,cf_median,Barley_irr_ron_2030y_SOC
Bahamas,,,cf_median,Barley_irr_ron_2030y_SOC
Bahrain,,,cf_median,Barley_irr_ron_2030y_SOC
Baker Island,,,cf_median,Barley_irr_ron_2030y_SOC
Bangladesh,Bangladesh,20.43526268005371,cf_median,Barley_irr_ron_2030y_SOC
Barbados,,,cf_median,Barley_irr_ron_2030y_SOC
Bassas da India,,,cf_median,Barley_irr_ron_2030y_SOC
Belarus,Belarus,41.817935943603516,cf_median,Barley_irr_ron_2030y_SOC
Belgium,Belgium,57.318180084228516,cf_median,Barley_irr_ron_2030y_SOC
Belize,,,cf_median,Barley_irr_ron_2030y_SOC
Benin,,,cf_median,Barley_irr_ron_2030y_SOC
Bermuda,,,cf_median,Barley_irr_ron_2030y_SOC
Bhutan,Bhutan,49.04940414428711,cf_median,Barley_irr_ron_2030y_SOC
Bird Island,,,cf_median,Barley_irr_ron_2030y_SOC
Bolivia,Bolivia,52.878238677978516,cf_median,Barley_irr_ron_2030y_SOC
Bosnia and Herzegovina,Bosnia and Herzegovina,62.776222229003906,cf_median,Barley_irr_ron_2030y_SOC
Botswana,,,cf_median,Barley_irr_ron_2030y_SOC
Bouvet Island,,,cf_median,Barley_irr_ron_2030y_SOC
Brazil,Brazil,29.560453414916992,cf_median,Barley_irr_ron_2030y_SOC
British Indian Ocean Territory,,,cf_median,Barley_irr_ron_2030y_SOC
British Virgin Islands,,,cf_median,Barley_irr_ron_2030y_SOC
Brunei Darussalam,,,cf_median,Barley_irr_ron_2030y_SOC
Bulgaria,Bulgaria,42.29011154174805,cf_median,Barley_irr_ron_2030y_SOC
Burkina Faso,,,cf_median,Barley_irr_ron_2030y_SOC
Burundi,Burundi,30.87841796875,cf_median,Barley_irr_ron_2030y_SOC
Cambodia,,,cf_median,Barley_irr_ron_2030y_SOC
Cameroon,,,cf_median,Barley_irr_ron_2030y_SOC
Canada,Canada,58.346282958984375,cf_median,Barley_irr_ron_2030y_SOC
Cape Verde,,,cf_median,Barley_irr_ron_2030y_SOC
Cayman Islands,,,cf_median,Barley_irr_ron_2030y_SOC
Central African Republic,,,cf_median,Barley_irr_ron_2030y_SOC
Chad,Chad,13.586669921875,cf_median,Barley_irr_ron_2030y_SOC
Chile,Chile,59.64369201660156,cf_median,Barley_irr_ron_2030y_SOC
China,China,36.14933395385742,cf_median,Barley_irr_ron_2030y_SOC
China/India,,,cf_median,Barley_irr_ron_2030y_SOC
Christmas Island,,,cf_median,Barley_irr_ron_2030y_SOC
Clipperton Island,,,cf_median,Barley_irr_ron_2030y_SOC
Cocos (Keeling) Islands,,,cf_median,Barley_irr_ron_2030y_SOC
Colombia,Colombia,61.04148864746094,cf_median,Barley_irr_ron_2030y_SOC
Comoros,,,cf_median,Barley_irr_ron_2030y_SOC
Congo,,,cf_median,Barley_irr_ron_2030y_SOC
Cook Islands,,,cf_median,Barley_irr_ron_2030y_SOC
Costa Rica,,,cf_median,Barley_irr_ron_2030y_SOC
Croatia,Croatia,53.50508499145508,cf_median,Barley_irr_ron_2030y_SOC
Cuba,,,cf_median,Barley_irr_ron_2030y_SOC
Cyprus,Cyprus,66.30970001220703,cf_median,Barley_irr_ron_2030y_SOC
Czech Republic,Czech Republic,48.47811889648438,cf_median,Barley_irr_ron_2030y_SOC
Côte d'Ivoire,,,cf_median,Barley_irr_ron_2030y_SOC
Dem People's Rep of Korea,,,cf_median,Barley_irr_ron_2030y_SOC
Democratic Republic of the Congo,Democratic Republic of the Congo,20.929725646972656,cf_median,Barley_irr_ron_2030y_SOC
Denmark,Denmark,54.75776672363281,cf_median,Barley_irr_ron_2030y_SOC
Djibouti,Djibouti,10.786587715148924,cf_median,Barley_irr_ron_2030y_SOC
Dominica,,,cf_median,Barley_irr_ron_2030y_SOC
Dominican Republic,,,cf_median,Barley_irr_ron_2030y_SOC
Ecuador,Ecuador,53.36454391479492,cf_median,Barley_irr_ron_2030y_SOC
Egypt,Egypt,13.626612663269043,cf_median,Barley_irr_ron_2030y_SOC
El Salvador,,,cf_median,Barley_irr_ron_2030y_SOC
Equatorial Guinea,,,cf_median,Barley_irr_ron_2030y_SOC
Eritrea,Eritrea,19.701627731323242,cf_median,Barley_irr_ron_2030y_SOC
Estonia,Estonia,76.13062286376953,cf_median,Barley_irr_ron_2030y_SOC
Ethiopia,Ethiopia,37.46159362792969,cf_median,Barley_irr_ron_2030y_SOC
Europa Island,,,cf_median,Barley_irr_ron_2030y_SOC
Falkland Islands (Malvinas),,,cf_median,Barley_irr_ron_2030y_SOC
Faroe Islands,,,cf_median,Barley_irr_ron_2030y_SOC
Fiji,,,cf_median,Barley_irr_ron_2030y_SOC
Finland,Finland,74.96202850341797,cf_median,Barley_irr_ron_2030y_SOC
France,France,49.82347106933594,cf_median,Barley_irr_ron_2030y_SOC
French Guiana,,,cf_median,Barley_irr_ron_2030y_SOC
French Polynesia,,,cf_median,Barley_irr_ron_2030y_SOC
French Southern and Antarctic Territories,,,cf_median,Barley_irr_ron_2030y_SOC
Gabon,,,cf_median,Barley_irr_ron_2030y_SOC
Gambia,,,cf_median,Barley_irr_ron_2030y_SOC
Gaza Strip,,,cf_median,Barley_irr_ron_2030y_SOC
Georgia,Georgia,59.541351318359375,cf_median,Barley_irr_ron_2030y_SOC
Germany,Germany,54.82969284057617,cf_median,Barley_irr_ron_2030y_SOC
Ghana,,,cf_median,Barley_irr_ron_2030y_SOC
Gibraltar,,,cf_median,Barley_irr_ron_2030y_SOC
Glorioso Island,,,cf_median,Barley_irr_ron_2030y_SOC
Greece,Greece,37.42332077026367,cf_median,Barley_irr_ron_2030y_SOC
Greenland,,,cf_median,Barley_irr_ron_2030y_SOC
Grenada,,,cf_median,Barley_irr_ron_2030y_SOC
Guadeloupe,,,cf_median,Barley_irr_ron_2030y_SOC
Guam,,,cf_median,Barley_irr_ron_2030y_SOC
Guatemala,Guatemala,38.218017578125,cf_median,Barley_irr_ron_2030y_SOC
Guernsey,,,cf_median,Barley_irr_ron_2030y_SOC
Guinea,,,cf_median,Barley_irr_ron_2030y_SOC
Guinea-Bissau,,,cf_median,Barley_irr_ron_2030y_SOC
Guyana,Guyana,43.28440856933594,cf_median,Barley_irr_ron_2030y_SOC
Haiti,,,cf_median,Barley_irr_ron_2030y_SOC
Hala'ib triangle,Hala'ib triangle,13.96397590637207,cf_median,Barley_irr_ron_2030y_SOC
Heard Island and McDonald Islands,,,cf_median,Barley_irr_ron_2030y_SOC
Holy See,,,cf_median,Barley_irr_ron_2030y_SOC
Honduras,,,cf_median,Barley_irr_ron_2030y_SOC
Hong Kong,,,cf_median,Barley_irr_ron_2030y_SOC
Howland Island,,,cf_median,Barley_irr_ron_2030y_SOC
Hungary,Hungary,47.10960388183594,cf_median,Barley_irr_ron_2030y_SOC
Iceland,,,cf_median,Barley_irr_ron_2030y_SOC
Ilemi triangle,,,cf_median,Barley_irr_ron_2030y_SOC
India,India,18.419286727905273,cf_median,Barley_irr_ron_2030y_SOC
Indonesia,,,cf_median,Barley_irr_ron_2030y_SOC
Iran  (Islamic Republic of),Iran  (Islamic Republic of),8.444129943847656,cf_median,Barley_irr_ron_2030y_SOC
Iraq,Iraq,12.503400802612305,cf_median,Barley_irr_ron_2030y_SOC
Ireland,Ireland,86.30068969726562,cf_median,Barley_irr_ron_2030y_SOC
Isle of Man,,,cf_median,Barley_irr_ron_2030y_SOC
Israel,Israel,16.768089294433594,cf_median,Barley_irr_ron_2030y_SOC
Italy,Italy,47.4334831237793,cf_median,Barley_irr_ron_2030y_SOC
Jamaica,,,cf_median,Barley_irr_ron_2030y_SOC
Jammu and Kashmir,Jammu and Kashmir,46.175071716308594,cf_median,Barley_irr_ron_2030y_SOC
Japan,Japan,71.65225219726562,cf_median,Barley_irr_ron_2030y_SOC
Jarvis Island,,,cf_median,Barley_irr_ron_2030y_SOC
Jersey,,,cf_median,Barley_irr_ron_2030y_SOC
Johnston Atoll,,,cf_median,Barley_irr_ron_2030y_SOC
Jordan,Jordan,12.508140563964844,cf_median,Barley_irr_ron_2030y_SOC
Juan de Nova Island,,,cf_median,Barley_irr_ron_2030y_SOC
Kazakhstan,Kazakhstan,36.094642639160156,cf_median,Barley_irr_ron_2030y_SOC
Kenya,Kenya,33.97369384765625,cf_median,Barley_irr_ron_2030y_SOC
Kingman Reef,,,cf_median,Barley_irr_ron_2030y_SOC
Kiribati,,,cf_median,Barley_irr_ron_2030y_SOC
Kuril islands,,,cf_median,Barley_irr_ron_2030y_SOC
Kuwait,Kuwait,14.378192901611328,cf_median,Barley_irr_ron_2030y_SOC
Kyrgyzstan,Kyrgyzstan,44.748931884765625,cf_median,Barley_irr_ron_2030y_SOC
Lao People's Democratic Republic,Lao People's Democratic Republic,26.58453178405762,cf_median,Barley_irr_ron_2030y_SOC
Latvia,Latvia,57.91449737548828,cf_median,Barley_irr_ron_2030y_SOC
Lebanon,Lebanon,32.3720588684082,cf_median,Barley_irr_ron_2030y_SOC
Lesotho,Lesotho,36.97313690185547,cf_median,Barley_irr_ron_2030y_SOC
Liberia,,,cf_median,Barley_irr_ron_2030y_SOC
Libya,Libya,10.326861381530762,cf_median,Barley_irr_ron_2030y_SOC
Liechtenstein,,,cf_median,Barley_irr_ron_2030y_SOC
Lithuania,Lithuania,47.199859619140625,cf_median,Barley_irr_ron_2030y_SOC
Luxembourg,Luxembourg,60.63124465942383,cf_median,Barley_irr_ron_2030y_SOC
Ma'tan al-Sarra,,,cf_median,Barley_irr_ron_2030y_SOC
Macau,,,cf_median,Barley_irr_ron_2030y_SOC
Madagascar,,,cf_median,Barley_irr_ron_2030y_SOC
Madeira Islands,,,cf_median,Barley_irr_ron_2030y_SOC
Malawi,Malawi,31.975797653198242,cf_median,Barley_irr_ron_2030y_SOC
Malaysia,,,cf_median,Barley_irr_ron_2030y_SOC
Maldives,,,cf_median,Barley_irr_ron_2030y_SOC
Mali,Mali,9.480814933776855,cf_median,Barley_irr_ron_2030y_SOC
Malta,Malta,84.05136108398438,cf_median,Barley_irr_ron_2030y_SOC
Marshall Islands,,,cf_median,Barley_irr_ron_2030y_SOC
Martinique,,,cf_median,Barley_irr_ron_2030y_SOC
Mauritania,Mauritania,10.03619384765625,cf_median,Barley_irr_ron_2030y_SOC
Mauritius,,,cf_median,Barley_irr_ron_2030y_SOC
Mayotte,,,cf_median,Barley_irr_ron_2030y_SOC
Mexico,Mexico,26.121816635131836,cf_median,Barley_irr_ron_2030y_SOC
Micronesia (Federated States of),,,cf_median,Barley_irr_ron_2030y_SOC
Midway Island,,,cf_median,Barley_irr_ron_2030y_SOC
"Moldova, Republic of",,,cf_median,Barley_irr_ron_2030y_SOC
Monaco,,,cf_median,Barley_irr_ron_2030y_SOC
Mongolia,Mongolia,31.330608367919922,cf_median,Barley_irr_ron_2030y_SOC
Montenegro,Montenegro,68.45254516601562,cf_median,Barley_irr_ron_2030y_SOC
Montserrat,,,cf_median,Barley_irr_ron_2030y_SOC
Morocco,Morocco,15.697468757629395,cf_median,Barley_irr_ron_2030y_SOC
Mozambique,,,cf_median,Barley_irr_ron_2030y_SOC
Myanmar,Myanmar,43.74408721923828,cf_median,Barley_irr_ron_2030y_SOC
Namibia,Namibia,9.685818672180176,cf_median,Barley_irr_ron_2030y_SOC
Nauru,,,cf_median,Barley_irr_ron_2030y_SOC
Navassa Island,,,cf_median,Barley_irr_ron_2030y_SOC
Nepal,Nepal,30.839046478271484,cf_median,Barley_irr_ron_2030y_SOC
Netherlands,,,cf_median,Barley_irr_ron_2030y_SOC
Netherlands Antilles,,,cf_median,Barley_irr_ron_2030y_SOC
New Caledonia,,,cf_median,Barley_irr_ron_2030y_SOC
New Zealand,New Zealand,84.62528991699219,cf_median,Barley_irr_ron_2030y_SOC
Nicaragua,,,cf_median,Barley_irr_ron_2030y_SOC
Niger,Niger,8.534077644348145,cf_median,Barley_irr_ron_2030y_SOC
Nigeria,,,cf_median,Barley_irr_ron_2030y_SOC
Niue,,,cf_median,Barley_irr_ron_2030y_SOC
Norfolk Island,,,cf_median,Barley_irr_ron_2030y_SOC
Northern Mariana Islands,,,cf_median,Barley_irr_ron_2030y_SOC
Norway,Norway,76.07540893554688,cf_median,Barley_irr_ron_2030y_SOC
Oman,Oman,11.957062721252441,cf_median,Barley_irr_ron_2030y_SOC
Pakistan,Pakistan,10.16295337677002,cf_median,Barley_irr_ron_2030y_SOC
Palau,,,cf_median,Barley_irr_ron_2030y_SOC
Palmyra Atoll,,,cf_median,Barley_irr_ron_2030y_SOC
Panama,,,cf_median,Barley_irr_ron_2030y_SOC
Papua New Guinea,,,cf_median,Barley_irr_ron_2030y_SOC
Paracel Islands,,,cf_median,Barley_irr_ron_2030y_SOC
Paraguay,Paraguay,28.988393783569336,cf_median,Barley_irr_ron_2030y_SOC
Peru,Peru,43.880592346191406,cf_median,Barley_irr_ron_2030y_SOC
Philippines,,,cf_median,Barley_irr_ron_2030y_SOC
Pitcairn,,,cf_median,Barley_irr_ron_2030y_SOC
Poland,Poland,38.8036003112793,cf_median,Barley_irr_ron_2030y_SOC
Portugal,Portugal,35.47380065917969,cf_median,Barley_irr_ron_2030y_SOC
Puerto Rico,,,cf_median,Barley_irr_ron_2030y_SOC
Qatar,Qatar,8.394892692565918,cf_median,Barley_irr_ron_2030y_SOC
Republic of Korea,Republic of Korea,44.46244430541992,cf_median,Barley_irr_ron_2030y_SOC
Romania,Romania,42.855857849121094,cf_median,Barley_irr_ron_2030y_SOC
Russian Federation,Russian Federation,64.4239273071289,cf_median,Barley_irr_ron_2030y_SOC
Rwanda,Rwanda,38.24700164794922,cf_median,Barley_irr_ron_2030y_SOC
Réunion,,,cf_median,Barley_irr_ron_2030y_SOC
Saint Helena,,,cf_median,Barley_irr_ron_2030y_SOC
Saint Kitts and Nevis,,,cf_median,Barley_irr_ron_2030y_SOC
Saint Lucia,,,cf_median,Barley_irr_ron_2030y_SOC
Saint Pierre et Miquelon,,,cf_median,Barley_irr_ron_2030y_SOC
Saint Vincent and the Grenadines,,,cf_median,Barley_irr_ron_2030y_SOC
Samoa,,,cf_median,Barley_irr_ron_2030y_SOC
San Marino,,,cf_median,Barley_irr_ron_2030y_SOC
Sao Tome and Principe,,,cf_median,Barley_irr_ron_2030y_SOC
Saudi Arabia,Saudi Arabia,14.467976570129395,cf_median,Barley_irr_ron_2030y_SOC
Scarborough Reef,,,cf_median,Barley_irr_ron_2030y_SOC
Senegal,,,cf_median,Barley_irr_ron_2030y_SOC
Senkaku Islands,,,cf_median,Barley_irr_ron_2030y_SOC
Serbia,Serbia,47.49656677246094,cf_median,Barley_irr_ron_2030y_SOC
Seychelles,,,cf_median,Barley_irr_ron_2030y_SOC
Sierra Leone,,,cf_median,Barley_irr_ron_2030y_SOC
Singapore,,,cf_median,Barley_irr_ron_2030y_SOC
Slovakia,Slovakia,51.319297790527344,cf_median,Barley_irr_ron_2030y_SOC
Slovenia,Slovenia,72.67398071289062,cf_median,Barley_irr_ron_2030y_SOC
Solomon Islands,,,cf_median,Barley_irr_ron_2030y_SOC
Somalia,,,cf_median,Barley_irr_ron_2030y_SOC
South Africa,South Africa,20.294971466064453,cf_median,Barley_irr_ron_2030y_SOC
South Georgia and the South Sandwich Islands,,,cf_median,Barley_irr_ron_2030y_SOC
South Sudan,,,cf_median,Barley_irr_ron_2030y_SOC
Spain,Spain,34.23634338378906,cf_median,Barley_irr_ron_2030y_SOC
Spratly Islands,,,cf_median,Barley_irr_ron_2030y_SOC
Sri Lanka,,,cf_median,Barley_irr_ron_2030y_SOC
Sudan,Sudan,13.300771713256838,cf_median,Barley_irr_ron_2030y_SOC
Suriname,,,cf_median,Barley_irr_ron_2030y_SOC
Svalbard and Jan Mayen Islands,,,cf_median,Barley_irr_ron_2030y_SOC
Swaziland,,,cf_median,Barley_irr_ron_2030y_SOC
Sweden,Sweden,74.78778076171875,cf_median,Barley_irr_ron_2030y_SOC
Switzerland,Switzerland,78.9396743774414,cf_median,Barley_irr_ron_2030y_SOC
Syrian Arab Republic,Syrian Arab Republic,13.32973861694336,cf_median,Barley_irr_ron_2030y_SOC
Taiwan,,,cf_median,Barley_irr_ron_2030y_SOC
Tajikistan,Tajikistan,40.81511306762695,cf_median,Barley_irr_ron_2030y_SOC
Thailand,Thailand,28.500947952270508,cf_median,Barley_irr_ron_2030y_SOC
The former Yugoslav Republic of Macedonia,The former Yugoslav Republic of Macedonia,48.816158294677734,cf_median,Barley_irr_ron_2030y_SOC
Timor-Leste,,,cf_median,Barley_irr_ron_2030y_SOC
Togo,,,cf_median,Barley_irr_ron_2030y_SOC
Tokelau,,,cf_median,Barley_irr_ron_2030y_SOC
Tonga,,,cf_median,Barley_irr_ron_2030y_SOC
Trinidad and Tobago,,,cf_median,Barley_irr_ron_2030y_SOC
Tromelin Island,,,cf_median,Barley_irr_ron_2030y_SOC
Tunisia,Tunisia,11.779948234558105,cf_median,Barley_irr_ron_2030y_SOC
Turkey,,,cf_median,Barley_irr_ron_2030y_SOC
Turkmenistan,Turkmenistan,19.17863655090332,cf_median,Barley_irr_ron_2030y_SOC
Turks and Caicos islands,,,cf_median,Barley_irr_ron_2030y_SOC
Tuvalu,,,cf_median,Barley_irr_ron_2030y_SOC
U.K. of Great Britain and Northern Ireland,,,cf_median,Barley_irr_ron_2030y_SOC
Uganda,Uganda,35.45979309082031,cf_median,Barley_irr_ron_2030y_SOC
Ukraine,Ukraine,51.32084655761719,cf_median,Barley_irr_ron_2030y_SOC
United Arab Emirates,United Arab Emirates,9.44080924987793,cf_median,Barley_irr_ron_2030y_SOC
United Republic of Tanzania,United Republic of Tanzania,20.243026733398438,cf_median,Barley_irr_ron_2030y_SOC
United States Virgin Islands,,,cf_median,Barley_irr_ron_2030y_SOC
United States of America,United States of America,37.66704559326172,cf_median,Barley_irr_ron_2030y_SOC
Uruguay,Uruguay,43.27671813964844,cf_median,Barley_irr_ron_2030y_SOC
Uzbekistan,Uzbekistan,21.151762008666992,cf_median,Barley_irr_ron_2030y_SOC
Vanuatu,,,cf_median,Barley_irr_ron_2030y_SOC
Venezuela,Venezuela,61.25382995605469,cf_median,Barley_irr_ron_2030y_SOC
Viet Nam,,,cf_median,Barley_irr_ron_2030y_SOC
Wake Island,,,cf_median,Barley_irr_ron_2030y_SOC
Wallis and Futuna,,,cf_median,Barley_irr_ron_2030y_SOC
West Bank,,,cf_median,Barley_irr_ron_2030y_SOC
Western Sahara,Western Sahara,9.454808235168457,cf_median,Barley_irr_ron_2030y_SOC
Yemen,Yemen,11.483903884887695,cf_median,Barley_irr_ron_2030y_SOC
Zambia,Zambia,26.62310028076172,cf_median,Barley_irr_ron_2030y_SOC
Zimbabwe,Zimbabwe,22.534130096435547,cf_median,Barley_irr_ron_2030y_SOC
Abyei,,,cf_std,Barley_irr_ron_2030y_SOC
Afghanistan,Afghanistan,10.964253279702227,cf_std,Barley_irr_ron_2030y_SOC
Aksai Chin,,,cf_std,Barley_irr_ron_2030y_SOC
Albania,Albania,9.469339220434417,cf_std,Barley_irr_ron_2030y_SOC
Algeria,Algeria,6.469440590080756,cf_std,Barley_irr_ron_2030y_SOC
American Samoa,,,cf_std,Barley_irr_ron_2030y_SOC
Andorra,,,cf_std,Barley_irr_ron_2030y_SOC
Angola,Angola,2.9943319370358927,cf_std,Barley_irr_ron_2030y_SOC
Anguilla,,,cf_std,Barley_irr_ron_2030y_SOC
Antarctica,,,cf_std,Barley_irr_ron_2030y_SOC
Antigua and Barbuda,,,cf_std,Barley_irr_ron_2030y_SOC
Argentina,Argentina,11.107522930464429,cf_std,Barley_irr_ron_2030y_SOC
Armenia,Armenia,6.773902870928476,cf_std,Barley_irr_ron_2030y_SOC
Aruba,,,cf_std,Barley_irr_ron_2030y_SOC
Arunachal Pradesh,Arunachal Pradesh,0.892578616891956,cf_std,Barley_irr_ron_2030y_SOC
Ashmore and Cartier Islands,,,cf_std,Barley_irr_ron_2030y_SOC
Australia,Australia,15.601005731491787,cf_std,Barley_irr_ron_2030y_SOC
Austria,Austria,12.405762537592352,cf_std,Barley_irr_ron_2030y_SOC
Azerbaijan,Azerbaijan,11.15598899184051,cf_std,Barley_irr_ron_2030y_SOC
Azores Islands,,,cf_std,Barley_irr_ron_2030y_SOC
Bahamas,,,cf_std,Barley_irr_ron_2030y_SOC
Bahrain,,,cf_std,Barley_irr_ron_2030y_SOC
Baker Island,,,cf_std,Barley_irr_ron_2030y_SOC
Bangladesh,Bangladesh,3.3652960406268,cf_std,Barley_irr_ron_2030y_SOC
Barbados,,,cf_std,Barley_irr_ron_2030y_SOC
Bassas da India,,,cf_std,Barley_irr_ron_2030y_SOC
Belarus,Belarus,4.519411729547856,cf_std,Barley_irr_ron_2030y_SOC
Belgium,Belgium,15.179242438265282,cf_std,Barley_irr_ron_2030y_SOC
Belize,,,cf_std,Barley_irr_ron_2030y_SOC
Benin,,,cf_std,Barley_irr_ron_2030y_SOC
Bermuda,,,cf_std,Barley_irr_ron_2030y_SOC
Bhutan,Bhutan,8.778543066034972,cf_std,Barley_irr_ron_2030y_SOC
Bird Island,,,cf_std,Barley_irr_ron_2030y_SOC
Bolivia,Bolivia,8.738697905913172,cf_std,Barley_irr_ron_2030y_SOC
Bosnia and Herzegovina,Bosnia and Herzegovina,10.111740876559173,cf_std,Barley_irr_ron_2030y_SOC
Botswana,,,cf_std,Barley_irr_ron_2030y_SOC
Bouvet Island,,,cf_std,Barley_irr_ron_2030y_SOC
Brazil,Brazil,11.468818221240234,cf_std,Barley_irr_ron_2030y_SOC
British Indian Ocean Territory,,,cf_std,Barley_irr_ron_2030y_SOC
British Virgin Islands,,,cf_std,Barley_irr_ron_2030y_SOC
Brunei Darussalam,,,cf_std,Barley_irr_ron_2030y_SOC
Bulgaria,Bulgaria,7.101145949282082,cf_std,Barley_irr_ron_2030y_SOC
Burkina Faso,,,cf_std,Barley_irr_ron_2030y_SOC
Burundi,Burundi,1.689907451118137,cf_std,Barley_irr_ron_2030y_SOC
Cambodia,,,cf_std,Barley_irr_ron_2030y_SOC
Cameroon,,,cf_std,Barley_irr_ron_2030y_SOC
Canada,Canada,11.259839334163123,cf_std,Barley_irr_ron_2030y_SOC
Cape Verde,,,cf_std,Barley_irr_ron_2030y_SOC
Cayman Islands,,,cf_std,Barley_irr_ron_2030y_SOC
Central African Republic,,,cf_std,Barley_irr_ron_2030y_SOC
Chad,Chad,0.5517902106777294,cf_std,Barley_irr_ron_2030y_SOC
Chile,Chile,32.143475175620885,cf_std,Barley_irr_ron_2030y_SOC
China,China,14.213243400313463,cf_std,Barley_irr_ron_2030y_SOC
China/India,,,cf_std,Barley_irr_ron_2030y_SOC
Christmas Island,,,cf_std,Barley_irr_ron_2030y_SOC
Clipperton Island,,,cf_std,Barley_irr_ron_2030y_SOC
Cocos (Keeling) Islands,,,cf_std,Barley_irr_ron_2030y_SOC
Colombia,Colombia,11.89558742496024,cf_std,Barley_irr_ron_2030y_SOC
Comoros,,,cf_std,Barley_irr_ron_2030y_SOC
Congo,,,cf_std,Barley_irr_ron_2030y_SOC
Cook Islands,,,cf_std,Barley_irr_ron_2030y_SOC
Costa Rica,,,cf_std,Barley_irr_ron_2030y_SOC
Croatia,Croatia,14.476670865168535,cf_std,Barley_irr_ron_2030y_SOC
Cuba,,,cf_std,Barley_irr_ron_2030y_SOC
Cyprus,Cyprus,4.30166508476209,cf_std,Barley_irr_ron_2030y_SOC
Czech Republic,Czech Republic,0.0,cf_std,Barley_irr_ron_2030y_SOC
Côte d'Ivoire,,,cf_std,Barley_irr_ron_2030y_SOC
Dem People's Rep of Korea,,,cf_std,Barley_irr_ron_2030y_SOC
Democratic Republic of the Congo,Democratic Republic of the Congo,13.561741245722603,cf_std,Barley_irr_ron_2030y_SOC
Denmark,Denmark,26.11274337960015,cf_std,Barley_irr_ron_2030y_SOC
Djibouti,Djibouti,1.7763568394002505e-15,cf_std,Barley_irr_ron_2030y_SOC
Dominica,,,cf_std,Barley_irr_ron_2030y_SOC
Dominican Republic,,,cf_std,Barley_irr_ron_2030y_SOC
Ecuador,Ecuador,9.55839277685848,cf_std,Barley_irr_ron_2030y_SOC
Egypt,Egypt,9.288256939769457,cf_std,Barley_irr_ron_2030y_SOC
El Salvador,,,cf_std,Barley_irr_ron_2030y_SOC
Equatorial Guinea,,,cf_std,Barley_irr_ron_2030y_SOC
Eritrea,Eritrea,4.190464269308368,cf_std,Barley_irr_ron_2030y_SOC
Estonia,Estonia,18.788473749805775,cf_std,Barley_irr_ron_2030y_SOC
Ethiopia,Ethiopia,9.819468785799186,cf_std,Barley_irr_ron_2030y_SOC
Europa Island,,,cf_std,Barley_irr_ron_2030y_SOC
Falkland Islands (Malvinas),,,cf_std,Barley_irr_ron_2030y_SOC
Faroe Islands,,,cf_std,Barley_irr_ron_2030y_SOC
Fiji,,,cf_std,Barley_irr_ron_2030y_SOC
Finland,Finland,10.424066552126384,cf_std,Barley_irr_ron_2030y_SOC
France,France,15.032443389732993,cf_std,Barley_irr_ron_2030y_SOC
French Guiana,,,cf_std,Barley_irr_ron_2030y_SOC
French Polynesia,,,cf_std,Barley_irr_ron_2030y_SOC
French Southern and Antarctic Territories,,,cf_std,Barley_irr_ron_2030y_SOC
Gabon,,,cf_std,Barley_irr_ron_2030y_SOC
Gambia,,,cf_std,Barley_irr_ron_2030y_SOC
Gaza Strip,,,cf_std,Barley_irr_ron_2030y_SOC
Georgia,Georgia,10.905255756689872,cf_std,Barley_irr_ron_2030y_SOC
Germany,Germany,12.979007215227318,cf_std,Barley_irr_ron_2030y_SOC
Ghana,,,cf_std,Barley_irr_ron_2030y_SOC
Gibraltar,,,cf_std,Barley_irr_ron_2030y_SOC
Glorioso Island,,,cf_std,Barley_irr_ron_2030y_SOC
Greece,Greece,13.867123948510379,cf_std,Barley_irr_ron_2030y_SOC
Greenland,,,cf_std,Barley_irr_ron_2030y_SOC
Grenada,,,cf_std,Barley_irr_ron_2030y_SOC
Guadeloupe,,,cf_std,Barley_irr_ron_2030y_SOC
Guam,,,cf_std,Barley_irr_ron_2030y_SOC
Guatemala,Guatemala,5.076014805953395,cf_std,Barley_irr_ron_2030y_SOC
Guernsey,,,cf_std,Barley_irr_ron_2030y_SOC
Guinea,,,cf_std,Barley_irr_ron_2030y_SOC
Guinea-Bissau,,,cf_std,Barley_irr_ron_2030y_SOC
Guyana,Guyana,0.0,cf_std,Barley_irr_ron_2030y_SOC
Haiti,,,cf_std,Barley_irr_ron_2030y_SOC
Hala'ib triangle,Hala'ib triangle,0.7382070459440866,cf_std,Barley_irr_ron_2030y_SOC
Heard Island and McDonald Islands,,,cf_std,Barley_irr_ron_2030y_SOC
Holy See,,,cf_std,Barley_irr_ron_2030y_SOC
Honduras,,,cf_std,Barley_irr_ron_2030y_SOC
Hong Kong,,,cf_std,Barley_irr_ron_2030y_SOC
Howland Island,,,cf_std,Barley_irr_ron_2030y_SOC
Hungary,Hungary,5.733219547593549,cf_std,Barley_irr_ron_2030y_SOC
Iceland,,,cf_std,Barley_irr_ron_2030y_SOC
Ilemi triangle,,,cf_std,Barley_irr_ron_2030y_SOC
India,India,8.369527530438397,cf_std,Barley_irr_ron_2030y_SOC
Indonesia,,,cf_std,Barley_irr_ron_2030y_SOC
Iran  (Islamic Republic of),Iran  (Islamic Republic of),1.7781605982726751,cf_std,Barley_irr_ron_2030y_SOC
Iraq,Iraq,5.839839064396887,cf_std,Barley_irr_ron_2030y_SOC
Ireland,Ireland,12.741374256101393,cf_std,Barley_irr_ron_2030y_SOC
Isle of Man,,,cf_std,Barley_irr_ron_2030y_SOC
Israel,Israel,11.519012980768895,cf_std,Barley_irr_ron_2030y_SOC
Italy,Italy,17.334161786902794,cf_std,Barley_irr_ron_2030y_SOC
Jamaica,,,cf_std,Barley_irr_ron_2030y_SOC
Jammu and Kashmir,Jammu and Kashmir,0.0,cf_std,Barley_irr_ron_2030y_SOC
Japan,Japan,19.872145384473328,cf_std,Barley_irr_ron_2030y_SOC
Jarvis Island,,,cf_std,Barley_irr_ron_2030y_SOC
Jersey,,,cf_std,Barley_irr_ron_2030y_SOC
Johnston Atoll,,,cf_std,Barley_irr_ron_2030y_SOC
Jordan,Jordan,3.746896890327169,cf_std,Barley_irr_ron_2030y_SOC
Juan de Nova Island,,,cf_std,Barley_irr_ron_2030y_SOC
Kazakhstan,Kazakhstan,10.898224928838687,cf_std,Barley_irr_ron_2030y_SOC
Kenya,Kenya,10.724604493918164,cf_std,Barley_irr_ron_2030y_SOC
Kingman Reef,,,cf_std,Barley_irr_ron_2030y_SOC
Kiribati,,,cf_std,Barley_irr_ron_2030y_SOC
Kuril islands,,,cf_std,Barley_irr_ron_2030y_SOC
Kuwait,Kuwait,21.948068702692225,cf_std,Barley_irr_ron_2030y_SOC
Kyrgyzstan,Kyrgyzstan,8.132699533143228,cf_std,Barley_irr_ron_2030y_SOC
Lao People's Democratic Republic,Lao People's Democratic Republic,0.0,cf_std,Barley_irr_ron_2030y_SOC
Latvia,Latvia,11.456506900522859,cf_std,Barley_irr_ron_2030y_SOC
Lebanon,Lebanon,15.014557031461568,cf_std,Barley_irr_ron_2030y_SOC
Lesotho,Lesotho,8.723925678959391,cf_std,Barley_irr_ron_2030y_SOC
Liberia,,,cf_std,Barley_irr_ron_2030y_SOC
Libya,Libya,3.8312798147325986,cf_std,Barley_irr_ron_2030y_SOC
Liechtenstein,,,cf_std,Barley_irr_ron_2030y_SOC
Lithuania,Lithuania,5.104279177377444,cf_std,Barley_irr_ron_2030y_SOC
Luxembourg,Luxembourg,4.721233663106279,cf_std,Barley_irr_ron_2030y_SOC
Ma'tan al-Sarra,,,cf_std,Barley_irr_ron_2030y_SOC
Macau,,,cf_std,Barley_irr_ron_2030y_SOC
Madagascar,,,cf_std,Barley_irr_ron_2030y_SOC
Madeira Islands,,,cf_std,Barley_irr_ron_2030y_SOC
Malawi,Malawi,5.264730203903631,cf_std,Barley_irr_ron_2030y_SOC
Malaysia,,,cf_std,Barley_irr_ron_2030y_SOC
Maldives,,,cf_std,Barley_irr_ron_2030y_SOC
Mali,Mali,0.9734758288220509,cf_std,Barley_irr_ron_2030y_SOC
Malta,Malta,2.045326164687651,cf_std,Barley_irr_ron_2030y_SOC
Marshall Islands,,,cf_std,Barley_irr_ron_2030y_SOC
Martinique,,,cf_std,Barley_irr_ron_2030y_SOC
Mauritania,Mauritania,1.1723066264136464,cf_std,Barley_irr_ron_2030y_SOC
Mauritius,,,cf_std,Barley_irr_ron_2030y_SOC
Mayotte,,,cf_std,Barley_irr_ron_2030y_SOC
Mexico,Mexico,10.480831954648522,cf_std,Barley_irr_ron_2030y_SOC
Micronesia (Federated States of),,,cf_std,Barley_irr_ron_2030y_SOC
Midway Island,,,cf_std,Barley_irr_ron_2030y_SOC
"Moldova, Republic of",,,cf_std,Barley_irr_ron_2030y_SOC
Monaco,,,cf_std,Barley_irr_ron_2030y_SOC
Mongolia,Mongolia,14.873411526513825,cf_std,Barley_irr_ron_2030y_SOC
Montenegro,Montenegro,5.457077380704917,cf_std,Barley_irr_ron_2030y_SOC
Montserrat,,,cf_std,Barley_irr_ron_2030y_SOC
Morocco,Morocco,9.355198206529517,cf_std,Barley_irr_ron_2030y_SOC
Mozambique,,,cf_std,Barley_irr_ron_2030y_SOC
Myanmar,Myanmar,14.872175065193,cf_std,Barley_irr_ron_2030y_SOC
Namibia,Namibia,2.727042162066316,cf_std,Barley_irr_ron_2030y_SOC
Nauru,,,cf_std,Barley_irr_ron_2030y_SOC
Navassa Island,,,cf_std,Barley_irr_ron_2030y_SOC
Nepal,Nepal,11.78431841999927,cf_std,Barley_irr_ron_2030y_SOC
Netherlands,,,cf_std,Barley_irr_ron_2030y_SOC
Netherlands Antilles,,,cf_std,Barley_irr_ron_2030y_SOC
New Caledonia,,,cf_std,Barley_irr_ron_2030y_SOC
New Zealand,New Zealand,16.848091859164356,cf_std,Barley_irr_ron_2030y_SOC
Nicaragua,,,cf_std,Barley_irr_ron_2030y_SOC
Niger,Niger,1.0663488406640993,cf_std,Barley_irr_ron_2030y_SOC
Nigeria,,,cf_std,Barley_irr_ron_2030y_SOC
Niue,,,cf_std,Barley_irr_ron_2030y_SOC
Norfolk Island,,,cf_std,Barley_irr_ron_2030y_SOC
Northern Mariana Islands,,,cf_std,Barley_irr_ron_2030y_SOC
Norway,Norway,10.692300131512154,cf_std,Barley_irr_ron_2030y_SOC
Oman,Oman,12.572632096060593,cf_std,Barley_irr_ron_2030y_SOC
Pakistan,Pakistan,7.757326565528468,cf_std,Barley_irr_ron_2030y_SOC
Palau,,,cf_std,Barley_irr_ron_2030y_SOC
Palmyra Atoll,,,cf_std,Barley_irr_ron_2030y_SOC
Panama,,,cf_std,Barley_irr_ron_2030y_SOC
Papua New Guinea,,,cf_std,Barley_irr_ron_2030y_SOC
Paracel Islands,,,cf_std,Barley_irr_ron_2030y_SOC
Paraguay,Paraguay,4.694836419653574,cf_std,Barley_irr_ron_2030y_SOC
Peru,Peru,14.425272505897391,cf_std,Barley_irr_ron_2030y_SOC
Philippines,,,cf_std,Barley_irr_ron_2030y_SOC
Pitcairn,,,cf_std,Barley_irr_ron_2030y_SOC
Poland,Poland,9.34959563834792,cf_std,Barley_irr_ron_2030y_SOC
Portugal,Portugal,10.768412751194807,cf_std,Barley_irr_ron_2030y_SOC
Puerto Rico,,,cf_std,Barley_irr_ron_2030y_SOC
Qatar,Qatar,4.3316856232362335,cf_std,Barley_irr_ron_2030y_SOC
Republic of Korea,Republic of Korea,16.470941494865126,cf_std,Barley_irr_ron_2030y_SOC
Romania,Romania,8.212517331545795,cf_std,Barley_irr_ron_2030y_SOC
Russian Federation,Russian Federation,10.129582206412334,cf_std,Barley_irr_ron_2030y_SOC
Rwanda,Rwanda,0.0,cf_std,Barley_irr_ron_2030y_SOC
Réunion,,,cf_std,Barley_irr_ron_2030y_SOC
Saint Helena,,,cf_std,Barley_irr_ron_2030y_SOC
Saint Kitts and Nevis,,,cf_std,Barley_irr_ron_2030y_SOC
Saint Lucia,,,cf_std,Barley_irr_ron_2030y_SOC
Saint Pierre et Miquelon,,,cf_std,Barley_irr_ron_2030y_SOC
Saint Vincent and the Grenadines,,,cf_std,Barley_irr_ron_2030y_SOC
Samoa,,,cf_std,Barley_irr_ron_2030y_SOC
San Marino,,,cf_std,Barley_irr_ron_2030y_SOC
Sao Tome and Principe,,,cf_std,Barley_irr_ron_2030y_SOC
Saudi Arabia,Saudi Arabia,6.105892395185008,cf_std,Barley_irr_ron_2030y_SOC
Scarborough Reef,,,cf_std,Barley_irr_ron_2030y_SOC
Senegal,,,cf_std,Barley_irr_ron_2030y_SOC
Senkaku Islands,,,cf_std,Barley_irr_ron_2030y_SOC
Serbia,Serbia,8.316528654922797,cf_std,Barley_irr_ron_2030y_SOC
Seychelles,,,cf_std,Barley_irr_ron_2030y_SOC
Sierra Leone,,,cf_std,Barley_irr_ron_2030y_SOC
Singapore,,,cf_std,Barley_irr_ron_2030y_SOC
Slovakia,Slovakia,5.826961740056687,cf_std,Barley_irr_ron_2030y_SOC
Slovenia,Slovenia,13.099824615293159,cf_std,Barley_irr_ron_2030y_SOC
Solomon Islands,,,cf_std,Barley_irr_ron_2030y_SOC
Somalia,,,cf_std,Barley_irr_ron_2030y_SOC
South Africa,South Africa,10.345969841596727,cf_std,Barley_irr_ron_2030y_SOC
South Georgia and the South Sandwich Islands,,,cf_std,Barley_irr_ron_2030y_SOC
South Sudan,,,cf_std,Barley_irr_ron_2030y_SOC
Spain,Spain,18.599983011541305,cf_std,Barley_irr_ron_2030y_SOC
Spratly Islands,,,cf_std,Barley_irr_ron_2030y_SOC
Sri Lanka,,,cf_std,Barley_irr_ron_2030y_SOC
Sudan,Sudan,0.4490812139192745,cf_std,Barley_irr_ron_2030y_SOC
Suriname,,,cf_std,Barley_irr_ron_2030y_SOC
Svalbard and Jan Mayen Islands,,,cf_std,Barley_irr_ron_2030y_SOC
Swaziland,,,cf_std,Barley_irr_ron_2030y_SOC
Sweden,Sweden,12.746332818372757,cf_std,Barley_irr_ron_2030y_SOC
Switzerland,Switzerland,8.573041560853401,cf_std,Barley_irr_ron_2030y_SOC
Syrian Arab Republic,Syrian Arab Republic,6.705840398884337,cf_std,Barley_irr_ron_2030y_SOC
Taiwan,,,cf_std,Barley_irr_ron_2030y_SOC
Tajikistan,Tajikistan,10.201975877337041,cf_std,Barley_irr_ron_2030y_SOC
Thailand,Thailand,3.5537787634851834,cf_std,Barley_irr_ron_2030y_SOC
The former Yugoslav Republic of Macedonia,The former Yugoslav Republic of Macedonia,12.659536932742986,cf_std,Barley_irr_ron_2030y_SOC
Timor-Leste,,,cf_std,Barley_irr_ron_2030y_SOC
Togo,,,cf_std,Barley_irr_ron_2030y_SOC
Tokelau,,,cf_std,Barley_irr_ron_2030y_SOC
Tonga,,,cf_std,Barley_irr_ron_2030y_SOC
Trinidad and Tobago,,,cf_std,Barley_irr_ron_2030y_SOC
Tromelin Island,,,cf_std,Barley_irr_ron_2030y_SOC
Tunisia,Tunisia,9.989591833344154,cf_std,Barley_irr_ron_2030y_SOC
Turkey,,,cf_std,Barley_irr_ron_2030y_SOC
Turkmenistan,Turkmenistan,5.477432601868554,cf_std,Barley_irr_ron_2030y_SOC
Turks and Caicos islands,,,cf_std,Barley_irr_ron_2030y_SOC
Tuvalu,,,cf_std,Barley_irr_ron_2030y_SOC
U.K. of Great Britain and Northern Ireland,,,cf_std,Barley_irr_ron_2030y_SOC
Uganda,Uganda,4.767946620934244,cf_std,Barley_irr_ron_2030y_SOC
Ukraine,Ukraine,6.744548400576443,cf_std,Barley_irr_ron_2030y_SOC
United Arab Emirates,United Arab Emirates,0.6763135602224911,cf_std,Barley_irr_ron_2030y_SOC
United Republic of Tanzania,United Republic of Tanzania,8.179455944132565,cf_std,Barley_irr_ron_2030y_SOC
United States Virgin Islands,,,cf_std,Barley_irr_ron_2030y_SOC
United States of America,United States of America,16.31999522828779,cf_std,Barley_irr_ron_2030y_SOC
Uruguay,Uruguay,11.550727620593086,cf_std,Barley_irr_ron_2030y_SOC
Uzbekistan,Uzbekistan,7.536428725284303,cf_std,Barley_irr_ron_2030y_SOC
Vanuatu,,,cf_std,Barley_irr_ron_2030y_SOC
Venezuela,Venezuela,12.853883605410587,cf_std,Barley_irr_ron_2030y_SOC
Viet Nam,,,cf_std,Barley_irr_ron_2030y_SOC
Wake Island,,,cf_std,Barley_irr_ron_2030y_SOC
Wallis and Futuna,,,cf_std,Barley_irr_ron_2030y_SOC
West Bank,,,cf_std,Barley_irr_ron_2030y_SOC
Western Sahara,Western Sahara,2.071503716142033,cf_std,Barley_irr_ron_2030y_SOC
Yemen,Yemen,3.873370203149044,cf_std,Barley_irr_ron_2030y_SOC
Zambia,Zambia,2.8801813350051964,cf_std,Barley_irr_ron_2030y_SOC
Zimbabwe,Zimbabwe,2.7407535885348975,cf_std,Barley_irr_ron_2030y_SOC
Abyei,,,cf_mean,Barley_rf_roff_2030y_SOC
Afghanistan,Afghanistan,24.051500586404696,cf_mean,Barley_rf_roff_2030y_SOC
Aksai Chin,,,cf_mean,Barley_rf_roff_2030y_SOC
Albania,Albania,44.25258060034387,cf_mean,Barley_rf_roff_2030y_SOC
Algeria,Algeria,22.18201073364723,cf_mean,Barley_rf_roff_2030y_SOC
American Samoa,,,cf_mean,Barley_rf_roff_2030y_SOC
Andorra,Andorra,47.96649823643132,cf_mean,Barley_rf_roff_2030y_SOC
Angola,Angola,18.88778609522544,cf_mean,Barley_rf_roff_2030y_SOC
Anguilla,,,cf_mean,Barley_rf_roff_2030y_SOC
Antarctica,,,cf_mean,Barley_rf_roff_2030y_SOC
Antigua and Barbuda,,,cf_mean,Barley_rf_roff_2030y_SOC
Argentina,Argentina,27.076537952572995,cf_mean,Barley_rf_roff_2030y_SOC
Armenia,Armenia,42.728587701454025,cf_mean,Barley_rf_roff_2030y_SOC
Aruba,,,cf_mean,Barley_rf_roff_2030y_SOC
Arunachal Pradesh,Arunachal Pradesh,41.32939301336391,cf_mean,Barley_rf_roff_2030y_SOC
Ashmore and Cartier Islands,,,cf_mean,Barley_rf_roff_2030y_SOC
Australia,Australia,25.504875015205542,cf_mean,Barley_rf_roff_2030y_SOC
Austria,Austria,53.61000387871586,cf_mean,Barley_rf_roff_2030y_SOC
Azerbaijan,Azerbaijan,38.766945863700776,cf_mean,Barley_rf_roff_2030y_SOC
Azores Islands,Azores Islands,76.35275392006686,cf_mean,Barley_rf_roff_2030y_SOC
Bahamas,,,cf_mean,Barley_rf_roff_2030y_SOC
Bahrain,,,cf_mean,Barley_rf_roff_2030y_SOC
Baker Island,,,cf_mean,Barley_rf_roff_2030y_SOC
Bangladesh,Bangladesh,20.22518664641916,cf_mean,Barley_rf_roff_2030y_SOC
Barbados,,,cf_mean,Barley_rf_roff_2030y_SOC
Bassas da India,,,cf_mean,Barley_rf_roff_2030y_SOC
Belarus,Belarus,35.87795403696189,cf_mean,Barley_rf_roff_2030y_SOC
Belgium,Belgium,42.95424475207148,cf_mean,Barley_rf_roff_2030y_SOC
Belize,Belize,42.68140235314002,cf_mean,Barley_rf_roff_2030y_SOC
Benin,,,cf_mean,Barley_rf_roff_2030y_SOC
Bermuda,,,cf_mean,Barley_rf_roff_2030y_SOC
Bhutan,Bhutan,46.048781356351185,cf_mean,Barley_rf_roff_2030y_SOC
Bird Island,,,cf_mean,Barley_rf_roff_2030y_SOC
Bolivia,Bolivia,35.818400723531674,cf_mean,Barley_rf_roff_2030y_SOC
Bosnia and Herzegovina,Bosnia and Herzegovina,52.7215898906844,cf_mean,Barley_rf_roff_2030y_SOC
Botswana,Botswana,15.289418124163872,cf_mean,Barley_rf_roff_2030y_SOC
Bouvet Island,,,cf_mean,Barley_rf_roff_2030y_SOC
Brazil,Brazil,29.443427408612433,cf_mean,Barley_rf_roff_2030y_SOC
British Indian Ocean Territory,,,cf_mean,Barley_rf_roff_2030y_SOC
British Virgin Islands,,,cf_mean,Barley_rf_roff_2030y_SOC
Brunei Darussalam,,,cf_mean,Barley_rf_roff_2030y_SOC
Bulgaria,Bulgaria,33.05422728953667,cf_mean,Barley_rf_roff_2030y_SOC
Burkina Faso,,,cf_mean,Barley_rf_roff_2030y_SOC
Burundi,Burundi,36.18123919352125,cf_mean,Barley_rf_roff_2030y_SOC
Cambodia,Cambodia,28.25936939118744,cf_mean,Barley_rf_roff_2030y_SOC
Cameroon,Cameroon,32.770265280389395,cf_mean,Barley_rf_roff_2030y_SOC
Canada,Canada,50.71199118391566,cf_mean,Barley_rf_roff_2030y_SOC
Cape Verde,Cape Verde,43.71755103951982,cf_mean,Barley_rf_roff_2030y_SOC
Cayman Islands,,,cf_mean,Barley_rf_roff_2030y_SOC
Central African Republic,Central African Republic,18.759864443824405,cf_mean,Barley_rf_roff_2030y_SOC
Chad,Chad,10.694159897375979,cf_mean,Barley_rf_roff_2030y_SOC
Chile,Chile,65.72851942061455,cf_mean,Barley_rf_roff_2030y_SOC
China,China,34.00241273709404,cf_mean,Barley_rf_roff_2030y_SOC
China/India,,,cf_mean,Barley_rf_roff_2030y_SOC
Christmas Island,,,cf_mean,Barley_rf_roff_2030y_SOC
Clipperton Island,,,cf_mean,Barley_rf_roff_2030y_SOC
Cocos (Keeling) Islands,,,cf_mean,Barley_rf_roff_2030y_SOC
Colombia,Colombia,58.14358460530888,cf_mean,Barley_rf_roff_2030y_SOC
Comoros,Comoros,77.13009282543737,cf_mean,Barley_rf_roff_2030y_SOC
Congo,,,cf_mean,Barley_rf_roff_2030y_SOC
Cook Islands,,,cf_mean,Barley_rf_roff_2030y_SOC
Costa Rica,Costa Rica,47.25887484930916,cf_mean,Barley_rf_roff_2030y_SOC
Croatia,Croatia,46.844832879441206,cf_mean,Barley_rf_roff_2030y_SOC
Cuba,Cuba,46.43998113779682,cf_mean,Barley_rf_roff_2030y_SOC
Cyprus,Cyprus,39.35326444676792,cf_mean,Barley_rf_roff_2030y_SOC
Czech Republic,Czech Republic,39.12135176734793,cf_mean,Barley_rf_roff_2030y_SOC
Côte d'Ivoire,,,cf_mean,Barley_rf_roff_2030y_SOC
Dem People's Rep of Korea,Dem People's Rep of Korea,46.183666141203254,cf_mean,Barley_rf_roff_2030y_SOC
Democratic Republic of the Congo,Democratic Republic of the Congo,30.972609540846037,cf_mean,Barley_rf_roff_2030y_SOC
Denmark,Denmark,47.506708791726965,cf_mean,Barley_rf_roff_2030y_SOC
Djibouti,,,cf_mean,Barley_rf_roff_2030y_SOC
Dominica,,,cf_mean,Barley_rf_roff_2030y_SOC
Dominican Republic,Dominican Republic,36.17663862658497,cf_mean,Barley_rf_roff_2030y_SOC
Ecuador,Ecuador,52.03699949252974,cf_mean,Barley_rf_roff_2030y_SOC
Egypt,Egypt,52.48431478538997,cf_mean,Barley_rf_roff_2030y_SOC
El Salvador,El Salvador,35.188852001329565,cf_mean,Barley_rf_roff_2030y_SOC
Equatorial Guinea,Equatorial Guinea,88.75938288370769,cf_mean,Barley_rf_roff_2030y_SOC
Eritrea,Eritrea,23.3557805279264,cf_mean,Barley_rf_roff_2030y_SOC
Estonia,Estonia,68.05594165762457,cf_mean,Barley_rf_roff_2030y_SOC
Ethiopia,Ethiopia,35.08895389879781,cf_mean,Barley_rf_roff_2030y_SOC
Europa Island,,,cf_mean,Barley_rf_roff_2030y_SOC
Falkland Islands (Malvinas),,,cf_mean,Barley_rf_roff_2030y_SOC
Faroe Islands,,,cf_mean,Barley_rf_roff_2030y_SOC
Fiji,Fiji,76.17057376437717,cf_mean,Barley_rf_roff_2030y_SOC
Finland,Finland,66.82462953622046,cf_mean,Barley_rf_roff_2030y_SOC
France,France,41.96997647615142,cf_mean,Barley_rf_roff_2030y_SOC
French Guiana,,,cf_mean,Barley_rf_roff_2030y_SOC
French Polynesia,,,cf_mean,Barley_rf_roff_2030y_SOC
French Southern and Antarctic Territories,,,cf_mean,Barley_rf_roff_2030y_SOC
Gabon,,,cf_mean,Barley_rf_roff_2030y_SOC
Gambia,,,cf_mean,Barley_rf_roff_2030y_SOC
Gaza Strip,Gaza Strip,22.67050096933772,cf_mean,Barley_rf_roff_2030y_SOC
Georgia,Georgia,55.00860675949839,cf_mean,Barley_rf_roff_2030y_SOC
Germany,Germany,43.5992704244308,cf_mean,Barley_rf_roff_2030y_SOC
Ghana,,,cf_mean,Barley_rf_roff_2030y_SOC
Gibraltar,,,cf_mean,Barley_rf_roff_2030y_SOC
Glorioso Island,,,cf_mean,Barley_rf_roff_2030y_SOC
Greece,Greece,34.86397923773955,cf_mean,Barley_rf_roff_2030y_SOC
Greenland,,,cf_mean,Barley_rf_roff_2030y_SOC
Grenada,,,cf_mean,Barley_rf_roff_2030y_SOC
Guadeloupe,,,cf_mean,Barley_rf_roff_2030y_SOC
Guam,,,cf_mean,Barley_rf_roff_2030y_SOC
Guatemala,Guatemala,36.22771913811684,cf_mean,Barley_rf_roff_2030y_SOC
Guernsey,,,cf_mean,Barley_rf_roff_2030y_SOC
Guinea,Guinea,24.609088042686725,cf_mean,Barley_rf_roff_2030y_SOC
Guinea-Bissau,,,cf_mean,Barley_rf_roff_2030y_SOC
Guyana,Guyana,38.63622667517646,cf_mean,Barley_rf_roff_2030y_SOC
Haiti,Haiti,41.235737542064676,cf_mean,Barley_rf_roff_2030y_SOC
Hala'ib triangle,,,cf_mean,Barley_rf_roff_2030y_SOC
Heard Island and McDonald Islands,,,cf_mean,Barley_rf_roff_2030y_SOC
Holy See,,,cf_mean,Barley_rf_roff_2030y_SOC
Honduras,Honduras,34.94863498238814,cf_mean,Barley_rf_roff_2030y_SOC
Hong Kong,Hong Kong,27.188490049288692,cf_mean,Barley_rf_roff_2030y_SOC
Howland Island,,,cf_mean,Barley_rf_roff_2030y_SOC
Hungary,Hungary,34.069225139426294,cf_mean,Barley_rf_roff_2030y_SOC
Iceland,,,cf_mean,Barley_rf_roff_2030y_SOC
Ilemi triangle,,,cf_mean,Barley_rf_roff_2030y_SOC
India,India,18.608532884302548,cf_mean,Barley_rf_roff_2030y_SOC
Indonesia,Indonesia,58.063551358874186,cf_mean,Barley_rf_roff_2030y_SOC
Iran  (Islamic Republic of),Iran  (Islamic Republic of),21.728252404270812,cf_mean,Barley_rf_roff_2030y_SOC
Iraq,Iraq,18.483453282849414,cf_mean,Barley_rf_roff_2030y_SOC
Ireland,Ireland,70.64568326258922,cf_mean,Barley_rf_roff_2030y_SOC
Isle of Man,Isle of Man,88.18140081632224,cf_mean,Barley_rf_roff_2030y_SOC
Israel,Israel,27.002105036580637,cf_mean,Barley_rf_roff_2030y_SOC
Italy,Italy,40.65699494449979,cf_mean,Barley_rf_roff_2030y_SOC
Jamaica,Jamaica,94.6869430541992,cf_mean,Barley_rf_roff_2030y_SOC
Jammu and Kashmir,Jammu and Kashmir,38.75937012009696,cf_mean,Barley_rf_roff_2030y_SOC
Japan,Japan,62.414593294094985,cf_mean,Barley_rf_roff_2030y_SOC
Jarvis Island,,,cf_mean,Barley_rf_roff_2030y_SOC
Jersey,Jersey,68.49999999999997,cf_mean,Barley_rf_roff_2030y_SOC
Johnston Atoll,,,cf_mean,Barley_rf_roff_2030y_SOC
Jordan,Jordan,21.357017815954496,cf_mean,Barley_rf_roff_2030y_SOC
Juan de Nova Island,,,cf_mean,Barley_rf_roff_2030y_SOC
Kazakhstan,Kazakhstan,34.27569889801201,cf_mean,Barley_rf_roff_2030y_SOC
Kenya,Kenya,34.29696429004619,cf_mean,Barley_rf_roff_2030y_SOC
Kingman Reef,,,cf_mean,Barley_rf_roff_2030y_SOC
Kiribati,,,cf_mean,Barley_rf_roff_2030y_SOC
Kuril islands,Kuril islands,82.34331882262379,cf_mean,Barley_rf_roff_2030y_SOC
Kuwait,Kuwait,19.455270456879973,cf_mean,Barley_rf_roff_2030y_SOC
Kyrgyzstan,Kyrgyzstan,39.53972770095086,cf_mean,Barley_rf_roff_2030y_SOC
Lao People's Democratic Republic,Lao People's Democratic Republic,29.54963111571528,cf_mean,Barley_rf_roff_2030y_SOC
Latvia,Latvia,51.25252839045056,cf_mean,Barley_rf_roff_2030y_SOC
Lebanon,Lebanon,31.585375650786837,cf_mean,Barley_rf_roff_2030y_SOC
Lesotho,Lesotho,35.784000330100646,cf_mean,Barley_rf_roff_2030y_SOC
Liberia,,,cf_mean,Barley_rf_roff_2030y_SOC
Libya,Libya,24.020016743603165,cf_mean,Barley_rf_roff_2030y_SOC
Liechtenstein,Liechtenstein,61.51477575324832,cf_mean,Barley_rf_roff_2030y_SOC
Lithuania,Lithuania,39.42150795251355,cf_mean,Barley_rf_roff_2030y_SOC
Luxembourg,Luxembourg,46.780997610789655,cf_mean,Barley_rf_roff_2030y_SOC
Ma'tan al-Sarra,,,cf_mean,Barley_rf_roff_2030y_SOC
Macau,Macau,24.162031173706048,cf_mean,Barley_rf_roff_2030y_SOC
Madagascar,Madagascar,29.516420907290232,cf_mean,Barley_rf_roff_2030y_SOC
Madeira Islands,Madeira Islands,81.77722418462562,cf_mean,Barley_rf_roff_2030y_SOC
Malawi,Malawi,27.56236353794306,cf_mean,Barley_rf_roff_2030y_SOC
Malaysia,Malaysia,47.40558973863743,cf_mean,Barley_rf_roff_2030y_SOC
Maldives,,,cf_mean,Barley_rf_roff_2030y_SOC
Mali,Mali,11.170033182416644,cf_mean,Barley_rf_roff_2030y_SOC
Malta,Malta,39.08020494794093,cf_mean,Barley_rf_roff_2030y_SOC
Marshall Islands,,,cf_mean,Barley_rf_roff_2030y_SOC
Martinique,,,cf_mean,Barley_rf_roff_2030y_SOC
Mauritania,,,cf_mean,Barley_rf_roff_2030y_SOC
Mauritius,Mauritius,75.39736175537108,cf_mean,Barley_rf_roff_2030y_SOC
Mayotte,,,cf_mean,Barley_rf_roff_2030y_SOC
Mexico,Mexico,25.65063543120846,cf_mean,Barley_rf_roff_2030y_SOC
Micronesia (Federated States of),,,cf_mean,Barley_rf_roff_2030y_SOC
Midway Island,,,cf_mean,Barley_rf_roff_2030y_SOC
"Moldova, Republic of","Moldova, Republic of",43.32164842371442,cf_mean,Barley_rf_roff_2030y_SOC
Monaco,,,cf_mean,Barley_rf_roff_2030y_SOC
Mongolia,Mongolia,42.364896709784674,cf_mean,Barley_rf_roff_2030y_SOC
Montenegro,Montenegro,60.50504913493059,cf_mean,Barley_rf_roff_2030y_SOC
Montserrat,,,cf_mean,Barley_rf_roff_2030y_SOC
Morocco,Morocco,22.081003571921347,cf_mean,Barley_rf_roff_2030y_SOC
Mozambique,Mozambique,25.65810195359011,cf_mean,Barley_rf_roff_2030y_SOC
Myanmar,Myanmar,31.305557121460136,cf_mean,Barley_rf_roff_2030y_SOC
Namibia,Namibia,15.84545256892521,cf_mean,Barley_rf_roff_2030y_SOC
Nauru,,,cf_mean,Barley_rf_roff_2030y_SOC
Navassa Island,,,cf_mean,Barley_rf_roff_2030y_SOC
Nepal,Nepal,31.954260217177044,cf_mean,Barley_rf_roff_2030y_SOC
Netherlands,Netherlands,53.176469407160795,cf_mean,Barley_rf_roff_2030y_SOC
Netherlands Antilles,,,cf_mean,Barley_rf_roff_2030y_SOC
New Caledonia,New Caledonia,55.960080605610784,cf_mean,Barley_rf_roff_2030y_SOC
New Zealand,New Zealand,76.42974370125413,cf_mean,Barley_rf_roff_2030y_SOC
Nicaragua,Nicaragua,33.77582515253334,cf_mean,Barley_rf_roff_2030y_SOC
Niger,,,cf_mean,Barley_rf_roff_2030y_SOC
Nigeria,Nigeria,11.518754658219015,cf_mean,Barley_rf_roff_2030y_SOC
Niue,,,cf_mean,Barley_rf_roff_2030y_SOC
Norfolk Island,,,cf_mean,Barley_rf_roff_2030y_SOC
Northern Mariana Islands,,,cf_mean,Barley_rf_roff_2030y_SOC
Norway,Norway,68.36070046405625,cf_mean,Barley_rf_roff_2030y_SOC
Oman,Oman,23.287975311279293,cf_mean,Barley_rf_roff_2030y_SOC
Pakistan,Pakistan,18.500350714951104,cf_mean,Barley_rf_roff_2030y_SOC
Palau,,,cf_mean,Barley_rf_roff_2030y_SOC
Palmyra Atoll,,,cf_mean,Barley_rf_roff_2030y_SOC
Panama,Panama,59.85431784142433,cf_mean,Barley_rf_roff_2030y_SOC
Papua New Guinea,Papua New Guinea,66.70670791829676,cf_mean,Barley_rf_roff_2030y_SOC
Paracel Islands,,,cf_mean,Barley_rf_roff_2030y_SOC
Paraguay,Paraguay,22.048899086160745,cf_mean,Barley_rf_roff_2030y_SOC
Peru,Peru,42.467042360975384,cf_mean,Barley_rf_roff_2030y_SOC
Philippines,Philippines,49.033492370963344,cf_mean,Barley_rf_roff_2030y_SOC
Pitcairn,,,cf_mean,Barley_rf_roff_2030y_SOC
Poland,Poland,31.615947108826038,cf_mean,Barley_rf_roff_2030y_SOC
Portugal,Portugal,32.56521599065851,cf_mean,Barley_rf_roff_2030y_SOC
Puerto Rico,,,cf_mean,Barley_rf_roff_2030y_SOC
Qatar,,,cf_mean,Barley_rf_roff_2030y_SOC
Republic of Korea,Republic of Korea,40.74415449641593,cf_mean,Barley_rf_roff_2030y_SOC
Romania,Romania,34.96752535154591,cf_mean,Barley_rf_roff_2030y_SOC
Russian Federation,Russian Federation,57.73944947436735,cf_mean,Barley_rf_roff_2030y_SOC
Rwanda,Rwanda,40.66926812101453,cf_mean,Barley_rf_roff_2030y_SOC
Réunion,Réunion,79.42119373087887,cf_mean,Barley_rf_roff_2030y_SOC
Saint Helena,,,cf_mean,Barley_rf_roff_2030y_SOC
Saint Kitts and Nevis,,,cf_mean,Barley_rf_roff_2030y_SOC
Saint Lucia,,,cf_mean,Barley_rf_roff_2030y_SOC
Saint Pierre et Miquelon,Saint Pierre et Miquelon,71.36234440906598,cf_mean,Barley_rf_roff_2030y_SOC
Saint Vincent and the Grenadines,,,cf_mean,Barley_rf_roff_2030y_SOC
Samoa,Samoa,94.6869430541992,cf_mean,Barley_rf_roff_2030y_SOC
San Marino,San Marino,29.67696762084961,cf_mean,Barley_rf_roff_2030y_SOC
Sao Tome and Principe,,,cf_mean,Barley_rf_roff_2030y_SOC
Saudi Arabia,Saudi Arabia,17.892772496039754,cf_mean,Barley_rf_roff_2030y_SOC
Scarborough Reef,,,cf_mean,Barley_rf_roff_2030y_SOC
Senegal,,,cf_mean,Barley_rf_roff_2030y_SOC
Senkaku Islands,,,cf_mean,Barley_rf_roff_2030y_SOC
Serbia,Serbia,38.55590301936506,cf_mean,Barley_rf_roff_2030y_SOC
Seychelles,,,cf_mean,Barley_rf_roff_2030y_SOC
Sierra Leone,,,cf_mean,Barley_rf_roff_2030y_SOC
Singapore,,,cf_mean,Barley_rf_roff_2030y_SOC
Slovakia,Slovakia,42.716081777794585,cf_mean,Barley_rf_roff_2030y_SOC
Slovenia,Slovenia,59.671442436076035,cf_mean,Barley_rf_roff_2030y_SOC
Solomon Islands,Solomon Islands,94.6869430541992,cf_mean,Barley_rf_roff_2030y_SOC
Somalia,Somalia,19.36512689931052,cf_mean,Barley_rf_roff_2030y_SOC
South Africa,South Africa,24.233791386750415,cf_mean,Barley_rf_roff_2030y_SOC
South Georgia and the South Sandwich Islands,,,cf_mean,Barley_rf_roff_2030y_SOC
South Sudan,South Sudan,31.366729377444653,cf_mean,Barley_rf_roff_2030y_SOC
Spain,Spain,32.37234353703232,cf_mean,Barley_rf_roff_2030y_SOC
Spratly Islands,,,cf_mean,Barley_rf_roff_2030y_SOC
Sri Lanka,Sri Lanka,40.582264285617406,cf_mean,Barley_rf_roff_2030y_SOC
Sudan,Sudan,12.16084809471629,cf_mean,Barley_rf_roff_2030y_SOC
Suriname,,,cf_mean,Barley_rf_roff_2030y_SOC
Svalbard and Jan Mayen Islands,,,cf_mean,Barley_rf_roff_2030y_SOC
Swaziland,Swaziland,27.440154410203014,cf_mean,Barley_rf_roff_2030y_SOC
Sweden,Sweden,64.45279491830374,cf_mean,Barley_rf_roff_2030y_SOC
Switzerland,Switzerland,64.1234715097216,cf_mean,Barley_rf_roff_2030y_SOC
Syrian Arab Republic,Syrian Arab Republic,18.354281496865962,cf_mean,Barley_rf_roff_2030y_SOC
Taiwan,Taiwan,46.741237041657065,cf_mean,Barley_rf_roff_2030y_SOC
Tajikistan,Tajikistan,34.55744090592192,cf_mean,Barley_rf_roff_2030y_SOC
Thailand,Thailand,24.972342584748972,cf_mean,Barley_rf_roff_2030y_SOC
The former Yugoslav Republic of Macedonia,The former Yugoslav Republic of Macedonia,35.803868212602254,cf_mean,Barley_rf_roff_2030y_SOC
Timor-Leste,Timor-Leste,73.5801420817322,cf_mean,Barley_rf_roff_2030y_SOC
Togo,,,cf_mean,Barley_rf_roff_2030y_SOC
Tokelau,,,cf_mean,Barley_rf_roff_2030y_SOC
Tonga,,,cf_mean,Barley_rf_roff_2030y_SOC
Trinidad and Tobago,,,cf_mean,Barley_rf_roff_2030y_SOC
Tromelin Island,,,cf_mean,Barley_rf_roff_2030y_SOC
Tunisia,Tunisia,21.730072171191303,cf_mean,Barley_rf_roff_2030y_SOC
Turkey,Turkey,36.4386474928842,cf_mean,Barley_rf_roff_2030y_SOC
Turkmenistan,Turkmenistan,18.707670329608238,cf_mean,Barley_rf_roff_2030y_SOC
Turks and Caicos islands,,,cf_mean,Barley_rf_roff_2030y_SOC
Tuvalu,,,cf_mean,Barley_rf_roff_2030y_SOC
U.K. of Great Britain and Northern Ireland,U.K. of Great Britain and Northern Ireland,65.13626771206329,cf_mean,Barley_rf_roff_2030y_SOC
Uganda,Uganda,41.45354365339749,cf_mean,Barley_rf_roff_2030y_SOC
Ukraine,Ukraine,43.81807978800451,cf_mean,Barley_rf_roff_2030y_SOC
United Arab Emirates,,,cf_mean,Barley_rf_roff_2030y_SOC
United Republic of Tanzania,United Republic of Tanzania,28.691725932813146,cf_mean,Barley_rf_roff_2030y_SOC
United States Virgin Islands,,,cf_mean,Barley_rf_roff_2030y_SOC
United States of America,United States of America,35.62666805352655,cf_mean,Barley_rf_roff_2030y_SOC
Uruguay,Uruguay,38.13723827990123,cf_mean,Barley_rf_roff_2030y_SOC
Uzbekistan,Uzbekistan,23.550803811852976,cf_mean,Barley_rf_roff_2030y_SOC
Vanuatu,Vanuatu,94.6869430541992,cf_mean,Barley_rf_roff_2030y_SOC
Venezuela,Venezuela,39.34673940656439,cf_mean,Barley_rf_roff_2030y_SOC
Viet Nam,Viet Nam,30.5716939372042,cf_mean,Barley_rf_roff_2030y_SOC
Wake Island,,,cf_mean,Barley_rf_roff_2030y_SOC
Wallis and Futuna,,,cf_mean,Barley_rf_roff_2030y_SOC
West Bank,West Bank,26.117524464925125,cf_mean,Barley_rf_roff_2030y_SOC
West Bank,West Bank,23.095211112646776,cf_mean,Barley_rf_roff_2030y_SOC
Western Sahara,,,cf_mean,Barley_rf_roff_2030y_SOC
Yemen,Yemen,20.905286350587335,cf_mean,Barley_rf_roff_2030y_SOC
Zambia,Zambia,26.895985240340412,cf_mean,Barley_rf_roff_2030y_SOC
Zimbabwe,Zimbabwe,24.179153122321313,cf_mean,Barley_rf_roff_2030y_SOC
Abyei,,,cf_median,Barley_rf_roff_2030y_SOC
Afghanistan,Afghanistan,23.00018310546875,cf_median,Barley_rf_roff_2030y_SOC
Aksai Chin,,,cf_median,Barley_rf_roff_2030y_SOC
Albania,Albania,41.36594009399414,cf_median,Barley_rf_roff_2030y_SOC
Algeria,Algeria,20.573060989379883,cf_median,Barley_rf_roff_2030y_SOC
American Samoa,,,cf_median,Barley_rf_roff_2030y_SOC
Andorra,Andorra,47.82920837402344,cf_median,Barley_rf_roff_2030y_SOC
Angola,Angola,18.43636131286621,cf_median,Barley_rf_roff_2030y_SOC
Anguilla,,,cf_median,Barley_rf_roff_2030y_SOC
Antarctica,,,cf_median,Barley_rf_roff_2030y_SOC
Antigua and Barbuda,,,cf_median,Barley_rf_roff_2030y_SOC
Argentina,Argentina,25.47037696838379,cf_median,Barley_rf_roff_2030y_SOC
Armenia,Armenia,45.091190338134766,cf_median,Barley_rf_roff_2030y_SOC
Aruba,,,cf_median,Barley_rf_roff_2030y_SOC
Arunachal Pradesh,Arunachal Pradesh,39.2612190246582,cf_median,Barley_rf_roff_2030y_SOC
Ashmore and Cartier Islands,,,cf_median,Barley_rf_roff_2030y_SOC
Australia,Australia,20.477005004882812,cf_median,Barley_rf_roff_2030y_SOC
Austria,Austria,56.23434829711914,cf_median,Barley_rf_roff_2030y_SOC
Azerbaijan,Azerbaijan,38.21357345581055,cf_median,Barley_rf_roff_2030y_SOC
Azores Islands,Azores Islands,78.06520080566406,cf_median,Barley_rf_roff_2030y_SOC
Bahamas,,,cf_median,Barley_rf_roff_2030y_SOC
Bahrain,,,cf_median,Barley_rf_roff_2030y_SOC
Baker Island,,,cf_median,Barley_rf_roff_2030y_SOC
Bangladesh,Bangladesh,18.91750144958496,cf_median,Barley_rf_roff_2030y_SOC
Barbados,,,cf_median,Barley_rf_roff_2030y_SOC
Bassas da India,,,cf_median,Barley_rf_roff_2030y_SOC
Belarus,Belarus,35.24800109863281,cf_median,Barley_rf_roff_2030y_SOC
Belgium,Belgium,41.37636947631836,cf_median,Barley_rf_roff_2030y_SOC
Belize,Belize,43.0731201171875,cf_median,Barley_rf_roff_2030y_SOC
Benin,,,cf_median,Barley_rf_roff_2030y_SOC
Bermuda,,,cf_median,Barley_rf_roff_2030y_SOC
Bhutan,Bhutan,45.2528190612793,cf_median,Barley_rf_roff_2030y_SOC
Bird Island,,,cf_median,Barley_rf_roff_2030y_SOC
Bolivia,Bolivia,34.01705551147461,cf_median,Barley_rf_roff_2030y_SOC
Bosnia and Herzegovina,Bosnia and Herzegovina,54.32645034790039,cf_median,Barley_rf_roff_2030y_SOC
Botswana,Botswana,14.98530101776123,cf_median,Barley_rf_roff_2030y_SOC
Bouvet Island,,,cf_median,Barley_rf_roff_2030y_SOC
Brazil,Brazil,28.647676467895508,cf_median,Barley_rf_roff_2030y_SOC
British Indian Ocean Territory,,,cf_median,Barley_rf_roff_2030y_SOC
British Virgin Islands,,,cf_median,Barley_rf_roff_2030y_SOC
Brunei Darussalam,,,cf_median,Barley_rf_roff_2030y_SOC
Bulgaria,Bulgaria,32.049049377441406,cf_median,Barley_rf_roff_2030y_SOC
Burkina Faso,,,cf_median,Barley_rf_roff_2030y_SOC
Burundi,Burundi,35.094783782958984,cf_median,Barley_rf_roff_2030y_SOC
Cambodia,Cambodia,27.99535369873047,cf_median,Barley_rf_roff_2030y_SOC
Cameroon,Cameroon,30.003713607788086,cf_median,Barley_rf_roff_2030y_SOC
Canada,Canada,49.754329681396484,cf_median,Barley_rf_roff_2030y_SOC
Cape Verde,Cape Verde,43.752655029296875,cf_median,Barley_rf_roff_2030y_SOC
Cayman Islands,,,cf_median,Barley_rf_roff_2030y_SOC
Central African Republic,Central African Republic,18.618894577026367,cf_median,Barley_rf_roff_2030y_SOC
Chad,Chad,10.681089401245117,cf_median,Barley_rf_roff_2030y_SOC
Chile,Chile,68.62669372558594,cf_median,Barley_rf_roff_2030y_SOC
China,China,31.084318161010742,cf_median,Barley_rf_roff_2030y_SOC
China/India,,,cf_median,Barley_rf_roff_2030y_SOC
Christmas Island,,,cf_median,Barley_rf_roff_2030y_SOC
Clipperton Island,,,cf_median,Barley_rf_roff_2030y_SOC
Cocos (Keeling) Islands,,,cf_median,Barley_rf_roff_2030y_SOC
Colombia,Colombia,57.79294967651367,cf_median,Barley_rf_roff_2030y_SOC
Comoros,Comoros,81.81262969970703,cf_median,Barley_rf_roff_2030y_SOC
Congo,,,cf_median,Barley_rf_roff_2030y_SOC
Cook Islands,,,cf_median,Barley_rf_roff_2030y_SOC
Costa Rica,Costa Rica,43.5655403137207,cf_median,Barley_rf_roff_2030y_SOC
Croatia,Croatia,43.0711669921875,cf_median,Barley_rf_roff_2030y_SOC
Cuba,Cuba,38.096378326416016,cf_median,Barley_rf_roff_2030y_SOC
Cyprus,Cyprus,39.93305969238281,cf_median,Barley_rf_roff_2030y_SOC
Czech Republic,Czech Republic,37.53132247924805,cf_median,Barley_rf_roff_2030y_SOC
Côte d'Ivoire,,,cf_median,Barley_rf_roff_2030y_SOC
Dem People's Rep of Korea,Dem People's Rep of Korea,45.558223724365234,cf_median,Barley_rf_roff_2030y_SOC
Democratic Republic of the Congo,Democratic Republic of the Congo,28.347457885742188,cf_median,Barley_rf_roff_2030y_SOC
Denmark,Denmark,44.59617233276367,cf_median,Barley_rf_roff_2030y_SOC
Djibouti,,,cf_median,Barley_rf_roff_2030y_SOC
Dominica,,,cf_median,Barley_rf_roff_2030y_SOC
Dominican Republic,Dominican Republic,36.267879486083984,cf_median,Barley_rf_roff_2030y_SOC
Ecuador,Ecuador,51.0506477355957,cf_median,Barley_rf_roff_2030y_SOC
Egypt,Egypt,62.57453155517578,cf_median,Barley_rf_roff_2030y_SOC
El Salvador,El Salvador,35.18033218383789,cf_median,Barley_rf_roff_2030y_SOC
Equatorial Guinea,Equatorial Guinea,86.38399505615234,cf_median,Barley_rf_roff_2030y_SOC
Eritrea,Eritrea,22.160045623779297,cf_median,Barley_rf_roff_2030y_SOC
Estonia,Estonia,67.58772277832031,cf_median,Barley_rf_roff_2030y_SOC
Ethiopia,Ethiopia,34.82762908935547,cf_median,Barley_rf_roff_2030y_SOC
Europa Island,,,cf_median,Barley_rf_roff_2030y_SOC
Falkland Islands (Malvinas),,,cf_median,Barley_rf_roff_2030y_SOC
Faroe Islands,,,cf_median,Barley_rf_roff_2030y_SOC
Fiji,Fiji,72.6199951171875,cf_median,Barley_rf_roff_2030y_SOC
Finland,Finland,67.791015625,cf_median,Barley_rf_roff_2030y_SOC
France,France,39.42354202270508,cf_median,Barley_rf_roff_2030y_SOC
French Guiana,,,cf_median,Barley_rf_roff_2030y_SOC
French Polynesia,,,cf_median,Barley_rf_roff_2030y_SOC
French Southern and Antarctic Territories,,,cf_median,Barley_rf_roff_2030y_SOC
Gabon,,,cf_median,Barley_rf_roff_2030y_SOC
Gambia,,,cf_median,Barley_rf_roff_2030y_SOC
Gaza Strip,Gaza Strip,22.7717342376709,cf_median,Barley_rf_roff_2030y_SOC
Georgia,Georgia,55.719425201416016,cf_median,Barley_rf_roff_2030y_SOC
Germany,Germany,41.20722579956055,cf_median,Barley_rf_roff_2030y_SOC
Ghana,,,cf_median,Barley_rf_roff_2030y_SOC
Gibraltar,,,cf_median,Barley_rf_roff_2030y_SOC
Glorioso Island,,,cf_median,Barley_rf_roff_2030y_SOC
Greece,Greece,32.641639709472656,cf_median,Barley_rf_roff_2030y_SOC
Greenland,,,cf_median,Barley_rf_roff_2030y_SOC
Grenada,,,cf_median,Barley_rf_roff_2030y_SOC
Guadeloupe,,,cf_median,Barley_rf_roff_2030y_SOC
Guam,,,cf_median,Barley_rf_roff_2030y_SOC
Guatemala,Guatemala,34.94150161743164,cf_median,Barley_rf_roff_2030y_SOC
Guernsey,,,cf_median,Barley_rf_roff_2030y_SOC
Guinea,Guinea,25.1615047454834,cf_median,Barley_rf_roff_2030y_SOC
Guinea-Bissau,,,cf_median,Barley_rf_roff_2030y_SOC
Guyana,Guyana,39.30092239379883,cf_median,Barley_rf_roff_2030y_SOC
Haiti,Haiti,32.65330505371094,cf_median,Barley_rf_roff_2030y_SOC
Hala'ib triangle,,,cf_median,Barley_rf_roff_2030y_SOC
Heard Island and McDonald Islands,,,cf_median,Barley_rf_roff_2030y_SOC
Holy See,,,cf_median,Barley_rf_roff_2030y_SOC
Honduras,Honduras,34.82329559326172,cf_median,Barley_rf_roff_2030y_SOC
Hong Kong,Hong Kong,27.04896354675293,cf_median,Barley_rf_roff_2030y_SOC
Howland Island,,,cf_median,Barley_rf_roff_2030y_SOC
Hungary,Hungary,34.17307662963867,cf_median,Barley_rf_roff_2030y_SOC
Iceland,,,cf_median,Barley_rf_roff_2030y_SOC
Ilemi triangle,,,cf_median,Barley_rf_roff_2030y_SOC
India,India,17.029579162597656,cf_median,Barley_rf_roff_2030y_SOC
Indonesia,Indonesia,52.68437194824219,cf_median,Barley_rf_roff_2030y_SOC
Iran  (Islamic Republic of),Iran  (Islamic Republic of),19.927457809448242,cf_median,Barley_rf_roff_2030y_SOC
Iraq,Iraq,16.46755027770996,cf_median,Barley_rf_roff_2030y_SOC
Ireland,Ireland,70.9583511352539,cf_median,Barley_rf_roff_2030y_SOC
Isle of Man,Isle of Man,89.62227630615234,cf_median,Barley_rf_roff_2030y_SOC
Israel,Israel,26.482742309570312,cf_median,Barley_rf_roff_2030y_SOC
Italy,Italy,38.444576263427734,cf_median,Barley_rf_roff_2030y_SOC
Jamaica,Jamaica,94.6869430541992,cf_median,Barley_rf_roff_2030y_SOC
Jammu and Kashmir,Jammu and Kashmir,39.67937469482422,cf_median,Barley_rf_roff_2030y_SOC
Japan,Japan,62.18818664550781,cf_median,Barley_rf_roff_2030y_SOC
Jarvis Island,,,cf_median,Barley_rf_roff_2030y_SOC
Jersey,Jersey,68.49999999999997,cf_median,Barley_rf_roff_2030y_SOC
Johnston Atoll,,,cf_median,Barley_rf_roff_2030y_SOC
Jordan,Jordan,21.202085494995117,cf_median,Barley_rf_roff_2030y_SOC
Juan de Nova Island,,,cf_median,Barley_rf_roff_2030y_SOC
Kazakhstan,Kazakhstan,36.169212341308594,cf_median,Barley_rf_roff_2030y_SOC
Kenya,Kenya,32.274417877197266,cf_median,Barley_rf_roff_2030y_SOC
Kingman Reef,,,cf_median,Barley_rf_roff_2030y_SOC
Kiribati,,,cf_median,Barley_rf_roff_2030y_SOC
Kuril islands,Kuril islands,81.92449951171875,cf_median,Barley_rf_roff_2030y_SOC
Kuwait,Kuwait,18.734519958496094,cf_median,Barley_rf_roff_2030y_SOC
Kyrgyzstan,Kyrgyzstan,40.10338592529297,cf_median,Barley_rf_roff_2030y_SOC
Lao People's Democratic Republic,Lao People's Democratic Republic,29.81165885925293,cf_median,Barley_rf_roff_2030y_SOC
Latvia,Latvia,49.729461669921875,cf_median,Barley_rf_roff_2030y_SOC
Lebanon,Lebanon,29.029603958129883,cf_median,Barley_rf_roff_2030y_SOC
Lesotho,Lesotho,35.64190673828125,cf_median,Barley_rf_roff_2030y_SOC
Liberia,,,cf_median,Barley_rf_roff_2030y_SOC
Libya,Libya,21.79909324645996,cf_median,Barley_rf_roff_2030y_SOC
Liechtenstein,Liechtenstein,61.35995101928711,cf_median,Barley_rf_roff_2030y_SOC
Lithuania,Lithuania,38.901275634765625,cf_median,Barley_rf_roff_2030y_SOC
Luxembourg,Luxembourg,46.903202056884766,cf_median,Barley_rf_roff_2030y_SOC
Ma'tan al-Sarra,,,cf_median,Barley_rf_roff_2030y_SOC
Macau,Macau,24.16203117370605,cf_median,Barley_rf_roff_2030y_SOC
Madagascar,Madagascar,29.11442756652832,cf_median,Barley_rf_roff_2030y_SOC
Madeira Islands,Madeira Islands,81.95858764648438,cf_median,Barley_rf_roff_2030y_SOC
Malawi,Malawi,25.26421356201172,cf_median,Barley_rf_roff_2030y_SOC
Malaysia,Malaysia,47.459991455078125,cf_median,Barley_rf_roff_2030y_SOC
Maldives,,,cf_median,Barley_rf_roff_2030y_SOC
Mali,Mali,11.171856880187988,cf_median,Barley_rf_roff_2030y_SOC
Malta,Malta,37.10558319091797,cf_median,Barley_rf_roff_2030y_SOC
Marshall Islands,,,cf_median,Barley_rf_roff_2030y_SOC
Martinique,,,cf_median,Barley_rf_roff_2030y_SOC
Mauritania,,,cf_median,Barley_rf_roff_2030y_SOC
Mauritius,Mauritius,75.39736175537108,cf_median,Barley_rf_roff_2030y_SOC
Mayotte,,,cf_median,Barley_rf_roff_2030y_SOC
Mexico,Mexico,24.927194595336914,cf_median,Barley_rf_roff_2030y_SOC
Micronesia (Federated States of),,,cf_median,Barley_rf_roff_2030y_SOC
Midway Island,,,cf_median,Barley_rf_roff_2030y_SOC
"Moldova, Republic of","Moldova, Republic of",43.49418640136719,cf_median,Barley_rf_roff_2030y_SOC
Monaco,,,cf_median,Barley_rf_roff_2030y_SOC
Mongolia,Mongolia,42.7822265625,cf_median,Barley_rf_roff_2030y_SOC
Montenegro,Montenegro,61.51118469238281,cf_median,Barley_rf_roff_2030y_SOC
Montserrat,,,cf_median,Barley_rf_roff_2030y_SOC
Morocco,Morocco,22.16924476623535,cf_median,Barley_rf_roff_2030y_SOC
Mozambique,Mozambique,24.332595825195312,cf_median,Barley_rf_roff_2030y_SOC
Myanmar,Myanmar,30.525428771972656,cf_median,Barley_rf_roff_2030y_SOC
Namibia,Namibia,15.233414649963379,cf_median,Barley_rf_roff_2030y_SOC
Nauru,,,cf_median,Barley_rf_roff_2030y_SOC
Navassa Island,,,cf_median,Barley_rf_roff_2030y_SOC
Nepal,Nepal,28.37874412536621,cf_median,Barley_rf_roff_2030y_SOC
Netherlands,Netherlands,49.887794494628906,cf_median,Barley_rf_roff_2030y_SOC
Netherlands Antilles,,,cf_median,Barley_rf_roff_2030y_SOC
New Caledonia,New Caledonia,61.21826171875,cf_median,Barley_rf_roff_2030y_SOC
New Zealand,New Zealand,74.50611114501953,cf_median,Barley_rf_roff_2030y_SOC
Nicaragua,Nicaragua,34.148921966552734,cf_median,Barley_rf_roff_2030y_SOC
Niger,,,cf_median,Barley_rf_roff_2030y_SOC
Nigeria,Nigeria,10.262795448303223,cf_median,Barley_rf_roff_2030y_SOC
Niue,,,cf_median,Barley_rf_roff_2030y_SOC
Norfolk Island,,,cf_median,Barley_rf_roff_2030y_SOC
Northern Mariana Islands,,,cf_median,Barley_rf_roff_2030y_SOC
Norway,Norway,69.14076232910156,cf_median,Barley_rf_roff_2030y_SOC
Oman,Oman,23.287975311279293,cf_median,Barley_rf_roff_2030y_SOC
Pakistan,Pakistan,14.379886627197266,cf_median,Barley_rf_roff_2030y_SOC
Palau,,,cf_median,Barley_rf_roff_2030y_SOC
Palmyra Atoll,,,cf_median,Barley_rf_roff_2030y_SOC
Panama,Panama,47.72623825073242,cf_median,Barley_rf_roff_2030y_SOC
Papua New Guinea,Papua New Guinea,64.43156433105469,cf_median,Barley_rf_roff_2030y_SOC
Paracel Islands,,,cf_median,Barley_rf_roff_2030y_SOC
Paraguay,Paraguay,21.7253360748291,cf_median,Barley_rf_roff_2030y_SOC
Peru,Peru,43.94540023803711,cf_median,Barley_rf_roff_2030y_SOC
Philippines,Philippines,43.699676513671875,cf_median,Barley_rf_roff_2030y_SOC
Pitcairn,,,cf_median,Barley_rf_roff_2030y_SOC
Poland,Poland,30.49241065979004,cf_median,Barley_rf_roff_2030y_SOC
Portugal,Portugal,30.714170455932617,cf_median,Barley_rf_roff_2030y_SOC
Puerto Rico,,,cf_median,Barley_rf_roff_2030y_SOC
Qatar,,,cf_median,Barley_rf_roff_2030y_SOC
Republic of Korea,Republic of Korea,37.370567321777344,cf_median,Barley_rf_roff_2030y_SOC
Romania,Romania,32.96003723144531,cf_median,Barley_rf_roff_2030y_SOC
Russian Federation,Russian Federation,57.40498352050781,cf_median,Barley_rf_roff_2030y_SOC
Rwanda,Rwanda,38.014469146728516,cf_median,Barley_rf_roff_2030y_SOC
Réunion,Réunion,82.1291732788086,cf_median,Barley_rf_roff_2030y_SOC
Saint Helena,,,cf_median,Barley_rf_roff_2030y_SOC
Saint Kitts and Nevis,,,cf_median,Barley_rf_roff_2030y_SOC
Saint Lucia,,,cf_median,Barley_rf_roff_2030y_SOC
Saint Pierre et Miquelon,Saint Pierre et Miquelon,68.85006713867188,cf_median,Barley_rf_roff_2030y_SOC
Saint Vincent and the Grenadines,,,cf_median,Barley_rf_roff_2030y_SOC
Samoa,Samoa,94.6869430541992,cf_median,Barley_rf_roff_2030y_SOC
San Marino,San Marino,29.67696762084961,cf_median,Barley_rf_roff_2030y_SOC
Sao Tome and Principe,,,cf_median,Barley_rf_roff_2030y_SOC
Saudi Arabia,Saudi Arabia,18.528413772583008,cf_median,Barley_rf_roff_2030y_SOC
Scarborough Reef,,,cf_median,Barley_rf_roff_2030y_SOC
Senegal,,,cf_median,Barley_rf_roff_2030y_SOC
Senkaku Islands,,,cf_median,Barley_rf_roff_2030y_SOC
Serbia,Serbia,36.58064651489258,cf_median,Barley_rf_roff_2030y_SOC
Seychelles,,,cf_median,Barley_rf_roff_2030y_SOC
Sierra Leone,,,cf_median,Barley_rf_roff_2030y_SOC
Singapore,,,cf_median,Barley_rf_roff_2030y_SOC
Slovakia,Slovakia,40.65401840209961,cf_median,Barley_rf_roff_2030y_SOC
Slovenia,Slovenia,61.128257751464844,cf_median,Barley_rf_roff_2030y_SOC
Solomon Islands,Solomon Islands,94.6869430541992,cf_median,Barley_rf_roff_2030y_SOC
Somalia,Somalia,18.958213806152344,cf_median,Barley_rf_roff_2030y_SOC
South Africa,South Africa,23.36396598815918,cf_median,Barley_rf_roff_2030y_SOC
South Georgia and the South Sandwich Islands,,,cf_median,Barley_rf_roff_2030y_SOC
South Sudan,South Sudan,30.63861846923828,cf_median,Barley_rf_roff_2030y_SOC
Spain,Spain,26.439735412597656,cf_median,Barley_rf_roff_2030y_SOC
Spratly Islands,,,cf_median,Barley_rf_roff_2030y_SOC
Sri Lanka,Sri Lanka,41.44774627685547,cf_median,Barley_rf_roff_2030y_SOC
Sudan,Sudan,11.582493782043457,cf_median,Barley_rf_roff_2030y_SOC
Suriname,,,cf_median,Barley_rf_roff_2030y_SOC
Svalbard and Jan Mayen Islands,,,cf_median,Barley_rf_roff_2030y_SOC
Swaziland,Swaziland,27.377986907958984,cf_median,Barley_rf_roff_2030y_SOC
Sweden,Sweden,65.04975891113281,cf_median,Barley_rf_roff_2030y_SOC
Switzerland,Switzerland,64.40940856933594,cf_median,Barley_rf_roff_2030y_SOC
Syrian Arab Republic,Syrian Arab Republic,17.045066833496094,cf_median,Barley_rf_roff_2030y_SOC
Taiwan,Taiwan,48.30491638183594,cf_median,Barley_rf_roff_2030y_SOC
Tajikistan,Tajikistan,35.87147903442383,cf_median,Barley_rf_roff_2030y_SOC
Thailand,Thailand,25.56256103515625,cf_median,Barley_rf_roff_2030y_SOC
The former Yugoslav Republic of Macedonia,The former Yugoslav Republic of Macedonia,32.688377380371094,cf_median,Barley_rf_roff_2030y_SOC
Timor-Leste,Timor-Leste,74.68608093261719,cf_median,Barley_rf_roff_2030y_SOC
Togo,,,cf_median,Barley_rf_roff_2030y_SOC
Tokelau,,,cf_median,Barley_rf_roff_2030y_SOC
Tonga,,,cf_median,Barley_rf_roff_2030y_SOC
Trinidad and Tobago,,,cf_median,Barley_rf_roff_2030y_SOC
Tromelin Island,,,cf_median,Barley_rf_roff_2030y_SOC
Tunisia,Tunisia,20.306516647338867,cf_median,Barley_rf_roff_2030y_SOC
Turkey,Turkey,34.79281997680664,cf_median,Barley_rf_roff_2030y_SOC
Turkmenistan,Turkmenistan,17.96518898010254,cf_median,Barley_rf_roff_2030y_SOC
Turks and Caicos islands,,,cf_median,Barley_rf_roff_2030y_SOC
Tuvalu,,,cf_median,Barley_rf_roff_2030y_SOC
U.K. of Great Britain and Northern Ireland,U.K. of Great Britain and Northern Ireland,64.27428436279297,cf_median,Barley_rf_roff_2030y_SOC
Uganda,Uganda,41.554386138916016,cf_median,Barley_rf_roff_2030y_SOC
Ukraine,Ukraine,42.84069061279297,cf_median,Barley_rf_roff_2030y_SOC
United Arab Emirates,,,cf_median,Barley_rf_roff_2030y_SOC
United Republic of Tanzania,United Republic of Tanzania,26.327800750732422,cf_median,Barley_rf_roff_2030y_SOC
United States Virgin Islands,,,cf_median,Barley_rf_roff_2030y_SOC
United States of America,United States of America,32.912109375,cf_median,Barley_rf_roff_2030y_SOC
Uruguay,Uruguay,37.30473327636719,cf_median,Barley_rf_roff_2030y_SOC
Uzbekistan,Uzbekistan,22.05889320373535,cf_median,Barley_rf_roff_2030y_SOC
Vanuatu,Vanuatu,94.6869430541992,cf_median,Barley_rf_roff_2030y_SOC
Venezuela,Venezuela,40.02164077758789,cf_median,Barley_rf_roff_2030y_SOC
Viet Nam,Viet Nam,30.443050384521484,cf_median,Barley_rf_roff_2030y_SOC
Wake Island,,,cf_median,Barley_rf_roff_2030y_SOC
Wallis and Futuna,,,cf_median,Barley_rf_roff_2030y_SOC
West Bank,West Bank,26.46623992919921,cf_median,Barley_rf_roff_2030y_SOC
West Bank,West Bank,23.80630874633789,cf_median,Barley_rf_roff_2030y_SOC
Western Sahara,,,cf_median,Barley_rf_roff_2030y_SOC
Yemen,Yemen,21.653745651245117,cf_median,Barley_rf_roff_2030y_SOC
Zambia,Zambia,26.829458236694336,cf_median,Barley_rf_roff_2030y_SOC
Zimbabwe,Zimbabwe,24.631412506103516,cf_median,Barley_rf_roff_2030y_SOC
Abyei,,,cf_std,Barley_rf_roff_2030y_SOC
Afghanistan,Afghanistan,8.406458523828562,cf_std,Barley_rf_roff_2030y_SOC
Aksai Chin,,,cf_std,Barley_rf_roff_2030y_SOC
Albania,Albania,8.663897822324364,cf_std,Barley_rf_roff_2030y_SOC
Algeria,Algeria,7.017500648922969,cf_std,Barley_rf_roff_2030y_SOC
American Samoa,,,cf_std,Barley_rf_roff_2030y_SOC
Andorra,Andorra,0.24107307832194982,cf_std,Barley_rf_roff_2030y_SOC
Angola,Angola,4.542143973873338,cf_std,Barley_rf_roff_2030y_SOC
Anguilla,,,cf_std,Barley_rf_roff_2030y_SOC
Antarctica,,,cf_std,Barley_rf_roff_2030y_SOC
Antigua and Barbuda,,,cf_std,Barley_rf_roff_2030y_SOC
Argentina,Argentina,9.740125271703949,cf_std,Barley_rf_roff_2030y_SOC
Armenia,Armenia,7.375454582182456,cf_std,Barley_rf_roff_2030y_SOC
Aruba,,,cf_std,Barley_rf_roff_2030y_SOC
Arunachal Pradesh,Arunachal Pradesh,8.327390904765885,cf_std,Barley_rf_roff_2030y_SOC
Ashmore and Cartier Islands,,,cf_std,Barley_rf_roff_2030y_SOC
Australia,Australia,16.218157063925727,cf_std,Barley_rf_roff_2030y_SOC
Austria,Austria,13.119029171964904,cf_std,Barley_rf_roff_2030y_SOC
Azerbaijan,Azerbaijan,9.349600333408299,cf_std,Barley_rf_roff_2030y_SOC
Azores Islands,Azores Islands,9.499089770833226,cf_std,Barley_rf_roff_2030y_SOC
Bahamas,,,cf_std,Barley_rf_roff_2030y_SOC
Bahrain,,,cf_std,Barley_rf_roff_2030y_SOC
Baker Island,,,cf_std,Barley_rf_roff_2030y_SOC
Bangladesh,Bangladesh,4.410836307168753,cf_std,Barley_rf_roff_2030y_SOC
Barbados,,,cf_std,Barley_rf_roff_2030y_SOC
Bassas da India,,,cf_std,Barley_rf_roff_2030y_SOC
Belarus,Belarus,4.039956748178111,cf_std,Barley_rf_roff_2030y_SOC
Belgium,Belgium,8.114276940454308,cf_std,Barley_rf_roff_2030y_SOC
Belize,Belize,0.8717265301122709,cf_std,Barley_rf_roff_2030y_SOC
Benin,,,cf_std,Barley_rf_roff_2030y_SOC
Bermuda,,,cf_std,Barley_rf_roff_2030y_SOC
Bhutan,Bhutan,7.952779942848167,cf_std,Barley_rf_roff_2030y_SOC
Bird Island,,,cf_std,Barley_rf_roff_2030y_SOC
Bolivia,Bolivia,8.938780660251572,cf_std,Barley_rf_roff_2030y_SOC
Bosnia and Herzegovina,Bosnia and Herzegovina,10.55870977463849,cf_std,Barley_rf_roff_2030y_SOC
Botswana,Botswana,2.4270619760153784,cf_std,Barley_rf_roff_2030y_SOC
Bouvet Island,,,cf_std,Barley_rf_roff_2030y_SOC
Brazil,Brazil,9.821034059658132,cf_std,Barley_rf_roff_2030y_SOC
British Indian Ocean Territory,,,cf_std,Barley_rf_roff_2030y_SOC
British Virgin Islands,,,cf_std,Barley_rf_roff_2030y_SOC
Brunei Darussalam,,,cf_std,Barley_rf_roff_2030y_SOC
Bulgaria,Bulgaria,5.1681630600765835,cf_std,Barley_rf_roff_2030y_SOC
Burkina Faso,,,cf_std,Barley_rf_roff_2030y_SOC
Burundi,Burundi,5.069676810871053,cf_std,Barley_rf_roff_2030y_SOC
Cambodia,Cambodia,1.0673344627332022,cf_std,Barley_rf_roff_2030y_SOC
Cameroon,Cameroon,14.209268227709172,cf_std,Barley_rf_roff_2030y_SOC
Canada,Canada,10.26507907687463,cf_std,Barley_rf_roff_2030y_SOC
Cape Verde,Cape Verde,3.4329327885431926,cf_std,Barley_rf_roff_2030y_SOC
Cayman Islands,,,cf_std,Barley_rf_roff_2030y_SOC
Central African Republic,Central African Republic,0.5766400206758905,cf_std,Barley_rf_roff_2030y_SOC
Chad,Chad,0.7223733782426952,cf_std,Barley_rf_roff_2030y_SOC
Chile,Chile,26.390995411042667,cf_std,Barley_rf_roff_2030y_SOC
China,China,12.659111938437862,cf_std,Barley_rf_roff_2030y_SOC
China/India,,,cf_std,Barley_rf_roff_2030y_SOC
Christmas Island,,,cf_std,Barley_rf_roff_2030y_SOC
Clipperton Island,,,cf_std,Barley_rf_roff_2030y_SOC
Cocos (Keeling) Islands,,,cf_std,Barley_rf_roff_2030y_SOC
Colombia,Colombia,11.683772941905026,cf_std,Barley_rf_roff_2030y_SOC
Comoros,Comoros,4.87136873829887,cf_std,Barley_rf_roff_2030y_SOC
Congo,,,cf_std,Barley_rf_roff_2030y_SOC
Cook Islands,,,cf_std,Barley_rf_roff_2030y_SOC
Costa Rica,Costa Rica,12.865219705231544,cf_std,Barley_rf_roff_2030y_SOC
Croatia,Croatia,13.1241451135945,cf_std,Barley_rf_roff_2030y_SOC
Cuba,Cuba,14.926805549296555,cf_std,Barley_rf_roff_2030y_SOC
Cyprus,Cyprus,5.039729695270054,cf_std,Barley_rf_roff_2030y_SOC
Czech Republic,Czech Republic,5.2772172475815164,cf_std,Barley_rf_roff_2030y_SOC
Côte d'Ivoire,,,cf_std,Barley_rf_roff_2030y_SOC
Dem People's Rep of Korea,Dem People's Rep of Korea,5.9503656805970815,cf_std,Barley_rf_roff_2030y_SOC
Democratic Republic of the Congo,Democratic Republic of the Congo,12.34760690630736,cf_std,Barley_rf_roff_2030y_SOC
Denmark,Denmark,10.812303420647702,cf_std,Barley_rf_roff_2030y_SOC
Djibouti,,,cf_std,Barley_rf_roff_2030y_SOC
Dominica,,,cf_std,Barley_rf_roff_2030y_SOC
Dominican Republic,Dominican Republic,2.247576478281804,cf_std,Barley_rf_roff_2030y_SOC
Ecuador,Ecuador,8.523260131251877,cf_std,Barley_rf_roff_2030y_SOC
Egypt,Egypt,28.56739785964648,cf_std,Barley_rf_roff_2030y_SOC
El Salvador,El Salvador,1.3337063720873448,cf_std,Barley_rf_roff_2030y_SOC
Equatorial Guinea,Equatorial Guinea,4.428039336297776,cf_std,Barley_rf_roff_2030y_SOC
Eritrea,Eritrea,5.522666220821905,cf_std,Barley_rf_roff_2030y_SOC
Estonia,Estonia,15.105877250856663,cf_std,Barley_rf_roff_2030y_SOC
Ethiopia,Ethiopia,7.575767603288521,cf_std,Barley_rf_roff_2030y_SOC
Europa Island,,,cf_std,Barley_rf_roff_2030y_SOC
Falkland Islands (Malvinas),,,cf_std,Barley_rf_roff_2030y_SOC
Faroe Islands,,,cf_std,Barley_rf_roff_2030y_SOC
Fiji,Fiji,8.605364948605345,cf_std,Barley_rf_roff_2030y_SOC
Finland,Finland,9.415462160918176,cf_std,Barley_rf_roff_2030y_SOC
France,France,11.396777315088366,cf_std,Barley_rf_roff_2030y_SOC
French Guiana,,,cf_std,Barley_rf_roff_2030y_SOC
French Polynesia,,,cf_std,Barley_rf_roff_2030y_SOC
French Southern and Antarctic Territories,,,cf_std,Barley_rf_roff_2030y_SOC
Gabon,,,cf_std,Barley_rf_roff_2030y_SOC
Gambia,,,cf_std,Barley_rf_roff_2030y_SOC
Gaza Strip,Gaza Strip,2.642491295272618,cf_std,Barley_rf_roff_2030y_SOC
Georgia,Georgia,10.86006403889534,cf_std,Barley_rf_roff_2030y_SOC
Germany,Germany,9.98192729829864,cf_std,Barley_rf_roff_2030y_SOC
Ghana,,,cf_std,Barley_rf_roff_2030y_SOC
Gibraltar,,,cf_std,Barley_rf_roff_2030y_SOC
Glorioso Island,,,cf_std,Barley_rf_roff_2030y_SOC
Greece,Greece,9.074103310428942,cf_std,Barley_rf_roff_2030y_SOC
Greenland,,,cf_std,Barley_rf_roff_2030y_SOC
Grenada,,,cf_std,Barley_rf_roff_2030y_SOC
Guadeloupe,,,cf_std,Barley_rf_roff_2030y_SOC
Guam,,,cf_std,Barley_rf_roff_2030y_SOC
Guatemala,Guatemala,5.013775337173856,cf_std,Barley_rf_roff_2030y_SOC
Guernsey,,,cf_std,Barley_rf_roff_2030y_SOC
Guinea,Guinea,2.5882402487377356,cf_std,Barley_rf_roff_2030y_SOC
Guinea-Bissau,,,cf_std,Barley_rf_roff_2030y_SOC
Guyana,Guyana,3.4529032273482887,cf_std,Barley_rf_roff_2030y_SOC
Haiti,Haiti,21.178910425720066,cf_std,Barley_rf_roff_2030y_SOC
Hala'ib triangle,,,cf_std,Barley_rf_roff_2030y_SOC
Heard Island and McDonald Islands,,,cf_std,Barley_rf_roff_2030y_SOC
Holy See,,,cf_std,Barley_rf_roff_2030y_SOC
Honduras,Honduras,2.4285556615831307,cf_std,Barley_rf_roff_2030y_SOC
Hong Kong,Hong Kong,0.8319299171708726,cf_std,Barley_rf_roff_2030y_SOC
Howland Island,,,cf_std,Barley_rf_roff_2030y_SOC
Hungary,Hungary,4.787111615861062,cf_std,Barley_rf_roff_2030y_SOC
Iceland,,,cf_std,Barley_rf_roff_2030y_SOC
Ilemi triangle,,,cf_std,Barley_rf_roff_2030y_SOC
India,India,7.172409883501101,cf_std,Barley_rf_roff_2030y_SOC
Indonesia,Indonesia,16.159811754102222,cf_std,Barley_rf_roff_2030y_SOC
Iran  (Islamic Republic of),Iran  (Islamic Republic of),7.956147463527358,cf_std,Barley_rf_roff_2030y_SOC
Iraq,Iraq,5.792889748668084,cf_std,Barley_rf_roff_2030y_SOC
Ireland,Ireland,10.268776739826347,cf_std,Barley_rf_roff_2030y_SOC
Isle of Man,Isle of Man,5.260202849681298,cf_std,Barley_rf_roff_2030y_SOC
Israel,Israel,6.74321237017175,cf_std,Barley_rf_roff_2030y_SOC
Italy,Italy,11.248226458350521,cf_std,Barley_rf_roff_2030y_SOC
Jamaica,Jamaica,0.0,cf_std,Barley_rf_roff_2030y_SOC
Jammu and Kashmir,Jammu and Kashmir,9.483672415434459,cf_std,Barley_rf_roff_2030y_SOC
Japan,Japan,14.990978125077032,cf_std,Barley_rf_roff_2030y_SOC
Jarvis Island,,,cf_std,Barley_rf_roff_2030y_SOC
Jersey,Jersey,0.0,cf_std,Barley_rf_roff_2030y_SOC
Johnston Atoll,,,cf_std,Barley_rf_roff_2030y_SOC
Jordan,Jordan,3.94925772425431,cf_std,Barley_rf_roff_2030y_SOC
Juan de Nova Island,,,cf_std,Barley_rf_roff_2030y_SOC
Kazakhstan,Kazakhstan,9.990611705796258,cf_std,Barley_rf_roff_2030y_SOC
Kenya,Kenya,8.590010856199433,cf_std,Barley_rf_roff_2030y_SOC
Kingman Reef,,,cf_std,Barley_rf_roff_2030y_SOC
Kiribati,,,cf_std,Barley_rf_roff_2030y_SOC
Kuril islands,Kuril islands,2.9149209165600616,cf_std,Barley_rf_roff_2030y_SOC
Kuwait,Kuwait,1.3082528534082707,cf_std,Barley_rf_roff_2030y_SOC
Kyrgyzstan,Kyrgyzstan,8.263743951122933,cf_std,Barley_rf_roff_2030y_SOC
Lao People's Democratic Republic,Lao People's Democratic Republic,3.02587982153039,cf_std,Barley_rf_roff_2030y_SOC
Latvia,Latvia,7.634909621259627,cf_std,Barley_rf_roff_2030y_SOC
Lebanon,Lebanon,9.41298295518364,cf_std,Barley_rf_roff_2030y_SOC
Lesotho,Lesotho,8.50811087039606,cf_std,Barley_rf_roff_2030y_SOC
Liberia,,,cf_std,Barley_rf_roff_2030y_SOC
Libya,Libya,7.01915901396218,cf_std,Barley_rf_roff_2030y_SOC
Liechtenstein,Liechtenstein,0.16141594319004116,cf_std,Barley_rf_roff_2030y_SOC
Lithuania,Lithuania,4.878792077270153,cf_std,Barley_rf_roff_2030y_SOC
Luxembourg,Luxembourg,2.440394076036402,cf_std,Barley_rf_roff_2030y_SOC
Ma'tan al-Sarra,,,cf_std,Barley_rf_roff_2030y_SOC
Macau,Macau,3.552713678800501e-15,cf_std,Barley_rf_roff_2030y_SOC
Madagascar,Madagascar,9.320087525645246,cf_std,Barley_rf_roff_2030y_SOC
Madeira Islands,Madeira Islands,3.542625450030209,cf_std,Barley_rf_roff_2030y_SOC
Malawi,Malawi,6.906150837398558,cf_std,Barley_rf_roff_2030y_SOC
Malaysia,Malaysia,4.200479316147243,cf_std,Barley_rf_roff_2030y_SOC
Maldives,,,cf_std,Barley_rf_roff_2030y_SOC
Mali,Mali,0.8637795652960929,cf_std,Barley_rf_roff_2030y_SOC
Malta,Malta,2.1523176127515837,cf_std,Barley_rf_roff_2030y_SOC
Marshall Islands,,,cf_std,Barley_rf_roff_2030y_SOC
Martinique,,,cf_std,Barley_rf_roff_2030y_SOC
Mauritania,,,cf_std,Barley_rf_roff_2030y_SOC
Mauritius,Mauritius,0.0,cf_std,Barley_rf_roff_2030y_SOC
Mayotte,,,cf_std,Barley_rf_roff_2030y_SOC
Mexico,Mexico,7.536390476134141,cf_std,Barley_rf_roff_2030y_SOC
Micronesia (Federated States of),,,cf_std,Barley_rf_roff_2030y_SOC
Midway Island,,,cf_std,Barley_rf_roff_2030y_SOC
"Moldova, Republic of","Moldova, Republic of",4.166653127009502,cf_std,Barley_rf_roff_2030y_SOC
Monaco,,,cf_std,Barley_rf_roff_2030y_SOC
Mongolia,Mongolia,12.841109065788016,cf_std,Barley_rf_roff_2030y_SOC
Montenegro,Montenegro,6.030276352990601,cf_std,Barley_rf_roff_2030y_SOC
Montserrat,,,cf_std,Barley_rf_roff_2030y_SOC
Morocco,Morocco,6.293785984558427,cf_std,Barley_rf_roff_2030y_SOC
Mozambique,Mozambique,5.024313807527891,cf_std,Barley_rf_roff_2030y_SOC
Myanmar,Myanmar,7.8684049063120245,cf_std,Barley_rf_roff_2030y_SOC
Namibia,Namibia,2.965065538763486,cf_std,Barley_rf_roff_2030y_SOC
Nauru,,,cf_std,Barley_rf_roff_2030y_SOC
Navassa Island,,,cf_std,Barley_rf_roff_2030y_SOC
Nepal,Nepal,10.829304164347443,cf_std,Barley_rf_roff_2030y_SOC
Netherlands,Netherlands,12.641072947801003,cf_std,Barley_rf_roff_2030y_SOC
Netherlands Antilles,,,cf_std,Barley_rf_roff_2030y_SOC
New Caledonia,New Caledonia,18.286841729529762,cf_std,Barley_rf_roff_2030y_SOC
New Zealand,New Zealand,12.95574336062253,cf_std,Barley_rf_roff_2030y_SOC
Nicaragua,Nicaragua,1.0168988328570396,cf_std,Barley_rf_roff_2030y_SOC
Niger,,,cf_std,Barley_rf_roff_2030y_SOC
Nigeria,Nigeria,5.56247218966875,cf_std,Barley_rf_roff_2030y_SOC
Niue,,,cf_std,Barley_rf_roff_2030y_SOC
Norfolk Island,,,cf_std,Barley_rf_roff_2030y_SOC
Northern Mariana Islands,,,cf_std,Barley_rf_roff_2030y_SOC
Norway,Norway,9.5789697123059,cf_std,Barley_rf_roff_2030y_SOC
Oman,Oman,0.0,cf_std,Barley_rf_roff_2030y_SOC
Pakistan,Pakistan,10.459196840026753,cf_std,Barley_rf_roff_2030y_SOC
Palau,,,cf_std,Barley_rf_roff_2030y_SOC
Palmyra Atoll,,,cf_std,Barley_rf_roff_2030y_SOC
Panama,Panama,21.892771231335363,cf_std,Barley_rf_roff_2030y_SOC
Papua New Guinea,Papua New Guinea,11.498635679894248,cf_std,Barley_rf_roff_2030y_SOC
Paracel Islands,,,cf_std,Barley_rf_roff_2030y_SOC
Paraguay,Paraguay,4.271633538439583,cf_std,Barley_rf_roff_2030y_SOC
Peru,Peru,11.473550818679087,cf_std,Barley_rf_roff_2030y_SOC
Philippines,Philippines,18.45097221049472,cf_std,Barley_rf_roff_2030y_SOC
Pitcairn,,,cf_std,Barley_rf_roff_2030y_SOC
Poland,Poland,6.1775052510981165,cf_std,Barley_rf_roff_2030y_SOC
Portugal,Portugal,8.192107886137086,cf_std,Barley_rf_roff_2030y_SOC
Puerto Rico,,,cf_std,Barley_rf_roff_2030y_SOC
Qatar,,,cf_std,Barley_rf_roff_2030y_SOC
Republic of Korea,Republic of Korea,9.275828624318331,cf_std,Barley_rf_roff_2030y_SOC
Romania,Romania,7.651106231459341,cf_std,Barley_rf_roff_2030y_SOC
Russian Federation,Russian Federation,9.689396162143284,cf_std,Barley_rf_roff_2030y_SOC
Rwanda,Rwanda,7.348610103693233,cf_std,Barley_rf_roff_2030y_SOC
Réunion,Réunion,7.757128498154253,cf_std,Barley_rf_roff_2030y_SOC
Saint Helena,,,cf_std,Barley_rf_roff_2030y_SOC
Saint Kitts and Nevis,,,cf_std,Barley_rf_roff_2030y_SOC
Saint Lucia,,,cf_std,Barley_rf_roff_2030y_SOC
Saint Pierre et Miquelon,Saint Pierre et Miquelon,3.354251140540136,cf_std,Barley_rf_roff_2030y_SOC
Saint Vincent and the Grenadines,,,cf_std,Barley_rf_roff_2030y_SOC
Samoa,Samoa,0.0,cf_std,Barley_rf_roff_2030y_SOC
San Marino,San Marino,0.0,cf_std,Barley_rf_roff_2030y_SOC
Sao Tome and Principe,,,cf_std,Barley_rf_roff_2030y_SOC
Saudi Arabia,Saudi Arabia,2.2933575768532743,cf_std,Barley_rf_roff_2030y_SOC
Scarborough Reef,,,cf_std,Barley_rf_roff_2030y_SOC
Senegal,,,cf_std,Barley_rf_roff_2030y_SOC
Senkaku Islands,,,cf_std,Barley_rf_roff_2030y_SOC
Serbia,Serbia,7.213986406596155,cf_std,Barley_rf_roff_2030y_SOC
Seychelles,,,cf_std,Barley_rf_roff_2030y_SOC
Sierra Leone,,,cf_std,Barley_rf_roff_2030y_SOC
Singapore,,,cf_std,Barley_rf_roff_2030y_SOC
Slovakia,Slovakia,7.24750987400921,cf_std,Barley_rf_roff_2030y_SOC
Slovenia,Slovenia,13.24425311927053,cf_std,Barley_rf_roff_2030y_SOC
Solomon Islands,Solomon Islands,0.0,cf_std,Barley_rf_roff_2030y_SOC
Somalia,Somalia,3.1513560266582252,cf_std,Barley_rf_roff_2030y_SOC
South Africa,South Africa,7.074931543851572,cf_std,Barley_rf_roff_2030y_SOC
South Georgia and the South Sandwich Islands,,,cf_std,Barley_rf_roff_2030y_SOC
South Sudan,South Sudan,3.453758140082937,cf_std,Barley_rf_roff_2030y_SOC
Spain,Spain,14.798187124780746,cf_std,Barley_rf_roff_2030y_SOC
Spratly Islands,,,cf_std,Barley_rf_roff_2030y_SOC
Sri Lanka,Sri Lanka,4.145451472307612,cf_std,Barley_rf_roff_2030y_SOC
Sudan,Sudan,2.4475160168391543,cf_std,Barley_rf_roff_2030y_SOC
Suriname,,,cf_std,Barley_rf_roff_2030y_SOC
Svalbard and Jan Mayen Islands,,,cf_std,Barley_rf_roff_2030y_SOC
Swaziland,Swaziland,4.833825353954066,cf_std,Barley_rf_roff_2030y_SOC
Sweden,Sweden,11.470675346346786,cf_std,Barley_rf_roff_2030y_SOC
Switzerland,Switzerland,9.148761896826313,cf_std,Barley_rf_roff_2030y_SOC
Syrian Arab Republic,Syrian Arab Republic,6.401398709279963,cf_std,Barley_rf_roff_2030y_SOC
Taiwan,Taiwan,15.845722629040774,cf_std,Barley_rf_roff_2030y_SOC
Tajikistan,Tajikistan,9.999177416362182,cf_std,Barley_rf_roff_2030y_SOC
Thailand,Thailand,3.4029650054817084,cf_std,Barley_rf_roff_2030y_SOC
The former Yugoslav Republic of Macedonia,The former Yugoslav Republic of Macedonia,8.941637005915911,cf_std,Barley_rf_roff_2030y_SOC
Timor-Leste,Timor-Leste,5.842029930943717,cf_std,Barley_rf_roff_2030y_SOC
Togo,,,cf_std,Barley_rf_roff_2030y_SOC
Tokelau,,,cf_std,Barley_rf_roff_2030y_SOC
Tonga,,,cf_std,Barley_rf_roff_2030y_SOC
Trinidad and Tobago,,,cf_std,Barley_rf_roff_2030y_SOC
Tromelin Island,,,cf_std,Barley_rf_roff_2030y_SOC
Tunisia,Tunisia,8.286977399307098,cf_std,Barley_rf_roff_2030y_SOC
Turkey,Turkey,8.39147361702079,cf_std,Barley_rf_roff_2030y_SOC
Turkmenistan,Turkmenistan,4.289862564012116,cf_std,Barley_rf_roff_2030y_SOC
Turks and Caicos islands,,,cf_std,Barley_rf_roff_2030y_SOC
Tuvalu,,,cf_std,Barley_rf_roff_2030y_SOC
U.K. of Great Britain and Northern Ireland,U.K. of Great Britain and Northern Ireland,15.047536391261112,cf_std,Barley_rf_roff_2030y_SOC
Uganda,Uganda,8.69415683567387,cf_std,Barley_rf_roff_2030y_SOC
Ukraine,Ukraine,6.551001136604119,cf_std,Barley_rf_roff_2030y_SOC
United Arab Emirates,,,cf_std,Barley_rf_roff_2030y_SOC
United Republic of Tanzania,United Republic of Tanzania,9.323879413671477,cf_std,Barley_rf_roff_2030y_SOC
United States Virgin Islands,,,cf_std,Barley_rf_roff_2030y_SOC
United States of America,United States of America,14.614966538576972,cf_std,Barley_rf_roff_2030y_SOC
Uruguay,Uruguay,6.75956048881016,cf_std,Barley_rf_roff_2030y_SOC
Uzbekistan,Uzbekistan,7.8103554110593025,cf_std,Barley_rf_roff_2030y_SOC
Vanuatu,Vanuatu,0.0,cf_std,Barley_rf_roff_2030y_SOC
Venezuela,Venezuela,6.567813559863797,cf_std,Barley_rf_roff_2030y_SOC
Viet Nam,Viet Nam,3.36245397744527,cf_std,Barley_rf_roff_2030y_SOC
Wake Island,,,cf_std,Barley_rf_roff_2030y_SOC
Wallis and Futuna,,,cf_std,Barley_rf_roff_2030y_SOC
West Bank,West Bank,0.379093676994652,cf_std,Barley_rf_roff_2030y_SOC
West Bank,West Bank,2.5758407644090804,cf_std,Barley_rf_roff_2030y_SOC
Western Sahara,,,cf_std,Barley_rf_roff_2030y_SOC
Yemen,Yemen,4.0491337203153925,cf_std,Barley_rf_roff_2030y_SOC
Zambia,Zambia,3.19123626380906,cf_std,Barley_rf_roff_2030y_SOC
Zimbabwe,Zimbabwe,3.657911633967162,cf_std,Barley_rf_roff_2030y_SOC
