ECO_ID,flow_name,metric,value,ECO_NAME,BIOME_NUM,BIOME_NAME,REALM
117,_ron_2030y_SOC,cf_mean,,Adelie Land tundra,11.0,Tundra,Antarctica
135,_ron_2030y_SOC,cf_mean,,Admiralty Islands lowland rain forests,1.0,Tropical & Subtropical Moist Broadleaf Forests,Australasia
785,_ron_2030y_SOC,cf_mean,44.39896,Aegean and Western Turkey sclerophyllous and mixed forests,12.0,"Mediterranean Forests, Woodlands & Scrub",Palearctic
807,_ron_2030y_SOC,cf_mean,39.606426,Afghan Mountains semi-desert,13.0,Deserts & Xeric Shrublands,Palearctic
404,_ron_2030y_SOC,cf_mean,99.216255,Ahklun and Kilbuck Upland Tundra,11.0,Tundra,Nearctic
722,_ron_2030y_SOC,cf_mean,14.117655,Al-Hajar foothill xeric woodlands and shrublands,8.0,"Temperate Grasslands, Savannas & Shrublands",Palearctic
723,_ron_2030y_SOC,cf_mean,17.762321,Al-Hajar montane woodlands and shrublands,8.0,"Temperate Grasslands, Savannas & Shrublands",Palearctic
721,_ron_2030y_SOC,cf_mean,30.580532,Alai-Western Tian Shan steppe,8.0,"Temperate Grasslands, Savannas & Shrublands",Palearctic
808,_ron_2030y_SOC,cf_mean,28.94546,Alashan Plateau semi-desert,13.0,Deserts & Xeric Shrublands,Palearctic
405,_ron_2030y_SOC,cf_mean,85.249985,Alaska-St. Elias Range tundra,11.0,Tundra,Nearctic
369,_ron_2030y_SOC,cf_mean,89.479935,Alaska Peninsula montane taiga,6.0,Boreal Forests/Taiga,Nearctic
88,_ron_2030y_SOC,cf_mean,34.387672,Albany thickets,12.0,"Mediterranean Forests, Woodlands & Scrub",Afrotropic
345,_ron_2030y_SOC,cf_mean,45.709454,Alberta-British Columbia foothills forests,5.0,Temperate Conifer Forests,Nearctic
1,_ron_2030y_SOC,cf_mean,45.82892,Albertine Rift montane forests,1.0,Tropical & Subtropical Moist Broadleaf Forests,Afrotropic
91,_ron_2030y_SOC,cf_mean,,Aldabra Island xeric scrub,13.0,Deserts & Xeric Shrublands,Afrotropic
406,_ron_2030y_SOC,cf_mean,,Aleutian Islands tundra,11.0,Tundra,Nearctic
328,_ron_2030y_SOC,cf_mean,58.81376,Allegheny Highlands forests,4.0,Temperate Broadleaf & Mixed Forests,Nearctic
689,_ron_2030y_SOC,cf_mean,71.28593,Alps conifer and mixed forests,5.0,Temperate Conifer Forests,Palearctic
749,_ron_2030y_SOC,cf_mean,52.995346,Altai alpine meadow and tundra,10.0,Montane Grasslands & Shrublands,Palearctic
690,_ron_2030y_SOC,cf_mean,46.880974,Altai montane forest and forest steppe,5.0,Temperate Conifer Forests,Palearctic
724,_ron_2030y_SOC,cf_mean,46.194073,Altai steppe and semi-desert,8.0,"Temperate Grasslands, Savannas & Shrublands",Palearctic
439,_ron_2030y_SOC,cf_mean,29.569971,Alto Paraná Atlantic forests,1.0,Tropical & Subtropical Moist Broadleaf Forests,Neotropic
611,_ron_2030y_SOC,cf_mean,,Amazon-Orinoco-Southern Caribbean mangroves,14.0,Mangroves,Neotropic
67,_ron_2030y_SOC,cf_mean,,Amsterdam-Saint Paul Islands temperate grasslands,8.0,"Temperate Grasslands, Savannas & Shrublands",Afrotropic
741,_ron_2030y_SOC,cf_mean,67.25021,Amur meadow steppe,9.0,Flooded Grasslands & Savannas,Palearctic
786,_ron_2030y_SOC,cf_mean,,Anatolian conifer and deciduous mixed forests,12.0,"Mediterranean Forests, Woodlands & Scrub",Palearctic
218,_ron_2030y_SOC,cf_mean,,Andaman Islands rain forests,1.0,Tropical & Subtropical Moist Broadleaf Forests,Indomalayan
77,_ron_2030y_SOC,cf_mean,21.319239,Angolan montane forest-grassland,10.0,Montane Grasslands & Shrublands,Afrotropic
34,_ron_2030y_SOC,cf_mean,17.928112,Angolan mopane woodlands,7.0,"Tropical & Subtropical Grasslands, Savannas & Shrublands",Afrotropic
35,_ron_2030y_SOC,cf_mean,22.061344,Angolan scarp savanna and woodlands,7.0,"Tropical & Subtropical Grasslands, Savannas & Shrublands",Afrotropic
36,_ron_2030y_SOC,cf_mean,16.327904,Angolan wet miombo woodlands,7.0,"Tropical & Subtropical Grasslands, Savannas & Shrublands",Afrotropic
196,_ron_2030y_SOC,cf_mean,,Antipodes Subantarctic Islands tundra,11.0,Tundra,Australasia
331,_ron_2030y_SOC,cf_mean,49.029198,Appalachian-Blue Ridge forests,4.0,Temperate Broadleaf & Mixed Forests,Nearctic
329,_ron_2030y_SOC,cf_mean,47.91833,Appalachian mixed mesophytic forests,4.0,Temperate Broadleaf & Mixed Forests,Nearctic
330,_ron_2030y_SOC,cf_mean,36.20008,Appalachian Piedmont forests,4.0,Temperate Broadleaf & Mixed Forests,Nearctic
644,_ron_2030y_SOC,cf_mean,58.43007,Appenine deciduous montane forests,4.0,Temperate Broadleaf & Mixed Forests,Palearctic
520,_ron_2030y_SOC,cf_mean,62.67218,Apure-Villavicencio dry forests,2.0,Tropical & Subtropical Dry Broadleaf Forests,Neotropic
810,_ron_2030y_SOC,cf_mean,17.03135,Arabian sand desert,13.0,Deserts & Xeric Shrublands,Palearctic
440,_ron_2030y_SOC,cf_mean,49.42786,Araucaria moist forests,1.0,Tropical & Subtropical Moist Broadleaf Forests,Neotropic
597,_ron_2030y_SOC,cf_mean,,Araya and Paria xeric scrub,13.0,Deserts & Xeric Shrublands,Neotropic
407,_ron_2030y_SOC,cf_mean,,Arctic coastal tundra,11.0,Tundra,Nearctic
778,_ron_2030y_SOC,cf_mean,,Russian Arctic desert,11.0,Tundra,Palearctic
408,_ron_2030y_SOC,cf_mean,,Arctic foothills tundra,11.0,Tundra,Nearctic
346,_ron_2030y_SOC,cf_mean,31.224525,Arizona Mountains forests,5.0,Temperate Conifer Forests,Nearctic
181,_ron_2030y_SOC,cf_mean,13.580355,Arnhem Land tropical savanna,7.0,"Tropical & Subtropical Grasslands, Savannas & Shrublands",Australasia
37,_ron_2030y_SOC,cf_mean,,Ascension scrub and grasslands,7.0,"Tropical & Subtropical Grasslands, Savannas & Shrublands",Afrotropic
598,_ron_2030y_SOC,cf_mean,38.848526,Atacama desert,13.0,Deserts & Xeric Shrublands,Neotropic
441,_ron_2030y_SOC,cf_mean,84.08861,Atlantic Coast restingas,1.0,Tropical & Subtropical Moist Broadleaf Forests,Neotropic
839,_ron_2030y_SOC,cf_mean,32.63085,Saharan Atlantic coastal desert,13.0,Deserts & Xeric Shrublands,Palearctic
347,_ron_2030y_SOC,cf_mean,59.180653,Atlantic coastal pine barrens,5.0,Temperate Conifer Forests,Nearctic
5,_ron_2030y_SOC,cf_mean,,Congolian coastal forests,1.0,Tropical & Subtropical Moist Broadleaf Forests,Afrotropic
664,_ron_2030y_SOC,cf_mean,58.580704,European Atlantic mixed forests,4.0,Temperate Broadleaf & Mixed Forests,Palearctic
193,_ron_2030y_SOC,cf_mean,62.621082,Australian Alps montane grasslands,10.0,Montane Grasslands & Shrublands,Australasia
812,_ron_2030y_SOC,cf_mean,43.502472,Azerbaijan shrub desert and steppe,13.0,Deserts & Xeric Shrublands,Palearctic
645,_ron_2030y_SOC,cf_mean,,Azores temperate mixed forests,4.0,Temperate Broadleaf & Mixed Forests,Palearctic
813,_ron_2030y_SOC,cf_mean,24.916162,Badghyz and Karabil semi-desert,13.0,Deserts & Xeric Shrublands,Palearctic
612,_ron_2030y_SOC,cf_mean,64.504486,Bahamian-Antillean mangroves,14.0,Mangroves,Neotropic
442,_ron_2030y_SOC,cf_mean,32.583725,Bahia coastal forests,1.0,Tropical & Subtropical Moist Broadleaf Forests,Neotropic
443,_ron_2030y_SOC,cf_mean,30.070797,Bahia interior forests,1.0,Tropical & Subtropical Moist Broadleaf Forests,Neotropic
426,_ron_2030y_SOC,cf_mean,33.27565,Baja California desert,13.0,Deserts & Xeric Shrublands,Nearctic
521,_ron_2030y_SOC,cf_mean,38.212982,Bajío dry forests,2.0,Tropical & Subtropical Dry Broadleaf Forests,Neotropic
646,_ron_2030y_SOC,cf_mean,48.336403,Balkan mixed forests,4.0,Temperate Broadleaf & Mixed Forests,Palearctic
522,_ron_2030y_SOC,cf_mean,33.74232,Balsas dry forests,2.0,Tropical & Subtropical Dry Broadleaf Forests,Neotropic
647,_ron_2030y_SOC,cf_mean,68.90126,Baltic mixed forests,4.0,Temperate Broadleaf & Mixed Forests,Palearctic
814,_ron_2030y_SOC,cf_mean,17.669561,Baluchistan xeric woodlands,13.0,Deserts & Xeric Shrublands,Palearctic
136,_ron_2030y_SOC,cf_mean,,Banda Sea Islands moist deciduous forests,1.0,Tropical & Subtropical Moist Broadleaf Forests,Australasia
564,_ron_2030y_SOC,cf_mean,,Belizian pine savannas,7.0,"Tropical & Subtropical Grasslands, Savannas & Shrublands",Neotropic
565,_ron_2030y_SOC,cf_mean,,Beni savanna,7.0,"Tropical & Subtropical Grasslands, Savannas & Shrublands",Neotropic
779,_ron_2030y_SOC,cf_mean,,Russian Bering tundra,11.0,Tundra,Palearctic
409,_ron_2030y_SOC,cf_mean,95.55864,Beringia lowland tundra,11.0,Tundra,Nearctic
410,_ron_2030y_SOC,cf_mean,,Beringia upland tundra,11.0,Tundra,Nearctic
325,_ron_2030y_SOC,cf_mean,,Bermuda subtropical conifer forests,3.0,Tropical & Subtropical Coniferous Forests,Nearctic
137,_ron_2030y_SOC,cf_mean,,Biak-Numfoor rain forests,1.0,Tropical & Subtropical Moist Broadleaf Forests,Australasia
348,_ron_2030y_SOC,cf_mean,46.048965,Blue Mountains forests,5.0,Temperate Conifer Forests,Nearctic
742,_ron_2030y_SOC,cf_mean,37.88702,Bohai Sea saline meadow,9.0,Flooded Grasslands & Savannas,Palearctic
523,_ron_2030y_SOC,cf_mean,,Bolivian montane dry forests,2.0,Tropical & Subtropical Dry Broadleaf Forests,Neotropic
444,_ron_2030y_SOC,cf_mean,59.64332,Bolivian Yungas,1.0,Tropical & Subtropical Moist Broadleaf Forests,Neotropic
219,_ron_2030y_SOC,cf_mean,,Borneo lowland rain forests,1.0,Tropical & Subtropical Moist Broadleaf Forests,Indomalayan
221,_ron_2030y_SOC,cf_mean,,Borneo peat swamp forests,1.0,Tropical & Subtropical Moist Broadleaf Forests,Indomalayan
222,_ron_2030y_SOC,cf_mean,28.61519,Brahmaputra Valley semi-evergreen forests,1.0,Tropical & Subtropical Moist Broadleaf Forests,Indomalayan
182,_ron_2030y_SOC,cf_mean,17.909805,Brigalow tropical savanna,7.0,"Tropical & Subtropical Grasslands, Savannas & Shrublands",Australasia
349,_ron_2030y_SOC,cf_mean,79.77769,British Columbia coastal conifer forests,5.0,Temperate Conifer Forests,Nearctic
411,_ron_2030y_SOC,cf_mean,,Brooks-British Range tundra,11.0,Tundra,Nearctic
138,_ron_2030y_SOC,cf_mean,,Buru rain forests,1.0,Tropical & Subtropical Moist Broadleaf Forests,Australasia
525,_ron_2030y_SOC,cf_mean,22.827206,Caatinga,2.0,Tropical & Subtropical Dry Broadleaf Forests,Neotropic
445,_ron_2030y_SOC,cf_mean,,Caatinga Enclaves moist forests,1.0,Tropical & Subtropical Moist Broadleaf Forests,Neotropic
691,_ron_2030y_SOC,cf_mean,,Caledon conifer forests,5.0,Temperate Conifer Forests,Palearctic
385,_ron_2030y_SOC,cf_mean,30.336668,California Central Valley grasslands,8.0,"Temperate Grasslands, Savannas & Shrublands",Nearctic
422,_ron_2030y_SOC,cf_mean,33.41603,California coastal sage and chaparral,12.0,"Mediterranean Forests, Woodlands & Scrub",Nearctic
423,_ron_2030y_SOC,cf_mean,39.737362,California interior chaparral and woodlands,12.0,"Mediterranean Forests, Woodlands & Scrub",Nearctic
424,_ron_2030y_SOC,cf_mean,30.146198,California montane chaparral and woodlands,12.0,"Mediterranean Forests, Woodlands & Scrub",Nearctic
2,_ron_2030y_SOC,cf_mean,46.056587,Cameroon Highlands forests,1.0,Tropical & Subtropical Moist Broadleaf Forests,Afrotropic
566,_ron_2030y_SOC,cf_mean,33.73217,Campos Rupestres montane savanna,7.0,"Tropical & Subtropical Grasslands, Savannas & Shrublands",Neotropic
386,_ron_2030y_SOC,cf_mean,66.94975,Canadian Aspen forests and parklands,8.0,"Temperate Grasslands, Savannas & Shrublands",Nearctic
413,_ron_2030y_SOC,cf_mean,,Canadian Low Arctic tundra,11.0,Tundra,Nearctic
787,_ron_2030y_SOC,cf_mean,108.97284,Canary Islands dry woodlands and forests,12.0,"Mediterranean Forests, Woodlands & Scrub",Palearctic
648,_ron_2030y_SOC,cf_mean,70.1424,Cantabrian mixed forests,4.0,Temperate Broadleaf & Mixed Forests,Palearctic
190,_ron_2030y_SOC,cf_mean,88.662674,Canterbury-Otago tussock grasslands,8.0,"Temperate Grasslands, Savannas & Shrublands",Australasia
31,_ron_2030y_SOC,cf_mean,,Cape Verde Islands dry forests,2.0,Tropical & Subtropical Dry Broadleaf Forests,Afrotropic
183,_ron_2030y_SOC,cf_mean,22.860537,Cape York Peninsula tropical savanna,7.0,"Tropical & Subtropical Grasslands, Savannas & Shrublands",Australasia
446,_ron_2030y_SOC,cf_mean,,Caqueta moist forests,1.0,Tropical & Subtropical Moist Broadleaf Forests,Neotropic
223,_ron_2030y_SOC,cf_mean,,Cardamom Mountains rain forests,1.0,Tropical & Subtropical Moist Broadleaf Forests,Indomalayan
599,_ron_2030y_SOC,cf_mean,,Caribbean shrublands,13.0,Deserts & Xeric Shrublands,Neotropic
207,_ron_2030y_SOC,cf_mean,22.157904,Carnarvon xeric shrublands,13.0,Deserts & Xeric Shrublands,Australasia
618,_ron_2030y_SOC,cf_mean,,Carolines tropical moist forests,1.0,Tropical & Subtropical Moist Broadleaf Forests,Oceania
692,_ron_2030y_SOC,cf_mean,58.293957,Carpathian montane forests,5.0,Temperate Conifer Forests,Palearctic
184,_ron_2030y_SOC,cf_mean,17.118128,Carpentaria tropical savanna,7.0,"Tropical & Subtropical Grasslands, Savannas & Shrublands",Australasia
649,_ron_2030y_SOC,cf_mean,45.80262,Caspian Hyrcanian mixed forests,4.0,Temperate Broadleaf & Mixed Forests,Palearctic
815,_ron_2030y_SOC,cf_mean,39.330597,Caspian lowland desert,13.0,Deserts & Xeric Shrublands,Palearctic
447,_ron_2030y_SOC,cf_mean,44.841553,Catatumbo moist forests,1.0,Tropical & Subtropical Moist Broadleaf Forests,Neotropic
526,_ron_2030y_SOC,cf_mean,59.455414,Cauca Valley dry forests,2.0,Tropical & Subtropical Dry Broadleaf Forests,Neotropic
448,_ron_2030y_SOC,cf_mean,66.81383,Cauca Valley montane forests,1.0,Tropical & Subtropical Moist Broadleaf Forests,Neotropic
650,_ron_2030y_SOC,cf_mean,61.328598,Caucasus mixed forests,4.0,Temperate Broadleaf & Mixed Forests,Palearctic
449,_ron_2030y_SOC,cf_mean,,Cayos Miskitos-San Andrés and Providencia moist forests,1.0,Tropical & Subtropical Moist Broadleaf Forests,Neotropic
651,_ron_2030y_SOC,cf_mean,92.76922,Celtic broadleaf forests,4.0,Temperate Broadleaf & Mixed Forests,Palearctic
816,_ron_2030y_SOC,cf_mean,26.414976,Central Afghan Mountains xeric woodlands,13.0,Deserts & Xeric Shrublands,Palearctic
111,_ron_2030y_SOC,cf_mean,,Central African mangroves,14.0,Mangroves,Afrotropic
450,_ron_2030y_SOC,cf_mean,38.750626,Central American Atlantic moist forests,1.0,Tropical & Subtropical Moist Broadleaf Forests,Neotropic
527,_ron_2030y_SOC,cf_mean,35.662895,Central American dry forests,2.0,Tropical & Subtropical Dry Broadleaf Forests,Neotropic
451,_ron_2030y_SOC,cf_mean,39.757935,Central American montane forests,1.0,Tropical & Subtropical Moist Broadleaf Forests,Neotropic
553,_ron_2030y_SOC,cf_mean,37.71733,Central American pine-oak forests,3.0,Tropical & Subtropical Coniferous Forests,Neotropic
725,_ron_2030y_SOC,cf_mean,,Central Anatolian steppe,8.0,"Temperate Grasslands, Savannas & Shrublands",Palearctic
652,_ron_2030y_SOC,cf_mean,,Central Anatolian steppe and woodlands,4.0,Temperate Broadleaf & Mixed Forests,Palearctic
352,_ron_2030y_SOC,cf_mean,58.86977,Central-Southern Cascades Forests,5.0,Temperate Conifer Forests,Nearctic
389,_ron_2030y_SOC,cf_mean,40.061306,Central-Southern US mixed grasslands,8.0,"Temperate Grasslands, Savannas & Shrublands",Nearctic
587,_ron_2030y_SOC,cf_mean,39.024845,Central Andean dry puna,10.0,Montane Grasslands & Shrublands,Neotropic
588,_ron_2030y_SOC,cf_mean,36.883625,Central Andean puna,10.0,Montane Grasslands & Shrublands,Neotropic
589,_ron_2030y_SOC,cf_mean,54.921448,Central Andean wet puna,10.0,Montane Grasslands & Shrublands,Neotropic
817,_ron_2030y_SOC,cf_mean,24.401985,Central Asian northern desert,13.0,Deserts & Xeric Shrublands,Palearctic
818,_ron_2030y_SOC,cf_mean,26.29354,Central Asian riparian woodlands,13.0,Deserts & Xeric Shrublands,Palearctic
819,_ron_2030y_SOC,cf_mean,21.057049,Central Asian southern desert,13.0,Deserts & Xeric Shrublands,Palearctic
350,_ron_2030y_SOC,cf_mean,64.71936,Central British Columbia Mountain forests,5.0,Temperate Conifer Forests,Nearctic
38,_ron_2030y_SOC,cf_mean,19.759754,Central bushveld,7.0,"Tropical & Subtropical Grasslands, Savannas & Shrublands",Afrotropic
370,_ron_2030y_SOC,cf_mean,64.088196,Central Canadian Shield forests,6.0,Boreal Forests/Taiga,Nearctic
653,_ron_2030y_SOC,cf_mean,44.124096,Central China Loess Plateau mixed forests,4.0,Temperate Broadleaf & Mixed Forests,Palearctic
3,_ron_2030y_SOC,cf_mean,,Central Congolian lowland forests,1.0,Tropical & Subtropical Moist Broadleaf Forests,Afrotropic
290,_ron_2030y_SOC,cf_mean,18.104282,Central Deccan Plateau dry deciduous forests,2.0,Tropical & Subtropical Dry Broadleaf Forests,Indomalayan
654,_ron_2030y_SOC,cf_mean,47.50821,Central European mixed forests,4.0,Temperate Broadleaf & Mixed Forests,Palearctic
387,_ron_2030y_SOC,cf_mean,54.727894,Central US forest-grasslands transition,8.0,"Temperate Grasslands, Savannas & Shrublands",Nearctic
291,_ron_2030y_SOC,cf_mean,24.101076,Central Indochina dry forests,2.0,Tropical & Subtropical Dry Broadleaf Forests,Indomalayan
655,_ron_2030y_SOC,cf_mean,55.897045,Central Korean deciduous forests,4.0,Temperate Broadleaf & Mixed Forests,Palearctic
427,_ron_2030y_SOC,cf_mean,35.94867,Central Mexican matorral,13.0,Deserts & Xeric Shrublands,Nearctic
351,_ron_2030y_SOC,cf_mean,90.692604,Central Pacific Northwest coastal forests,5.0,Temperate Conifer Forests,Nearctic
820,_ron_2030y_SOC,cf_mean,18.309488,Central Persian desert basins,13.0,Deserts & Xeric Shrublands,Palearctic
619,_ron_2030y_SOC,cf_mean,,Central Polynesian tropical moist forests,1.0,Tropical & Subtropical Moist Broadleaf Forests,Oceania
139,_ron_2030y_SOC,cf_mean,,Central Range Papuan montane rain forests,1.0,Tropical & Subtropical Moist Broadleaf Forests,Australasia
195,_ron_2030y_SOC,cf_mean,,Papuan Central Range sub-alpine grasslands,10.0,Montane Grasslands & Shrublands,Australasia
208,_ron_2030y_SOC,cf_mean,12.741155,Central Ranges xeric scrub,13.0,Deserts & Xeric Shrublands,Australasia
118,_ron_2030y_SOC,cf_mean,,Central South Antarctic Peninsula tundra,11.0,Tundra,Antarctica
388,_ron_2030y_SOC,cf_mean,61.91427,Central Tallgrass prairie,8.0,"Temperate Grasslands, Savannas & Shrublands",Nearctic
750,_ron_2030y_SOC,cf_mean,44.76916,Central Tibetan Plateau alpine steppe,10.0,Montane Grasslands & Shrublands,Palearctic
39,_ron_2030y_SOC,cf_mean,25.786009,Central Zambezian wet miombo woodlands,7.0,"Tropical & Subtropical Grasslands, Savannas & Shrublands",Afrotropic
567,_ron_2030y_SOC,cf_mean,24.692728,Cerrado,7.0,"Tropical & Subtropical Grasslands, Savannas & Shrublands",Neotropic
656,_ron_2030y_SOC,cf_mean,70.632996,Changbai Mountains mixed forests,4.0,Temperate Broadleaf & Mixed Forests,Palearctic
657,_ron_2030y_SOC,cf_mean,38.35413,Changjiang Plain evergreen forests,4.0,Temperate Broadleaf & Mixed Forests,Palearctic
224,_ron_2030y_SOC,cf_mean,,Chao Phraya freshwater swamp forests,1.0,Tropical & Subtropical Moist Broadleaf Forests,Indomalayan
225,_ron_2030y_SOC,cf_mean,29.586205,Chao Phraya lowland moist deciduous forests,1.0,Tropical & Subtropical Moist Broadleaf Forests,Indomalayan
167,_ron_2030y_SOC,cf_mean,133.57245,Chatham Island temperate forests,4.0,Temperate Broadleaf & Mixed Forests,Australasia
771,_ron_2030y_SOC,cf_mean,,Cherskii-Kolyma mountain tundra,11.0,Tundra,Palearctic
292,_ron_2030y_SOC,cf_mean,23.913845,Chhota-Nagpur dry deciduous forests,2.0,Tropical & Subtropical Dry Broadleaf Forests,Indomalayan
528,_ron_2030y_SOC,cf_mean,31.493282,Chiapas Depression dry forests,2.0,Tropical & Subtropical Dry Broadleaf Forests,Neotropic
452,_ron_2030y_SOC,cf_mean,42.600956,Chiapas montane forests,1.0,Tropical & Subtropical Moist Broadleaf Forests,Neotropic
428,_ron_2030y_SOC,cf_mean,23.865278,Chihuahuan desert,13.0,Deserts & Xeric Shrublands,Nearctic
596,_ron_2030y_SOC,cf_mean,57.14075,Chilean Matorral,12.0,"Mediterranean Forests, Woodlands & Scrub",Neotropic
453,_ron_2030y_SOC,cf_mean,34.419636,Chimalapas montane forests,1.0,Tropical & Subtropical Moist Broadleaf Forests,Neotropic
226,_ron_2030y_SOC,cf_mean,36.117737,Chin Hills-Arakan Yoma montane forests,1.0,Tropical & Subtropical Moist Broadleaf Forests,Indomalayan
529,_ron_2030y_SOC,cf_mean,27.209677,Chiquitano dry forests,2.0,Tropical & Subtropical Dry Broadleaf Forests,Neotropic
454,_ron_2030y_SOC,cf_mean,66.59603,Chocó-Darién moist forests,1.0,Tropical & Subtropical Moist Broadleaf Forests,Neotropic
227,_ron_2030y_SOC,cf_mean,,Christmas and Cocos Islands tropical forests,1.0,Tropical & Subtropical Moist Broadleaf Forests,Indomalayan
772,_ron_2030y_SOC,cf_mean,,Chukchi Peninsula tundra,11.0,Tundra,Palearctic
568,_ron_2030y_SOC,cf_mean,,Clipperton Island shrub and grasslands,7.0,"Tropical & Subtropical Grasslands, Savannas & Shrublands",Neotropic
455,_ron_2030y_SOC,cf_mean,,Cocos Island moist forests,1.0,Tropical & Subtropical Moist Broadleaf Forests,Neotropic
429,_ron_2030y_SOC,cf_mean,28.553593,Colorado Plateau shrublands,13.0,Deserts & Xeric Shrublands,Nearctic
353,_ron_2030y_SOC,cf_mean,52.146507,Colorado Rockies forests,5.0,Temperate Conifer Forests,Nearctic
4,_ron_2030y_SOC,cf_mean,,Comoros forests,1.0,Tropical & Subtropical Moist Broadleaf Forests,Afrotropic
371,_ron_2030y_SOC,cf_mean,94.66775,Cook Inlet taiga,6.0,Boreal Forests/Taiga,Nearctic
620,_ron_2030y_SOC,cf_mean,,Cook Islands tropical moist forests,1.0,Tropical & Subtropical Moist Broadleaf Forests,Oceania
197,_ron_2030y_SOC,cf_mean,28.096888,Coolgardie woodlands,12.0,"Mediterranean Forests, Woodlands & Scrub",Australasia
372,_ron_2030y_SOC,cf_mean,88.814255,Copper Plateau taiga,6.0,Boreal Forests/Taiga,Nearctic
590,_ron_2030y_SOC,cf_mean,54.860577,Cordillera Central páramo,10.0,Montane Grasslands & Shrublands,Neotropic
591,_ron_2030y_SOC,cf_mean,,Cordillera de Merida páramo,10.0,Montane Grasslands & Shrublands,Neotropic
456,_ron_2030y_SOC,cf_mean,,Cordillera La Costa montane forests,1.0,Tropical & Subtropical Moist Broadleaf Forests,Neotropic
457,_ron_2030y_SOC,cf_mean,58.320362,Cordillera Oriental montane forests,1.0,Tropical & Subtropical Moist Broadleaf Forests,Neotropic
788,_ron_2030y_SOC,cf_mean,121.25844,Corsican montane broadleaf and mixed forests,12.0,"Mediterranean Forests, Woodlands & Scrub",Palearctic
458,_ron_2030y_SOC,cf_mean,,Costa Rican seasonal moist forests,1.0,Tropical & Subtropical Moist Broadleaf Forests,Neotropic
789,_ron_2030y_SOC,cf_mean,82.41962,Crete Mediterranean forests,12.0,"Mediterranean Forests, Woodlands & Scrub",Palearctic
658,_ron_2030y_SOC,cf_mean,72.60163,Crimean Submediterranean forest complex,4.0,Temperate Broadleaf & Mixed Forests,Palearctic
6,_ron_2030y_SOC,cf_mean,,Cross-Niger transition forests,1.0,Tropical & Subtropical Moist Broadleaf Forests,Afrotropic
7,_ron_2030y_SOC,cf_mean,53.166737,Cross-Sanaga-Bioko coastal forests,1.0,Tropical & Subtropical Moist Broadleaf Forests,Afrotropic
390,_ron_2030y_SOC,cf_mean,35.985558,Cross-Timbers savanna-woodland,8.0,"Temperate Grasslands, Savannas & Shrublands",Nearctic
600,_ron_2030y_SOC,cf_mean,,Cuban cactus scrub,13.0,Deserts & Xeric Shrublands,Neotropic
530,_ron_2030y_SOC,cf_mean,,Cuban dry forests,2.0,Tropical & Subtropical Dry Broadleaf Forests,Neotropic
459,_ron_2030y_SOC,cf_mean,,Cuban moist forests,1.0,Tropical & Subtropical Moist Broadleaf Forests,Neotropic
554,_ron_2030y_SOC,cf_mean,,Cuban pine forests,3.0,Tropical & Subtropical Coniferous Forests,Neotropic
579,_ron_2030y_SOC,cf_mean,,Cuban wetlands,9.0,Flooded Grasslands & Savannas,Neotropic
790,_ron_2030y_SOC,cf_mean,73.82062,Cyprus Mediterranean forests,12.0,"Mediterranean Forests, Woodlands & Scrub",Palearctic
693,_ron_2030y_SOC,cf_mean,73.38161,Da Hinggan-Dzhagdy Mountains conifer forests,5.0,Temperate Conifer Forests,Palearctic
659,_ron_2030y_SOC,cf_mean,47.138905,Daba Mountains evergreen forests,4.0,Temperate Broadleaf & Mixed Forests,Palearctic
726,_ron_2030y_SOC,cf_mean,55.99278,Daurian forest steppe,8.0,"Temperate Grasslands, Savannas & Shrublands",Palearctic
415,_ron_2030y_SOC,cf_mean,,Davis Highlands tundra,11.0,Tundra,Nearctic
315,_ron_2030y_SOC,cf_mean,18.911629,Deccan thorn scrub forests,13.0,Deserts & Xeric Shrublands,Indomalayan
660,_ron_2030y_SOC,cf_mean,74.23117,Dinaric Mountains mixed forests,4.0,Temperate Broadleaf & Mixed Forests,Palearctic
92,_ron_2030y_SOC,cf_mean,25.581038,Djibouti xeric shrublands,13.0,Deserts & Xeric Shrublands,Afrotropic
40,_ron_2030y_SOC,cf_mean,42.529327,Drakensberg Escarpment savanna and thicket,7.0,"Tropical & Subtropical Grasslands, Savannas & Shrublands",Afrotropic
41,_ron_2030y_SOC,cf_mean,42.263535,Drakensberg grasslands,7.0,"Tropical & Subtropical Grasslands, Savannas & Shrublands",Afrotropic
0,_ron_2030y_SOC,cf_mean,80.79306,Rock and Ice,11.0,N/A,N/A
569,_ron_2030y_SOC,cf_mean,24.610777,Dry Chaco,7.0,"Tropical & Subtropical Grasslands, Savannas & Shrublands",Neotropic
694,_ron_2030y_SOC,cf_mean,28.184233,East Afghan montane conifer forests,5.0,Temperate Conifer Forests,Palearctic
69,_ron_2030y_SOC,cf_mean,27.953901,East African halophytics,9.0,Flooded Grasslands & Savannas,Afrotropic
112,_ron_2030y_SOC,cf_mean,,East African mangroves,14.0,Mangroves,Afrotropic
120,_ron_2030y_SOC,cf_mean,,East Antarctic tundra,11.0,Tundra,Antarctica
821,_ron_2030y_SOC,cf_mean,29.21712,East Arabian fog shrublands and sand desert,13.0,Deserts & Xeric Shrublands,Palearctic
332,_ron_2030y_SOC,cf_mean,27.679575,East Central Texas forests,4.0,Temperate Broadleaf & Mixed Forests,Nearctic
293,_ron_2030y_SOC,cf_mean,,East Deccan dry-evergreen forests,2.0,Tropical & Subtropical Dry Broadleaf Forests,Indomalayan
661,_ron_2030y_SOC,cf_mean,68.31993,East European forest steppe,4.0,Temperate Broadleaf & Mixed Forests,Palearctic
822,_ron_2030y_SOC,cf_mean,14.408508,East Sahara Desert,13.0,Deserts & Xeric Shrublands,Palearctic
823,_ron_2030y_SOC,cf_mean,11.552324,East Saharan montane xeric woodlands,13.0,Deserts & Xeric Shrublands,Palearctic
710,_ron_2030y_SOC,cf_mean,69.5904,East Siberian taiga,6.0,Boreal Forests/Taiga,Palearctic
43,_ron_2030y_SOC,cf_mean,40.583225,East Sudanian savanna,7.0,"Tropical & Subtropical Grasslands, Savannas & Shrublands",Afrotropic
662,_ron_2030y_SOC,cf_mean,,Eastern Anatolian deciduous forests,4.0,Temperate Broadleaf & Mixed Forests,Palearctic
727,_ron_2030y_SOC,cf_mean,46.049877,Eastern Anatolian montane steppe,8.0,"Temperate Grasslands, Savannas & Shrublands",Palearctic
191,_ron_2030y_SOC,cf_mean,15.010647,Eastern Australia mulga shrublands,8.0,"Temperate Grasslands, Savannas & Shrublands",Australasia
168,_ron_2030y_SOC,cf_mean,46.27635,Eastern Australian temperate forests,4.0,Temperate Broadleaf & Mixed Forests,Australasia
373,_ron_2030y_SOC,cf_mean,77.32973,Eastern Canadian forests,6.0,Boreal Forests/Taiga,Nearctic
374,_ron_2030y_SOC,cf_mean,82.56224,Eastern Canadian Shield taiga,6.0,Boreal Forests/Taiga,Nearctic
354,_ron_2030y_SOC,cf_mean,46.332058,Eastern Cascades forests,5.0,Temperate Conifer Forests,Nearctic
10,_ron_2030y_SOC,cf_mean,,Eastern Congolian swamp forests,1.0,Tropical & Subtropical Moist Broadleaf Forests,Afrotropic
460,_ron_2030y_SOC,cf_mean,56.247135,Eastern Cordillera Real montane forests,1.0,Tropical & Subtropical Moist Broadleaf Forests,Neotropic
333,_ron_2030y_SOC,cf_mean,61.831203,Eastern Canadian Forest-Boreal transition,4.0,Temperate Broadleaf & Mixed Forests,Nearctic
824,_ron_2030y_SOC,cf_mean,27.762783,Eastern Gobi desert steppe,13.0,Deserts & Xeric Shrublands,Palearctic
334,_ron_2030y_SOC,cf_mean,66.58908,Eastern Great Lakes lowland forests,4.0,Temperate Broadleaf & Mixed Forests,Nearctic
11,_ron_2030y_SOC,cf_mean,,Eastern Guinean forests,1.0,Tropical & Subtropical Moist Broadleaf Forests,Afrotropic
228,_ron_2030y_SOC,cf_mean,24.516869,East Deccan moist deciduous forests,1.0,Tropical & Subtropical Moist Broadleaf Forests,Indomalayan
751,_ron_2030y_SOC,cf_mean,66.40898,Eastern Himalayan alpine shrub and meadows,10.0,Montane Grasslands & Shrublands,Palearctic
306,_ron_2030y_SOC,cf_mean,46.66741,Eastern Himalayan broadleaf forests,4.0,Temperate Broadleaf & Mixed Forests,Indomalayan
309,_ron_2030y_SOC,cf_mean,58.63374,Eastern Himalayan subalpine conifer forests,5.0,Temperate Conifer Forests,Indomalayan
229,_ron_2030y_SOC,cf_mean,,Eastern Java-Bali montane rain forests,1.0,Tropical & Subtropical Moist Broadleaf Forests,Indomalayan
230,_ron_2030y_SOC,cf_mean,,Eastern Java-Bali rain forests,1.0,Tropical & Subtropical Moist Broadleaf Forests,Indomalayan
791,_ron_2030y_SOC,cf_mean,27.739717,Eastern Mediterranean conifer-broadleaf forests,12.0,"Mediterranean Forests, Woodlands & Scrub",Palearctic
621,_ron_2030y_SOC,cf_mean,,Eastern Micronesia tropical moist forests,1.0,Tropical & Subtropical Moist Broadleaf Forests,Oceania
461,_ron_2030y_SOC,cf_mean,,Eastern Panamanian montane forests,1.0,Tropical & Subtropical Moist Broadleaf Forests,Neotropic
531,_ron_2030y_SOC,cf_mean,,Ecuadorian dry forests,2.0,Tropical & Subtropical Dry Broadleaf Forests,Neotropic
391,_ron_2030y_SOC,cf_mean,30.895805,Edwards Plateau savanna,8.0,"Temperate Grasslands, Savannas & Shrublands",Nearctic
185,_ron_2030y_SOC,cf_mean,17.903158,Einasleigh upland savanna,7.0,"Tropical & Subtropical Grasslands, Savannas & Shrublands",Australasia
695,_ron_2030y_SOC,cf_mean,42.476383,Elburz Range forest steppe,5.0,Temperate Conifer Forests,Palearctic
121,_ron_2030y_SOC,cf_mean,,Ellsworth Land tundra,11.0,Tundra,Antarctica
122,_ron_2030y_SOC,cf_mean,,Ellsworth Mountains tundra,11.0,Tundra,Antarctica
728,_ron_2030y_SOC,cf_mean,39.06354,Emin Valley steppe,8.0,"Temperate Grasslands, Savannas & Shrublands",Palearctic
123,_ron_2030y_SOC,cf_mean,,Enderby Land tundra,11.0,Tundra,Antarctica
663,_ron_2030y_SOC,cf_mean,,English Lowlands beech forests,4.0,Temperate Broadleaf & Mixed Forests,Palearctic
580,_ron_2030y_SOC,cf_mean,,Enriquillo wetlands,9.0,Flooded Grasslands & Savannas,Neotropic
93,_ron_2030y_SOC,cf_mean,,Eritrean coastal desert,13.0,Deserts & Xeric Shrublands,Afrotropic
198,_ron_2030y_SOC,cf_mean,32.36526,Esperance mallee,12.0,"Mediterranean Forests, Woodlands & Scrub",Australasia
575,_ron_2030y_SOC,cf_mean,28.247234,Espinal,8.0,"Temperate Grasslands, Savannas & Shrublands",Neotropic
12,_ron_2030y_SOC,cf_mean,48.93647,Ethiopian montane forests,1.0,Tropical & Subtropical Moist Broadleaf Forests,Afrotropic
79,_ron_2030y_SOC,cf_mean,39.776367,Ethiopian montane grasslands and woodlands,10.0,Montane Grasslands & Shrublands,Afrotropic
80,_ron_2030y_SOC,cf_mean,49.20449,Ethiopian montane moorlands,10.0,Montane Grasslands & Shrublands,Afrotropic
70,_ron_2030y_SOC,cf_mean,21.196733,Etosha Pan halophytics,9.0,Flooded Grasslands & Savannas,Afrotropic
665,_ron_2030y_SOC,cf_mean,63.014484,Euxine-Colchic broadleaf forests,4.0,Temperate Broadleaf & Mixed Forests,Palearctic
581,_ron_2030y_SOC,cf_mean,40.777386,Everglades flooded grasslands,9.0,Flooded Grasslands & Savannas,Neotropic
199,_ron_2030y_SOC,cf_mean,37.986618,Eyre and York mallee,12.0,"Mediterranean Forests, Woodlands & Scrub",Australasia
729,_ron_2030y_SOC,cf_mean,,Faroe Islands boreal grasslands,8.0,"Temperate Grasslands, Savannas & Shrublands",Palearctic
462,_ron_2030y_SOC,cf_mean,,Fernando de Noronha-Atol das Rocas moist forests,1.0,Tropical & Subtropical Moist Broadleaf Forests,Neotropic
635,_ron_2030y_SOC,cf_mean,,Fiji tropical dry forests,2.0,Tropical & Subtropical Dry Broadleaf Forests,Oceania
622,_ron_2030y_SOC,cf_mean,,Fiji tropical moist forests,1.0,Tropical & Subtropical Moist Broadleaf Forests,Oceania
169,_ron_2030y_SOC,cf_mean,132.35715,Fiordland temperate forests,4.0,Temperate Broadleaf & Mixed Forests,Australasia
200,_ron_2030y_SOC,cf_mean,26.40862,Flinders-Lofty montane woodlands,12.0,"Mediterranean Forests, Woodlands & Scrub",Australasia
392,_ron_2030y_SOC,cf_mean,59.750137,Flint Hills tallgrass prairie,8.0,"Temperate Grasslands, Savannas & Shrublands",Nearctic
355,_ron_2030y_SOC,cf_mean,57.527122,Fraser Plateau and Basin conifer forests,5.0,Temperate Conifer Forests,Nearctic
89,_ron_2030y_SOC,cf_mean,38.65545,Fynbos shrubland,12.0,"Mediterranean Forests, Woodlands & Scrub",Afrotropic
601,_ron_2030y_SOC,cf_mean,64.81506,Galápagos Islands xeric scrub,13.0,Deserts & Xeric Shrublands,Neotropic
94,_ron_2030y_SOC,cf_mean,16.38986,Gariep Karoo,13.0,Deserts & Xeric Shrublands,Afrotropic
752,_ron_2030y_SOC,cf_mean,36.79535,Ghorat-Hazarajat alpine meadow,10.0,Montane Grasslands & Shrublands,Palearctic
209,_ron_2030y_SOC,cf_mean,12.099318,Gibson desert,13.0,Deserts & Xeric Shrublands,Australasia
730,_ron_2030y_SOC,cf_mean,43.894485,Gissaro-Alai open woodlands,8.0,"Temperate Grasslands, Savannas & Shrublands",Palearctic
316,_ron_2030y_SOC,cf_mean,27.083578,Godavari-Krishna mangroves,13.0,Deserts & Xeric Shrublands,Indomalayan
825,_ron_2030y_SOC,cf_mean,26.650253,Gobi Lakes Valley desert steppe,13.0,Deserts & Xeric Shrublands,Palearctic
13,_ron_2030y_SOC,cf_mean,,Granitic Seychelles forests,1.0,Tropical & Subtropical Moist Broadleaf Forests,Afrotropic
356,_ron_2030y_SOC,cf_mean,39.260094,Great Basin montane forests,5.0,Temperate Conifer Forests,Nearctic
430,_ron_2030y_SOC,cf_mean,28.263964,Great Basin shrub steppe,13.0,Deserts & Xeric Shrublands,Nearctic
826,_ron_2030y_SOC,cf_mean,40.137505,Great Lakes Basin desert steppe,13.0,Deserts & Xeric Shrublands,Palearctic
210,_ron_2030y_SOC,cf_mean,12.392374,Great Sandy-Tanami desert,13.0,Deserts & Xeric Shrublands,Australasia
211,_ron_2030y_SOC,cf_mean,19.564138,Great Victoria desert,13.0,Deserts & Xeric Shrublands,Australasia
231,_ron_2030y_SOC,cf_mean,,Greater Negros-Panay rain forests,1.0,Tropical & Subtropical Moist Broadleaf Forests,Indomalayan
602,_ron_2030y_SOC,cf_mean,82.45958,Guajira-Barranquilla xeric scrub,13.0,Deserts & Xeric Shrublands,Neotropic
582,_ron_2030y_SOC,cf_mean,,Guayaquil flooded grasslands,9.0,Flooded Grasslands & Savannas,Neotropic
463,_ron_2030y_SOC,cf_mean,,Guianan freshwater swamp forests,1.0,Tropical & Subtropical Moist Broadleaf Forests,Neotropic
464,_ron_2030y_SOC,cf_mean,54.682262,Guianan Highlands moist forests,1.0,Tropical & Subtropical Moist Broadleaf Forests,Neotropic
465,_ron_2030y_SOC,cf_mean,,Guianan lowland moist forests,1.0,Tropical & Subtropical Moist Broadleaf Forests,Neotropic
466,_ron_2030y_SOC,cf_mean,46.761383,Guianan piedmont moist forests,1.0,Tropical & Subtropical Moist Broadleaf Forests,Neotropic
570,_ron_2030y_SOC,cf_mean,,Guianan savanna,7.0,"Tropical & Subtropical Grasslands, Savannas & Shrublands",Neotropic
44,_ron_2030y_SOC,cf_mean,38.543266,Guinean forest-savanna,7.0,"Tropical & Subtropical Grasslands, Savannas & Shrublands",Afrotropic
113,_ron_2030y_SOC,cf_mean,,Guinean mangroves,14.0,Mangroves,Afrotropic
14,_ron_2030y_SOC,cf_mean,,Guinean montane forests,1.0,Tropical & Subtropical Moist Broadleaf Forests,Afrotropic
642,_ron_2030y_SOC,cf_mean,46.390858,Guizhou Plateau broadleaf and mixed forests,1.0,Tropical & Subtropical Moist Broadleaf Forests,Palearctic
431,_ron_2030y_SOC,cf_mean,59.538403,Gulf of California xeric scrub,13.0,Deserts & Xeric Shrublands,Nearctic
335,_ron_2030y_SOC,cf_mean,64.35844,Gulf of St. Lawrence lowland forests,4.0,Temperate Broadleaf & Mixed Forests,Nearctic
467,_ron_2030y_SOC,cf_mean,,Gurupa várzea,1.0,Tropical & Subtropical Moist Broadleaf Forests,Neotropic
232,_ron_2030y_SOC,cf_mean,55.81121,Hainan Island monsoon rain forests,1.0,Tropical & Subtropical Moist Broadleaf Forests,Indomalayan
140,_ron_2030y_SOC,cf_mean,,Halmahera rain forests,1.0,Tropical & Subtropical Moist Broadleaf Forests,Australasia
201,_ron_2030y_SOC,cf_mean,54.85531,Hampton mallee and woodlands,12.0,"Mediterranean Forests, Woodlands & Scrub",Australasia
636,_ron_2030y_SOC,cf_mean,51.56379,Hawai'i tropical dry forests,2.0,Tropical & Subtropical Dry Broadleaf Forests,Oceania
639,_ron_2030y_SOC,cf_mean,49.359203,Hawai'i tropical high shrublands,7.0,"Tropical & Subtropical Grasslands, Savannas & Shrublands",Oceania
640,_ron_2030y_SOC,cf_mean,69.48159,Hawai'i tropical low shrublands,7.0,"Tropical & Subtropical Grasslands, Savannas & Shrublands",Oceania
623,_ron_2030y_SOC,cf_mean,73.46663,Hawai'i tropical moist forests,1.0,Tropical & Subtropical Moist Broadleaf Forests,Oceania
696,_ron_2030y_SOC,cf_mean,29.510183,Helanshan montane conifer forests,5.0,Temperate Conifer Forests,Palearctic
697,_ron_2030y_SOC,cf_mean,78.92444,Hengduan Mountains subalpine conifer forests,5.0,Temperate Conifer Forests,Palearctic
412,_ron_2030y_SOC,cf_mean,,Canadian High Arctic tundra,11.0,Tundra,Nearctic
592,_ron_2030y_SOC,cf_mean,28.004622,High Monte,10.0,Montane Grasslands & Shrublands,Neotropic
81,_ron_2030y_SOC,cf_mean,29.35759,Highveld grasslands,10.0,Montane Grasslands & Shrublands,Afrotropic
233,_ron_2030y_SOC,cf_mean,32.528645,Himalayan subtropical broadleaf forests,1.0,Tropical & Subtropical Moist Broadleaf Forests,Indomalayan
302,_ron_2030y_SOC,cf_mean,40.582294,Himalayan subtropical pine forests,3.0,Tropical & Subtropical Coniferous Forests,Indomalayan
753,_ron_2030y_SOC,cf_mean,49.618626,Hindu Kush alpine meadow,10.0,Montane Grasslands & Shrublands,Palearctic
532,_ron_2030y_SOC,cf_mean,,Hispaniolan dry forests,2.0,Tropical & Subtropical Dry Broadleaf Forests,Neotropic
468,_ron_2030y_SOC,cf_mean,,Hispaniolan moist forests,1.0,Tropical & Subtropical Moist Broadleaf Forests,Neotropic
555,_ron_2030y_SOC,cf_mean,,Hispaniolan pine forests,3.0,Tropical & Subtropical Coniferous Forests,Neotropic
95,_ron_2030y_SOC,cf_mean,,Hobyo grasslands and shrublands,13.0,Deserts & Xeric Shrublands,Afrotropic
666,_ron_2030y_SOC,cf_mean,95.07394,Hokkaido deciduous forests,4.0,Temperate Broadleaf & Mixed Forests,Palearctic
698,_ron_2030y_SOC,cf_mean,95.77682,Hokkaido montane conifer forests,5.0,Temperate Conifer Forests,Palearctic
699,_ron_2030y_SOC,cf_mean,87.06723,Honshu alpine conifer forests,5.0,Temperate Conifer Forests,Palearctic
45,_ron_2030y_SOC,cf_mean,12.685156,Horn of Africa xeric bushlands,7.0,"Tropical & Subtropical Grasslands, Savannas & Shrublands",Afrotropic
667,_ron_2030y_SOC,cf_mean,32.534966,Huang He Plain mixed forests,4.0,Temperate Broadleaf & Mixed Forests,Palearctic
571,_ron_2030y_SOC,cf_mean,26.634817,Humid Chaco,7.0,"Tropical & Subtropical Grasslands, Savannas & Shrublands",Neotropic
576,_ron_2030y_SOC,cf_mean,43.717506,Humid Pampas,8.0,"Temperate Grasslands, Savannas & Shrublands",Neotropic
141,_ron_2030y_SOC,cf_mean,,Huon Peninsula montane rain forests,1.0,Tropical & Subtropical Moist Broadleaf Forests,Australasia
792,_ron_2030y_SOC,cf_mean,40.47372,Iberian conifer forests,12.0,"Mediterranean Forests, Woodlands & Scrub",Palearctic
793,_ron_2030y_SOC,cf_mean,35.71165,Iberian sclerophyllous and semi-deciduous forests,12.0,"Mediterranean Forests, Woodlands & Scrub",Palearctic
711,_ron_2030y_SOC,cf_mean,,Iceland boreal birch forests and alpine tundra,6.0,Boreal Forests/Taiga,Palearctic
794,_ron_2030y_SOC,cf_mean,61.59322,Illyrian deciduous forests,12.0,"Mediterranean Forests, Woodlands & Scrub",Palearctic
319,_ron_2030y_SOC,cf_mean,,Indochina mangroves,14.0,Mangroves,Indomalayan
320,_ron_2030y_SOC,cf_mean,23.67453,Indus River Delta-Arabian Sea mangroves,14.0,Mangroves,Indomalayan
317,_ron_2030y_SOC,cf_mean,13.07892,Indus Valley desert,13.0,Deserts & Xeric Shrublands,Indomalayan
71,_ron_2030y_SOC,cf_mean,14.773977,Inner Niger Delta flooded savanna,9.0,Flooded Grasslands & Savannas,Afrotropic
375,_ron_2030y_SOC,cf_mean,75.20166,Interior Alaska-Yukon lowland taiga,6.0,Boreal Forests/Taiga,Nearctic
336,_ron_2030y_SOC,cf_mean,42.194733,Interior Plateau US Hardwood Forests,4.0,Temperate Broadleaf & Mixed Forests,Nearctic
416,_ron_2030y_SOC,cf_mean,62.00939,Interior Yukon-Alaska alpine tundra,11.0,Tundra,Nearctic
469,_ron_2030y_SOC,cf_mean,38.669655,Iquitos várzea,1.0,Tropical & Subtropical Moist Broadleaf Forests,Neotropic
294,_ron_2030y_SOC,cf_mean,23.249208,Irrawaddy dry forests,2.0,Tropical & Subtropical Dry Broadleaf Forests,Indomalayan
234,_ron_2030y_SOC,cf_mean,,Irrawaddy freshwater swamp forests,1.0,Tropical & Subtropical Moist Broadleaf Forests,Indomalayan
235,_ron_2030y_SOC,cf_mean,26.649462,Irrawaddy moist deciduous forests,1.0,Tropical & Subtropical Moist Broadleaf Forests,Indomalayan
533,_ron_2030y_SOC,cf_mean,,Islas Revillagigedo dry forests,2.0,Tropical & Subtropical Dry Broadleaf Forests,Neotropic
470,_ron_2030y_SOC,cf_mean,,Isthmian-Atlantic moist forests,1.0,Tropical & Subtropical Moist Broadleaf Forests,Neotropic
471,_ron_2030y_SOC,cf_mean,,Isthmian-Pacific moist forests,1.0,Tropical & Subtropical Moist Broadleaf Forests,Neotropic
795,_ron_2030y_SOC,cf_mean,55.36368,Italian sclerophyllous and semi-deciduous forests,12.0,"Mediterranean Forests, Woodlands & Scrub",Palearctic
46,_ron_2030y_SOC,cf_mean,18.043564,Itigi-Sumbu thicket,7.0,"Tropical & Subtropical Grasslands, Savannas & Shrublands",Afrotropic
534,_ron_2030y_SOC,cf_mean,50.52837,Jalisco dry forests,2.0,Tropical & Subtropical Dry Broadleaf Forests,Neotropic
535,_ron_2030y_SOC,cf_mean,,Jamaican dry forests,2.0,Tropical & Subtropical Dry Broadleaf Forests,Neotropic
472,_ron_2030y_SOC,cf_mean,,Jamaican moist forests,1.0,Tropical & Subtropical Moist Broadleaf Forests,Neotropic
473,_ron_2030y_SOC,cf_mean,,Japurá-Solimões-Negro moist forests,1.0,Tropical & Subtropical Moist Broadleaf Forests,Neotropic
202,_ron_2030y_SOC,cf_mean,80.09895,Jarrah-Karri forest and shrublands,12.0,"Mediterranean Forests, Woodlands & Scrub",Australasia
236,_ron_2030y_SOC,cf_mean,37.51155,Jian Nan subtropical evergreen forests,1.0,Tropical & Subtropical Moist Broadleaf Forests,Indomalayan
82,_ron_2030y_SOC,cf_mean,16.078497,Jos Plateau forest-grassland,10.0,Montane Grasslands & Shrublands,Afrotropic
560,_ron_2030y_SOC,cf_mean,,Juan Fernández Islands temperate forests,4.0,Temperate Broadleaf & Mixed Forests,Neotropic
827,_ron_2030y_SOC,cf_mean,34.005836,Junggar Basin semi-desert,13.0,Deserts & Xeric Shrublands,Palearctic
474,_ron_2030y_SOC,cf_mean,,Juruá-Purus moist forests,1.0,Tropical & Subtropical Moist Broadleaf Forests,Neotropic
418,_ron_2030y_SOC,cf_mean,,Kalaallit Nunaat High Arctic tundra,11.0,Tundra,Nearctic
47,_ron_2030y_SOC,cf_mean,16.199764,Kalahari Acacia woodlands,7.0,"Tropical & Subtropical Grasslands, Savannas & Shrublands",Afrotropic
97,_ron_2030y_SOC,cf_mean,13.70629,Kalahari xeric savanna,13.0,Deserts & Xeric Shrublands,Afrotropic
713,_ron_2030y_SOC,cf_mean,89.04805,Kamchatka-Kurile meadows and sparse forests,6.0,Boreal Forests/Taiga,Palearctic
712,_ron_2030y_SOC,cf_mean,88.582054,Kamchatka taiga,6.0,Boreal Forests/Taiga,Palearctic
98,_ron_2030y_SOC,cf_mean,22.011011,Kaokoveld desert,13.0,Deserts & Xeric Shrublands,Afrotropic
754,_ron_2030y_SOC,cf_mean,59.579712,Karakoram-West Tibetan Plateau alpine steppe,10.0,Montane Grasslands & Shrublands,Palearctic
237,_ron_2030y_SOC,cf_mean,30.754835,Kayah-Karen montane rain forests,1.0,Tropical & Subtropical Moist Broadleaf Forests,Indomalayan
731,_ron_2030y_SOC,cf_mean,64.7676,Kazakh forest steppe,8.0,"Temperate Grasslands, Savannas & Shrublands",Palearctic
828,_ron_2030y_SOC,cf_mean,28.684586,Kazakh semi-desert,13.0,Deserts & Xeric Shrublands,Palearctic
732,_ron_2030y_SOC,cf_mean,45.243122,Kazakh steppe,8.0,"Temperate Grasslands, Savannas & Shrublands",Palearctic
733,_ron_2030y_SOC,cf_mean,43.941944,Kazakh upland steppe,8.0,"Temperate Grasslands, Savannas & Shrublands",Palearctic
624,_ron_2030y_SOC,cf_mean,,Kermadec Islands subtropical moist forests,1.0,Tropical & Subtropical Moist Broadleaf Forests,Oceania
755,_ron_2030y_SOC,cf_mean,54.407234,Khangai Mountains alpine meadow,10.0,Montane Grasslands & Shrublands,Palearctic
700,_ron_2030y_SOC,cf_mean,62.146408,Khangai Mountains conifer forests,5.0,Temperate Conifer Forests,Palearctic
295,_ron_2030y_SOC,cf_mean,16.154663,Khathiar-Gir dry deciduous forests,2.0,Tropical & Subtropical Dry Broadleaf Forests,Indomalayan
186,_ron_2030y_SOC,cf_mean,14.9357815,Kimberly tropical savanna,7.0,"Tropical & Subtropical Grasslands, Savannas & Shrublands",Australasia
357,_ron_2030y_SOC,cf_mean,53.624557,Klamath-Siskiyou forests,5.0,Temperate Conifer Forests,Nearctic
15,_ron_2030y_SOC,cf_mean,59.443607,Knysna-Amatole montane forests,1.0,Tropical & Subtropical Moist Broadleaf Forests,Afrotropic
774,_ron_2030y_SOC,cf_mean,,Kola Peninsula tundra,11.0,Tundra,Palearctic
829,_ron_2030y_SOC,cf_mean,21.455866,Kopet Dag semi-desert,13.0,Deserts & Xeric Shrublands,Palearctic
756,_ron_2030y_SOC,cf_mean,22.324762,Kopet Dag woodlands and forest steppe,10.0,Montane Grasslands & Shrublands,Palearctic
757,_ron_2030y_SOC,cf_mean,12.084288,Kuh Rud and Eastern Iran montane woodlands,10.0,Montane Grasslands & Shrublands,Palearctic
16,_ron_2030y_SOC,cf_mean,51.86887,Kwazulu Natal-Cape coastal forests,1.0,Tropical & Subtropical Moist Broadleaf Forests,Afrotropic
603,_ron_2030y_SOC,cf_mean,,La Costa xeric shrublands,13.0,Deserts & Xeric Shrublands,Neotropic
72,_ron_2030y_SOC,cf_mean,13.548796,Lake Chad flooded savanna,9.0,Flooded Grasslands & Savannas,Afrotropic
536,_ron_2030y_SOC,cf_mean,,Lara-Falcón dry forests,2.0,Tropical & Subtropical Dry Broadleaf Forests,Neotropic
475,_ron_2030y_SOC,cf_mean,,Leeward Islands moist forests,1.0,Tropical & Subtropical Moist Broadleaf Forests,Neotropic
163,_ron_2030y_SOC,cf_mean,,Lesser Sundas deciduous forests,2.0,Tropical & Subtropical Dry Broadleaf Forests,Australasia
48,_ron_2030y_SOC,cf_mean,24.895563,Limpopo lowveld,7.0,"Tropical & Subtropical Grasslands, Savannas & Shrublands",Afrotropic
572,_ron_2030y_SOC,cf_mean,59.36133,Llanos,7.0,"Tropical & Subtropical Grasslands, Savannas & Shrublands",Neotropic
142,_ron_2030y_SOC,cf_mean,,Lord Howe Island subtropical forests,1.0,Tropical & Subtropical Moist Broadleaf Forests,Australasia
143,_ron_2030y_SOC,cf_mean,,Louisiade Archipelago rain forests,1.0,Tropical & Subtropical Moist Broadleaf Forests,Australasia
577,_ron_2030y_SOC,cf_mean,20.372856,Low Monte,8.0,"Temperate Grasslands, Savannas & Shrublands",Neotropic
238,_ron_2030y_SOC,cf_mean,24.231886,Lower Gangetic Plains moist deciduous forests,1.0,Tropical & Subtropical Moist Broadleaf Forests,Indomalayan
239,_ron_2030y_SOC,cf_mean,27.78878,Luang Prabang montane rain forests,1.0,Tropical & Subtropical Moist Broadleaf Forests,Indomalayan
240,_ron_2030y_SOC,cf_mean,,Luzon montane rain forests,1.0,Tropical & Subtropical Moist Broadleaf Forests,Indomalayan
241,_ron_2030y_SOC,cf_mean,,Luzon rain forests,1.0,Tropical & Subtropical Moist Broadleaf Forests,Indomalayan
303,_ron_2030y_SOC,cf_mean,,Luzon tropical pine forests,3.0,Tropical & Subtropical Coniferous Forests,Indomalayan
32,_ron_2030y_SOC,cf_mean,26.876945,Madagascar dry deciduous forests,2.0,Tropical & Subtropical Dry Broadleaf Forests,Afrotropic
83,_ron_2030y_SOC,cf_mean,44.00249,Madagascar ericoid thickets,10.0,Montane Grasslands & Shrublands,Afrotropic
17,_ron_2030y_SOC,cf_mean,46.270187,Madagascar humid forests,1.0,Tropical & Subtropical Moist Broadleaf Forests,Afrotropic
114,_ron_2030y_SOC,cf_mean,,Madagascar mangroves,14.0,Mangroves,Afrotropic
99,_ron_2030y_SOC,cf_mean,26.634352,Madagascar spiny thickets,13.0,Deserts & Xeric Shrublands,Afrotropic
18,_ron_2030y_SOC,cf_mean,32.87289,Madagascar subhumid forests,1.0,Tropical & Subtropical Moist Broadleaf Forests,Afrotropic
100,_ron_2030y_SOC,cf_mean,21.23706,Madagascar succulent woodlands,13.0,Deserts & Xeric Shrublands,Afrotropic
476,_ron_2030y_SOC,cf_mean,,Madeira-Tapajós moist forests,1.0,Tropical & Subtropical Moist Broadleaf Forests,Neotropic
668,_ron_2030y_SOC,cf_mean,,Madeira evergreen forests,4.0,Temperate Broadleaf & Mixed Forests,Palearctic
478,_ron_2030y_SOC,cf_mean,42.40884,Magdalena-Urabá moist forests,1.0,Tropical & Subtropical Moist Broadleaf Forests,Neotropic
538,_ron_2030y_SOC,cf_mean,65.36174,Magdalena Valley dry forests,2.0,Tropical & Subtropical Dry Broadleaf Forests,Neotropic
477,_ron_2030y_SOC,cf_mean,62.527424,Magdalena Valley montane forests,1.0,Tropical & Subtropical Moist Broadleaf Forests,Neotropic
561,_ron_2030y_SOC,cf_mean,86.93119,Magellanic subpolar forests,4.0,Temperate Broadleaf & Mixed Forests,Neotropic
73,_ron_2030y_SOC,cf_mean,12.852543,Makgadikgadi halophytics,9.0,Flooded Grasslands & Savannas,Afrotropic
242,_ron_2030y_SOC,cf_mean,39.972595,Malabar Coast moist forests,1.0,Tropical & Subtropical Moist Broadleaf Forests,Indomalayan
243,_ron_2030y_SOC,cf_mean,,Maldives-Lakshadweep-Chagos Archipelago tropical moist forests,1.0,Tropical & Subtropical Moist Broadleaf Forests,Indomalayan
604,_ron_2030y_SOC,cf_mean,,Malpelo Island xeric scrub,13.0,Deserts & Xeric Shrublands,Neotropic
669,_ron_2030y_SOC,cf_mean,64.102425,Manchurian mixed forests,4.0,Temperate Broadleaf & Mixed Forests,Palearctic
49,_ron_2030y_SOC,cf_mean,16.60747,Mandara Plateau woodlands,7.0,"Tropical & Subtropical Grasslands, Savannas & Shrublands",Afrotropic
19,_ron_2030y_SOC,cf_mean,27.050478,Maputaland coastal forests and woodlands,1.0,Tropical & Subtropical Moist Broadleaf Forests,Afrotropic
539,_ron_2030y_SOC,cf_mean,,Maracaibo dry forests,2.0,Tropical & Subtropical Dry Broadleaf Forests,Neotropic
480,_ron_2030y_SOC,cf_mean,,Marajó várzea,1.0,Tropical & Subtropical Moist Broadleaf Forests,Neotropic
540,_ron_2030y_SOC,cf_mean,,Maranhão Babaçu forests,2.0,Tropical & Subtropical Dry Broadleaf Forests,Neotropic
479,_ron_2030y_SOC,cf_mean,47.641487,Marañón dry forests,1.0,Tropical & Subtropical Moist Broadleaf Forests,Neotropic
637,_ron_2030y_SOC,cf_mean,,Marianas tropical dry forests,2.0,Tropical & Subtropical Dry Broadleaf Forests,Oceania
625,_ron_2030y_SOC,cf_mean,,Marquesas tropical moist forests,1.0,Tropical & Subtropical Moist Broadleaf Forests,Oceania
50,_ron_2030y_SOC,cf_mean,22.1432,Masai xeric grasslands and shrublands,7.0,"Tropical & Subtropical Grasslands, Savannas & Shrublands",Afrotropic
20,_ron_2030y_SOC,cf_mean,,Mascarene forests,1.0,Tropical & Subtropical Moist Broadleaf Forests,Afrotropic
481,_ron_2030y_SOC,cf_mean,,Mato Grosso tropical dry forests,1.0,Tropical & Subtropical Moist Broadleaf Forests,Neotropic
796,_ron_2030y_SOC,cf_mean,19.94644,Mediterranean Acacia-Argania dry woodlands and succulent thickets,12.0,"Mediterranean Forests, Woodlands & Scrub",Palearctic
701,_ron_2030y_SOC,cf_mean,35.71745,Mediterranean conifer and mixed forests,5.0,Temperate Conifer Forests,Palearctic
797,_ron_2030y_SOC,cf_mean,14.93328,Mediterranean dry woodlands and steppe,12.0,"Mediterranean Forests, Woodlands & Scrub",Palearctic
758,_ron_2030y_SOC,cf_mean,24.429113,Mediterranean High Atlas juniper steppe,10.0,Montane Grasslands & Shrublands,Palearctic
798,_ron_2030y_SOC,cf_mean,28.47648,Mediterranean woodlands and forests,12.0,"Mediterranean Forests, Woodlands & Scrub",Palearctic
244,_ron_2030y_SOC,cf_mean,32.29575,Meghalaya subtropical forests,1.0,Tropical & Subtropical Moist Broadleaf Forests,Indomalayan
245,_ron_2030y_SOC,cf_mean,,Mentawai Islands rain forests,1.0,Tropical & Subtropical Moist Broadleaf Forests,Indomalayan
432,_ron_2030y_SOC,cf_mean,30.90637,Meseta Central matorral,13.0,Deserts & Xeric Shrublands,Nearctic
613,_ron_2030y_SOC,cf_mean,57.976757,Mesoamerican Gulf-Caribbean mangroves,14.0,Mangroves,Neotropic
830,_ron_2030y_SOC,cf_mean,14.422371,Mesopotamian shrub desert,13.0,Deserts & Xeric Shrublands,Palearctic
376,_ron_2030y_SOC,cf_mean,53.925167,Mid-Canada Boreal Plains forests,6.0,Boreal Forests/Taiga,Nearctic
414,_ron_2030y_SOC,cf_mean,,Canadian Middle Arctic Tundra,11.0,Tundra,Nearctic
393,_ron_2030y_SOC,cf_mean,45.307514,Mid-Atlantic US coastal savannas,8.0,"Temperate Grasslands, Savannas & Shrublands",Nearctic
377,_ron_2030y_SOC,cf_mean,62.506092,Midwest Canadian Shield forests,6.0,Boreal Forests/Taiga,Nearctic
247,_ron_2030y_SOC,cf_mean,,Mindanao-Eastern Visayas rain forests,1.0,Tropical & Subtropical Moist Broadleaf Forests,Indomalayan
246,_ron_2030y_SOC,cf_mean,,Mindanao montane rain forests,1.0,Tropical & Subtropical Moist Broadleaf Forests,Indomalayan
248,_ron_2030y_SOC,cf_mean,,Mindoro rain forests,1.0,Tropical & Subtropical Moist Broadleaf Forests,Indomalayan
573,_ron_2030y_SOC,cf_mean,,Miskito pine forests,7.0,"Tropical & Subtropical Grasslands, Savannas & Shrublands",Neotropic
337,_ron_2030y_SOC,cf_mean,39.90816,Mississippi lowland forests,4.0,Temperate Broadleaf & Mixed Forests,Nearctic
187,_ron_2030y_SOC,cf_mean,13.700983,Mitchell Grass Downs,7.0,"Tropical & Subtropical Grasslands, Savannas & Shrublands",Australasia
249,_ron_2030y_SOC,cf_mean,36.378365,Mizoram-Manipur-Kachin rain forests,1.0,Tropical & Subtropical Moist Broadleaf Forests,Indomalayan
433,_ron_2030y_SOC,cf_mean,14.287874,Mojave desert,13.0,Deserts & Xeric Shrublands,Nearctic
734,_ron_2030y_SOC,cf_mean,40.61908,Mongolian-Manchurian grassland,8.0,"Temperate Grasslands, Savannas & Shrublands",Palearctic
394,_ron_2030y_SOC,cf_mean,53.124207,Montana Valley and Foothill grasslands,8.0,"Temperate Grasslands, Savannas & Shrublands",Nearctic
482,_ron_2030y_SOC,cf_mean,,Monte Alegre várzea,1.0,Tropical & Subtropical Moist Broadleaf Forests,Neotropic
605,_ron_2030y_SOC,cf_mean,39.898506,Motagua Valley thornscrub,13.0,Deserts & Xeric Shrublands,Neotropic
21,_ron_2030y_SOC,cf_mean,57.14551,Mount Cameroon and Bioko montane forests,1.0,Tropical & Subtropical Moist Broadleaf Forests,Afrotropic
84,_ron_2030y_SOC,cf_mean,29.345072,Mulanje Montane forest-grassland,10.0,Montane Grasslands & Shrublands,Afrotropic
203,_ron_2030y_SOC,cf_mean,24.292673,Murray-Darling woodlands and mallee,12.0,"Mediterranean Forests, Woodlands & Scrub",Australasia
378,_ron_2030y_SOC,cf_mean,55.802303,Muskwa-Slave Lake taiga,6.0,Boreal Forests/Taiga,Nearctic
321,_ron_2030y_SOC,cf_mean,65.74505,Myanmar Coast mangroves,14.0,Mangroves,Indomalayan
250,_ron_2030y_SOC,cf_mean,46.785126,Myanmar coastal rain forests,1.0,Tropical & Subtropical Moist Broadleaf Forests,Indomalayan
101,_ron_2030y_SOC,cf_mean,19.80238,Nama Karoo shrublands,13.0,Deserts & Xeric Shrublands,Afrotropic
102,_ron_2030y_SOC,cf_mean,20.07051,Namaqualand-Richtersveld steppe,13.0,Deserts & Xeric Shrublands,Afrotropic
103,_ron_2030y_SOC,cf_mean,25.514292,Namib Desert,13.0,Deserts & Xeric Shrublands,Afrotropic
104,_ron_2030y_SOC,cf_mean,16.090057,Namibian savanna woodlands,13.0,Deserts & Xeric Shrublands,Afrotropic
251,_ron_2030y_SOC,cf_mean,108.18835,Nansei Islands subtropical evergreen forests,1.0,Tropical & Subtropical Moist Broadleaf Forests,Indomalayan
483,_ron_2030y_SOC,cf_mean,54.858105,Napo moist forests,1.0,Tropical & Subtropical Moist Broadleaf Forests,Neotropic
204,_ron_2030y_SOC,cf_mean,55.83337,Naracoorte woodlands,12.0,"Mediterranean Forests, Woodlands & Scrub",Australasia
296,_ron_2030y_SOC,cf_mean,18.672026,Narmada Valley dry deciduous forests,2.0,Tropical & Subtropical Dry Broadleaf Forests,Indomalayan
395,_ron_2030y_SOC,cf_mean,39.322426,Nebraska Sand Hills mixed grasslands,8.0,"Temperate Grasslands, Savannas & Shrublands",Nearctic
484,_ron_2030y_SOC,cf_mean,50.217686,Negro-Branco moist forests,1.0,Tropical & Subtropical Moist Broadleaf Forests,Neotropic
170,_ron_2030y_SOC,cf_mean,125.11324,Nelson Coast temperate forests,4.0,Temperate Broadleaf & Mixed Forests,Australasia
743,_ron_2030y_SOC,cf_mean,39.92946,Nenjiang River grassland,9.0,Flooded Grasslands & Savannas,Palearctic
144,_ron_2030y_SOC,cf_mean,,New Britain-New Ireland lowland rain forests,1.0,Tropical & Subtropical Moist Broadleaf Forests,Australasia
145,_ron_2030y_SOC,cf_mean,,New Britain-New Ireland montane rain forests,1.0,Tropical & Subtropical Moist Broadleaf Forests,Australasia
164,_ron_2030y_SOC,cf_mean,50.778492,New Caledonia dry forests,2.0,Tropical & Subtropical Dry Broadleaf Forests,Australasia
146,_ron_2030y_SOC,cf_mean,65.28331,New Caledonia rain forests,1.0,Tropical & Subtropical Moist Broadleaf Forests,Australasia
338,_ron_2030y_SOC,cf_mean,67.09874,New England-Acadian forests,4.0,Temperate Broadleaf & Mixed Forests,Nearctic
217,_ron_2030y_SOC,cf_mean,,New Guinea mangroves,14.0,Mangroves,Australasia
252,_ron_2030y_SOC,cf_mean,,Nicobar Islands rain forests,1.0,Tropical & Subtropical Moist Broadleaf Forests,Indomalayan
22,_ron_2030y_SOC,cf_mean,,Niger Delta swamp forests,1.0,Tropical & Subtropical Moist Broadleaf Forests,Afrotropic
23,_ron_2030y_SOC,cf_mean,,Nigerian lowland forests,1.0,Tropical & Subtropical Moist Broadleaf Forests,Afrotropic
670,_ron_2030y_SOC,cf_mean,87.42071,Nihonkai evergreen forests,4.0,Temperate Broadleaf & Mixed Forests,Palearctic
671,_ron_2030y_SOC,cf_mean,90.182175,Nihonkai montane deciduous forests,4.0,Temperate Broadleaf & Mixed Forests,Palearctic
744,_ron_2030y_SOC,cf_mean,34.824726,Nile Delta flooded savanna,9.0,Flooded Grasslands & Savannas,Palearctic
147,_ron_2030y_SOC,cf_mean,,Norfolk Island subtropical forests,1.0,Tropical & Subtropical Moist Broadleaf Forests,Australasia
126,_ron_2030y_SOC,cf_mean,,Northeast Antarctic Peninsula tundra,11.0,Tundra,Antarctica
127,_ron_2030y_SOC,cf_mean,,Northwest Antarctic Peninsula tundra,11.0,Tundra,Antarctica
831,_ron_2030y_SOC,cf_mean,17.226658,North Arabian desert,13.0,Deserts & Xeric Shrublands,Palearctic
832,_ron_2030y_SOC,cf_mean,19.618439,North Arabian highland shrublands,13.0,Deserts & Xeric Shrublands,Palearctic
171,_ron_2030y_SOC,cf_mean,100.045,New Zealand North Island temperate forests,4.0,Temperate Broadleaf & Mixed Forests,Australasia
833,_ron_2030y_SOC,cf_mean,13.173044,North Saharan Xeric Steppe and Woodland,13.0,Deserts & Xeric Shrublands,Palearctic
106,_ron_2030y_SOC,cf_mean,18.415512,Somali montane xeric woodlands,13.0,Deserts & Xeric Shrublands,Afrotropic
759,_ron_2030y_SOC,cf_mean,42.802963,North Tibetan Plateau-Kunlun Mountains alpine desert,10.0,Montane Grasslands & Shrublands,Palearctic
125,_ron_2030y_SOC,cf_mean,,North Victoria Land tundra,11.0,Tundra,Antarctica
253,_ron_2030y_SOC,cf_mean,26.908323,North Western Ghats moist deciduous forests,1.0,Tropical & Subtropical Moist Broadleaf Forests,Indomalayan
254,_ron_2030y_SOC,cf_mean,34.12266,North Western Ghats montane rain forests,1.0,Tropical & Subtropical Moist Broadleaf Forests,Indomalayan
673,_ron_2030y_SOC,cf_mean,45.521496,Northeast China Plain deciduous forests,4.0,Temperate Broadleaf & Mixed Forests,Palearctic
304,_ron_2030y_SOC,cf_mean,41.737343,Northeast India-Myanmar pine forests,3.0,Tropical & Subtropical Coniferous Forests,Indomalayan
775,_ron_2030y_SOC,cf_mean,,Northeast Siberian coastal tundra,11.0,Tundra,Palearctic
714,_ron_2030y_SOC,cf_mean,79.47968,Northeast Siberian taiga,6.0,Boreal Forests/Taiga,Palearctic
485,_ron_2030y_SOC,cf_mean,,Northeast Brazil restingas,1.0,Tropical & Subtropical Moist Broadleaf Forests,Neotropic
24,_ron_2030y_SOC,cf_mean,46.565907,Northeast Congolian lowland forests,1.0,Tropical & Subtropical Moist Broadleaf Forests,Afrotropic
702,_ron_2030y_SOC,cf_mean,87.66696,Northeast Himalayan subalpine conifer forests,5.0,Temperate Conifer Forests,Palearctic
799,_ron_2030y_SOC,cf_mean,57.016914,Northeast Spain and Southern France Mediterranean forests,12.0,"Mediterranean Forests, Woodlands & Scrub",Palearctic
339,_ron_2030y_SOC,cf_mean,55.426907,Northeast US Coastal forests,4.0,Temperate Broadleaf & Mixed Forests,Nearctic
51,_ron_2030y_SOC,cf_mean,27.68979,Northern Acacia-Commiphora bushlands and thickets,7.0,"Tropical & Subtropical Grasslands, Savannas & Shrublands",Afrotropic
703,_ron_2030y_SOC,cf_mean,,Northern Anatolian conifer and deciduous forests,5.0,Temperate Conifer Forests,Palearctic
593,_ron_2030y_SOC,cf_mean,62.18782,Northern Andean páramo,10.0,Montane Grasslands & Shrublands,Neotropic
255,_ron_2030y_SOC,cf_mean,,Northern Annamites rain forests,1.0,Tropical & Subtropical Moist Broadleaf Forests,Indomalayan
359,_ron_2030y_SOC,cf_mean,82.34654,Northern California coastal forests,5.0,Temperate Conifer Forests,Nearctic
379,_ron_2030y_SOC,cf_mean,62.39156,Northern Canadian Shield taiga,6.0,Boreal Forests/Taiga,Nearctic
52,_ron_2030y_SOC,cf_mean,33.55599,Northern Congolian Forest-Savanna,7.0,"Tropical & Subtropical Grasslands, Savannas & Shrublands",Afrotropic
297,_ron_2030y_SOC,cf_mean,22.890198,North Deccan dry deciduous forests,2.0,Tropical & Subtropical Dry Broadleaf Forests,Indomalayan
256,_ron_2030y_SOC,cf_mean,39.696243,Northern Indochina subtropical forests,1.0,Tropical & Subtropical Moist Broadleaf Forests,Indomalayan
257,_ron_2030y_SOC,cf_mean,24.738235,Northern Khorat Plateau moist deciduous forests,1.0,Tropical & Subtropical Moist Broadleaf Forests,Indomalayan
614,_ron_2030y_SOC,cf_mean,51.652008,Northern Mesoamerican Pacific mangroves,14.0,Mangroves,Neotropic
148,_ron_2030y_SOC,cf_mean,,Northern New Guinea lowland rain and freshwater swamp forests,1.0,Tropical & Subtropical Moist Broadleaf Forests,Australasia
149,_ron_2030y_SOC,cf_mean,,Northern New Guinea montane rain forests,1.0,Tropical & Subtropical Moist Broadleaf Forests,Australasia
396,_ron_2030y_SOC,cf_mean,49.136265,Northern Shortgrass prairie,8.0,"Temperate Grasslands, Savannas & Shrublands",Nearctic
25,_ron_2030y_SOC,cf_mean,38.657173,Northern Swahili coastal forests,1.0,Tropical & Subtropical Moist Broadleaf Forests,Afrotropic
397,_ron_2030y_SOC,cf_mean,68.916016,Northern Tallgrass prairie,8.0,"Temperate Grasslands, Savannas & Shrublands",Nearctic
258,_ron_2030y_SOC,cf_mean,25.443813,Northern Thailand-Laos moist deciduous forests,1.0,Tropical & Subtropical Moist Broadleaf Forests,Indomalayan
259,_ron_2030y_SOC,cf_mean,44.869804,Northern Triangle subtropical forests,1.0,Tropical & Subtropical Moist Broadleaf Forests,Indomalayan
307,_ron_2030y_SOC,cf_mean,52.302967,Northern Triangle temperate forests,4.0,Temperate Broadleaf & Mixed Forests,Indomalayan
260,_ron_2030y_SOC,cf_mean,,Northern Vietnam lowland rain forests,1.0,Tropical & Subtropical Moist Broadleaf Forests,Indomalayan
173,_ron_2030y_SOC,cf_mean,95.41959,Northland temperate kauri forests,4.0,Temperate Broadleaf & Mixed Forests,Australasia
800,_ron_2030y_SOC,cf_mean,45.337566,Northwest Iberian montane forests,12.0,"Mediterranean Forests, Woodlands & Scrub",Palearctic
776,_ron_2030y_SOC,cf_mean,,Northwest Russian-Novaya Zemlya tundra,11.0,Tundra,Palearctic
486,_ron_2030y_SOC,cf_mean,61.476215,Northwest Andean montane forests,1.0,Tropical & Subtropical Moist Broadleaf Forests,Neotropic
26,_ron_2030y_SOC,cf_mean,,Northwest Congolian lowland forests,1.0,Tropical & Subtropical Moist Broadleaf Forests,Afrotropic
641,_ron_2030y_SOC,cf_mean,,Northwest Hawai'i scrub,7.0,"Tropical & Subtropical Grasslands, Savannas & Shrublands",Oceania
760,_ron_2030y_SOC,cf_mean,62.45545,Northwestern Himalayan alpine shrub and meadows,10.0,Montane Grasslands & Shrublands,Palearctic
314,_ron_2030y_SOC,cf_mean,15.343914,Aravalli west thorn scrub forests,13.0,Deserts & Xeric Shrublands,Indomalayan
777,_ron_2030y_SOC,cf_mean,,Novosibirsk Islands Arctic desert,11.0,Tundra,Palearctic
704,_ron_2030y_SOC,cf_mean,76.64726,Nujiang Langcang Gorge alpine conifer and mixed forests,5.0,Temperate Conifer Forests,Palearctic
212,_ron_2030y_SOC,cf_mean,23.13639,Nullarbor Plains xeric shrublands,13.0,Deserts & Xeric Shrublands,Australasia
85,_ron_2030y_SOC,cf_mean,30.50205,Nyanga-Chimanimani Montane forest-grassland,10.0,Montane Grasslands & Shrublands,Afrotropic
487,_ron_2030y_SOC,cf_mean,51.548504,Oaxacan montane forests,1.0,Tropical & Subtropical Moist Broadleaf Forests,Neotropic
626,_ron_2030y_SOC,cf_mean,,Ogasawara subtropical moist forests,1.0,Tropical & Subtropical Moist Broadleaf Forests,Oceania
419,_ron_2030y_SOC,cf_mean,66.50692,Ogilvie-MacKenzie alpine tundra,11.0,Tundra,Nearctic
362,_ron_2030y_SOC,cf_mean,52.142754,Okanogan dry forests,5.0,Temperate Conifer Forests,Nearctic
715,_ron_2030y_SOC,cf_mean,70.41907,Okhotsk-Manchurian taiga,6.0,Boreal Forests/Taiga,Palearctic
761,_ron_2030y_SOC,cf_mean,31.903486,Ordos Plateau steppe,10.0,Montane Grasslands & Shrublands,Palearctic
488,_ron_2030y_SOC,cf_mean,,Orinoco Delta swamp forests,1.0,Tropical & Subtropical Moist Broadleaf Forests,Neotropic
583,_ron_2030y_SOC,cf_mean,,Orinoco wetlands,9.0,Flooded Grasslands & Savannas,Neotropic
261,_ron_2030y_SOC,cf_mean,30.07134,Orissa semi-evergreen forests,1.0,Tropical & Subtropical Moist Broadleaf Forests,Indomalayan
340,_ron_2030y_SOC,cf_mean,39.440945,Ozark Highlands mixed forests,4.0,Temperate Broadleaf & Mixed Forests,Nearctic
341,_ron_2030y_SOC,cf_mean,37.726166,Ozark Mountain forests,4.0,Temperate Broadleaf & Mixed Forests,Nearctic
420,_ron_2030y_SOC,cf_mean,88.91427,Pacific Coastal Mountain icefields and tundra,11.0,Tundra,Nearctic
627,_ron_2030y_SOC,cf_mean,,Palau tropical moist forests,1.0,Tropical & Subtropical Moist Broadleaf Forests,Oceania
262,_ron_2030y_SOC,cf_mean,,Palawan rain forests,1.0,Tropical & Subtropical Moist Broadleaf Forests,Indomalayan
398,_ron_2030y_SOC,cf_mean,41.91167,Palouse prairie,8.0,"Temperate Grasslands, Savannas & Shrublands",Nearctic
762,_ron_2030y_SOC,cf_mean,45.220467,Pamir alpine desert and tundra,10.0,Montane Grasslands & Shrublands,Palearctic
541,_ron_2030y_SOC,cf_mean,,Panamanian dry forests,2.0,Tropical & Subtropical Dry Broadleaf Forests,Neotropic
674,_ron_2030y_SOC,cf_mean,52.419598,Pannonian mixed forests,4.0,Temperate Broadleaf & Mixed Forests,Palearctic
584,_ron_2030y_SOC,cf_mean,24.649712,Pantanal,9.0,Flooded Grasslands & Savannas,Neotropic
489,_ron_2030y_SOC,cf_mean,,Pantanos de Centla,1.0,Tropical & Subtropical Moist Broadleaf Forests,Neotropic
490,_ron_2030y_SOC,cf_mean,49.18166,Pantepui forests & shrublands,1.0,Tropical & Subtropical Moist Broadleaf Forests,Neotropic
606,_ron_2030y_SOC,cf_mean,,Paraguaná xeric scrub,13.0,Deserts & Xeric Shrublands,Neotropic
585,_ron_2030y_SOC,cf_mean,38.05377,Paraná flooded savanna,9.0,Flooded Grasslands & Savannas,Neotropic
834,_ron_2030y_SOC,cf_mean,37.133877,Paropamisus xeric woodlands,13.0,Deserts & Xeric Shrublands,Palearctic
578,_ron_2030y_SOC,cf_mean,39.33867,Patagonian steppe,8.0,"Temperate Grasslands, Savannas & Shrublands",Neotropic
542,_ron_2030y_SOC,cf_mean,71.19569,Patía valley dry forests,2.0,Tropical & Subtropical Dry Broadleaf Forests,Neotropic
263,_ron_2030y_SOC,cf_mean,,Peninsular Malaysian montane rain forests,1.0,Tropical & Subtropical Moist Broadleaf Forests,Indomalayan
264,_ron_2030y_SOC,cf_mean,,Peninsular Malaysian peat swamp forests,1.0,Tropical & Subtropical Moist Broadleaf Forests,Indomalayan
265,_ron_2030y_SOC,cf_mean,,Peninsular Malaysian rain forests,1.0,Tropical & Subtropical Moist Broadleaf Forests,Indomalayan
491,_ron_2030y_SOC,cf_mean,,Pernambuco coastal forests,1.0,Tropical & Subtropical Moist Broadleaf Forests,Neotropic
492,_ron_2030y_SOC,cf_mean,24.920551,Pernambuco interior forests,1.0,Tropical & Subtropical Moist Broadleaf Forests,Neotropic
493,_ron_2030y_SOC,cf_mean,53.52908,Peruvian Yungas,1.0,Tropical & Subtropical Moist Broadleaf Forests,Neotropic
494,_ron_2030y_SOC,cf_mean,43.79101,Petén-Veracruz moist forests,1.0,Tropical & Subtropical Moist Broadleaf Forests,Neotropic
213,_ron_2030y_SOC,cf_mean,13.975051,Pilbara shrublands,13.0,Deserts & Xeric Shrublands,Australasia
801,_ron_2030y_SOC,cf_mean,48.875027,Pindus Mountains mixed forests,12.0,"Mediterranean Forests, Woodlands & Scrub",Palearctic
363,_ron_2030y_SOC,cf_mean,28.873083,Piney Woods,5.0,Temperate Conifer Forests,Nearctic
675,_ron_2030y_SOC,cf_mean,53.09742,Po Basin mixed forests,4.0,Temperate Broadleaf & Mixed Forests,Palearctic
735,_ron_2030y_SOC,cf_mean,53.8364,Pontic steppe,8.0,"Temperate Grasslands, Savannas & Shrublands",Palearctic
128,_ron_2030y_SOC,cf_mean,,Prince Charles Mountains tundra,11.0,Tundra,Antarctica
543,_ron_2030y_SOC,cf_mean,,Puerto Rican dry forests,2.0,Tropical & Subtropical Dry Broadleaf Forests,Neotropic
495,_ron_2030y_SOC,cf_mean,,Puerto Rican moist forests,1.0,Tropical & Subtropical Moist Broadleaf Forests,Neotropic
364,_ron_2030y_SOC,cf_mean,67.634834,Puget lowland forests,5.0,Temperate Conifer Forests,Nearctic
497,_ron_2030y_SOC,cf_mean,,Purus-Madeira moist forests,1.0,Tropical & Subtropical Moist Broadleaf Forests,Neotropic
496,_ron_2030y_SOC,cf_mean,,Purus várzea,1.0,Tropical & Subtropical Moist Broadleaf Forests,Neotropic
676,_ron_2030y_SOC,cf_mean,60.527622,Pyrenees conifer and mixed forests,4.0,Temperate Broadleaf & Mixed Forests,Palearctic
835,_ron_2030y_SOC,cf_mean,41.527065,Qaidam Basin semi-desert,13.0,Deserts & Xeric Shrublands,Palearctic
705,_ron_2030y_SOC,cf_mean,67.76972,Qilian Mountains conifer forests,5.0,Temperate Conifer Forests,Palearctic
763,_ron_2030y_SOC,cf_mean,48.580994,Qilian Mountains subalpine meadows,10.0,Montane Grasslands & Shrublands,Palearctic
677,_ron_2030y_SOC,cf_mean,55.296333,Qin Ling Mountains deciduous forests,4.0,Temperate Broadleaf & Mixed Forests,Palearctic
706,_ron_2030y_SOC,cf_mean,70.02854,Qionglai-Minshan conifer forests,5.0,Temperate Conifer Forests,Palearctic
150,_ron_2030y_SOC,cf_mean,42.00574,Queensland tropical rain forests,1.0,Tropical & Subtropical Moist Broadleaf Forests,Australasia
174,_ron_2030y_SOC,cf_mean,132.53745,Rakiura Island temperate forests,4.0,Temperate Broadleaf & Mixed Forests,Australasia
312,_ron_2030y_SOC,cf_mean,15.273585,Rann of Kutch seasonal salt marsh,9.0,Flooded Grasslands & Savannas,Indomalayan
628,_ron_2030y_SOC,cf_mean,,Rapa Nui and Sala y Gómez subtropical forests,1.0,Tropical & Subtropical Moist Broadleaf Forests,Oceania
266,_ron_2030y_SOC,cf_mean,,Red River freshwater swamp forests,1.0,Tropical & Subtropical Moist Broadleaf Forests,Indomalayan
837,_ron_2030y_SOC,cf_mean,19.270037,Red Sea-Arabian Desert shrublands,13.0,Deserts & Xeric Shrublands,Palearctic
836,_ron_2030y_SOC,cf_mean,24.829693,Red Sea coastal desert,13.0,Deserts & Xeric Shrublands,Palearctic
115,_ron_2030y_SOC,cf_mean,66.39658,Red Sea mangroves,14.0,Mangroves,Afrotropic
838,_ron_2030y_SOC,cf_mean,12.883377,Registan-North Pakistan sandy desert,13.0,Deserts & Xeric Shrublands,Palearctic
90,_ron_2030y_SOC,cf_mean,34.190014,Renosterveld shrubland,12.0,"Mediterranean Forests, Woodlands & Scrub",Afrotropic
175,_ron_2030y_SOC,cf_mean,105.688835,Richmond temperate forests,4.0,Temperate Broadleaf & Mixed Forests,Australasia
498,_ron_2030y_SOC,cf_mean,,Rio Negro campinarana,1.0,Tropical & Subtropical Moist Broadleaf Forests,Neotropic
678,_ron_2030y_SOC,cf_mean,48.50055,Rodope montane mixed forests,4.0,Temperate Broadleaf & Mixed Forests,Palearctic
86,_ron_2030y_SOC,cf_mean,59.893288,Rwenzori-Virunga montane moorlands,10.0,Montane Grasslands & Shrublands,Afrotropic
745,_ron_2030y_SOC,cf_mean,17.372293,Saharan halophytics,9.0,Flooded Grasslands & Savannas,Palearctic
53,_ron_2030y_SOC,cf_mean,12.5913515,Sahelian Acacia savanna,7.0,"Tropical & Subtropical Grasslands, Savannas & Shrublands",Afrotropic
716,_ron_2030y_SOC,cf_mean,78.504555,Sakhalin Island taiga,6.0,Boreal Forests/Taiga,Palearctic
629,_ron_2030y_SOC,cf_mean,,Samoan tropical moist forests,1.0,Tropical & Subtropical Moist Broadleaf Forests,Oceania
562,_ron_2030y_SOC,cf_mean,,San Félix-San Ambrosio Islands temperate forests,4.0,Temperate Broadleaf & Mixed Forests,Neotropic
607,_ron_2030y_SOC,cf_mean,81.160774,San Lucan xeric scrub,13.0,Deserts & Xeric Shrublands,Neotropic
425,_ron_2030y_SOC,cf_mean,59.96532,Santa Lucia Montane Chaparral & Woodlands,12.0,"Mediterranean Forests, Woodlands & Scrub",Nearctic
499,_ron_2030y_SOC,cf_mean,49.65742,Santa Marta montane forests,1.0,Tropical & Subtropical Moist Broadleaf Forests,Neotropic
594,_ron_2030y_SOC,cf_mean,39.241608,Santa Marta páramo,10.0,Montane Grasslands & Shrublands,Neotropic
27,_ron_2030y_SOC,cf_mean,,"São Tomé, Príncipe, and Annobón forests",1.0,Tropical & Subtropical Moist Broadleaf Forests,Afrotropic
679,_ron_2030y_SOC,cf_mean,71.89511,Sarmatic mixed forests,4.0,Temperate Broadleaf & Mixed Forests,Palearctic
764,_ron_2030y_SOC,cf_mean,71.13606,Sayan alpine meadows and tundra,10.0,Montane Grasslands & Shrublands,Palearctic
736,_ron_2030y_SOC,cf_mean,63.30453,Sayan Intermontane steppe,8.0,"Temperate Grasslands, Savannas & Shrublands",Palearctic
707,_ron_2030y_SOC,cf_mean,68.783195,Sayan montane conifer forests,5.0,Temperate Conifer Forests,Palearctic
717,_ron_2030y_SOC,cf_mean,76.232185,Scandinavian and Russian taiga,6.0,Boreal Forests/Taiga,Palearctic
708,_ron_2030y_SOC,cf_mean,90.37006,Scandinavian coastal conifer forests,5.0,Temperate Conifer Forests,Palearctic
780,_ron_2030y_SOC,cf_mean,82.80426,Scandinavian Montane Birch forest and grasslands,11.0,Tundra,Palearctic
129,_ron_2030y_SOC,cf_mean,,Scotia Sea Islands tundra,11.0,Tundra,Antarctica
608,_ron_2030y_SOC,cf_mean,30.246172,Sechura desert,13.0,Deserts & Xeric Shrublands,Neotropic
737,_ron_2030y_SOC,cf_mean,58.830563,Selenge-Orkhon forest steppe,8.0,"Temperate Grasslands, Savannas & Shrublands",Palearctic
151,_ron_2030y_SOC,cf_mean,,Seram rain forests,1.0,Tropical & Subtropical Moist Broadleaf Forests,Australasia
54,_ron_2030y_SOC,cf_mean,16.2994,Serengeti volcanic grasslands,7.0,"Tropical & Subtropical Grasslands, Savannas & Shrublands",Afrotropic
500,_ron_2030y_SOC,cf_mean,47.255867,Serra do Mar coastal forests,1.0,Tropical & Subtropical Moist Broadleaf Forests,Neotropic
680,_ron_2030y_SOC,cf_mean,34.187473,Sichuan Basin evergreen broadleaf forests,4.0,Temperate Broadleaf & Mixed Forests,Palearctic
544,_ron_2030y_SOC,cf_mean,93.4393,Sierra de la Laguna dry forests,2.0,Tropical & Subtropical Dry Broadleaf Forests,Neotropic
556,_ron_2030y_SOC,cf_mean,112.59636,Sierra de la Laguna pine-oak forests,3.0,Tropical & Subtropical Coniferous Forests,Neotropic
501,_ron_2030y_SOC,cf_mean,74.53791,Sierra de los Tuxtlas,1.0,Tropical & Subtropical Moist Broadleaf Forests,Neotropic
502,_ron_2030y_SOC,cf_mean,46.620327,Sierra Madre de Chiapas moist forests,1.0,Tropical & Subtropical Moist Broadleaf Forests,Neotropic
557,_ron_2030y_SOC,cf_mean,43.804943,Sierra Madre de Oaxaca pine-oak forests,3.0,Tropical & Subtropical Coniferous Forests,Neotropic
558,_ron_2030y_SOC,cf_mean,41.928967,Sierra Madre del Sur pine-oak forests,3.0,Tropical & Subtropical Coniferous Forests,Neotropic
326,_ron_2030y_SOC,cf_mean,38.41632,Sierra Madre Occidental pine-oak forests,3.0,Tropical & Subtropical Coniferous Forests,Nearctic
327,_ron_2030y_SOC,cf_mean,37.129074,Sierra Madre Oriental pine-oak forests,3.0,Tropical & Subtropical Coniferous Forests,Nearctic
366,_ron_2030y_SOC,cf_mean,44.22243,Sierra Nevada forests,5.0,Temperate Conifer Forests,Nearctic
214,_ron_2030y_SOC,cf_mean,15.193877,Simpson desert,13.0,Deserts & Xeric Shrublands,Australasia
545,_ron_2030y_SOC,cf_mean,32.554512,Sinaloan dry forests,2.0,Tropical & Subtropical Dry Broadleaf Forests,Neotropic
546,_ron_2030y_SOC,cf_mean,55.25093,Sinú Valley dry forests,2.0,Tropical & Subtropical Dry Broadleaf Forests,Neotropic
434,_ron_2030y_SOC,cf_mean,37.684593,Snake-Columbia shrub steppe,13.0,Deserts & Xeric Shrublands,Nearctic
630,_ron_2030y_SOC,cf_mean,,Society Islands tropical moist forests,1.0,Tropical & Subtropical Moist Broadleaf Forests,Oceania
105,_ron_2030y_SOC,cf_mean,62.350346,Socotra Island xeric shrublands,13.0,Deserts & Xeric Shrublands,Afrotropic
503,_ron_2030y_SOC,cf_mean,,Solimões-Japurá moist forests,1.0,Tropical & Subtropical Moist Broadleaf Forests,Neotropic
152,_ron_2030y_SOC,cf_mean,,Solomon Islands rain forests,1.0,Tropical & Subtropical Moist Broadleaf Forests,Australasia
55,_ron_2030y_SOC,cf_mean,32.155876,Somali Acacia-Commiphora bushlands and thickets,7.0,"Tropical & Subtropical Grasslands, Savannas & Shrublands",Afrotropic
324,_ron_2030y_SOC,cf_mean,29.103601,Sonoran-Sinaloan subtropical dry forest,2.0,Tropical & Subtropical Dry Broadleaf Forests,Nearctic
435,_ron_2030y_SOC,cf_mean,19.462729,Sonoran desert,13.0,Deserts & Xeric Shrublands,Nearctic
615,_ron_2030y_SOC,cf_mean,,South American Pacific mangroves,14.0,Mangroves,Neotropic
130,_ron_2030y_SOC,cf_mean,,South Antarctic Peninsula tundra,11.0,Tundra,Antarctica
802,_ron_2030y_SOC,cf_mean,63.710484,South Apennine mixed montane forests,12.0,"Mediterranean Forests, Woodlands & Scrub",Palearctic
367,_ron_2030y_SOC,cf_mean,52.268856,South Central Rockies forests,5.0,Temperate Conifer Forests,Nearctic
268,_ron_2030y_SOC,cf_mean,36.703144,South China-Vietnam subtropical evergreen forests,1.0,Tropical & Subtropical Moist Broadleaf Forests,Indomalayan
267,_ron_2030y_SOC,cf_mean,,South China Sea Islands,1.0,Tropical & Subtropical Moist Broadleaf Forests,Indomalayan
298,_ron_2030y_SOC,cf_mean,25.823769,South Deccan Plateau dry deciduous forests,2.0,Tropical & Subtropical Dry Broadleaf Forests,Indomalayan
841,_ron_2030y_SOC,cf_mean,11.888151,South Iran Nubo-Sindian desert and semi-desert,13.0,Deserts & Xeric Shrublands,Palearctic
194,_ron_2030y_SOC,cf_mean,110.199234,New Zealand South Island montane grasslands,10.0,Montane Grasslands & Shrublands,Australasia
172,_ron_2030y_SOC,cf_mean,109.2064,New Zealand South Island temperate forests,4.0,Temperate Broadleaf & Mixed Forests,Australasia
131,_ron_2030y_SOC,cf_mean,,South Orkney Islands tundra,11.0,Tundra,Antarctica
842,_ron_2030y_SOC,cf_mean,11.940274,South Sahara desert,13.0,Deserts & Xeric Shrublands,Palearctic
738,_ron_2030y_SOC,cf_mean,73.07527,South Siberian forest steppe,8.0,"Temperate Grasslands, Savannas & Shrublands",Palearctic
269,_ron_2030y_SOC,cf_mean,,South Taiwan monsoon rain forests,1.0,Tropical & Subtropical Moist Broadleaf Forests,Indomalayan
132,_ron_2030y_SOC,cf_mean,,South Victoria Land tundra,11.0,Tundra,Antarctica
270,_ron_2030y_SOC,cf_mean,33.029076,South Western Ghats moist deciduous forests,1.0,Tropical & Subtropical Moist Broadleaf Forests,Indomalayan
271,_ron_2030y_SOC,cf_mean,42.226227,South Western Ghats montane rain forests,1.0,Tropical & Subtropical Moist Broadleaf Forests,Indomalayan
176,_ron_2030y_SOC,cf_mean,46.250275,Southeast Australia temperate forests,4.0,Temperate Broadleaf & Mixed Forests,Australasia
192,_ron_2030y_SOC,cf_mean,20.439222,Southeast Australia temperate savanna,8.0,"Temperate Grasslands, Savannas & Shrublands",Australasia
765,_ron_2030y_SOC,cf_mean,61.399128,Southeast Tibet shrublands and meadows,10.0,Montane Grasslands & Shrublands,Palearctic
400,_ron_2030y_SOC,cf_mean,22.503382,Southeast US mixed woodlands and savannas,8.0,"Temperate Grasslands, Savannas & Shrublands",Nearctic
399,_ron_2030y_SOC,cf_mean,30.8449,Southeast US conifer savannas,8.0,"Temperate Grasslands, Savannas & Shrublands",Nearctic
803,_ron_2030y_SOC,cf_mean,56.31857,Southeast Iberian shrubs and woodlands,12.0,"Mediterranean Forests, Woodlands & Scrub",Palearctic
299,_ron_2030y_SOC,cf_mean,26.83078,Southeast Indochina dry evergreen forests,2.0,Tropical & Subtropical Dry Broadleaf Forests,Indomalayan
153,_ron_2030y_SOC,cf_mean,,Southeast Papuan rain forests,1.0,Tropical & Subtropical Moist Broadleaf Forests,Australasia
57,_ron_2030y_SOC,cf_mean,23.50825,Southern Acacia-Commiphora bushlands and thickets,7.0,"Tropical & Subtropical Grasslands, Savannas & Shrublands",Afrotropic
116,_ron_2030y_SOC,cf_mean,47.787163,Southern Africa mangroves,14.0,Mangroves,Afrotropic
804,_ron_2030y_SOC,cf_mean,32.12512,Southern Anatolian montane conifer and deciduous forests,12.0,"Mediterranean Forests, Woodlands & Scrub",Palearctic
595,_ron_2030y_SOC,cf_mean,36.64073,Southern Andean steppe,10.0,Montane Grasslands & Shrublands,Neotropic
504,_ron_2030y_SOC,cf_mean,40.41544,Southern Andean Yungas,1.0,Tropical & Subtropical Moist Broadleaf Forests,Neotropic
272,_ron_2030y_SOC,cf_mean,,Southern Annamites montane rain forests,1.0,Tropical & Subtropical Moist Broadleaf Forests,Indomalayan
616,_ron_2030y_SOC,cf_mean,56.69999,Southern Atlantic Brazilian mangroves,14.0,Mangroves,Neotropic
586,_ron_2030y_SOC,cf_mean,31.181486,Southern Cone Mesopotamian savanna,9.0,Flooded Grasslands & Savannas,Neotropic
58,_ron_2030y_SOC,cf_mean,17.821724,Southern Congolian forest-savanna,7.0,"Tropical & Subtropical Grasslands, Savannas & Shrublands",Afrotropic
342,_ron_2030y_SOC,cf_mean,60.559013,Southern Great Lakes forests,4.0,Temperate Broadleaf & Mixed Forests,Nearctic
382,_ron_2030y_SOC,cf_mean,73.96712,Southern Hudson Bay taiga,6.0,Boreal Forests/Taiga,Nearctic
133,_ron_2030y_SOC,cf_mean,,Southern Indian Ocean Islands tundra,11.0,Tundra,Antarctica
681,_ron_2030y_SOC,cf_mean,73.924805,Southern Korea evergreen forests,4.0,Temperate Broadleaf & Mixed Forests,Palearctic
617,_ron_2030y_SOC,cf_mean,,Southern Mesoamerican Pacific mangroves,14.0,Mangroves,Neotropic
154,_ron_2030y_SOC,cf_mean,,Southern New Guinea freshwater swamp forests,1.0,Tropical & Subtropical Moist Broadleaf Forests,Australasia
155,_ron_2030y_SOC,cf_mean,,Southern New Guinea lowland rain forests,1.0,Tropical & Subtropical Moist Broadleaf Forests,Australasia
547,_ron_2030y_SOC,cf_mean,44.887848,Southern Pacific dry forests,2.0,Tropical & Subtropical Dry Broadleaf Forests,Neotropic
87,_ron_2030y_SOC,cf_mean,34.78737,Southern Rift Montane forest-grassland,10.0,Montane Grasslands & Shrublands,Afrotropic
28,_ron_2030y_SOC,cf_mean,23.87397,Southern Swahili coastal forests and woodlands,1.0,Tropical & Subtropical Moist Broadleaf Forests,Afrotropic
300,_ron_2030y_SOC,cf_mean,,Southern Vietnam lowland dry forests,2.0,Tropical & Subtropical Dry Broadleaf Forests,Indomalayan
505,_ron_2030y_SOC,cf_mean,49.761635,Southwest Amazon moist forests,1.0,Tropical & Subtropical Moist Broadleaf Forests,Neotropic
108,_ron_2030y_SOC,cf_mean,18.592995,Southwest Arabian Escarpment shrublands and woodlands,13.0,Deserts & Xeric Shrublands,Afrotropic
109,_ron_2030y_SOC,cf_mean,17.747896,Southwest Arabian highland xeric scrub,13.0,Deserts & Xeric Shrublands,Afrotropic
205,_ron_2030y_SOC,cf_mean,22.990637,Southwest Australia savanna,12.0,"Mediterranean Forests, Woodlands & Scrub",Australasia
206,_ron_2030y_SOC,cf_mean,53.130486,Southwest Australia woodlands,12.0,"Mediterranean Forests, Woodlands & Scrub",Australasia
273,_ron_2030y_SOC,cf_mean,,Southwest Borneo freshwater swamp forests,1.0,Tropical & Subtropical Moist Broadleaf Forests,Indomalayan
805,_ron_2030y_SOC,cf_mean,43.182545,Southwest Iberian Mediterranean sclerophyllous and mixed forests,12.0,"Mediterranean Forests, Woodlands & Scrub",Palearctic
301,_ron_2030y_SOC,cf_mean,,Sri Lanka dry-zone dry evergreen forests,2.0,Tropical & Subtropical Dry Broadleaf Forests,Indomalayan
274,_ron_2030y_SOC,cf_mean,,Sri Lanka lowland rain forests,1.0,Tropical & Subtropical Moist Broadleaf Forests,Indomalayan
275,_ron_2030y_SOC,cf_mean,,Sri Lanka montane rain forests,1.0,Tropical & Subtropical Moist Broadleaf Forests,Indomalayan
609,_ron_2030y_SOC,cf_mean,,St. Peter and St. Paul Rocks,13.0,Deserts & Xeric Shrublands,Neotropic
110,_ron_2030y_SOC,cf_mean,22.183598,Succulent Karoo xeric shrublands,13.0,Deserts & Xeric Shrublands,Afrotropic
74,_ron_2030y_SOC,cf_mean,,Sudd flooded grasslands,9.0,Flooded Grasslands & Savannas,Afrotropic
746,_ron_2030y_SOC,cf_mean,64.68025,Suiphun-Khanka meadows and forest meadows,9.0,Flooded Grasslands & Savannas,Palearctic
766,_ron_2030y_SOC,cf_mean,25.038221,Sulaiman Range alpine meadows,10.0,Montane Grasslands & Shrublands,Palearctic
157,_ron_2030y_SOC,cf_mean,,Sulawesi montane rain forests,1.0,Tropical & Subtropical Moist Broadleaf Forests,Australasia
276,_ron_2030y_SOC,cf_mean,,Sulu Archipelago rain forests,1.0,Tropical & Subtropical Moist Broadleaf Forests,Indomalayan
277,_ron_2030y_SOC,cf_mean,,Sumatran freshwater swamp forests,1.0,Tropical & Subtropical Moist Broadleaf Forests,Indomalayan
278,_ron_2030y_SOC,cf_mean,,Sumatran lowland rain forests,1.0,Tropical & Subtropical Moist Broadleaf Forests,Indomalayan
279,_ron_2030y_SOC,cf_mean,,Sumatran montane rain forests,1.0,Tropical & Subtropical Moist Broadleaf Forests,Indomalayan
280,_ron_2030y_SOC,cf_mean,,Sumatran peat swamp forests,1.0,Tropical & Subtropical Moist Broadleaf Forests,Indomalayan
305,_ron_2030y_SOC,cf_mean,,Sumatran tropical pine forests,3.0,Tropical & Subtropical Coniferous Forests,Indomalayan
165,_ron_2030y_SOC,cf_mean,,Sumba deciduous forests,2.0,Tropical & Subtropical Dry Broadleaf Forests,Australasia
322,_ron_2030y_SOC,cf_mean,,Sunda Shelf mangroves,14.0,Mangroves,Indomalayan
281,_ron_2030y_SOC,cf_mean,,Sundaland heath forests,1.0,Tropical & Subtropical Moist Broadleaf Forests,Indomalayan
282,_ron_2030y_SOC,cf_mean,25.89349,Sundarbans freshwater swamp forests,1.0,Tropical & Subtropical Moist Broadleaf Forests,Indomalayan
323,_ron_2030y_SOC,cf_mean,35.271442,Sundarbans mangroves,14.0,Mangroves,Indomalayan
739,_ron_2030y_SOC,cf_mean,17.646635,Syrian xeric grasslands and shrublands,8.0,"Temperate Grasslands, Savannas & Shrublands",Palearctic
682,_ron_2030y_SOC,cf_mean,68.89039,Taiheiyo evergreen forests,4.0,Temperate Broadleaf & Mixed Forests,Palearctic
683,_ron_2030y_SOC,cf_mean,73.98674,Taiheiyo montane deciduous forests,4.0,Temperate Broadleaf & Mixed Forests,Palearctic
781,_ron_2030y_SOC,cf_mean,,Taimyr-Central Siberian tundra,11.0,Tundra,Palearctic
283,_ron_2030y_SOC,cf_mean,,Taiwan subtropical evergreen forests,1.0,Tropical & Subtropical Moist Broadleaf Forests,Indomalayan
843,_ron_2030y_SOC,cf_mean,34.86171,Taklimakan desert,13.0,Deserts & Xeric Shrublands,Palearctic
506,_ron_2030y_SOC,cf_mean,,Talamancan montane forests,1.0,Tropical & Subtropical Moist Broadleaf Forests,Neotropic
436,_ron_2030y_SOC,cf_mean,31.291153,Tamaulipan matorral,13.0,Deserts & Xeric Shrublands,Nearctic
437,_ron_2030y_SOC,cf_mean,22.330954,Tamaulipan mezquital,13.0,Deserts & Xeric Shrublands,Nearctic
507,_ron_2030y_SOC,cf_mean,,Tapajós-Xingu moist forests,1.0,Tropical & Subtropical Moist Broadleaf Forests,Neotropic
684,_ron_2030y_SOC,cf_mean,32.244118,Tarim Basin deciduous forests and steppe,4.0,Temperate Broadleaf & Mixed Forests,Palearctic
177,_ron_2030y_SOC,cf_mean,77.406166,Tasmanian Central Highland forests,4.0,Temperate Broadleaf & Mixed Forests,Australasia
178,_ron_2030y_SOC,cf_mean,86.58873,Tasmanian temperate forests,4.0,Temperate Broadleaf & Mixed Forests,Australasia
179,_ron_2030y_SOC,cf_mean,102.141464,Tasmanian temperate rain forests,4.0,Temperate Broadleaf & Mixed Forests,Australasia
610,_ron_2030y_SOC,cf_mean,41.45641,Tehuacán Valley matorral,13.0,Deserts & Xeric Shrublands,Neotropic
284,_ron_2030y_SOC,cf_mean,33.69294,Tenasserim-South Thailand semi-evergreen rain forests,1.0,Tropical & Subtropical Moist Broadleaf Forests,Indomalayan
311,_ron_2030y_SOC,cf_mean,26.04732,Terai-Duar savanna and grasslands,7.0,"Tropical & Subtropical Grasslands, Savannas & Shrublands",Indomalayan
401,_ron_2030y_SOC,cf_mean,30.778923,Texas blackland prairies,8.0,"Temperate Grasslands, Savannas & Shrublands",Nearctic
318,_ron_2030y_SOC,cf_mean,12.620356,Thar desert,13.0,Deserts & Xeric Shrublands,Indomalayan
740,_ron_2030y_SOC,cf_mean,42.17773,Tian Shan foothill arid steppe,8.0,"Temperate Grasslands, Savannas & Shrublands",Palearctic
709,_ron_2030y_SOC,cf_mean,54.622635,Tian Shan montane conifer forests,5.0,Temperate Conifer Forests,Palearctic
767,_ron_2030y_SOC,cf_mean,49.12412,Tian Shan montane steppe and meadows,10.0,Montane Grasslands & Shrublands,Palearctic
844,_ron_2030y_SOC,cf_mean,13.703812,Tibesti-Jebel Uweinat montane xeric woodlands,13.0,Deserts & Xeric Shrublands,Palearctic
768,_ron_2030y_SOC,cf_mean,51.336525,Tibetan Plateau alpine shrublands and meadows,10.0,Montane Grasslands & Shrublands,Palearctic
747,_ron_2030y_SOC,cf_mean,16.381748,Tigris-Euphrates alluvial salt marsh,9.0,Flooded Grasslands & Savannas,Palearctic
166,_ron_2030y_SOC,cf_mean,,Timor and Wetar deciduous forests,2.0,Tropical & Subtropical Dry Broadleaf Forests,Australasia
215,_ron_2030y_SOC,cf_mean,22.944138,Tirari-Sturt stony desert,13.0,Deserts & Xeric Shrublands,Australasia
631,_ron_2030y_SOC,cf_mean,,Tongan tropical moist forests,1.0,Tropical & Subtropical Moist Broadleaf Forests,Oceania
286,_ron_2030y_SOC,cf_mean,,Tonle Sap-Mekong peat swamp forests,1.0,Tropical & Subtropical Moist Broadleaf Forests,Indomalayan
285,_ron_2030y_SOC,cf_mean,,Tonle Sap freshwater swamp forests,1.0,Tropical & Subtropical Moist Broadleaf Forests,Indomalayan
421,_ron_2030y_SOC,cf_mean,,Torngat Mountain tundra,11.0,Tundra,Nearctic
782,_ron_2030y_SOC,cf_mean,74.25551,Trans-Baikal Bald Mountain tundra,11.0,Tundra,Palearctic
718,_ron_2030y_SOC,cf_mean,65.9241,Trans-Baikal conifer forests,6.0,Boreal Forests/Taiga,Palearctic
559,_ron_2030y_SOC,cf_mean,44.295494,Trans-Mexican Volcanic Belt pine-oak forests,3.0,Tropical & Subtropical Coniferous Forests,Neotropic
188,_ron_2030y_SOC,cf_mean,,Trans Fly savanna and grasslands,7.0,"Tropical & Subtropical Grasslands, Savannas & Shrublands",Australasia
134,_ron_2030y_SOC,cf_mean,,Transantarctic Mountains tundra,11.0,Tundra,Antarctica
510,_ron_2030y_SOC,cf_mean,,Trinidad and Tobago moist forest,1.0,Tropical & Subtropical Moist Broadleaf Forests,Neotropic
68,_ron_2030y_SOC,cf_mean,,Tristan Da Cunha-Gough Islands shrub and grasslands,8.0,"Temperate Grasslands, Savannas & Shrublands",Afrotropic
158,_ron_2030y_SOC,cf_mean,,Trobriand Islands rain forests,1.0,Tropical & Subtropical Moist Broadleaf Forests,Australasia
632,_ron_2030y_SOC,cf_mean,,Tuamotu tropical moist forests,1.0,Tropical & Subtropical Moist Broadleaf Forests,Oceania
633,_ron_2030y_SOC,cf_mean,,Tubuai tropical moist forests,1.0,Tropical & Subtropical Moist Broadleaf Forests,Oceania
549,_ron_2030y_SOC,cf_mean,27.837648,Tumbes-Piura dry forests,2.0,Tropical & Subtropical Dry Broadleaf Forests,Neotropic
806,_ron_2030y_SOC,cf_mean,62.88109,Tyrrhenian-Adriatic sclerophyllous and mixed forests,12.0,"Mediterranean Forests, Woodlands & Scrub",Palearctic
511,_ron_2030y_SOC,cf_mean,,Uatumã-Trombetas moist forests,1.0,Tropical & Subtropical Moist Broadleaf Forests,Neotropic
512,_ron_2030y_SOC,cf_mean,45.33345,Ucayali moist forests,1.0,Tropical & Subtropical Moist Broadleaf Forests,Neotropic
287,_ron_2030y_SOC,cf_mean,21.033747,Upper Gangetic Plains moist deciduous forests,1.0,Tropical & Subtropical Moist Broadleaf Forests,Indomalayan
343,_ron_2030y_SOC,cf_mean,59.48426,Upper Midwest US forest-savanna transition,4.0,Temperate Broadleaf & Mixed Forests,Nearctic
719,_ron_2030y_SOC,cf_mean,75.14728,Urals montane forest and taiga,6.0,Boreal Forests/Taiga,Palearctic
574,_ron_2030y_SOC,cf_mean,45.135628,Uruguayan savanna,7.0,"Tropical & Subtropical Grasslands, Savannas & Shrublands",Neotropic
685,_ron_2030y_SOC,cf_mean,67.06068,Ussuri broadleaf and mixed forests,4.0,Temperate Broadleaf & Mixed Forests,Palearctic
563,_ron_2030y_SOC,cf_mean,94.04022,Valdivian temperate forests,4.0,Temperate Broadleaf & Mixed Forests,Neotropic
159,_ron_2030y_SOC,cf_mean,,Vanuatu rain forests,1.0,Tropical & Subtropical Moist Broadleaf Forests,Australasia
513,_ron_2030y_SOC,cf_mean,,Venezuelan Andes montane forests,1.0,Tropical & Subtropical Moist Broadleaf Forests,Neotropic
550,_ron_2030y_SOC,cf_mean,40.738045,Veracruz dry forests,2.0,Tropical & Subtropical Dry Broadleaf Forests,Neotropic
514,_ron_2030y_SOC,cf_mean,43.866695,Veracruz moist forests,1.0,Tropical & Subtropical Moist Broadleaf Forests,Neotropic
515,_ron_2030y_SOC,cf_mean,50.40467,Veracruz montane forests,1.0,Tropical & Subtropical Moist Broadleaf Forests,Neotropic
189,_ron_2030y_SOC,cf_mean,13.526063,Victoria Plains tropical savanna,7.0,"Tropical & Subtropical Grasslands, Savannas & Shrublands",Australasia
161,_ron_2030y_SOC,cf_mean,,Vogelkop-Aru lowland rain forests,1.0,Tropical & Subtropical Moist Broadleaf Forests,Australasia
160,_ron_2030y_SOC,cf_mean,,Vogelkop montane rain forests,1.0,Tropical & Subtropical Moist Broadleaf Forests,Australasia
368,_ron_2030y_SOC,cf_mean,51.133953,Wasatch and Uinta montane forests,5.0,Temperate Conifer Forests,Nearctic
383,_ron_2030y_SOC,cf_mean,70.655975,Watson Highlands taiga,6.0,Boreal Forests/Taiga,Nearctic
845,_ron_2030y_SOC,cf_mean,11.160442,West Sahara desert,13.0,Deserts & Xeric Shrublands,Palearctic
846,_ron_2030y_SOC,cf_mean,11.963999,West Saharan montane xeric woodlands,13.0,Deserts & Xeric Shrublands,Palearctic
720,_ron_2030y_SOC,cf_mean,73.10245,West Siberian taiga,6.0,Boreal Forests/Taiga,Palearctic
62,_ron_2030y_SOC,cf_mean,12.95805,West Sudanian savanna,7.0,"Tropical & Subtropical Grasslands, Savannas & Shrublands",Afrotropic
216,_ron_2030y_SOC,cf_mean,19.715342,Western Australian Mulga shrublands,13.0,Deserts & Xeric Shrublands,Australasia
29,_ron_2030y_SOC,cf_mean,,Western Congolian swamp forests,1.0,Tropical & Subtropical Moist Broadleaf Forests,Afrotropic
516,_ron_2030y_SOC,cf_mean,44.67575,Western Ecuador moist forests,1.0,Tropical & Subtropical Moist Broadleaf Forests,Neotropic
686,_ron_2030y_SOC,cf_mean,63.8932,Western European broadleaf forests,4.0,Temperate Broadleaf & Mixed Forests,Palearctic
344,_ron_2030y_SOC,cf_mean,57.538612,Western Great Lakes forests,4.0,Temperate Broadleaf & Mixed Forests,Nearctic
30,_ron_2030y_SOC,cf_mean,,Western Guinean lowland forests,1.0,Tropical & Subtropical Moist Broadleaf Forests,Afrotropic
384,_ron_2030y_SOC,cf_mean,39.307343,Western Gulf coastal grasslands,7.0,"Tropical & Subtropical Grasslands, Savannas & Shrublands",Nearctic
769,_ron_2030y_SOC,cf_mean,66.46329,Western Himalayan alpine shrub and meadows,10.0,Montane Grasslands & Shrublands,Palearctic
308,_ron_2030y_SOC,cf_mean,57.749176,Western Himalayan broadleaf forests,4.0,Temperate Broadleaf & Mixed Forests,Indomalayan
310,_ron_2030y_SOC,cf_mean,49.92537,Western Himalayan subalpine conifer forests,5.0,Temperate Conifer Forests,Indomalayan
288,_ron_2030y_SOC,cf_mean,,Western Java montane rain forests,1.0,Tropical & Subtropical Moist Broadleaf Forests,Indomalayan
289,_ron_2030y_SOC,cf_mean,,Western Java rain forests,1.0,Tropical & Subtropical Moist Broadleaf Forests,Indomalayan
634,_ron_2030y_SOC,cf_mean,,Western Polynesian tropical moist forests,1.0,Tropical & Subtropical Moist Broadleaf Forests,Oceania
402,_ron_2030y_SOC,cf_mean,31.697182,Western shortgrass prairie,8.0,"Temperate Grasslands, Savannas & Shrublands",Nearctic
687,_ron_2030y_SOC,cf_mean,73.936714,Western Siberian hemiboreal forests,4.0,Temperate Broadleaf & Mixed Forests,Palearctic
180,_ron_2030y_SOC,cf_mean,130.38333,Westland temperate forests,4.0,Temperate Broadleaf & Mixed Forests,Australasia
403,_ron_2030y_SOC,cf_mean,67.09794,Willamette Valley oak savanna,8.0,"Temperate Grasslands, Savannas & Shrublands",Nearctic
517,_ron_2030y_SOC,cf_mean,,Windward Islands moist forests,1.0,Tropical & Subtropical Moist Broadleaf Forests,Neotropic
783,_ron_2030y_SOC,cf_mean,,Wrangel Island Arctic desert,11.0,Tundra,Palearctic
438,_ron_2030y_SOC,cf_mean,38.691063,Wyoming Basin shrub steppe,13.0,Deserts & Xeric Shrublands,Nearctic
518,_ron_2030y_SOC,cf_mean,,Xingu-Tocantins-Araguaia moist forests,1.0,Tropical & Subtropical Moist Broadleaf Forests,Neotropic
784,_ron_2030y_SOC,cf_mean,,Yamal-Gydan tundra,11.0,Tundra,Palearctic
638,_ron_2030y_SOC,cf_mean,,Yap tropical dry forests,2.0,Tropical & Subtropical Dry Broadleaf Forests,Oceania
162,_ron_2030y_SOC,cf_mean,,Yapen rain forests,1.0,Tropical & Subtropical Moist Broadleaf Forests,Australasia
770,_ron_2030y_SOC,cf_mean,47.8349,Yarlung Zanbo arid steppe,10.0,Montane Grasslands & Shrublands,Palearctic
748,_ron_2030y_SOC,cf_mean,52.40143,Yellow Sea saline meadow,9.0,Flooded Grasslands & Savannas,Palearctic
551,_ron_2030y_SOC,cf_mean,,Yucatán dry forests,2.0,Tropical & Subtropical Dry Broadleaf Forests,Neotropic
519,_ron_2030y_SOC,cf_mean,,Yucatán moist forests,1.0,Tropical & Subtropical Moist Broadleaf Forests,Neotropic
643,_ron_2030y_SOC,cf_mean,47.355408,Yunnan Plateau subtropical evergreen forests,1.0,Tropical & Subtropical Moist Broadleaf Forests,Palearctic
688,_ron_2030y_SOC,cf_mean,36.283634,Zagros Mountains forest steppe,4.0,Temperate Broadleaf & Mixed Forests,Palearctic
66,_ron_2030y_SOC,cf_mean,20.639069,Zambezian-Limpopo mixed woodlands,7.0,"Tropical & Subtropical Grasslands, Savannas & Shrublands",Afrotropic
64,_ron_2030y_SOC,cf_mean,15.448205,Zambezian Baikiaea woodlands,7.0,"Tropical & Subtropical Grasslands, Savannas & Shrublands",Afrotropic
75,_ron_2030y_SOC,cf_mean,19.911924,Zambezian coastal flooded savanna,9.0,Flooded Grasslands & Savannas,Afrotropic
42,_ron_2030y_SOC,cf_mean,20.57783,Dry miombo woodlands,7.0,"Tropical & Subtropical Grasslands, Savannas & Shrublands",Afrotropic
33,_ron_2030y_SOC,cf_mean,26.063185,Zambezian evergreen dry forests,2.0,Tropical & Subtropical Dry Broadleaf Forests,Afrotropic
76,_ron_2030y_SOC,cf_mean,22.845076,Zambezian flooded grasslands,9.0,Flooded Grasslands & Savannas,Afrotropic
65,_ron_2030y_SOC,cf_mean,17.85772,Zambezian mopane woodlands,7.0,"Tropical & Subtropical Grasslands, Savannas & Shrublands",Afrotropic
524,_ron_2030y_SOC,cf_mean,24.16944,Brazilian Atlantic dry forests,2.0,Tropical & Subtropical Dry Broadleaf Forests,Neotropic
380,_ron_2030y_SOC,cf_mean,75.418465,Northern Cordillera forests,6.0,Boreal Forests/Taiga,Nearctic
60,_ron_2030y_SOC,cf_mean,,St. Helena scrub and woodlands,7.0,"Tropical & Subtropical Grasslands, Savannas & Shrublands",Afrotropic
61,_ron_2030y_SOC,cf_mean,37.878334,Victoria Basin forest-savanna,7.0,"Tropical & Subtropical Grasslands, Savannas & Shrublands",Afrotropic
63,_ron_2030y_SOC,cf_mean,18.12366,Western Congolian forest-savanna,7.0,"Tropical & Subtropical Grasslands, Savannas & Shrublands",Afrotropic
78,_ron_2030y_SOC,cf_mean,53.86171,East African montane moorlands,10.0,Montane Grasslands & Shrublands,Afrotropic
365,_ron_2030y_SOC,cf_mean,105.48594,Queen Charlotte Islands conifer forests,5.0,Temperate Conifer Forests,Nearctic
360,_ron_2030y_SOC,cf_mean,94.44739,Northern Pacific Alaskan coastal forests,5.0,Temperate Conifer Forests,Nearctic
381,_ron_2030y_SOC,cf_mean,62.526947,Northwest Territories taiga,6.0,Boreal Forests/Taiga,Nearctic
107,_ron_2030y_SOC,cf_mean,21.084146,Southwest Arabian coastal xeric shrublands,13.0,Deserts & Xeric Shrublands,Afrotropic
811,_ron_2030y_SOC,cf_mean,22.158579,Arabian-Persian Gulf coastal plain desert,13.0,Deserts & Xeric Shrublands,Palearctic
840,_ron_2030y_SOC,cf_mean,14.080212,South Arabian plains and plateau desert,13.0,Deserts & Xeric Shrublands,Palearctic
809,_ron_2030y_SOC,cf_mean,17.474297,Arabian desert,13.0,Deserts & Xeric Shrublands,Palearctic
552,_ron_2030y_SOC,cf_mean,,Bahamian pineyards,3.0,Tropical & Subtropical Coniferous Forests,Neotropic
96,_ron_2030y_SOC,cf_mean,,Ile Europa and Bassas da India xeric scrub,13.0,Deserts & Xeric Shrublands,Afrotropic
773,_ron_2030y_SOC,cf_mean,90.16575,Kamchatka tundra,11.0,Tundra,Palearctic
508,_ron_2030y_SOC,cf_mean,,Tocantins/Pindare moist forests,1.0,Tropical & Subtropical Moist Broadleaf Forests,Neotropic
417,_ron_2030y_SOC,cf_mean,,Kalaallit Nunaat Arctic steppe,11.0,Tundra,Nearctic
358,_ron_2030y_SOC,cf_mean,60.792946,North Cascades conifer forests,5.0,Temperate Conifer Forests,Nearctic
361,_ron_2030y_SOC,cf_mean,56.349735,Northern Rockies conifer forests,5.0,Temperate Conifer Forests,Nearctic
509,_ron_2030y_SOC,cf_mean,,Trindade-Martin Vaz Islands tropical forests,1.0,Tropical & Subtropical Moist Broadleaf Forests,Neotropic
59,_ron_2030y_SOC,cf_mean,18.86093,Southwest Arabian montane woodlands and grasslands,7.0,"Tropical & Subtropical Grasslands, Savannas & Shrublands",Afrotropic
56,_ron_2030y_SOC,cf_mean,23.369694,"South Arabian fog woodlands, shrublands, and dune",7.0,"Tropical & Subtropical Grasslands, Savannas & Shrublands",Afrotropic
548,_ron_2030y_SOC,cf_mean,,Trinidad and Tobago dry forest,2.0,Tropical & Subtropical Dry Broadleaf Forests,Neotropic
537,_ron_2030y_SOC,cf_mean,,Lesser Antillean dry forests,2.0,Tropical & Subtropical Dry Broadleaf Forests,Neotropic
672,_ron_2030y_SOC,cf_mean,97.52202,North Atlantic moist mixed forests,4.0,Temperate Broadleaf & Mixed Forests,Palearctic
119,_ron_2030y_SOC,cf_mean,,Dronning Maud Land tundra,11.0,Tundra,Antarctica
124,_ron_2030y_SOC,cf_mean,,Marie Byrd Land tundra,11.0,Tundra,Antarctica
156,_ron_2030y_SOC,cf_mean,,Sulawesi lowland rain forests,1.0,Tropical & Subtropical Moist Broadleaf Forests,Australasia
8,_ron_2030y_SOC,cf_mean,44.26827,East African montane forests,1.0,Tropical & Subtropical Moist Broadleaf Forests,Afrotropic
9,_ron_2030y_SOC,cf_mean,35.785473,Eastern Arc forests,1.0,Tropical & Subtropical Moist Broadleaf Forests,Afrotropic
220,_ron_2030y_SOC,cf_mean,,Borneo montane rain forests,1.0,Tropical & Subtropical Moist Broadleaf Forests,Indomalayan
313,_ron_2030y_SOC,cf_mean,,Kinabalu montane alpine meadows,10.0,Montane Grasslands & Shrublands,Indomalayan
117,_ron_2030y_SOC,cf_median,,Adelie Land tundra,11.0,Tundra,Antarctica
135,_ron_2030y_SOC,cf_median,,Admiralty Islands lowland rain forests,1.0,Tropical & Subtropical Moist Broadleaf Forests,Australasia
785,_ron_2030y_SOC,cf_median,37.033966,Aegean and Western Turkey sclerophyllous and mixed forests,12.0,"Mediterranean Forests, Woodlands & Scrub",Palearctic
807,_ron_2030y_SOC,cf_median,38.580517,Afghan Mountains semi-desert,13.0,Deserts & Xeric Shrublands,Palearctic
404,_ron_2030y_SOC,cf_median,100.12829,Ahklun and Kilbuck Upland Tundra,11.0,Tundra,Nearctic
722,_ron_2030y_SOC,cf_median,12.264313,Al-Hajar foothill xeric woodlands and shrublands,8.0,"Temperate Grasslands, Savannas & Shrublands",Palearctic
723,_ron_2030y_SOC,cf_median,14.958328,Al-Hajar montane woodlands and shrublands,8.0,"Temperate Grasslands, Savannas & Shrublands",Palearctic
721,_ron_2030y_SOC,cf_median,30.25885,Alai-Western Tian Shan steppe,8.0,"Temperate Grasslands, Savannas & Shrublands",Palearctic
808,_ron_2030y_SOC,cf_median,29.914888,Alashan Plateau semi-desert,13.0,Deserts & Xeric Shrublands,Palearctic
405,_ron_2030y_SOC,cf_median,84.51394,Alaska-St. Elias Range tundra,11.0,Tundra,Nearctic
369,_ron_2030y_SOC,cf_median,89.479935,Alaska Peninsula montane taiga,6.0,Boreal Forests/Taiga,Nearctic
88,_ron_2030y_SOC,cf_median,30.76013,Albany thickets,12.0,"Mediterranean Forests, Woodlands & Scrub",Afrotropic
345,_ron_2030y_SOC,cf_median,47.07173,Alberta-British Columbia foothills forests,5.0,Temperate Conifer Forests,Nearctic
1,_ron_2030y_SOC,cf_median,46.07255,Albertine Rift montane forests,1.0,Tropical & Subtropical Moist Broadleaf Forests,Afrotropic
91,_ron_2030y_SOC,cf_median,,Aldabra Island xeric scrub,13.0,Deserts & Xeric Shrublands,Afrotropic
406,_ron_2030y_SOC,cf_median,,Aleutian Islands tundra,11.0,Tundra,Nearctic
328,_ron_2030y_SOC,cf_median,59.70032,Allegheny Highlands forests,4.0,Temperate Broadleaf & Mixed Forests,Nearctic
689,_ron_2030y_SOC,cf_median,69.318184,Alps conifer and mixed forests,5.0,Temperate Conifer Forests,Palearctic
749,_ron_2030y_SOC,cf_median,54.476254,Altai alpine meadow and tundra,10.0,Montane Grasslands & Shrublands,Palearctic
690,_ron_2030y_SOC,cf_median,42.852165,Altai montane forest and forest steppe,5.0,Temperate Conifer Forests,Palearctic
724,_ron_2030y_SOC,cf_median,44.45022,Altai steppe and semi-desert,8.0,"Temperate Grasslands, Savannas & Shrublands",Palearctic
439,_ron_2030y_SOC,cf_median,29.44109,Alto Paraná Atlantic forests,1.0,Tropical & Subtropical Moist Broadleaf Forests,Neotropic
611,_ron_2030y_SOC,cf_median,,Amazon-Orinoco-Southern Caribbean mangroves,14.0,Mangroves,Neotropic
67,_ron_2030y_SOC,cf_median,,Amsterdam-Saint Paul Islands temperate grasslands,8.0,"Temperate Grasslands, Savannas & Shrublands",Afrotropic
741,_ron_2030y_SOC,cf_median,67.20571,Amur meadow steppe,9.0,Flooded Grasslands & Savannas,Palearctic
786,_ron_2030y_SOC,cf_median,,Anatolian conifer and deciduous mixed forests,12.0,"Mediterranean Forests, Woodlands & Scrub",Palearctic
218,_ron_2030y_SOC,cf_median,,Andaman Islands rain forests,1.0,Tropical & Subtropical Moist Broadleaf Forests,Indomalayan
77,_ron_2030y_SOC,cf_median,21.121912,Angolan montane forest-grassland,10.0,Montane Grasslands & Shrublands,Afrotropic
34,_ron_2030y_SOC,cf_median,18.803982,Angolan mopane woodlands,7.0,"Tropical & Subtropical Grasslands, Savannas & Shrublands",Afrotropic
35,_ron_2030y_SOC,cf_median,21.449038,Angolan scarp savanna and woodlands,7.0,"Tropical & Subtropical Grasslands, Savannas & Shrublands",Afrotropic
36,_ron_2030y_SOC,cf_median,15.824715,Angolan wet miombo woodlands,7.0,"Tropical & Subtropical Grasslands, Savannas & Shrublands",Afrotropic
196,_ron_2030y_SOC,cf_median,,Antipodes Subantarctic Islands tundra,11.0,Tundra,Australasia
331,_ron_2030y_SOC,cf_median,49.25963,Appalachian-Blue Ridge forests,4.0,Temperate Broadleaf & Mixed Forests,Nearctic
329,_ron_2030y_SOC,cf_median,48.020844,Appalachian mixed mesophytic forests,4.0,Temperate Broadleaf & Mixed Forests,Nearctic
330,_ron_2030y_SOC,cf_median,35.67957,Appalachian Piedmont forests,4.0,Temperate Broadleaf & Mixed Forests,Nearctic
644,_ron_2030y_SOC,cf_median,55.29528,Appenine deciduous montane forests,4.0,Temperate Broadleaf & Mixed Forests,Palearctic
520,_ron_2030y_SOC,cf_median,62.947655,Apure-Villavicencio dry forests,2.0,Tropical & Subtropical Dry Broadleaf Forests,Neotropic
810,_ron_2030y_SOC,cf_median,17.441975,Arabian sand desert,13.0,Deserts & Xeric Shrublands,Palearctic
440,_ron_2030y_SOC,cf_median,49.83596,Araucaria moist forests,1.0,Tropical & Subtropical Moist Broadleaf Forests,Neotropic
597,_ron_2030y_SOC,cf_median,,Araya and Paria xeric scrub,13.0,Deserts & Xeric Shrublands,Neotropic
407,_ron_2030y_SOC,cf_median,,Arctic coastal tundra,11.0,Tundra,Nearctic
778,_ron_2030y_SOC,cf_median,,Russian Arctic desert,11.0,Tundra,Palearctic
408,_ron_2030y_SOC,cf_median,,Arctic foothills tundra,11.0,Tundra,Nearctic
346,_ron_2030y_SOC,cf_median,31.220074,Arizona Mountains forests,5.0,Temperate Conifer Forests,Nearctic
181,_ron_2030y_SOC,cf_median,13.170042,Arnhem Land tropical savanna,7.0,"Tropical & Subtropical Grasslands, Savannas & Shrublands",Australasia
37,_ron_2030y_SOC,cf_median,,Ascension scrub and grasslands,7.0,"Tropical & Subtropical Grasslands, Savannas & Shrublands",Afrotropic
598,_ron_2030y_SOC,cf_median,30.969982,Atacama desert,13.0,Deserts & Xeric Shrublands,Neotropic
441,_ron_2030y_SOC,cf_median,92.455124,Atlantic Coast restingas,1.0,Tropical & Subtropical Moist Broadleaf Forests,Neotropic
839,_ron_2030y_SOC,cf_median,18.679216,Saharan Atlantic coastal desert,13.0,Deserts & Xeric Shrublands,Palearctic
347,_ron_2030y_SOC,cf_median,42.56927,Atlantic coastal pine barrens,5.0,Temperate Conifer Forests,Nearctic
5,_ron_2030y_SOC,cf_median,,Congolian coastal forests,1.0,Tropical & Subtropical Moist Broadleaf Forests,Afrotropic
664,_ron_2030y_SOC,cf_median,52.896217,European Atlantic mixed forests,4.0,Temperate Broadleaf & Mixed Forests,Palearctic
193,_ron_2030y_SOC,cf_median,62.18725,Australian Alps montane grasslands,10.0,Montane Grasslands & Shrublands,Australasia
812,_ron_2030y_SOC,cf_median,41.461567,Azerbaijan shrub desert and steppe,13.0,Deserts & Xeric Shrublands,Palearctic
645,_ron_2030y_SOC,cf_median,,Azores temperate mixed forests,4.0,Temperate Broadleaf & Mixed Forests,Palearctic
813,_ron_2030y_SOC,cf_median,23.86932,Badghyz and Karabil semi-desert,13.0,Deserts & Xeric Shrublands,Palearctic
612,_ron_2030y_SOC,cf_median,46.421986,Bahamian-Antillean mangroves,14.0,Mangroves,Neotropic
442,_ron_2030y_SOC,cf_median,31.80682,Bahia coastal forests,1.0,Tropical & Subtropical Moist Broadleaf Forests,Neotropic
443,_ron_2030y_SOC,cf_median,30.022766,Bahia interior forests,1.0,Tropical & Subtropical Moist Broadleaf Forests,Neotropic
426,_ron_2030y_SOC,cf_median,19.070194,Baja California desert,13.0,Deserts & Xeric Shrublands,Nearctic
521,_ron_2030y_SOC,cf_median,38.179165,Bajío dry forests,2.0,Tropical & Subtropical Dry Broadleaf Forests,Neotropic
646,_ron_2030y_SOC,cf_median,46.635563,Balkan mixed forests,4.0,Temperate Broadleaf & Mixed Forests,Palearctic
522,_ron_2030y_SOC,cf_median,33.683155,Balsas dry forests,2.0,Tropical & Subtropical Dry Broadleaf Forests,Neotropic
647,_ron_2030y_SOC,cf_median,53.889656,Baltic mixed forests,4.0,Temperate Broadleaf & Mixed Forests,Palearctic
814,_ron_2030y_SOC,cf_median,14.884293,Baluchistan xeric woodlands,13.0,Deserts & Xeric Shrublands,Palearctic
136,_ron_2030y_SOC,cf_median,,Banda Sea Islands moist deciduous forests,1.0,Tropical & Subtropical Moist Broadleaf Forests,Australasia
564,_ron_2030y_SOC,cf_median,,Belizian pine savannas,7.0,"Tropical & Subtropical Grasslands, Savannas & Shrublands",Neotropic
565,_ron_2030y_SOC,cf_median,,Beni savanna,7.0,"Tropical & Subtropical Grasslands, Savannas & Shrublands",Neotropic
779,_ron_2030y_SOC,cf_median,,Russian Bering tundra,11.0,Tundra,Palearctic
409,_ron_2030y_SOC,cf_median,94.17335,Beringia lowland tundra,11.0,Tundra,Nearctic
410,_ron_2030y_SOC,cf_median,,Beringia upland tundra,11.0,Tundra,Nearctic
325,_ron_2030y_SOC,cf_median,,Bermuda subtropical conifer forests,3.0,Tropical & Subtropical Coniferous Forests,Nearctic
137,_ron_2030y_SOC,cf_median,,Biak-Numfoor rain forests,1.0,Tropical & Subtropical Moist Broadleaf Forests,Australasia
348,_ron_2030y_SOC,cf_median,46.595,Blue Mountains forests,5.0,Temperate Conifer Forests,Nearctic
742,_ron_2030y_SOC,cf_median,29.825138,Bohai Sea saline meadow,9.0,Flooded Grasslands & Savannas,Palearctic
523,_ron_2030y_SOC,cf_median,,Bolivian montane dry forests,2.0,Tropical & Subtropical Dry Broadleaf Forests,Neotropic
444,_ron_2030y_SOC,cf_median,60.316025,Bolivian Yungas,1.0,Tropical & Subtropical Moist Broadleaf Forests,Neotropic
219,_ron_2030y_SOC,cf_median,,Borneo lowland rain forests,1.0,Tropical & Subtropical Moist Broadleaf Forests,Indomalayan
221,_ron_2030y_SOC,cf_median,,Borneo peat swamp forests,1.0,Tropical & Subtropical Moist Broadleaf Forests,Indomalayan
222,_ron_2030y_SOC,cf_median,28.228392,Brahmaputra Valley semi-evergreen forests,1.0,Tropical & Subtropical Moist Broadleaf Forests,Indomalayan
182,_ron_2030y_SOC,cf_median,15.765729,Brigalow tropical savanna,7.0,"Tropical & Subtropical Grasslands, Savannas & Shrublands",Australasia
349,_ron_2030y_SOC,cf_median,79.52273,British Columbia coastal conifer forests,5.0,Temperate Conifer Forests,Nearctic
411,_ron_2030y_SOC,cf_median,,Brooks-British Range tundra,11.0,Tundra,Nearctic
138,_ron_2030y_SOC,cf_median,,Buru rain forests,1.0,Tropical & Subtropical Moist Broadleaf Forests,Australasia
525,_ron_2030y_SOC,cf_median,22.521734,Caatinga,2.0,Tropical & Subtropical Dry Broadleaf Forests,Neotropic
445,_ron_2030y_SOC,cf_median,,Caatinga Enclaves moist forests,1.0,Tropical & Subtropical Moist Broadleaf Forests,Neotropic
691,_ron_2030y_SOC,cf_median,,Caledon conifer forests,5.0,Temperate Conifer Forests,Palearctic
385,_ron_2030y_SOC,cf_median,29.41785,California Central Valley grasslands,8.0,"Temperate Grasslands, Savannas & Shrublands",Nearctic
422,_ron_2030y_SOC,cf_median,29.29193,California coastal sage and chaparral,12.0,"Mediterranean Forests, Woodlands & Scrub",Nearctic
423,_ron_2030y_SOC,cf_median,34.844757,California interior chaparral and woodlands,12.0,"Mediterranean Forests, Woodlands & Scrub",Nearctic
424,_ron_2030y_SOC,cf_median,29.29193,California montane chaparral and woodlands,12.0,"Mediterranean Forests, Woodlands & Scrub",Nearctic
2,_ron_2030y_SOC,cf_median,43.944233,Cameroon Highlands forests,1.0,Tropical & Subtropical Moist Broadleaf Forests,Afrotropic
566,_ron_2030y_SOC,cf_median,33.865097,Campos Rupestres montane savanna,7.0,"Tropical & Subtropical Grasslands, Savannas & Shrublands",Neotropic
386,_ron_2030y_SOC,cf_median,66.52431,Canadian Aspen forests and parklands,8.0,"Temperate Grasslands, Savannas & Shrublands",Nearctic
413,_ron_2030y_SOC,cf_median,,Canadian Low Arctic tundra,11.0,Tundra,Nearctic
787,_ron_2030y_SOC,cf_median,111.79111,Canary Islands dry woodlands and forests,12.0,"Mediterranean Forests, Woodlands & Scrub",Palearctic
648,_ron_2030y_SOC,cf_median,64.28506,Cantabrian mixed forests,4.0,Temperate Broadleaf & Mixed Forests,Palearctic
190,_ron_2030y_SOC,cf_median,85.565956,Canterbury-Otago tussock grasslands,8.0,"Temperate Grasslands, Savannas & Shrublands",Australasia
31,_ron_2030y_SOC,cf_median,,Cape Verde Islands dry forests,2.0,Tropical & Subtropical Dry Broadleaf Forests,Afrotropic
183,_ron_2030y_SOC,cf_median,17.44437,Cape York Peninsula tropical savanna,7.0,"Tropical & Subtropical Grasslands, Savannas & Shrublands",Australasia
446,_ron_2030y_SOC,cf_median,,Caqueta moist forests,1.0,Tropical & Subtropical Moist Broadleaf Forests,Neotropic
223,_ron_2030y_SOC,cf_median,,Cardamom Mountains rain forests,1.0,Tropical & Subtropical Moist Broadleaf Forests,Indomalayan
599,_ron_2030y_SOC,cf_median,,Caribbean shrublands,13.0,Deserts & Xeric Shrublands,Neotropic
207,_ron_2030y_SOC,cf_median,16.952578,Carnarvon xeric shrublands,13.0,Deserts & Xeric Shrublands,Australasia
618,_ron_2030y_SOC,cf_median,,Carolines tropical moist forests,1.0,Tropical & Subtropical Moist Broadleaf Forests,Oceania
692,_ron_2030y_SOC,cf_median,58.494648,Carpathian montane forests,5.0,Temperate Conifer Forests,Palearctic
184,_ron_2030y_SOC,cf_median,16.355803,Carpentaria tropical savanna,7.0,"Tropical & Subtropical Grasslands, Savannas & Shrublands",Australasia
649,_ron_2030y_SOC,cf_median,46.10724,Caspian Hyrcanian mixed forests,4.0,Temperate Broadleaf & Mixed Forests,Palearctic
815,_ron_2030y_SOC,cf_median,38.081463,Caspian lowland desert,13.0,Deserts & Xeric Shrublands,Palearctic
447,_ron_2030y_SOC,cf_median,45.789104,Catatumbo moist forests,1.0,Tropical & Subtropical Moist Broadleaf Forests,Neotropic
526,_ron_2030y_SOC,cf_median,59.793953,Cauca Valley dry forests,2.0,Tropical & Subtropical Dry Broadleaf Forests,Neotropic
448,_ron_2030y_SOC,cf_median,66.88248,Cauca Valley montane forests,1.0,Tropical & Subtropical Moist Broadleaf Forests,Neotropic
650,_ron_2030y_SOC,cf_median,60.330345,Caucasus mixed forests,4.0,Temperate Broadleaf & Mixed Forests,Palearctic
449,_ron_2030y_SOC,cf_median,,Cayos Miskitos-San Andrés and Providencia moist forests,1.0,Tropical & Subtropical Moist Broadleaf Forests,Neotropic
651,_ron_2030y_SOC,cf_median,91.36383,Celtic broadleaf forests,4.0,Temperate Broadleaf & Mixed Forests,Palearctic
816,_ron_2030y_SOC,cf_median,25.651072,Central Afghan Mountains xeric woodlands,13.0,Deserts & Xeric Shrublands,Palearctic
111,_ron_2030y_SOC,cf_median,,Central African mangroves,14.0,Mangroves,Afrotropic
450,_ron_2030y_SOC,cf_median,38.7873,Central American Atlantic moist forests,1.0,Tropical & Subtropical Moist Broadleaf Forests,Neotropic
527,_ron_2030y_SOC,cf_median,35.43675,Central American dry forests,2.0,Tropical & Subtropical Dry Broadleaf Forests,Neotropic
451,_ron_2030y_SOC,cf_median,39.731647,Central American montane forests,1.0,Tropical & Subtropical Moist Broadleaf Forests,Neotropic
553,_ron_2030y_SOC,cf_median,36.852802,Central American pine-oak forests,3.0,Tropical & Subtropical Coniferous Forests,Neotropic
725,_ron_2030y_SOC,cf_median,,Central Anatolian steppe,8.0,"Temperate Grasslands, Savannas & Shrublands",Palearctic
652,_ron_2030y_SOC,cf_median,,Central Anatolian steppe and woodlands,4.0,Temperate Broadleaf & Mixed Forests,Palearctic
352,_ron_2030y_SOC,cf_median,56.89236,Central-Southern Cascades Forests,5.0,Temperate Conifer Forests,Nearctic
389,_ron_2030y_SOC,cf_median,38.485313,Central-Southern US mixed grasslands,8.0,"Temperate Grasslands, Savannas & Shrublands",Nearctic
587,_ron_2030y_SOC,cf_median,39.626236,Central Andean dry puna,10.0,Montane Grasslands & Shrublands,Neotropic
588,_ron_2030y_SOC,cf_median,34.52982,Central Andean puna,10.0,Montane Grasslands & Shrublands,Neotropic
589,_ron_2030y_SOC,cf_median,52.92815,Central Andean wet puna,10.0,Montane Grasslands & Shrublands,Neotropic
817,_ron_2030y_SOC,cf_median,22.886267,Central Asian northern desert,13.0,Deserts & Xeric Shrublands,Palearctic
818,_ron_2030y_SOC,cf_median,26.631468,Central Asian riparian woodlands,13.0,Deserts & Xeric Shrublands,Palearctic
819,_ron_2030y_SOC,cf_median,21.096191,Central Asian southern desert,13.0,Deserts & Xeric Shrublands,Palearctic
350,_ron_2030y_SOC,cf_median,64.603004,Central British Columbia Mountain forests,5.0,Temperate Conifer Forests,Nearctic
38,_ron_2030y_SOC,cf_median,19.836662,Central bushveld,7.0,"Tropical & Subtropical Grasslands, Savannas & Shrublands",Afrotropic
370,_ron_2030y_SOC,cf_median,62.7748,Central Canadian Shield forests,6.0,Boreal Forests/Taiga,Nearctic
653,_ron_2030y_SOC,cf_median,43.45906,Central China Loess Plateau mixed forests,4.0,Temperate Broadleaf & Mixed Forests,Palearctic
3,_ron_2030y_SOC,cf_median,,Central Congolian lowland forests,1.0,Tropical & Subtropical Moist Broadleaf Forests,Afrotropic
290,_ron_2030y_SOC,cf_median,17.466198,Central Deccan Plateau dry deciduous forests,2.0,Tropical & Subtropical Dry Broadleaf Forests,Indomalayan
654,_ron_2030y_SOC,cf_median,47.096897,Central European mixed forests,4.0,Temperate Broadleaf & Mixed Forests,Palearctic
387,_ron_2030y_SOC,cf_median,52.496338,Central US forest-grasslands transition,8.0,"Temperate Grasslands, Savannas & Shrublands",Nearctic
291,_ron_2030y_SOC,cf_median,23.928083,Central Indochina dry forests,2.0,Tropical & Subtropical Dry Broadleaf Forests,Indomalayan
655,_ron_2030y_SOC,cf_median,48.275578,Central Korean deciduous forests,4.0,Temperate Broadleaf & Mixed Forests,Palearctic
427,_ron_2030y_SOC,cf_median,35.41581,Central Mexican matorral,13.0,Deserts & Xeric Shrublands,Nearctic
351,_ron_2030y_SOC,cf_median,86.68644,Central Pacific Northwest coastal forests,5.0,Temperate Conifer Forests,Nearctic
820,_ron_2030y_SOC,cf_median,17.595783,Central Persian desert basins,13.0,Deserts & Xeric Shrublands,Palearctic
619,_ron_2030y_SOC,cf_median,,Central Polynesian tropical moist forests,1.0,Tropical & Subtropical Moist Broadleaf Forests,Oceania
139,_ron_2030y_SOC,cf_median,,Central Range Papuan montane rain forests,1.0,Tropical & Subtropical Moist Broadleaf Forests,Australasia
195,_ron_2030y_SOC,cf_median,,Papuan Central Range sub-alpine grasslands,10.0,Montane Grasslands & Shrublands,Australasia
208,_ron_2030y_SOC,cf_median,12.388526,Central Ranges xeric scrub,13.0,Deserts & Xeric Shrublands,Australasia
118,_ron_2030y_SOC,cf_median,,Central South Antarctic Peninsula tundra,11.0,Tundra,Antarctica
388,_ron_2030y_SOC,cf_median,59.020256,Central Tallgrass prairie,8.0,"Temperate Grasslands, Savannas & Shrublands",Nearctic
750,_ron_2030y_SOC,cf_median,43.07952,Central Tibetan Plateau alpine steppe,10.0,Montane Grasslands & Shrublands,Palearctic
39,_ron_2030y_SOC,cf_median,26.45571,Central Zambezian wet miombo woodlands,7.0,"Tropical & Subtropical Grasslands, Savannas & Shrublands",Afrotropic
567,_ron_2030y_SOC,cf_median,24.536324,Cerrado,7.0,"Tropical & Subtropical Grasslands, Savannas & Shrublands",Neotropic
656,_ron_2030y_SOC,cf_median,71.24077,Changbai Mountains mixed forests,4.0,Temperate Broadleaf & Mixed Forests,Palearctic
657,_ron_2030y_SOC,cf_median,37.2034,Changjiang Plain evergreen forests,4.0,Temperate Broadleaf & Mixed Forests,Palearctic
224,_ron_2030y_SOC,cf_median,,Chao Phraya freshwater swamp forests,1.0,Tropical & Subtropical Moist Broadleaf Forests,Indomalayan
225,_ron_2030y_SOC,cf_median,30.215364,Chao Phraya lowland moist deciduous forests,1.0,Tropical & Subtropical Moist Broadleaf Forests,Indomalayan
167,_ron_2030y_SOC,cf_median,133.57245,Chatham Island temperate forests,4.0,Temperate Broadleaf & Mixed Forests,Australasia
771,_ron_2030y_SOC,cf_median,,Cherskii-Kolyma mountain tundra,11.0,Tundra,Palearctic
292,_ron_2030y_SOC,cf_median,23.996452,Chhota-Nagpur dry deciduous forests,2.0,Tropical & Subtropical Dry Broadleaf Forests,Indomalayan
528,_ron_2030y_SOC,cf_median,31.565445,Chiapas Depression dry forests,2.0,Tropical & Subtropical Dry Broadleaf Forests,Neotropic
452,_ron_2030y_SOC,cf_median,42.535477,Chiapas montane forests,1.0,Tropical & Subtropical Moist Broadleaf Forests,Neotropic
428,_ron_2030y_SOC,cf_median,23.337965,Chihuahuan desert,13.0,Deserts & Xeric Shrublands,Nearctic
596,_ron_2030y_SOC,cf_median,52.40241,Chilean Matorral,12.0,"Mediterranean Forests, Woodlands & Scrub",Neotropic
453,_ron_2030y_SOC,cf_median,32.82573,Chimalapas montane forests,1.0,Tropical & Subtropical Moist Broadleaf Forests,Neotropic
226,_ron_2030y_SOC,cf_median,36.341988,Chin Hills-Arakan Yoma montane forests,1.0,Tropical & Subtropical Moist Broadleaf Forests,Indomalayan
529,_ron_2030y_SOC,cf_median,27.209677,Chiquitano dry forests,2.0,Tropical & Subtropical Dry Broadleaf Forests,Neotropic
454,_ron_2030y_SOC,cf_median,62.23217,Chocó-Darién moist forests,1.0,Tropical & Subtropical Moist Broadleaf Forests,Neotropic
227,_ron_2030y_SOC,cf_median,,Christmas and Cocos Islands tropical forests,1.0,Tropical & Subtropical Moist Broadleaf Forests,Indomalayan
772,_ron_2030y_SOC,cf_median,,Chukchi Peninsula tundra,11.0,Tundra,Palearctic
568,_ron_2030y_SOC,cf_median,,Clipperton Island shrub and grasslands,7.0,"Tropical & Subtropical Grasslands, Savannas & Shrublands",Neotropic
455,_ron_2030y_SOC,cf_median,,Cocos Island moist forests,1.0,Tropical & Subtropical Moist Broadleaf Forests,Neotropic
429,_ron_2030y_SOC,cf_median,25.11939,Colorado Plateau shrublands,13.0,Deserts & Xeric Shrublands,Nearctic
353,_ron_2030y_SOC,cf_median,51.225266,Colorado Rockies forests,5.0,Temperate Conifer Forests,Nearctic
4,_ron_2030y_SOC,cf_median,,Comoros forests,1.0,Tropical & Subtropical Moist Broadleaf Forests,Afrotropic
371,_ron_2030y_SOC,cf_median,93.04813,Cook Inlet taiga,6.0,Boreal Forests/Taiga,Nearctic
620,_ron_2030y_SOC,cf_median,,Cook Islands tropical moist forests,1.0,Tropical & Subtropical Moist Broadleaf Forests,Oceania
197,_ron_2030y_SOC,cf_median,27.796108,Coolgardie woodlands,12.0,"Mediterranean Forests, Woodlands & Scrub",Australasia
372,_ron_2030y_SOC,cf_median,83.11013,Copper Plateau taiga,6.0,Boreal Forests/Taiga,Nearctic
590,_ron_2030y_SOC,cf_median,55.61838,Cordillera Central páramo,10.0,Montane Grasslands & Shrublands,Neotropic
591,_ron_2030y_SOC,cf_median,,Cordillera de Merida páramo,10.0,Montane Grasslands & Shrublands,Neotropic
456,_ron_2030y_SOC,cf_median,,Cordillera La Costa montane forests,1.0,Tropical & Subtropical Moist Broadleaf Forests,Neotropic
457,_ron_2030y_SOC,cf_median,60.04114,Cordillera Oriental montane forests,1.0,Tropical & Subtropical Moist Broadleaf Forests,Neotropic
788,_ron_2030y_SOC,cf_median,125.52641,Corsican montane broadleaf and mixed forests,12.0,"Mediterranean Forests, Woodlands & Scrub",Palearctic
458,_ron_2030y_SOC,cf_median,,Costa Rican seasonal moist forests,1.0,Tropical & Subtropical Moist Broadleaf Forests,Neotropic
789,_ron_2030y_SOC,cf_median,79.838905,Crete Mediterranean forests,12.0,"Mediterranean Forests, Woodlands & Scrub",Palearctic
658,_ron_2030y_SOC,cf_median,64.1477,Crimean Submediterranean forest complex,4.0,Temperate Broadleaf & Mixed Forests,Palearctic
6,_ron_2030y_SOC,cf_median,,Cross-Niger transition forests,1.0,Tropical & Subtropical Moist Broadleaf Forests,Afrotropic
7,_ron_2030y_SOC,cf_median,53.19392,Cross-Sanaga-Bioko coastal forests,1.0,Tropical & Subtropical Moist Broadleaf Forests,Afrotropic
390,_ron_2030y_SOC,cf_median,35.02222,Cross-Timbers savanna-woodland,8.0,"Temperate Grasslands, Savannas & Shrublands",Nearctic
600,_ron_2030y_SOC,cf_median,,Cuban cactus scrub,13.0,Deserts & Xeric Shrublands,Neotropic
530,_ron_2030y_SOC,cf_median,,Cuban dry forests,2.0,Tropical & Subtropical Dry Broadleaf Forests,Neotropic
459,_ron_2030y_SOC,cf_median,,Cuban moist forests,1.0,Tropical & Subtropical Moist Broadleaf Forests,Neotropic
554,_ron_2030y_SOC,cf_median,,Cuban pine forests,3.0,Tropical & Subtropical Coniferous Forests,Neotropic
579,_ron_2030y_SOC,cf_median,,Cuban wetlands,9.0,Flooded Grasslands & Savannas,Neotropic
790,_ron_2030y_SOC,cf_median,74.905174,Cyprus Mediterranean forests,12.0,"Mediterranean Forests, Woodlands & Scrub",Palearctic
693,_ron_2030y_SOC,cf_median,73.44973,Da Hinggan-Dzhagdy Mountains conifer forests,5.0,Temperate Conifer Forests,Palearctic
659,_ron_2030y_SOC,cf_median,45.70404,Daba Mountains evergreen forests,4.0,Temperate Broadleaf & Mixed Forests,Palearctic
726,_ron_2030y_SOC,cf_median,56.86088,Daurian forest steppe,8.0,"Temperate Grasslands, Savannas & Shrublands",Palearctic
415,_ron_2030y_SOC,cf_median,,Davis Highlands tundra,11.0,Tundra,Nearctic
315,_ron_2030y_SOC,cf_median,18.262627,Deccan thorn scrub forests,13.0,Deserts & Xeric Shrublands,Indomalayan
660,_ron_2030y_SOC,cf_median,74.368484,Dinaric Mountains mixed forests,4.0,Temperate Broadleaf & Mixed Forests,Palearctic
92,_ron_2030y_SOC,cf_median,25.682425,Djibouti xeric shrublands,13.0,Deserts & Xeric Shrublands,Afrotropic
40,_ron_2030y_SOC,cf_median,40.830585,Drakensberg Escarpment savanna and thicket,7.0,"Tropical & Subtropical Grasslands, Savannas & Shrublands",Afrotropic
41,_ron_2030y_SOC,cf_median,41.84492,Drakensberg grasslands,7.0,"Tropical & Subtropical Grasslands, Savannas & Shrublands",Afrotropic
0,_ron_2030y_SOC,cf_median,80.0283,Rock and Ice,11.0,N/A,N/A
569,_ron_2030y_SOC,cf_median,23.914534,Dry Chaco,7.0,"Tropical & Subtropical Grasslands, Savannas & Shrublands",Neotropic
694,_ron_2030y_SOC,cf_median,25.987654,East Afghan montane conifer forests,5.0,Temperate Conifer Forests,Palearctic
69,_ron_2030y_SOC,cf_median,25.963312,East African halophytics,9.0,Flooded Grasslands & Savannas,Afrotropic
112,_ron_2030y_SOC,cf_median,,East African mangroves,14.0,Mangroves,Afrotropic
120,_ron_2030y_SOC,cf_median,,East Antarctic tundra,11.0,Tundra,Antarctica
821,_ron_2030y_SOC,cf_median,13.789123,East Arabian fog shrublands and sand desert,13.0,Deserts & Xeric Shrublands,Palearctic
332,_ron_2030y_SOC,cf_median,26.938032,East Central Texas forests,4.0,Temperate Broadleaf & Mixed Forests,Nearctic
293,_ron_2030y_SOC,cf_median,,East Deccan dry-evergreen forests,2.0,Tropical & Subtropical Dry Broadleaf Forests,Indomalayan
661,_ron_2030y_SOC,cf_median,68.09293,East European forest steppe,4.0,Temperate Broadleaf & Mixed Forests,Palearctic
822,_ron_2030y_SOC,cf_median,11.729007,East Sahara Desert,13.0,Deserts & Xeric Shrublands,Palearctic
823,_ron_2030y_SOC,cf_median,10.734446,East Saharan montane xeric woodlands,13.0,Deserts & Xeric Shrublands,Palearctic
710,_ron_2030y_SOC,cf_median,69.22352,East Siberian taiga,6.0,Boreal Forests/Taiga,Palearctic
43,_ron_2030y_SOC,cf_median,40.937485,East Sudanian savanna,7.0,"Tropical & Subtropical Grasslands, Savannas & Shrublands",Afrotropic
662,_ron_2030y_SOC,cf_median,,Eastern Anatolian deciduous forests,4.0,Temperate Broadleaf & Mixed Forests,Palearctic
727,_ron_2030y_SOC,cf_median,48.979656,Eastern Anatolian montane steppe,8.0,"Temperate Grasslands, Savannas & Shrublands",Palearctic
191,_ron_2030y_SOC,cf_median,13.333936,Eastern Australia mulga shrublands,8.0,"Temperate Grasslands, Savannas & Shrublands",Australasia
168,_ron_2030y_SOC,cf_median,42.025852,Eastern Australian temperate forests,4.0,Temperate Broadleaf & Mixed Forests,Australasia
373,_ron_2030y_SOC,cf_median,75.124176,Eastern Canadian forests,6.0,Boreal Forests/Taiga,Nearctic
374,_ron_2030y_SOC,cf_median,82.707634,Eastern Canadian Shield taiga,6.0,Boreal Forests/Taiga,Nearctic
354,_ron_2030y_SOC,cf_median,46.20392,Eastern Cascades forests,5.0,Temperate Conifer Forests,Nearctic
10,_ron_2030y_SOC,cf_median,,Eastern Congolian swamp forests,1.0,Tropical & Subtropical Moist Broadleaf Forests,Afrotropic
460,_ron_2030y_SOC,cf_median,54.718094,Eastern Cordillera Real montane forests,1.0,Tropical & Subtropical Moist Broadleaf Forests,Neotropic
333,_ron_2030y_SOC,cf_median,59.842587,Eastern Canadian Forest-Boreal transition,4.0,Temperate Broadleaf & Mixed Forests,Nearctic
824,_ron_2030y_SOC,cf_median,27.40391,Eastern Gobi desert steppe,13.0,Deserts & Xeric Shrublands,Palearctic
334,_ron_2030y_SOC,cf_median,64.82861,Eastern Great Lakes lowland forests,4.0,Temperate Broadleaf & Mixed Forests,Nearctic
11,_ron_2030y_SOC,cf_median,,Eastern Guinean forests,1.0,Tropical & Subtropical Moist Broadleaf Forests,Afrotropic
228,_ron_2030y_SOC,cf_median,23.971306,East Deccan moist deciduous forests,1.0,Tropical & Subtropical Moist Broadleaf Forests,Indomalayan
751,_ron_2030y_SOC,cf_median,64.984,Eastern Himalayan alpine shrub and meadows,10.0,Montane Grasslands & Shrublands,Palearctic
306,_ron_2030y_SOC,cf_median,45.6867,Eastern Himalayan broadleaf forests,4.0,Temperate Broadleaf & Mixed Forests,Indomalayan
309,_ron_2030y_SOC,cf_median,58.887436,Eastern Himalayan subalpine conifer forests,5.0,Temperate Conifer Forests,Indomalayan
229,_ron_2030y_SOC,cf_median,,Eastern Java-Bali montane rain forests,1.0,Tropical & Subtropical Moist Broadleaf Forests,Indomalayan
230,_ron_2030y_SOC,cf_median,,Eastern Java-Bali rain forests,1.0,Tropical & Subtropical Moist Broadleaf Forests,Indomalayan
791,_ron_2030y_SOC,cf_median,25.93234,Eastern Mediterranean conifer-broadleaf forests,12.0,"Mediterranean Forests, Woodlands & Scrub",Palearctic
621,_ron_2030y_SOC,cf_median,,Eastern Micronesia tropical moist forests,1.0,Tropical & Subtropical Moist Broadleaf Forests,Oceania
461,_ron_2030y_SOC,cf_median,,Eastern Panamanian montane forests,1.0,Tropical & Subtropical Moist Broadleaf Forests,Neotropic
531,_ron_2030y_SOC,cf_median,,Ecuadorian dry forests,2.0,Tropical & Subtropical Dry Broadleaf Forests,Neotropic
391,_ron_2030y_SOC,cf_median,30.910282,Edwards Plateau savanna,8.0,"Temperate Grasslands, Savannas & Shrublands",Nearctic
185,_ron_2030y_SOC,cf_median,17.635027,Einasleigh upland savanna,7.0,"Tropical & Subtropical Grasslands, Savannas & Shrublands",Australasia
695,_ron_2030y_SOC,cf_median,42.476383,Elburz Range forest steppe,5.0,Temperate Conifer Forests,Palearctic
121,_ron_2030y_SOC,cf_median,,Ellsworth Land tundra,11.0,Tundra,Antarctica
122,_ron_2030y_SOC,cf_median,,Ellsworth Mountains tundra,11.0,Tundra,Antarctica
728,_ron_2030y_SOC,cf_median,36.95876,Emin Valley steppe,8.0,"Temperate Grasslands, Savannas & Shrublands",Palearctic
123,_ron_2030y_SOC,cf_median,,Enderby Land tundra,11.0,Tundra,Antarctica
663,_ron_2030y_SOC,cf_median,,English Lowlands beech forests,4.0,Temperate Broadleaf & Mixed Forests,Palearctic
580,_ron_2030y_SOC,cf_median,,Enriquillo wetlands,9.0,Flooded Grasslands & Savannas,Neotropic
93,_ron_2030y_SOC,cf_median,,Eritrean coastal desert,13.0,Deserts & Xeric Shrublands,Afrotropic
198,_ron_2030y_SOC,cf_median,30.760534,Esperance mallee,12.0,"Mediterranean Forests, Woodlands & Scrub",Australasia
575,_ron_2030y_SOC,cf_median,27.658926,Espinal,8.0,"Temperate Grasslands, Savannas & Shrublands",Neotropic
12,_ron_2030y_SOC,cf_median,49.346905,Ethiopian montane forests,1.0,Tropical & Subtropical Moist Broadleaf Forests,Afrotropic
79,_ron_2030y_SOC,cf_median,41.283947,Ethiopian montane grasslands and woodlands,10.0,Montane Grasslands & Shrublands,Afrotropic
80,_ron_2030y_SOC,cf_median,48.398388,Ethiopian montane moorlands,10.0,Montane Grasslands & Shrublands,Afrotropic
70,_ron_2030y_SOC,cf_median,20.434473,Etosha Pan halophytics,9.0,Flooded Grasslands & Savannas,Afrotropic
665,_ron_2030y_SOC,cf_median,60.746834,Euxine-Colchic broadleaf forests,4.0,Temperate Broadleaf & Mixed Forests,Palearctic
581,_ron_2030y_SOC,cf_median,36.052967,Everglades flooded grasslands,9.0,Flooded Grasslands & Savannas,Neotropic
199,_ron_2030y_SOC,cf_median,29.940304,Eyre and York mallee,12.0,"Mediterranean Forests, Woodlands & Scrub",Australasia
729,_ron_2030y_SOC,cf_median,,Faroe Islands boreal grasslands,8.0,"Temperate Grasslands, Savannas & Shrublands",Palearctic
462,_ron_2030y_SOC,cf_median,,Fernando de Noronha-Atol das Rocas moist forests,1.0,Tropical & Subtropical Moist Broadleaf Forests,Neotropic
635,_ron_2030y_SOC,cf_median,,Fiji tropical dry forests,2.0,Tropical & Subtropical Dry Broadleaf Forests,Oceania
622,_ron_2030y_SOC,cf_median,,Fiji tropical moist forests,1.0,Tropical & Subtropical Moist Broadleaf Forests,Oceania
169,_ron_2030y_SOC,cf_median,133.57245,Fiordland temperate forests,4.0,Temperate Broadleaf & Mixed Forests,Australasia
200,_ron_2030y_SOC,cf_median,24.282934,Flinders-Lofty montane woodlands,12.0,"Mediterranean Forests, Woodlands & Scrub",Australasia
392,_ron_2030y_SOC,cf_median,60.549343,Flint Hills tallgrass prairie,8.0,"Temperate Grasslands, Savannas & Shrublands",Nearctic
355,_ron_2030y_SOC,cf_median,56.754616,Fraser Plateau and Basin conifer forests,5.0,Temperate Conifer Forests,Nearctic
89,_ron_2030y_SOC,cf_median,34.735714,Fynbos shrubland,12.0,"Mediterranean Forests, Woodlands & Scrub",Afrotropic
601,_ron_2030y_SOC,cf_median,64.34737,Galápagos Islands xeric scrub,13.0,Deserts & Xeric Shrublands,Neotropic
94,_ron_2030y_SOC,cf_median,15.855908,Gariep Karoo,13.0,Deserts & Xeric Shrublands,Afrotropic
752,_ron_2030y_SOC,cf_median,37.525993,Ghorat-Hazarajat alpine meadow,10.0,Montane Grasslands & Shrublands,Palearctic
209,_ron_2030y_SOC,cf_median,12.1059675,Gibson desert,13.0,Deserts & Xeric Shrublands,Australasia
730,_ron_2030y_SOC,cf_median,45.209354,Gissaro-Alai open woodlands,8.0,"Temperate Grasslands, Savannas & Shrublands",Palearctic
316,_ron_2030y_SOC,cf_median,25.564018,Godavari-Krishna mangroves,13.0,Deserts & Xeric Shrublands,Indomalayan
825,_ron_2030y_SOC,cf_median,25.441965,Gobi Lakes Valley desert steppe,13.0,Deserts & Xeric Shrublands,Palearctic
13,_ron_2030y_SOC,cf_median,,Granitic Seychelles forests,1.0,Tropical & Subtropical Moist Broadleaf Forests,Afrotropic
356,_ron_2030y_SOC,cf_median,39.642548,Great Basin montane forests,5.0,Temperate Conifer Forests,Nearctic
430,_ron_2030y_SOC,cf_median,27.272701,Great Basin shrub steppe,13.0,Deserts & Xeric Shrublands,Nearctic
826,_ron_2030y_SOC,cf_median,39.800953,Great Lakes Basin desert steppe,13.0,Deserts & Xeric Shrublands,Palearctic
210,_ron_2030y_SOC,cf_median,12.288641,Great Sandy-Tanami desert,13.0,Deserts & Xeric Shrublands,Australasia
211,_ron_2030y_SOC,cf_median,19.134144,Great Victoria desert,13.0,Deserts & Xeric Shrublands,Australasia
231,_ron_2030y_SOC,cf_median,,Greater Negros-Panay rain forests,1.0,Tropical & Subtropical Moist Broadleaf Forests,Indomalayan
602,_ron_2030y_SOC,cf_median,84.63174,Guajira-Barranquilla xeric scrub,13.0,Deserts & Xeric Shrublands,Neotropic
582,_ron_2030y_SOC,cf_median,,Guayaquil flooded grasslands,9.0,Flooded Grasslands & Savannas,Neotropic
463,_ron_2030y_SOC,cf_median,,Guianan freshwater swamp forests,1.0,Tropical & Subtropical Moist Broadleaf Forests,Neotropic
464,_ron_2030y_SOC,cf_median,55.99253,Guianan Highlands moist forests,1.0,Tropical & Subtropical Moist Broadleaf Forests,Neotropic
465,_ron_2030y_SOC,cf_median,,Guianan lowland moist forests,1.0,Tropical & Subtropical Moist Broadleaf Forests,Neotropic
466,_ron_2030y_SOC,cf_median,47.312,Guianan piedmont moist forests,1.0,Tropical & Subtropical Moist Broadleaf Forests,Neotropic
570,_ron_2030y_SOC,cf_median,,Guianan savanna,7.0,"Tropical & Subtropical Grasslands, Savannas & Shrublands",Neotropic
44,_ron_2030y_SOC,cf_median,42.792187,Guinean forest-savanna,7.0,"Tropical & Subtropical Grasslands, Savannas & Shrublands",Afrotropic
113,_ron_2030y_SOC,cf_median,,Guinean mangroves,14.0,Mangroves,Afrotropic
14,_ron_2030y_SOC,cf_median,,Guinean montane forests,1.0,Tropical & Subtropical Moist Broadleaf Forests,Afrotropic
642,_ron_2030y_SOC,cf_median,45.27946,Guizhou Plateau broadleaf and mixed forests,1.0,Tropical & Subtropical Moist Broadleaf Forests,Palearctic
431,_ron_2030y_SOC,cf_median,73.86758,Gulf of California xeric scrub,13.0,Deserts & Xeric Shrublands,Nearctic
335,_ron_2030y_SOC,cf_median,60.948082,Gulf of St. Lawrence lowland forests,4.0,Temperate Broadleaf & Mixed Forests,Nearctic
467,_ron_2030y_SOC,cf_median,,Gurupa várzea,1.0,Tropical & Subtropical Moist Broadleaf Forests,Neotropic
232,_ron_2030y_SOC,cf_median,44.81631,Hainan Island monsoon rain forests,1.0,Tropical & Subtropical Moist Broadleaf Forests,Indomalayan
140,_ron_2030y_SOC,cf_median,,Halmahera rain forests,1.0,Tropical & Subtropical Moist Broadleaf Forests,Australasia
201,_ron_2030y_SOC,cf_median,33.365726,Hampton mallee and woodlands,12.0,"Mediterranean Forests, Woodlands & Scrub",Australasia
636,_ron_2030y_SOC,cf_median,37.034405,Hawai'i tropical dry forests,2.0,Tropical & Subtropical Dry Broadleaf Forests,Oceania
639,_ron_2030y_SOC,cf_median,32.645412,Hawai'i tropical high shrublands,7.0,"Tropical & Subtropical Grasslands, Savannas & Shrublands",Oceania
640,_ron_2030y_SOC,cf_median,86.27052,Hawai'i tropical low shrublands,7.0,"Tropical & Subtropical Grasslands, Savannas & Shrublands",Oceania
623,_ron_2030y_SOC,cf_median,41.98708,Hawai'i tropical moist forests,1.0,Tropical & Subtropical Moist Broadleaf Forests,Oceania
696,_ron_2030y_SOC,cf_median,29.420069,Helanshan montane conifer forests,5.0,Temperate Conifer Forests,Palearctic
697,_ron_2030y_SOC,cf_median,81.56215,Hengduan Mountains subalpine conifer forests,5.0,Temperate Conifer Forests,Palearctic
412,_ron_2030y_SOC,cf_median,,Canadian High Arctic tundra,11.0,Tundra,Nearctic
592,_ron_2030y_SOC,cf_median,27.52804,High Monte,10.0,Montane Grasslands & Shrublands,Neotropic
81,_ron_2030y_SOC,cf_median,28.434326,Highveld grasslands,10.0,Montane Grasslands & Shrublands,Afrotropic
233,_ron_2030y_SOC,cf_median,31.882046,Himalayan subtropical broadleaf forests,1.0,Tropical & Subtropical Moist Broadleaf Forests,Indomalayan
302,_ron_2030y_SOC,cf_median,38.515305,Himalayan subtropical pine forests,3.0,Tropical & Subtropical Coniferous Forests,Indomalayan
753,_ron_2030y_SOC,cf_median,48.83276,Hindu Kush alpine meadow,10.0,Montane Grasslands & Shrublands,Palearctic
532,_ron_2030y_SOC,cf_median,,Hispaniolan dry forests,2.0,Tropical & Subtropical Dry Broadleaf Forests,Neotropic
468,_ron_2030y_SOC,cf_median,,Hispaniolan moist forests,1.0,Tropical & Subtropical Moist Broadleaf Forests,Neotropic
555,_ron_2030y_SOC,cf_median,,Hispaniolan pine forests,3.0,Tropical & Subtropical Coniferous Forests,Neotropic
95,_ron_2030y_SOC,cf_median,,Hobyo grasslands and shrublands,13.0,Deserts & Xeric Shrublands,Afrotropic
666,_ron_2030y_SOC,cf_median,90.35177,Hokkaido deciduous forests,4.0,Temperate Broadleaf & Mixed Forests,Palearctic
698,_ron_2030y_SOC,cf_median,87.78161,Hokkaido montane conifer forests,5.0,Temperate Conifer Forests,Palearctic
699,_ron_2030y_SOC,cf_median,79.41845,Honshu alpine conifer forests,5.0,Temperate Conifer Forests,Palearctic
45,_ron_2030y_SOC,cf_median,12.788059,Horn of Africa xeric bushlands,7.0,"Tropical & Subtropical Grasslands, Savannas & Shrublands",Afrotropic
667,_ron_2030y_SOC,cf_median,30.361485,Huang He Plain mixed forests,4.0,Temperate Broadleaf & Mixed Forests,Palearctic
571,_ron_2030y_SOC,cf_median,26.601454,Humid Chaco,7.0,"Tropical & Subtropical Grasslands, Savannas & Shrublands",Neotropic
576,_ron_2030y_SOC,cf_median,44.139954,Humid Pampas,8.0,"Temperate Grasslands, Savannas & Shrublands",Neotropic
141,_ron_2030y_SOC,cf_median,,Huon Peninsula montane rain forests,1.0,Tropical & Subtropical Moist Broadleaf Forests,Australasia
792,_ron_2030y_SOC,cf_median,39.606316,Iberian conifer forests,12.0,"Mediterranean Forests, Woodlands & Scrub",Palearctic
793,_ron_2030y_SOC,cf_median,34.533646,Iberian sclerophyllous and semi-deciduous forests,12.0,"Mediterranean Forests, Woodlands & Scrub",Palearctic
711,_ron_2030y_SOC,cf_median,,Iceland boreal birch forests and alpine tundra,6.0,Boreal Forests/Taiga,Palearctic
794,_ron_2030y_SOC,cf_median,56.854362,Illyrian deciduous forests,12.0,"Mediterranean Forests, Woodlands & Scrub",Palearctic
319,_ron_2030y_SOC,cf_median,,Indochina mangroves,14.0,Mangroves,Indomalayan
320,_ron_2030y_SOC,cf_median,14.1545315,Indus River Delta-Arabian Sea mangroves,14.0,Mangroves,Indomalayan
317,_ron_2030y_SOC,cf_median,13.137572,Indus Valley desert,13.0,Deserts & Xeric Shrublands,Indomalayan
71,_ron_2030y_SOC,cf_median,15.1710205,Inner Niger Delta flooded savanna,9.0,Flooded Grasslands & Savannas,Afrotropic
375,_ron_2030y_SOC,cf_median,73.49075,Interior Alaska-Yukon lowland taiga,6.0,Boreal Forests/Taiga,Nearctic
336,_ron_2030y_SOC,cf_median,40.830433,Interior Plateau US Hardwood Forests,4.0,Temperate Broadleaf & Mixed Forests,Nearctic
416,_ron_2030y_SOC,cf_median,60.12816,Interior Yukon-Alaska alpine tundra,11.0,Tundra,Nearctic
469,_ron_2030y_SOC,cf_median,38.59063,Iquitos várzea,1.0,Tropical & Subtropical Moist Broadleaf Forests,Neotropic
294,_ron_2030y_SOC,cf_median,22.431917,Irrawaddy dry forests,2.0,Tropical & Subtropical Dry Broadleaf Forests,Indomalayan
234,_ron_2030y_SOC,cf_median,,Irrawaddy freshwater swamp forests,1.0,Tropical & Subtropical Moist Broadleaf Forests,Indomalayan
235,_ron_2030y_SOC,cf_median,25.994444,Irrawaddy moist deciduous forests,1.0,Tropical & Subtropical Moist Broadleaf Forests,Indomalayan
533,_ron_2030y_SOC,cf_median,,Islas Revillagigedo dry forests,2.0,Tropical & Subtropical Dry Broadleaf Forests,Neotropic
470,_ron_2030y_SOC,cf_median,,Isthmian-Atlantic moist forests,1.0,Tropical & Subtropical Moist Broadleaf Forests,Neotropic
471,_ron_2030y_SOC,cf_median,,Isthmian-Pacific moist forests,1.0,Tropical & Subtropical Moist Broadleaf Forests,Neotropic
795,_ron_2030y_SOC,cf_median,48.201714,Italian sclerophyllous and semi-deciduous forests,12.0,"Mediterranean Forests, Woodlands & Scrub",Palearctic
46,_ron_2030y_SOC,cf_median,16.141068,Itigi-Sumbu thicket,7.0,"Tropical & Subtropical Grasslands, Savannas & Shrublands",Afrotropic
534,_ron_2030y_SOC,cf_median,35.0203,Jalisco dry forests,2.0,Tropical & Subtropical Dry Broadleaf Forests,Neotropic
535,_ron_2030y_SOC,cf_median,,Jamaican dry forests,2.0,Tropical & Subtropical Dry Broadleaf Forests,Neotropic
472,_ron_2030y_SOC,cf_median,,Jamaican moist forests,1.0,Tropical & Subtropical Moist Broadleaf Forests,Neotropic
473,_ron_2030y_SOC,cf_median,,Japurá-Solimões-Negro moist forests,1.0,Tropical & Subtropical Moist Broadleaf Forests,Neotropic
202,_ron_2030y_SOC,cf_median,64.297745,Jarrah-Karri forest and shrublands,12.0,"Mediterranean Forests, Woodlands & Scrub",Australasia
236,_ron_2030y_SOC,cf_median,35.81757,Jian Nan subtropical evergreen forests,1.0,Tropical & Subtropical Moist Broadleaf Forests,Indomalayan
82,_ron_2030y_SOC,cf_median,15.569019,Jos Plateau forest-grassland,10.0,Montane Grasslands & Shrublands,Afrotropic
560,_ron_2030y_SOC,cf_median,,Juan Fernández Islands temperate forests,4.0,Temperate Broadleaf & Mixed Forests,Neotropic
827,_ron_2030y_SOC,cf_median,32.466743,Junggar Basin semi-desert,13.0,Deserts & Xeric Shrublands,Palearctic
474,_ron_2030y_SOC,cf_median,,Juruá-Purus moist forests,1.0,Tropical & Subtropical Moist Broadleaf Forests,Neotropic
418,_ron_2030y_SOC,cf_median,,Kalaallit Nunaat High Arctic tundra,11.0,Tundra,Nearctic
47,_ron_2030y_SOC,cf_median,17.934425,Kalahari Acacia woodlands,7.0,"Tropical & Subtropical Grasslands, Savannas & Shrublands",Afrotropic
97,_ron_2030y_SOC,cf_median,12.260499,Kalahari xeric savanna,13.0,Deserts & Xeric Shrublands,Afrotropic
713,_ron_2030y_SOC,cf_median,89.74336,Kamchatka-Kurile meadows and sparse forests,6.0,Boreal Forests/Taiga,Palearctic
712,_ron_2030y_SOC,cf_median,89.148834,Kamchatka taiga,6.0,Boreal Forests/Taiga,Palearctic
98,_ron_2030y_SOC,cf_median,16.559818,Kaokoveld desert,13.0,Deserts & Xeric Shrublands,Afrotropic
754,_ron_2030y_SOC,cf_median,57.930164,Karakoram-West Tibetan Plateau alpine steppe,10.0,Montane Grasslands & Shrublands,Palearctic
237,_ron_2030y_SOC,cf_median,30.939415,Kayah-Karen montane rain forests,1.0,Tropical & Subtropical Moist Broadleaf Forests,Indomalayan
731,_ron_2030y_SOC,cf_median,64.90842,Kazakh forest steppe,8.0,"Temperate Grasslands, Savannas & Shrublands",Palearctic
828,_ron_2030y_SOC,cf_median,26.721203,Kazakh semi-desert,13.0,Deserts & Xeric Shrublands,Palearctic
732,_ron_2030y_SOC,cf_median,44.095024,Kazakh steppe,8.0,"Temperate Grasslands, Savannas & Shrublands",Palearctic
733,_ron_2030y_SOC,cf_median,43.8321,Kazakh upland steppe,8.0,"Temperate Grasslands, Savannas & Shrublands",Palearctic
624,_ron_2030y_SOC,cf_median,,Kermadec Islands subtropical moist forests,1.0,Tropical & Subtropical Moist Broadleaf Forests,Oceania
755,_ron_2030y_SOC,cf_median,58.2893,Khangai Mountains alpine meadow,10.0,Montane Grasslands & Shrublands,Palearctic
700,_ron_2030y_SOC,cf_median,62.756397,Khangai Mountains conifer forests,5.0,Temperate Conifer Forests,Palearctic
295,_ron_2030y_SOC,cf_median,16.226957,Khathiar-Gir dry deciduous forests,2.0,Tropical & Subtropical Dry Broadleaf Forests,Indomalayan
186,_ron_2030y_SOC,cf_median,14.43187,Kimberly tropical savanna,7.0,"Tropical & Subtropical Grasslands, Savannas & Shrublands",Australasia
357,_ron_2030y_SOC,cf_median,51.229645,Klamath-Siskiyou forests,5.0,Temperate Conifer Forests,Nearctic
15,_ron_2030y_SOC,cf_median,43.665493,Knysna-Amatole montane forests,1.0,Tropical & Subtropical Moist Broadleaf Forests,Afrotropic
774,_ron_2030y_SOC,cf_median,,Kola Peninsula tundra,11.0,Tundra,Palearctic
829,_ron_2030y_SOC,cf_median,21.55398,Kopet Dag semi-desert,13.0,Deserts & Xeric Shrublands,Palearctic
756,_ron_2030y_SOC,cf_median,22.036098,Kopet Dag woodlands and forest steppe,10.0,Montane Grasslands & Shrublands,Palearctic
757,_ron_2030y_SOC,cf_median,12.162118,Kuh Rud and Eastern Iran montane woodlands,10.0,Montane Grasslands & Shrublands,Palearctic
16,_ron_2030y_SOC,cf_median,40.186405,Kwazulu Natal-Cape coastal forests,1.0,Tropical & Subtropical Moist Broadleaf Forests,Afrotropic
603,_ron_2030y_SOC,cf_median,,La Costa xeric shrublands,13.0,Deserts & Xeric Shrublands,Neotropic
72,_ron_2030y_SOC,cf_median,13.390624,Lake Chad flooded savanna,9.0,Flooded Grasslands & Savannas,Afrotropic
536,_ron_2030y_SOC,cf_median,,Lara-Falcón dry forests,2.0,Tropical & Subtropical Dry Broadleaf Forests,Neotropic
475,_ron_2030y_SOC,cf_median,,Leeward Islands moist forests,1.0,Tropical & Subtropical Moist Broadleaf Forests,Neotropic
163,_ron_2030y_SOC,cf_median,,Lesser Sundas deciduous forests,2.0,Tropical & Subtropical Dry Broadleaf Forests,Australasia
48,_ron_2030y_SOC,cf_median,22.41327,Limpopo lowveld,7.0,"Tropical & Subtropical Grasslands, Savannas & Shrublands",Afrotropic
572,_ron_2030y_SOC,cf_median,59.36133,Llanos,7.0,"Tropical & Subtropical Grasslands, Savannas & Shrublands",Neotropic
142,_ron_2030y_SOC,cf_median,,Lord Howe Island subtropical forests,1.0,Tropical & Subtropical Moist Broadleaf Forests,Australasia
143,_ron_2030y_SOC,cf_median,,Louisiade Archipelago rain forests,1.0,Tropical & Subtropical Moist Broadleaf Forests,Australasia
577,_ron_2030y_SOC,cf_median,18.838062,Low Monte,8.0,"Temperate Grasslands, Savannas & Shrublands",Neotropic
238,_ron_2030y_SOC,cf_median,23.085304,Lower Gangetic Plains moist deciduous forests,1.0,Tropical & Subtropical Moist Broadleaf Forests,Indomalayan
239,_ron_2030y_SOC,cf_median,27.811047,Luang Prabang montane rain forests,1.0,Tropical & Subtropical Moist Broadleaf Forests,Indomalayan
240,_ron_2030y_SOC,cf_median,,Luzon montane rain forests,1.0,Tropical & Subtropical Moist Broadleaf Forests,Indomalayan
241,_ron_2030y_SOC,cf_median,,Luzon rain forests,1.0,Tropical & Subtropical Moist Broadleaf Forests,Indomalayan
303,_ron_2030y_SOC,cf_median,,Luzon tropical pine forests,3.0,Tropical & Subtropical Coniferous Forests,Indomalayan
32,_ron_2030y_SOC,cf_median,26.780293,Madagascar dry deciduous forests,2.0,Tropical & Subtropical Dry Broadleaf Forests,Afrotropic
83,_ron_2030y_SOC,cf_median,44.23889,Madagascar ericoid thickets,10.0,Montane Grasslands & Shrublands,Afrotropic
17,_ron_2030y_SOC,cf_median,41.02843,Madagascar humid forests,1.0,Tropical & Subtropical Moist Broadleaf Forests,Afrotropic
114,_ron_2030y_SOC,cf_median,,Madagascar mangroves,14.0,Mangroves,Afrotropic
99,_ron_2030y_SOC,cf_median,19.724422,Madagascar spiny thickets,13.0,Deserts & Xeric Shrublands,Afrotropic
18,_ron_2030y_SOC,cf_median,31.20221,Madagascar subhumid forests,1.0,Tropical & Subtropical Moist Broadleaf Forests,Afrotropic
100,_ron_2030y_SOC,cf_median,21.566221,Madagascar succulent woodlands,13.0,Deserts & Xeric Shrublands,Afrotropic
476,_ron_2030y_SOC,cf_median,,Madeira-Tapajós moist forests,1.0,Tropical & Subtropical Moist Broadleaf Forests,Neotropic
668,_ron_2030y_SOC,cf_median,,Madeira evergreen forests,4.0,Temperate Broadleaf & Mixed Forests,Palearctic
478,_ron_2030y_SOC,cf_median,38.63231,Magdalena-Urabá moist forests,1.0,Tropical & Subtropical Moist Broadleaf Forests,Neotropic
538,_ron_2030y_SOC,cf_median,67.697914,Magdalena Valley dry forests,2.0,Tropical & Subtropical Dry Broadleaf Forests,Neotropic
477,_ron_2030y_SOC,cf_median,62.98547,Magdalena Valley montane forests,1.0,Tropical & Subtropical Moist Broadleaf Forests,Neotropic
561,_ron_2030y_SOC,cf_median,83.98177,Magellanic subpolar forests,4.0,Temperate Broadleaf & Mixed Forests,Neotropic
73,_ron_2030y_SOC,cf_median,12.601802,Makgadikgadi halophytics,9.0,Flooded Grasslands & Savannas,Afrotropic
242,_ron_2030y_SOC,cf_median,39.972595,Malabar Coast moist forests,1.0,Tropical & Subtropical Moist Broadleaf Forests,Indomalayan
243,_ron_2030y_SOC,cf_median,,Maldives-Lakshadweep-Chagos Archipelago tropical moist forests,1.0,Tropical & Subtropical Moist Broadleaf Forests,Indomalayan
604,_ron_2030y_SOC,cf_median,,Malpelo Island xeric scrub,13.0,Deserts & Xeric Shrublands,Neotropic
669,_ron_2030y_SOC,cf_median,64.86369,Manchurian mixed forests,4.0,Temperate Broadleaf & Mixed Forests,Palearctic
49,_ron_2030y_SOC,cf_median,16.191069,Mandara Plateau woodlands,7.0,"Tropical & Subtropical Grasslands, Savannas & Shrublands",Afrotropic
19,_ron_2030y_SOC,cf_median,21.454748,Maputaland coastal forests and woodlands,1.0,Tropical & Subtropical Moist Broadleaf Forests,Afrotropic
539,_ron_2030y_SOC,cf_median,,Maracaibo dry forests,2.0,Tropical & Subtropical Dry Broadleaf Forests,Neotropic
480,_ron_2030y_SOC,cf_median,,Marajó várzea,1.0,Tropical & Subtropical Moist Broadleaf Forests,Neotropic
540,_ron_2030y_SOC,cf_median,,Maranhão Babaçu forests,2.0,Tropical & Subtropical Dry Broadleaf Forests,Neotropic
479,_ron_2030y_SOC,cf_median,47.192932,Marañón dry forests,1.0,Tropical & Subtropical Moist Broadleaf Forests,Neotropic
637,_ron_2030y_SOC,cf_median,,Marianas tropical dry forests,2.0,Tropical & Subtropical Dry Broadleaf Forests,Oceania
625,_ron_2030y_SOC,cf_median,,Marquesas tropical moist forests,1.0,Tropical & Subtropical Moist Broadleaf Forests,Oceania
50,_ron_2030y_SOC,cf_median,21.613956,Masai xeric grasslands and shrublands,7.0,"Tropical & Subtropical Grasslands, Savannas & Shrublands",Afrotropic
20,_ron_2030y_SOC,cf_median,,Mascarene forests,1.0,Tropical & Subtropical Moist Broadleaf Forests,Afrotropic
481,_ron_2030y_SOC,cf_median,,Mato Grosso tropical dry forests,1.0,Tropical & Subtropical Moist Broadleaf Forests,Neotropic
796,_ron_2030y_SOC,cf_median,17.880255,Mediterranean Acacia-Argania dry woodlands and succulent thickets,12.0,"Mediterranean Forests, Woodlands & Scrub",Palearctic
701,_ron_2030y_SOC,cf_median,35.14913,Mediterranean conifer and mixed forests,5.0,Temperate Conifer Forests,Palearctic
797,_ron_2030y_SOC,cf_median,13.553406,Mediterranean dry woodlands and steppe,12.0,"Mediterranean Forests, Woodlands & Scrub",Palearctic
758,_ron_2030y_SOC,cf_median,23.722773,Mediterranean High Atlas juniper steppe,10.0,Montane Grasslands & Shrublands,Palearctic
798,_ron_2030y_SOC,cf_median,26.96455,Mediterranean woodlands and forests,12.0,"Mediterranean Forests, Woodlands & Scrub",Palearctic
244,_ron_2030y_SOC,cf_median,32.419792,Meghalaya subtropical forests,1.0,Tropical & Subtropical Moist Broadleaf Forests,Indomalayan
245,_ron_2030y_SOC,cf_median,,Mentawai Islands rain forests,1.0,Tropical & Subtropical Moist Broadleaf Forests,Indomalayan
432,_ron_2030y_SOC,cf_median,30.315422,Meseta Central matorral,13.0,Deserts & Xeric Shrublands,Nearctic
613,_ron_2030y_SOC,cf_median,37.26922,Mesoamerican Gulf-Caribbean mangroves,14.0,Mangroves,Neotropic
830,_ron_2030y_SOC,cf_median,14.469896,Mesopotamian shrub desert,13.0,Deserts & Xeric Shrublands,Palearctic
376,_ron_2030y_SOC,cf_median,53.153378,Mid-Canada Boreal Plains forests,6.0,Boreal Forests/Taiga,Nearctic
414,_ron_2030y_SOC,cf_median,,Canadian Middle Arctic Tundra,11.0,Tundra,Nearctic
393,_ron_2030y_SOC,cf_median,40.278065,Mid-Atlantic US coastal savannas,8.0,"Temperate Grasslands, Savannas & Shrublands",Nearctic
377,_ron_2030y_SOC,cf_median,62.270798,Midwest Canadian Shield forests,6.0,Boreal Forests/Taiga,Nearctic
247,_ron_2030y_SOC,cf_median,,Mindanao-Eastern Visayas rain forests,1.0,Tropical & Subtropical Moist Broadleaf Forests,Indomalayan
246,_ron_2030y_SOC,cf_median,,Mindanao montane rain forests,1.0,Tropical & Subtropical Moist Broadleaf Forests,Indomalayan
248,_ron_2030y_SOC,cf_median,,Mindoro rain forests,1.0,Tropical & Subtropical Moist Broadleaf Forests,Indomalayan
573,_ron_2030y_SOC,cf_median,,Miskito pine forests,7.0,"Tropical & Subtropical Grasslands, Savannas & Shrublands",Neotropic
337,_ron_2030y_SOC,cf_median,34.175865,Mississippi lowland forests,4.0,Temperate Broadleaf & Mixed Forests,Nearctic
187,_ron_2030y_SOC,cf_median,13.068433,Mitchell Grass Downs,7.0,"Tropical & Subtropical Grasslands, Savannas & Shrublands",Australasia
249,_ron_2030y_SOC,cf_median,36.307648,Mizoram-Manipur-Kachin rain forests,1.0,Tropical & Subtropical Moist Broadleaf Forests,Indomalayan
433,_ron_2030y_SOC,cf_median,13.381006,Mojave desert,13.0,Deserts & Xeric Shrublands,Nearctic
734,_ron_2030y_SOC,cf_median,36.409622,Mongolian-Manchurian grassland,8.0,"Temperate Grasslands, Savannas & Shrublands",Palearctic
394,_ron_2030y_SOC,cf_median,52.98983,Montana Valley and Foothill grasslands,8.0,"Temperate Grasslands, Savannas & Shrublands",Nearctic
482,_ron_2030y_SOC,cf_median,,Monte Alegre várzea,1.0,Tropical & Subtropical Moist Broadleaf Forests,Neotropic
605,_ron_2030y_SOC,cf_median,40.22513,Motagua Valley thornscrub,13.0,Deserts & Xeric Shrublands,Neotropic
21,_ron_2030y_SOC,cf_median,56.14643,Mount Cameroon and Bioko montane forests,1.0,Tropical & Subtropical Moist Broadleaf Forests,Afrotropic
84,_ron_2030y_SOC,cf_median,29.969381,Mulanje Montane forest-grassland,10.0,Montane Grasslands & Shrublands,Afrotropic
203,_ron_2030y_SOC,cf_median,22.37838,Murray-Darling woodlands and mallee,12.0,"Mediterranean Forests, Woodlands & Scrub",Australasia
378,_ron_2030y_SOC,cf_median,55.214252,Muskwa-Slave Lake taiga,6.0,Boreal Forests/Taiga,Nearctic
321,_ron_2030y_SOC,cf_median,76.29831,Myanmar Coast mangroves,14.0,Mangroves,Indomalayan
250,_ron_2030y_SOC,cf_median,33.780994,Myanmar coastal rain forests,1.0,Tropical & Subtropical Moist Broadleaf Forests,Indomalayan
101,_ron_2030y_SOC,cf_median,19.16877,Nama Karoo shrublands,13.0,Deserts & Xeric Shrublands,Afrotropic
102,_ron_2030y_SOC,cf_median,18.017952,Namaqualand-Richtersveld steppe,13.0,Deserts & Xeric Shrublands,Afrotropic
103,_ron_2030y_SOC,cf_median,16.334673,Namib Desert,13.0,Deserts & Xeric Shrublands,Afrotropic
104,_ron_2030y_SOC,cf_median,15.770011,Namibian savanna woodlands,13.0,Deserts & Xeric Shrublands,Afrotropic
251,_ron_2030y_SOC,cf_median,108.25068,Nansei Islands subtropical evergreen forests,1.0,Tropical & Subtropical Moist Broadleaf Forests,Indomalayan
483,_ron_2030y_SOC,cf_median,53.932312,Napo moist forests,1.0,Tropical & Subtropical Moist Broadleaf Forests,Neotropic
204,_ron_2030y_SOC,cf_median,45.158703,Naracoorte woodlands,12.0,"Mediterranean Forests, Woodlands & Scrub",Australasia
296,_ron_2030y_SOC,cf_median,18.526852,Narmada Valley dry deciduous forests,2.0,Tropical & Subtropical Dry Broadleaf Forests,Indomalayan
395,_ron_2030y_SOC,cf_median,38.7212,Nebraska Sand Hills mixed grasslands,8.0,"Temperate Grasslands, Savannas & Shrublands",Nearctic
484,_ron_2030y_SOC,cf_median,55.99253,Negro-Branco moist forests,1.0,Tropical & Subtropical Moist Broadleaf Forests,Neotropic
170,_ron_2030y_SOC,cf_median,126.614555,Nelson Coast temperate forests,4.0,Temperate Broadleaf & Mixed Forests,Australasia
743,_ron_2030y_SOC,cf_median,39.450523,Nenjiang River grassland,9.0,Flooded Grasslands & Savannas,Palearctic
144,_ron_2030y_SOC,cf_median,,New Britain-New Ireland lowland rain forests,1.0,Tropical & Subtropical Moist Broadleaf Forests,Australasia
145,_ron_2030y_SOC,cf_median,,New Britain-New Ireland montane rain forests,1.0,Tropical & Subtropical Moist Broadleaf Forests,Australasia
164,_ron_2030y_SOC,cf_median,48.52805,New Caledonia dry forests,2.0,Tropical & Subtropical Dry Broadleaf Forests,Australasia
146,_ron_2030y_SOC,cf_median,73.69527,New Caledonia rain forests,1.0,Tropical & Subtropical Moist Broadleaf Forests,Australasia
338,_ron_2030y_SOC,cf_median,63.57986,New England-Acadian forests,4.0,Temperate Broadleaf & Mixed Forests,Nearctic
217,_ron_2030y_SOC,cf_median,,New Guinea mangroves,14.0,Mangroves,Australasia
252,_ron_2030y_SOC,cf_median,,Nicobar Islands rain forests,1.0,Tropical & Subtropical Moist Broadleaf Forests,Indomalayan
22,_ron_2030y_SOC,cf_median,,Niger Delta swamp forests,1.0,Tropical & Subtropical Moist Broadleaf Forests,Afrotropic
23,_ron_2030y_SOC,cf_median,,Nigerian lowland forests,1.0,Tropical & Subtropical Moist Broadleaf Forests,Afrotropic
670,_ron_2030y_SOC,cf_median,72.67823,Nihonkai evergreen forests,4.0,Temperate Broadleaf & Mixed Forests,Palearctic
671,_ron_2030y_SOC,cf_median,84.41623,Nihonkai montane deciduous forests,4.0,Temperate Broadleaf & Mixed Forests,Palearctic
744,_ron_2030y_SOC,cf_median,27.634174,Nile Delta flooded savanna,9.0,Flooded Grasslands & Savannas,Palearctic
147,_ron_2030y_SOC,cf_median,,Norfolk Island subtropical forests,1.0,Tropical & Subtropical Moist Broadleaf Forests,Australasia
126,_ron_2030y_SOC,cf_median,,Northeast Antarctic Peninsula tundra,11.0,Tundra,Antarctica
127,_ron_2030y_SOC,cf_median,,Northwest Antarctic Peninsula tundra,11.0,Tundra,Antarctica
831,_ron_2030y_SOC,cf_median,17.521261,North Arabian desert,13.0,Deserts & Xeric Shrublands,Palearctic
832,_ron_2030y_SOC,cf_median,19.54051,North Arabian highland shrublands,13.0,Deserts & Xeric Shrublands,Palearctic
171,_ron_2030y_SOC,cf_median,94.193245,New Zealand North Island temperate forests,4.0,Temperate Broadleaf & Mixed Forests,Australasia
833,_ron_2030y_SOC,cf_median,11.494053,North Saharan Xeric Steppe and Woodland,13.0,Deserts & Xeric Shrublands,Palearctic
106,_ron_2030y_SOC,cf_median,16.474,Somali montane xeric woodlands,13.0,Deserts & Xeric Shrublands,Afrotropic
759,_ron_2030y_SOC,cf_median,42.84021,North Tibetan Plateau-Kunlun Mountains alpine desert,10.0,Montane Grasslands & Shrublands,Palearctic
125,_ron_2030y_SOC,cf_median,,North Victoria Land tundra,11.0,Tundra,Antarctica
253,_ron_2030y_SOC,cf_median,26.917744,North Western Ghats moist deciduous forests,1.0,Tropical & Subtropical Moist Broadleaf Forests,Indomalayan
254,_ron_2030y_SOC,cf_median,33.183903,North Western Ghats montane rain forests,1.0,Tropical & Subtropical Moist Broadleaf Forests,Indomalayan
673,_ron_2030y_SOC,cf_median,39.369194,Northeast China Plain deciduous forests,4.0,Temperate Broadleaf & Mixed Forests,Palearctic
304,_ron_2030y_SOC,cf_median,41.709473,Northeast India-Myanmar pine forests,3.0,Tropical & Subtropical Coniferous Forests,Indomalayan
775,_ron_2030y_SOC,cf_median,,Northeast Siberian coastal tundra,11.0,Tundra,Palearctic
714,_ron_2030y_SOC,cf_median,79.6967,Northeast Siberian taiga,6.0,Boreal Forests/Taiga,Palearctic
485,_ron_2030y_SOC,cf_median,,Northeast Brazil restingas,1.0,Tropical & Subtropical Moist Broadleaf Forests,Neotropic
24,_ron_2030y_SOC,cf_median,46.07255,Northeast Congolian lowland forests,1.0,Tropical & Subtropical Moist Broadleaf Forests,Afrotropic
702,_ron_2030y_SOC,cf_median,88.131195,Northeast Himalayan subalpine conifer forests,5.0,Temperate Conifer Forests,Palearctic
799,_ron_2030y_SOC,cf_median,53.133564,Northeast Spain and Southern France Mediterranean forests,12.0,"Mediterranean Forests, Woodlands & Scrub",Palearctic
339,_ron_2030y_SOC,cf_median,52.730186,Northeast US Coastal forests,4.0,Temperate Broadleaf & Mixed Forests,Nearctic
51,_ron_2030y_SOC,cf_median,27.074135,Northern Acacia-Commiphora bushlands and thickets,7.0,"Tropical & Subtropical Grasslands, Savannas & Shrublands",Afrotropic
703,_ron_2030y_SOC,cf_median,,Northern Anatolian conifer and deciduous forests,5.0,Temperate Conifer Forests,Palearctic
593,_ron_2030y_SOC,cf_median,62.0247,Northern Andean páramo,10.0,Montane Grasslands & Shrublands,Neotropic
255,_ron_2030y_SOC,cf_median,,Northern Annamites rain forests,1.0,Tropical & Subtropical Moist Broadleaf Forests,Indomalayan
359,_ron_2030y_SOC,cf_median,82.43745,Northern California coastal forests,5.0,Temperate Conifer Forests,Nearctic
379,_ron_2030y_SOC,cf_median,64.08474,Northern Canadian Shield taiga,6.0,Boreal Forests/Taiga,Nearctic
52,_ron_2030y_SOC,cf_median,31.27211,Northern Congolian Forest-Savanna,7.0,"Tropical & Subtropical Grasslands, Savannas & Shrublands",Afrotropic
297,_ron_2030y_SOC,cf_median,22.82489,North Deccan dry deciduous forests,2.0,Tropical & Subtropical Dry Broadleaf Forests,Indomalayan
256,_ron_2030y_SOC,cf_median,38.54805,Northern Indochina subtropical forests,1.0,Tropical & Subtropical Moist Broadleaf Forests,Indomalayan
257,_ron_2030y_SOC,cf_median,24.21522,Northern Khorat Plateau moist deciduous forests,1.0,Tropical & Subtropical Moist Broadleaf Forests,Indomalayan
614,_ron_2030y_SOC,cf_median,25.824614,Northern Mesoamerican Pacific mangroves,14.0,Mangroves,Neotropic
148,_ron_2030y_SOC,cf_median,,Northern New Guinea lowland rain and freshwater swamp forests,1.0,Tropical & Subtropical Moist Broadleaf Forests,Australasia
149,_ron_2030y_SOC,cf_median,,Northern New Guinea montane rain forests,1.0,Tropical & Subtropical Moist Broadleaf Forests,Australasia
396,_ron_2030y_SOC,cf_median,48.58851,Northern Shortgrass prairie,8.0,"Temperate Grasslands, Savannas & Shrublands",Nearctic
25,_ron_2030y_SOC,cf_median,39.088436,Northern Swahili coastal forests,1.0,Tropical & Subtropical Moist Broadleaf Forests,Afrotropic
397,_ron_2030y_SOC,cf_median,66.86926,Northern Tallgrass prairie,8.0,"Temperate Grasslands, Savannas & Shrublands",Nearctic
258,_ron_2030y_SOC,cf_median,25.472532,Northern Thailand-Laos moist deciduous forests,1.0,Tropical & Subtropical Moist Broadleaf Forests,Indomalayan
259,_ron_2030y_SOC,cf_median,43.756874,Northern Triangle subtropical forests,1.0,Tropical & Subtropical Moist Broadleaf Forests,Indomalayan
307,_ron_2030y_SOC,cf_median,52.584415,Northern Triangle temperate forests,4.0,Temperate Broadleaf & Mixed Forests,Indomalayan
260,_ron_2030y_SOC,cf_median,,Northern Vietnam lowland rain forests,1.0,Tropical & Subtropical Moist Broadleaf Forests,Indomalayan
173,_ron_2030y_SOC,cf_median,82.01953,Northland temperate kauri forests,4.0,Temperate Broadleaf & Mixed Forests,Australasia
800,_ron_2030y_SOC,cf_median,45.117615,Northwest Iberian montane forests,12.0,"Mediterranean Forests, Woodlands & Scrub",Palearctic
776,_ron_2030y_SOC,cf_median,,Northwest Russian-Novaya Zemlya tundra,11.0,Tundra,Palearctic
486,_ron_2030y_SOC,cf_median,59.26085,Northwest Andean montane forests,1.0,Tropical & Subtropical Moist Broadleaf Forests,Neotropic
26,_ron_2030y_SOC,cf_median,,Northwest Congolian lowland forests,1.0,Tropical & Subtropical Moist Broadleaf Forests,Afrotropic
641,_ron_2030y_SOC,cf_median,,Northwest Hawai'i scrub,7.0,"Tropical & Subtropical Grasslands, Savannas & Shrublands",Oceania
760,_ron_2030y_SOC,cf_median,61.728477,Northwestern Himalayan alpine shrub and meadows,10.0,Montane Grasslands & Shrublands,Palearctic
314,_ron_2030y_SOC,cf_median,13.935955,Aravalli west thorn scrub forests,13.0,Deserts & Xeric Shrublands,Indomalayan
777,_ron_2030y_SOC,cf_median,,Novosibirsk Islands Arctic desert,11.0,Tundra,Palearctic
704,_ron_2030y_SOC,cf_median,77.89958,Nujiang Langcang Gorge alpine conifer and mixed forests,5.0,Temperate Conifer Forests,Palearctic
212,_ron_2030y_SOC,cf_median,22.497665,Nullarbor Plains xeric shrublands,13.0,Deserts & Xeric Shrublands,Australasia
85,_ron_2030y_SOC,cf_median,30.30007,Nyanga-Chimanimani Montane forest-grassland,10.0,Montane Grasslands & Shrublands,Afrotropic
487,_ron_2030y_SOC,cf_median,52.66494,Oaxacan montane forests,1.0,Tropical & Subtropical Moist Broadleaf Forests,Neotropic
626,_ron_2030y_SOC,cf_median,,Ogasawara subtropical moist forests,1.0,Tropical & Subtropical Moist Broadleaf Forests,Oceania
419,_ron_2030y_SOC,cf_median,65.39201,Ogilvie-MacKenzie alpine tundra,11.0,Tundra,Nearctic
362,_ron_2030y_SOC,cf_median,50.37444,Okanogan dry forests,5.0,Temperate Conifer Forests,Nearctic
715,_ron_2030y_SOC,cf_median,69.97607,Okhotsk-Manchurian taiga,6.0,Boreal Forests/Taiga,Palearctic
761,_ron_2030y_SOC,cf_median,30.263397,Ordos Plateau steppe,10.0,Montane Grasslands & Shrublands,Palearctic
488,_ron_2030y_SOC,cf_median,,Orinoco Delta swamp forests,1.0,Tropical & Subtropical Moist Broadleaf Forests,Neotropic
583,_ron_2030y_SOC,cf_median,,Orinoco wetlands,9.0,Flooded Grasslands & Savannas,Neotropic
261,_ron_2030y_SOC,cf_median,24.226046,Orissa semi-evergreen forests,1.0,Tropical & Subtropical Moist Broadleaf Forests,Indomalayan
340,_ron_2030y_SOC,cf_median,38.73696,Ozark Highlands mixed forests,4.0,Temperate Broadleaf & Mixed Forests,Nearctic
341,_ron_2030y_SOC,cf_median,37.640152,Ozark Mountain forests,4.0,Temperate Broadleaf & Mixed Forests,Nearctic
420,_ron_2030y_SOC,cf_median,87.14467,Pacific Coastal Mountain icefields and tundra,11.0,Tundra,Nearctic
627,_ron_2030y_SOC,cf_median,,Palau tropical moist forests,1.0,Tropical & Subtropical Moist Broadleaf Forests,Oceania
262,_ron_2030y_SOC,cf_median,,Palawan rain forests,1.0,Tropical & Subtropical Moist Broadleaf Forests,Indomalayan
398,_ron_2030y_SOC,cf_median,40.251743,Palouse prairie,8.0,"Temperate Grasslands, Savannas & Shrublands",Nearctic
762,_ron_2030y_SOC,cf_median,46.117683,Pamir alpine desert and tundra,10.0,Montane Grasslands & Shrublands,Palearctic
541,_ron_2030y_SOC,cf_median,,Panamanian dry forests,2.0,Tropical & Subtropical Dry Broadleaf Forests,Neotropic
674,_ron_2030y_SOC,cf_median,51.553402,Pannonian mixed forests,4.0,Temperate Broadleaf & Mixed Forests,Palearctic
584,_ron_2030y_SOC,cf_median,24.834187,Pantanal,9.0,Flooded Grasslands & Savannas,Neotropic
489,_ron_2030y_SOC,cf_median,,Pantanos de Centla,1.0,Tropical & Subtropical Moist Broadleaf Forests,Neotropic
490,_ron_2030y_SOC,cf_median,44.141613,Pantepui forests & shrublands,1.0,Tropical & Subtropical Moist Broadleaf Forests,Neotropic
606,_ron_2030y_SOC,cf_median,,Paraguaná xeric scrub,13.0,Deserts & Xeric Shrublands,Neotropic
585,_ron_2030y_SOC,cf_median,40.29253,Paraná flooded savanna,9.0,Flooded Grasslands & Savannas,Neotropic
834,_ron_2030y_SOC,cf_median,36.8621,Paropamisus xeric woodlands,13.0,Deserts & Xeric Shrublands,Palearctic
578,_ron_2030y_SOC,cf_median,37.059612,Patagonian steppe,8.0,"Temperate Grasslands, Savannas & Shrublands",Neotropic
542,_ron_2030y_SOC,cf_median,64.17417,Patía valley dry forests,2.0,Tropical & Subtropical Dry Broadleaf Forests,Neotropic
263,_ron_2030y_SOC,cf_median,,Peninsular Malaysian montane rain forests,1.0,Tropical & Subtropical Moist Broadleaf Forests,Indomalayan
264,_ron_2030y_SOC,cf_median,,Peninsular Malaysian peat swamp forests,1.0,Tropical & Subtropical Moist Broadleaf Forests,Indomalayan
265,_ron_2030y_SOC,cf_median,,Peninsular Malaysian rain forests,1.0,Tropical & Subtropical Moist Broadleaf Forests,Indomalayan
491,_ron_2030y_SOC,cf_median,,Pernambuco coastal forests,1.0,Tropical & Subtropical Moist Broadleaf Forests,Neotropic
492,_ron_2030y_SOC,cf_median,25.565113,Pernambuco interior forests,1.0,Tropical & Subtropical Moist Broadleaf Forests,Neotropic
493,_ron_2030y_SOC,cf_median,53.087578,Peruvian Yungas,1.0,Tropical & Subtropical Moist Broadleaf Forests,Neotropic
494,_ron_2030y_SOC,cf_median,43.123653,Petén-Veracruz moist forests,1.0,Tropical & Subtropical Moist Broadleaf Forests,Neotropic
213,_ron_2030y_SOC,cf_median,12.2773695,Pilbara shrublands,13.0,Deserts & Xeric Shrublands,Australasia
801,_ron_2030y_SOC,cf_median,45.789883,Pindus Mountains mixed forests,12.0,"Mediterranean Forests, Woodlands & Scrub",Palearctic
363,_ron_2030y_SOC,cf_median,28.70844,Piney Woods,5.0,Temperate Conifer Forests,Nearctic
675,_ron_2030y_SOC,cf_median,48.354214,Po Basin mixed forests,4.0,Temperate Broadleaf & Mixed Forests,Palearctic
735,_ron_2030y_SOC,cf_median,53.29984,Pontic steppe,8.0,"Temperate Grasslands, Savannas & Shrublands",Palearctic
128,_ron_2030y_SOC,cf_median,,Prince Charles Mountains tundra,11.0,Tundra,Antarctica
543,_ron_2030y_SOC,cf_median,,Puerto Rican dry forests,2.0,Tropical & Subtropical Dry Broadleaf Forests,Neotropic
495,_ron_2030y_SOC,cf_median,,Puerto Rican moist forests,1.0,Tropical & Subtropical Moist Broadleaf Forests,Neotropic
364,_ron_2030y_SOC,cf_median,66.903786,Puget lowland forests,5.0,Temperate Conifer Forests,Nearctic
497,_ron_2030y_SOC,cf_median,,Purus-Madeira moist forests,1.0,Tropical & Subtropical Moist Broadleaf Forests,Neotropic
496,_ron_2030y_SOC,cf_median,,Purus várzea,1.0,Tropical & Subtropical Moist Broadleaf Forests,Neotropic
676,_ron_2030y_SOC,cf_median,59.600048,Pyrenees conifer and mixed forests,4.0,Temperate Broadleaf & Mixed Forests,Palearctic
835,_ron_2030y_SOC,cf_median,41.330055,Qaidam Basin semi-desert,13.0,Deserts & Xeric Shrublands,Palearctic
705,_ron_2030y_SOC,cf_median,70.78043,Qilian Mountains conifer forests,5.0,Temperate Conifer Forests,Palearctic
763,_ron_2030y_SOC,cf_median,48.996178,Qilian Mountains subalpine meadows,10.0,Montane Grasslands & Shrublands,Palearctic
677,_ron_2030y_SOC,cf_median,53.852566,Qin Ling Mountains deciduous forests,4.0,Temperate Broadleaf & Mixed Forests,Palearctic
706,_ron_2030y_SOC,cf_median,70.29839,Qionglai-Minshan conifer forests,5.0,Temperate Conifer Forests,Palearctic
150,_ron_2030y_SOC,cf_median,34.41015,Queensland tropical rain forests,1.0,Tropical & Subtropical Moist Broadleaf Forests,Australasia
174,_ron_2030y_SOC,cf_median,133.57245,Rakiura Island temperate forests,4.0,Temperate Broadleaf & Mixed Forests,Australasia
312,_ron_2030y_SOC,cf_median,15.111067,Rann of Kutch seasonal salt marsh,9.0,Flooded Grasslands & Savannas,Indomalayan
628,_ron_2030y_SOC,cf_median,,Rapa Nui and Sala y Gómez subtropical forests,1.0,Tropical & Subtropical Moist Broadleaf Forests,Oceania
266,_ron_2030y_SOC,cf_median,,Red River freshwater swamp forests,1.0,Tropical & Subtropical Moist Broadleaf Forests,Indomalayan
837,_ron_2030y_SOC,cf_median,17.026146,Red Sea-Arabian Desert shrublands,13.0,Deserts & Xeric Shrublands,Palearctic
836,_ron_2030y_SOC,cf_median,19.770517,Red Sea coastal desert,13.0,Deserts & Xeric Shrublands,Palearctic
115,_ron_2030y_SOC,cf_median,90.217964,Red Sea mangroves,14.0,Mangroves,Afrotropic
838,_ron_2030y_SOC,cf_median,12.229649,Registan-North Pakistan sandy desert,13.0,Deserts & Xeric Shrublands,Palearctic
90,_ron_2030y_SOC,cf_median,32.771004,Renosterveld shrubland,12.0,"Mediterranean Forests, Woodlands & Scrub",Afrotropic
175,_ron_2030y_SOC,cf_median,102.35385,Richmond temperate forests,4.0,Temperate Broadleaf & Mixed Forests,Australasia
498,_ron_2030y_SOC,cf_median,,Rio Negro campinarana,1.0,Tropical & Subtropical Moist Broadleaf Forests,Neotropic
678,_ron_2030y_SOC,cf_median,48.662445,Rodope montane mixed forests,4.0,Temperate Broadleaf & Mixed Forests,Palearctic
86,_ron_2030y_SOC,cf_median,61.04896,Rwenzori-Virunga montane moorlands,10.0,Montane Grasslands & Shrublands,Afrotropic
745,_ron_2030y_SOC,cf_median,14.51277,Saharan halophytics,9.0,Flooded Grasslands & Savannas,Palearctic
53,_ron_2030y_SOC,cf_median,12.143741,Sahelian Acacia savanna,7.0,"Tropical & Subtropical Grasslands, Savannas & Shrublands",Afrotropic
716,_ron_2030y_SOC,cf_median,73.37816,Sakhalin Island taiga,6.0,Boreal Forests/Taiga,Palearctic
629,_ron_2030y_SOC,cf_median,,Samoan tropical moist forests,1.0,Tropical & Subtropical Moist Broadleaf Forests,Oceania
562,_ron_2030y_SOC,cf_median,,San Félix-San Ambrosio Islands temperate forests,4.0,Temperate Broadleaf & Mixed Forests,Neotropic
607,_ron_2030y_SOC,cf_median,83.94142,San Lucan xeric scrub,13.0,Deserts & Xeric Shrublands,Neotropic
425,_ron_2030y_SOC,cf_median,52.72923,Santa Lucia Montane Chaparral & Woodlands,12.0,"Mediterranean Forests, Woodlands & Scrub",Nearctic
499,_ron_2030y_SOC,cf_median,38.19841,Santa Marta montane forests,1.0,Tropical & Subtropical Moist Broadleaf Forests,Neotropic
594,_ron_2030y_SOC,cf_median,38.804066,Santa Marta páramo,10.0,Montane Grasslands & Shrublands,Neotropic
27,_ron_2030y_SOC,cf_median,,"São Tomé, Príncipe, and Annobón forests",1.0,Tropical & Subtropical Moist Broadleaf Forests,Afrotropic
679,_ron_2030y_SOC,cf_median,71.14491,Sarmatic mixed forests,4.0,Temperate Broadleaf & Mixed Forests,Palearctic
764,_ron_2030y_SOC,cf_median,73.20442,Sayan alpine meadows and tundra,10.0,Montane Grasslands & Shrublands,Palearctic
736,_ron_2030y_SOC,cf_median,63.53801,Sayan Intermontane steppe,8.0,"Temperate Grasslands, Savannas & Shrublands",Palearctic
707,_ron_2030y_SOC,cf_median,68.4688,Sayan montane conifer forests,5.0,Temperate Conifer Forests,Palearctic
717,_ron_2030y_SOC,cf_median,75.399315,Scandinavian and Russian taiga,6.0,Boreal Forests/Taiga,Palearctic
708,_ron_2030y_SOC,cf_median,83.9268,Scandinavian coastal conifer forests,5.0,Temperate Conifer Forests,Palearctic
780,_ron_2030y_SOC,cf_median,82.46866,Scandinavian Montane Birch forest and grasslands,11.0,Tundra,Palearctic
129,_ron_2030y_SOC,cf_median,,Scotia Sea Islands tundra,11.0,Tundra,Antarctica
608,_ron_2030y_SOC,cf_median,27.55986,Sechura desert,13.0,Deserts & Xeric Shrublands,Neotropic
737,_ron_2030y_SOC,cf_median,59.73418,Selenge-Orkhon forest steppe,8.0,"Temperate Grasslands, Savannas & Shrublands",Palearctic
151,_ron_2030y_SOC,cf_median,,Seram rain forests,1.0,Tropical & Subtropical Moist Broadleaf Forests,Australasia
54,_ron_2030y_SOC,cf_median,16.088251,Serengeti volcanic grasslands,7.0,"Tropical & Subtropical Grasslands, Savannas & Shrublands",Afrotropic
500,_ron_2030y_SOC,cf_median,40.41801,Serra do Mar coastal forests,1.0,Tropical & Subtropical Moist Broadleaf Forests,Neotropic
680,_ron_2030y_SOC,cf_median,32.9794,Sichuan Basin evergreen broadleaf forests,4.0,Temperate Broadleaf & Mixed Forests,Palearctic
544,_ron_2030y_SOC,cf_median,100.61009,Sierra de la Laguna dry forests,2.0,Tropical & Subtropical Dry Broadleaf Forests,Neotropic
556,_ron_2030y_SOC,cf_median,113.55463,Sierra de la Laguna pine-oak forests,3.0,Tropical & Subtropical Coniferous Forests,Neotropic
501,_ron_2030y_SOC,cf_median,47.581272,Sierra de los Tuxtlas,1.0,Tropical & Subtropical Moist Broadleaf Forests,Neotropic
502,_ron_2030y_SOC,cf_median,38.34546,Sierra Madre de Chiapas moist forests,1.0,Tropical & Subtropical Moist Broadleaf Forests,Neotropic
557,_ron_2030y_SOC,cf_median,42.85617,Sierra Madre de Oaxaca pine-oak forests,3.0,Tropical & Subtropical Coniferous Forests,Neotropic
558,_ron_2030y_SOC,cf_median,38.83664,Sierra Madre del Sur pine-oak forests,3.0,Tropical & Subtropical Coniferous Forests,Neotropic
326,_ron_2030y_SOC,cf_median,38.86294,Sierra Madre Occidental pine-oak forests,3.0,Tropical & Subtropical Coniferous Forests,Nearctic
327,_ron_2030y_SOC,cf_median,36.82468,Sierra Madre Oriental pine-oak forests,3.0,Tropical & Subtropical Coniferous Forests,Nearctic
366,_ron_2030y_SOC,cf_median,44.06168,Sierra Nevada forests,5.0,Temperate Conifer Forests,Nearctic
214,_ron_2030y_SOC,cf_median,13.952237,Simpson desert,13.0,Deserts & Xeric Shrublands,Australasia
545,_ron_2030y_SOC,cf_median,31.833487,Sinaloan dry forests,2.0,Tropical & Subtropical Dry Broadleaf Forests,Neotropic
546,_ron_2030y_SOC,cf_median,37.554474,Sinú Valley dry forests,2.0,Tropical & Subtropical Dry Broadleaf Forests,Neotropic
434,_ron_2030y_SOC,cf_median,36.897663,Snake-Columbia shrub steppe,13.0,Deserts & Xeric Shrublands,Nearctic
630,_ron_2030y_SOC,cf_median,,Society Islands tropical moist forests,1.0,Tropical & Subtropical Moist Broadleaf Forests,Oceania
105,_ron_2030y_SOC,cf_median,59.724556,Socotra Island xeric shrublands,13.0,Deserts & Xeric Shrublands,Afrotropic
503,_ron_2030y_SOC,cf_median,,Solimões-Japurá moist forests,1.0,Tropical & Subtropical Moist Broadleaf Forests,Neotropic
152,_ron_2030y_SOC,cf_median,,Solomon Islands rain forests,1.0,Tropical & Subtropical Moist Broadleaf Forests,Australasia
55,_ron_2030y_SOC,cf_median,31.353075,Somali Acacia-Commiphora bushlands and thickets,7.0,"Tropical & Subtropical Grasslands, Savannas & Shrublands",Afrotropic
324,_ron_2030y_SOC,cf_median,23.868116,Sonoran-Sinaloan subtropical dry forest,2.0,Tropical & Subtropical Dry Broadleaf Forests,Nearctic
435,_ron_2030y_SOC,cf_median,15.73992,Sonoran desert,13.0,Deserts & Xeric Shrublands,Nearctic
615,_ron_2030y_SOC,cf_median,,South American Pacific mangroves,14.0,Mangroves,Neotropic
130,_ron_2030y_SOC,cf_median,,South Antarctic Peninsula tundra,11.0,Tundra,Antarctica
802,_ron_2030y_SOC,cf_median,51.378532,South Apennine mixed montane forests,12.0,"Mediterranean Forests, Woodlands & Scrub",Palearctic
367,_ron_2030y_SOC,cf_median,52.894318,South Central Rockies forests,5.0,Temperate Conifer Forests,Nearctic
268,_ron_2030y_SOC,cf_median,30.359858,South China-Vietnam subtropical evergreen forests,1.0,Tropical & Subtropical Moist Broadleaf Forests,Indomalayan
267,_ron_2030y_SOC,cf_median,,South China Sea Islands,1.0,Tropical & Subtropical Moist Broadleaf Forests,Indomalayan
298,_ron_2030y_SOC,cf_median,23.776533,South Deccan Plateau dry deciduous forests,2.0,Tropical & Subtropical Dry Broadleaf Forests,Indomalayan
841,_ron_2030y_SOC,cf_median,11.534472,South Iran Nubo-Sindian desert and semi-desert,13.0,Deserts & Xeric Shrublands,Palearctic
194,_ron_2030y_SOC,cf_median,107.76086,New Zealand South Island montane grasslands,10.0,Montane Grasslands & Shrublands,Australasia
172,_ron_2030y_SOC,cf_median,103.51174,New Zealand South Island temperate forests,4.0,Temperate Broadleaf & Mixed Forests,Australasia
131,_ron_2030y_SOC,cf_median,,South Orkney Islands tundra,11.0,Tundra,Antarctica
842,_ron_2030y_SOC,cf_median,11.135398,South Sahara desert,13.0,Deserts & Xeric Shrublands,Palearctic
738,_ron_2030y_SOC,cf_median,73.32895,South Siberian forest steppe,8.0,"Temperate Grasslands, Savannas & Shrublands",Palearctic
269,_ron_2030y_SOC,cf_median,,South Taiwan monsoon rain forests,1.0,Tropical & Subtropical Moist Broadleaf Forests,Indomalayan
132,_ron_2030y_SOC,cf_median,,South Victoria Land tundra,11.0,Tundra,Antarctica
270,_ron_2030y_SOC,cf_median,33.182938,South Western Ghats moist deciduous forests,1.0,Tropical & Subtropical Moist Broadleaf Forests,Indomalayan
271,_ron_2030y_SOC,cf_median,37.414616,South Western Ghats montane rain forests,1.0,Tropical & Subtropical Moist Broadleaf Forests,Indomalayan
176,_ron_2030y_SOC,cf_median,41.17543,Southeast Australia temperate forests,4.0,Temperate Broadleaf & Mixed Forests,Australasia
192,_ron_2030y_SOC,cf_median,19.851643,Southeast Australia temperate savanna,8.0,"Temperate Grasslands, Savannas & Shrublands",Australasia
765,_ron_2030y_SOC,cf_median,58.36385,Southeast Tibet shrublands and meadows,10.0,Montane Grasslands & Shrublands,Palearctic
400,_ron_2030y_SOC,cf_median,24.016619,Southeast US mixed woodlands and savannas,8.0,"Temperate Grasslands, Savannas & Shrublands",Nearctic
399,_ron_2030y_SOC,cf_median,29.930244,Southeast US conifer savannas,8.0,"Temperate Grasslands, Savannas & Shrublands",Nearctic
803,_ron_2030y_SOC,cf_median,58.57711,Southeast Iberian shrubs and woodlands,12.0,"Mediterranean Forests, Woodlands & Scrub",Palearctic
299,_ron_2030y_SOC,cf_median,27.158707,Southeast Indochina dry evergreen forests,2.0,Tropical & Subtropical Dry Broadleaf Forests,Indomalayan
153,_ron_2030y_SOC,cf_median,,Southeast Papuan rain forests,1.0,Tropical & Subtropical Moist Broadleaf Forests,Australasia
57,_ron_2030y_SOC,cf_median,21.468729,Southern Acacia-Commiphora bushlands and thickets,7.0,"Tropical & Subtropical Grasslands, Savannas & Shrublands",Afrotropic
116,_ron_2030y_SOC,cf_median,42.069122,Southern Africa mangroves,14.0,Mangroves,Afrotropic
804,_ron_2030y_SOC,cf_median,30.65489,Southern Anatolian montane conifer and deciduous forests,12.0,"Mediterranean Forests, Woodlands & Scrub",Palearctic
595,_ron_2030y_SOC,cf_median,36.308147,Southern Andean steppe,10.0,Montane Grasslands & Shrublands,Neotropic
504,_ron_2030y_SOC,cf_median,39.89752,Southern Andean Yungas,1.0,Tropical & Subtropical Moist Broadleaf Forests,Neotropic
272,_ron_2030y_SOC,cf_median,,Southern Annamites montane rain forests,1.0,Tropical & Subtropical Moist Broadleaf Forests,Indomalayan
616,_ron_2030y_SOC,cf_median,45.50843,Southern Atlantic Brazilian mangroves,14.0,Mangroves,Neotropic
586,_ron_2030y_SOC,cf_median,30.726982,Southern Cone Mesopotamian savanna,9.0,Flooded Grasslands & Savannas,Neotropic
58,_ron_2030y_SOC,cf_median,17.144505,Southern Congolian forest-savanna,7.0,"Tropical & Subtropical Grasslands, Savannas & Shrublands",Afrotropic
342,_ron_2030y_SOC,cf_median,57.96011,Southern Great Lakes forests,4.0,Temperate Broadleaf & Mixed Forests,Nearctic
382,_ron_2030y_SOC,cf_median,73.6427,Southern Hudson Bay taiga,6.0,Boreal Forests/Taiga,Nearctic
133,_ron_2030y_SOC,cf_median,,Southern Indian Ocean Islands tundra,11.0,Tundra,Antarctica
681,_ron_2030y_SOC,cf_median,50.725876,Southern Korea evergreen forests,4.0,Temperate Broadleaf & Mixed Forests,Palearctic
617,_ron_2030y_SOC,cf_median,,Southern Mesoamerican Pacific mangroves,14.0,Mangroves,Neotropic
154,_ron_2030y_SOC,cf_median,,Southern New Guinea freshwater swamp forests,1.0,Tropical & Subtropical Moist Broadleaf Forests,Australasia
155,_ron_2030y_SOC,cf_median,,Southern New Guinea lowland rain forests,1.0,Tropical & Subtropical Moist Broadleaf Forests,Australasia
547,_ron_2030y_SOC,cf_median,35.325317,Southern Pacific dry forests,2.0,Tropical & Subtropical Dry Broadleaf Forests,Neotropic
87,_ron_2030y_SOC,cf_median,34.94275,Southern Rift Montane forest-grassland,10.0,Montane Grasslands & Shrublands,Afrotropic
28,_ron_2030y_SOC,cf_median,18.704876,Southern Swahili coastal forests and woodlands,1.0,Tropical & Subtropical Moist Broadleaf Forests,Afrotropic
300,_ron_2030y_SOC,cf_median,,Southern Vietnam lowland dry forests,2.0,Tropical & Subtropical Dry Broadleaf Forests,Indomalayan
505,_ron_2030y_SOC,cf_median,48.05457,Southwest Amazon moist forests,1.0,Tropical & Subtropical Moist Broadleaf Forests,Neotropic
108,_ron_2030y_SOC,cf_median,19.281641,Southwest Arabian Escarpment shrublands and woodlands,13.0,Deserts & Xeric Shrublands,Afrotropic
109,_ron_2030y_SOC,cf_median,17.75395,Southwest Arabian highland xeric scrub,13.0,Deserts & Xeric Shrublands,Afrotropic
205,_ron_2030y_SOC,cf_median,20.823935,Southwest Australia savanna,12.0,"Mediterranean Forests, Woodlands & Scrub",Australasia
206,_ron_2030y_SOC,cf_median,44.01818,Southwest Australia woodlands,12.0,"Mediterranean Forests, Woodlands & Scrub",Australasia
273,_ron_2030y_SOC,cf_median,,Southwest Borneo freshwater swamp forests,1.0,Tropical & Subtropical Moist Broadleaf Forests,Indomalayan
805,_ron_2030y_SOC,cf_median,36.112026,Southwest Iberian Mediterranean sclerophyllous and mixed forests,12.0,"Mediterranean Forests, Woodlands & Scrub",Palearctic
301,_ron_2030y_SOC,cf_median,,Sri Lanka dry-zone dry evergreen forests,2.0,Tropical & Subtropical Dry Broadleaf Forests,Indomalayan
274,_ron_2030y_SOC,cf_median,,Sri Lanka lowland rain forests,1.0,Tropical & Subtropical Moist Broadleaf Forests,Indomalayan
275,_ron_2030y_SOC,cf_median,,Sri Lanka montane rain forests,1.0,Tropical & Subtropical Moist Broadleaf Forests,Indomalayan
609,_ron_2030y_SOC,cf_median,,St. Peter and St. Paul Rocks,13.0,Deserts & Xeric Shrublands,Neotropic
110,_ron_2030y_SOC,cf_median,21.408672,Succulent Karoo xeric shrublands,13.0,Deserts & Xeric Shrublands,Afrotropic
74,_ron_2030y_SOC,cf_median,,Sudd flooded grasslands,9.0,Flooded Grasslands & Savannas,Afrotropic
746,_ron_2030y_SOC,cf_median,64.26738,Suiphun-Khanka meadows and forest meadows,9.0,Flooded Grasslands & Savannas,Palearctic
766,_ron_2030y_SOC,cf_median,22.773598,Sulaiman Range alpine meadows,10.0,Montane Grasslands & Shrublands,Palearctic
157,_ron_2030y_SOC,cf_median,,Sulawesi montane rain forests,1.0,Tropical & Subtropical Moist Broadleaf Forests,Australasia
276,_ron_2030y_SOC,cf_median,,Sulu Archipelago rain forests,1.0,Tropical & Subtropical Moist Broadleaf Forests,Indomalayan
277,_ron_2030y_SOC,cf_median,,Sumatran freshwater swamp forests,1.0,Tropical & Subtropical Moist Broadleaf Forests,Indomalayan
278,_ron_2030y_SOC,cf_median,,Sumatran lowland rain forests,1.0,Tropical & Subtropical Moist Broadleaf Forests,Indomalayan
279,_ron_2030y_SOC,cf_median,,Sumatran montane rain forests,1.0,Tropical & Subtropical Moist Broadleaf Forests,Indomalayan
280,_ron_2030y_SOC,cf_median,,Sumatran peat swamp forests,1.0,Tropical & Subtropical Moist Broadleaf Forests,Indomalayan
305,_ron_2030y_SOC,cf_median,,Sumatran tropical pine forests,3.0,Tropical & Subtropical Coniferous Forests,Indomalayan
165,_ron_2030y_SOC,cf_median,,Sumba deciduous forests,2.0,Tropical & Subtropical Dry Broadleaf Forests,Australasia
322,_ron_2030y_SOC,cf_median,,Sunda Shelf mangroves,14.0,Mangroves,Indomalayan
281,_ron_2030y_SOC,cf_median,,Sundaland heath forests,1.0,Tropical & Subtropical Moist Broadleaf Forests,Indomalayan
282,_ron_2030y_SOC,cf_median,25.429762,Sundarbans freshwater swamp forests,1.0,Tropical & Subtropical Moist Broadleaf Forests,Indomalayan
323,_ron_2030y_SOC,cf_median,26.111944,Sundarbans mangroves,14.0,Mangroves,Indomalayan
739,_ron_2030y_SOC,cf_median,16.26347,Syrian xeric grasslands and shrublands,8.0,"Temperate Grasslands, Savannas & Shrublands",Palearctic
682,_ron_2030y_SOC,cf_median,60.454033,Taiheiyo evergreen forests,4.0,Temperate Broadleaf & Mixed Forests,Palearctic
683,_ron_2030y_SOC,cf_median,70.83975,Taiheiyo montane deciduous forests,4.0,Temperate Broadleaf & Mixed Forests,Palearctic
781,_ron_2030y_SOC,cf_median,,Taimyr-Central Siberian tundra,11.0,Tundra,Palearctic
283,_ron_2030y_SOC,cf_median,,Taiwan subtropical evergreen forests,1.0,Tropical & Subtropical Moist Broadleaf Forests,Indomalayan
843,_ron_2030y_SOC,cf_median,34.261406,Taklimakan desert,13.0,Deserts & Xeric Shrublands,Palearctic
506,_ron_2030y_SOC,cf_median,,Talamancan montane forests,1.0,Tropical & Subtropical Moist Broadleaf Forests,Neotropic
436,_ron_2030y_SOC,cf_median,30.45358,Tamaulipan matorral,13.0,Deserts & Xeric Shrublands,Nearctic
437,_ron_2030y_SOC,cf_median,21.688137,Tamaulipan mezquital,13.0,Deserts & Xeric Shrublands,Nearctic
507,_ron_2030y_SOC,cf_median,,Tapajós-Xingu moist forests,1.0,Tropical & Subtropical Moist Broadleaf Forests,Neotropic
684,_ron_2030y_SOC,cf_median,30.126886,Tarim Basin deciduous forests and steppe,4.0,Temperate Broadleaf & Mixed Forests,Palearctic
177,_ron_2030y_SOC,cf_median,70.298965,Tasmanian Central Highland forests,4.0,Temperate Broadleaf & Mixed Forests,Australasia
178,_ron_2030y_SOC,cf_median,72.70656,Tasmanian temperate forests,4.0,Temperate Broadleaf & Mixed Forests,Australasia
179,_ron_2030y_SOC,cf_median,99.75052,Tasmanian temperate rain forests,4.0,Temperate Broadleaf & Mixed Forests,Australasia
610,_ron_2030y_SOC,cf_median,41.966625,Tehuacán Valley matorral,13.0,Deserts & Xeric Shrublands,Neotropic
284,_ron_2030y_SOC,cf_median,33.62232,Tenasserim-South Thailand semi-evergreen rain forests,1.0,Tropical & Subtropical Moist Broadleaf Forests,Indomalayan
311,_ron_2030y_SOC,cf_median,25.126534,Terai-Duar savanna and grasslands,7.0,"Tropical & Subtropical Grasslands, Savannas & Shrublands",Indomalayan
401,_ron_2030y_SOC,cf_median,30.71985,Texas blackland prairies,8.0,"Temperate Grasslands, Savannas & Shrublands",Nearctic
318,_ron_2030y_SOC,cf_median,12.544634,Thar desert,13.0,Deserts & Xeric Shrublands,Indomalayan
740,_ron_2030y_SOC,cf_median,42.972485,Tian Shan foothill arid steppe,8.0,"Temperate Grasslands, Savannas & Shrublands",Palearctic
709,_ron_2030y_SOC,cf_median,53.287758,Tian Shan montane conifer forests,5.0,Temperate Conifer Forests,Palearctic
767,_ron_2030y_SOC,cf_median,46.675606,Tian Shan montane steppe and meadows,10.0,Montane Grasslands & Shrublands,Palearctic
844,_ron_2030y_SOC,cf_median,13.464407,Tibesti-Jebel Uweinat montane xeric woodlands,13.0,Deserts & Xeric Shrublands,Palearctic
768,_ron_2030y_SOC,cf_median,50.948082,Tibetan Plateau alpine shrublands and meadows,10.0,Montane Grasslands & Shrublands,Palearctic
747,_ron_2030y_SOC,cf_median,16.28948,Tigris-Euphrates alluvial salt marsh,9.0,Flooded Grasslands & Savannas,Palearctic
166,_ron_2030y_SOC,cf_median,,Timor and Wetar deciduous forests,2.0,Tropical & Subtropical Dry Broadleaf Forests,Australasia
215,_ron_2030y_SOC,cf_median,23.319427,Tirari-Sturt stony desert,13.0,Deserts & Xeric Shrublands,Australasia
631,_ron_2030y_SOC,cf_median,,Tongan tropical moist forests,1.0,Tropical & Subtropical Moist Broadleaf Forests,Oceania
286,_ron_2030y_SOC,cf_median,,Tonle Sap-Mekong peat swamp forests,1.0,Tropical & Subtropical Moist Broadleaf Forests,Indomalayan
285,_ron_2030y_SOC,cf_median,,Tonle Sap freshwater swamp forests,1.0,Tropical & Subtropical Moist Broadleaf Forests,Indomalayan
421,_ron_2030y_SOC,cf_median,,Torngat Mountain tundra,11.0,Tundra,Nearctic
782,_ron_2030y_SOC,cf_median,72.90878,Trans-Baikal Bald Mountain tundra,11.0,Tundra,Palearctic
718,_ron_2030y_SOC,cf_median,65.8905,Trans-Baikal conifer forests,6.0,Boreal Forests/Taiga,Palearctic
559,_ron_2030y_SOC,cf_median,42.371723,Trans-Mexican Volcanic Belt pine-oak forests,3.0,Tropical & Subtropical Coniferous Forests,Neotropic
188,_ron_2030y_SOC,cf_median,,Trans Fly savanna and grasslands,7.0,"Tropical & Subtropical Grasslands, Savannas & Shrublands",Australasia
134,_ron_2030y_SOC,cf_median,,Transantarctic Mountains tundra,11.0,Tundra,Antarctica
510,_ron_2030y_SOC,cf_median,,Trinidad and Tobago moist forest,1.0,Tropical & Subtropical Moist Broadleaf Forests,Neotropic
68,_ron_2030y_SOC,cf_median,,Tristan Da Cunha-Gough Islands shrub and grasslands,8.0,"Temperate Grasslands, Savannas & Shrublands",Afrotropic
158,_ron_2030y_SOC,cf_median,,Trobriand Islands rain forests,1.0,Tropical & Subtropical Moist Broadleaf Forests,Australasia
632,_ron_2030y_SOC,cf_median,,Tuamotu tropical moist forests,1.0,Tropical & Subtropical Moist Broadleaf Forests,Oceania
633,_ron_2030y_SOC,cf_median,,Tubuai tropical moist forests,1.0,Tropical & Subtropical Moist Broadleaf Forests,Oceania
549,_ron_2030y_SOC,cf_median,26.365284,Tumbes-Piura dry forests,2.0,Tropical & Subtropical Dry Broadleaf Forests,Neotropic
806,_ron_2030y_SOC,cf_median,43.89819,Tyrrhenian-Adriatic sclerophyllous and mixed forests,12.0,"Mediterranean Forests, Woodlands & Scrub",Palearctic
511,_ron_2030y_SOC,cf_median,,Uatumã-Trombetas moist forests,1.0,Tropical & Subtropical Moist Broadleaf Forests,Neotropic
512,_ron_2030y_SOC,cf_median,45.518887,Ucayali moist forests,1.0,Tropical & Subtropical Moist Broadleaf Forests,Neotropic
287,_ron_2030y_SOC,cf_median,20.880714,Upper Gangetic Plains moist deciduous forests,1.0,Tropical & Subtropical Moist Broadleaf Forests,Indomalayan
343,_ron_2030y_SOC,cf_median,56.45121,Upper Midwest US forest-savanna transition,4.0,Temperate Broadleaf & Mixed Forests,Nearctic
719,_ron_2030y_SOC,cf_median,69.56269,Urals montane forest and taiga,6.0,Boreal Forests/Taiga,Palearctic
574,_ron_2030y_SOC,cf_median,42.639297,Uruguayan savanna,7.0,"Tropical & Subtropical Grasslands, Savannas & Shrublands",Neotropic
685,_ron_2030y_SOC,cf_median,64.31071,Ussuri broadleaf and mixed forests,4.0,Temperate Broadleaf & Mixed Forests,Palearctic
563,_ron_2030y_SOC,cf_median,93.872185,Valdivian temperate forests,4.0,Temperate Broadleaf & Mixed Forests,Neotropic
159,_ron_2030y_SOC,cf_median,,Vanuatu rain forests,1.0,Tropical & Subtropical Moist Broadleaf Forests,Australasia
513,_ron_2030y_SOC,cf_median,,Venezuelan Andes montane forests,1.0,Tropical & Subtropical Moist Broadleaf Forests,Neotropic
550,_ron_2030y_SOC,cf_median,40.6864,Veracruz dry forests,2.0,Tropical & Subtropical Dry Broadleaf Forests,Neotropic
514,_ron_2030y_SOC,cf_median,37.252407,Veracruz moist forests,1.0,Tropical & Subtropical Moist Broadleaf Forests,Neotropic
515,_ron_2030y_SOC,cf_median,50.352642,Veracruz montane forests,1.0,Tropical & Subtropical Moist Broadleaf Forests,Neotropic
189,_ron_2030y_SOC,cf_median,13.462397,Victoria Plains tropical savanna,7.0,"Tropical & Subtropical Grasslands, Savannas & Shrublands",Australasia
161,_ron_2030y_SOC,cf_median,,Vogelkop-Aru lowland rain forests,1.0,Tropical & Subtropical Moist Broadleaf Forests,Australasia
160,_ron_2030y_SOC,cf_median,,Vogelkop montane rain forests,1.0,Tropical & Subtropical Moist Broadleaf Forests,Australasia
368,_ron_2030y_SOC,cf_median,53.04483,Wasatch and Uinta montane forests,5.0,Temperate Conifer Forests,Nearctic
383,_ron_2030y_SOC,cf_median,68.07078,Watson Highlands taiga,6.0,Boreal Forests/Taiga,Nearctic
845,_ron_2030y_SOC,cf_median,11.346383,West Sahara desert,13.0,Deserts & Xeric Shrublands,Palearctic
846,_ron_2030y_SOC,cf_median,11.849519,West Saharan montane xeric woodlands,13.0,Deserts & Xeric Shrublands,Palearctic
720,_ron_2030y_SOC,cf_median,71.31557,West Siberian taiga,6.0,Boreal Forests/Taiga,Palearctic
62,_ron_2030y_SOC,cf_median,12.824221,West Sudanian savanna,7.0,"Tropical & Subtropical Grasslands, Savannas & Shrublands",Afrotropic
216,_ron_2030y_SOC,cf_median,19.996422,Western Australian Mulga shrublands,13.0,Deserts & Xeric Shrublands,Australasia
29,_ron_2030y_SOC,cf_median,,Western Congolian swamp forests,1.0,Tropical & Subtropical Moist Broadleaf Forests,Afrotropic
516,_ron_2030y_SOC,cf_median,44.137264,Western Ecuador moist forests,1.0,Tropical & Subtropical Moist Broadleaf Forests,Neotropic
686,_ron_2030y_SOC,cf_median,62.637173,Western European broadleaf forests,4.0,Temperate Broadleaf & Mixed Forests,Palearctic
344,_ron_2030y_SOC,cf_median,55.673122,Western Great Lakes forests,4.0,Temperate Broadleaf & Mixed Forests,Nearctic
30,_ron_2030y_SOC,cf_median,,Western Guinean lowland forests,1.0,Tropical & Subtropical Moist Broadleaf Forests,Afrotropic
384,_ron_2030y_SOC,cf_median,27.362808,Western Gulf coastal grasslands,7.0,"Tropical & Subtropical Grasslands, Savannas & Shrublands",Nearctic
769,_ron_2030y_SOC,cf_median,64.353096,Western Himalayan alpine shrub and meadows,10.0,Montane Grasslands & Shrublands,Palearctic
308,_ron_2030y_SOC,cf_median,59.223366,Western Himalayan broadleaf forests,4.0,Temperate Broadleaf & Mixed Forests,Indomalayan
310,_ron_2030y_SOC,cf_median,55.278645,Western Himalayan subalpine conifer forests,5.0,Temperate Conifer Forests,Indomalayan
288,_ron_2030y_SOC,cf_median,,Western Java montane rain forests,1.0,Tropical & Subtropical Moist Broadleaf Forests,Indomalayan
289,_ron_2030y_SOC,cf_median,,Western Java rain forests,1.0,Tropical & Subtropical Moist Broadleaf Forests,Indomalayan
634,_ron_2030y_SOC,cf_median,,Western Polynesian tropical moist forests,1.0,Tropical & Subtropical Moist Broadleaf Forests,Oceania
402,_ron_2030y_SOC,cf_median,32.498844,Western shortgrass prairie,8.0,"Temperate Grasslands, Savannas & Shrublands",Nearctic
687,_ron_2030y_SOC,cf_median,74.27857,Western Siberian hemiboreal forests,4.0,Temperate Broadleaf & Mixed Forests,Palearctic
180,_ron_2030y_SOC,cf_median,130.63507,Westland temperate forests,4.0,Temperate Broadleaf & Mixed Forests,Australasia
403,_ron_2030y_SOC,cf_median,66.5877,Willamette Valley oak savanna,8.0,"Temperate Grasslands, Savannas & Shrublands",Nearctic
517,_ron_2030y_SOC,cf_median,,Windward Islands moist forests,1.0,Tropical & Subtropical Moist Broadleaf Forests,Neotropic
783,_ron_2030y_SOC,cf_median,,Wrangel Island Arctic desert,11.0,Tundra,Palearctic
438,_ron_2030y_SOC,cf_median,36.212536,Wyoming Basin shrub steppe,13.0,Deserts & Xeric Shrublands,Nearctic
518,_ron_2030y_SOC,cf_median,,Xingu-Tocantins-Araguaia moist forests,1.0,Tropical & Subtropical Moist Broadleaf Forests,Neotropic
784,_ron_2030y_SOC,cf_median,,Yamal-Gydan tundra,11.0,Tundra,Palearctic
638,_ron_2030y_SOC,cf_median,,Yap tropical dry forests,2.0,Tropical & Subtropical Dry Broadleaf Forests,Oceania
162,_ron_2030y_SOC,cf_median,,Yapen rain forests,1.0,Tropical & Subtropical Moist Broadleaf Forests,Australasia
770,_ron_2030y_SOC,cf_median,46.53459,Yarlung Zanbo arid steppe,10.0,Montane Grasslands & Shrublands,Palearctic
748,_ron_2030y_SOC,cf_median,38.281673,Yellow Sea saline meadow,9.0,Flooded Grasslands & Savannas,Palearctic
551,_ron_2030y_SOC,cf_median,,Yucatán dry forests,2.0,Tropical & Subtropical Dry Broadleaf Forests,Neotropic
519,_ron_2030y_SOC,cf_median,,Yucatán moist forests,1.0,Tropical & Subtropical Moist Broadleaf Forests,Neotropic
643,_ron_2030y_SOC,cf_median,46.646553,Yunnan Plateau subtropical evergreen forests,1.0,Tropical & Subtropical Moist Broadleaf Forests,Palearctic
688,_ron_2030y_SOC,cf_median,35.981297,Zagros Mountains forest steppe,4.0,Temperate Broadleaf & Mixed Forests,Palearctic
66,_ron_2030y_SOC,cf_median,19.735418,Zambezian-Limpopo mixed woodlands,7.0,"Tropical & Subtropical Grasslands, Savannas & Shrublands",Afrotropic
64,_ron_2030y_SOC,cf_median,15.381334,Zambezian Baikiaea woodlands,7.0,"Tropical & Subtropical Grasslands, Savannas & Shrublands",Afrotropic
75,_ron_2030y_SOC,cf_median,19.588299,Zambezian coastal flooded savanna,9.0,Flooded Grasslands & Savannas,Afrotropic
42,_ron_2030y_SOC,cf_median,20.094004,Dry miombo woodlands,7.0,"Tropical & Subtropical Grasslands, Savannas & Shrublands",Afrotropic
33,_ron_2030y_SOC,cf_median,26.185286,Zambezian evergreen dry forests,2.0,Tropical & Subtropical Dry Broadleaf Forests,Afrotropic
76,_ron_2030y_SOC,cf_median,22.6599,Zambezian flooded grasslands,9.0,Flooded Grasslands & Savannas,Afrotropic
65,_ron_2030y_SOC,cf_median,17.011133,Zambezian mopane woodlands,7.0,"Tropical & Subtropical Grasslands, Savannas & Shrublands",Afrotropic
524,_ron_2030y_SOC,cf_median,24.071388,Brazilian Atlantic dry forests,2.0,Tropical & Subtropical Dry Broadleaf Forests,Neotropic
380,_ron_2030y_SOC,cf_median,74.773674,Northern Cordillera forests,6.0,Boreal Forests/Taiga,Nearctic
60,_ron_2030y_SOC,cf_median,,St. Helena scrub and woodlands,7.0,"Tropical & Subtropical Grasslands, Savannas & Shrublands",Afrotropic
61,_ron_2030y_SOC,cf_median,37.26658,Victoria Basin forest-savanna,7.0,"Tropical & Subtropical Grasslands, Savannas & Shrublands",Afrotropic
63,_ron_2030y_SOC,cf_median,17.389793,Western Congolian forest-savanna,7.0,"Tropical & Subtropical Grasslands, Savannas & Shrublands",Afrotropic
78,_ron_2030y_SOC,cf_median,52.28225,East African montane moorlands,10.0,Montane Grasslands & Shrublands,Afrotropic
365,_ron_2030y_SOC,cf_median,110.26488,Queen Charlotte Islands conifer forests,5.0,Temperate Conifer Forests,Nearctic
360,_ron_2030y_SOC,cf_median,87.8077,Northern Pacific Alaskan coastal forests,5.0,Temperate Conifer Forests,Nearctic
381,_ron_2030y_SOC,cf_median,62.578,Northwest Territories taiga,6.0,Boreal Forests/Taiga,Nearctic
107,_ron_2030y_SOC,cf_median,12.130487,Southwest Arabian coastal xeric shrublands,13.0,Deserts & Xeric Shrublands,Afrotropic
811,_ron_2030y_SOC,cf_median,15.127185,Arabian-Persian Gulf coastal plain desert,13.0,Deserts & Xeric Shrublands,Palearctic
840,_ron_2030y_SOC,cf_median,12.765625,South Arabian plains and plateau desert,13.0,Deserts & Xeric Shrublands,Palearctic
809,_ron_2030y_SOC,cf_median,17.86671,Arabian desert,13.0,Deserts & Xeric Shrublands,Palearctic
552,_ron_2030y_SOC,cf_median,,Bahamian pineyards,3.0,Tropical & Subtropical Coniferous Forests,Neotropic
96,_ron_2030y_SOC,cf_median,,Ile Europa and Bassas da India xeric scrub,13.0,Deserts & Xeric Shrublands,Afrotropic
773,_ron_2030y_SOC,cf_median,90.1111,Kamchatka tundra,11.0,Tundra,Palearctic
508,_ron_2030y_SOC,cf_median,,Tocantins/Pindare moist forests,1.0,Tropical & Subtropical Moist Broadleaf Forests,Neotropic
417,_ron_2030y_SOC,cf_median,,Kalaallit Nunaat Arctic steppe,11.0,Tundra,Nearctic
358,_ron_2030y_SOC,cf_median,63.750107,North Cascades conifer forests,5.0,Temperate Conifer Forests,Nearctic
361,_ron_2030y_SOC,cf_median,55.239044,Northern Rockies conifer forests,5.0,Temperate Conifer Forests,Nearctic
509,_ron_2030y_SOC,cf_median,,Trindade-Martin Vaz Islands tropical forests,1.0,Tropical & Subtropical Moist Broadleaf Forests,Neotropic
59,_ron_2030y_SOC,cf_median,18.640646,Southwest Arabian montane woodlands and grasslands,7.0,"Tropical & Subtropical Grasslands, Savannas & Shrublands",Afrotropic
56,_ron_2030y_SOC,cf_median,15.793121,"South Arabian fog woodlands, shrublands, and dune",7.0,"Tropical & Subtropical Grasslands, Savannas & Shrublands",Afrotropic
548,_ron_2030y_SOC,cf_median,,Trinidad and Tobago dry forest,2.0,Tropical & Subtropical Dry Broadleaf Forests,Neotropic
537,_ron_2030y_SOC,cf_median,,Lesser Antillean dry forests,2.0,Tropical & Subtropical Dry Broadleaf Forests,Neotropic
672,_ron_2030y_SOC,cf_median,90.95775,North Atlantic moist mixed forests,4.0,Temperate Broadleaf & Mixed Forests,Palearctic
119,_ron_2030y_SOC,cf_median,,Dronning Maud Land tundra,11.0,Tundra,Antarctica
124,_ron_2030y_SOC,cf_median,,Marie Byrd Land tundra,11.0,Tundra,Antarctica
156,_ron_2030y_SOC,cf_median,,Sulawesi lowland rain forests,1.0,Tropical & Subtropical Moist Broadleaf Forests,Australasia
8,_ron_2030y_SOC,cf_median,43.604557,East African montane forests,1.0,Tropical & Subtropical Moist Broadleaf Forests,Afrotropic
9,_ron_2030y_SOC,cf_median,35.800327,Eastern Arc forests,1.0,Tropical & Subtropical Moist Broadleaf Forests,Afrotropic
220,_ron_2030y_SOC,cf_median,,Borneo montane rain forests,1.0,Tropical & Subtropical Moist Broadleaf Forests,Indomalayan
313,_ron_2030y_SOC,cf_median,,Kinabalu montane alpine meadows,10.0,Montane Grasslands & Shrublands,Indomalayan
117,_ron_2030y_SOC,cf_std,,Adelie Land tundra,11.0,Tundra,Antarctica
135,_ron_2030y_SOC,cf_std,,Admiralty Islands lowland rain forests,1.0,Tropical & Subtropical Moist Broadleaf Forests,Australasia
785,_ron_2030y_SOC,cf_std,17.534462,Aegean and Western Turkey sclerophyllous and mixed forests,12.0,"Mediterranean Forests, Woodlands & Scrub",Palearctic
807,_ron_2030y_SOC,cf_std,5.2767663,Afghan Mountains semi-desert,13.0,Deserts & Xeric Shrublands,Palearctic
404,_ron_2030y_SOC,cf_std,2.9059741,Ahklun and Kilbuck Upland Tundra,11.0,Tundra,Nearctic
722,_ron_2030y_SOC,cf_std,9.815582,Al-Hajar foothill xeric woodlands and shrublands,8.0,"Temperate Grasslands, Savannas & Shrublands",Palearctic
723,_ron_2030y_SOC,cf_std,12.325087,Al-Hajar montane woodlands and shrublands,8.0,"Temperate Grasslands, Savannas & Shrublands",Palearctic
721,_ron_2030y_SOC,cf_std,5.808658,Alai-Western Tian Shan steppe,8.0,"Temperate Grasslands, Savannas & Shrublands",Palearctic
808,_ron_2030y_SOC,cf_std,6.5316086,Alashan Plateau semi-desert,13.0,Deserts & Xeric Shrublands,Palearctic
405,_ron_2030y_SOC,cf_std,13.805069,Alaska-St. Elias Range tundra,11.0,Tundra,Nearctic
369,_ron_2030y_SOC,cf_std,0.0,Alaska Peninsula montane taiga,6.0,Boreal Forests/Taiga,Nearctic
88,_ron_2030y_SOC,cf_std,14.973907,Albany thickets,12.0,"Mediterranean Forests, Woodlands & Scrub",Afrotropic
345,_ron_2030y_SOC,cf_std,6.9271073,Alberta-British Columbia foothills forests,5.0,Temperate Conifer Forests,Nearctic
1,_ron_2030y_SOC,cf_std,12.650351,Albertine Rift montane forests,1.0,Tropical & Subtropical Moist Broadleaf Forests,Afrotropic
91,_ron_2030y_SOC,cf_std,,Aldabra Island xeric scrub,13.0,Deserts & Xeric Shrublands,Afrotropic
406,_ron_2030y_SOC,cf_std,,Aleutian Islands tundra,11.0,Tundra,Nearctic
328,_ron_2030y_SOC,cf_std,6.3505034,Allegheny Highlands forests,4.0,Temperate Broadleaf & Mixed Forests,Nearctic
689,_ron_2030y_SOC,cf_std,12.212049,Alps conifer and mixed forests,5.0,Temperate Conifer Forests,Palearctic
749,_ron_2030y_SOC,cf_std,9.14811,Altai alpine meadow and tundra,10.0,Montane Grasslands & Shrublands,Palearctic
690,_ron_2030y_SOC,cf_std,16.305944,Altai montane forest and forest steppe,5.0,Temperate Conifer Forests,Palearctic
724,_ron_2030y_SOC,cf_std,8.809516,Altai steppe and semi-desert,8.0,"Temperate Grasslands, Savannas & Shrublands",Palearctic
439,_ron_2030y_SOC,cf_std,8.153527,Alto Paraná Atlantic forests,1.0,Tropical & Subtropical Moist Broadleaf Forests,Neotropic
611,_ron_2030y_SOC,cf_std,,Amazon-Orinoco-Southern Caribbean mangroves,14.0,Mangroves,Neotropic
67,_ron_2030y_SOC,cf_std,,Amsterdam-Saint Paul Islands temperate grasslands,8.0,"Temperate Grasslands, Savannas & Shrublands",Afrotropic
741,_ron_2030y_SOC,cf_std,5.114915,Amur meadow steppe,9.0,Flooded Grasslands & Savannas,Palearctic
786,_ron_2030y_SOC,cf_std,,Anatolian conifer and deciduous mixed forests,12.0,"Mediterranean Forests, Woodlands & Scrub",Palearctic
218,_ron_2030y_SOC,cf_std,,Andaman Islands rain forests,1.0,Tropical & Subtropical Moist Broadleaf Forests,Indomalayan
77,_ron_2030y_SOC,cf_std,2.0523317,Angolan montane forest-grassland,10.0,Montane Grasslands & Shrublands,Afrotropic
34,_ron_2030y_SOC,cf_std,3.603441,Angolan mopane woodlands,7.0,"Tropical & Subtropical Grasslands, Savannas & Shrublands",Afrotropic
35,_ron_2030y_SOC,cf_std,4.807467,Angolan scarp savanna and woodlands,7.0,"Tropical & Subtropical Grasslands, Savannas & Shrublands",Afrotropic
36,_ron_2030y_SOC,cf_std,2.7857864,Angolan wet miombo woodlands,7.0,"Tropical & Subtropical Grasslands, Savannas & Shrublands",Afrotropic
196,_ron_2030y_SOC,cf_std,,Antipodes Subantarctic Islands tundra,11.0,Tundra,Australasia
331,_ron_2030y_SOC,cf_std,8.750447,Appalachian-Blue Ridge forests,4.0,Temperate Broadleaf & Mixed Forests,Nearctic
329,_ron_2030y_SOC,cf_std,7.362705,Appalachian mixed mesophytic forests,4.0,Temperate Broadleaf & Mixed Forests,Nearctic
330,_ron_2030y_SOC,cf_std,4.556503,Appalachian Piedmont forests,4.0,Temperate Broadleaf & Mixed Forests,Nearctic
644,_ron_2030y_SOC,cf_std,12.416154,Appenine deciduous montane forests,4.0,Temperate Broadleaf & Mixed Forests,Palearctic
520,_ron_2030y_SOC,cf_std,4.3931627,Apure-Villavicencio dry forests,2.0,Tropical & Subtropical Dry Broadleaf Forests,Neotropic
810,_ron_2030y_SOC,cf_std,3.325264,Arabian sand desert,13.0,Deserts & Xeric Shrublands,Palearctic
440,_ron_2030y_SOC,cf_std,7.789486,Araucaria moist forests,1.0,Tropical & Subtropical Moist Broadleaf Forests,Neotropic
597,_ron_2030y_SOC,cf_std,,Araya and Paria xeric scrub,13.0,Deserts & Xeric Shrublands,Neotropic
407,_ron_2030y_SOC,cf_std,,Arctic coastal tundra,11.0,Tundra,Nearctic
778,_ron_2030y_SOC,cf_std,,Russian Arctic desert,11.0,Tundra,Palearctic
408,_ron_2030y_SOC,cf_std,,Arctic foothills tundra,11.0,Tundra,Nearctic
346,_ron_2030y_SOC,cf_std,5.997639,Arizona Mountains forests,5.0,Temperate Conifer Forests,Nearctic
181,_ron_2030y_SOC,cf_std,1.2133125,Arnhem Land tropical savanna,7.0,"Tropical & Subtropical Grasslands, Savannas & Shrublands",Australasia
37,_ron_2030y_SOC,cf_std,,Ascension scrub and grasslands,7.0,"Tropical & Subtropical Grasslands, Savannas & Shrublands",Afrotropic
598,_ron_2030y_SOC,cf_std,22.9202,Atacama desert,13.0,Deserts & Xeric Shrublands,Neotropic
441,_ron_2030y_SOC,cf_std,33.69333,Atlantic Coast restingas,1.0,Tropical & Subtropical Moist Broadleaf Forests,Neotropic
839,_ron_2030y_SOC,cf_std,20.799707,Saharan Atlantic coastal desert,13.0,Deserts & Xeric Shrublands,Palearctic
347,_ron_2030y_SOC,cf_std,30.467066,Atlantic coastal pine barrens,5.0,Temperate Conifer Forests,Nearctic
5,_ron_2030y_SOC,cf_std,,Congolian coastal forests,1.0,Tropical & Subtropical Moist Broadleaf Forests,Afrotropic
664,_ron_2030y_SOC,cf_std,19.442984,European Atlantic mixed forests,4.0,Temperate Broadleaf & Mixed Forests,Palearctic
193,_ron_2030y_SOC,cf_std,4.9550533,Australian Alps montane grasslands,10.0,Montane Grasslands & Shrublands,Australasia
812,_ron_2030y_SOC,cf_std,11.802211,Azerbaijan shrub desert and steppe,13.0,Deserts & Xeric Shrublands,Palearctic
645,_ron_2030y_SOC,cf_std,,Azores temperate mixed forests,4.0,Temperate Broadleaf & Mixed Forests,Palearctic
813,_ron_2030y_SOC,cf_std,5.6590023,Badghyz and Karabil semi-desert,13.0,Deserts & Xeric Shrublands,Palearctic
612,_ron_2030y_SOC,cf_std,35.990433,Bahamian-Antillean mangroves,14.0,Mangroves,Neotropic
442,_ron_2030y_SOC,cf_std,4.071888,Bahia coastal forests,1.0,Tropical & Subtropical Moist Broadleaf Forests,Neotropic
443,_ron_2030y_SOC,cf_std,2.2372096,Bahia interior forests,1.0,Tropical & Subtropical Moist Broadleaf Forests,Neotropic
426,_ron_2030y_SOC,cf_std,28.373684,Baja California desert,13.0,Deserts & Xeric Shrublands,Nearctic
521,_ron_2030y_SOC,cf_std,2.5127819,Bajío dry forests,2.0,Tropical & Subtropical Dry Broadleaf Forests,Neotropic
646,_ron_2030y_SOC,cf_std,8.889773,Balkan mixed forests,4.0,Temperate Broadleaf & Mixed Forests,Palearctic
522,_ron_2030y_SOC,cf_std,4.690185,Balsas dry forests,2.0,Tropical & Subtropical Dry Broadleaf Forests,Neotropic
647,_ron_2030y_SOC,cf_std,34.367798,Baltic mixed forests,4.0,Temperate Broadleaf & Mixed Forests,Palearctic
814,_ron_2030y_SOC,cf_std,7.8390536,Baluchistan xeric woodlands,13.0,Deserts & Xeric Shrublands,Palearctic
136,_ron_2030y_SOC,cf_std,,Banda Sea Islands moist deciduous forests,1.0,Tropical & Subtropical Moist Broadleaf Forests,Australasia
564,_ron_2030y_SOC,cf_std,,Belizian pine savannas,7.0,"Tropical & Subtropical Grasslands, Savannas & Shrublands",Neotropic
565,_ron_2030y_SOC,cf_std,,Beni savanna,7.0,"Tropical & Subtropical Grasslands, Savannas & Shrublands",Neotropic
779,_ron_2030y_SOC,cf_std,,Russian Bering tundra,11.0,Tundra,Palearctic
409,_ron_2030y_SOC,cf_std,6.5533504,Beringia lowland tundra,11.0,Tundra,Nearctic
410,_ron_2030y_SOC,cf_std,,Beringia upland tundra,11.0,Tundra,Nearctic
325,_ron_2030y_SOC,cf_std,,Bermuda subtropical conifer forests,3.0,Tropical & Subtropical Coniferous Forests,Nearctic
137,_ron_2030y_SOC,cf_std,,Biak-Numfoor rain forests,1.0,Tropical & Subtropical Moist Broadleaf Forests,Australasia
348,_ron_2030y_SOC,cf_std,7.1667123,Blue Mountains forests,5.0,Temperate Conifer Forests,Nearctic
742,_ron_2030y_SOC,cf_std,19.318262,Bohai Sea saline meadow,9.0,Flooded Grasslands & Savannas,Palearctic
523,_ron_2030y_SOC,cf_std,,Bolivian montane dry forests,2.0,Tropical & Subtropical Dry Broadleaf Forests,Neotropic
444,_ron_2030y_SOC,cf_std,5.804779,Bolivian Yungas,1.0,Tropical & Subtropical Moist Broadleaf Forests,Neotropic
219,_ron_2030y_SOC,cf_std,,Borneo lowland rain forests,1.0,Tropical & Subtropical Moist Broadleaf Forests,Indomalayan
221,_ron_2030y_SOC,cf_std,,Borneo peat swamp forests,1.0,Tropical & Subtropical Moist Broadleaf Forests,Indomalayan
222,_ron_2030y_SOC,cf_std,4.42547,Brahmaputra Valley semi-evergreen forests,1.0,Tropical & Subtropical Moist Broadleaf Forests,Indomalayan
182,_ron_2030y_SOC,cf_std,7.399574,Brigalow tropical savanna,7.0,"Tropical & Subtropical Grasslands, Savannas & Shrublands",Australasia
349,_ron_2030y_SOC,cf_std,8.861472,British Columbia coastal conifer forests,5.0,Temperate Conifer Forests,Nearctic
411,_ron_2030y_SOC,cf_std,,Brooks-British Range tundra,11.0,Tundra,Nearctic
138,_ron_2030y_SOC,cf_std,,Buru rain forests,1.0,Tropical & Subtropical Moist Broadleaf Forests,Australasia
525,_ron_2030y_SOC,cf_std,2.9079747,Caatinga,2.0,Tropical & Subtropical Dry Broadleaf Forests,Neotropic
445,_ron_2030y_SOC,cf_std,,Caatinga Enclaves moist forests,1.0,Tropical & Subtropical Moist Broadleaf Forests,Neotropic
691,_ron_2030y_SOC,cf_std,,Caledon conifer forests,5.0,Temperate Conifer Forests,Palearctic
385,_ron_2030y_SOC,cf_std,7.4582367,California Central Valley grasslands,8.0,"Temperate Grasslands, Savannas & Shrublands",Nearctic
422,_ron_2030y_SOC,cf_std,15.355241,California coastal sage and chaparral,12.0,"Mediterranean Forests, Woodlands & Scrub",Nearctic
423,_ron_2030y_SOC,cf_std,18.399221,California interior chaparral and woodlands,12.0,"Mediterranean Forests, Woodlands & Scrub",Nearctic
424,_ron_2030y_SOC,cf_std,8.381166,California montane chaparral and woodlands,12.0,"Mediterranean Forests, Woodlands & Scrub",Nearctic
2,_ron_2030y_SOC,cf_std,11.240105,Cameroon Highlands forests,1.0,Tropical & Subtropical Moist Broadleaf Forests,Afrotropic
566,_ron_2030y_SOC,cf_std,6.480123,Campos Rupestres montane savanna,7.0,"Tropical & Subtropical Grasslands, Savannas & Shrublands",Neotropic
386,_ron_2030y_SOC,cf_std,7.6701717,Canadian Aspen forests and parklands,8.0,"Temperate Grasslands, Savannas & Shrublands",Nearctic
413,_ron_2030y_SOC,cf_std,,Canadian Low Arctic tundra,11.0,Tundra,Nearctic
787,_ron_2030y_SOC,cf_std,19.5206,Canary Islands dry woodlands and forests,12.0,"Mediterranean Forests, Woodlands & Scrub",Palearctic
648,_ron_2030y_SOC,cf_std,24.2915,Cantabrian mixed forests,4.0,Temperate Broadleaf & Mixed Forests,Palearctic
190,_ron_2030y_SOC,cf_std,15.638824,Canterbury-Otago tussock grasslands,8.0,"Temperate Grasslands, Savannas & Shrublands",Australasia
31,_ron_2030y_SOC,cf_std,,Cape Verde Islands dry forests,2.0,Tropical & Subtropical Dry Broadleaf Forests,Afrotropic
183,_ron_2030y_SOC,cf_std,18.13338,Cape York Peninsula tropical savanna,7.0,"Tropical & Subtropical Grasslands, Savannas & Shrublands",Australasia
446,_ron_2030y_SOC,cf_std,,Caqueta moist forests,1.0,Tropical & Subtropical Moist Broadleaf Forests,Neotropic
223,_ron_2030y_SOC,cf_std,,Cardamom Mountains rain forests,1.0,Tropical & Subtropical Moist Broadleaf Forests,Indomalayan
599,_ron_2030y_SOC,cf_std,,Caribbean shrublands,13.0,Deserts & Xeric Shrublands,Neotropic
207,_ron_2030y_SOC,cf_std,14.9407015,Carnarvon xeric shrublands,13.0,Deserts & Xeric Shrublands,Australasia
618,_ron_2030y_SOC,cf_std,,Carolines tropical moist forests,1.0,Tropical & Subtropical Moist Broadleaf Forests,Oceania
692,_ron_2030y_SOC,cf_std,5.5978994,Carpathian montane forests,5.0,Temperate Conifer Forests,Palearctic
184,_ron_2030y_SOC,cf_std,3.452193,Carpentaria tropical savanna,7.0,"Tropical & Subtropical Grasslands, Savannas & Shrublands",Australasia
649,_ron_2030y_SOC,cf_std,3.7229953,Caspian Hyrcanian mixed forests,4.0,Temperate Broadleaf & Mixed Forests,Palearctic
815,_ron_2030y_SOC,cf_std,10.125753,Caspian lowland desert,13.0,Deserts & Xeric Shrublands,Palearctic
447,_ron_2030y_SOC,cf_std,3.8538446,Catatumbo moist forests,1.0,Tropical & Subtropical Moist Broadleaf Forests,Neotropic
526,_ron_2030y_SOC,cf_std,10.013729,Cauca Valley dry forests,2.0,Tropical & Subtropical Dry Broadleaf Forests,Neotropic
448,_ron_2030y_SOC,cf_std,12.060573,Cauca Valley montane forests,1.0,Tropical & Subtropical Moist Broadleaf Forests,Neotropic
650,_ron_2030y_SOC,cf_std,12.716273,Caucasus mixed forests,4.0,Temperate Broadleaf & Mixed Forests,Palearctic
449,_ron_2030y_SOC,cf_std,,Cayos Miskitos-San Andrés and Providencia moist forests,1.0,Tropical & Subtropical Moist Broadleaf Forests,Neotropic
651,_ron_2030y_SOC,cf_std,16.588007,Celtic broadleaf forests,4.0,Temperate Broadleaf & Mixed Forests,Palearctic
816,_ron_2030y_SOC,cf_std,7.769237,Central Afghan Mountains xeric woodlands,13.0,Deserts & Xeric Shrublands,Palearctic
111,_ron_2030y_SOC,cf_std,,Central African mangroves,14.0,Mangroves,Afrotropic
450,_ron_2030y_SOC,cf_std,2.7725556,Central American Atlantic moist forests,1.0,Tropical & Subtropical Moist Broadleaf Forests,Neotropic
527,_ron_2030y_SOC,cf_std,2.412863,Central American dry forests,2.0,Tropical & Subtropical Dry Broadleaf Forests,Neotropic
451,_ron_2030y_SOC,cf_std,3.2975738,Central American montane forests,1.0,Tropical & Subtropical Moist Broadleaf Forests,Neotropic
553,_ron_2030y_SOC,cf_std,4.781777,Central American pine-oak forests,3.0,Tropical & Subtropical Coniferous Forests,Neotropic
725,_ron_2030y_SOC,cf_std,,Central Anatolian steppe,8.0,"Temperate Grasslands, Savannas & Shrublands",Palearctic
652,_ron_2030y_SOC,cf_std,,Central Anatolian steppe and woodlands,4.0,Temperate Broadleaf & Mixed Forests,Palearctic
352,_ron_2030y_SOC,cf_std,10.312492,Central-Southern Cascades Forests,5.0,Temperate Conifer Forests,Nearctic
389,_ron_2030y_SOC,cf_std,8.493849,Central-Southern US mixed grasslands,8.0,"Temperate Grasslands, Savannas & Shrublands",Nearctic
587,_ron_2030y_SOC,cf_std,3.9934,Central Andean dry puna,10.0,Montane Grasslands & Shrublands,Neotropic
588,_ron_2030y_SOC,cf_std,7.8443933,Central Andean puna,10.0,Montane Grasslands & Shrublands,Neotropic
589,_ron_2030y_SOC,cf_std,8.583148,Central Andean wet puna,10.0,Montane Grasslands & Shrublands,Neotropic
817,_ron_2030y_SOC,cf_std,6.095286,Central Asian northern desert,13.0,Deserts & Xeric Shrublands,Palearctic
818,_ron_2030y_SOC,cf_std,4.936954,Central Asian riparian woodlands,13.0,Deserts & Xeric Shrublands,Palearctic
819,_ron_2030y_SOC,cf_std,3.9574301,Central Asian southern desert,13.0,Deserts & Xeric Shrublands,Palearctic
350,_ron_2030y_SOC,cf_std,7.4065795,Central British Columbia Mountain forests,5.0,Temperate Conifer Forests,Nearctic
38,_ron_2030y_SOC,cf_std,5.537359,Central bushveld,7.0,"Tropical & Subtropical Grasslands, Savannas & Shrublands",Afrotropic
370,_ron_2030y_SOC,cf_std,7.405457,Central Canadian Shield forests,6.0,Boreal Forests/Taiga,Nearctic
653,_ron_2030y_SOC,cf_std,10.293965,Central China Loess Plateau mixed forests,4.0,Temperate Broadleaf & Mixed Forests,Palearctic
3,_ron_2030y_SOC,cf_std,,Central Congolian lowland forests,1.0,Tropical & Subtropical Moist Broadleaf Forests,Afrotropic
290,_ron_2030y_SOC,cf_std,2.550895,Central Deccan Plateau dry deciduous forests,2.0,Tropical & Subtropical Dry Broadleaf Forests,Indomalayan
654,_ron_2030y_SOC,cf_std,7.276309,Central European mixed forests,4.0,Temperate Broadleaf & Mixed Forests,Palearctic
387,_ron_2030y_SOC,cf_std,15.821307,Central US forest-grasslands transition,8.0,"Temperate Grasslands, Savannas & Shrublands",Nearctic
291,_ron_2030y_SOC,cf_std,3.1326375,Central Indochina dry forests,2.0,Tropical & Subtropical Dry Broadleaf Forests,Indomalayan
655,_ron_2030y_SOC,cf_std,20.765974,Central Korean deciduous forests,4.0,Temperate Broadleaf & Mixed Forests,Palearctic
427,_ron_2030y_SOC,cf_std,6.3029447,Central Mexican matorral,13.0,Deserts & Xeric Shrublands,Nearctic
351,_ron_2030y_SOC,cf_std,20.89119,Central Pacific Northwest coastal forests,5.0,Temperate Conifer Forests,Nearctic
820,_ron_2030y_SOC,cf_std,3.105538,Central Persian desert basins,13.0,Deserts & Xeric Shrublands,Palearctic
619,_ron_2030y_SOC,cf_std,,Central Polynesian tropical moist forests,1.0,Tropical & Subtropical Moist Broadleaf Forests,Oceania
139,_ron_2030y_SOC,cf_std,,Central Range Papuan montane rain forests,1.0,Tropical & Subtropical Moist Broadleaf Forests,Australasia
195,_ron_2030y_SOC,cf_std,,Papuan Central Range sub-alpine grasslands,10.0,Montane Grasslands & Shrublands,Australasia
208,_ron_2030y_SOC,cf_std,1.3110707,Central Ranges xeric scrub,13.0,Deserts & Xeric Shrublands,Australasia
118,_ron_2030y_SOC,cf_std,,Central South Antarctic Peninsula tundra,11.0,Tundra,Antarctica
388,_ron_2030y_SOC,cf_std,12.043948,Central Tallgrass prairie,8.0,"Temperate Grasslands, Savannas & Shrublands",Nearctic
750,_ron_2030y_SOC,cf_std,8.172936,Central Tibetan Plateau alpine steppe,10.0,Montane Grasslands & Shrublands,Palearctic
39,_ron_2030y_SOC,cf_std,5.281483,Central Zambezian wet miombo woodlands,7.0,"Tropical & Subtropical Grasslands, Savannas & Shrublands",Afrotropic
567,_ron_2030y_SOC,cf_std,4.8238173,Cerrado,7.0,"Tropical & Subtropical Grasslands, Savannas & Shrublands",Neotropic
656,_ron_2030y_SOC,cf_std,5.566368,Changbai Mountains mixed forests,4.0,Temperate Broadleaf & Mixed Forests,Palearctic
657,_ron_2030y_SOC,cf_std,7.295806,Changjiang Plain evergreen forests,4.0,Temperate Broadleaf & Mixed Forests,Palearctic
224,_ron_2030y_SOC,cf_std,,Chao Phraya freshwater swamp forests,1.0,Tropical & Subtropical Moist Broadleaf Forests,Indomalayan
225,_ron_2030y_SOC,cf_std,1.3317443,Chao Phraya lowland moist deciduous forests,1.0,Tropical & Subtropical Moist Broadleaf Forests,Indomalayan
167,_ron_2030y_SOC,cf_std,0.0,Chatham Island temperate forests,4.0,Temperate Broadleaf & Mixed Forests,Australasia
771,_ron_2030y_SOC,cf_std,,Cherskii-Kolyma mountain tundra,11.0,Tundra,Palearctic
292,_ron_2030y_SOC,cf_std,2.0545044,Chhota-Nagpur dry deciduous forests,2.0,Tropical & Subtropical Dry Broadleaf Forests,Indomalayan
528,_ron_2030y_SOC,cf_std,3.613669,Chiapas Depression dry forests,2.0,Tropical & Subtropical Dry Broadleaf Forests,Neotropic
452,_ron_2030y_SOC,cf_std,3.8202033,Chiapas montane forests,1.0,Tropical & Subtropical Moist Broadleaf Forests,Neotropic
428,_ron_2030y_SOC,cf_std,4.571464,Chihuahuan desert,13.0,Deserts & Xeric Shrublands,Nearctic
596,_ron_2030y_SOC,cf_std,28.709347,Chilean Matorral,12.0,"Mediterranean Forests, Woodlands & Scrub",Neotropic
453,_ron_2030y_SOC,cf_std,4.200107,Chimalapas montane forests,1.0,Tropical & Subtropical Moist Broadleaf Forests,Neotropic
226,_ron_2030y_SOC,cf_std,1.8940576,Chin Hills-Arakan Yoma montane forests,1.0,Tropical & Subtropical Moist Broadleaf Forests,Indomalayan
529,_ron_2030y_SOC,cf_std,0.0,Chiquitano dry forests,2.0,Tropical & Subtropical Dry Broadleaf Forests,Neotropic
454,_ron_2030y_SOC,cf_std,15.768473,Chocó-Darién moist forests,1.0,Tropical & Subtropical Moist Broadleaf Forests,Neotropic
227,_ron_2030y_SOC,cf_std,,Christmas and Cocos Islands tropical forests,1.0,Tropical & Subtropical Moist Broadleaf Forests,Indomalayan
772,_ron_2030y_SOC,cf_std,,Chukchi Peninsula tundra,11.0,Tundra,Palearctic
568,_ron_2030y_SOC,cf_std,,Clipperton Island shrub and grasslands,7.0,"Tropical & Subtropical Grasslands, Savannas & Shrublands",Neotropic
455,_ron_2030y_SOC,cf_std,,Cocos Island moist forests,1.0,Tropical & Subtropical Moist Broadleaf Forests,Neotropic
429,_ron_2030y_SOC,cf_std,11.292016,Colorado Plateau shrublands,13.0,Deserts & Xeric Shrublands,Nearctic
353,_ron_2030y_SOC,cf_std,8.338428,Colorado Rockies forests,5.0,Temperate Conifer Forests,Nearctic
4,_ron_2030y_SOC,cf_std,,Comoros forests,1.0,Tropical & Subtropical Moist Broadleaf Forests,Afrotropic
371,_ron_2030y_SOC,cf_std,12.226384,Cook Inlet taiga,6.0,Boreal Forests/Taiga,Nearctic
620,_ron_2030y_SOC,cf_std,,Cook Islands tropical moist forests,1.0,Tropical & Subtropical Moist Broadleaf Forests,Oceania
197,_ron_2030y_SOC,cf_std,5.0399623,Coolgardie woodlands,12.0,"Mediterranean Forests, Woodlands & Scrub",Australasia
372,_ron_2030y_SOC,cf_std,15.786737,Copper Plateau taiga,6.0,Boreal Forests/Taiga,Nearctic
590,_ron_2030y_SOC,cf_std,6.417884,Cordillera Central páramo,10.0,Montane Grasslands & Shrublands,Neotropic
591,_ron_2030y_SOC,cf_std,,Cordillera de Merida páramo,10.0,Montane Grasslands & Shrublands,Neotropic
456,_ron_2030y_SOC,cf_std,,Cordillera La Costa montane forests,1.0,Tropical & Subtropical Moist Broadleaf Forests,Neotropic
457,_ron_2030y_SOC,cf_std,9.266021,Cordillera Oriental montane forests,1.0,Tropical & Subtropical Moist Broadleaf Forests,Neotropic
788,_ron_2030y_SOC,cf_std,12.496952,Corsican montane broadleaf and mixed forests,12.0,"Mediterranean Forests, Woodlands & Scrub",Palearctic
458,_ron_2030y_SOC,cf_std,,Costa Rican seasonal moist forests,1.0,Tropical & Subtropical Moist Broadleaf Forests,Neotropic
789,_ron_2030y_SOC,cf_std,9.334972,Crete Mediterranean forests,12.0,"Mediterranean Forests, Woodlands & Scrub",Palearctic
658,_ron_2030y_SOC,cf_std,21.201765,Crimean Submediterranean forest complex,4.0,Temperate Broadleaf & Mixed Forests,Palearctic
6,_ron_2030y_SOC,cf_std,,Cross-Niger transition forests,1.0,Tropical & Subtropical Moist Broadleaf Forests,Afrotropic
7,_ron_2030y_SOC,cf_std,6.626524,Cross-Sanaga-Bioko coastal forests,1.0,Tropical & Subtropical Moist Broadleaf Forests,Afrotropic
390,_ron_2030y_SOC,cf_std,4.4315815,Cross-Timbers savanna-woodland,8.0,"Temperate Grasslands, Savannas & Shrublands",Nearctic
600,_ron_2030y_SOC,cf_std,,Cuban cactus scrub,13.0,Deserts & Xeric Shrublands,Neotropic
530,_ron_2030y_SOC,cf_std,,Cuban dry forests,2.0,Tropical & Subtropical Dry Broadleaf Forests,Neotropic
459,_ron_2030y_SOC,cf_std,,Cuban moist forests,1.0,Tropical & Subtropical Moist Broadleaf Forests,Neotropic
554,_ron_2030y_SOC,cf_std,,Cuban pine forests,3.0,Tropical & Subtropical Coniferous Forests,Neotropic
579,_ron_2030y_SOC,cf_std,,Cuban wetlands,9.0,Flooded Grasslands & Savannas,Neotropic
790,_ron_2030y_SOC,cf_std,5.051555,Cyprus Mediterranean forests,12.0,"Mediterranean Forests, Woodlands & Scrub",Palearctic
693,_ron_2030y_SOC,cf_std,7.011003,Da Hinggan-Dzhagdy Mountains conifer forests,5.0,Temperate Conifer Forests,Palearctic
659,_ron_2030y_SOC,cf_std,9.757658,Daba Mountains evergreen forests,4.0,Temperate Broadleaf & Mixed Forests,Palearctic
726,_ron_2030y_SOC,cf_std,7.2748833,Daurian forest steppe,8.0,"Temperate Grasslands, Savannas & Shrublands",Palearctic
415,_ron_2030y_SOC,cf_std,,Davis Highlands tundra,11.0,Tundra,Nearctic
315,_ron_2030y_SOC,cf_std,2.7704718,Deccan thorn scrub forests,13.0,Deserts & Xeric Shrublands,Indomalayan
660,_ron_2030y_SOC,cf_std,7.6021976,Dinaric Mountains mixed forests,4.0,Temperate Broadleaf & Mixed Forests,Palearctic
92,_ron_2030y_SOC,cf_std,8.764965,Djibouti xeric shrublands,13.0,Deserts & Xeric Shrublands,Afrotropic
40,_ron_2030y_SOC,cf_std,10.097688,Drakensberg Escarpment savanna and thicket,7.0,"Tropical & Subtropical Grasslands, Savannas & Shrublands",Afrotropic
41,_ron_2030y_SOC,cf_std,7.4612093,Drakensberg grasslands,7.0,"Tropical & Subtropical Grasslands, Savannas & Shrublands",Afrotropic
0,_ron_2030y_SOC,cf_std,19.826387,Rock and Ice,11.0,N/A,N/A
569,_ron_2030y_SOC,cf_std,5.0825453,Dry Chaco,7.0,"Tropical & Subtropical Grasslands, Savannas & Shrublands",Neotropic
694,_ron_2030y_SOC,cf_std,9.129145,East Afghan montane conifer forests,5.0,Temperate Conifer Forests,Palearctic
69,_ron_2030y_SOC,cf_std,6.9669137,East African halophytics,9.0,Flooded Grasslands & Savannas,Afrotropic
112,_ron_2030y_SOC,cf_std,,East African mangroves,14.0,Mangroves,Afrotropic
120,_ron_2030y_SOC,cf_std,,East Antarctic tundra,11.0,Tundra,Antarctica
821,_ron_2030y_SOC,cf_std,22.799183,East Arabian fog shrublands and sand desert,13.0,Deserts & Xeric Shrublands,Palearctic
332,_ron_2030y_SOC,cf_std,2.9026158,East Central Texas forests,4.0,Temperate Broadleaf & Mixed Forests,Nearctic
293,_ron_2030y_SOC,cf_std,,East Deccan dry-evergreen forests,2.0,Tropical & Subtropical Dry Broadleaf Forests,Indomalayan
661,_ron_2030y_SOC,cf_std,9.763401,East European forest steppe,4.0,Temperate Broadleaf & Mixed Forests,Palearctic
822,_ron_2030y_SOC,cf_std,5.158309,East Sahara Desert,13.0,Deserts & Xeric Shrublands,Palearctic
823,_ron_2030y_SOC,cf_std,2.799599,East Saharan montane xeric woodlands,13.0,Deserts & Xeric Shrublands,Palearctic
710,_ron_2030y_SOC,cf_std,7.0495296,East Siberian taiga,6.0,Boreal Forests/Taiga,Palearctic
43,_ron_2030y_SOC,cf_std,7.279272,East Sudanian savanna,7.0,"Tropical & Subtropical Grasslands, Savannas & Shrublands",Afrotropic
662,_ron_2030y_SOC,cf_std,,Eastern Anatolian deciduous forests,4.0,Temperate Broadleaf & Mixed Forests,Palearctic
727,_ron_2030y_SOC,cf_std,8.95895,Eastern Anatolian montane steppe,8.0,"Temperate Grasslands, Savannas & Shrublands",Palearctic
191,_ron_2030y_SOC,cf_std,3.769409,Eastern Australia mulga shrublands,8.0,"Temperate Grasslands, Savannas & Shrublands",Australasia
168,_ron_2030y_SOC,cf_std,19.488407,Eastern Australian temperate forests,4.0,Temperate Broadleaf & Mixed Forests,Australasia
373,_ron_2030y_SOC,cf_std,13.775785,Eastern Canadian forests,6.0,Boreal Forests/Taiga,Nearctic
374,_ron_2030y_SOC,cf_std,3.4214947,Eastern Canadian Shield taiga,6.0,Boreal Forests/Taiga,Nearctic
354,_ron_2030y_SOC,cf_std,5.8052096,Eastern Cascades forests,5.0,Temperate Conifer Forests,Nearctic
10,_ron_2030y_SOC,cf_std,,Eastern Congolian swamp forests,1.0,Tropical & Subtropical Moist Broadleaf Forests,Afrotropic
460,_ron_2030y_SOC,cf_std,12.650941,Eastern Cordillera Real montane forests,1.0,Tropical & Subtropical Moist Broadleaf Forests,Neotropic
333,_ron_2030y_SOC,cf_std,8.646616,Eastern Canadian Forest-Boreal transition,4.0,Temperate Broadleaf & Mixed Forests,Nearctic
824,_ron_2030y_SOC,cf_std,6.2957654,Eastern Gobi desert steppe,13.0,Deserts & Xeric Shrublands,Palearctic
334,_ron_2030y_SOC,cf_std,11.800807,Eastern Great Lakes lowland forests,4.0,Temperate Broadleaf & Mixed Forests,Nearctic
11,_ron_2030y_SOC,cf_std,,Eastern Guinean forests,1.0,Tropical & Subtropical Moist Broadleaf Forests,Afrotropic
228,_ron_2030y_SOC,cf_std,4.329876,East Deccan moist deciduous forests,1.0,Tropical & Subtropical Moist Broadleaf Forests,Indomalayan
751,_ron_2030y_SOC,cf_std,15.341638,Eastern Himalayan alpine shrub and meadows,10.0,Montane Grasslands & Shrublands,Palearctic
306,_ron_2030y_SOC,cf_std,11.199163,Eastern Himalayan broadleaf forests,4.0,Temperate Broadleaf & Mixed Forests,Indomalayan
309,_ron_2030y_SOC,cf_std,8.433917,Eastern Himalayan subalpine conifer forests,5.0,Temperate Conifer Forests,Indomalayan
229,_ron_2030y_SOC,cf_std,,Eastern Java-Bali montane rain forests,1.0,Tropical & Subtropical Moist Broadleaf Forests,Indomalayan
230,_ron_2030y_SOC,cf_std,,Eastern Java-Bali rain forests,1.0,Tropical & Subtropical Moist Broadleaf Forests,Indomalayan
791,_ron_2030y_SOC,cf_std,11.973203,Eastern Mediterranean conifer-broadleaf forests,12.0,"Mediterranean Forests, Woodlands & Scrub",Palearctic
621,_ron_2030y_SOC,cf_std,,Eastern Micronesia tropical moist forests,1.0,Tropical & Subtropical Moist Broadleaf Forests,Oceania
461,_ron_2030y_SOC,cf_std,,Eastern Panamanian montane forests,1.0,Tropical & Subtropical Moist Broadleaf Forests,Neotropic
531,_ron_2030y_SOC,cf_std,,Ecuadorian dry forests,2.0,Tropical & Subtropical Dry Broadleaf Forests,Neotropic
391,_ron_2030y_SOC,cf_std,4.187887,Edwards Plateau savanna,8.0,"Temperate Grasslands, Savannas & Shrublands",Nearctic
185,_ron_2030y_SOC,cf_std,3.7881331,Einasleigh upland savanna,7.0,"Tropical & Subtropical Grasslands, Savannas & Shrublands",Australasia
695,_ron_2030y_SOC,cf_std,0.0,Elburz Range forest steppe,5.0,Temperate Conifer Forests,Palearctic
121,_ron_2030y_SOC,cf_std,,Ellsworth Land tundra,11.0,Tundra,Antarctica
122,_ron_2030y_SOC,cf_std,,Ellsworth Mountains tundra,11.0,Tundra,Antarctica
728,_ron_2030y_SOC,cf_std,9.564248,Emin Valley steppe,8.0,"Temperate Grasslands, Savannas & Shrublands",Palearctic
123,_ron_2030y_SOC,cf_std,,Enderby Land tundra,11.0,Tundra,Antarctica
663,_ron_2030y_SOC,cf_std,,English Lowlands beech forests,4.0,Temperate Broadleaf & Mixed Forests,Palearctic
580,_ron_2030y_SOC,cf_std,,Enriquillo wetlands,9.0,Flooded Grasslands & Savannas,Neotropic
93,_ron_2030y_SOC,cf_std,,Eritrean coastal desert,13.0,Deserts & Xeric Shrublands,Afrotropic
198,_ron_2030y_SOC,cf_std,9.756916,Esperance mallee,12.0,"Mediterranean Forests, Woodlands & Scrub",Australasia
575,_ron_2030y_SOC,cf_std,8.86061,Espinal,8.0,"Temperate Grasslands, Savannas & Shrublands",Neotropic
12,_ron_2030y_SOC,cf_std,6.1119504,Ethiopian montane forests,1.0,Tropical & Subtropical Moist Broadleaf Forests,Afrotropic
79,_ron_2030y_SOC,cf_std,10.343063,Ethiopian montane grasslands and woodlands,10.0,Montane Grasslands & Shrublands,Afrotropic
80,_ron_2030y_SOC,cf_std,7.79738,Ethiopian montane moorlands,10.0,Montane Grasslands & Shrublands,Afrotropic
70,_ron_2030y_SOC,cf_std,3.5491068,Etosha Pan halophytics,9.0,Flooded Grasslands & Savannas,Afrotropic
665,_ron_2030y_SOC,cf_std,6.673275,Euxine-Colchic broadleaf forests,4.0,Temperate Broadleaf & Mixed Forests,Palearctic
581,_ron_2030y_SOC,cf_std,20.112455,Everglades flooded grasslands,9.0,Flooded Grasslands & Savannas,Neotropic
199,_ron_2030y_SOC,cf_std,20.476805,Eyre and York mallee,12.0,"Mediterranean Forests, Woodlands & Scrub",Australasia
729,_ron_2030y_SOC,cf_std,,Faroe Islands boreal grasslands,8.0,"Temperate Grasslands, Savannas & Shrublands",Palearctic
462,_ron_2030y_SOC,cf_std,,Fernando de Noronha-Atol das Rocas moist forests,1.0,Tropical & Subtropical Moist Broadleaf Forests,Neotropic
635,_ron_2030y_SOC,cf_std,,Fiji tropical dry forests,2.0,Tropical & Subtropical Dry Broadleaf Forests,Oceania
622,_ron_2030y_SOC,cf_std,,Fiji tropical moist forests,1.0,Tropical & Subtropical Moist Broadleaf Forests,Oceania
169,_ron_2030y_SOC,cf_std,4.3822575,Fiordland temperate forests,4.0,Temperate Broadleaf & Mixed Forests,Australasia
200,_ron_2030y_SOC,cf_std,10.032671,Flinders-Lofty montane woodlands,12.0,"Mediterranean Forests, Woodlands & Scrub",Australasia
392,_ron_2030y_SOC,cf_std,7.5240254,Flint Hills tallgrass prairie,8.0,"Temperate Grasslands, Savannas & Shrublands",Nearctic
355,_ron_2030y_SOC,cf_std,7.031376,Fraser Plateau and Basin conifer forests,5.0,Temperate Conifer Forests,Nearctic
89,_ron_2030y_SOC,cf_std,17.82136,Fynbos shrubland,12.0,"Mediterranean Forests, Woodlands & Scrub",Afrotropic
601,_ron_2030y_SOC,cf_std,4.3169055,Galápagos Islands xeric scrub,13.0,Deserts & Xeric Shrublands,Neotropic
94,_ron_2030y_SOC,cf_std,2.3984678,Gariep Karoo,13.0,Deserts & Xeric Shrublands,Afrotropic
752,_ron_2030y_SOC,cf_std,6.2097316,Ghorat-Hazarajat alpine meadow,10.0,Montane Grasslands & Shrublands,Palearctic
209,_ron_2030y_SOC,cf_std,2.163362,Gibson desert,13.0,Deserts & Xeric Shrublands,Australasia
730,_ron_2030y_SOC,cf_std,9.241223,Gissaro-Alai open woodlands,8.0,"Temperate Grasslands, Savannas & Shrublands",Palearctic
316,_ron_2030y_SOC,cf_std,8.139055,Godavari-Krishna mangroves,13.0,Deserts & Xeric Shrublands,Indomalayan
825,_ron_2030y_SOC,cf_std,5.545752,Gobi Lakes Valley desert steppe,13.0,Deserts & Xeric Shrublands,Palearctic
13,_ron_2030y_SOC,cf_std,,Granitic Seychelles forests,1.0,Tropical & Subtropical Moist Broadleaf Forests,Afrotropic
356,_ron_2030y_SOC,cf_std,7.631213,Great Basin montane forests,5.0,Temperate Conifer Forests,Nearctic
430,_ron_2030y_SOC,cf_std,9.580289,Great Basin shrub steppe,13.0,Deserts & Xeric Shrublands,Nearctic
826,_ron_2030y_SOC,cf_std,10.102001,Great Lakes Basin desert steppe,13.0,Deserts & Xeric Shrublands,Palearctic
210,_ron_2030y_SOC,cf_std,1.4630386,Great Sandy-Tanami desert,13.0,Deserts & Xeric Shrublands,Australasia
211,_ron_2030y_SOC,cf_std,2.6920242,Great Victoria desert,13.0,Deserts & Xeric Shrublands,Australasia
231,_ron_2030y_SOC,cf_std,,Greater Negros-Panay rain forests,1.0,Tropical & Subtropical Moist Broadleaf Forests,Indomalayan
602,_ron_2030y_SOC,cf_std,7.884075,Guajira-Barranquilla xeric scrub,13.0,Deserts & Xeric Shrublands,Neotropic
582,_ron_2030y_SOC,cf_std,,Guayaquil flooded grasslands,9.0,Flooded Grasslands & Savannas,Neotropic
463,_ron_2030y_SOC,cf_std,,Guianan freshwater swamp forests,1.0,Tropical & Subtropical Moist Broadleaf Forests,Neotropic
464,_ron_2030y_SOC,cf_std,3.1075752,Guianan Highlands moist forests,1.0,Tropical & Subtropical Moist Broadleaf Forests,Neotropic
465,_ron_2030y_SOC,cf_std,,Guianan lowland moist forests,1.0,Tropical & Subtropical Moist Broadleaf Forests,Neotropic
466,_ron_2030y_SOC,cf_std,4.6252985,Guianan piedmont moist forests,1.0,Tropical & Subtropical Moist Broadleaf Forests,Neotropic
570,_ron_2030y_SOC,cf_std,,Guianan savanna,7.0,"Tropical & Subtropical Grasslands, Savannas & Shrublands",Neotropic
44,_ron_2030y_SOC,cf_std,12.84107,Guinean forest-savanna,7.0,"Tropical & Subtropical Grasslands, Savannas & Shrublands",Afrotropic
113,_ron_2030y_SOC,cf_std,,Guinean mangroves,14.0,Mangroves,Afrotropic
14,_ron_2030y_SOC,cf_std,,Guinean montane forests,1.0,Tropical & Subtropical Moist Broadleaf Forests,Afrotropic
642,_ron_2030y_SOC,cf_std,7.9873033,Guizhou Plateau broadleaf and mixed forests,1.0,Tropical & Subtropical Moist Broadleaf Forests,Palearctic
431,_ron_2030y_SOC,cf_std,35.610924,Gulf of California xeric scrub,13.0,Deserts & Xeric Shrublands,Nearctic
335,_ron_2030y_SOC,cf_std,15.179069,Gulf of St. Lawrence lowland forests,4.0,Temperate Broadleaf & Mixed Forests,Nearctic
467,_ron_2030y_SOC,cf_std,,Gurupa várzea,1.0,Tropical & Subtropical Moist Broadleaf Forests,Neotropic
232,_ron_2030y_SOC,cf_std,27.593363,Hainan Island monsoon rain forests,1.0,Tropical & Subtropical Moist Broadleaf Forests,Indomalayan
140,_ron_2030y_SOC,cf_std,,Halmahera rain forests,1.0,Tropical & Subtropical Moist Broadleaf Forests,Australasia
201,_ron_2030y_SOC,cf_std,33.044853,Hampton mallee and woodlands,12.0,"Mediterranean Forests, Woodlands & Scrub",Australasia
636,_ron_2030y_SOC,cf_std,31.96168,Hawai'i tropical dry forests,2.0,Tropical & Subtropical Dry Broadleaf Forests,Oceania
639,_ron_2030y_SOC,cf_std,33.339714,Hawai'i tropical high shrublands,7.0,"Tropical & Subtropical Grasslands, Savannas & Shrublands",Oceania
640,_ron_2030y_SOC,cf_std,35.184357,Hawai'i tropical low shrublands,7.0,"Tropical & Subtropical Grasslands, Savannas & Shrublands",Oceania
623,_ron_2030y_SOC,cf_std,42.20338,Hawai'i tropical moist forests,1.0,Tropical & Subtropical Moist Broadleaf Forests,Oceania
696,_ron_2030y_SOC,cf_std,3.2177644,Helanshan montane conifer forests,5.0,Temperate Conifer Forests,Palearctic
697,_ron_2030y_SOC,cf_std,13.339897,Hengduan Mountains subalpine conifer forests,5.0,Temperate Conifer Forests,Palearctic
412,_ron_2030y_SOC,cf_std,,Canadian High Arctic tundra,11.0,Tundra,Nearctic
592,_ron_2030y_SOC,cf_std,6.220226,High Monte,10.0,Montane Grasslands & Shrublands,Neotropic
81,_ron_2030y_SOC,cf_std,8.063483,Highveld grasslands,10.0,Montane Grasslands & Shrublands,Afrotropic
233,_ron_2030y_SOC,cf_std,6.9451303,Himalayan subtropical broadleaf forests,1.0,Tropical & Subtropical Moist Broadleaf Forests,Indomalayan
302,_ron_2030y_SOC,cf_std,8.722711,Himalayan subtropical pine forests,3.0,Tropical & Subtropical Coniferous Forests,Indomalayan
753,_ron_2030y_SOC,cf_std,3.6259196,Hindu Kush alpine meadow,10.0,Montane Grasslands & Shrublands,Palearctic
532,_ron_2030y_SOC,cf_std,,Hispaniolan dry forests,2.0,Tropical & Subtropical Dry Broadleaf Forests,Neotropic
468,_ron_2030y_SOC,cf_std,,Hispaniolan moist forests,1.0,Tropical & Subtropical Moist Broadleaf Forests,Neotropic
555,_ron_2030y_SOC,cf_std,,Hispaniolan pine forests,3.0,Tropical & Subtropical Coniferous Forests,Neotropic
95,_ron_2030y_SOC,cf_std,,Hobyo grasslands and shrublands,13.0,Deserts & Xeric Shrublands,Afrotropic
666,_ron_2030y_SOC,cf_std,21.48999,Hokkaido deciduous forests,4.0,Temperate Broadleaf & Mixed Forests,Palearctic
698,_ron_2030y_SOC,cf_std,18.091257,Hokkaido montane conifer forests,5.0,Temperate Conifer Forests,Palearctic
699,_ron_2030y_SOC,cf_std,17.994543,Honshu alpine conifer forests,5.0,Temperate Conifer Forests,Palearctic
45,_ron_2030y_SOC,cf_std,2.8363986,Horn of Africa xeric bushlands,7.0,"Tropical & Subtropical Grasslands, Savannas & Shrublands",Afrotropic
667,_ron_2030y_SOC,cf_std,10.231219,Huang He Plain mixed forests,4.0,Temperate Broadleaf & Mixed Forests,Palearctic
571,_ron_2030y_SOC,cf_std,3.4910264,Humid Chaco,7.0,"Tropical & Subtropical Grasslands, Savannas & Shrublands",Neotropic
576,_ron_2030y_SOC,cf_std,10.52039,Humid Pampas,8.0,"Temperate Grasslands, Savannas & Shrublands",Neotropic
141,_ron_2030y_SOC,cf_std,,Huon Peninsula montane rain forests,1.0,Tropical & Subtropical Moist Broadleaf Forests,Australasia
792,_ron_2030y_SOC,cf_std,8.387515,Iberian conifer forests,12.0,"Mediterranean Forests, Woodlands & Scrub",Palearctic
793,_ron_2030y_SOC,cf_std,7.4528594,Iberian sclerophyllous and semi-deciduous forests,12.0,"Mediterranean Forests, Woodlands & Scrub",Palearctic
711,_ron_2030y_SOC,cf_std,,Iceland boreal birch forests and alpine tundra,6.0,Boreal Forests/Taiga,Palearctic
794,_ron_2030y_SOC,cf_std,17.861614,Illyrian deciduous forests,12.0,"Mediterranean Forests, Woodlands & Scrub",Palearctic
319,_ron_2030y_SOC,cf_std,,Indochina mangroves,14.0,Mangroves,Indomalayan
320,_ron_2030y_SOC,cf_std,25.000921,Indus River Delta-Arabian Sea mangroves,14.0,Mangroves,Indomalayan
317,_ron_2030y_SOC,cf_std,0.90077496,Indus Valley desert,13.0,Deserts & Xeric Shrublands,Indomalayan
71,_ron_2030y_SOC,cf_std,1.3203074,Inner Niger Delta flooded savanna,9.0,Flooded Grasslands & Savannas,Afrotropic
375,_ron_2030y_SOC,cf_std,15.369048,Interior Alaska-Yukon lowland taiga,6.0,Boreal Forests/Taiga,Nearctic
336,_ron_2030y_SOC,cf_std,6.685308,Interior Plateau US Hardwood Forests,4.0,Temperate Broadleaf & Mixed Forests,Nearctic
416,_ron_2030y_SOC,cf_std,9.164213,Interior Yukon-Alaska alpine tundra,11.0,Tundra,Nearctic
469,_ron_2030y_SOC,cf_std,0.24989435,Iquitos várzea,1.0,Tropical & Subtropical Moist Broadleaf Forests,Neotropic
294,_ron_2030y_SOC,cf_std,2.7336936,Irrawaddy dry forests,2.0,Tropical & Subtropical Dry Broadleaf Forests,Indomalayan
234,_ron_2030y_SOC,cf_std,,Irrawaddy freshwater swamp forests,1.0,Tropical & Subtropical Moist Broadleaf Forests,Indomalayan
235,_ron_2030y_SOC,cf_std,4.0412555,Irrawaddy moist deciduous forests,1.0,Tropical & Subtropical Moist Broadleaf Forests,Indomalayan
533,_ron_2030y_SOC,cf_std,,Islas Revillagigedo dry forests,2.0,Tropical & Subtropical Dry Broadleaf Forests,Neotropic
470,_ron_2030y_SOC,cf_std,,Isthmian-Atlantic moist forests,1.0,Tropical & Subtropical Moist Broadleaf Forests,Neotropic
471,_ron_2030y_SOC,cf_std,,Isthmian-Pacific moist forests,1.0,Tropical & Subtropical Moist Broadleaf Forests,Neotropic
795,_ron_2030y_SOC,cf_std,22.456924,Italian sclerophyllous and semi-deciduous forests,12.0,"Mediterranean Forests, Woodlands & Scrub",Palearctic
46,_ron_2030y_SOC,cf_std,4.9467435,Itigi-Sumbu thicket,7.0,"Tropical & Subtropical Grasslands, Savannas & Shrublands",Afrotropic
534,_ron_2030y_SOC,cf_std,32.95078,Jalisco dry forests,2.0,Tropical & Subtropical Dry Broadleaf Forests,Neotropic
535,_ron_2030y_SOC,cf_std,,Jamaican dry forests,2.0,Tropical & Subtropical Dry Broadleaf Forests,Neotropic
472,_ron_2030y_SOC,cf_std,,Jamaican moist forests,1.0,Tropical & Subtropical Moist Broadleaf Forests,Neotropic
473,_ron_2030y_SOC,cf_std,,Japurá-Solimões-Negro moist forests,1.0,Tropical & Subtropical Moist Broadleaf Forests,Neotropic
202,_ron_2030y_SOC,cf_std,37.223934,Jarrah-Karri forest and shrublands,12.0,"Mediterranean Forests, Woodlands & Scrub",Australasia
236,_ron_2030y_SOC,cf_std,7.908163,Jian Nan subtropical evergreen forests,1.0,Tropical & Subtropical Moist Broadleaf Forests,Indomalayan
82,_ron_2030y_SOC,cf_std,2.1655953,Jos Plateau forest-grassland,10.0,Montane Grasslands & Shrublands,Afrotropic
560,_ron_2030y_SOC,cf_std,,Juan Fernández Islands temperate forests,4.0,Temperate Broadleaf & Mixed Forests,Neotropic
827,_ron_2030y_SOC,cf_std,7.0144157,Junggar Basin semi-desert,13.0,Deserts & Xeric Shrublands,Palearctic
474,_ron_2030y_SOC,cf_std,,Juruá-Purus moist forests,1.0,Tropical & Subtropical Moist Broadleaf Forests,Neotropic
418,_ron_2030y_SOC,cf_std,,Kalaallit Nunaat High Arctic tundra,11.0,Tundra,Nearctic
47,_ron_2030y_SOC,cf_std,3.4330788,Kalahari Acacia woodlands,7.0,"Tropical & Subtropical Grasslands, Savannas & Shrublands",Afrotropic
97,_ron_2030y_SOC,cf_std,3.9301279,Kalahari xeric savanna,13.0,Deserts & Xeric Shrublands,Afrotropic
713,_ron_2030y_SOC,cf_std,6.222579,Kamchatka-Kurile meadows and sparse forests,6.0,Boreal Forests/Taiga,Palearctic
712,_ron_2030y_SOC,cf_std,7.5616016,Kamchatka taiga,6.0,Boreal Forests/Taiga,Palearctic
98,_ron_2030y_SOC,cf_std,21.440216,Kaokoveld desert,13.0,Deserts & Xeric Shrublands,Afrotropic
754,_ron_2030y_SOC,cf_std,5.8582215,Karakoram-West Tibetan Plateau alpine steppe,10.0,Montane Grasslands & Shrublands,Palearctic
237,_ron_2030y_SOC,cf_std,2.0448143,Kayah-Karen montane rain forests,1.0,Tropical & Subtropical Moist Broadleaf Forests,Indomalayan
731,_ron_2030y_SOC,cf_std,8.494913,Kazakh forest steppe,8.0,"Temperate Grasslands, Savannas & Shrublands",Palearctic
828,_ron_2030y_SOC,cf_std,7.3189764,Kazakh semi-desert,13.0,Deserts & Xeric Shrublands,Palearctic
732,_ron_2030y_SOC,cf_std,7.5853004,Kazakh steppe,8.0,"Temperate Grasslands, Savannas & Shrublands",Palearctic
733,_ron_2030y_SOC,cf_std,7.1242814,Kazakh upland steppe,8.0,"Temperate Grasslands, Savannas & Shrublands",Palearctic
624,_ron_2030y_SOC,cf_std,,Kermadec Islands subtropical moist forests,1.0,Tropical & Subtropical Moist Broadleaf Forests,Oceania
755,_ron_2030y_SOC,cf_std,6.0505004,Khangai Mountains alpine meadow,10.0,Montane Grasslands & Shrublands,Palearctic
700,_ron_2030y_SOC,cf_std,1.4378879,Khangai Mountains conifer forests,5.0,Temperate Conifer Forests,Palearctic
295,_ron_2030y_SOC,cf_std,1.2557256,Khathiar-Gir dry deciduous forests,2.0,Tropical & Subtropical Dry Broadleaf Forests,Indomalayan
186,_ron_2030y_SOC,cf_std,4.5101876,Kimberly tropical savanna,7.0,"Tropical & Subtropical Grasslands, Savannas & Shrublands",Australasia
357,_ron_2030y_SOC,cf_std,12.111721,Klamath-Siskiyou forests,5.0,Temperate Conifer Forests,Nearctic
15,_ron_2030y_SOC,cf_std,30.308819,Knysna-Amatole montane forests,1.0,Tropical & Subtropical Moist Broadleaf Forests,Afrotropic
774,_ron_2030y_SOC,cf_std,,Kola Peninsula tundra,11.0,Tundra,Palearctic
829,_ron_2030y_SOC,cf_std,1.9190742,Kopet Dag semi-desert,13.0,Deserts & Xeric Shrublands,Palearctic
756,_ron_2030y_SOC,cf_std,2.3935215,Kopet Dag woodlands and forest steppe,10.0,Montane Grasslands & Shrublands,Palearctic
757,_ron_2030y_SOC,cf_std,0.3262609,Kuh Rud and Eastern Iran montane woodlands,10.0,Montane Grasslands & Shrublands,Palearctic
16,_ron_2030y_SOC,cf_std,22.620646,Kwazulu Natal-Cape coastal forests,1.0,Tropical & Subtropical Moist Broadleaf Forests,Afrotropic
603,_ron_2030y_SOC,cf_std,,La Costa xeric shrublands,13.0,Deserts & Xeric Shrublands,Neotropic
72,_ron_2030y_SOC,cf_std,1.1256667,Lake Chad flooded savanna,9.0,Flooded Grasslands & Savannas,Afrotropic
536,_ron_2030y_SOC,cf_std,,Lara-Falcón dry forests,2.0,Tropical & Subtropical Dry Broadleaf Forests,Neotropic
475,_ron_2030y_SOC,cf_std,,Leeward Islands moist forests,1.0,Tropical & Subtropical Moist Broadleaf Forests,Neotropic
163,_ron_2030y_SOC,cf_std,,Lesser Sundas deciduous forests,2.0,Tropical & Subtropical Dry Broadleaf Forests,Australasia
48,_ron_2030y_SOC,cf_std,8.916652,Limpopo lowveld,7.0,"Tropical & Subtropical Grasslands, Savannas & Shrublands",Afrotropic
572,_ron_2030y_SOC,cf_std,7.1054274e-15,Llanos,7.0,"Tropical & Subtropical Grasslands, Savannas & Shrublands",Neotropic
142,_ron_2030y_SOC,cf_std,,Lord Howe Island subtropical forests,1.0,Tropical & Subtropical Moist Broadleaf Forests,Australasia
143,_ron_2030y_SOC,cf_std,,Louisiade Archipelago rain forests,1.0,Tropical & Subtropical Moist Broadleaf Forests,Australasia
577,_ron_2030y_SOC,cf_std,5.9818444,Low Monte,8.0,"Temperate Grasslands, Savannas & Shrublands",Neotropic
238,_ron_2030y_SOC,cf_std,6.772854,Lower Gangetic Plains moist deciduous forests,1.0,Tropical & Subtropical Moist Broadleaf Forests,Indomalayan
239,_ron_2030y_SOC,cf_std,2.0804458,Luang Prabang montane rain forests,1.0,Tropical & Subtropical Moist Broadleaf Forests,Indomalayan
240,_ron_2030y_SOC,cf_std,,Luzon montane rain forests,1.0,Tropical & Subtropical Moist Broadleaf Forests,Indomalayan
241,_ron_2030y_SOC,cf_std,,Luzon rain forests,1.0,Tropical & Subtropical Moist Broadleaf Forests,Indomalayan
303,_ron_2030y_SOC,cf_std,,Luzon tropical pine forests,3.0,Tropical & Subtropical Coniferous Forests,Indomalayan
32,_ron_2030y_SOC,cf_std,3.7052886,Madagascar dry deciduous forests,2.0,Tropical & Subtropical Dry Broadleaf Forests,Afrotropic
83,_ron_2030y_SOC,cf_std,5.3640842,Madagascar ericoid thickets,10.0,Montane Grasslands & Shrublands,Afrotropic
17,_ron_2030y_SOC,cf_std,16.34622,Madagascar humid forests,1.0,Tropical & Subtropical Moist Broadleaf Forests,Afrotropic
114,_ron_2030y_SOC,cf_std,,Madagascar mangroves,14.0,Mangroves,Afrotropic
99,_ron_2030y_SOC,cf_std,16.256516,Madagascar spiny thickets,13.0,Deserts & Xeric Shrublands,Afrotropic
18,_ron_2030y_SOC,cf_std,7.1329975,Madagascar subhumid forests,1.0,Tropical & Subtropical Moist Broadleaf Forests,Afrotropic
100,_ron_2030y_SOC,cf_std,2.8295205,Madagascar succulent woodlands,13.0,Deserts & Xeric Shrublands,Afrotropic
476,_ron_2030y_SOC,cf_std,,Madeira-Tapajós moist forests,1.0,Tropical & Subtropical Moist Broadleaf Forests,Neotropic
668,_ron_2030y_SOC,cf_std,,Madeira evergreen forests,4.0,Temperate Broadleaf & Mixed Forests,Palearctic
478,_ron_2030y_SOC,cf_std,4.4135656,Magdalena-Urabá moist forests,1.0,Tropical & Subtropical Moist Broadleaf Forests,Neotropic
538,_ron_2030y_SOC,cf_std,8.349522,Magdalena Valley dry forests,2.0,Tropical & Subtropical Dry Broadleaf Forests,Neotropic
477,_ron_2030y_SOC,cf_std,9.999884,Magdalena Valley montane forests,1.0,Tropical & Subtropical Moist Broadleaf Forests,Neotropic
561,_ron_2030y_SOC,cf_std,13.235464,Magellanic subpolar forests,4.0,Temperate Broadleaf & Mixed Forests,Neotropic
73,_ron_2030y_SOC,cf_std,1.2665436,Makgadikgadi halophytics,9.0,Flooded Grasslands & Savannas,Afrotropic
242,_ron_2030y_SOC,cf_std,0.0,Malabar Coast moist forests,1.0,Tropical & Subtropical Moist Broadleaf Forests,Indomalayan
243,_ron_2030y_SOC,cf_std,,Maldives-Lakshadweep-Chagos Archipelago tropical moist forests,1.0,Tropical & Subtropical Moist Broadleaf Forests,Indomalayan
604,_ron_2030y_SOC,cf_std,,Malpelo Island xeric scrub,13.0,Deserts & Xeric Shrublands,Neotropic
669,_ron_2030y_SOC,cf_std,7.0821238,Manchurian mixed forests,4.0,Temperate Broadleaf & Mixed Forests,Palearctic
49,_ron_2030y_SOC,cf_std,3.0231507,Mandara Plateau woodlands,7.0,"Tropical & Subtropical Grasslands, Savannas & Shrublands",Afrotropic
19,_ron_2030y_SOC,cf_std,15.461251,Maputaland coastal forests and woodlands,1.0,Tropical & Subtropical Moist Broadleaf Forests,Afrotropic
539,_ron_2030y_SOC,cf_std,,Maracaibo dry forests,2.0,Tropical & Subtropical Dry Broadleaf Forests,Neotropic
480,_ron_2030y_SOC,cf_std,,Marajó várzea,1.0,Tropical & Subtropical Moist Broadleaf Forests,Neotropic
540,_ron_2030y_SOC,cf_std,,Maranhão Babaçu forests,2.0,Tropical & Subtropical Dry Broadleaf Forests,Neotropic
479,_ron_2030y_SOC,cf_std,4.5394545,Marañón dry forests,1.0,Tropical & Subtropical Moist Broadleaf Forests,Neotropic
637,_ron_2030y_SOC,cf_std,,Marianas tropical dry forests,2.0,Tropical & Subtropical Dry Broadleaf Forests,Oceania
625,_ron_2030y_SOC,cf_std,,Marquesas tropical moist forests,1.0,Tropical & Subtropical Moist Broadleaf Forests,Oceania
50,_ron_2030y_SOC,cf_std,2.7470796,Masai xeric grasslands and shrublands,7.0,"Tropical & Subtropical Grasslands, Savannas & Shrublands",Afrotropic
20,_ron_2030y_SOC,cf_std,,Mascarene forests,1.0,Tropical & Subtropical Moist Broadleaf Forests,Afrotropic
481,_ron_2030y_SOC,cf_std,,Mato Grosso tropical dry forests,1.0,Tropical & Subtropical Moist Broadleaf Forests,Neotropic
796,_ron_2030y_SOC,cf_std,10.312906,Mediterranean Acacia-Argania dry woodlands and succulent thickets,12.0,"Mediterranean Forests, Woodlands & Scrub",Palearctic
701,_ron_2030y_SOC,cf_std,9.6772375,Mediterranean conifer and mixed forests,5.0,Temperate Conifer Forests,Palearctic
797,_ron_2030y_SOC,cf_std,5.8466587,Mediterranean dry woodlands and steppe,12.0,"Mediterranean Forests, Woodlands & Scrub",Palearctic
758,_ron_2030y_SOC,cf_std,3.8484895,Mediterranean High Atlas juniper steppe,10.0,Montane Grasslands & Shrublands,Palearctic
798,_ron_2030y_SOC,cf_std,12.357004,Mediterranean woodlands and forests,12.0,"Mediterranean Forests, Woodlands & Scrub",Palearctic
244,_ron_2030y_SOC,cf_std,5.1493025,Meghalaya subtropical forests,1.0,Tropical & Subtropical Moist Broadleaf Forests,Indomalayan
245,_ron_2030y_SOC,cf_std,,Mentawai Islands rain forests,1.0,Tropical & Subtropical Moist Broadleaf Forests,Indomalayan
432,_ron_2030y_SOC,cf_std,5.742973,Meseta Central matorral,13.0,Deserts & Xeric Shrublands,Nearctic
613,_ron_2030y_SOC,cf_std,30.231054,Mesoamerican Gulf-Caribbean mangroves,14.0,Mangroves,Neotropic
830,_ron_2030y_SOC,cf_std,2.5625973,Mesopotamian shrub desert,13.0,Deserts & Xeric Shrublands,Palearctic
376,_ron_2030y_SOC,cf_std,6.914968,Mid-Canada Boreal Plains forests,6.0,Boreal Forests/Taiga,Nearctic
414,_ron_2030y_SOC,cf_std,,Canadian Middle Arctic Tundra,11.0,Tundra,Nearctic
393,_ron_2030y_SOC,cf_std,17.23646,Mid-Atlantic US coastal savannas,8.0,"Temperate Grasslands, Savannas & Shrublands",Nearctic
377,_ron_2030y_SOC,cf_std,7.065193,Midwest Canadian Shield forests,6.0,Boreal Forests/Taiga,Nearctic
247,_ron_2030y_SOC,cf_std,,Mindanao-Eastern Visayas rain forests,1.0,Tropical & Subtropical Moist Broadleaf Forests,Indomalayan
246,_ron_2030y_SOC,cf_std,,Mindanao montane rain forests,1.0,Tropical & Subtropical Moist Broadleaf Forests,Indomalayan
248,_ron_2030y_SOC,cf_std,,Mindoro rain forests,1.0,Tropical & Subtropical Moist Broadleaf Forests,Indomalayan
573,_ron_2030y_SOC,cf_std,,Miskito pine forests,7.0,"Tropical & Subtropical Grasslands, Savannas & Shrublands",Neotropic
337,_ron_2030y_SOC,cf_std,20.094522,Mississippi lowland forests,4.0,Temperate Broadleaf & Mixed Forests,Nearctic
187,_ron_2030y_SOC,cf_std,2.9676647,Mitchell Grass Downs,7.0,"Tropical & Subtropical Grasslands, Savannas & Shrublands",Australasia
249,_ron_2030y_SOC,cf_std,4.4737225,Mizoram-Manipur-Kachin rain forests,1.0,Tropical & Subtropical Moist Broadleaf Forests,Indomalayan
433,_ron_2030y_SOC,cf_std,3.255544,Mojave desert,13.0,Deserts & Xeric Shrublands,Nearctic
734,_ron_2030y_SOC,cf_std,12.881133,Mongolian-Manchurian grassland,8.0,"Temperate Grasslands, Savannas & Shrublands",Palearctic
394,_ron_2030y_SOC,cf_std,7.750234,Montana Valley and Foothill grasslands,8.0,"Temperate Grasslands, Savannas & Shrublands",Nearctic
482,_ron_2030y_SOC,cf_std,,Monte Alegre várzea,1.0,Tropical & Subtropical Moist Broadleaf Forests,Neotropic
605,_ron_2030y_SOC,cf_std,2.1186266,Motagua Valley thornscrub,13.0,Deserts & Xeric Shrublands,Neotropic
21,_ron_2030y_SOC,cf_std,1.1378638,Mount Cameroon and Bioko montane forests,1.0,Tropical & Subtropical Moist Broadleaf Forests,Afrotropic
84,_ron_2030y_SOC,cf_std,6.5036902,Mulanje Montane forest-grassland,10.0,Montane Grasslands & Shrublands,Afrotropic
203,_ron_2030y_SOC,cf_std,14.206117,Murray-Darling woodlands and mallee,12.0,"Mediterranean Forests, Woodlands & Scrub",Australasia
378,_ron_2030y_SOC,cf_std,5.902667,Muskwa-Slave Lake taiga,6.0,Boreal Forests/Taiga,Nearctic
321,_ron_2030y_SOC,cf_std,23.475851,Myanmar Coast mangroves,14.0,Mangroves,Indomalayan
250,_ron_2030y_SOC,cf_std,21.343643,Myanmar coastal rain forests,1.0,Tropical & Subtropical Moist Broadleaf Forests,Indomalayan
101,_ron_2030y_SOC,cf_std,3.61355,Nama Karoo shrublands,13.0,Deserts & Xeric Shrublands,Afrotropic
102,_ron_2030y_SOC,cf_std,9.249741,Namaqualand-Richtersveld steppe,13.0,Deserts & Xeric Shrublands,Afrotropic
103,_ron_2030y_SOC,cf_std,24.647701,Namib Desert,13.0,Deserts & Xeric Shrublands,Afrotropic
104,_ron_2030y_SOC,cf_std,5.1887207,Namibian savanna woodlands,13.0,Deserts & Xeric Shrublands,Afrotropic
251,_ron_2030y_SOC,cf_std,15.601402,Nansei Islands subtropical evergreen forests,1.0,Tropical & Subtropical Moist Broadleaf Forests,Indomalayan
483,_ron_2030y_SOC,cf_std,7.9251027,Napo moist forests,1.0,Tropical & Subtropical Moist Broadleaf Forests,Neotropic
204,_ron_2030y_SOC,cf_std,28.597284,Naracoorte woodlands,12.0,"Mediterranean Forests, Woodlands & Scrub",Australasia
296,_ron_2030y_SOC,cf_std,2.609464,Narmada Valley dry deciduous forests,2.0,Tropical & Subtropical Dry Broadleaf Forests,Indomalayan
395,_ron_2030y_SOC,cf_std,5.1006656,Nebraska Sand Hills mixed grasslands,8.0,"Temperate Grasslands, Savannas & Shrublands",Nearctic
484,_ron_2030y_SOC,cf_std,7.003027,Negro-Branco moist forests,1.0,Tropical & Subtropical Moist Broadleaf Forests,Neotropic
170,_ron_2030y_SOC,cf_std,8.022115,Nelson Coast temperate forests,4.0,Temperate Broadleaf & Mixed Forests,Australasia
743,_ron_2030y_SOC,cf_std,3.726149,Nenjiang River grassland,9.0,Flooded Grasslands & Savannas,Palearctic
144,_ron_2030y_SOC,cf_std,,New Britain-New Ireland lowland rain forests,1.0,Tropical & Subtropical Moist Broadleaf Forests,Australasia
145,_ron_2030y_SOC,cf_std,,New Britain-New Ireland montane rain forests,1.0,Tropical & Subtropical Moist Broadleaf Forests,Australasia
164,_ron_2030y_SOC,cf_std,19.11213,New Caledonia dry forests,2.0,Tropical & Subtropical Dry Broadleaf Forests,Australasia
146,_ron_2030y_SOC,cf_std,21.047247,New Caledonia rain forests,1.0,Tropical & Subtropical Moist Broadleaf Forests,Australasia
338,_ron_2030y_SOC,cf_std,14.38101,New England-Acadian forests,4.0,Temperate Broadleaf & Mixed Forests,Nearctic
217,_ron_2030y_SOC,cf_std,,New Guinea mangroves,14.0,Mangroves,Australasia
252,_ron_2030y_SOC,cf_std,,Nicobar Islands rain forests,1.0,Tropical & Subtropical Moist Broadleaf Forests,Indomalayan
22,_ron_2030y_SOC,cf_std,,Niger Delta swamp forests,1.0,Tropical & Subtropical Moist Broadleaf Forests,Afrotropic
23,_ron_2030y_SOC,cf_std,,Nigerian lowland forests,1.0,Tropical & Subtropical Moist Broadleaf Forests,Afrotropic
670,_ron_2030y_SOC,cf_std,28.380848,Nihonkai evergreen forests,4.0,Temperate Broadleaf & Mixed Forests,Palearctic
671,_ron_2030y_SOC,cf_std,19.649427,Nihonkai montane deciduous forests,4.0,Temperate Broadleaf & Mixed Forests,Palearctic
744,_ron_2030y_SOC,cf_std,23.444418,Nile Delta flooded savanna,9.0,Flooded Grasslands & Savannas,Palearctic
147,_ron_2030y_SOC,cf_std,,Norfolk Island subtropical forests,1.0,Tropical & Subtropical Moist Broadleaf Forests,Australasia
126,_ron_2030y_SOC,cf_std,,Northeast Antarctic Peninsula tundra,11.0,Tundra,Antarctica
127,_ron_2030y_SOC,cf_std,,Northwest Antarctic Peninsula tundra,11.0,Tundra,Antarctica
831,_ron_2030y_SOC,cf_std,3.3507392,North Arabian desert,13.0,Deserts & Xeric Shrublands,Palearctic
832,_ron_2030y_SOC,cf_std,0.7350499,North Arabian highland shrublands,13.0,Deserts & Xeric Shrublands,Palearctic
171,_ron_2030y_SOC,cf_std,16.91746,New Zealand North Island temperate forests,4.0,Temperate Broadleaf & Mixed Forests,Australasia
833,_ron_2030y_SOC,cf_std,4.739216,North Saharan Xeric Steppe and Woodland,13.0,Deserts & Xeric Shrublands,Palearctic
106,_ron_2030y_SOC,cf_std,7.593254,Somali montane xeric woodlands,13.0,Deserts & Xeric Shrublands,Afrotropic
759,_ron_2030y_SOC,cf_std,6.691372,North Tibetan Plateau-Kunlun Mountains alpine desert,10.0,Montane Grasslands & Shrublands,Palearctic
125,_ron_2030y_SOC,cf_std,,North Victoria Land tundra,11.0,Tundra,Antarctica
253,_ron_2030y_SOC,cf_std,3.9045231,North Western Ghats moist deciduous forests,1.0,Tropical & Subtropical Moist Broadleaf Forests,Indomalayan
254,_ron_2030y_SOC,cf_std,4.489045,North Western Ghats montane rain forests,1.0,Tropical & Subtropical Moist Broadleaf Forests,Indomalayan
673,_ron_2030y_SOC,cf_std,17.157282,Northeast China Plain deciduous forests,4.0,Temperate Broadleaf & Mixed Forests,Palearctic
304,_ron_2030y_SOC,cf_std,2.6762762,Northeast India-Myanmar pine forests,3.0,Tropical & Subtropical Coniferous Forests,Indomalayan
775,_ron_2030y_SOC,cf_std,,Northeast Siberian coastal tundra,11.0,Tundra,Palearctic
714,_ron_2030y_SOC,cf_std,1.7760153,Northeast Siberian taiga,6.0,Boreal Forests/Taiga,Palearctic
485,_ron_2030y_SOC,cf_std,,Northeast Brazil restingas,1.0,Tropical & Subtropical Moist Broadleaf Forests,Neotropic
24,_ron_2030y_SOC,cf_std,6.5136867,Northeast Congolian lowland forests,1.0,Tropical & Subtropical Moist Broadleaf Forests,Afrotropic
702,_ron_2030y_SOC,cf_std,11.67238,Northeast Himalayan subalpine conifer forests,5.0,Temperate Conifer Forests,Palearctic
799,_ron_2030y_SOC,cf_std,20.998663,Northeast Spain and Southern France Mediterranean forests,12.0,"Mediterranean Forests, Woodlands & Scrub",Palearctic
339,_ron_2030y_SOC,cf_std,14.494404,Northeast US Coastal forests,4.0,Temperate Broadleaf & Mixed Forests,Nearctic
51,_ron_2030y_SOC,cf_std,6.3193936,Northern Acacia-Commiphora bushlands and thickets,7.0,"Tropical & Subtropical Grasslands, Savannas & Shrublands",Afrotropic
703,_ron_2030y_SOC,cf_std,,Northern Anatolian conifer and deciduous forests,5.0,Temperate Conifer Forests,Palearctic
593,_ron_2030y_SOC,cf_std,8.614266,Northern Andean páramo,10.0,Montane Grasslands & Shrublands,Neotropic
255,_ron_2030y_SOC,cf_std,,Northern Annamites rain forests,1.0,Tropical & Subtropical Moist Broadleaf Forests,Indomalayan
359,_ron_2030y_SOC,cf_std,30.94956,Northern California coastal forests,5.0,Temperate Conifer Forests,Nearctic
379,_ron_2030y_SOC,cf_std,8.381458,Northern Canadian Shield taiga,6.0,Boreal Forests/Taiga,Nearctic
52,_ron_2030y_SOC,cf_std,10.096709,Northern Congolian Forest-Savanna,7.0,"Tropical & Subtropical Grasslands, Savannas & Shrublands",Afrotropic
297,_ron_2030y_SOC,cf_std,2.5157273,North Deccan dry deciduous forests,2.0,Tropical & Subtropical Dry Broadleaf Forests,Indomalayan
256,_ron_2030y_SOC,cf_std,7.469071,Northern Indochina subtropical forests,1.0,Tropical & Subtropical Moist Broadleaf Forests,Indomalayan
257,_ron_2030y_SOC,cf_std,2.3120234,Northern Khorat Plateau moist deciduous forests,1.0,Tropical & Subtropical Moist Broadleaf Forests,Indomalayan
614,_ron_2030y_SOC,cf_std,35.46355,Northern Mesoamerican Pacific mangroves,14.0,Mangroves,Neotropic
148,_ron_2030y_SOC,cf_std,,Northern New Guinea lowland rain and freshwater swamp forests,1.0,Tropical & Subtropical Moist Broadleaf Forests,Australasia
149,_ron_2030y_SOC,cf_std,,Northern New Guinea montane rain forests,1.0,Tropical & Subtropical Moist Broadleaf Forests,Australasia
396,_ron_2030y_SOC,cf_std,9.5075865,Northern Shortgrass prairie,8.0,"Temperate Grasslands, Savannas & Shrublands",Nearctic
25,_ron_2030y_SOC,cf_std,4.5157638,Northern Swahili coastal forests,1.0,Tropical & Subtropical Moist Broadleaf Forests,Afrotropic
397,_ron_2030y_SOC,cf_std,11.906871,Northern Tallgrass prairie,8.0,"Temperate Grasslands, Savannas & Shrublands",Nearctic
258,_ron_2030y_SOC,cf_std,2.0940485,Northern Thailand-Laos moist deciduous forests,1.0,Tropical & Subtropical Moist Broadleaf Forests,Indomalayan
259,_ron_2030y_SOC,cf_std,5.628179,Northern Triangle subtropical forests,1.0,Tropical & Subtropical Moist Broadleaf Forests,Indomalayan
307,_ron_2030y_SOC,cf_std,6.461401,Northern Triangle temperate forests,4.0,Temperate Broadleaf & Mixed Forests,Indomalayan
260,_ron_2030y_SOC,cf_std,,Northern Vietnam lowland rain forests,1.0,Tropical & Subtropical Moist Broadleaf Forests,Indomalayan
173,_ron_2030y_SOC,cf_std,26.6687,Northland temperate kauri forests,4.0,Temperate Broadleaf & Mixed Forests,Australasia
800,_ron_2030y_SOC,cf_std,8.369609,Northwest Iberian montane forests,12.0,"Mediterranean Forests, Woodlands & Scrub",Palearctic
776,_ron_2030y_SOC,cf_std,,Northwest Russian-Novaya Zemlya tundra,11.0,Tundra,Palearctic
486,_ron_2030y_SOC,cf_std,12.920256,Northwest Andean montane forests,1.0,Tropical & Subtropical Moist Broadleaf Forests,Neotropic
26,_ron_2030y_SOC,cf_std,,Northwest Congolian lowland forests,1.0,Tropical & Subtropical Moist Broadleaf Forests,Afrotropic
641,_ron_2030y_SOC,cf_std,,Northwest Hawai'i scrub,7.0,"Tropical & Subtropical Grasslands, Savannas & Shrublands",Oceania
760,_ron_2030y_SOC,cf_std,7.0534973,Northwestern Himalayan alpine shrub and meadows,10.0,Montane Grasslands & Shrublands,Palearctic
314,_ron_2030y_SOC,cf_std,5.4261904,Aravalli west thorn scrub forests,13.0,Deserts & Xeric Shrublands,Indomalayan
777,_ron_2030y_SOC,cf_std,,Novosibirsk Islands Arctic desert,11.0,Tundra,Palearctic
704,_ron_2030y_SOC,cf_std,15.2430935,Nujiang Langcang Gorge alpine conifer and mixed forests,5.0,Temperate Conifer Forests,Palearctic
212,_ron_2030y_SOC,cf_std,2.7737718,Nullarbor Plains xeric shrublands,13.0,Deserts & Xeric Shrublands,Australasia
85,_ron_2030y_SOC,cf_std,3.624093,Nyanga-Chimanimani Montane forest-grassland,10.0,Montane Grasslands & Shrublands,Afrotropic
487,_ron_2030y_SOC,cf_std,6.490959,Oaxacan montane forests,1.0,Tropical & Subtropical Moist Broadleaf Forests,Neotropic
626,_ron_2030y_SOC,cf_std,,Ogasawara subtropical moist forests,1.0,Tropical & Subtropical Moist Broadleaf Forests,Oceania
419,_ron_2030y_SOC,cf_std,8.5607605,Ogilvie-MacKenzie alpine tundra,11.0,Tundra,Nearctic
362,_ron_2030y_SOC,cf_std,7.6427937,Okanogan dry forests,5.0,Temperate Conifer Forests,Nearctic
715,_ron_2030y_SOC,cf_std,6.787033,Okhotsk-Manchurian taiga,6.0,Boreal Forests/Taiga,Palearctic
761,_ron_2030y_SOC,cf_std,7.3243513,Ordos Plateau steppe,10.0,Montane Grasslands & Shrublands,Palearctic
488,_ron_2030y_SOC,cf_std,,Orinoco Delta swamp forests,1.0,Tropical & Subtropical Moist Broadleaf Forests,Neotropic
583,_ron_2030y_SOC,cf_std,,Orinoco wetlands,9.0,Flooded Grasslands & Savannas,Neotropic
261,_ron_2030y_SOC,cf_std,16.971346,Orissa semi-evergreen forests,1.0,Tropical & Subtropical Moist Broadleaf Forests,Indomalayan
340,_ron_2030y_SOC,cf_std,3.3688655,Ozark Highlands mixed forests,4.0,Temperate Broadleaf & Mixed Forests,Nearctic
341,_ron_2030y_SOC,cf_std,2.9028795,Ozark Mountain forests,4.0,Temperate Broadleaf & Mixed Forests,Nearctic
420,_ron_2030y_SOC,cf_std,11.444953,Pacific Coastal Mountain icefields and tundra,11.0,Tundra,Nearctic
627,_ron_2030y_SOC,cf_std,,Palau tropical moist forests,1.0,Tropical & Subtropical Moist Broadleaf Forests,Oceania
262,_ron_2030y_SOC,cf_std,,Palawan rain forests,1.0,Tropical & Subtropical Moist Broadleaf Forests,Indomalayan
398,_ron_2030y_SOC,cf_std,9.731608,Palouse prairie,8.0,"Temperate Grasslands, Savannas & Shrublands",Nearctic
762,_ron_2030y_SOC,cf_std,7.9819713,Pamir alpine desert and tundra,10.0,Montane Grasslands & Shrublands,Palearctic
541,_ron_2030y_SOC,cf_std,,Panamanian dry forests,2.0,Tropical & Subtropical Dry Broadleaf Forests,Neotropic
674,_ron_2030y_SOC,cf_std,7.353057,Pannonian mixed forests,4.0,Temperate Broadleaf & Mixed Forests,Palearctic
584,_ron_2030y_SOC,cf_std,2.681012,Pantanal,9.0,Flooded Grasslands & Savannas,Neotropic
489,_ron_2030y_SOC,cf_std,,Pantanos de Centla,1.0,Tropical & Subtropical Moist Broadleaf Forests,Neotropic
490,_ron_2030y_SOC,cf_std,5.858934,Pantepui forests & shrublands,1.0,Tropical & Subtropical Moist Broadleaf Forests,Neotropic
606,_ron_2030y_SOC,cf_std,,Paraguaná xeric scrub,13.0,Deserts & Xeric Shrublands,Neotropic
585,_ron_2030y_SOC,cf_std,9.151575,Paraná flooded savanna,9.0,Flooded Grasslands & Savannas,Neotropic
834,_ron_2030y_SOC,cf_std,7.264681,Paropamisus xeric woodlands,13.0,Deserts & Xeric Shrublands,Palearctic
578,_ron_2030y_SOC,cf_std,12.543306,Patagonian steppe,8.0,"Temperate Grasslands, Savannas & Shrublands",Neotropic
542,_ron_2030y_SOC,cf_std,13.393396,Patía valley dry forests,2.0,Tropical & Subtropical Dry Broadleaf Forests,Neotropic
263,_ron_2030y_SOC,cf_std,,Peninsular Malaysian montane rain forests,1.0,Tropical & Subtropical Moist Broadleaf Forests,Indomalayan
264,_ron_2030y_SOC,cf_std,,Peninsular Malaysian peat swamp forests,1.0,Tropical & Subtropical Moist Broadleaf Forests,Indomalayan
265,_ron_2030y_SOC,cf_std,,Peninsular Malaysian rain forests,1.0,Tropical & Subtropical Moist Broadleaf Forests,Indomalayan
491,_ron_2030y_SOC,cf_std,,Pernambuco coastal forests,1.0,Tropical & Subtropical Moist Broadleaf Forests,Neotropic
492,_ron_2030y_SOC,cf_std,1.3585593,Pernambuco interior forests,1.0,Tropical & Subtropical Moist Broadleaf Forests,Neotropic
493,_ron_2030y_SOC,cf_std,7.6427946,Peruvian Yungas,1.0,Tropical & Subtropical Moist Broadleaf Forests,Neotropic
494,_ron_2030y_SOC,cf_std,4.72451,Petén-Veracruz moist forests,1.0,Tropical & Subtropical Moist Broadleaf Forests,Neotropic
213,_ron_2030y_SOC,cf_std,7.8340077,Pilbara shrublands,13.0,Deserts & Xeric Shrublands,Australasia
801,_ron_2030y_SOC,cf_std,11.142993,Pindus Mountains mixed forests,12.0,"Mediterranean Forests, Woodlands & Scrub",Palearctic
363,_ron_2030y_SOC,cf_std,3.0353014,Piney Woods,5.0,Temperate Conifer Forests,Nearctic
675,_ron_2030y_SOC,cf_std,16.639153,Po Basin mixed forests,4.0,Temperate Broadleaf & Mixed Forests,Palearctic
735,_ron_2030y_SOC,cf_std,12.037474,Pontic steppe,8.0,"Temperate Grasslands, Savannas & Shrublands",Palearctic
128,_ron_2030y_SOC,cf_std,,Prince Charles Mountains tundra,11.0,Tundra,Antarctica
543,_ron_2030y_SOC,cf_std,,Puerto Rican dry forests,2.0,Tropical & Subtropical Dry Broadleaf Forests,Neotropic
495,_ron_2030y_SOC,cf_std,,Puerto Rican moist forests,1.0,Tropical & Subtropical Moist Broadleaf Forests,Neotropic
364,_ron_2030y_SOC,cf_std,6.589919,Puget lowland forests,5.0,Temperate Conifer Forests,Nearctic
497,_ron_2030y_SOC,cf_std,,Purus-Madeira moist forests,1.0,Tropical & Subtropical Moist Broadleaf Forests,Neotropic
496,_ron_2030y_SOC,cf_std,,Purus várzea,1.0,Tropical & Subtropical Moist Broadleaf Forests,Neotropic
676,_ron_2030y_SOC,cf_std,8.752081,Pyrenees conifer and mixed forests,4.0,Temperate Broadleaf & Mixed Forests,Palearctic
835,_ron_2030y_SOC,cf_std,3.5119095,Qaidam Basin semi-desert,13.0,Deserts & Xeric Shrublands,Palearctic
705,_ron_2030y_SOC,cf_std,12.469055,Qilian Mountains conifer forests,5.0,Temperate Conifer Forests,Palearctic
763,_ron_2030y_SOC,cf_std,8.3457985,Qilian Mountains subalpine meadows,10.0,Montane Grasslands & Shrublands,Palearctic
677,_ron_2030y_SOC,cf_std,9.659895,Qin Ling Mountains deciduous forests,4.0,Temperate Broadleaf & Mixed Forests,Palearctic
706,_ron_2030y_SOC,cf_std,15.080262,Qionglai-Minshan conifer forests,5.0,Temperate Conifer Forests,Palearctic
150,_ron_2030y_SOC,cf_std,21.604952,Queensland tropical rain forests,1.0,Tropical & Subtropical Moist Broadleaf Forests,Australasia
174,_ron_2030y_SOC,cf_std,3.0332234,Rakiura Island temperate forests,4.0,Temperate Broadleaf & Mixed Forests,Australasia
312,_ron_2030y_SOC,cf_std,4.8177667,Rann of Kutch seasonal salt marsh,9.0,Flooded Grasslands & Savannas,Indomalayan
628,_ron_2030y_SOC,cf_std,,Rapa Nui and Sala y Gómez subtropical forests,1.0,Tropical & Subtropical Moist Broadleaf Forests,Oceania
266,_ron_2030y_SOC,cf_std,,Red River freshwater swamp forests,1.0,Tropical & Subtropical Moist Broadleaf Forests,Indomalayan
837,_ron_2030y_SOC,cf_std,13.491583,Red Sea-Arabian Desert shrublands,13.0,Deserts & Xeric Shrublands,Palearctic
836,_ron_2030y_SOC,cf_std,22.997461,Red Sea coastal desert,13.0,Deserts & Xeric Shrublands,Palearctic
115,_ron_2030y_SOC,cf_std,40.84812,Red Sea mangroves,14.0,Mangroves,Afrotropic
838,_ron_2030y_SOC,cf_std,2.1103756,Registan-North Pakistan sandy desert,13.0,Deserts & Xeric Shrublands,Palearctic
90,_ron_2030y_SOC,cf_std,14.429091,Renosterveld shrubland,12.0,"Mediterranean Forests, Woodlands & Scrub",Afrotropic
175,_ron_2030y_SOC,cf_std,13.417137,Richmond temperate forests,4.0,Temperate Broadleaf & Mixed Forests,Australasia
498,_ron_2030y_SOC,cf_std,,Rio Negro campinarana,1.0,Tropical & Subtropical Moist Broadleaf Forests,Neotropic
678,_ron_2030y_SOC,cf_std,8.067177,Rodope montane mixed forests,4.0,Temperate Broadleaf & Mixed Forests,Palearctic
86,_ron_2030y_SOC,cf_std,5.8681135,Rwenzori-Virunga montane moorlands,10.0,Montane Grasslands & Shrublands,Afrotropic
745,_ron_2030y_SOC,cf_std,5.855092,Saharan halophytics,9.0,Flooded Grasslands & Savannas,Palearctic
53,_ron_2030y_SOC,cf_std,2.6975794,Sahelian Acacia savanna,7.0,"Tropical & Subtropical Grasslands, Savannas & Shrublands",Afrotropic
716,_ron_2030y_SOC,cf_std,13.689396,Sakhalin Island taiga,6.0,Boreal Forests/Taiga,Palearctic
629,_ron_2030y_SOC,cf_std,,Samoan tropical moist forests,1.0,Tropical & Subtropical Moist Broadleaf Forests,Oceania
562,_ron_2030y_SOC,cf_std,,San Félix-San Ambrosio Islands temperate forests,4.0,Temperate Broadleaf & Mixed Forests,Neotropic
607,_ron_2030y_SOC,cf_std,19.707726,San Lucan xeric scrub,13.0,Deserts & Xeric Shrublands,Neotropic
425,_ron_2030y_SOC,cf_std,23.949032,Santa Lucia Montane Chaparral & Woodlands,12.0,"Mediterranean Forests, Woodlands & Scrub",Nearctic
499,_ron_2030y_SOC,cf_std,22.778551,Santa Marta montane forests,1.0,Tropical & Subtropical Moist Broadleaf Forests,Neotropic
594,_ron_2030y_SOC,cf_std,3.9698827,Santa Marta páramo,10.0,Montane Grasslands & Shrublands,Neotropic
27,_ron_2030y_SOC,cf_std,,"São Tomé, Príncipe, and Annobón forests",1.0,Tropical & Subtropical Moist Broadleaf Forests,Afrotropic
679,_ron_2030y_SOC,cf_std,15.68397,Sarmatic mixed forests,4.0,Temperate Broadleaf & Mixed Forests,Palearctic
764,_ron_2030y_SOC,cf_std,9.232481,Sayan alpine meadows and tundra,10.0,Montane Grasslands & Shrublands,Palearctic
736,_ron_2030y_SOC,cf_std,8.102464,Sayan Intermontane steppe,8.0,"Temperate Grasslands, Savannas & Shrublands",Palearctic
707,_ron_2030y_SOC,cf_std,6.639662,Sayan montane conifer forests,5.0,Temperate Conifer Forests,Palearctic
717,_ron_2030y_SOC,cf_std,8.106753,Scandinavian and Russian taiga,6.0,Boreal Forests/Taiga,Palearctic
708,_ron_2030y_SOC,cf_std,18.897345,Scandinavian coastal conifer forests,5.0,Temperate Conifer Forests,Palearctic
780,_ron_2030y_SOC,cf_std,7.586592,Scandinavian Montane Birch forest and grasslands,11.0,Tundra,Palearctic
129,_ron_2030y_SOC,cf_std,,Scotia Sea Islands tundra,11.0,Tundra,Antarctica
608,_ron_2030y_SOC,cf_std,11.46763,Sechura desert,13.0,Deserts & Xeric Shrublands,Neotropic
737,_ron_2030y_SOC,cf_std,7.698061,Selenge-Orkhon forest steppe,8.0,"Temperate Grasslands, Savannas & Shrublands",Palearctic
151,_ron_2030y_SOC,cf_std,,Seram rain forests,1.0,Tropical & Subtropical Moist Broadleaf Forests,Australasia
54,_ron_2030y_SOC,cf_std,0.6509486,Serengeti volcanic grasslands,7.0,"Tropical & Subtropical Grasslands, Savannas & Shrublands",Afrotropic
500,_ron_2030y_SOC,cf_std,18.771917,Serra do Mar coastal forests,1.0,Tropical & Subtropical Moist Broadleaf Forests,Neotropic
680,_ron_2030y_SOC,cf_std,3.5128584,Sichuan Basin evergreen broadleaf forests,4.0,Temperate Broadleaf & Mixed Forests,Palearctic
544,_ron_2030y_SOC,cf_std,19.016905,Sierra de la Laguna dry forests,2.0,Tropical & Subtropical Dry Broadleaf Forests,Neotropic
556,_ron_2030y_SOC,cf_std,7.4904547,Sierra de la Laguna pine-oak forests,3.0,Tropical & Subtropical Coniferous Forests,Neotropic
501,_ron_2030y_SOC,cf_std,39.52504,Sierra de los Tuxtlas,1.0,Tropical & Subtropical Moist Broadleaf Forests,Neotropic
502,_ron_2030y_SOC,cf_std,20.899075,Sierra Madre de Chiapas moist forests,1.0,Tropical & Subtropical Moist Broadleaf Forests,Neotropic
557,_ron_2030y_SOC,cf_std,7.2834134,Sierra Madre de Oaxaca pine-oak forests,3.0,Tropical & Subtropical Coniferous Forests,Neotropic
558,_ron_2030y_SOC,cf_std,16.00764,Sierra Madre del Sur pine-oak forests,3.0,Tropical & Subtropical Coniferous Forests,Neotropic
326,_ron_2030y_SOC,cf_std,6.2200723,Sierra Madre Occidental pine-oak forests,3.0,Tropical & Subtropical Coniferous Forests,Nearctic
327,_ron_2030y_SOC,cf_std,7.9588084,Sierra Madre Oriental pine-oak forests,3.0,Tropical & Subtropical Coniferous Forests,Nearctic
366,_ron_2030y_SOC,cf_std,10.739588,Sierra Nevada forests,5.0,Temperate Conifer Forests,Nearctic
214,_ron_2030y_SOC,cf_std,4.2296143,Simpson desert,13.0,Deserts & Xeric Shrublands,Australasia
545,_ron_2030y_SOC,cf_std,9.069451,Sinaloan dry forests,2.0,Tropical & Subtropical Dry Broadleaf Forests,Neotropic
546,_ron_2030y_SOC,cf_std,27.988714,Sinú Valley dry forests,2.0,Tropical & Subtropical Dry Broadleaf Forests,Neotropic
434,_ron_2030y_SOC,cf_std,9.253801,Snake-Columbia shrub steppe,13.0,Deserts & Xeric Shrublands,Nearctic
630,_ron_2030y_SOC,cf_std,,Society Islands tropical moist forests,1.0,Tropical & Subtropical Moist Broadleaf Forests,Oceania
105,_ron_2030y_SOC,cf_std,3.9332945,Socotra Island xeric shrublands,13.0,Deserts & Xeric Shrublands,Afrotropic
503,_ron_2030y_SOC,cf_std,,Solimões-Japurá moist forests,1.0,Tropical & Subtropical Moist Broadleaf Forests,Neotropic
152,_ron_2030y_SOC,cf_std,,Solomon Islands rain forests,1.0,Tropical & Subtropical Moist Broadleaf Forests,Australasia
55,_ron_2030y_SOC,cf_std,8.555324,Somali Acacia-Commiphora bushlands and thickets,7.0,"Tropical & Subtropical Grasslands, Savannas & Shrublands",Afrotropic
324,_ron_2030y_SOC,cf_std,16.9091,Sonoran-Sinaloan subtropical dry forest,2.0,Tropical & Subtropical Dry Broadleaf Forests,Nearctic
435,_ron_2030y_SOC,cf_std,16.299524,Sonoran desert,13.0,Deserts & Xeric Shrublands,Nearctic
615,_ron_2030y_SOC,cf_std,,South American Pacific mangroves,14.0,Mangroves,Neotropic
130,_ron_2030y_SOC,cf_std,,South Antarctic Peninsula tundra,11.0,Tundra,Antarctica
802,_ron_2030y_SOC,cf_std,30.844515,South Apennine mixed montane forests,12.0,"Mediterranean Forests, Woodlands & Scrub",Palearctic
367,_ron_2030y_SOC,cf_std,5.931709,South Central Rockies forests,5.0,Temperate Conifer Forests,Nearctic
268,_ron_2030y_SOC,cf_std,19.309284,South China-Vietnam subtropical evergreen forests,1.0,Tropical & Subtropical Moist Broadleaf Forests,Indomalayan
267,_ron_2030y_SOC,cf_std,,South China Sea Islands,1.0,Tropical & Subtropical Moist Broadleaf Forests,Indomalayan
298,_ron_2030y_SOC,cf_std,5.043053,South Deccan Plateau dry deciduous forests,2.0,Tropical & Subtropical Dry Broadleaf Forests,Indomalayan
841,_ron_2030y_SOC,cf_std,1.5377085,South Iran Nubo-Sindian desert and semi-desert,13.0,Deserts & Xeric Shrublands,Palearctic
194,_ron_2030y_SOC,cf_std,15.743062,New Zealand South Island montane grasslands,10.0,Montane Grasslands & Shrublands,Australasia
172,_ron_2030y_SOC,cf_std,15.924507,New Zealand South Island temperate forests,4.0,Temperate Broadleaf & Mixed Forests,Australasia
131,_ron_2030y_SOC,cf_std,,South Orkney Islands tundra,11.0,Tundra,Antarctica
842,_ron_2030y_SOC,cf_std,2.5935001,South Sahara desert,13.0,Deserts & Xeric Shrublands,Palearctic
738,_ron_2030y_SOC,cf_std,6.674127,South Siberian forest steppe,8.0,"Temperate Grasslands, Savannas & Shrublands",Palearctic
269,_ron_2030y_SOC,cf_std,,South Taiwan monsoon rain forests,1.0,Tropical & Subtropical Moist Broadleaf Forests,Indomalayan
132,_ron_2030y_SOC,cf_std,,South Victoria Land tundra,11.0,Tundra,Antarctica
270,_ron_2030y_SOC,cf_std,4.263369,South Western Ghats moist deciduous forests,1.0,Tropical & Subtropical Moist Broadleaf Forests,Indomalayan
271,_ron_2030y_SOC,cf_std,18.787678,South Western Ghats montane rain forests,1.0,Tropical & Subtropical Moist Broadleaf Forests,Indomalayan
176,_ron_2030y_SOC,cf_std,24.39438,Southeast Australia temperate forests,4.0,Temperate Broadleaf & Mixed Forests,Australasia
192,_ron_2030y_SOC,cf_std,5.0764866,Southeast Australia temperate savanna,8.0,"Temperate Grasslands, Savannas & Shrublands",Australasia
765,_ron_2030y_SOC,cf_std,18.764967,Southeast Tibet shrublands and meadows,10.0,Montane Grasslands & Shrublands,Palearctic
400,_ron_2030y_SOC,cf_std,2.1047964,Southeast US mixed woodlands and savannas,8.0,"Temperate Grasslands, Savannas & Shrublands",Nearctic
399,_ron_2030y_SOC,cf_std,9.18305,Southeast US conifer savannas,8.0,"Temperate Grasslands, Savannas & Shrublands",Nearctic
803,_ron_2030y_SOC,cf_std,27.323172,Southeast Iberian shrubs and woodlands,12.0,"Mediterranean Forests, Woodlands & Scrub",Palearctic
299,_ron_2030y_SOC,cf_std,0.53895295,Southeast Indochina dry evergreen forests,2.0,Tropical & Subtropical Dry Broadleaf Forests,Indomalayan
153,_ron_2030y_SOC,cf_std,,Southeast Papuan rain forests,1.0,Tropical & Subtropical Moist Broadleaf Forests,Australasia
57,_ron_2030y_SOC,cf_std,7.847449,Southern Acacia-Commiphora bushlands and thickets,7.0,"Tropical & Subtropical Grasslands, Savannas & Shrublands",Afrotropic
116,_ron_2030y_SOC,cf_std,26.099546,Southern Africa mangroves,14.0,Mangroves,Afrotropic
804,_ron_2030y_SOC,cf_std,14.926372,Southern Anatolian montane conifer and deciduous forests,12.0,"Mediterranean Forests, Woodlands & Scrub",Palearctic
595,_ron_2030y_SOC,cf_std,7.3540897,Southern Andean steppe,10.0,Montane Grasslands & Shrublands,Neotropic
504,_ron_2030y_SOC,cf_std,8.309532,Southern Andean Yungas,1.0,Tropical & Subtropical Moist Broadleaf Forests,Neotropic
272,_ron_2030y_SOC,cf_std,,Southern Annamites montane rain forests,1.0,Tropical & Subtropical Moist Broadleaf Forests,Indomalayan
616,_ron_2030y_SOC,cf_std,23.272678,Southern Atlantic Brazilian mangroves,14.0,Mangroves,Neotropic
586,_ron_2030y_SOC,cf_std,5.111387,Southern Cone Mesopotamian savanna,9.0,Flooded Grasslands & Savannas,Neotropic
58,_ron_2030y_SOC,cf_std,2.892477,Southern Congolian forest-savanna,7.0,"Tropical & Subtropical Grasslands, Savannas & Shrublands",Afrotropic
342,_ron_2030y_SOC,cf_std,14.694323,Southern Great Lakes forests,4.0,Temperate Broadleaf & Mixed Forests,Nearctic
382,_ron_2030y_SOC,cf_std,8.378655,Southern Hudson Bay taiga,6.0,Boreal Forests/Taiga,Nearctic
133,_ron_2030y_SOC,cf_std,,Southern Indian Ocean Islands tundra,11.0,Tundra,Antarctica
681,_ron_2030y_SOC,cf_std,31.1776,Southern Korea evergreen forests,4.0,Temperate Broadleaf & Mixed Forests,Palearctic
617,_ron_2030y_SOC,cf_std,,Southern Mesoamerican Pacific mangroves,14.0,Mangroves,Neotropic
154,_ron_2030y_SOC,cf_std,,Southern New Guinea freshwater swamp forests,1.0,Tropical & Subtropical Moist Broadleaf Forests,Australasia
155,_ron_2030y_SOC,cf_std,,Southern New Guinea lowland rain forests,1.0,Tropical & Subtropical Moist Broadleaf Forests,Australasia
547,_ron_2030y_SOC,cf_std,28.697254,Southern Pacific dry forests,2.0,Tropical & Subtropical Dry Broadleaf Forests,Neotropic
87,_ron_2030y_SOC,cf_std,7.8483167,Southern Rift Montane forest-grassland,10.0,Montane Grasslands & Shrublands,Afrotropic
28,_ron_2030y_SOC,cf_std,11.230774,Southern Swahili coastal forests and woodlands,1.0,Tropical & Subtropical Moist Broadleaf Forests,Afrotropic
300,_ron_2030y_SOC,cf_std,,Southern Vietnam lowland dry forests,2.0,Tropical & Subtropical Dry Broadleaf Forests,Indomalayan
505,_ron_2030y_SOC,cf_std,7.48188,Southwest Amazon moist forests,1.0,Tropical & Subtropical Moist Broadleaf Forests,Neotropic
108,_ron_2030y_SOC,cf_std,3.79692,Southwest Arabian Escarpment shrublands and woodlands,13.0,Deserts & Xeric Shrublands,Afrotropic
109,_ron_2030y_SOC,cf_std,4.1845016,Southwest Arabian highland xeric scrub,13.0,Deserts & Xeric Shrublands,Afrotropic
205,_ron_2030y_SOC,cf_std,8.397357,Southwest Australia savanna,12.0,"Mediterranean Forests, Woodlands & Scrub",Australasia
206,_ron_2030y_SOC,cf_std,27.294004,Southwest Australia woodlands,12.0,"Mediterranean Forests, Woodlands & Scrub",Australasia
273,_ron_2030y_SOC,cf_std,,Southwest Borneo freshwater swamp forests,1.0,Tropical & Subtropical Moist Broadleaf Forests,Indomalayan
805,_ron_2030y_SOC,cf_std,21.226315,Southwest Iberian Mediterranean sclerophyllous and mixed forests,12.0,"Mediterranean Forests, Woodlands & Scrub",Palearctic
301,_ron_2030y_SOC,cf_std,,Sri Lanka dry-zone dry evergreen forests,2.0,Tropical & Subtropical Dry Broadleaf Forests,Indomalayan
274,_ron_2030y_SOC,cf_std,,Sri Lanka lowland rain forests,1.0,Tropical & Subtropical Moist Broadleaf Forests,Indomalayan
275,_ron_2030y_SOC,cf_std,,Sri Lanka montane rain forests,1.0,Tropical & Subtropical Moist Broadleaf Forests,Indomalayan
609,_ron_2030y_SOC,cf_std,,St. Peter and St. Paul Rocks,13.0,Deserts & Xeric Shrublands,Neotropic
110,_ron_2030y_SOC,cf_std,4.7685714,Succulent Karoo xeric shrublands,13.0,Deserts & Xeric Shrublands,Afrotropic
74,_ron_2030y_SOC,cf_std,,Sudd flooded grasslands,9.0,Flooded Grasslands & Savannas,Afrotropic
746,_ron_2030y_SOC,cf_std,4.2613244,Suiphun-Khanka meadows and forest meadows,9.0,Flooded Grasslands & Savannas,Palearctic
766,_ron_2030y_SOC,cf_std,8.070392,Sulaiman Range alpine meadows,10.0,Montane Grasslands & Shrublands,Palearctic
157,_ron_2030y_SOC,cf_std,,Sulawesi montane rain forests,1.0,Tropical & Subtropical Moist Broadleaf Forests,Australasia
276,_ron_2030y_SOC,cf_std,,Sulu Archipelago rain forests,1.0,Tropical & Subtropical Moist Broadleaf Forests,Indomalayan
277,_ron_2030y_SOC,cf_std,,Sumatran freshwater swamp forests,1.0,Tropical & Subtropical Moist Broadleaf Forests,Indomalayan
278,_ron_2030y_SOC,cf_std,,Sumatran lowland rain forests,1.0,Tropical & Subtropical Moist Broadleaf Forests,Indomalayan
279,_ron_2030y_SOC,cf_std,,Sumatran montane rain forests,1.0,Tropical & Subtropical Moist Broadleaf Forests,Indomalayan
280,_ron_2030y_SOC,cf_std,,Sumatran peat swamp forests,1.0,Tropical & Subtropical Moist Broadleaf Forests,Indomalayan
305,_ron_2030y_SOC,cf_std,,Sumatran tropical pine forests,3.0,Tropical & Subtropical Coniferous Forests,Indomalayan
165,_ron_2030y_SOC,cf_std,,Sumba deciduous forests,2.0,Tropical & Subtropical Dry Broadleaf Forests,Australasia
322,_ron_2030y_SOC,cf_std,,Sunda Shelf mangroves,14.0,Mangroves,Indomalayan
281,_ron_2030y_SOC,cf_std,,Sundaland heath forests,1.0,Tropical & Subtropical Moist Broadleaf Forests,Indomalayan
282,_ron_2030y_SOC,cf_std,5.7967663,Sundarbans freshwater swamp forests,1.0,Tropical & Subtropical Moist Broadleaf Forests,Indomalayan
323,_ron_2030y_SOC,cf_std,21.385462,Sundarbans mangroves,14.0,Mangroves,Indomalayan
739,_ron_2030y_SOC,cf_std,5.4900565,Syrian xeric grasslands and shrublands,8.0,"Temperate Grasslands, Savannas & Shrublands",Palearctic
682,_ron_2030y_SOC,cf_std,23.85542,Taiheiyo evergreen forests,4.0,Temperate Broadleaf & Mixed Forests,Palearctic
683,_ron_2030y_SOC,cf_std,15.583919,Taiheiyo montane deciduous forests,4.0,Temperate Broadleaf & Mixed Forests,Palearctic
781,_ron_2030y_SOC,cf_std,,Taimyr-Central Siberian tundra,11.0,Tundra,Palearctic
283,_ron_2030y_SOC,cf_std,,Taiwan subtropical evergreen forests,1.0,Tropical & Subtropical Moist Broadleaf Forests,Indomalayan
843,_ron_2030y_SOC,cf_std,6.936175,Taklimakan desert,13.0,Deserts & Xeric Shrublands,Palearctic
506,_ron_2030y_SOC,cf_std,,Talamancan montane forests,1.0,Tropical & Subtropical Moist Broadleaf Forests,Neotropic
436,_ron_2030y_SOC,cf_std,5.6086392,Tamaulipan matorral,13.0,Deserts & Xeric Shrublands,Nearctic
437,_ron_2030y_SOC,cf_std,4.5625024,Tamaulipan mezquital,13.0,Deserts & Xeric Shrublands,Nearctic
507,_ron_2030y_SOC,cf_std,,Tapajós-Xingu moist forests,1.0,Tropical & Subtropical Moist Broadleaf Forests,Neotropic
684,_ron_2030y_SOC,cf_std,7.0187573,Tarim Basin deciduous forests and steppe,4.0,Temperate Broadleaf & Mixed Forests,Palearctic
177,_ron_2030y_SOC,cf_std,16.403645,Tasmanian Central Highland forests,4.0,Temperate Broadleaf & Mixed Forests,Australasia
178,_ron_2030y_SOC,cf_std,27.904428,Tasmanian temperate forests,4.0,Temperate Broadleaf & Mixed Forests,Australasia
179,_ron_2030y_SOC,cf_std,15.632374,Tasmanian temperate rain forests,4.0,Temperate Broadleaf & Mixed Forests,Australasia
610,_ron_2030y_SOC,cf_std,5.6646852,Tehuacán Valley matorral,13.0,Deserts & Xeric Shrublands,Neotropic
284,_ron_2030y_SOC,cf_std,2.2918646,Tenasserim-South Thailand semi-evergreen rain forests,1.0,Tropical & Subtropical Moist Broadleaf Forests,Indomalayan
311,_ron_2030y_SOC,cf_std,4.1361985,Terai-Duar savanna and grasslands,7.0,"Tropical & Subtropical Grasslands, Savannas & Shrublands",Indomalayan
401,_ron_2030y_SOC,cf_std,3.3640435,Texas blackland prairies,8.0,"Temperate Grasslands, Savannas & Shrublands",Nearctic
318,_ron_2030y_SOC,cf_std,1.3103371,Thar desert,13.0,Deserts & Xeric Shrublands,Indomalayan
740,_ron_2030y_SOC,cf_std,9.307691,Tian Shan foothill arid steppe,8.0,"Temperate Grasslands, Savannas & Shrublands",Palearctic
709,_ron_2030y_SOC,cf_std,15.548008,Tian Shan montane conifer forests,5.0,Temperate Conifer Forests,Palearctic
767,_ron_2030y_SOC,cf_std,15.511621,Tian Shan montane steppe and meadows,10.0,Montane Grasslands & Shrublands,Palearctic
844,_ron_2030y_SOC,cf_std,1.9995587,Tibesti-Jebel Uweinat montane xeric woodlands,13.0,Deserts & Xeric Shrublands,Palearctic
768,_ron_2030y_SOC,cf_std,7.4709635,Tibetan Plateau alpine shrublands and meadows,10.0,Montane Grasslands & Shrublands,Palearctic
747,_ron_2030y_SOC,cf_std,2.1979845,Tigris-Euphrates alluvial salt marsh,9.0,Flooded Grasslands & Savannas,Palearctic
166,_ron_2030y_SOC,cf_std,,Timor and Wetar deciduous forests,2.0,Tropical & Subtropical Dry Broadleaf Forests,Australasia
215,_ron_2030y_SOC,cf_std,4.6905017,Tirari-Sturt stony desert,13.0,Deserts & Xeric Shrublands,Australasia
631,_ron_2030y_SOC,cf_std,,Tongan tropical moist forests,1.0,Tropical & Subtropical Moist Broadleaf Forests,Oceania
286,_ron_2030y_SOC,cf_std,,Tonle Sap-Mekong peat swamp forests,1.0,Tropical & Subtropical Moist Broadleaf Forests,Indomalayan
285,_ron_2030y_SOC,cf_std,,Tonle Sap freshwater swamp forests,1.0,Tropical & Subtropical Moist Broadleaf Forests,Indomalayan
421,_ron_2030y_SOC,cf_std,,Torngat Mountain tundra,11.0,Tundra,Nearctic
782,_ron_2030y_SOC,cf_std,6.283415,Trans-Baikal Bald Mountain tundra,11.0,Tundra,Palearctic
718,_ron_2030y_SOC,cf_std,5.9930415,Trans-Baikal conifer forests,6.0,Boreal Forests/Taiga,Palearctic
559,_ron_2030y_SOC,cf_std,10.67529,Trans-Mexican Volcanic Belt pine-oak forests,3.0,Tropical & Subtropical Coniferous Forests,Neotropic
188,_ron_2030y_SOC,cf_std,,Trans Fly savanna and grasslands,7.0,"Tropical & Subtropical Grasslands, Savannas & Shrublands",Australasia
134,_ron_2030y_SOC,cf_std,,Transantarctic Mountains tundra,11.0,Tundra,Antarctica
510,_ron_2030y_SOC,cf_std,,Trinidad and Tobago moist forest,1.0,Tropical & Subtropical Moist Broadleaf Forests,Neotropic
68,_ron_2030y_SOC,cf_std,,Tristan Da Cunha-Gough Islands shrub and grasslands,8.0,"Temperate Grasslands, Savannas & Shrublands",Afrotropic
158,_ron_2030y_SOC,cf_std,,Trobriand Islands rain forests,1.0,Tropical & Subtropical Moist Broadleaf Forests,Australasia
632,_ron_2030y_SOC,cf_std,,Tuamotu tropical moist forests,1.0,Tropical & Subtropical Moist Broadleaf Forests,Oceania
633,_ron_2030y_SOC,cf_std,,Tubuai tropical moist forests,1.0,Tropical & Subtropical Moist Broadleaf Forests,Oceania
549,_ron_2030y_SOC,cf_std,10.280202,Tumbes-Piura dry forests,2.0,Tropical & Subtropical Dry Broadleaf Forests,Neotropic
806,_ron_2030y_SOC,cf_std,33.80296,Tyrrhenian-Adriatic sclerophyllous and mixed forests,12.0,"Mediterranean Forests, Woodlands & Scrub",Palearctic
511,_ron_2030y_SOC,cf_std,,Uatumã-Trombetas moist forests,1.0,Tropical & Subtropical Moist Broadleaf Forests,Neotropic
512,_ron_2030y_SOC,cf_std,6.024513,Ucayali moist forests,1.0,Tropical & Subtropical Moist Broadleaf Forests,Neotropic
287,_ron_2030y_SOC,cf_std,3.6080432,Upper Gangetic Plains moist deciduous forests,1.0,Tropical & Subtropical Moist Broadleaf Forests,Indomalayan
343,_ron_2030y_SOC,cf_std,11.458918,Upper Midwest US forest-savanna transition,4.0,Temperate Broadleaf & Mixed Forests,Nearctic
719,_ron_2030y_SOC,cf_std,14.476685,Urals montane forest and taiga,6.0,Boreal Forests/Taiga,Palearctic
574,_ron_2030y_SOC,cf_std,13.784141,Uruguayan savanna,7.0,"Tropical & Subtropical Grasslands, Savannas & Shrublands",Neotropic
685,_ron_2030y_SOC,cf_std,11.017991,Ussuri broadleaf and mixed forests,4.0,Temperate Broadleaf & Mixed Forests,Palearctic
563,_ron_2030y_SOC,cf_std,24.2719,Valdivian temperate forests,4.0,Temperate Broadleaf & Mixed Forests,Neotropic
159,_ron_2030y_SOC,cf_std,,Vanuatu rain forests,1.0,Tropical & Subtropical Moist Broadleaf Forests,Australasia
513,_ron_2030y_SOC,cf_std,,Venezuelan Andes montane forests,1.0,Tropical & Subtropical Moist Broadleaf Forests,Neotropic
550,_ron_2030y_SOC,cf_std,1.9919546,Veracruz dry forests,2.0,Tropical & Subtropical Dry Broadleaf Forests,Neotropic
514,_ron_2030y_SOC,cf_std,20.677784,Veracruz moist forests,1.0,Tropical & Subtropical Moist Broadleaf Forests,Neotropic
515,_ron_2030y_SOC,cf_std,2.4182582,Veracruz montane forests,1.0,Tropical & Subtropical Moist Broadleaf Forests,Neotropic
189,_ron_2030y_SOC,cf_std,1.2866694,Victoria Plains tropical savanna,7.0,"Tropical & Subtropical Grasslands, Savannas & Shrublands",Australasia
161,_ron_2030y_SOC,cf_std,,Vogelkop-Aru lowland rain forests,1.0,Tropical & Subtropical Moist Broadleaf Forests,Australasia
160,_ron_2030y_SOC,cf_std,,Vogelkop montane rain forests,1.0,Tropical & Subtropical Moist Broadleaf Forests,Australasia
368,_ron_2030y_SOC,cf_std,9.09921,Wasatch and Uinta montane forests,5.0,Temperate Conifer Forests,Nearctic
383,_ron_2030y_SOC,cf_std,8.748459,Watson Highlands taiga,6.0,Boreal Forests/Taiga,Nearctic
845,_ron_2030y_SOC,cf_std,1.2229306,West Sahara desert,13.0,Deserts & Xeric Shrublands,Palearctic
846,_ron_2030y_SOC,cf_std,1.4076453,West Saharan montane xeric woodlands,13.0,Deserts & Xeric Shrublands,Palearctic
720,_ron_2030y_SOC,cf_std,8.355041,West Siberian taiga,6.0,Boreal Forests/Taiga,Palearctic
62,_ron_2030y_SOC,cf_std,1.4943769,West Sudanian savanna,7.0,"Tropical & Subtropical Grasslands, Savannas & Shrublands",Afrotropic
216,_ron_2030y_SOC,cf_std,3.6861632,Western Australian Mulga shrublands,13.0,Deserts & Xeric Shrublands,Australasia
29,_ron_2030y_SOC,cf_std,,Western Congolian swamp forests,1.0,Tropical & Subtropical Moist Broadleaf Forests,Afrotropic
516,_ron_2030y_SOC,cf_std,2.2803843,Western Ecuador moist forests,1.0,Tropical & Subtropical Moist Broadleaf Forests,Neotropic
686,_ron_2030y_SOC,cf_std,10.853016,Western European broadleaf forests,4.0,Temperate Broadleaf & Mixed Forests,Palearctic
344,_ron_2030y_SOC,cf_std,11.494179,Western Great Lakes forests,4.0,Temperate Broadleaf & Mixed Forests,Nearctic
30,_ron_2030y_SOC,cf_std,,Western Guinean lowland forests,1.0,Tropical & Subtropical Moist Broadleaf Forests,Afrotropic
384,_ron_2030y_SOC,cf_std,31.094841,Western Gulf coastal grasslands,7.0,"Tropical & Subtropical Grasslands, Savannas & Shrublands",Nearctic
769,_ron_2030y_SOC,cf_std,10.197878,Western Himalayan alpine shrub and meadows,10.0,Montane Grasslands & Shrublands,Palearctic
308,_ron_2030y_SOC,cf_std,11.87852,Western Himalayan broadleaf forests,4.0,Temperate Broadleaf & Mixed Forests,Indomalayan
310,_ron_2030y_SOC,cf_std,17.636776,Western Himalayan subalpine conifer forests,5.0,Temperate Conifer Forests,Indomalayan
288,_ron_2030y_SOC,cf_std,,Western Java montane rain forests,1.0,Tropical & Subtropical Moist Broadleaf Forests,Indomalayan
289,_ron_2030y_SOC,cf_std,,Western Java rain forests,1.0,Tropical & Subtropical Moist Broadleaf Forests,Indomalayan
634,_ron_2030y_SOC,cf_std,,Western Polynesian tropical moist forests,1.0,Tropical & Subtropical Moist Broadleaf Forests,Oceania
402,_ron_2030y_SOC,cf_std,6.8472204,Western shortgrass prairie,8.0,"Temperate Grasslands, Savannas & Shrublands",Nearctic
687,_ron_2030y_SOC,cf_std,8.128273,Western Siberian hemiboreal forests,4.0,Temperate Broadleaf & Mixed Forests,Palearctic
180,_ron_2030y_SOC,cf_std,3.1311255,Westland temperate forests,4.0,Temperate Broadleaf & Mixed Forests,Australasia
403,_ron_2030y_SOC,cf_std,4.3240285,Willamette Valley oak savanna,8.0,"Temperate Grasslands, Savannas & Shrublands",Nearctic
517,_ron_2030y_SOC,cf_std,,Windward Islands moist forests,1.0,Tropical & Subtropical Moist Broadleaf Forests,Neotropic
783,_ron_2030y_SOC,cf_std,,Wrangel Island Arctic desert,11.0,Tundra,Palearctic
438,_ron_2030y_SOC,cf_std,8.800427,Wyoming Basin shrub steppe,13.0,Deserts & Xeric Shrublands,Nearctic
518,_ron_2030y_SOC,cf_std,,Xingu-Tocantins-Araguaia moist forests,1.0,Tropical & Subtropical Moist Broadleaf Forests,Neotropic
784,_ron_2030y_SOC,cf_std,,Yamal-Gydan tundra,11.0,Tundra,Palearctic
638,_ron_2030y_SOC,cf_std,,Yap tropical dry forests,2.0,Tropical & Subtropical Dry Broadleaf Forests,Oceania
162,_ron_2030y_SOC,cf_std,,Yapen rain forests,1.0,Tropical & Subtropical Moist Broadleaf Forests,Australasia
770,_ron_2030y_SOC,cf_std,7.3397484,Yarlung Zanbo arid steppe,10.0,Montane Grasslands & Shrublands,Palearctic
748,_ron_2030y_SOC,cf_std,29.047976,Yellow Sea saline meadow,9.0,Flooded Grasslands & Savannas,Palearctic
551,_ron_2030y_SOC,cf_std,,Yucatán dry forests,2.0,Tropical & Subtropical Dry Broadleaf Forests,Neotropic
519,_ron_2030y_SOC,cf_std,,Yucatán moist forests,1.0,Tropical & Subtropical Moist Broadleaf Forests,Neotropic
643,_ron_2030y_SOC,cf_std,8.292287,Yunnan Plateau subtropical evergreen forests,1.0,Tropical & Subtropical Moist Broadleaf Forests,Palearctic
688,_ron_2030y_SOC,cf_std,5.117186,Zagros Mountains forest steppe,4.0,Temperate Broadleaf & Mixed Forests,Palearctic
66,_ron_2030y_SOC,cf_std,5.050811,Zambezian-Limpopo mixed woodlands,7.0,"Tropical & Subtropical Grasslands, Savannas & Shrublands",Afrotropic
64,_ron_2030y_SOC,cf_std,5.108192,Zambezian Baikiaea woodlands,7.0,"Tropical & Subtropical Grasslands, Savannas & Shrublands",Afrotropic
75,_ron_2030y_SOC,cf_std,2.4357123,Zambezian coastal flooded savanna,9.0,Flooded Grasslands & Savannas,Afrotropic
42,_ron_2030y_SOC,cf_std,5.3949394,Dry miombo woodlands,7.0,"Tropical & Subtropical Grasslands, Savannas & Shrublands",Afrotropic
33,_ron_2030y_SOC,cf_std,4.4043403,Zambezian evergreen dry forests,2.0,Tropical & Subtropical Dry Broadleaf Forests,Afrotropic
76,_ron_2030y_SOC,cf_std,6.363736,Zambezian flooded grasslands,9.0,Flooded Grasslands & Savannas,Afrotropic
65,_ron_2030y_SOC,cf_std,4.818225,Zambezian mopane woodlands,7.0,"Tropical & Subtropical Grasslands, Savannas & Shrublands",Afrotropic
524,_ron_2030y_SOC,cf_std,2.4297574,Brazilian Atlantic dry forests,2.0,Tropical & Subtropical Dry Broadleaf Forests,Neotropic
380,_ron_2030y_SOC,cf_std,7.189339,Northern Cordillera forests,6.0,Boreal Forests/Taiga,Nearctic
60,_ron_2030y_SOC,cf_std,,St. Helena scrub and woodlands,7.0,"Tropical & Subtropical Grasslands, Savannas & Shrublands",Afrotropic
61,_ron_2030y_SOC,cf_std,5.3107824,Victoria Basin forest-savanna,7.0,"Tropical & Subtropical Grasslands, Savannas & Shrublands",Afrotropic
63,_ron_2030y_SOC,cf_std,2.8740444,Western Congolian forest-savanna,7.0,"Tropical & Subtropical Grasslands, Savannas & Shrublands",Afrotropic
78,_ron_2030y_SOC,cf_std,7.2907267,East African montane moorlands,10.0,Montane Grasslands & Shrublands,Afrotropic
365,_ron_2030y_SOC,cf_std,26.64694,Queen Charlotte Islands conifer forests,5.0,Temperate Conifer Forests,Nearctic
360,_ron_2030y_SOC,cf_std,17.982166,Northern Pacific Alaskan coastal forests,5.0,Temperate Conifer Forests,Nearctic
381,_ron_2030y_SOC,cf_std,3.5661135,Northwest Territories taiga,6.0,Boreal Forests/Taiga,Nearctic
107,_ron_2030y_SOC,cf_std,19.386057,Southwest Arabian coastal xeric shrublands,13.0,Deserts & Xeric Shrublands,Afrotropic
811,_ron_2030y_SOC,cf_std,23.61096,Arabian-Persian Gulf coastal plain desert,13.0,Deserts & Xeric Shrublands,Palearctic
840,_ron_2030y_SOC,cf_std,7.4100323,South Arabian plains and plateau desert,13.0,Deserts & Xeric Shrublands,Palearctic
809,_ron_2030y_SOC,cf_std,2.6641312,Arabian desert,13.0,Deserts & Xeric Shrublands,Palearctic
552,_ron_2030y_SOC,cf_std,,Bahamian pineyards,3.0,Tropical & Subtropical Coniferous Forests,Neotropic
96,_ron_2030y_SOC,cf_std,,Ile Europa and Bassas da India xeric scrub,13.0,Deserts & Xeric Shrublands,Afrotropic
773,_ron_2030y_SOC,cf_std,6.571677,Kamchatka tundra,11.0,Tundra,Palearctic
508,_ron_2030y_SOC,cf_std,,Tocantins/Pindare moist forests,1.0,Tropical & Subtropical Moist Broadleaf Forests,Neotropic
417,_ron_2030y_SOC,cf_std,,Kalaallit Nunaat Arctic steppe,11.0,Tundra,Nearctic
358,_ron_2030y_SOC,cf_std,11.6326,North Cascades conifer forests,5.0,Temperate Conifer Forests,Nearctic
361,_ron_2030y_SOC,cf_std,11.525146,Northern Rockies conifer forests,5.0,Temperate Conifer Forests,Nearctic
509,_ron_2030y_SOC,cf_std,,Trindade-Martin Vaz Islands tropical forests,1.0,Tropical & Subtropical Moist Broadleaf Forests,Neotropic
59,_ron_2030y_SOC,cf_std,4.5005617,Southwest Arabian montane woodlands and grasslands,7.0,"Tropical & Subtropical Grasslands, Savannas & Shrublands",Afrotropic
56,_ron_2030y_SOC,cf_std,17.965746,"South Arabian fog woodlands, shrublands, and dune",7.0,"Tropical & Subtropical Grasslands, Savannas & Shrublands",Afrotropic
548,_ron_2030y_SOC,cf_std,,Trinidad and Tobago dry forest,2.0,Tropical & Subtropical Dry Broadleaf Forests,Neotropic
537,_ron_2030y_SOC,cf_std,,Lesser Antillean dry forests,2.0,Tropical & Subtropical Dry Broadleaf Forests,Neotropic
672,_ron_2030y_SOC,cf_std,20.506363,North Atlantic moist mixed forests,4.0,Temperate Broadleaf & Mixed Forests,Palearctic
119,_ron_2030y_SOC,cf_std,,Dronning Maud Land tundra,11.0,Tundra,Antarctica
124,_ron_2030y_SOC,cf_std,,Marie Byrd Land tundra,11.0,Tundra,Antarctica
156,_ron_2030y_SOC,cf_std,,Sulawesi lowland rain forests,1.0,Tropical & Subtropical Moist Broadleaf Forests,Australasia
8,_ron_2030y_SOC,cf_std,9.996649,East African montane forests,1.0,Tropical & Subtropical Moist Broadleaf Forests,Afrotropic
9,_ron_2030y_SOC,cf_std,5.9758067,Eastern Arc forests,1.0,Tropical & Subtropical Moist Broadleaf Forests,Afrotropic
220,_ron_2030y_SOC,cf_std,,Borneo montane rain forests,1.0,Tropical & Subtropical Moist Broadleaf Forests,Indomalayan
313,_ron_2030y_SOC,cf_std,,Kinabalu montane alpine meadows,10.0,Montane Grasslands & Shrublands,Indomalayan
117,_roff_2030y_SOC,cf_mean,,Adelie Land tundra,11.0,Tundra,Antarctica
135,_roff_2030y_SOC,cf_mean,,Admiralty Islands lowland rain forests,1.0,Tropical & Subtropical Moist Broadleaf Forests,Australasia
785,_roff_2030y_SOC,cf_mean,34.10707,Aegean and Western Turkey sclerophyllous and mixed forests,12.0,"Mediterranean Forests, Woodlands & Scrub",Palearctic
807,_roff_2030y_SOC,cf_mean,31.304518,Afghan Mountains semi-desert,13.0,Deserts & Xeric Shrublands,Palearctic
404,_roff_2030y_SOC,cf_mean,82.01487,Ahklun and Kilbuck Upland Tundra,11.0,Tundra,Nearctic
722,_roff_2030y_SOC,cf_mean,8.516438,Al-Hajar foothill xeric woodlands and shrublands,8.0,"Temperate Grasslands, Savannas & Shrublands",Palearctic
723,_roff_2030y_SOC,cf_mean,11.407104,Al-Hajar montane woodlands and shrublands,8.0,"Temperate Grasslands, Savannas & Shrublands",Palearctic
721,_roff_2030y_SOC,cf_mean,23.456789,Alai-Western Tian Shan steppe,8.0,"Temperate Grasslands, Savannas & Shrublands",Palearctic
808,_roff_2030y_SOC,cf_mean,16.869427,Alashan Plateau semi-desert,13.0,Deserts & Xeric Shrublands,Palearctic
405,_roff_2030y_SOC,cf_mean,68.14315,Alaska-St. Elias Range tundra,11.0,Tundra,Nearctic
369,_roff_2030y_SOC,cf_mean,74.074715,Alaska Peninsula montane taiga,6.0,Boreal Forests/Taiga,Nearctic
88,_roff_2030y_SOC,cf_mean,25.326187,Albany thickets,12.0,"Mediterranean Forests, Woodlands & Scrub",Afrotropic
345,_roff_2030y_SOC,cf_mean,34.413372,Alberta-British Columbia foothills forests,5.0,Temperate Conifer Forests,Nearctic
1,_roff_2030y_SOC,cf_mean,42.83319,Albertine Rift montane forests,1.0,Tropical & Subtropical Moist Broadleaf Forests,Afrotropic
91,_roff_2030y_SOC,cf_mean,,Aldabra Island xeric scrub,13.0,Deserts & Xeric Shrublands,Afrotropic
406,_roff_2030y_SOC,cf_mean,,Aleutian Islands tundra,11.0,Tundra,Nearctic
328,_roff_2030y_SOC,cf_mean,43.003296,Allegheny Highlands forests,4.0,Temperate Broadleaf & Mixed Forests,Nearctic
689,_roff_2030y_SOC,cf_mean,58.46463,Alps conifer and mixed forests,5.0,Temperate Conifer Forests,Palearctic
749,_roff_2030y_SOC,cf_mean,44.724434,Altai alpine meadow and tundra,10.0,Montane Grasslands & Shrublands,Palearctic
690,_roff_2030y_SOC,cf_mean,38.64501,Altai montane forest and forest steppe,5.0,Temperate Conifer Forests,Palearctic
724,_roff_2030y_SOC,cf_mean,41.20942,Altai steppe and semi-desert,8.0,"Temperate Grasslands, Savannas & Shrublands",Palearctic
439,_roff_2030y_SOC,cf_mean,24.610052,Alto Paraná Atlantic forests,1.0,Tropical & Subtropical Moist Broadleaf Forests,Neotropic
611,_roff_2030y_SOC,cf_mean,,Amazon-Orinoco-Southern Caribbean mangroves,14.0,Mangroves,Neotropic
67,_roff_2030y_SOC,cf_mean,,Amsterdam-Saint Paul Islands temperate grasslands,8.0,"Temperate Grasslands, Savannas & Shrublands",Afrotropic
741,_roff_2030y_SOC,cf_mean,56.966278,Amur meadow steppe,9.0,Flooded Grasslands & Savannas,Palearctic
786,_roff_2030y_SOC,cf_mean,33.692787,Anatolian conifer and deciduous mixed forests,12.0,"Mediterranean Forests, Woodlands & Scrub",Palearctic
218,_roff_2030y_SOC,cf_mean,,Andaman Islands rain forests,1.0,Tropical & Subtropical Moist Broadleaf Forests,Indomalayan
77,_roff_2030y_SOC,cf_mean,19.011482,Angolan montane forest-grassland,10.0,Montane Grasslands & Shrublands,Afrotropic
34,_roff_2030y_SOC,cf_mean,10.165412,Angolan mopane woodlands,7.0,"Tropical & Subtropical Grasslands, Savannas & Shrublands",Afrotropic
35,_roff_2030y_SOC,cf_mean,20.29218,Angolan scarp savanna and woodlands,7.0,"Tropical & Subtropical Grasslands, Savannas & Shrublands",Afrotropic
36,_roff_2030y_SOC,cf_mean,14.486531,Angolan wet miombo woodlands,7.0,"Tropical & Subtropical Grasslands, Savannas & Shrublands",Afrotropic
196,_roff_2030y_SOC,cf_mean,,Antipodes Subantarctic Islands tundra,11.0,Tundra,Australasia
331,_roff_2030y_SOC,cf_mean,37.40231,Appalachian-Blue Ridge forests,4.0,Temperate Broadleaf & Mixed Forests,Nearctic
329,_roff_2030y_SOC,cf_mean,37.01105,Appalachian mixed mesophytic forests,4.0,Temperate Broadleaf & Mixed Forests,Nearctic
330,_roff_2030y_SOC,cf_mean,26.409626,Appalachian Piedmont forests,4.0,Temperate Broadleaf & Mixed Forests,Nearctic
644,_roff_2030y_SOC,cf_mean,49.28773,Appenine deciduous montane forests,4.0,Temperate Broadleaf & Mixed Forests,Palearctic
520,_roff_2030y_SOC,cf_mean,53.619797,Apure-Villavicencio dry forests,2.0,Tropical & Subtropical Dry Broadleaf Forests,Neotropic
810,_roff_2030y_SOC,cf_mean,7.2728977,Arabian sand desert,13.0,Deserts & Xeric Shrublands,Palearctic
440,_roff_2030y_SOC,cf_mean,43.922905,Araucaria moist forests,1.0,Tropical & Subtropical Moist Broadleaf Forests,Neotropic
597,_roff_2030y_SOC,cf_mean,,Araya and Paria xeric scrub,13.0,Deserts & Xeric Shrublands,Neotropic
407,_roff_2030y_SOC,cf_mean,,Arctic coastal tundra,11.0,Tundra,Nearctic
778,_roff_2030y_SOC,cf_mean,,Russian Arctic desert,11.0,Tundra,Palearctic
408,_roff_2030y_SOC,cf_mean,,Arctic foothills tundra,11.0,Tundra,Nearctic
346,_roff_2030y_SOC,cf_mean,22.547009,Arizona Mountains forests,5.0,Temperate Conifer Forests,Nearctic
181,_roff_2030y_SOC,cf_mean,9.700226,Arnhem Land tropical savanna,7.0,"Tropical & Subtropical Grasslands, Savannas & Shrublands",Australasia
37,_roff_2030y_SOC,cf_mean,,Ascension scrub and grasslands,7.0,"Tropical & Subtropical Grasslands, Savannas & Shrublands",Afrotropic
598,_roff_2030y_SOC,cf_mean,15.720229,Atacama desert,13.0,Deserts & Xeric Shrublands,Neotropic
441,_roff_2030y_SOC,cf_mean,53.98088,Atlantic Coast restingas,1.0,Tropical & Subtropical Moist Broadleaf Forests,Neotropic
839,_roff_2030y_SOC,cf_mean,12.529977,Saharan Atlantic coastal desert,13.0,Deserts & Xeric Shrublands,Palearctic
347,_roff_2030y_SOC,cf_mean,42.238983,Atlantic coastal pine barrens,5.0,Temperate Conifer Forests,Nearctic
5,_roff_2030y_SOC,cf_mean,,Congolian coastal forests,1.0,Tropical & Subtropical Moist Broadleaf Forests,Afrotropic
664,_roff_2030y_SOC,cf_mean,39.27725,European Atlantic mixed forests,4.0,Temperate Broadleaf & Mixed Forests,Palearctic
193,_roff_2030y_SOC,cf_mean,53.556805,Australian Alps montane grasslands,10.0,Montane Grasslands & Shrublands,Australasia
812,_roff_2030y_SOC,cf_mean,35.463806,Azerbaijan shrub desert and steppe,13.0,Deserts & Xeric Shrublands,Palearctic
645,_roff_2030y_SOC,cf_mean,75.56299,Azores temperate mixed forests,4.0,Temperate Broadleaf & Mixed Forests,Palearctic
813,_roff_2030y_SOC,cf_mean,20.36491,Badghyz and Karabil semi-desert,13.0,Deserts & Xeric Shrublands,Palearctic
612,_roff_2030y_SOC,cf_mean,45.015656,Bahamian-Antillean mangroves,14.0,Mangroves,Neotropic
442,_roff_2030y_SOC,cf_mean,27.432755,Bahia coastal forests,1.0,Tropical & Subtropical Moist Broadleaf Forests,Neotropic
443,_roff_2030y_SOC,cf_mean,25.262028,Bahia interior forests,1.0,Tropical & Subtropical Moist Broadleaf Forests,Neotropic
426,_roff_2030y_SOC,cf_mean,10.484665,Baja California desert,13.0,Deserts & Xeric Shrublands,Nearctic
521,_roff_2030y_SOC,cf_mean,25.4019,Bajío dry forests,2.0,Tropical & Subtropical Dry Broadleaf Forests,Neotropic
646,_roff_2030y_SOC,cf_mean,33.550358,Balkan mixed forests,4.0,Temperate Broadleaf & Mixed Forests,Palearctic
522,_roff_2030y_SOC,cf_mean,25.063517,Balsas dry forests,2.0,Tropical & Subtropical Dry Broadleaf Forests,Neotropic
647,_roff_2030y_SOC,cf_mean,39.55765,Baltic mixed forests,4.0,Temperate Broadleaf & Mixed Forests,Palearctic
814,_roff_2030y_SOC,cf_mean,12.274172,Baluchistan xeric woodlands,13.0,Deserts & Xeric Shrublands,Palearctic
136,_roff_2030y_SOC,cf_mean,,Banda Sea Islands moist deciduous forests,1.0,Tropical & Subtropical Moist Broadleaf Forests,Australasia
564,_roff_2030y_SOC,cf_mean,,Belizian pine savannas,7.0,"Tropical & Subtropical Grasslands, Savannas & Shrublands",Neotropic
565,_roff_2030y_SOC,cf_mean,,Beni savanna,7.0,"Tropical & Subtropical Grasslands, Savannas & Shrublands",Neotropic
779,_roff_2030y_SOC,cf_mean,,Russian Bering tundra,11.0,Tundra,Palearctic
409,_roff_2030y_SOC,cf_mean,79.56644,Beringia lowland tundra,11.0,Tundra,Nearctic
410,_roff_2030y_SOC,cf_mean,,Beringia upland tundra,11.0,Tundra,Nearctic
325,_roff_2030y_SOC,cf_mean,,Bermuda subtropical conifer forests,3.0,Tropical & Subtropical Coniferous Forests,Nearctic
137,_roff_2030y_SOC,cf_mean,,Biak-Numfoor rain forests,1.0,Tropical & Subtropical Moist Broadleaf Forests,Australasia
348,_roff_2030y_SOC,cf_mean,35.953987,Blue Mountains forests,5.0,Temperate Conifer Forests,Nearctic
742,_roff_2030y_SOC,cf_mean,20.941826,Bohai Sea saline meadow,9.0,Flooded Grasslands & Savannas,Palearctic
523,_roff_2030y_SOC,cf_mean,34.03655,Bolivian montane dry forests,2.0,Tropical & Subtropical Dry Broadleaf Forests,Neotropic
444,_roff_2030y_SOC,cf_mean,46.59431,Bolivian Yungas,1.0,Tropical & Subtropical Moist Broadleaf Forests,Neotropic
219,_roff_2030y_SOC,cf_mean,43.397762,Borneo lowland rain forests,1.0,Tropical & Subtropical Moist Broadleaf Forests,Indomalayan
221,_roff_2030y_SOC,cf_mean,,Borneo peat swamp forests,1.0,Tropical & Subtropical Moist Broadleaf Forests,Indomalayan
222,_roff_2030y_SOC,cf_mean,24.13867,Brahmaputra Valley semi-evergreen forests,1.0,Tropical & Subtropical Moist Broadleaf Forests,Indomalayan
182,_roff_2030y_SOC,cf_mean,13.261204,Brigalow tropical savanna,7.0,"Tropical & Subtropical Grasslands, Savannas & Shrublands",Australasia
349,_roff_2030y_SOC,cf_mean,67.498405,British Columbia coastal conifer forests,5.0,Temperate Conifer Forests,Nearctic
411,_roff_2030y_SOC,cf_mean,,Brooks-British Range tundra,11.0,Tundra,Nearctic
138,_roff_2030y_SOC,cf_mean,42.376583,Buru rain forests,1.0,Tropical & Subtropical Moist Broadleaf Forests,Australasia
525,_roff_2030y_SOC,cf_mean,18.754452,Caatinga,2.0,Tropical & Subtropical Dry Broadleaf Forests,Neotropic
445,_roff_2030y_SOC,cf_mean,,Caatinga Enclaves moist forests,1.0,Tropical & Subtropical Moist Broadleaf Forests,Neotropic
691,_roff_2030y_SOC,cf_mean,68.37423,Caledon conifer forests,5.0,Temperate Conifer Forests,Palearctic
385,_roff_2030y_SOC,cf_mean,22.521996,California Central Valley grasslands,8.0,"Temperate Grasslands, Savannas & Shrublands",Nearctic
422,_roff_2030y_SOC,cf_mean,22.362347,California coastal sage and chaparral,12.0,"Mediterranean Forests, Woodlands & Scrub",Nearctic
423,_roff_2030y_SOC,cf_mean,29.319159,California interior chaparral and woodlands,12.0,"Mediterranean Forests, Woodlands & Scrub",Nearctic
424,_roff_2030y_SOC,cf_mean,21.79544,California montane chaparral and woodlands,12.0,"Mediterranean Forests, Woodlands & Scrub",Nearctic
2,_roff_2030y_SOC,cf_mean,39.581326,Cameroon Highlands forests,1.0,Tropical & Subtropical Moist Broadleaf Forests,Afrotropic
566,_roff_2030y_SOC,cf_mean,28.677118,Campos Rupestres montane savanna,7.0,"Tropical & Subtropical Grasslands, Savannas & Shrublands",Neotropic
386,_roff_2030y_SOC,cf_mean,54.822533,Canadian Aspen forests and parklands,8.0,"Temperate Grasslands, Savannas & Shrublands",Nearctic
413,_roff_2030y_SOC,cf_mean,,Canadian Low Arctic tundra,11.0,Tundra,Nearctic
787,_roff_2030y_SOC,cf_mean,44.641148,Canary Islands dry woodlands and forests,12.0,"Mediterranean Forests, Woodlands & Scrub",Palearctic
648,_roff_2030y_SOC,cf_mean,56.89755,Cantabrian mixed forests,4.0,Temperate Broadleaf & Mixed Forests,Palearctic
190,_roff_2030y_SOC,cf_mean,67.39182,Canterbury-Otago tussock grasslands,8.0,"Temperate Grasslands, Savannas & Shrublands",Australasia
31,_roff_2030y_SOC,cf_mean,38.67602,Cape Verde Islands dry forests,2.0,Tropical & Subtropical Dry Broadleaf Forests,Afrotropic
183,_roff_2030y_SOC,cf_mean,16.735052,Cape York Peninsula tropical savanna,7.0,"Tropical & Subtropical Grasslands, Savannas & Shrublands",Australasia
446,_roff_2030y_SOC,cf_mean,,Caqueta moist forests,1.0,Tropical & Subtropical Moist Broadleaf Forests,Neotropic
223,_roff_2030y_SOC,cf_mean,28.465387,Cardamom Mountains rain forests,1.0,Tropical & Subtropical Moist Broadleaf Forests,Indomalayan
599,_roff_2030y_SOC,cf_mean,,Caribbean shrublands,13.0,Deserts & Xeric Shrublands,Neotropic
207,_roff_2030y_SOC,cf_mean,14.660485,Carnarvon xeric shrublands,13.0,Deserts & Xeric Shrublands,Australasia
618,_roff_2030y_SOC,cf_mean,,Carolines tropical moist forests,1.0,Tropical & Subtropical Moist Broadleaf Forests,Oceania
692,_roff_2030y_SOC,cf_mean,44.22222,Carpathian montane forests,5.0,Temperate Conifer Forests,Palearctic
184,_roff_2030y_SOC,cf_mean,13.092816,Carpentaria tropical savanna,7.0,"Tropical & Subtropical Grasslands, Savannas & Shrublands",Australasia
649,_roff_2030y_SOC,cf_mean,36.68464,Caspian Hyrcanian mixed forests,4.0,Temperate Broadleaf & Mixed Forests,Palearctic
815,_roff_2030y_SOC,cf_mean,33.07537,Caspian lowland desert,13.0,Deserts & Xeric Shrublands,Palearctic
447,_roff_2030y_SOC,cf_mean,35.656654,Catatumbo moist forests,1.0,Tropical & Subtropical Moist Broadleaf Forests,Neotropic
526,_roff_2030y_SOC,cf_mean,55.616974,Cauca Valley dry forests,2.0,Tropical & Subtropical Dry Broadleaf Forests,Neotropic
448,_roff_2030y_SOC,cf_mean,62.514545,Cauca Valley montane forests,1.0,Tropical & Subtropical Moist Broadleaf Forests,Neotropic
650,_roff_2030y_SOC,cf_mean,52.569744,Caucasus mixed forests,4.0,Temperate Broadleaf & Mixed Forests,Palearctic
449,_roff_2030y_SOC,cf_mean,,Cayos Miskitos-San Andrés and Providencia moist forests,1.0,Tropical & Subtropical Moist Broadleaf Forests,Neotropic
651,_roff_2030y_SOC,cf_mean,64.57595,Celtic broadleaf forests,4.0,Temperate Broadleaf & Mixed Forests,Palearctic
816,_roff_2030y_SOC,cf_mean,20.574095,Central Afghan Mountains xeric woodlands,13.0,Deserts & Xeric Shrublands,Palearctic
111,_roff_2030y_SOC,cf_mean,,Central African mangroves,14.0,Mangroves,Afrotropic
450,_roff_2030y_SOC,cf_mean,36.91936,Central American Atlantic moist forests,1.0,Tropical & Subtropical Moist Broadleaf Forests,Neotropic
527,_roff_2030y_SOC,cf_mean,34.110813,Central American dry forests,2.0,Tropical & Subtropical Dry Broadleaf Forests,Neotropic
451,_roff_2030y_SOC,cf_mean,36.533997,Central American montane forests,1.0,Tropical & Subtropical Moist Broadleaf Forests,Neotropic
553,_roff_2030y_SOC,cf_mean,33.80166,Central American pine-oak forests,3.0,Tropical & Subtropical Coniferous Forests,Neotropic
725,_roff_2030y_SOC,cf_mean,27.15324,Central Anatolian steppe,8.0,"Temperate Grasslands, Savannas & Shrublands",Palearctic
652,_roff_2030y_SOC,cf_mean,30.854742,Central Anatolian steppe and woodlands,4.0,Temperate Broadleaf & Mixed Forests,Palearctic
352,_roff_2030y_SOC,cf_mean,48.875343,Central-Southern Cascades Forests,5.0,Temperate Conifer Forests,Nearctic
389,_roff_2030y_SOC,cf_mean,28.845495,Central-Southern US mixed grasslands,8.0,"Temperate Grasslands, Savannas & Shrublands",Nearctic
587,_roff_2030y_SOC,cf_mean,23.484676,Central Andean dry puna,10.0,Montane Grasslands & Shrublands,Neotropic
588,_roff_2030y_SOC,cf_mean,28.504774,Central Andean puna,10.0,Montane Grasslands & Shrublands,Neotropic
589,_roff_2030y_SOC,cf_mean,49.68758,Central Andean wet puna,10.0,Montane Grasslands & Shrublands,Neotropic
817,_roff_2030y_SOC,cf_mean,19.935228,Central Asian northern desert,13.0,Deserts & Xeric Shrublands,Palearctic
818,_roff_2030y_SOC,cf_mean,21.223583,Central Asian riparian woodlands,13.0,Deserts & Xeric Shrublands,Palearctic
819,_roff_2030y_SOC,cf_mean,15.148457,Central Asian southern desert,13.0,Deserts & Xeric Shrublands,Palearctic
350,_roff_2030y_SOC,cf_mean,52.807556,Central British Columbia Mountain forests,5.0,Temperate Conifer Forests,Nearctic
38,_roff_2030y_SOC,cf_mean,14.828924,Central bushveld,7.0,"Tropical & Subtropical Grasslands, Savannas & Shrublands",Afrotropic
370,_roff_2030y_SOC,cf_mean,51.162056,Central Canadian Shield forests,6.0,Boreal Forests/Taiga,Nearctic
653,_roff_2030y_SOC,cf_mean,30.078728,Central China Loess Plateau mixed forests,4.0,Temperate Broadleaf & Mixed Forests,Palearctic
3,_roff_2030y_SOC,cf_mean,,Central Congolian lowland forests,1.0,Tropical & Subtropical Moist Broadleaf Forests,Afrotropic
290,_roff_2030y_SOC,cf_mean,14.306345,Central Deccan Plateau dry deciduous forests,2.0,Tropical & Subtropical Dry Broadleaf Forests,Indomalayan
654,_roff_2030y_SOC,cf_mean,33.180218,Central European mixed forests,4.0,Temperate Broadleaf & Mixed Forests,Palearctic
387,_roff_2030y_SOC,cf_mean,39.373188,Central US forest-grasslands transition,8.0,"Temperate Grasslands, Savannas & Shrublands",Nearctic
291,_roff_2030y_SOC,cf_mean,22.688314,Central Indochina dry forests,2.0,Tropical & Subtropical Dry Broadleaf Forests,Indomalayan
655,_roff_2030y_SOC,cf_mean,39.808437,Central Korean deciduous forests,4.0,Temperate Broadleaf & Mixed Forests,Palearctic
427,_roff_2030y_SOC,cf_mean,23.901049,Central Mexican matorral,13.0,Deserts & Xeric Shrublands,Nearctic
351,_roff_2030y_SOC,cf_mean,75.88449,Central Pacific Northwest coastal forests,5.0,Temperate Conifer Forests,Nearctic
820,_roff_2030y_SOC,cf_mean,12.45012,Central Persian desert basins,13.0,Deserts & Xeric Shrublands,Palearctic
619,_roff_2030y_SOC,cf_mean,,Central Polynesian tropical moist forests,1.0,Tropical & Subtropical Moist Broadleaf Forests,Oceania
139,_roff_2030y_SOC,cf_mean,69.505684,Central Range Papuan montane rain forests,1.0,Tropical & Subtropical Moist Broadleaf Forests,Australasia
195,_roff_2030y_SOC,cf_mean,75.55469,Papuan Central Range sub-alpine grasslands,10.0,Montane Grasslands & Shrublands,Australasia
208,_roff_2030y_SOC,cf_mean,8.425927,Central Ranges xeric scrub,13.0,Deserts & Xeric Shrublands,Australasia
118,_roff_2030y_SOC,cf_mean,,Central South Antarctic Peninsula tundra,11.0,Tundra,Antarctica
388,_roff_2030y_SOC,cf_mean,46.949165,Central Tallgrass prairie,8.0,"Temperate Grasslands, Savannas & Shrublands",Nearctic
750,_roff_2030y_SOC,cf_mean,25.131578,Central Tibetan Plateau alpine steppe,10.0,Montane Grasslands & Shrublands,Palearctic
39,_roff_2030y_SOC,cf_mean,19.122929,Central Zambezian wet miombo woodlands,7.0,"Tropical & Subtropical Grasslands, Savannas & Shrublands",Afrotropic
567,_roff_2030y_SOC,cf_mean,20.600727,Cerrado,7.0,"Tropical & Subtropical Grasslands, Savannas & Shrublands",Neotropic
656,_roff_2030y_SOC,cf_mean,52.046814,Changbai Mountains mixed forests,4.0,Temperate Broadleaf & Mixed Forests,Palearctic
657,_roff_2030y_SOC,cf_mean,28.206095,Changjiang Plain evergreen forests,4.0,Temperate Broadleaf & Mixed Forests,Palearctic
224,_roff_2030y_SOC,cf_mean,,Chao Phraya freshwater swamp forests,1.0,Tropical & Subtropical Moist Broadleaf Forests,Indomalayan
225,_roff_2030y_SOC,cf_mean,27.29348,Chao Phraya lowland moist deciduous forests,1.0,Tropical & Subtropical Moist Broadleaf Forests,Indomalayan
167,_roff_2030y_SOC,cf_mean,89.94299,Chatham Island temperate forests,4.0,Temperate Broadleaf & Mixed Forests,Australasia
771,_roff_2030y_SOC,cf_mean,,Cherskii-Kolyma mountain tundra,11.0,Tundra,Palearctic
292,_roff_2030y_SOC,cf_mean,18.709988,Chhota-Nagpur dry deciduous forests,2.0,Tropical & Subtropical Dry Broadleaf Forests,Indomalayan
528,_roff_2030y_SOC,cf_mean,25.690758,Chiapas Depression dry forests,2.0,Tropical & Subtropical Dry Broadleaf Forests,Neotropic
452,_roff_2030y_SOC,cf_mean,35.408195,Chiapas montane forests,1.0,Tropical & Subtropical Moist Broadleaf Forests,Neotropic
428,_roff_2030y_SOC,cf_mean,14.622967,Chihuahuan desert,13.0,Deserts & Xeric Shrublands,Nearctic
596,_roff_2030y_SOC,cf_mean,36.217678,Chilean Matorral,12.0,"Mediterranean Forests, Woodlands & Scrub",Neotropic
453,_roff_2030y_SOC,cf_mean,28.432709,Chimalapas montane forests,1.0,Tropical & Subtropical Moist Broadleaf Forests,Neotropic
226,_roff_2030y_SOC,cf_mean,33.069286,Chin Hills-Arakan Yoma montane forests,1.0,Tropical & Subtropical Moist Broadleaf Forests,Indomalayan
529,_roff_2030y_SOC,cf_mean,22.538336,Chiquitano dry forests,2.0,Tropical & Subtropical Dry Broadleaf Forests,Neotropic
454,_roff_2030y_SOC,cf_mean,59.491432,Chocó-Darién moist forests,1.0,Tropical & Subtropical Moist Broadleaf Forests,Neotropic
227,_roff_2030y_SOC,cf_mean,,Christmas and Cocos Islands tropical forests,1.0,Tropical & Subtropical Moist Broadleaf Forests,Indomalayan
772,_roff_2030y_SOC,cf_mean,,Chukchi Peninsula tundra,11.0,Tundra,Palearctic
568,_roff_2030y_SOC,cf_mean,,Clipperton Island shrub and grasslands,7.0,"Tropical & Subtropical Grasslands, Savannas & Shrublands",Neotropic
455,_roff_2030y_SOC,cf_mean,,Cocos Island moist forests,1.0,Tropical & Subtropical Moist Broadleaf Forests,Neotropic
429,_roff_2030y_SOC,cf_mean,18.154472,Colorado Plateau shrublands,13.0,Deserts & Xeric Shrublands,Nearctic
353,_roff_2030y_SOC,cf_mean,40.440536,Colorado Rockies forests,5.0,Temperate Conifer Forests,Nearctic
4,_roff_2030y_SOC,cf_mean,77.1786,Comoros forests,1.0,Tropical & Subtropical Moist Broadleaf Forests,Afrotropic
371,_roff_2030y_SOC,cf_mean,76.31803,Cook Inlet taiga,6.0,Boreal Forests/Taiga,Nearctic
620,_roff_2030y_SOC,cf_mean,,Cook Islands tropical moist forests,1.0,Tropical & Subtropical Moist Broadleaf Forests,Oceania
197,_roff_2030y_SOC,cf_mean,23.14364,Coolgardie woodlands,12.0,"Mediterranean Forests, Woodlands & Scrub",Australasia
372,_roff_2030y_SOC,cf_mean,69.63698,Copper Plateau taiga,6.0,Boreal Forests/Taiga,Nearctic
590,_roff_2030y_SOC,cf_mean,50.920727,Cordillera Central páramo,10.0,Montane Grasslands & Shrublands,Neotropic
591,_roff_2030y_SOC,cf_mean,45.27749,Cordillera de Merida páramo,10.0,Montane Grasslands & Shrublands,Neotropic
456,_roff_2030y_SOC,cf_mean,34.502346,Cordillera La Costa montane forests,1.0,Tropical & Subtropical Moist Broadleaf Forests,Neotropic
457,_roff_2030y_SOC,cf_mean,51.552586,Cordillera Oriental montane forests,1.0,Tropical & Subtropical Moist Broadleaf Forests,Neotropic
788,_roff_2030y_SOC,cf_mean,64.4839,Corsican montane broadleaf and mixed forests,12.0,"Mediterranean Forests, Woodlands & Scrub",Palearctic
458,_roff_2030y_SOC,cf_mean,51.34229,Costa Rican seasonal moist forests,1.0,Tropical & Subtropical Moist Broadleaf Forests,Neotropic
789,_roff_2030y_SOC,cf_mean,49.93897,Crete Mediterranean forests,12.0,"Mediterranean Forests, Woodlands & Scrub",Palearctic
658,_roff_2030y_SOC,cf_mean,52.434875,Crimean Submediterranean forest complex,4.0,Temperate Broadleaf & Mixed Forests,Palearctic
6,_roff_2030y_SOC,cf_mean,,Cross-Niger transition forests,1.0,Tropical & Subtropical Moist Broadleaf Forests,Afrotropic
7,_roff_2030y_SOC,cf_mean,58.274742,Cross-Sanaga-Bioko coastal forests,1.0,Tropical & Subtropical Moist Broadleaf Forests,Afrotropic
390,_roff_2030y_SOC,cf_mean,26.979176,Cross-Timbers savanna-woodland,8.0,"Temperate Grasslands, Savannas & Shrublands",Nearctic
600,_roff_2030y_SOC,cf_mean,39.346283,Cuban cactus scrub,13.0,Deserts & Xeric Shrublands,Neotropic
530,_roff_2030y_SOC,cf_mean,44.74521,Cuban dry forests,2.0,Tropical & Subtropical Dry Broadleaf Forests,Neotropic
459,_roff_2030y_SOC,cf_mean,46.816525,Cuban moist forests,1.0,Tropical & Subtropical Moist Broadleaf Forests,Neotropic
554,_roff_2030y_SOC,cf_mean,,Cuban pine forests,3.0,Tropical & Subtropical Coniferous Forests,Neotropic
579,_roff_2030y_SOC,cf_mean,,Cuban wetlands,9.0,Flooded Grasslands & Savannas,Neotropic
790,_roff_2030y_SOC,cf_mean,39.42572,Cyprus Mediterranean forests,12.0,"Mediterranean Forests, Woodlands & Scrub",Palearctic
693,_roff_2030y_SOC,cf_mean,57.22523,Da Hinggan-Dzhagdy Mountains conifer forests,5.0,Temperate Conifer Forests,Palearctic
659,_roff_2030y_SOC,cf_mean,34.622887,Daba Mountains evergreen forests,4.0,Temperate Broadleaf & Mixed Forests,Palearctic
726,_roff_2030y_SOC,cf_mean,49.635635,Daurian forest steppe,8.0,"Temperate Grasslands, Savannas & Shrublands",Palearctic
415,_roff_2030y_SOC,cf_mean,,Davis Highlands tundra,11.0,Tundra,Nearctic
315,_roff_2030y_SOC,cf_mean,14.927806,Deccan thorn scrub forests,13.0,Deserts & Xeric Shrublands,Indomalayan
660,_roff_2030y_SOC,cf_mean,60.36438,Dinaric Mountains mixed forests,4.0,Temperate Broadleaf & Mixed Forests,Palearctic
92,_roff_2030y_SOC,cf_mean,20.563751,Djibouti xeric shrublands,13.0,Deserts & Xeric Shrublands,Afrotropic
40,_roff_2030y_SOC,cf_mean,31.748856,Drakensberg Escarpment savanna and thicket,7.0,"Tropical & Subtropical Grasslands, Savannas & Shrublands",Afrotropic
41,_roff_2030y_SOC,cf_mean,32.329666,Drakensberg grasslands,7.0,"Tropical & Subtropical Grasslands, Savannas & Shrublands",Afrotropic
0,_roff_2030y_SOC,cf_mean,65.12183,Rock and Ice,11.0,N/A,N/A
569,_roff_2030y_SOC,cf_mean,19.629915,Dry Chaco,7.0,"Tropical & Subtropical Grasslands, Savannas & Shrublands",Neotropic
694,_roff_2030y_SOC,cf_mean,21.81696,East Afghan montane conifer forests,5.0,Temperate Conifer Forests,Palearctic
69,_roff_2030y_SOC,cf_mean,25.17692,East African halophytics,9.0,Flooded Grasslands & Savannas,Afrotropic
112,_roff_2030y_SOC,cf_mean,,East African mangroves,14.0,Mangroves,Afrotropic
120,_roff_2030y_SOC,cf_mean,,East Antarctic tundra,11.0,Tundra,Antarctica
821,_roff_2030y_SOC,cf_mean,9.715267,East Arabian fog shrublands and sand desert,13.0,Deserts & Xeric Shrublands,Palearctic
332,_roff_2030y_SOC,cf_mean,20.202995,East Central Texas forests,4.0,Temperate Broadleaf & Mixed Forests,Nearctic
293,_roff_2030y_SOC,cf_mean,,East Deccan dry-evergreen forests,2.0,Tropical & Subtropical Dry Broadleaf Forests,Indomalayan
661,_roff_2030y_SOC,cf_mean,51.896835,East European forest steppe,4.0,Temperate Broadleaf & Mixed Forests,Palearctic
822,_roff_2030y_SOC,cf_mean,8.798062,East Sahara Desert,13.0,Deserts & Xeric Shrublands,Palearctic
823,_roff_2030y_SOC,cf_mean,8.164523,East Saharan montane xeric woodlands,13.0,Deserts & Xeric Shrublands,Palearctic
710,_roff_2030y_SOC,cf_mean,57.73177,East Siberian taiga,6.0,Boreal Forests/Taiga,Palearctic
43,_roff_2030y_SOC,cf_mean,35.26011,East Sudanian savanna,7.0,"Tropical & Subtropical Grasslands, Savannas & Shrublands",Afrotropic
662,_roff_2030y_SOC,cf_mean,38.063465,Eastern Anatolian deciduous forests,4.0,Temperate Broadleaf & Mixed Forests,Palearctic
727,_roff_2030y_SOC,cf_mean,38.252296,Eastern Anatolian montane steppe,8.0,"Temperate Grasslands, Savannas & Shrublands",Palearctic
191,_roff_2030y_SOC,cf_mean,10.45091,Eastern Australia mulga shrublands,8.0,"Temperate Grasslands, Savannas & Shrublands",Australasia
168,_roff_2030y_SOC,cf_mean,35.628983,Eastern Australian temperate forests,4.0,Temperate Broadleaf & Mixed Forests,Australasia
373,_roff_2030y_SOC,cf_mean,60.85727,Eastern Canadian forests,6.0,Boreal Forests/Taiga,Nearctic
374,_roff_2030y_SOC,cf_mean,67.381134,Eastern Canadian Shield taiga,6.0,Boreal Forests/Taiga,Nearctic
354,_roff_2030y_SOC,cf_mean,35.551678,Eastern Cascades forests,5.0,Temperate Conifer Forests,Nearctic
10,_roff_2030y_SOC,cf_mean,,Eastern Congolian swamp forests,1.0,Tropical & Subtropical Moist Broadleaf Forests,Afrotropic
460,_roff_2030y_SOC,cf_mean,52.298943,Eastern Cordillera Real montane forests,1.0,Tropical & Subtropical Moist Broadleaf Forests,Neotropic
333,_roff_2030y_SOC,cf_mean,50.947975,Eastern Canadian Forest-Boreal transition,4.0,Temperate Broadleaf & Mixed Forests,Nearctic
824,_roff_2030y_SOC,cf_mean,17.630281,Eastern Gobi desert steppe,13.0,Deserts & Xeric Shrublands,Palearctic
334,_roff_2030y_SOC,cf_mean,50.345512,Eastern Great Lakes lowland forests,4.0,Temperate Broadleaf & Mixed Forests,Nearctic
11,_roff_2030y_SOC,cf_mean,,Eastern Guinean forests,1.0,Tropical & Subtropical Moist Broadleaf Forests,Afrotropic
228,_roff_2030y_SOC,cf_mean,19.471228,East Deccan moist deciduous forests,1.0,Tropical & Subtropical Moist Broadleaf Forests,Indomalayan
751,_roff_2030y_SOC,cf_mean,53.51503,Eastern Himalayan alpine shrub and meadows,10.0,Montane Grasslands & Shrublands,Palearctic
306,_roff_2030y_SOC,cf_mean,39.05761,Eastern Himalayan broadleaf forests,4.0,Temperate Broadleaf & Mixed Forests,Indomalayan
309,_roff_2030y_SOC,cf_mean,50.44784,Eastern Himalayan subalpine conifer forests,5.0,Temperate Conifer Forests,Indomalayan
229,_roff_2030y_SOC,cf_mean,70.953224,Eastern Java-Bali montane rain forests,1.0,Tropical & Subtropical Moist Broadleaf Forests,Indomalayan
230,_roff_2030y_SOC,cf_mean,82.74355,Eastern Java-Bali rain forests,1.0,Tropical & Subtropical Moist Broadleaf Forests,Indomalayan
791,_roff_2030y_SOC,cf_mean,25.413553,Eastern Mediterranean conifer-broadleaf forests,12.0,"Mediterranean Forests, Woodlands & Scrub",Palearctic
621,_roff_2030y_SOC,cf_mean,,Eastern Micronesia tropical moist forests,1.0,Tropical & Subtropical Moist Broadleaf Forests,Oceania
461,_roff_2030y_SOC,cf_mean,,Eastern Panamanian montane forests,1.0,Tropical & Subtropical Moist Broadleaf Forests,Neotropic
531,_roff_2030y_SOC,cf_mean,,Ecuadorian dry forests,2.0,Tropical & Subtropical Dry Broadleaf Forests,Neotropic
391,_roff_2030y_SOC,cf_mean,26.202164,Edwards Plateau savanna,8.0,"Temperate Grasslands, Savannas & Shrublands",Nearctic
185,_roff_2030y_SOC,cf_mean,13.494423,Einasleigh upland savanna,7.0,"Tropical & Subtropical Grasslands, Savannas & Shrublands",Australasia
695,_roff_2030y_SOC,cf_mean,25.477411,Elburz Range forest steppe,5.0,Temperate Conifer Forests,Palearctic
121,_roff_2030y_SOC,cf_mean,,Ellsworth Land tundra,11.0,Tundra,Antarctica
122,_roff_2030y_SOC,cf_mean,,Ellsworth Mountains tundra,11.0,Tundra,Antarctica
728,_roff_2030y_SOC,cf_mean,27.299473,Emin Valley steppe,8.0,"Temperate Grasslands, Savannas & Shrublands",Palearctic
123,_roff_2030y_SOC,cf_mean,,Enderby Land tundra,11.0,Tundra,Antarctica
663,_roff_2030y_SOC,cf_mean,51.49472,English Lowlands beech forests,4.0,Temperate Broadleaf & Mixed Forests,Palearctic
580,_roff_2030y_SOC,cf_mean,31.738523,Enriquillo wetlands,9.0,Flooded Grasslands & Savannas,Neotropic
93,_roff_2030y_SOC,cf_mean,,Eritrean coastal desert,13.0,Deserts & Xeric Shrublands,Afrotropic
198,_roff_2030y_SOC,cf_mean,27.101856,Esperance mallee,12.0,"Mediterranean Forests, Woodlands & Scrub",Australasia
575,_roff_2030y_SOC,cf_mean,21.999664,Espinal,8.0,"Temperate Grasslands, Savannas & Shrublands",Neotropic
12,_roff_2030y_SOC,cf_mean,43.58546,Ethiopian montane forests,1.0,Tropical & Subtropical Moist Broadleaf Forests,Afrotropic
79,_roff_2030y_SOC,cf_mean,33.157322,Ethiopian montane grasslands and woodlands,10.0,Montane Grasslands & Shrublands,Afrotropic
80,_roff_2030y_SOC,cf_mean,41.748116,Ethiopian montane moorlands,10.0,Montane Grasslands & Shrublands,Afrotropic
70,_roff_2030y_SOC,cf_mean,11.759326,Etosha Pan halophytics,9.0,Flooded Grasslands & Savannas,Afrotropic
665,_roff_2030y_SOC,cf_mean,47.652683,Euxine-Colchic broadleaf forests,4.0,Temperate Broadleaf & Mixed Forests,Palearctic
581,_roff_2030y_SOC,cf_mean,33.066635,Everglades flooded grasslands,9.0,Flooded Grasslands & Savannas,Neotropic
199,_roff_2030y_SOC,cf_mean,27.452662,Eyre and York mallee,12.0,"Mediterranean Forests, Woodlands & Scrub",Australasia
729,_roff_2030y_SOC,cf_mean,,Faroe Islands boreal grasslands,8.0,"Temperate Grasslands, Savannas & Shrublands",Palearctic
462,_roff_2030y_SOC,cf_mean,,Fernando de Noronha-Atol das Rocas moist forests,1.0,Tropical & Subtropical Moist Broadleaf Forests,Neotropic
635,_roff_2030y_SOC,cf_mean,70.183426,Fiji tropical dry forests,2.0,Tropical & Subtropical Dry Broadleaf Forests,Oceania
622,_roff_2030y_SOC,cf_mean,82.49505,Fiji tropical moist forests,1.0,Tropical & Subtropical Moist Broadleaf Forests,Oceania
169,_roff_2030y_SOC,cf_mean,89.94299,Fiordland temperate forests,4.0,Temperate Broadleaf & Mixed Forests,Australasia
200,_roff_2030y_SOC,cf_mean,20.683147,Flinders-Lofty montane woodlands,12.0,"Mediterranean Forests, Woodlands & Scrub",Australasia
392,_roff_2030y_SOC,cf_mean,46.756123,Flint Hills tallgrass prairie,8.0,"Temperate Grasslands, Savannas & Shrublands",Nearctic
355,_roff_2030y_SOC,cf_mean,46.32328,Fraser Plateau and Basin conifer forests,5.0,Temperate Conifer Forests,Nearctic
89,_roff_2030y_SOC,cf_mean,28.997227,Fynbos shrubland,12.0,"Mediterranean Forests, Woodlands & Scrub",Afrotropic
601,_roff_2030y_SOC,cf_mean,42.383984,Galápagos Islands xeric scrub,13.0,Deserts & Xeric Shrublands,Neotropic
94,_roff_2030y_SOC,cf_mean,8.041381,Gariep Karoo,13.0,Deserts & Xeric Shrublands,Afrotropic
752,_roff_2030y_SOC,cf_mean,30.354986,Ghorat-Hazarajat alpine meadow,10.0,Montane Grasslands & Shrublands,Palearctic
209,_roff_2030y_SOC,cf_mean,7.9394107,Gibson desert,13.0,Deserts & Xeric Shrublands,Australasia
730,_roff_2030y_SOC,cf_mean,36.28171,Gissaro-Alai open woodlands,8.0,"Temperate Grasslands, Savannas & Shrublands",Palearctic
316,_roff_2030y_SOC,cf_mean,21.69961,Godavari-Krishna mangroves,13.0,Deserts & Xeric Shrublands,Indomalayan
825,_roff_2030y_SOC,cf_mean,21.603085,Gobi Lakes Valley desert steppe,13.0,Deserts & Xeric Shrublands,Palearctic
13,_roff_2030y_SOC,cf_mean,,Granitic Seychelles forests,1.0,Tropical & Subtropical Moist Broadleaf Forests,Afrotropic
356,_roff_2030y_SOC,cf_mean,29.522736,Great Basin montane forests,5.0,Temperate Conifer Forests,Nearctic
430,_roff_2030y_SOC,cf_mean,17.98908,Great Basin shrub steppe,13.0,Deserts & Xeric Shrublands,Nearctic
826,_roff_2030y_SOC,cf_mean,34.089554,Great Lakes Basin desert steppe,13.0,Deserts & Xeric Shrublands,Palearctic
210,_roff_2030y_SOC,cf_mean,8.42595,Great Sandy-Tanami desert,13.0,Deserts & Xeric Shrublands,Australasia
211,_roff_2030y_SOC,cf_mean,14.9118595,Great Victoria desert,13.0,Deserts & Xeric Shrublands,Australasia
231,_roff_2030y_SOC,cf_mean,32.55184,Greater Negros-Panay rain forests,1.0,Tropical & Subtropical Moist Broadleaf Forests,Indomalayan
602,_roff_2030y_SOC,cf_mean,67.69539,Guajira-Barranquilla xeric scrub,13.0,Deserts & Xeric Shrublands,Neotropic
582,_roff_2030y_SOC,cf_mean,,Guayaquil flooded grasslands,9.0,Flooded Grasslands & Savannas,Neotropic
463,_roff_2030y_SOC,cf_mean,,Guianan freshwater swamp forests,1.0,Tropical & Subtropical Moist Broadleaf Forests,Neotropic
464,_roff_2030y_SOC,cf_mean,41.17505,Guianan Highlands moist forests,1.0,Tropical & Subtropical Moist Broadleaf Forests,Neotropic
465,_roff_2030y_SOC,cf_mean,,Guianan lowland moist forests,1.0,Tropical & Subtropical Moist Broadleaf Forests,Neotropic
466,_roff_2030y_SOC,cf_mean,40.48047,Guianan piedmont moist forests,1.0,Tropical & Subtropical Moist Broadleaf Forests,Neotropic
570,_roff_2030y_SOC,cf_mean,38.162773,Guianan savanna,7.0,"Tropical & Subtropical Grasslands, Savannas & Shrublands",Neotropic
44,_roff_2030y_SOC,cf_mean,31.358665,Guinean forest-savanna,7.0,"Tropical & Subtropical Grasslands, Savannas & Shrublands",Afrotropic
113,_roff_2030y_SOC,cf_mean,,Guinean mangroves,14.0,Mangroves,Afrotropic
14,_roff_2030y_SOC,cf_mean,26.057884,Guinean montane forests,1.0,Tropical & Subtropical Moist Broadleaf Forests,Afrotropic
642,_roff_2030y_SOC,cf_mean,36.944862,Guizhou Plateau broadleaf and mixed forests,1.0,Tropical & Subtropical Moist Broadleaf Forests,Palearctic
431,_roff_2030y_SOC,cf_mean,14.45807,Gulf of California xeric scrub,13.0,Deserts & Xeric Shrublands,Nearctic
335,_roff_2030y_SOC,cf_mean,47.370617,Gulf of St. Lawrence lowland forests,4.0,Temperate Broadleaf & Mixed Forests,Nearctic
467,_roff_2030y_SOC,cf_mean,,Gurupa várzea,1.0,Tropical & Subtropical Moist Broadleaf Forests,Neotropic
232,_roff_2030y_SOC,cf_mean,37.338764,Hainan Island monsoon rain forests,1.0,Tropical & Subtropical Moist Broadleaf Forests,Indomalayan
140,_roff_2030y_SOC,cf_mean,,Halmahera rain forests,1.0,Tropical & Subtropical Moist Broadleaf Forests,Australasia
201,_roff_2030y_SOC,cf_mean,40.681446,Hampton mallee and woodlands,12.0,"Mediterranean Forests, Woodlands & Scrub",Australasia
636,_roff_2030y_SOC,cf_mean,37.98162,Hawai'i tropical dry forests,2.0,Tropical & Subtropical Dry Broadleaf Forests,Oceania
639,_roff_2030y_SOC,cf_mean,35.6129,Hawai'i tropical high shrublands,7.0,"Tropical & Subtropical Grasslands, Savannas & Shrublands",Oceania
640,_roff_2030y_SOC,cf_mean,45.174435,Hawai'i tropical low shrublands,7.0,"Tropical & Subtropical Grasslands, Savannas & Shrublands",Oceania
623,_roff_2030y_SOC,cf_mean,52.216213,Hawai'i tropical moist forests,1.0,Tropical & Subtropical Moist Broadleaf Forests,Oceania
696,_roff_2030y_SOC,cf_mean,15.892344,Helanshan montane conifer forests,5.0,Temperate Conifer Forests,Palearctic
697,_roff_2030y_SOC,cf_mean,60.9288,Hengduan Mountains subalpine conifer forests,5.0,Temperate Conifer Forests,Palearctic
412,_roff_2030y_SOC,cf_mean,,Canadian High Arctic tundra,11.0,Tundra,Nearctic
592,_roff_2030y_SOC,cf_mean,19.213053,High Monte,10.0,Montane Grasslands & Shrublands,Neotropic
81,_roff_2030y_SOC,cf_mean,20.67682,Highveld grasslands,10.0,Montane Grasslands & Shrublands,Afrotropic
233,_roff_2030y_SOC,cf_mean,27.362747,Himalayan subtropical broadleaf forests,1.0,Tropical & Subtropical Moist Broadleaf Forests,Indomalayan
302,_roff_2030y_SOC,cf_mean,32.188095,Himalayan subtropical pine forests,3.0,Tropical & Subtropical Coniferous Forests,Indomalayan
753,_roff_2030y_SOC,cf_mean,42.579483,Hindu Kush alpine meadow,10.0,Montane Grasslands & Shrublands,Palearctic
532,_roff_2030y_SOC,cf_mean,38.826756,Hispaniolan dry forests,2.0,Tropical & Subtropical Dry Broadleaf Forests,Neotropic
468,_roff_2030y_SOC,cf_mean,38.94192,Hispaniolan moist forests,1.0,Tropical & Subtropical Moist Broadleaf Forests,Neotropic
555,_roff_2030y_SOC,cf_mean,35.571487,Hispaniolan pine forests,3.0,Tropical & Subtropical Coniferous Forests,Neotropic
95,_roff_2030y_SOC,cf_mean,,Hobyo grasslands and shrublands,13.0,Deserts & Xeric Shrublands,Afrotropic
666,_roff_2030y_SOC,cf_mean,72.411026,Hokkaido deciduous forests,4.0,Temperate Broadleaf & Mixed Forests,Palearctic
698,_roff_2030y_SOC,cf_mean,74.398125,Hokkaido montane conifer forests,5.0,Temperate Conifer Forests,Palearctic
699,_roff_2030y_SOC,cf_mean,69.52374,Honshu alpine conifer forests,5.0,Temperate Conifer Forests,Palearctic
45,_roff_2030y_SOC,cf_mean,11.514804,Horn of Africa xeric bushlands,7.0,"Tropical & Subtropical Grasslands, Savannas & Shrublands",Afrotropic
667,_roff_2030y_SOC,cf_mean,19.613695,Huang He Plain mixed forests,4.0,Temperate Broadleaf & Mixed Forests,Palearctic
571,_roff_2030y_SOC,cf_mean,21.207502,Humid Chaco,7.0,"Tropical & Subtropical Grasslands, Savannas & Shrublands",Neotropic
576,_roff_2030y_SOC,cf_mean,34.456116,Humid Pampas,8.0,"Temperate Grasslands, Savannas & Shrublands",Neotropic
141,_roff_2030y_SOC,cf_mean,68.0194,Huon Peninsula montane rain forests,1.0,Tropical & Subtropical Moist Broadleaf Forests,Australasia
792,_roff_2030y_SOC,cf_mean,29.229576,Iberian conifer forests,12.0,"Mediterranean Forests, Woodlands & Scrub",Palearctic
793,_roff_2030y_SOC,cf_mean,24.78717,Iberian sclerophyllous and semi-deciduous forests,12.0,"Mediterranean Forests, Woodlands & Scrub",Palearctic
711,_roff_2030y_SOC,cf_mean,,Iceland boreal birch forests and alpine tundra,6.0,Boreal Forests/Taiga,Palearctic
794,_roff_2030y_SOC,cf_mean,48.388336,Illyrian deciduous forests,12.0,"Mediterranean Forests, Woodlands & Scrub",Palearctic
319,_roff_2030y_SOC,cf_mean,28.677748,Indochina mangroves,14.0,Mangroves,Indomalayan
320,_roff_2030y_SOC,cf_mean,10.825369,Indus River Delta-Arabian Sea mangroves,14.0,Mangroves,Indomalayan
317,_roff_2030y_SOC,cf_mean,8.877147,Indus Valley desert,13.0,Deserts & Xeric Shrublands,Indomalayan
71,_roff_2030y_SOC,cf_mean,7.6087694,Inner Niger Delta flooded savanna,9.0,Flooded Grasslands & Savannas,Afrotropic
375,_roff_2030y_SOC,cf_mean,59.070797,Interior Alaska-Yukon lowland taiga,6.0,Boreal Forests/Taiga,Nearctic
336,_roff_2030y_SOC,cf_mean,31.712925,Interior Plateau US Hardwood Forests,4.0,Temperate Broadleaf & Mixed Forests,Nearctic
416,_roff_2030y_SOC,cf_mean,46.037617,Interior Yukon-Alaska alpine tundra,11.0,Tundra,Nearctic
469,_roff_2030y_SOC,cf_mean,37.0315,Iquitos várzea,1.0,Tropical & Subtropical Moist Broadleaf Forests,Neotropic
294,_roff_2030y_SOC,cf_mean,20.285416,Irrawaddy dry forests,2.0,Tropical & Subtropical Dry Broadleaf Forests,Indomalayan
234,_roff_2030y_SOC,cf_mean,,Irrawaddy freshwater swamp forests,1.0,Tropical & Subtropical Moist Broadleaf Forests,Indomalayan
235,_roff_2030y_SOC,cf_mean,23.64555,Irrawaddy moist deciduous forests,1.0,Tropical & Subtropical Moist Broadleaf Forests,Indomalayan
533,_roff_2030y_SOC,cf_mean,,Islas Revillagigedo dry forests,2.0,Tropical & Subtropical Dry Broadleaf Forests,Neotropic
470,_roff_2030y_SOC,cf_mean,50.261932,Isthmian-Atlantic moist forests,1.0,Tropical & Subtropical Moist Broadleaf Forests,Neotropic
471,_roff_2030y_SOC,cf_mean,43.034744,Isthmian-Pacific moist forests,1.0,Tropical & Subtropical Moist Broadleaf Forests,Neotropic
795,_roff_2030y_SOC,cf_mean,38.864433,Italian sclerophyllous and semi-deciduous forests,12.0,"Mediterranean Forests, Woodlands & Scrub",Palearctic
46,_roff_2030y_SOC,cf_mean,14.397689,Itigi-Sumbu thicket,7.0,"Tropical & Subtropical Grasslands, Savannas & Shrublands",Afrotropic
534,_roff_2030y_SOC,cf_mean,30.331623,Jalisco dry forests,2.0,Tropical & Subtropical Dry Broadleaf Forests,Neotropic
535,_roff_2030y_SOC,cf_mean,89.94299,Jamaican dry forests,2.0,Tropical & Subtropical Dry Broadleaf Forests,Neotropic
472,_roff_2030y_SOC,cf_mean,89.94299,Jamaican moist forests,1.0,Tropical & Subtropical Moist Broadleaf Forests,Neotropic
473,_roff_2030y_SOC,cf_mean,,Japurá-Solimões-Negro moist forests,1.0,Tropical & Subtropical Moist Broadleaf Forests,Neotropic
202,_roff_2030y_SOC,cf_mean,59.350246,Jarrah-Karri forest and shrublands,12.0,"Mediterranean Forests, Woodlands & Scrub",Australasia
236,_roff_2030y_SOC,cf_mean,31.031635,Jian Nan subtropical evergreen forests,1.0,Tropical & Subtropical Moist Broadleaf Forests,Indomalayan
82,_roff_2030y_SOC,cf_mean,12.7356615,Jos Plateau forest-grassland,10.0,Montane Grasslands & Shrublands,Afrotropic
560,_roff_2030y_SOC,cf_mean,,Juan Fernández Islands temperate forests,4.0,Temperate Broadleaf & Mixed Forests,Neotropic
827,_roff_2030y_SOC,cf_mean,21.51146,Junggar Basin semi-desert,13.0,Deserts & Xeric Shrublands,Palearctic
474,_roff_2030y_SOC,cf_mean,,Juruá-Purus moist forests,1.0,Tropical & Subtropical Moist Broadleaf Forests,Neotropic
418,_roff_2030y_SOC,cf_mean,,Kalaallit Nunaat High Arctic tundra,11.0,Tundra,Nearctic
47,_roff_2030y_SOC,cf_mean,9.073381,Kalahari Acacia woodlands,7.0,"Tropical & Subtropical Grasslands, Savannas & Shrublands",Afrotropic
97,_roff_2030y_SOC,cf_mean,8.500247,Kalahari xeric savanna,13.0,Deserts & Xeric Shrublands,Afrotropic
713,_roff_2030y_SOC,cf_mean,73.41377,Kamchatka-Kurile meadows and sparse forests,6.0,Boreal Forests/Taiga,Palearctic
712,_roff_2030y_SOC,cf_mean,73.32919,Kamchatka taiga,6.0,Boreal Forests/Taiga,Palearctic
98,_roff_2030y_SOC,cf_mean,9.097715,Kaokoveld desert,13.0,Deserts & Xeric Shrublands,Afrotropic
754,_roff_2030y_SOC,cf_mean,38.625244,Karakoram-West Tibetan Plateau alpine steppe,10.0,Montane Grasslands & Shrublands,Palearctic
237,_roff_2030y_SOC,cf_mean,28.519163,Kayah-Karen montane rain forests,1.0,Tropical & Subtropical Moist Broadleaf Forests,Indomalayan
731,_roff_2030y_SOC,cf_mean,54.210735,Kazakh forest steppe,8.0,"Temperate Grasslands, Savannas & Shrublands",Palearctic
828,_roff_2030y_SOC,cf_mean,25.061054,Kazakh semi-desert,13.0,Deserts & Xeric Shrublands,Palearctic
732,_roff_2030y_SOC,cf_mean,40.40827,Kazakh steppe,8.0,"Temperate Grasslands, Savannas & Shrublands",Palearctic
733,_roff_2030y_SOC,cf_mean,39.394333,Kazakh upland steppe,8.0,"Temperate Grasslands, Savannas & Shrublands",Palearctic
624,_roff_2030y_SOC,cf_mean,,Kermadec Islands subtropical moist forests,1.0,Tropical & Subtropical Moist Broadleaf Forests,Oceania
755,_roff_2030y_SOC,cf_mean,48.246937,Khangai Mountains alpine meadow,10.0,Montane Grasslands & Shrublands,Palearctic
700,_roff_2030y_SOC,cf_mean,55.469852,Khangai Mountains conifer forests,5.0,Temperate Conifer Forests,Palearctic
295,_roff_2030y_SOC,cf_mean,11.482583,Khathiar-Gir dry deciduous forests,2.0,Tropical & Subtropical Dry Broadleaf Forests,Indomalayan
186,_roff_2030y_SOC,cf_mean,10.662633,Kimberly tropical savanna,7.0,"Tropical & Subtropical Grasslands, Savannas & Shrublands",Australasia
357,_roff_2030y_SOC,cf_mean,43.486988,Klamath-Siskiyou forests,5.0,Temperate Conifer Forests,Nearctic
15,_roff_2030y_SOC,cf_mean,40.55768,Knysna-Amatole montane forests,1.0,Tropical & Subtropical Moist Broadleaf Forests,Afrotropic
774,_roff_2030y_SOC,cf_mean,,Kola Peninsula tundra,11.0,Tundra,Palearctic
829,_roff_2030y_SOC,cf_mean,18.812656,Kopet Dag semi-desert,13.0,Deserts & Xeric Shrublands,Palearctic
756,_roff_2030y_SOC,cf_mean,19.777073,Kopet Dag woodlands and forest steppe,10.0,Montane Grasslands & Shrublands,Palearctic
757,_roff_2030y_SOC,cf_mean,11.54257,Kuh Rud and Eastern Iran montane woodlands,10.0,Montane Grasslands & Shrublands,Palearctic
16,_roff_2030y_SOC,cf_mean,34.54108,Kwazulu Natal-Cape coastal forests,1.0,Tropical & Subtropical Moist Broadleaf Forests,Afrotropic
603,_roff_2030y_SOC,cf_mean,30.373356,La Costa xeric shrublands,13.0,Deserts & Xeric Shrublands,Neotropic
72,_roff_2030y_SOC,cf_mean,10.285441,Lake Chad flooded savanna,9.0,Flooded Grasslands & Savannas,Afrotropic
536,_roff_2030y_SOC,cf_mean,,Lara-Falcón dry forests,2.0,Tropical & Subtropical Dry Broadleaf Forests,Neotropic
475,_roff_2030y_SOC,cf_mean,,Leeward Islands moist forests,1.0,Tropical & Subtropical Moist Broadleaf Forests,Neotropic
163,_roff_2030y_SOC,cf_mean,46.9149,Lesser Sundas deciduous forests,2.0,Tropical & Subtropical Dry Broadleaf Forests,Australasia
48,_roff_2030y_SOC,cf_mean,20.536472,Limpopo lowveld,7.0,"Tropical & Subtropical Grasslands, Savannas & Shrublands",Afrotropic
572,_roff_2030y_SOC,cf_mean,31.89999,Llanos,7.0,"Tropical & Subtropical Grasslands, Savannas & Shrublands",Neotropic
142,_roff_2030y_SOC,cf_mean,,Lord Howe Island subtropical forests,1.0,Tropical & Subtropical Moist Broadleaf Forests,Australasia
143,_roff_2030y_SOC,cf_mean,,Louisiade Archipelago rain forests,1.0,Tropical & Subtropical Moist Broadleaf Forests,Australasia
577,_roff_2030y_SOC,cf_mean,13.659006,Low Monte,8.0,"Temperate Grasslands, Savannas & Shrublands",Neotropic
238,_roff_2030y_SOC,cf_mean,18.789616,Lower Gangetic Plains moist deciduous forests,1.0,Tropical & Subtropical Moist Broadleaf Forests,Indomalayan
239,_roff_2030y_SOC,cf_mean,27.357439,Luang Prabang montane rain forests,1.0,Tropical & Subtropical Moist Broadleaf Forests,Indomalayan
240,_roff_2030y_SOC,cf_mean,54.482708,Luzon montane rain forests,1.0,Tropical & Subtropical Moist Broadleaf Forests,Indomalayan
241,_roff_2030y_SOC,cf_mean,49.712532,Luzon rain forests,1.0,Tropical & Subtropical Moist Broadleaf Forests,Indomalayan
303,_roff_2030y_SOC,cf_mean,41.978104,Luzon tropical pine forests,3.0,Tropical & Subtropical Coniferous Forests,Indomalayan
32,_roff_2030y_SOC,cf_mean,22.452435,Madagascar dry deciduous forests,2.0,Tropical & Subtropical Dry Broadleaf Forests,Afrotropic
83,_roff_2030y_SOC,cf_mean,36.843132,Madagascar ericoid thickets,10.0,Montane Grasslands & Shrublands,Afrotropic
17,_roff_2030y_SOC,cf_mean,39.64191,Madagascar humid forests,1.0,Tropical & Subtropical Moist Broadleaf Forests,Afrotropic
114,_roff_2030y_SOC,cf_mean,,Madagascar mangroves,14.0,Mangroves,Afrotropic
99,_roff_2030y_SOC,cf_mean,19.765778,Madagascar spiny thickets,13.0,Deserts & Xeric Shrublands,Afrotropic
18,_roff_2030y_SOC,cf_mean,27.439085,Madagascar subhumid forests,1.0,Tropical & Subtropical Moist Broadleaf Forests,Afrotropic
100,_roff_2030y_SOC,cf_mean,17.643843,Madagascar succulent woodlands,13.0,Deserts & Xeric Shrublands,Afrotropic
476,_roff_2030y_SOC,cf_mean,,Madeira-Tapajós moist forests,1.0,Tropical & Subtropical Moist Broadleaf Forests,Neotropic
668,_roff_2030y_SOC,cf_mean,80.30522,Madeira evergreen forests,4.0,Temperate Broadleaf & Mixed Forests,Palearctic
478,_roff_2030y_SOC,cf_mean,39.88407,Magdalena-Urabá moist forests,1.0,Tropical & Subtropical Moist Broadleaf Forests,Neotropic
538,_roff_2030y_SOC,cf_mean,60.385048,Magdalena Valley dry forests,2.0,Tropical & Subtropical Dry Broadleaf Forests,Neotropic
477,_roff_2030y_SOC,cf_mean,57.2787,Magdalena Valley montane forests,1.0,Tropical & Subtropical Moist Broadleaf Forests,Neotropic
561,_roff_2030y_SOC,cf_mean,65.455284,Magellanic subpolar forests,4.0,Temperate Broadleaf & Mixed Forests,Neotropic
73,_roff_2030y_SOC,cf_mean,10.212922,Makgadikgadi halophytics,9.0,Flooded Grasslands & Savannas,Afrotropic
242,_roff_2030y_SOC,cf_mean,34.203983,Malabar Coast moist forests,1.0,Tropical & Subtropical Moist Broadleaf Forests,Indomalayan
243,_roff_2030y_SOC,cf_mean,,Maldives-Lakshadweep-Chagos Archipelago tropical moist forests,1.0,Tropical & Subtropical Moist Broadleaf Forests,Indomalayan
604,_roff_2030y_SOC,cf_mean,,Malpelo Island xeric scrub,13.0,Deserts & Xeric Shrublands,Neotropic
669,_roff_2030y_SOC,cf_mean,50.29583,Manchurian mixed forests,4.0,Temperate Broadleaf & Mixed Forests,Palearctic
49,_roff_2030y_SOC,cf_mean,11.716853,Mandara Plateau woodlands,7.0,"Tropical & Subtropical Grasslands, Savannas & Shrublands",Afrotropic
19,_roff_2030y_SOC,cf_mean,21.926092,Maputaland coastal forests and woodlands,1.0,Tropical & Subtropical Moist Broadleaf Forests,Afrotropic
539,_roff_2030y_SOC,cf_mean,33.22786,Maracaibo dry forests,2.0,Tropical & Subtropical Dry Broadleaf Forests,Neotropic
480,_roff_2030y_SOC,cf_mean,,Marajó várzea,1.0,Tropical & Subtropical Moist Broadleaf Forests,Neotropic
540,_roff_2030y_SOC,cf_mean,,Maranhão Babaçu forests,2.0,Tropical & Subtropical Dry Broadleaf Forests,Neotropic
479,_roff_2030y_SOC,cf_mean,44.008232,Marañón dry forests,1.0,Tropical & Subtropical Moist Broadleaf Forests,Neotropic
637,_roff_2030y_SOC,cf_mean,,Marianas tropical dry forests,2.0,Tropical & Subtropical Dry Broadleaf Forests,Oceania
625,_roff_2030y_SOC,cf_mean,,Marquesas tropical moist forests,1.0,Tropical & Subtropical Moist Broadleaf Forests,Oceania
50,_roff_2030y_SOC,cf_mean,19.17384,Masai xeric grasslands and shrublands,7.0,"Tropical & Subtropical Grasslands, Savannas & Shrublands",Afrotropic
20,_roff_2030y_SOC,cf_mean,78.246376,Mascarene forests,1.0,Tropical & Subtropical Moist Broadleaf Forests,Afrotropic
481,_roff_2030y_SOC,cf_mean,,Mato Grosso tropical dry forests,1.0,Tropical & Subtropical Moist Broadleaf Forests,Neotropic
796,_roff_2030y_SOC,cf_mean,14.365751,Mediterranean Acacia-Argania dry woodlands and succulent thickets,12.0,"Mediterranean Forests, Woodlands & Scrub",Palearctic
701,_roff_2030y_SOC,cf_mean,29.80717,Mediterranean conifer and mixed forests,5.0,Temperate Conifer Forests,Palearctic
797,_roff_2030y_SOC,cf_mean,11.022384,Mediterranean dry woodlands and steppe,12.0,"Mediterranean Forests, Woodlands & Scrub",Palearctic
758,_roff_2030y_SOC,cf_mean,21.520256,Mediterranean High Atlas juniper steppe,10.0,Montane Grasslands & Shrublands,Palearctic
798,_roff_2030y_SOC,cf_mean,22.257704,Mediterranean woodlands and forests,12.0,"Mediterranean Forests, Woodlands & Scrub",Palearctic
244,_roff_2030y_SOC,cf_mean,27.448935,Meghalaya subtropical forests,1.0,Tropical & Subtropical Moist Broadleaf Forests,Indomalayan
245,_roff_2030y_SOC,cf_mean,,Mentawai Islands rain forests,1.0,Tropical & Subtropical Moist Broadleaf Forests,Indomalayan
432,_roff_2030y_SOC,cf_mean,20.978552,Meseta Central matorral,13.0,Deserts & Xeric Shrublands,Nearctic
613,_roff_2030y_SOC,cf_mean,39.897343,Mesoamerican Gulf-Caribbean mangroves,14.0,Mangroves,Neotropic
830,_roff_2030y_SOC,cf_mean,10.071889,Mesopotamian shrub desert,13.0,Deserts & Xeric Shrublands,Palearctic
376,_roff_2030y_SOC,cf_mean,41.852783,Mid-Canada Boreal Plains forests,6.0,Boreal Forests/Taiga,Nearctic
414,_roff_2030y_SOC,cf_mean,,Canadian Middle Arctic Tundra,11.0,Tundra,Nearctic
393,_roff_2030y_SOC,cf_mean,37.778267,Mid-Atlantic US coastal savannas,8.0,"Temperate Grasslands, Savannas & Shrublands",Nearctic
377,_roff_2030y_SOC,cf_mean,49.189713,Midwest Canadian Shield forests,6.0,Boreal Forests/Taiga,Nearctic
247,_roff_2030y_SOC,cf_mean,42.800194,Mindanao-Eastern Visayas rain forests,1.0,Tropical & Subtropical Moist Broadleaf Forests,Indomalayan
246,_roff_2030y_SOC,cf_mean,45.94725,Mindanao montane rain forests,1.0,Tropical & Subtropical Moist Broadleaf Forests,Indomalayan
248,_roff_2030y_SOC,cf_mean,82.936676,Mindoro rain forests,1.0,Tropical & Subtropical Moist Broadleaf Forests,Indomalayan
573,_roff_2030y_SOC,cf_mean,,Miskito pine forests,7.0,"Tropical & Subtropical Grasslands, Savannas & Shrublands",Neotropic
337,_roff_2030y_SOC,cf_mean,29.65644,Mississippi lowland forests,4.0,Temperate Broadleaf & Mixed Forests,Nearctic
187,_roff_2030y_SOC,cf_mean,9.471381,Mitchell Grass Downs,7.0,"Tropical & Subtropical Grasslands, Savannas & Shrublands",Australasia
249,_roff_2030y_SOC,cf_mean,31.876205,Mizoram-Manipur-Kachin rain forests,1.0,Tropical & Subtropical Moist Broadleaf Forests,Indomalayan
433,_roff_2030y_SOC,cf_mean,7.3708353,Mojave desert,13.0,Deserts & Xeric Shrublands,Nearctic
734,_roff_2030y_SOC,cf_mean,30.352451,Mongolian-Manchurian grassland,8.0,"Temperate Grasslands, Savannas & Shrublands",Palearctic
394,_roff_2030y_SOC,cf_mean,40.83601,Montana Valley and Foothill grasslands,8.0,"Temperate Grasslands, Savannas & Shrublands",Nearctic
482,_roff_2030y_SOC,cf_mean,,Monte Alegre várzea,1.0,Tropical & Subtropical Moist Broadleaf Forests,Neotropic
605,_roff_2030y_SOC,cf_mean,35.183937,Motagua Valley thornscrub,13.0,Deserts & Xeric Shrublands,Neotropic
21,_roff_2030y_SOC,cf_mean,61.261387,Mount Cameroon and Bioko montane forests,1.0,Tropical & Subtropical Moist Broadleaf Forests,Afrotropic
84,_roff_2030y_SOC,cf_mean,26.30999,Mulanje Montane forest-grassland,10.0,Montane Grasslands & Shrublands,Afrotropic
203,_roff_2030y_SOC,cf_mean,18.666182,Murray-Darling woodlands and mallee,12.0,"Mediterranean Forests, Woodlands & Scrub",Australasia
378,_roff_2030y_SOC,cf_mean,42.59405,Muskwa-Slave Lake taiga,6.0,Boreal Forests/Taiga,Nearctic
321,_roff_2030y_SOC,cf_mean,49.229702,Myanmar Coast mangroves,14.0,Mangroves,Indomalayan
250,_roff_2030y_SOC,cf_mean,38.064396,Myanmar coastal rain forests,1.0,Tropical & Subtropical Moist Broadleaf Forests,Indomalayan
101,_roff_2030y_SOC,cf_mean,12.306567,Nama Karoo shrublands,13.0,Deserts & Xeric Shrublands,Afrotropic
102,_roff_2030y_SOC,cf_mean,11.071206,Namaqualand-Richtersveld steppe,13.0,Deserts & Xeric Shrublands,Afrotropic
103,_roff_2030y_SOC,cf_mean,8.334638,Namib Desert,13.0,Deserts & Xeric Shrublands,Afrotropic
104,_roff_2030y_SOC,cf_mean,9.455532,Namibian savanna woodlands,13.0,Deserts & Xeric Shrublands,Afrotropic
251,_roff_2030y_SOC,cf_mean,71.63846,Nansei Islands subtropical evergreen forests,1.0,Tropical & Subtropical Moist Broadleaf Forests,Indomalayan
483,_roff_2030y_SOC,cf_mean,51.188972,Napo moist forests,1.0,Tropical & Subtropical Moist Broadleaf Forests,Neotropic
204,_roff_2030y_SOC,cf_mean,43.844162,Naracoorte woodlands,12.0,"Mediterranean Forests, Woodlands & Scrub",Australasia
296,_roff_2030y_SOC,cf_mean,14.011811,Narmada Valley dry deciduous forests,2.0,Tropical & Subtropical Dry Broadleaf Forests,Indomalayan
395,_roff_2030y_SOC,cf_mean,28.859528,Nebraska Sand Hills mixed grasslands,8.0,"Temperate Grasslands, Savannas & Shrublands",Nearctic
484,_roff_2030y_SOC,cf_mean,42.72568,Negro-Branco moist forests,1.0,Tropical & Subtropical Moist Broadleaf Forests,Neotropic
170,_roff_2030y_SOC,cf_mean,89.53544,Nelson Coast temperate forests,4.0,Temperate Broadleaf & Mixed Forests,Australasia
743,_roff_2030y_SOC,cf_mean,29.48806,Nenjiang River grassland,9.0,Flooded Grasslands & Savannas,Palearctic
144,_roff_2030y_SOC,cf_mean,56.553352,New Britain-New Ireland lowland rain forests,1.0,Tropical & Subtropical Moist Broadleaf Forests,Australasia
145,_roff_2030y_SOC,cf_mean,54.408615,New Britain-New Ireland montane rain forests,1.0,Tropical & Subtropical Moist Broadleaf Forests,Australasia
164,_roff_2030y_SOC,cf_mean,45.787216,New Caledonia dry forests,2.0,Tropical & Subtropical Dry Broadleaf Forests,Australasia
146,_roff_2030y_SOC,cf_mean,58.83099,New Caledonia rain forests,1.0,Tropical & Subtropical Moist Broadleaf Forests,Australasia
338,_roff_2030y_SOC,cf_mean,53.100426,New England-Acadian forests,4.0,Temperate Broadleaf & Mixed Forests,Nearctic
217,_roff_2030y_SOC,cf_mean,,New Guinea mangroves,14.0,Mangroves,Australasia
252,_roff_2030y_SOC,cf_mean,,Nicobar Islands rain forests,1.0,Tropical & Subtropical Moist Broadleaf Forests,Indomalayan
22,_roff_2030y_SOC,cf_mean,,Niger Delta swamp forests,1.0,Tropical & Subtropical Moist Broadleaf Forests,Afrotropic
23,_roff_2030y_SOC,cf_mean,,Nigerian lowland forests,1.0,Tropical & Subtropical Moist Broadleaf Forests,Afrotropic
670,_roff_2030y_SOC,cf_mean,65.64554,Nihonkai evergreen forests,4.0,Temperate Broadleaf & Mixed Forests,Palearctic
671,_roff_2030y_SOC,cf_mean,70.502174,Nihonkai montane deciduous forests,4.0,Temperate Broadleaf & Mixed Forests,Palearctic
744,_roff_2030y_SOC,cf_mean,22.170202,Nile Delta flooded savanna,9.0,Flooded Grasslands & Savannas,Palearctic
147,_roff_2030y_SOC,cf_mean,,Norfolk Island subtropical forests,1.0,Tropical & Subtropical Moist Broadleaf Forests,Australasia
126,_roff_2030y_SOC,cf_mean,,Northeast Antarctic Peninsula tundra,11.0,Tundra,Antarctica
127,_roff_2030y_SOC,cf_mean,,Northwest Antarctic Peninsula tundra,11.0,Tundra,Antarctica
831,_roff_2030y_SOC,cf_mean,9.197232,North Arabian desert,13.0,Deserts & Xeric Shrublands,Palearctic
832,_roff_2030y_SOC,cf_mean,7.7461867,North Arabian highland shrublands,13.0,Deserts & Xeric Shrublands,Palearctic
171,_roff_2030y_SOC,cf_mean,75.284355,New Zealand North Island temperate forests,4.0,Temperate Broadleaf & Mixed Forests,Australasia
833,_roff_2030y_SOC,cf_mean,8.5083475,North Saharan Xeric Steppe and Woodland,13.0,Deserts & Xeric Shrublands,Palearctic
106,_roff_2030y_SOC,cf_mean,16.295513,Somali montane xeric woodlands,13.0,Deserts & Xeric Shrublands,Afrotropic
759,_roff_2030y_SOC,cf_mean,25.583632,North Tibetan Plateau-Kunlun Mountains alpine desert,10.0,Montane Grasslands & Shrublands,Palearctic
125,_roff_2030y_SOC,cf_mean,,North Victoria Land tundra,11.0,Tundra,Antarctica
253,_roff_2030y_SOC,cf_mean,22.766539,North Western Ghats moist deciduous forests,1.0,Tropical & Subtropical Moist Broadleaf Forests,Indomalayan
254,_roff_2030y_SOC,cf_mean,29.686533,North Western Ghats montane rain forests,1.0,Tropical & Subtropical Moist Broadleaf Forests,Indomalayan
673,_roff_2030y_SOC,cf_mean,32.619083,Northeast China Plain deciduous forests,4.0,Temperate Broadleaf & Mixed Forests,Palearctic
304,_roff_2030y_SOC,cf_mean,35.795364,Northeast India-Myanmar pine forests,3.0,Tropical & Subtropical Coniferous Forests,Indomalayan
775,_roff_2030y_SOC,cf_mean,,Northeast Siberian coastal tundra,11.0,Tundra,Palearctic
714,_roff_2030y_SOC,cf_mean,62.667496,Northeast Siberian taiga,6.0,Boreal Forests/Taiga,Palearctic
485,_roff_2030y_SOC,cf_mean,,Northeast Brazil restingas,1.0,Tropical & Subtropical Moist Broadleaf Forests,Neotropic
24,_roff_2030y_SOC,cf_mean,43.65198,Northeast Congolian lowland forests,1.0,Tropical & Subtropical Moist Broadleaf Forests,Afrotropic
702,_roff_2030y_SOC,cf_mean,62.470844,Northeast Himalayan subalpine conifer forests,5.0,Temperate Conifer Forests,Palearctic
799,_roff_2030y_SOC,cf_mean,38.673676,Northeast Spain and Southern France Mediterranean forests,12.0,"Mediterranean Forests, Woodlands & Scrub",Palearctic
339,_roff_2030y_SOC,cf_mean,42.563576,Northeast US Coastal forests,4.0,Temperate Broadleaf & Mixed Forests,Nearctic
51,_roff_2030y_SOC,cf_mean,24.082027,Northern Acacia-Commiphora bushlands and thickets,7.0,"Tropical & Subtropical Grasslands, Savannas & Shrublands",Afrotropic
703,_roff_2030y_SOC,cf_mean,38.242016,Northern Anatolian conifer and deciduous forests,5.0,Temperate Conifer Forests,Palearctic
593,_roff_2030y_SOC,cf_mean,56.58682,Northern Andean páramo,10.0,Montane Grasslands & Shrublands,Neotropic
255,_roff_2030y_SOC,cf_mean,29.78081,Northern Annamites rain forests,1.0,Tropical & Subtropical Moist Broadleaf Forests,Indomalayan
359,_roff_2030y_SOC,cf_mean,56.856915,Northern California coastal forests,5.0,Temperate Conifer Forests,Nearctic
379,_roff_2030y_SOC,cf_mean,47.739254,Northern Canadian Shield taiga,6.0,Boreal Forests/Taiga,Nearctic
52,_roff_2030y_SOC,cf_mean,27.746256,Northern Congolian Forest-Savanna,7.0,"Tropical & Subtropical Grasslands, Savannas & Shrublands",Afrotropic
297,_roff_2030y_SOC,cf_mean,18.471485,North Deccan dry deciduous forests,2.0,Tropical & Subtropical Dry Broadleaf Forests,Indomalayan
256,_roff_2030y_SOC,cf_mean,33.17875,Northern Indochina subtropical forests,1.0,Tropical & Subtropical Moist Broadleaf Forests,Indomalayan
257,_roff_2030y_SOC,cf_mean,22.750338,Northern Khorat Plateau moist deciduous forests,1.0,Tropical & Subtropical Moist Broadleaf Forests,Indomalayan
614,_roff_2030y_SOC,cf_mean,19.65463,Northern Mesoamerican Pacific mangroves,14.0,Mangroves,Neotropic
148,_roff_2030y_SOC,cf_mean,54.698563,Northern New Guinea lowland rain and freshwater swamp forests,1.0,Tropical & Subtropical Moist Broadleaf Forests,Australasia
149,_roff_2030y_SOC,cf_mean,48.6611,Northern New Guinea montane rain forests,1.0,Tropical & Subtropical Moist Broadleaf Forests,Australasia
396,_roff_2030y_SOC,cf_mean,36.863514,Northern Shortgrass prairie,8.0,"Temperate Grasslands, Savannas & Shrublands",Nearctic
25,_roff_2030y_SOC,cf_mean,35.631046,Northern Swahili coastal forests,1.0,Tropical & Subtropical Moist Broadleaf Forests,Afrotropic
397,_roff_2030y_SOC,cf_mean,56.7921,Northern Tallgrass prairie,8.0,"Temperate Grasslands, Savannas & Shrublands",Nearctic
258,_roff_2030y_SOC,cf_mean,25.159319,Northern Thailand-Laos moist deciduous forests,1.0,Tropical & Subtropical Moist Broadleaf Forests,Indomalayan
259,_roff_2030y_SOC,cf_mean,40.95064,Northern Triangle subtropical forests,1.0,Tropical & Subtropical Moist Broadleaf Forests,Indomalayan
307,_roff_2030y_SOC,cf_mean,46.764496,Northern Triangle temperate forests,4.0,Temperate Broadleaf & Mixed Forests,Indomalayan
260,_roff_2030y_SOC,cf_mean,29.705952,Northern Vietnam lowland rain forests,1.0,Tropical & Subtropical Moist Broadleaf Forests,Indomalayan
173,_roff_2030y_SOC,cf_mean,68.95514,Northland temperate kauri forests,4.0,Temperate Broadleaf & Mixed Forests,Australasia
800,_roff_2030y_SOC,cf_mean,34.963272,Northwest Iberian montane forests,12.0,"Mediterranean Forests, Woodlands & Scrub",Palearctic
776,_roff_2030y_SOC,cf_mean,,Northwest Russian-Novaya Zemlya tundra,11.0,Tundra,Palearctic
486,_roff_2030y_SOC,cf_mean,57.252148,Northwest Andean montane forests,1.0,Tropical & Subtropical Moist Broadleaf Forests,Neotropic
26,_roff_2030y_SOC,cf_mean,,Northwest Congolian lowland forests,1.0,Tropical & Subtropical Moist Broadleaf Forests,Afrotropic
641,_roff_2030y_SOC,cf_mean,,Northwest Hawai'i scrub,7.0,"Tropical & Subtropical Grasslands, Savannas & Shrublands",Oceania
760,_roff_2030y_SOC,cf_mean,48.93204,Northwestern Himalayan alpine shrub and meadows,10.0,Montane Grasslands & Shrublands,Palearctic
314,_roff_2030y_SOC,cf_mean,10.883648,Aravalli west thorn scrub forests,13.0,Deserts & Xeric Shrublands,Indomalayan
777,_roff_2030y_SOC,cf_mean,,Novosibirsk Islands Arctic desert,11.0,Tundra,Palearctic
704,_roff_2030y_SOC,cf_mean,57.582493,Nujiang Langcang Gorge alpine conifer and mixed forests,5.0,Temperate Conifer Forests,Palearctic
212,_roff_2030y_SOC,cf_mean,18.361576,Nullarbor Plains xeric shrublands,13.0,Deserts & Xeric Shrublands,Australasia
85,_roff_2030y_SOC,cf_mean,21.597483,Nyanga-Chimanimani Montane forest-grassland,10.0,Montane Grasslands & Shrublands,Afrotropic
487,_roff_2030y_SOC,cf_mean,43.085274,Oaxacan montane forests,1.0,Tropical & Subtropical Moist Broadleaf Forests,Neotropic
626,_roff_2030y_SOC,cf_mean,,Ogasawara subtropical moist forests,1.0,Tropical & Subtropical Moist Broadleaf Forests,Oceania
419,_roff_2030y_SOC,cf_mean,49.575855,Ogilvie-MacKenzie alpine tundra,11.0,Tundra,Nearctic
362,_roff_2030y_SOC,cf_mean,40.60142,Okanogan dry forests,5.0,Temperate Conifer Forests,Nearctic
715,_roff_2030y_SOC,cf_mean,57.27774,Okhotsk-Manchurian taiga,6.0,Boreal Forests/Taiga,Palearctic
761,_roff_2030y_SOC,cf_mean,18.654613,Ordos Plateau steppe,10.0,Montane Grasslands & Shrublands,Palearctic
488,_roff_2030y_SOC,cf_mean,,Orinoco Delta swamp forests,1.0,Tropical & Subtropical Moist Broadleaf Forests,Neotropic
583,_roff_2030y_SOC,cf_mean,,Orinoco wetlands,9.0,Flooded Grasslands & Savannas,Neotropic
261,_roff_2030y_SOC,cf_mean,22.886786,Orissa semi-evergreen forests,1.0,Tropical & Subtropical Moist Broadleaf Forests,Indomalayan
340,_roff_2030y_SOC,cf_mean,29.146097,Ozark Highlands mixed forests,4.0,Temperate Broadleaf & Mixed Forests,Nearctic
341,_roff_2030y_SOC,cf_mean,27.895365,Ozark Mountain forests,4.0,Temperate Broadleaf & Mixed Forests,Nearctic
420,_roff_2030y_SOC,cf_mean,70.98977,Pacific Coastal Mountain icefields and tundra,11.0,Tundra,Nearctic
627,_roff_2030y_SOC,cf_mean,,Palau tropical moist forests,1.0,Tropical & Subtropical Moist Broadleaf Forests,Oceania
262,_roff_2030y_SOC,cf_mean,,Palawan rain forests,1.0,Tropical & Subtropical Moist Broadleaf Forests,Indomalayan
398,_roff_2030y_SOC,cf_mean,27.511885,Palouse prairie,8.0,"Temperate Grasslands, Savannas & Shrublands",Nearctic
762,_roff_2030y_SOC,cf_mean,34.4451,Pamir alpine desert and tundra,10.0,Montane Grasslands & Shrublands,Palearctic
541,_roff_2030y_SOC,cf_mean,,Panamanian dry forests,2.0,Tropical & Subtropical Dry Broadleaf Forests,Neotropic
674,_roff_2030y_SOC,cf_mean,35.987854,Pannonian mixed forests,4.0,Temperate Broadleaf & Mixed Forests,Palearctic
584,_roff_2030y_SOC,cf_mean,20.898659,Pantanal,9.0,Flooded Grasslands & Savannas,Neotropic
489,_roff_2030y_SOC,cf_mean,,Pantanos de Centla,1.0,Tropical & Subtropical Moist Broadleaf Forests,Neotropic
490,_roff_2030y_SOC,cf_mean,40.82787,Pantepui forests & shrublands,1.0,Tropical & Subtropical Moist Broadleaf Forests,Neotropic
606,_roff_2030y_SOC,cf_mean,27.31437,Paraguaná xeric scrub,13.0,Deserts & Xeric Shrublands,Neotropic
585,_roff_2030y_SOC,cf_mean,31.616898,Paraná flooded savanna,9.0,Flooded Grasslands & Savannas,Neotropic
834,_roff_2030y_SOC,cf_mean,30.778805,Paropamisus xeric woodlands,13.0,Deserts & Xeric Shrublands,Palearctic
578,_roff_2030y_SOC,cf_mean,29.10113,Patagonian steppe,8.0,"Temperate Grasslands, Savannas & Shrublands",Neotropic
542,_roff_2030y_SOC,cf_mean,67.469955,Patía valley dry forests,2.0,Tropical & Subtropical Dry Broadleaf Forests,Neotropic
263,_roff_2030y_SOC,cf_mean,45.410645,Peninsular Malaysian montane rain forests,1.0,Tropical & Subtropical Moist Broadleaf Forests,Indomalayan
264,_roff_2030y_SOC,cf_mean,,Peninsular Malaysian peat swamp forests,1.0,Tropical & Subtropical Moist Broadleaf Forests,Indomalayan
265,_roff_2030y_SOC,cf_mean,41.616867,Peninsular Malaysian rain forests,1.0,Tropical & Subtropical Moist Broadleaf Forests,Indomalayan
491,_roff_2030y_SOC,cf_mean,,Pernambuco coastal forests,1.0,Tropical & Subtropical Moist Broadleaf Forests,Neotropic
492,_roff_2030y_SOC,cf_mean,19.704594,Pernambuco interior forests,1.0,Tropical & Subtropical Moist Broadleaf Forests,Neotropic
493,_roff_2030y_SOC,cf_mean,49.29803,Peruvian Yungas,1.0,Tropical & Subtropical Moist Broadleaf Forests,Neotropic
494,_roff_2030y_SOC,cf_mean,37.14575,Petén-Veracruz moist forests,1.0,Tropical & Subtropical Moist Broadleaf Forests,Neotropic
213,_roff_2030y_SOC,cf_mean,8.884854,Pilbara shrublands,13.0,Deserts & Xeric Shrublands,Australasia
801,_roff_2030y_SOC,cf_mean,39.676495,Pindus Mountains mixed forests,12.0,"Mediterranean Forests, Woodlands & Scrub",Palearctic
363,_roff_2030y_SOC,cf_mean,21.644245,Piney Woods,5.0,Temperate Conifer Forests,Nearctic
675,_roff_2030y_SOC,cf_mean,37.079464,Po Basin mixed forests,4.0,Temperate Broadleaf & Mixed Forests,Palearctic
735,_roff_2030y_SOC,cf_mean,43.943874,Pontic steppe,8.0,"Temperate Grasslands, Savannas & Shrublands",Palearctic
128,_roff_2030y_SOC,cf_mean,,Prince Charles Mountains tundra,11.0,Tundra,Antarctica
543,_roff_2030y_SOC,cf_mean,,Puerto Rican dry forests,2.0,Tropical & Subtropical Dry Broadleaf Forests,Neotropic
495,_roff_2030y_SOC,cf_mean,,Puerto Rican moist forests,1.0,Tropical & Subtropical Moist Broadleaf Forests,Neotropic
364,_roff_2030y_SOC,cf_mean,57.952724,Puget lowland forests,5.0,Temperate Conifer Forests,Nearctic
497,_roff_2030y_SOC,cf_mean,,Purus-Madeira moist forests,1.0,Tropical & Subtropical Moist Broadleaf Forests,Neotropic
496,_roff_2030y_SOC,cf_mean,,Purus várzea,1.0,Tropical & Subtropical Moist Broadleaf Forests,Neotropic
676,_roff_2030y_SOC,cf_mean,47.583588,Pyrenees conifer and mixed forests,4.0,Temperate Broadleaf & Mixed Forests,Palearctic
835,_roff_2030y_SOC,cf_mean,19.988367,Qaidam Basin semi-desert,13.0,Deserts & Xeric Shrublands,Palearctic
705,_roff_2030y_SOC,cf_mean,53.705467,Qilian Mountains conifer forests,5.0,Temperate Conifer Forests,Palearctic
763,_roff_2030y_SOC,cf_mean,33.248352,Qilian Mountains subalpine meadows,10.0,Montane Grasslands & Shrublands,Palearctic
677,_roff_2030y_SOC,cf_mean,37.687042,Qin Ling Mountains deciduous forests,4.0,Temperate Broadleaf & Mixed Forests,Palearctic
706,_roff_2030y_SOC,cf_mean,53.103127,Qionglai-Minshan conifer forests,5.0,Temperate Conifer Forests,Palearctic
150,_roff_2030y_SOC,cf_mean,31.240072,Queensland tropical rain forests,1.0,Tropical & Subtropical Moist Broadleaf Forests,Australasia
174,_roff_2030y_SOC,cf_mean,88.846275,Rakiura Island temperate forests,4.0,Temperate Broadleaf & Mixed Forests,Australasia
312,_roff_2030y_SOC,cf_mean,10.041164,Rann of Kutch seasonal salt marsh,9.0,Flooded Grasslands & Savannas,Indomalayan
628,_roff_2030y_SOC,cf_mean,,Rapa Nui and Sala y Gómez subtropical forests,1.0,Tropical & Subtropical Moist Broadleaf Forests,Oceania
266,_roff_2030y_SOC,cf_mean,26.119072,Red River freshwater swamp forests,1.0,Tropical & Subtropical Moist Broadleaf Forests,Indomalayan
837,_roff_2030y_SOC,cf_mean,7.3670187,Red Sea-Arabian Desert shrublands,13.0,Deserts & Xeric Shrublands,Palearctic
836,_roff_2030y_SOC,cf_mean,8.750582,Red Sea coastal desert,13.0,Deserts & Xeric Shrublands,Palearctic
115,_roff_2030y_SOC,cf_mean,12.963229,Red Sea mangroves,14.0,Mangroves,Afrotropic
838,_roff_2030y_SOC,cf_mean,8.382019,Registan-North Pakistan sandy desert,13.0,Deserts & Xeric Shrublands,Palearctic
90,_roff_2030y_SOC,cf_mean,24.769814,Renosterveld shrubland,12.0,"Mediterranean Forests, Woodlands & Scrub",Afrotropic
175,_roff_2030y_SOC,cf_mean,81.21351,Richmond temperate forests,4.0,Temperate Broadleaf & Mixed Forests,Australasia
498,_roff_2030y_SOC,cf_mean,,Rio Negro campinarana,1.0,Tropical & Subtropical Moist Broadleaf Forests,Neotropic
678,_roff_2030y_SOC,cf_mean,35.781517,Rodope montane mixed forests,4.0,Temperate Broadleaf & Mixed Forests,Palearctic
86,_roff_2030y_SOC,cf_mean,57.120247,Rwenzori-Virunga montane moorlands,10.0,Montane Grasslands & Shrublands,Afrotropic
745,_roff_2030y_SOC,cf_mean,9.858825,Saharan halophytics,9.0,Flooded Grasslands & Savannas,Palearctic
53,_roff_2030y_SOC,cf_mean,7.8890834,Sahelian Acacia savanna,7.0,"Tropical & Subtropical Grasslands, Savannas & Shrublands",Afrotropic
716,_roff_2030y_SOC,cf_mean,62.005924,Sakhalin Island taiga,6.0,Boreal Forests/Taiga,Palearctic
629,_roff_2030y_SOC,cf_mean,89.94299,Samoan tropical moist forests,1.0,Tropical & Subtropical Moist Broadleaf Forests,Oceania
562,_roff_2030y_SOC,cf_mean,,San Félix-San Ambrosio Islands temperate forests,4.0,Temperate Broadleaf & Mixed Forests,Neotropic
607,_roff_2030y_SOC,cf_mean,22.564596,San Lucan xeric scrub,13.0,Deserts & Xeric Shrublands,Neotropic
425,_roff_2030y_SOC,cf_mean,40.77668,Santa Lucia Montane Chaparral & Woodlands,12.0,"Mediterranean Forests, Woodlands & Scrub",Nearctic
499,_roff_2030y_SOC,cf_mean,40.819706,Santa Marta montane forests,1.0,Tropical & Subtropical Moist Broadleaf Forests,Neotropic
594,_roff_2030y_SOC,cf_mean,34.62378,Santa Marta páramo,10.0,Montane Grasslands & Shrublands,Neotropic
27,_roff_2030y_SOC,cf_mean,,"São Tomé, Príncipe, and Annobón forests",1.0,Tropical & Subtropical Moist Broadleaf Forests,Afrotropic
679,_roff_2030y_SOC,cf_mean,55.35281,Sarmatic mixed forests,4.0,Temperate Broadleaf & Mixed Forests,Palearctic
764,_roff_2030y_SOC,cf_mean,58.004765,Sayan alpine meadows and tundra,10.0,Montane Grasslands & Shrublands,Palearctic
736,_roff_2030y_SOC,cf_mean,52.899673,Sayan Intermontane steppe,8.0,"Temperate Grasslands, Savannas & Shrublands",Palearctic
707,_roff_2030y_SOC,cf_mean,57.00505,Sayan montane conifer forests,5.0,Temperate Conifer Forests,Palearctic
717,_roff_2030y_SOC,cf_mean,62.845875,Scandinavian and Russian taiga,6.0,Boreal Forests/Taiga,Palearctic
708,_roff_2030y_SOC,cf_mean,73.896355,Scandinavian coastal conifer forests,5.0,Temperate Conifer Forests,Palearctic
780,_roff_2030y_SOC,cf_mean,71.3848,Scandinavian Montane Birch forest and grasslands,11.0,Tundra,Palearctic
129,_roff_2030y_SOC,cf_mean,,Scotia Sea Islands tundra,11.0,Tundra,Antarctica
608,_roff_2030y_SOC,cf_mean,22.779825,Sechura desert,13.0,Deserts & Xeric Shrublands,Neotropic
737,_roff_2030y_SOC,cf_mean,52.437122,Selenge-Orkhon forest steppe,8.0,"Temperate Grasslands, Savannas & Shrublands",Palearctic
151,_roff_2030y_SOC,cf_mean,89.94299,Seram rain forests,1.0,Tropical & Subtropical Moist Broadleaf Forests,Australasia
54,_roff_2030y_SOC,cf_mean,14.489518,Serengeti volcanic grasslands,7.0,"Tropical & Subtropical Grasslands, Savannas & Shrublands",Afrotropic
500,_roff_2030y_SOC,cf_mean,40.17337,Serra do Mar coastal forests,1.0,Tropical & Subtropical Moist Broadleaf Forests,Neotropic
680,_roff_2030y_SOC,cf_mean,27.45733,Sichuan Basin evergreen broadleaf forests,4.0,Temperate Broadleaf & Mixed Forests,Palearctic
544,_roff_2030y_SOC,cf_mean,28.121069,Sierra de la Laguna dry forests,2.0,Tropical & Subtropical Dry Broadleaf Forests,Neotropic
556,_roff_2030y_SOC,cf_mean,39.12608,Sierra de la Laguna pine-oak forests,3.0,Tropical & Subtropical Coniferous Forests,Neotropic
501,_roff_2030y_SOC,cf_mean,49.80469,Sierra de los Tuxtlas,1.0,Tropical & Subtropical Moist Broadleaf Forests,Neotropic
502,_roff_2030y_SOC,cf_mean,36.34951,Sierra Madre de Chiapas moist forests,1.0,Tropical & Subtropical Moist Broadleaf Forests,Neotropic
557,_roff_2030y_SOC,cf_mean,33.761414,Sierra Madre de Oaxaca pine-oak forests,3.0,Tropical & Subtropical Coniferous Forests,Neotropic
558,_roff_2030y_SOC,cf_mean,29.395855,Sierra Madre del Sur pine-oak forests,3.0,Tropical & Subtropical Coniferous Forests,Neotropic
326,_roff_2030y_SOC,cf_mean,25.307135,Sierra Madre Occidental pine-oak forests,3.0,Tropical & Subtropical Coniferous Forests,Nearctic
327,_roff_2030y_SOC,cf_mean,28.786797,Sierra Madre Oriental pine-oak forests,3.0,Tropical & Subtropical Coniferous Forests,Nearctic
366,_roff_2030y_SOC,cf_mean,36.30033,Sierra Nevada forests,5.0,Temperate Conifer Forests,Nearctic
214,_roff_2030y_SOC,cf_mean,10.898584,Simpson desert,13.0,Deserts & Xeric Shrublands,Australasia
545,_roff_2030y_SOC,cf_mean,22.227736,Sinaloan dry forests,2.0,Tropical & Subtropical Dry Broadleaf Forests,Neotropic
546,_roff_2030y_SOC,cf_mean,43.60959,Sinú Valley dry forests,2.0,Tropical & Subtropical Dry Broadleaf Forests,Neotropic
434,_roff_2030y_SOC,cf_mean,26.508942,Snake-Columbia shrub steppe,13.0,Deserts & Xeric Shrublands,Nearctic
630,_roff_2030y_SOC,cf_mean,,Society Islands tropical moist forests,1.0,Tropical & Subtropical Moist Broadleaf Forests,Oceania
105,_roff_2030y_SOC,cf_mean,36.39574,Socotra Island xeric shrublands,13.0,Deserts & Xeric Shrublands,Afrotropic
503,_roff_2030y_SOC,cf_mean,,Solimões-Japurá moist forests,1.0,Tropical & Subtropical Moist Broadleaf Forests,Neotropic
152,_roff_2030y_SOC,cf_mean,89.94299,Solomon Islands rain forests,1.0,Tropical & Subtropical Moist Broadleaf Forests,Australasia
55,_roff_2030y_SOC,cf_mean,27.356968,Somali Acacia-Commiphora bushlands and thickets,7.0,"Tropical & Subtropical Grasslands, Savannas & Shrublands",Afrotropic
324,_roff_2030y_SOC,cf_mean,15.281636,Sonoran-Sinaloan subtropical dry forest,2.0,Tropical & Subtropical Dry Broadleaf Forests,Nearctic
435,_roff_2030y_SOC,cf_mean,8.534733,Sonoran desert,13.0,Deserts & Xeric Shrublands,Nearctic
615,_roff_2030y_SOC,cf_mean,,South American Pacific mangroves,14.0,Mangroves,Neotropic
130,_roff_2030y_SOC,cf_mean,,South Antarctic Peninsula tundra,11.0,Tundra,Antarctica
802,_roff_2030y_SOC,cf_mean,41.049267,South Apennine mixed montane forests,12.0,"Mediterranean Forests, Woodlands & Scrub",Palearctic
367,_roff_2030y_SOC,cf_mean,41.264095,South Central Rockies forests,5.0,Temperate Conifer Forests,Nearctic
268,_roff_2030y_SOC,cf_mean,28.585737,South China-Vietnam subtropical evergreen forests,1.0,Tropical & Subtropical Moist Broadleaf Forests,Indomalayan
267,_roff_2030y_SOC,cf_mean,,South China Sea Islands,1.0,Tropical & Subtropical Moist Broadleaf Forests,Indomalayan
298,_roff_2030y_SOC,cf_mean,20.896336,South Deccan Plateau dry deciduous forests,2.0,Tropical & Subtropical Dry Broadleaf Forests,Indomalayan
841,_roff_2030y_SOC,cf_mean,10.0769005,South Iran Nubo-Sindian desert and semi-desert,13.0,Deserts & Xeric Shrublands,Palearctic
194,_roff_2030y_SOC,cf_mean,83.64848,New Zealand South Island montane grasslands,10.0,Montane Grasslands & Shrublands,Australasia
172,_roff_2030y_SOC,cf_mean,80.02704,New Zealand South Island temperate forests,4.0,Temperate Broadleaf & Mixed Forests,Australasia
131,_roff_2030y_SOC,cf_mean,,South Orkney Islands tundra,11.0,Tundra,Antarctica
842,_roff_2030y_SOC,cf_mean,7.2261252,South Sahara desert,13.0,Deserts & Xeric Shrublands,Palearctic
738,_roff_2030y_SOC,cf_mean,63.09245,South Siberian forest steppe,8.0,"Temperate Grasslands, Savannas & Shrublands",Palearctic
269,_roff_2030y_SOC,cf_mean,35.173233,South Taiwan monsoon rain forests,1.0,Tropical & Subtropical Moist Broadleaf Forests,Indomalayan
132,_roff_2030y_SOC,cf_mean,,South Victoria Land tundra,11.0,Tundra,Antarctica
270,_roff_2030y_SOC,cf_mean,27.621151,South Western Ghats moist deciduous forests,1.0,Tropical & Subtropical Moist Broadleaf Forests,Indomalayan
271,_roff_2030y_SOC,cf_mean,34.71283,South Western Ghats montane rain forests,1.0,Tropical & Subtropical Moist Broadleaf Forests,Indomalayan
176,_roff_2030y_SOC,cf_mean,36.11006,Southeast Australia temperate forests,4.0,Temperate Broadleaf & Mixed Forests,Australasia
192,_roff_2030y_SOC,cf_mean,15.537228,Southeast Australia temperate savanna,8.0,"Temperate Grasslands, Savannas & Shrublands",Australasia
765,_roff_2030y_SOC,cf_mean,45.307354,Southeast Tibet shrublands and meadows,10.0,Montane Grasslands & Shrublands,Palearctic
400,_roff_2030y_SOC,cf_mean,18.288105,Southeast US mixed woodlands and savannas,8.0,"Temperate Grasslands, Savannas & Shrublands",Nearctic
399,_roff_2030y_SOC,cf_mean,23.144825,Southeast US conifer savannas,8.0,"Temperate Grasslands, Savannas & Shrublands",Nearctic
803,_roff_2030y_SOC,cf_mean,25.580818,Southeast Iberian shrubs and woodlands,12.0,"Mediterranean Forests, Woodlands & Scrub",Palearctic
299,_roff_2030y_SOC,cf_mean,28.48267,Southeast Indochina dry evergreen forests,2.0,Tropical & Subtropical Dry Broadleaf Forests,Indomalayan
153,_roff_2030y_SOC,cf_mean,61.154083,Southeast Papuan rain forests,1.0,Tropical & Subtropical Moist Broadleaf Forests,Australasia
57,_roff_2030y_SOC,cf_mean,20.77615,Southern Acacia-Commiphora bushlands and thickets,7.0,"Tropical & Subtropical Grasslands, Savannas & Shrublands",Afrotropic
116,_roff_2030y_SOC,cf_mean,31.396608,Southern Africa mangroves,14.0,Mangroves,Afrotropic
804,_roff_2030y_SOC,cf_mean,33.610806,Southern Anatolian montane conifer and deciduous forests,12.0,"Mediterranean Forests, Woodlands & Scrub",Palearctic
595,_roff_2030y_SOC,cf_mean,25.025305,Southern Andean steppe,10.0,Montane Grasslands & Shrublands,Neotropic
504,_roff_2030y_SOC,cf_mean,33.820065,Southern Andean Yungas,1.0,Tropical & Subtropical Moist Broadleaf Forests,Neotropic
272,_roff_2030y_SOC,cf_mean,31.840239,Southern Annamites montane rain forests,1.0,Tropical & Subtropical Moist Broadleaf Forests,Indomalayan
616,_roff_2030y_SOC,cf_mean,50.385727,Southern Atlantic Brazilian mangroves,14.0,Mangroves,Neotropic
586,_roff_2030y_SOC,cf_mean,25.426212,Southern Cone Mesopotamian savanna,9.0,Flooded Grasslands & Savannas,Neotropic
58,_roff_2030y_SOC,cf_mean,15.858941,Southern Congolian forest-savanna,7.0,"Tropical & Subtropical Grasslands, Savannas & Shrublands",Afrotropic
342,_roff_2030y_SOC,cf_mean,43.099194,Southern Great Lakes forests,4.0,Temperate Broadleaf & Mixed Forests,Nearctic
382,_roff_2030y_SOC,cf_mean,58.642696,Southern Hudson Bay taiga,6.0,Boreal Forests/Taiga,Nearctic
133,_roff_2030y_SOC,cf_mean,,Southern Indian Ocean Islands tundra,11.0,Tundra,Antarctica
681,_roff_2030y_SOC,cf_mean,42.525063,Southern Korea evergreen forests,4.0,Temperate Broadleaf & Mixed Forests,Palearctic
617,_roff_2030y_SOC,cf_mean,,Southern Mesoamerican Pacific mangroves,14.0,Mangroves,Neotropic
154,_roff_2030y_SOC,cf_mean,,Southern New Guinea freshwater swamp forests,1.0,Tropical & Subtropical Moist Broadleaf Forests,Australasia
155,_roff_2030y_SOC,cf_mean,59.78626,Southern New Guinea lowland rain forests,1.0,Tropical & Subtropical Moist Broadleaf Forests,Australasia
547,_roff_2030y_SOC,cf_mean,29.98159,Southern Pacific dry forests,2.0,Tropical & Subtropical Dry Broadleaf Forests,Neotropic
87,_roff_2030y_SOC,cf_mean,31.357197,Southern Rift Montane forest-grassland,10.0,Montane Grasslands & Shrublands,Afrotropic
28,_roff_2030y_SOC,cf_mean,19.933084,Southern Swahili coastal forests and woodlands,1.0,Tropical & Subtropical Moist Broadleaf Forests,Afrotropic
300,_roff_2030y_SOC,cf_mean,35.398064,Southern Vietnam lowland dry forests,2.0,Tropical & Subtropical Dry Broadleaf Forests,Indomalayan
505,_roff_2030y_SOC,cf_mean,47.11493,Southwest Amazon moist forests,1.0,Tropical & Subtropical Moist Broadleaf Forests,Neotropic
108,_roff_2030y_SOC,cf_mean,11.804135,Southwest Arabian Escarpment shrublands and woodlands,13.0,Deserts & Xeric Shrublands,Afrotropic
109,_roff_2030y_SOC,cf_mean,13.449754,Southwest Arabian highland xeric scrub,13.0,Deserts & Xeric Shrublands,Afrotropic
205,_roff_2030y_SOC,cf_mean,18.08025,Southwest Australia savanna,12.0,"Mediterranean Forests, Woodlands & Scrub",Australasia
206,_roff_2030y_SOC,cf_mean,40.443146,Southwest Australia woodlands,12.0,"Mediterranean Forests, Woodlands & Scrub",Australasia
273,_roff_2030y_SOC,cf_mean,,Southwest Borneo freshwater swamp forests,1.0,Tropical & Subtropical Moist Broadleaf Forests,Indomalayan
805,_roff_2030y_SOC,cf_mean,30.182497,Southwest Iberian Mediterranean sclerophyllous and mixed forests,12.0,"Mediterranean Forests, Woodlands & Scrub",Palearctic
301,_roff_2030y_SOC,cf_mean,36.589287,Sri Lanka dry-zone dry evergreen forests,2.0,Tropical & Subtropical Dry Broadleaf Forests,Indomalayan
274,_roff_2030y_SOC,cf_mean,38.545006,Sri Lanka lowland rain forests,1.0,Tropical & Subtropical Moist Broadleaf Forests,Indomalayan
275,_roff_2030y_SOC,cf_mean,40.46665,Sri Lanka montane rain forests,1.0,Tropical & Subtropical Moist Broadleaf Forests,Indomalayan
609,_roff_2030y_SOC,cf_mean,,St. Peter and St. Paul Rocks,13.0,Deserts & Xeric Shrublands,Neotropic
110,_roff_2030y_SOC,cf_mean,15.0650015,Succulent Karoo xeric shrublands,13.0,Deserts & Xeric Shrublands,Afrotropic
74,_roff_2030y_SOC,cf_mean,,Sudd flooded grasslands,9.0,Flooded Grasslands & Savannas,Afrotropic
746,_roff_2030y_SOC,cf_mean,52.37064,Suiphun-Khanka meadows and forest meadows,9.0,Flooded Grasslands & Savannas,Palearctic
766,_roff_2030y_SOC,cf_mean,18.19097,Sulaiman Range alpine meadows,10.0,Montane Grasslands & Shrublands,Palearctic
157,_roff_2030y_SOC,cf_mean,50.686893,Sulawesi montane rain forests,1.0,Tropical & Subtropical Moist Broadleaf Forests,Australasia
276,_roff_2030y_SOC,cf_mean,,Sulu Archipelago rain forests,1.0,Tropical & Subtropical Moist Broadleaf Forests,Indomalayan
277,_roff_2030y_SOC,cf_mean,,Sumatran freshwater swamp forests,1.0,Tropical & Subtropical Moist Broadleaf Forests,Indomalayan
278,_roff_2030y_SOC,cf_mean,51.048683,Sumatran lowland rain forests,1.0,Tropical & Subtropical Moist Broadleaf Forests,Indomalayan
279,_roff_2030y_SOC,cf_mean,50.281322,Sumatran montane rain forests,1.0,Tropical & Subtropical Moist Broadleaf Forests,Indomalayan
280,_roff_2030y_SOC,cf_mean,,Sumatran peat swamp forests,1.0,Tropical & Subtropical Moist Broadleaf Forests,Indomalayan
305,_roff_2030y_SOC,cf_mean,52.46162,Sumatran tropical pine forests,3.0,Tropical & Subtropical Coniferous Forests,Indomalayan
165,_roff_2030y_SOC,cf_mean,,Sumba deciduous forests,2.0,Tropical & Subtropical Dry Broadleaf Forests,Australasia
322,_roff_2030y_SOC,cf_mean,,Sunda Shelf mangroves,14.0,Mangroves,Indomalayan
281,_roff_2030y_SOC,cf_mean,,Sundaland heath forests,1.0,Tropical & Subtropical Moist Broadleaf Forests,Indomalayan
282,_roff_2030y_SOC,cf_mean,20.83023,Sundarbans freshwater swamp forests,1.0,Tropical & Subtropical Moist Broadleaf Forests,Indomalayan
323,_roff_2030y_SOC,cf_mean,29.03113,Sundarbans mangroves,14.0,Mangroves,Indomalayan
739,_roff_2030y_SOC,cf_mean,13.792973,Syrian xeric grasslands and shrublands,8.0,"Temperate Grasslands, Savannas & Shrublands",Palearctic
682,_roff_2030y_SOC,cf_mean,51.130764,Taiheiyo evergreen forests,4.0,Temperate Broadleaf & Mixed Forests,Palearctic
683,_roff_2030y_SOC,cf_mean,56.787292,Taiheiyo montane deciduous forests,4.0,Temperate Broadleaf & Mixed Forests,Palearctic
781,_roff_2030y_SOC,cf_mean,,Taimyr-Central Siberian tundra,11.0,Tundra,Palearctic
283,_roff_2030y_SOC,cf_mean,47.22044,Taiwan subtropical evergreen forests,1.0,Tropical & Subtropical Moist Broadleaf Forests,Indomalayan
843,_roff_2030y_SOC,cf_mean,20.943085,Taklimakan desert,13.0,Deserts & Xeric Shrublands,Palearctic
506,_roff_2030y_SOC,cf_mean,50.753056,Talamancan montane forests,1.0,Tropical & Subtropical Moist Broadleaf Forests,Neotropic
436,_roff_2030y_SOC,cf_mean,24.048223,Tamaulipan matorral,13.0,Deserts & Xeric Shrublands,Nearctic
437,_roff_2030y_SOC,cf_mean,17.566668,Tamaulipan mezquital,13.0,Deserts & Xeric Shrublands,Nearctic
507,_roff_2030y_SOC,cf_mean,,Tapajós-Xingu moist forests,1.0,Tropical & Subtropical Moist Broadleaf Forests,Neotropic
684,_roff_2030y_SOC,cf_mean,19.81259,Tarim Basin deciduous forests and steppe,4.0,Temperate Broadleaf & Mixed Forests,Palearctic
177,_roff_2030y_SOC,cf_mean,67.706055,Tasmanian Central Highland forests,4.0,Temperate Broadleaf & Mixed Forests,Australasia
178,_roff_2030y_SOC,cf_mean,65.62387,Tasmanian temperate forests,4.0,Temperate Broadleaf & Mixed Forests,Australasia
179,_roff_2030y_SOC,cf_mean,85.93948,Tasmanian temperate rain forests,4.0,Temperate Broadleaf & Mixed Forests,Australasia
610,_roff_2030y_SOC,cf_mean,28.183311,Tehuacán Valley matorral,13.0,Deserts & Xeric Shrublands,Neotropic
284,_roff_2030y_SOC,cf_mean,31.765568,Tenasserim-South Thailand semi-evergreen rain forests,1.0,Tropical & Subtropical Moist Broadleaf Forests,Indomalayan
311,_roff_2030y_SOC,cf_mean,21.206228,Terai-Duar savanna and grasslands,7.0,"Tropical & Subtropical Grasslands, Savannas & Shrublands",Indomalayan
401,_roff_2030y_SOC,cf_mean,23.222675,Texas blackland prairies,8.0,"Temperate Grasslands, Savannas & Shrublands",Nearctic
318,_roff_2030y_SOC,cf_mean,8.067599,Thar desert,13.0,Deserts & Xeric Shrublands,Indomalayan
740,_roff_2030y_SOC,cf_mean,36.333775,Tian Shan foothill arid steppe,8.0,"Temperate Grasslands, Savannas & Shrublands",Palearctic
709,_roff_2030y_SOC,cf_mean,42.933304,Tian Shan montane conifer forests,5.0,Temperate Conifer Forests,Palearctic
767,_roff_2030y_SOC,cf_mean,34.691525,Tian Shan montane steppe and meadows,10.0,Montane Grasslands & Shrublands,Palearctic
844,_roff_2030y_SOC,cf_mean,10.285591,Tibesti-Jebel Uweinat montane xeric woodlands,13.0,Deserts & Xeric Shrublands,Palearctic
768,_roff_2030y_SOC,cf_mean,35.79844,Tibetan Plateau alpine shrublands and meadows,10.0,Montane Grasslands & Shrublands,Palearctic
747,_roff_2030y_SOC,cf_mean,12.688832,Tigris-Euphrates alluvial salt marsh,9.0,Flooded Grasslands & Savannas,Palearctic
166,_roff_2030y_SOC,cf_mean,62.33484,Timor and Wetar deciduous forests,2.0,Tropical & Subtropical Dry Broadleaf Forests,Australasia
215,_roff_2030y_SOC,cf_mean,18.315804,Tirari-Sturt stony desert,13.0,Deserts & Xeric Shrublands,Australasia
631,_roff_2030y_SOC,cf_mean,,Tongan tropical moist forests,1.0,Tropical & Subtropical Moist Broadleaf Forests,Oceania
286,_roff_2030y_SOC,cf_mean,,Tonle Sap-Mekong peat swamp forests,1.0,Tropical & Subtropical Moist Broadleaf Forests,Indomalayan
285,_roff_2030y_SOC,cf_mean,,Tonle Sap freshwater swamp forests,1.0,Tropical & Subtropical Moist Broadleaf Forests,Indomalayan
421,_roff_2030y_SOC,cf_mean,,Torngat Mountain tundra,11.0,Tundra,Nearctic
782,_roff_2030y_SOC,cf_mean,61.336372,Trans-Baikal Bald Mountain tundra,11.0,Tundra,Palearctic
718,_roff_2030y_SOC,cf_mean,56.237717,Trans-Baikal conifer forests,6.0,Boreal Forests/Taiga,Palearctic
559,_roff_2030y_SOC,cf_mean,31.254623,Trans-Mexican Volcanic Belt pine-oak forests,3.0,Tropical & Subtropical Coniferous Forests,Neotropic
188,_roff_2030y_SOC,cf_mean,,Trans Fly savanna and grasslands,7.0,"Tropical & Subtropical Grasslands, Savannas & Shrublands",Australasia
134,_roff_2030y_SOC,cf_mean,,Transantarctic Mountains tundra,11.0,Tundra,Antarctica
510,_roff_2030y_SOC,cf_mean,,Trinidad and Tobago moist forest,1.0,Tropical & Subtropical Moist Broadleaf Forests,Neotropic
68,_roff_2030y_SOC,cf_mean,,Tristan Da Cunha-Gough Islands shrub and grasslands,8.0,"Temperate Grasslands, Savannas & Shrublands",Afrotropic
158,_roff_2030y_SOC,cf_mean,,Trobriand Islands rain forests,1.0,Tropical & Subtropical Moist Broadleaf Forests,Australasia
632,_roff_2030y_SOC,cf_mean,,Tuamotu tropical moist forests,1.0,Tropical & Subtropical Moist Broadleaf Forests,Oceania
633,_roff_2030y_SOC,cf_mean,,Tubuai tropical moist forests,1.0,Tropical & Subtropical Moist Broadleaf Forests,Oceania
549,_roff_2030y_SOC,cf_mean,23.776709,Tumbes-Piura dry forests,2.0,Tropical & Subtropical Dry Broadleaf Forests,Neotropic
806,_roff_2030y_SOC,cf_mean,39.510128,Tyrrhenian-Adriatic sclerophyllous and mixed forests,12.0,"Mediterranean Forests, Woodlands & Scrub",Palearctic
511,_roff_2030y_SOC,cf_mean,,Uatumã-Trombetas moist forests,1.0,Tropical & Subtropical Moist Broadleaf Forests,Neotropic
512,_roff_2030y_SOC,cf_mean,42.820087,Ucayali moist forests,1.0,Tropical & Subtropical Moist Broadleaf Forests,Neotropic
287,_roff_2030y_SOC,cf_mean,15.488851,Upper Gangetic Plains moist deciduous forests,1.0,Tropical & Subtropical Moist Broadleaf Forests,Indomalayan
343,_roff_2030y_SOC,cf_mean,42.134502,Upper Midwest US forest-savanna transition,4.0,Temperate Broadleaf & Mixed Forests,Nearctic
719,_roff_2030y_SOC,cf_mean,62.755455,Urals montane forest and taiga,6.0,Boreal Forests/Taiga,Palearctic
574,_roff_2030y_SOC,cf_mean,36.05783,Uruguayan savanna,7.0,"Tropical & Subtropical Grasslands, Savannas & Shrublands",Neotropic
685,_roff_2030y_SOC,cf_mean,55.645073,Ussuri broadleaf and mixed forests,4.0,Temperate Broadleaf & Mixed Forests,Palearctic
563,_roff_2030y_SOC,cf_mean,75.44494,Valdivian temperate forests,4.0,Temperate Broadleaf & Mixed Forests,Neotropic
159,_roff_2030y_SOC,cf_mean,89.94299,Vanuatu rain forests,1.0,Tropical & Subtropical Moist Broadleaf Forests,Australasia
513,_roff_2030y_SOC,cf_mean,40.141537,Venezuelan Andes montane forests,1.0,Tropical & Subtropical Moist Broadleaf Forests,Neotropic
550,_roff_2030y_SOC,cf_mean,33.523933,Veracruz dry forests,2.0,Tropical & Subtropical Dry Broadleaf Forests,Neotropic
514,_roff_2030y_SOC,cf_mean,33.973087,Veracruz moist forests,1.0,Tropical & Subtropical Moist Broadleaf Forests,Neotropic
515,_roff_2030y_SOC,cf_mean,41.68866,Veracruz montane forests,1.0,Tropical & Subtropical Moist Broadleaf Forests,Neotropic
189,_roff_2030y_SOC,cf_mean,9.537825,Victoria Plains tropical savanna,7.0,"Tropical & Subtropical Grasslands, Savannas & Shrublands",Australasia
161,_roff_2030y_SOC,cf_mean,73.636284,Vogelkop-Aru lowland rain forests,1.0,Tropical & Subtropical Moist Broadleaf Forests,Australasia
160,_roff_2030y_SOC,cf_mean,62.245216,Vogelkop montane rain forests,1.0,Tropical & Subtropical Moist Broadleaf Forests,Australasia
368,_roff_2030y_SOC,cf_mean,40.86668,Wasatch and Uinta montane forests,5.0,Temperate Conifer Forests,Nearctic
383,_roff_2030y_SOC,cf_mean,55.145058,Watson Highlands taiga,6.0,Boreal Forests/Taiga,Nearctic
845,_roff_2030y_SOC,cf_mean,8.0645075,West Sahara desert,13.0,Deserts & Xeric Shrublands,Palearctic
846,_roff_2030y_SOC,cf_mean,8.028885,West Saharan montane xeric woodlands,13.0,Deserts & Xeric Shrublands,Palearctic
720,_roff_2030y_SOC,cf_mean,61.089615,West Siberian taiga,6.0,Boreal Forests/Taiga,Palearctic
62,_roff_2030y_SOC,cf_mean,9.046436,West Sudanian savanna,7.0,"Tropical & Subtropical Grasslands, Savannas & Shrublands",Afrotropic
216,_roff_2030y_SOC,cf_mean,15.364542,Western Australian Mulga shrublands,13.0,Deserts & Xeric Shrublands,Australasia
29,_roff_2030y_SOC,cf_mean,,Western Congolian swamp forests,1.0,Tropical & Subtropical Moist Broadleaf Forests,Afrotropic
516,_roff_2030y_SOC,cf_mean,41.94509,Western Ecuador moist forests,1.0,Tropical & Subtropical Moist Broadleaf Forests,Neotropic
686,_roff_2030y_SOC,cf_mean,43.686893,Western European broadleaf forests,4.0,Temperate Broadleaf & Mixed Forests,Palearctic
344,_roff_2030y_SOC,cf_mean,42.636456,Western Great Lakes forests,4.0,Temperate Broadleaf & Mixed Forests,Nearctic
30,_roff_2030y_SOC,cf_mean,,Western Guinean lowland forests,1.0,Tropical & Subtropical Moist Broadleaf Forests,Afrotropic
384,_roff_2030y_SOC,cf_mean,28.369734,Western Gulf coastal grasslands,7.0,"Tropical & Subtropical Grasslands, Savannas & Shrublands",Nearctic
769,_roff_2030y_SOC,cf_mean,51.27122,Western Himalayan alpine shrub and meadows,10.0,Montane Grasslands & Shrublands,Palearctic
308,_roff_2030y_SOC,cf_mean,44.255978,Western Himalayan broadleaf forests,4.0,Temperate Broadleaf & Mixed Forests,Indomalayan
310,_roff_2030y_SOC,cf_mean,37.596165,Western Himalayan subalpine conifer forests,5.0,Temperate Conifer Forests,Indomalayan
288,_roff_2030y_SOC,cf_mean,51.01154,Western Java montane rain forests,1.0,Tropical & Subtropical Moist Broadleaf Forests,Indomalayan
289,_roff_2030y_SOC,cf_mean,65.20021,Western Java rain forests,1.0,Tropical & Subtropical Moist Broadleaf Forests,Indomalayan
634,_roff_2030y_SOC,cf_mean,,Western Polynesian tropical moist forests,1.0,Tropical & Subtropical Moist Broadleaf Forests,Oceania
402,_roff_2030y_SOC,cf_mean,21.26353,Western shortgrass prairie,8.0,"Temperate Grasslands, Savannas & Shrublands",Nearctic
687,_roff_2030y_SOC,cf_mean,62.754837,Western Siberian hemiboreal forests,4.0,Temperate Broadleaf & Mixed Forests,Palearctic
180,_roff_2030y_SOC,cf_mean,89.93135,Westland temperate forests,4.0,Temperate Broadleaf & Mixed Forests,Australasia
403,_roff_2030y_SOC,cf_mean,54.742767,Willamette Valley oak savanna,8.0,"Temperate Grasslands, Savannas & Shrublands",Nearctic
517,_roff_2030y_SOC,cf_mean,,Windward Islands moist forests,1.0,Tropical & Subtropical Moist Broadleaf Forests,Neotropic
783,_roff_2030y_SOC,cf_mean,,Wrangel Island Arctic desert,11.0,Tundra,Palearctic
438,_roff_2030y_SOC,cf_mean,27.24997,Wyoming Basin shrub steppe,13.0,Deserts & Xeric Shrublands,Nearctic
518,_roff_2030y_SOC,cf_mean,,Xingu-Tocantins-Araguaia moist forests,1.0,Tropical & Subtropical Moist Broadleaf Forests,Neotropic
784,_roff_2030y_SOC,cf_mean,,Yamal-Gydan tundra,11.0,Tundra,Palearctic
638,_roff_2030y_SOC,cf_mean,,Yap tropical dry forests,2.0,Tropical & Subtropical Dry Broadleaf Forests,Oceania
162,_roff_2030y_SOC,cf_mean,,Yapen rain forests,1.0,Tropical & Subtropical Moist Broadleaf Forests,Australasia
770,_roff_2030y_SOC,cf_mean,33.95921,Yarlung Zanbo arid steppe,10.0,Montane Grasslands & Shrublands,Palearctic
748,_roff_2030y_SOC,cf_mean,28.32556,Yellow Sea saline meadow,9.0,Flooded Grasslands & Savannas,Palearctic
551,_roff_2030y_SOC,cf_mean,,Yucatán dry forests,2.0,Tropical & Subtropical Dry Broadleaf Forests,Neotropic
519,_roff_2030y_SOC,cf_mean,,Yucatán moist forests,1.0,Tropical & Subtropical Moist Broadleaf Forests,Neotropic
643,_roff_2030y_SOC,cf_mean,36.360382,Yunnan Plateau subtropical evergreen forests,1.0,Tropical & Subtropical Moist Broadleaf Forests,Palearctic
688,_roff_2030y_SOC,cf_mean,22.586086,Zagros Mountains forest steppe,4.0,Temperate Broadleaf & Mixed Forests,Palearctic
66,_roff_2030y_SOC,cf_mean,15.280881,Zambezian-Limpopo mixed woodlands,7.0,"Tropical & Subtropical Grasslands, Savannas & Shrublands",Afrotropic
64,_roff_2030y_SOC,cf_mean,10.544909,Zambezian Baikiaea woodlands,7.0,"Tropical & Subtropical Grasslands, Savannas & Shrublands",Afrotropic
75,_roff_2030y_SOC,cf_mean,17.726217,Zambezian coastal flooded savanna,9.0,Flooded Grasslands & Savannas,Afrotropic
42,_roff_2030y_SOC,cf_mean,15.987831,Dry miombo woodlands,7.0,"Tropical & Subtropical Grasslands, Savannas & Shrublands",Afrotropic
33,_roff_2030y_SOC,cf_mean,17.337059,Zambezian evergreen dry forests,2.0,Tropical & Subtropical Dry Broadleaf Forests,Afrotropic
76,_roff_2030y_SOC,cf_mean,16.548145,Zambezian flooded grasslands,9.0,Flooded Grasslands & Savannas,Afrotropic
65,_roff_2030y_SOC,cf_mean,12.989414,Zambezian mopane woodlands,7.0,"Tropical & Subtropical Grasslands, Savannas & Shrublands",Afrotropic
524,_roff_2030y_SOC,cf_mean,19.999878,Brazilian Atlantic dry forests,2.0,Tropical & Subtropical Dry Broadleaf Forests,Neotropic
380,_roff_2030y_SOC,cf_mean,60.783203,Northern Cordillera forests,6.0,Boreal Forests/Taiga,Nearctic
60,_roff_2030y_SOC,cf_mean,,St. Helena scrub and woodlands,7.0,"Tropical & Subtropical Grasslands, Savannas & Shrublands",Afrotropic
61,_roff_2030y_SOC,cf_mean,34.78137,Victoria Basin forest-savanna,7.0,"Tropical & Subtropical Grasslands, Savannas & Shrublands",Afrotropic
63,_roff_2030y_SOC,cf_mean,16.516401,Western Congolian forest-savanna,7.0,"Tropical & Subtropical Grasslands, Savannas & Shrublands",Afrotropic
78,_roff_2030y_SOC,cf_mean,49.52378,East African montane moorlands,10.0,Montane Grasslands & Shrublands,Afrotropic
365,_roff_2030y_SOC,cf_mean,81.036766,Queen Charlotte Islands conifer forests,5.0,Temperate Conifer Forests,Nearctic
360,_roff_2030y_SOC,cf_mean,74.87523,Northern Pacific Alaskan coastal forests,5.0,Temperate Conifer Forests,Nearctic
381,_roff_2030y_SOC,cf_mean,47.83611,Northwest Territories taiga,6.0,Boreal Forests/Taiga,Nearctic
107,_roff_2030y_SOC,cf_mean,11.0953865,Southwest Arabian coastal xeric shrublands,13.0,Deserts & Xeric Shrublands,Afrotropic
811,_roff_2030y_SOC,cf_mean,7.007738,Arabian-Persian Gulf coastal plain desert,13.0,Deserts & Xeric Shrublands,Palearctic
840,_roff_2030y_SOC,cf_mean,9.117483,South Arabian plains and plateau desert,13.0,Deserts & Xeric Shrublands,Palearctic
809,_roff_2030y_SOC,cf_mean,7.684587,Arabian desert,13.0,Deserts & Xeric Shrublands,Palearctic
552,_roff_2030y_SOC,cf_mean,,Bahamian pineyards,3.0,Tropical & Subtropical Coniferous Forests,Neotropic
96,_roff_2030y_SOC,cf_mean,,Ile Europa and Bassas da India xeric scrub,13.0,Deserts & Xeric Shrublands,Afrotropic
773,_roff_2030y_SOC,cf_mean,74.45428,Kamchatka tundra,11.0,Tundra,Palearctic
508,_roff_2030y_SOC,cf_mean,,Tocantins/Pindare moist forests,1.0,Tropical & Subtropical Moist Broadleaf Forests,Neotropic
417,_roff_2030y_SOC,cf_mean,,Kalaallit Nunaat Arctic steppe,11.0,Tundra,Nearctic
358,_roff_2030y_SOC,cf_mean,48.87141,North Cascades conifer forests,5.0,Temperate Conifer Forests,Nearctic
361,_roff_2030y_SOC,cf_mean,44.941486,Northern Rockies conifer forests,5.0,Temperate Conifer Forests,Nearctic
509,_roff_2030y_SOC,cf_mean,,Trindade-Martin Vaz Islands tropical forests,1.0,Tropical & Subtropical Moist Broadleaf Forests,Neotropic
59,_roff_2030y_SOC,cf_mean,14.299966,Southwest Arabian montane woodlands and grasslands,7.0,"Tropical & Subtropical Grasslands, Savannas & Shrublands",Afrotropic
56,_roff_2030y_SOC,cf_mean,13.536383,"South Arabian fog woodlands, shrublands, and dune",7.0,"Tropical & Subtropical Grasslands, Savannas & Shrublands",Afrotropic
548,_roff_2030y_SOC,cf_mean,,Trinidad and Tobago dry forest,2.0,Tropical & Subtropical Dry Broadleaf Forests,Neotropic
537,_roff_2030y_SOC,cf_mean,,Lesser Antillean dry forests,2.0,Tropical & Subtropical Dry Broadleaf Forests,Neotropic
672,_roff_2030y_SOC,cf_mean,77.83972,North Atlantic moist mixed forests,4.0,Temperate Broadleaf & Mixed Forests,Palearctic
119,_roff_2030y_SOC,cf_mean,,Dronning Maud Land tundra,11.0,Tundra,Antarctica
124,_roff_2030y_SOC,cf_mean,,Marie Byrd Land tundra,11.0,Tundra,Antarctica
156,_roff_2030y_SOC,cf_mean,53.38108,Sulawesi lowland rain forests,1.0,Tropical & Subtropical Moist Broadleaf Forests,Australasia
8,_roff_2030y_SOC,cf_mean,38.798107,East African montane forests,1.0,Tropical & Subtropical Moist Broadleaf Forests,Afrotropic
9,_roff_2030y_SOC,cf_mean,32.588055,Eastern Arc forests,1.0,Tropical & Subtropical Moist Broadleaf Forests,Afrotropic
220,_roff_2030y_SOC,cf_mean,50.345634,Borneo montane rain forests,1.0,Tropical & Subtropical Moist Broadleaf Forests,Indomalayan
313,_roff_2030y_SOC,cf_mean,46.319927,Kinabalu montane alpine meadows,10.0,Montane Grasslands & Shrublands,Indomalayan
117,_roff_2030y_SOC,cf_median,,Adelie Land tundra,11.0,Tundra,Antarctica
135,_roff_2030y_SOC,cf_median,,Admiralty Islands lowland rain forests,1.0,Tropical & Subtropical Moist Broadleaf Forests,Australasia
785,_roff_2030y_SOC,cf_median,31.11978,Aegean and Western Turkey sclerophyllous and mixed forests,12.0,"Mediterranean Forests, Woodlands & Scrub",Palearctic
807,_roff_2030y_SOC,cf_median,30.453026,Afghan Mountains semi-desert,13.0,Deserts & Xeric Shrublands,Palearctic
404,_roff_2030y_SOC,cf_median,83.160446,Ahklun and Kilbuck Upland Tundra,11.0,Tundra,Nearctic
722,_roff_2030y_SOC,cf_median,7.3101516,Al-Hajar foothill xeric woodlands and shrublands,8.0,"Temperate Grasslands, Savannas & Shrublands",Palearctic
723,_roff_2030y_SOC,cf_median,9.919909,Al-Hajar montane woodlands and shrublands,8.0,"Temperate Grasslands, Savannas & Shrublands",Palearctic
721,_roff_2030y_SOC,cf_median,23.462582,Alai-Western Tian Shan steppe,8.0,"Temperate Grasslands, Savannas & Shrublands",Palearctic
808,_roff_2030y_SOC,cf_median,16.056879,Alashan Plateau semi-desert,13.0,Deserts & Xeric Shrublands,Palearctic
405,_roff_2030y_SOC,cf_median,67.80669,Alaska-St. Elias Range tundra,11.0,Tundra,Nearctic
369,_roff_2030y_SOC,cf_median,74.074715,Alaska Peninsula montane taiga,6.0,Boreal Forests/Taiga,Nearctic
88,_roff_2030y_SOC,cf_median,23.939924,Albany thickets,12.0,"Mediterranean Forests, Woodlands & Scrub",Afrotropic
345,_roff_2030y_SOC,cf_median,34.827637,Alberta-British Columbia foothills forests,5.0,Temperate Conifer Forests,Nearctic
1,_roff_2030y_SOC,cf_median,43.09562,Albertine Rift montane forests,1.0,Tropical & Subtropical Moist Broadleaf Forests,Afrotropic
91,_roff_2030y_SOC,cf_median,,Aldabra Island xeric scrub,13.0,Deserts & Xeric Shrublands,Afrotropic
406,_roff_2030y_SOC,cf_median,,Aleutian Islands tundra,11.0,Tundra,Nearctic
328,_roff_2030y_SOC,cf_median,42.919884,Allegheny Highlands forests,4.0,Temperate Broadleaf & Mixed Forests,Nearctic
689,_roff_2030y_SOC,cf_median,57.799408,Alps conifer and mixed forests,5.0,Temperate Conifer Forests,Palearctic
749,_roff_2030y_SOC,cf_median,44.9779,Altai alpine meadow and tundra,10.0,Montane Grasslands & Shrublands,Palearctic
690,_roff_2030y_SOC,cf_median,35.551914,Altai montane forest and forest steppe,5.0,Temperate Conifer Forests,Palearctic
724,_roff_2030y_SOC,cf_median,40.413383,Altai steppe and semi-desert,8.0,"Temperate Grasslands, Savannas & Shrublands",Palearctic
439,_roff_2030y_SOC,cf_median,24.306227,Alto Paraná Atlantic forests,1.0,Tropical & Subtropical Moist Broadleaf Forests,Neotropic
611,_roff_2030y_SOC,cf_median,,Amazon-Orinoco-Southern Caribbean mangroves,14.0,Mangroves,Neotropic
67,_roff_2030y_SOC,cf_median,,Amsterdam-Saint Paul Islands temperate grasslands,8.0,"Temperate Grasslands, Savannas & Shrublands",Afrotropic
741,_roff_2030y_SOC,cf_median,56.47177,Amur meadow steppe,9.0,Flooded Grasslands & Savannas,Palearctic
786,_roff_2030y_SOC,cf_median,33.05958,Anatolian conifer and deciduous mixed forests,12.0,"Mediterranean Forests, Woodlands & Scrub",Palearctic
218,_roff_2030y_SOC,cf_median,,Andaman Islands rain forests,1.0,Tropical & Subtropical Moist Broadleaf Forests,Indomalayan
77,_roff_2030y_SOC,cf_median,18.92397,Angolan montane forest-grassland,10.0,Montane Grasslands & Shrublands,Afrotropic
34,_roff_2030y_SOC,cf_median,9.753607,Angolan mopane woodlands,7.0,"Tropical & Subtropical Grasslands, Savannas & Shrublands",Afrotropic
35,_roff_2030y_SOC,cf_median,19.67552,Angolan scarp savanna and woodlands,7.0,"Tropical & Subtropical Grasslands, Savannas & Shrublands",Afrotropic
36,_roff_2030y_SOC,cf_median,14.051693,Angolan wet miombo woodlands,7.0,"Tropical & Subtropical Grasslands, Savannas & Shrublands",Afrotropic
196,_roff_2030y_SOC,cf_median,,Antipodes Subantarctic Islands tundra,11.0,Tundra,Australasia
331,_roff_2030y_SOC,cf_median,35.361515,Appalachian-Blue Ridge forests,4.0,Temperate Broadleaf & Mixed Forests,Nearctic
329,_roff_2030y_SOC,cf_median,36.77216,Appalachian mixed mesophytic forests,4.0,Temperate Broadleaf & Mixed Forests,Nearctic
330,_roff_2030y_SOC,cf_median,25.880318,Appalachian Piedmont forests,4.0,Temperate Broadleaf & Mixed Forests,Nearctic
644,_roff_2030y_SOC,cf_median,47.311317,Appenine deciduous montane forests,4.0,Temperate Broadleaf & Mixed Forests,Palearctic
520,_roff_2030y_SOC,cf_median,55.03708,Apure-Villavicencio dry forests,2.0,Tropical & Subtropical Dry Broadleaf Forests,Neotropic
810,_roff_2030y_SOC,cf_median,6.8895516,Arabian sand desert,13.0,Deserts & Xeric Shrublands,Palearctic
440,_roff_2030y_SOC,cf_median,44.338657,Araucaria moist forests,1.0,Tropical & Subtropical Moist Broadleaf Forests,Neotropic
597,_roff_2030y_SOC,cf_median,,Araya and Paria xeric scrub,13.0,Deserts & Xeric Shrublands,Neotropic
407,_roff_2030y_SOC,cf_median,,Arctic coastal tundra,11.0,Tundra,Nearctic
778,_roff_2030y_SOC,cf_median,,Russian Arctic desert,11.0,Tundra,Palearctic
408,_roff_2030y_SOC,cf_median,,Arctic foothills tundra,11.0,Tundra,Nearctic
346,_roff_2030y_SOC,cf_median,22.53282,Arizona Mountains forests,5.0,Temperate Conifer Forests,Nearctic
181,_roff_2030y_SOC,cf_median,9.316229,Arnhem Land tropical savanna,7.0,"Tropical & Subtropical Grasslands, Savannas & Shrublands",Australasia
37,_roff_2030y_SOC,cf_median,,Ascension scrub and grasslands,7.0,"Tropical & Subtropical Grasslands, Savannas & Shrublands",Afrotropic
598,_roff_2030y_SOC,cf_median,15.709685,Atacama desert,13.0,Deserts & Xeric Shrublands,Neotropic
441,_roff_2030y_SOC,cf_median,56.744274,Atlantic Coast restingas,1.0,Tropical & Subtropical Moist Broadleaf Forests,Neotropic
839,_roff_2030y_SOC,cf_median,10.793637,Saharan Atlantic coastal desert,13.0,Deserts & Xeric Shrublands,Palearctic
347,_roff_2030y_SOC,cf_median,34.90736,Atlantic coastal pine barrens,5.0,Temperate Conifer Forests,Nearctic
5,_roff_2030y_SOC,cf_median,,Congolian coastal forests,1.0,Tropical & Subtropical Moist Broadleaf Forests,Afrotropic
664,_roff_2030y_SOC,cf_median,36.488274,European Atlantic mixed forests,4.0,Temperate Broadleaf & Mixed Forests,Palearctic
193,_roff_2030y_SOC,cf_median,53.797447,Australian Alps montane grasslands,10.0,Montane Grasslands & Shrublands,Australasia
812,_roff_2030y_SOC,cf_median,34.162468,Azerbaijan shrub desert and steppe,13.0,Deserts & Xeric Shrublands,Palearctic
645,_roff_2030y_SOC,cf_median,76.77562,Azores temperate mixed forests,4.0,Temperate Broadleaf & Mixed Forests,Palearctic
813,_roff_2030y_SOC,cf_median,19.414062,Badghyz and Karabil semi-desert,13.0,Deserts & Xeric Shrublands,Palearctic
612,_roff_2030y_SOC,cf_median,40.46097,Bahamian-Antillean mangroves,14.0,Mangroves,Neotropic
442,_roff_2030y_SOC,cf_median,26.527235,Bahia coastal forests,1.0,Tropical & Subtropical Moist Broadleaf Forests,Neotropic
443,_roff_2030y_SOC,cf_median,25.23573,Bahia interior forests,1.0,Tropical & Subtropical Moist Broadleaf Forests,Neotropic
426,_roff_2030y_SOC,cf_median,9.174178,Baja California desert,13.0,Deserts & Xeric Shrublands,Nearctic
521,_roff_2030y_SOC,cf_median,25.421001,Bajío dry forests,2.0,Tropical & Subtropical Dry Broadleaf Forests,Neotropic
646,_roff_2030y_SOC,cf_median,31.514946,Balkan mixed forests,4.0,Temperate Broadleaf & Mixed Forests,Palearctic
522,_roff_2030y_SOC,cf_median,24.575306,Balsas dry forests,2.0,Tropical & Subtropical Dry Broadleaf Forests,Neotropic
647,_roff_2030y_SOC,cf_median,36.020058,Baltic mixed forests,4.0,Temperate Broadleaf & Mixed Forests,Palearctic
814,_roff_2030y_SOC,cf_median,9.689792,Baluchistan xeric woodlands,13.0,Deserts & Xeric Shrublands,Palearctic
136,_roff_2030y_SOC,cf_median,,Banda Sea Islands moist deciduous forests,1.0,Tropical & Subtropical Moist Broadleaf Forests,Australasia
564,_roff_2030y_SOC,cf_median,,Belizian pine savannas,7.0,"Tropical & Subtropical Grasslands, Savannas & Shrublands",Neotropic
565,_roff_2030y_SOC,cf_median,,Beni savanna,7.0,"Tropical & Subtropical Grasslands, Savannas & Shrublands",Neotropic
779,_roff_2030y_SOC,cf_median,,Russian Bering tundra,11.0,Tundra,Palearctic
409,_roff_2030y_SOC,cf_median,77.47227,Beringia lowland tundra,11.0,Tundra,Nearctic
410,_roff_2030y_SOC,cf_median,,Beringia upland tundra,11.0,Tundra,Nearctic
325,_roff_2030y_SOC,cf_median,,Bermuda subtropical conifer forests,3.0,Tropical & Subtropical Coniferous Forests,Nearctic
137,_roff_2030y_SOC,cf_median,,Biak-Numfoor rain forests,1.0,Tropical & Subtropical Moist Broadleaf Forests,Australasia
348,_roff_2030y_SOC,cf_median,36.952328,Blue Mountains forests,5.0,Temperate Conifer Forests,Nearctic
742,_roff_2030y_SOC,cf_median,18.936821,Bohai Sea saline meadow,9.0,Flooded Grasslands & Savannas,Palearctic
523,_roff_2030y_SOC,cf_median,32.907337,Bolivian montane dry forests,2.0,Tropical & Subtropical Dry Broadleaf Forests,Neotropic
444,_roff_2030y_SOC,cf_median,46.86108,Bolivian Yungas,1.0,Tropical & Subtropical Moist Broadleaf Forests,Neotropic
219,_roff_2030y_SOC,cf_median,42.76138,Borneo lowland rain forests,1.0,Tropical & Subtropical Moist Broadleaf Forests,Indomalayan
221,_roff_2030y_SOC,cf_median,,Borneo peat swamp forests,1.0,Tropical & Subtropical Moist Broadleaf Forests,Indomalayan
222,_roff_2030y_SOC,cf_median,24.004976,Brahmaputra Valley semi-evergreen forests,1.0,Tropical & Subtropical Moist Broadleaf Forests,Indomalayan
182,_roff_2030y_SOC,cf_median,11.662424,Brigalow tropical savanna,7.0,"Tropical & Subtropical Grasslands, Savannas & Shrublands",Australasia
349,_roff_2030y_SOC,cf_median,66.45531,British Columbia coastal conifer forests,5.0,Temperate Conifer Forests,Nearctic
411,_roff_2030y_SOC,cf_median,,Brooks-British Range tundra,11.0,Tundra,Nearctic
138,_roff_2030y_SOC,cf_median,42.624287,Buru rain forests,1.0,Tropical & Subtropical Moist Broadleaf Forests,Australasia
525,_roff_2030y_SOC,cf_median,18.61465,Caatinga,2.0,Tropical & Subtropical Dry Broadleaf Forests,Neotropic
445,_roff_2030y_SOC,cf_median,,Caatinga Enclaves moist forests,1.0,Tropical & Subtropical Moist Broadleaf Forests,Neotropic
691,_roff_2030y_SOC,cf_median,67.87312,Caledon conifer forests,5.0,Temperate Conifer Forests,Palearctic
385,_roff_2030y_SOC,cf_median,21.725887,California Central Valley grasslands,8.0,"Temperate Grasslands, Savannas & Shrublands",Nearctic
422,_roff_2030y_SOC,cf_median,20.349213,California coastal sage and chaparral,12.0,"Mediterranean Forests, Woodlands & Scrub",Nearctic
423,_roff_2030y_SOC,cf_median,27.356188,California interior chaparral and woodlands,12.0,"Mediterranean Forests, Woodlands & Scrub",Nearctic
424,_roff_2030y_SOC,cf_median,22.001423,California montane chaparral and woodlands,12.0,"Mediterranean Forests, Woodlands & Scrub",Nearctic
2,_roff_2030y_SOC,cf_median,36.426895,Cameroon Highlands forests,1.0,Tropical & Subtropical Moist Broadleaf Forests,Afrotropic
566,_roff_2030y_SOC,cf_median,28.403133,Campos Rupestres montane savanna,7.0,"Tropical & Subtropical Grasslands, Savannas & Shrublands",Neotropic
386,_roff_2030y_SOC,cf_median,54.6225,Canadian Aspen forests and parklands,8.0,"Temperate Grasslands, Savannas & Shrublands",Nearctic
413,_roff_2030y_SOC,cf_median,,Canadian Low Arctic tundra,11.0,Tundra,Nearctic
787,_roff_2030y_SOC,cf_median,45.68476,Canary Islands dry woodlands and forests,12.0,"Mediterranean Forests, Woodlands & Scrub",Palearctic
648,_roff_2030y_SOC,cf_median,58.33051,Cantabrian mixed forests,4.0,Temperate Broadleaf & Mixed Forests,Palearctic
190,_roff_2030y_SOC,cf_median,65.94256,Canterbury-Otago tussock grasslands,8.0,"Temperate Grasslands, Savannas & Shrublands",Australasia
31,_roff_2030y_SOC,cf_median,39.94205,Cape Verde Islands dry forests,2.0,Tropical & Subtropical Dry Broadleaf Forests,Afrotropic
183,_roff_2030y_SOC,cf_median,13.076179,Cape York Peninsula tropical savanna,7.0,"Tropical & Subtropical Grasslands, Savannas & Shrublands",Australasia
446,_roff_2030y_SOC,cf_median,,Caqueta moist forests,1.0,Tropical & Subtropical Moist Broadleaf Forests,Neotropic
223,_roff_2030y_SOC,cf_median,28.160818,Cardamom Mountains rain forests,1.0,Tropical & Subtropical Moist Broadleaf Forests,Indomalayan
599,_roff_2030y_SOC,cf_median,,Caribbean shrublands,13.0,Deserts & Xeric Shrublands,Neotropic
207,_roff_2030y_SOC,cf_median,12.854643,Carnarvon xeric shrublands,13.0,Deserts & Xeric Shrublands,Australasia
618,_roff_2030y_SOC,cf_median,,Carolines tropical moist forests,1.0,Tropical & Subtropical Moist Broadleaf Forests,Oceania
692,_roff_2030y_SOC,cf_median,44.34762,Carpathian montane forests,5.0,Temperate Conifer Forests,Palearctic
184,_roff_2030y_SOC,cf_median,12.33156,Carpentaria tropical savanna,7.0,"Tropical & Subtropical Grasslands, Savannas & Shrublands",Australasia
649,_roff_2030y_SOC,cf_median,36.29515,Caspian Hyrcanian mixed forests,4.0,Temperate Broadleaf & Mixed Forests,Palearctic
815,_roff_2030y_SOC,cf_median,32.231213,Caspian lowland desert,13.0,Deserts & Xeric Shrublands,Palearctic
447,_roff_2030y_SOC,cf_median,36.306816,Catatumbo moist forests,1.0,Tropical & Subtropical Moist Broadleaf Forests,Neotropic
526,_roff_2030y_SOC,cf_median,55.705536,Cauca Valley dry forests,2.0,Tropical & Subtropical Dry Broadleaf Forests,Neotropic
448,_roff_2030y_SOC,cf_median,61.789417,Cauca Valley montane forests,1.0,Tropical & Subtropical Moist Broadleaf Forests,Neotropic
650,_roff_2030y_SOC,cf_median,50.251446,Caucasus mixed forests,4.0,Temperate Broadleaf & Mixed Forests,Palearctic
449,_roff_2030y_SOC,cf_median,,Cayos Miskitos-San Andrés and Providencia moist forests,1.0,Tropical & Subtropical Moist Broadleaf Forests,Neotropic
651,_roff_2030y_SOC,cf_median,65.335,Celtic broadleaf forests,4.0,Temperate Broadleaf & Mixed Forests,Palearctic
816,_roff_2030y_SOC,cf_median,19.640999,Central Afghan Mountains xeric woodlands,13.0,Deserts & Xeric Shrublands,Palearctic
111,_roff_2030y_SOC,cf_median,,Central African mangroves,14.0,Mangroves,Afrotropic
450,_roff_2030y_SOC,cf_median,36.925068,Central American Atlantic moist forests,1.0,Tropical & Subtropical Moist Broadleaf Forests,Neotropic
527,_roff_2030y_SOC,cf_median,34.221966,Central American dry forests,2.0,Tropical & Subtropical Dry Broadleaf Forests,Neotropic
451,_roff_2030y_SOC,cf_median,36.28402,Central American montane forests,1.0,Tropical & Subtropical Moist Broadleaf Forests,Neotropic
553,_roff_2030y_SOC,cf_median,33.641857,Central American pine-oak forests,3.0,Tropical & Subtropical Coniferous Forests,Neotropic
725,_roff_2030y_SOC,cf_median,27.451286,Central Anatolian steppe,8.0,"Temperate Grasslands, Savannas & Shrublands",Palearctic
652,_roff_2030y_SOC,cf_median,30.479496,Central Anatolian steppe and woodlands,4.0,Temperate Broadleaf & Mixed Forests,Palearctic
352,_roff_2030y_SOC,cf_median,46.613346,Central-Southern Cascades Forests,5.0,Temperate Conifer Forests,Nearctic
389,_roff_2030y_SOC,cf_median,27.46781,Central-Southern US mixed grasslands,8.0,"Temperate Grasslands, Savannas & Shrublands",Nearctic
587,_roff_2030y_SOC,cf_median,23.099346,Central Andean dry puna,10.0,Montane Grasslands & Shrublands,Neotropic
588,_roff_2030y_SOC,cf_median,26.36506,Central Andean puna,10.0,Montane Grasslands & Shrublands,Neotropic
589,_roff_2030y_SOC,cf_median,47.992935,Central Andean wet puna,10.0,Montane Grasslands & Shrublands,Neotropic
817,_roff_2030y_SOC,cf_median,17.242981,Central Asian northern desert,13.0,Deserts & Xeric Shrublands,Palearctic
818,_roff_2030y_SOC,cf_median,20.769773,Central Asian riparian woodlands,13.0,Deserts & Xeric Shrublands,Palearctic
819,_roff_2030y_SOC,cf_median,14.218561,Central Asian southern desert,13.0,Deserts & Xeric Shrublands,Palearctic
350,_roff_2030y_SOC,cf_median,52.89263,Central British Columbia Mountain forests,5.0,Temperate Conifer Forests,Nearctic
38,_roff_2030y_SOC,cf_median,15.339577,Central bushveld,7.0,"Tropical & Subtropical Grasslands, Savannas & Shrublands",Afrotropic
370,_roff_2030y_SOC,cf_median,49.89135,Central Canadian Shield forests,6.0,Boreal Forests/Taiga,Nearctic
653,_roff_2030y_SOC,cf_median,29.36004,Central China Loess Plateau mixed forests,4.0,Temperate Broadleaf & Mixed Forests,Palearctic
3,_roff_2030y_SOC,cf_median,,Central Congolian lowland forests,1.0,Tropical & Subtropical Moist Broadleaf Forests,Afrotropic
290,_roff_2030y_SOC,cf_median,13.485737,Central Deccan Plateau dry deciduous forests,2.0,Tropical & Subtropical Dry Broadleaf Forests,Indomalayan
654,_roff_2030y_SOC,cf_median,32.941246,Central European mixed forests,4.0,Temperate Broadleaf & Mixed Forests,Palearctic
387,_roff_2030y_SOC,cf_median,37.984177,Central US forest-grasslands transition,8.0,"Temperate Grasslands, Savannas & Shrublands",Nearctic
291,_roff_2030y_SOC,cf_median,22.443201,Central Indochina dry forests,2.0,Tropical & Subtropical Dry Broadleaf Forests,Indomalayan
655,_roff_2030y_SOC,cf_median,37.90936,Central Korean deciduous forests,4.0,Temperate Broadleaf & Mixed Forests,Palearctic
427,_roff_2030y_SOC,cf_median,22.999027,Central Mexican matorral,13.0,Deserts & Xeric Shrublands,Nearctic
351,_roff_2030y_SOC,cf_median,78.10119,Central Pacific Northwest coastal forests,5.0,Temperate Conifer Forests,Nearctic
820,_roff_2030y_SOC,cf_median,11.945373,Central Persian desert basins,13.0,Deserts & Xeric Shrublands,Palearctic
619,_roff_2030y_SOC,cf_median,,Central Polynesian tropical moist forests,1.0,Tropical & Subtropical Moist Broadleaf Forests,Oceania
139,_roff_2030y_SOC,cf_median,69.68734,Central Range Papuan montane rain forests,1.0,Tropical & Subtropical Moist Broadleaf Forests,Australasia
195,_roff_2030y_SOC,cf_median,75.44114,Papuan Central Range sub-alpine grasslands,10.0,Montane Grasslands & Shrublands,Australasia
208,_roff_2030y_SOC,cf_median,8.097046,Central Ranges xeric scrub,13.0,Deserts & Xeric Shrublands,Australasia
118,_roff_2030y_SOC,cf_median,,Central South Antarctic Peninsula tundra,11.0,Tundra,Antarctica
388,_roff_2030y_SOC,cf_median,43.750645,Central Tallgrass prairie,8.0,"Temperate Grasslands, Savannas & Shrublands",Nearctic
750,_roff_2030y_SOC,cf_median,22.924582,Central Tibetan Plateau alpine steppe,10.0,Montane Grasslands & Shrublands,Palearctic
39,_roff_2030y_SOC,cf_median,18.430868,Central Zambezian wet miombo woodlands,7.0,"Tropical & Subtropical Grasslands, Savannas & Shrublands",Afrotropic
567,_roff_2030y_SOC,cf_median,20.381493,Cerrado,7.0,"Tropical & Subtropical Grasslands, Savannas & Shrublands",Neotropic
656,_roff_2030y_SOC,cf_median,52.49828,Changbai Mountains mixed forests,4.0,Temperate Broadleaf & Mixed Forests,Palearctic
657,_roff_2030y_SOC,cf_median,27.230982,Changjiang Plain evergreen forests,4.0,Temperate Broadleaf & Mixed Forests,Palearctic
224,_roff_2030y_SOC,cf_median,,Chao Phraya freshwater swamp forests,1.0,Tropical & Subtropical Moist Broadleaf Forests,Indomalayan
225,_roff_2030y_SOC,cf_median,27.93149,Chao Phraya lowland moist deciduous forests,1.0,Tropical & Subtropical Moist Broadleaf Forests,Indomalayan
167,_roff_2030y_SOC,cf_median,89.94299,Chatham Island temperate forests,4.0,Temperate Broadleaf & Mixed Forests,Australasia
771,_roff_2030y_SOC,cf_median,,Cherskii-Kolyma mountain tundra,11.0,Tundra,Palearctic
292,_roff_2030y_SOC,cf_median,18.905712,Chhota-Nagpur dry deciduous forests,2.0,Tropical & Subtropical Dry Broadleaf Forests,Indomalayan
528,_roff_2030y_SOC,cf_median,25.233065,Chiapas Depression dry forests,2.0,Tropical & Subtropical Dry Broadleaf Forests,Neotropic
452,_roff_2030y_SOC,cf_median,35.25607,Chiapas montane forests,1.0,Tropical & Subtropical Moist Broadleaf Forests,Neotropic
428,_roff_2030y_SOC,cf_median,13.873513,Chihuahuan desert,13.0,Deserts & Xeric Shrublands,Nearctic
596,_roff_2030y_SOC,cf_median,30.080032,Chilean Matorral,12.0,"Mediterranean Forests, Woodlands & Scrub",Neotropic
453,_roff_2030y_SOC,cf_median,28.474945,Chimalapas montane forests,1.0,Tropical & Subtropical Moist Broadleaf Forests,Neotropic
226,_roff_2030y_SOC,cf_median,33.160675,Chin Hills-Arakan Yoma montane forests,1.0,Tropical & Subtropical Moist Broadleaf Forests,Indomalayan
529,_roff_2030y_SOC,cf_median,22.732428,Chiquitano dry forests,2.0,Tropical & Subtropical Dry Broadleaf Forests,Neotropic
454,_roff_2030y_SOC,cf_median,56.81057,Chocó-Darién moist forests,1.0,Tropical & Subtropical Moist Broadleaf Forests,Neotropic
227,_roff_2030y_SOC,cf_median,,Christmas and Cocos Islands tropical forests,1.0,Tropical & Subtropical Moist Broadleaf Forests,Indomalayan
772,_roff_2030y_SOC,cf_median,,Chukchi Peninsula tundra,11.0,Tundra,Palearctic
568,_roff_2030y_SOC,cf_median,,Clipperton Island shrub and grasslands,7.0,"Tropical & Subtropical Grasslands, Savannas & Shrublands",Neotropic
455,_roff_2030y_SOC,cf_median,,Cocos Island moist forests,1.0,Tropical & Subtropical Moist Broadleaf Forests,Neotropic
429,_roff_2030y_SOC,cf_median,15.355816,Colorado Plateau shrublands,13.0,Deserts & Xeric Shrublands,Nearctic
353,_roff_2030y_SOC,cf_median,39.40087,Colorado Rockies forests,5.0,Temperate Conifer Forests,Nearctic
4,_roff_2030y_SOC,cf_median,81.81263,Comoros forests,1.0,Tropical & Subtropical Moist Broadleaf Forests,Afrotropic
371,_roff_2030y_SOC,cf_median,76.848236,Cook Inlet taiga,6.0,Boreal Forests/Taiga,Nearctic
620,_roff_2030y_SOC,cf_median,,Cook Islands tropical moist forests,1.0,Tropical & Subtropical Moist Broadleaf Forests,Oceania
197,_roff_2030y_SOC,cf_median,22.936197,Coolgardie woodlands,12.0,"Mediterranean Forests, Woodlands & Scrub",Australasia
372,_roff_2030y_SOC,cf_median,65.80704,Copper Plateau taiga,6.0,Boreal Forests/Taiga,Nearctic
590,_roff_2030y_SOC,cf_median,51.28798,Cordillera Central páramo,10.0,Montane Grasslands & Shrublands,Neotropic
591,_roff_2030y_SOC,cf_median,45.541023,Cordillera de Merida páramo,10.0,Montane Grasslands & Shrublands,Neotropic
456,_roff_2030y_SOC,cf_median,30.215431,Cordillera La Costa montane forests,1.0,Tropical & Subtropical Moist Broadleaf Forests,Neotropic
457,_roff_2030y_SOC,cf_median,53.85861,Cordillera Oriental montane forests,1.0,Tropical & Subtropical Moist Broadleaf Forests,Neotropic
788,_roff_2030y_SOC,cf_median,63.73937,Corsican montane broadleaf and mixed forests,12.0,"Mediterranean Forests, Woodlands & Scrub",Palearctic
458,_roff_2030y_SOC,cf_median,43.708286,Costa Rican seasonal moist forests,1.0,Tropical & Subtropical Moist Broadleaf Forests,Neotropic
789,_roff_2030y_SOC,cf_median,50.233624,Crete Mediterranean forests,12.0,"Mediterranean Forests, Woodlands & Scrub",Palearctic
658,_roff_2030y_SOC,cf_median,51.430626,Crimean Submediterranean forest complex,4.0,Temperate Broadleaf & Mixed Forests,Palearctic
6,_roff_2030y_SOC,cf_median,,Cross-Niger transition forests,1.0,Tropical & Subtropical Moist Broadleaf Forests,Afrotropic
7,_roff_2030y_SOC,cf_median,49.92701,Cross-Sanaga-Bioko coastal forests,1.0,Tropical & Subtropical Moist Broadleaf Forests,Afrotropic
390,_roff_2030y_SOC,cf_median,26.453508,Cross-Timbers savanna-woodland,8.0,"Temperate Grasslands, Savannas & Shrublands",Nearctic
600,_roff_2030y_SOC,cf_median,37.744637,Cuban cactus scrub,13.0,Deserts & Xeric Shrublands,Neotropic
530,_roff_2030y_SOC,cf_median,41.26155,Cuban dry forests,2.0,Tropical & Subtropical Dry Broadleaf Forests,Neotropic
459,_roff_2030y_SOC,cf_median,38.09638,Cuban moist forests,1.0,Tropical & Subtropical Moist Broadleaf Forests,Neotropic
554,_roff_2030y_SOC,cf_median,,Cuban pine forests,3.0,Tropical & Subtropical Coniferous Forests,Neotropic
579,_roff_2030y_SOC,cf_median,,Cuban wetlands,9.0,Flooded Grasslands & Savannas,Neotropic
790,_roff_2030y_SOC,cf_median,39.999054,Cyprus Mediterranean forests,12.0,"Mediterranean Forests, Woodlands & Scrub",Palearctic
693,_roff_2030y_SOC,cf_median,57.23222,Da Hinggan-Dzhagdy Mountains conifer forests,5.0,Temperate Conifer Forests,Palearctic
659,_roff_2030y_SOC,cf_median,33.711094,Daba Mountains evergreen forests,4.0,Temperate Broadleaf & Mixed Forests,Palearctic
726,_roff_2030y_SOC,cf_median,50.501293,Daurian forest steppe,8.0,"Temperate Grasslands, Savannas & Shrublands",Palearctic
415,_roff_2030y_SOC,cf_median,,Davis Highlands tundra,11.0,Tundra,Nearctic
315,_roff_2030y_SOC,cf_median,14.414002,Deccan thorn scrub forests,13.0,Deserts & Xeric Shrublands,Indomalayan
660,_roff_2030y_SOC,cf_median,61.63932,Dinaric Mountains mixed forests,4.0,Temperate Broadleaf & Mixed Forests,Palearctic
92,_roff_2030y_SOC,cf_median,20.874832,Djibouti xeric shrublands,13.0,Deserts & Xeric Shrublands,Afrotropic
40,_roff_2030y_SOC,cf_median,31.148897,Drakensberg Escarpment savanna and thicket,7.0,"Tropical & Subtropical Grasslands, Savannas & Shrublands",Afrotropic
41,_roff_2030y_SOC,cf_median,31.528454,Drakensberg grasslands,7.0,"Tropical & Subtropical Grasslands, Savannas & Shrublands",Afrotropic
0,_roff_2030y_SOC,cf_median,64.6074,Rock and Ice,11.0,N/A,N/A
569,_roff_2030y_SOC,cf_median,19.199791,Dry Chaco,7.0,"Tropical & Subtropical Grasslands, Savannas & Shrublands",Neotropic
694,_roff_2030y_SOC,cf_median,19.584469,East Afghan montane conifer forests,5.0,Temperate Conifer Forests,Palearctic
69,_roff_2030y_SOC,cf_median,23.005442,East African halophytics,9.0,Flooded Grasslands & Savannas,Afrotropic
112,_roff_2030y_SOC,cf_median,,East African mangroves,14.0,Mangroves,Afrotropic
120,_roff_2030y_SOC,cf_median,,East Antarctic tundra,11.0,Tundra,Antarctica
821,_roff_2030y_SOC,cf_median,8.345981,East Arabian fog shrublands and sand desert,13.0,Deserts & Xeric Shrublands,Palearctic
332,_roff_2030y_SOC,cf_median,19.919899,East Central Texas forests,4.0,Temperate Broadleaf & Mixed Forests,Nearctic
293,_roff_2030y_SOC,cf_median,,East Deccan dry-evergreen forests,2.0,Tropical & Subtropical Dry Broadleaf Forests,Indomalayan
661,_roff_2030y_SOC,cf_median,51.192142,East European forest steppe,4.0,Temperate Broadleaf & Mixed Forests,Palearctic
822,_roff_2030y_SOC,cf_median,8.692037,East Sahara Desert,13.0,Deserts & Xeric Shrublands,Palearctic
823,_roff_2030y_SOC,cf_median,7.290987,East Saharan montane xeric woodlands,13.0,Deserts & Xeric Shrublands,Palearctic
710,_roff_2030y_SOC,cf_median,57.301117,East Siberian taiga,6.0,Boreal Forests/Taiga,Palearctic
43,_roff_2030y_SOC,cf_median,35.11908,East Sudanian savanna,7.0,"Tropical & Subtropical Grasslands, Savannas & Shrublands",Afrotropic
662,_roff_2030y_SOC,cf_median,37.125458,Eastern Anatolian deciduous forests,4.0,Temperate Broadleaf & Mixed Forests,Palearctic
727,_roff_2030y_SOC,cf_median,39.200153,Eastern Anatolian montane steppe,8.0,"Temperate Grasslands, Savannas & Shrublands",Palearctic
191,_roff_2030y_SOC,cf_median,8.799136,Eastern Australia mulga shrublands,8.0,"Temperate Grasslands, Savannas & Shrublands",Australasia
168,_roff_2030y_SOC,cf_median,33.61856,Eastern Australian temperate forests,4.0,Temperate Broadleaf & Mixed Forests,Australasia
373,_roff_2030y_SOC,cf_median,60.826027,Eastern Canadian forests,6.0,Boreal Forests/Taiga,Nearctic
374,_roff_2030y_SOC,cf_median,67.60193,Eastern Canadian Shield taiga,6.0,Boreal Forests/Taiga,Nearctic
354,_roff_2030y_SOC,cf_median,35.820736,Eastern Cascades forests,5.0,Temperate Conifer Forests,Nearctic
10,_roff_2030y_SOC,cf_median,,Eastern Congolian swamp forests,1.0,Tropical & Subtropical Moist Broadleaf Forests,Afrotropic
460,_roff_2030y_SOC,cf_median,51.10207,Eastern Cordillera Real montane forests,1.0,Tropical & Subtropical Moist Broadleaf Forests,Neotropic
333,_roff_2030y_SOC,cf_median,48.407887,Eastern Canadian Forest-Boreal transition,4.0,Temperate Broadleaf & Mixed Forests,Nearctic
824,_roff_2030y_SOC,cf_median,17.482645,Eastern Gobi desert steppe,13.0,Deserts & Xeric Shrublands,Palearctic
334,_roff_2030y_SOC,cf_median,50.16014,Eastern Great Lakes lowland forests,4.0,Temperate Broadleaf & Mixed Forests,Nearctic
11,_roff_2030y_SOC,cf_median,,Eastern Guinean forests,1.0,Tropical & Subtropical Moist Broadleaf Forests,Afrotropic
228,_roff_2030y_SOC,cf_median,19.072102,East Deccan moist deciduous forests,1.0,Tropical & Subtropical Moist Broadleaf Forests,Indomalayan
751,_roff_2030y_SOC,cf_median,54.5456,Eastern Himalayan alpine shrub and meadows,10.0,Montane Grasslands & Shrublands,Palearctic
306,_roff_2030y_SOC,cf_median,38.017685,Eastern Himalayan broadleaf forests,4.0,Temperate Broadleaf & Mixed Forests,Indomalayan
309,_roff_2030y_SOC,cf_median,50.6728,Eastern Himalayan subalpine conifer forests,5.0,Temperate Conifer Forests,Indomalayan
229,_roff_2030y_SOC,cf_median,85.546364,Eastern Java-Bali montane rain forests,1.0,Tropical & Subtropical Moist Broadleaf Forests,Indomalayan
230,_roff_2030y_SOC,cf_median,89.94299,Eastern Java-Bali rain forests,1.0,Tropical & Subtropical Moist Broadleaf Forests,Indomalayan
791,_roff_2030y_SOC,cf_median,24.796865,Eastern Mediterranean conifer-broadleaf forests,12.0,"Mediterranean Forests, Woodlands & Scrub",Palearctic
621,_roff_2030y_SOC,cf_median,,Eastern Micronesia tropical moist forests,1.0,Tropical & Subtropical Moist Broadleaf Forests,Oceania
461,_roff_2030y_SOC,cf_median,,Eastern Panamanian montane forests,1.0,Tropical & Subtropical Moist Broadleaf Forests,Neotropic
531,_roff_2030y_SOC,cf_median,,Ecuadorian dry forests,2.0,Tropical & Subtropical Dry Broadleaf Forests,Neotropic
391,_roff_2030y_SOC,cf_median,25.882057,Edwards Plateau savanna,8.0,"Temperate Grasslands, Savannas & Shrublands",Nearctic
185,_roff_2030y_SOC,cf_median,13.216393,Einasleigh upland savanna,7.0,"Tropical & Subtropical Grasslands, Savannas & Shrublands",Australasia
695,_roff_2030y_SOC,cf_median,26.043406,Elburz Range forest steppe,5.0,Temperate Conifer Forests,Palearctic
121,_roff_2030y_SOC,cf_median,,Ellsworth Land tundra,11.0,Tundra,Antarctica
122,_roff_2030y_SOC,cf_median,,Ellsworth Mountains tundra,11.0,Tundra,Antarctica
728,_roff_2030y_SOC,cf_median,26.815868,Emin Valley steppe,8.0,"Temperate Grasslands, Savannas & Shrublands",Palearctic
123,_roff_2030y_SOC,cf_median,,Enderby Land tundra,11.0,Tundra,Antarctica
663,_roff_2030y_SOC,cf_median,49.78381,English Lowlands beech forests,4.0,Temperate Broadleaf & Mixed Forests,Palearctic
580,_roff_2030y_SOC,cf_median,29.611673,Enriquillo wetlands,9.0,Flooded Grasslands & Savannas,Neotropic
93,_roff_2030y_SOC,cf_median,,Eritrean coastal desert,13.0,Deserts & Xeric Shrublands,Afrotropic
198,_roff_2030y_SOC,cf_median,26.082968,Esperance mallee,12.0,"Mediterranean Forests, Woodlands & Scrub",Australasia
575,_roff_2030y_SOC,cf_median,20.884632,Espinal,8.0,"Temperate Grasslands, Savannas & Shrublands",Neotropic
12,_roff_2030y_SOC,cf_median,43.942387,Ethiopian montane forests,1.0,Tropical & Subtropical Moist Broadleaf Forests,Afrotropic
79,_roff_2030y_SOC,cf_median,33.886044,Ethiopian montane grasslands and woodlands,10.0,Montane Grasslands & Shrublands,Afrotropic
80,_roff_2030y_SOC,cf_median,40.64711,Ethiopian montane moorlands,10.0,Montane Grasslands & Shrublands,Afrotropic
70,_roff_2030y_SOC,cf_median,11.058363,Etosha Pan halophytics,9.0,Flooded Grasslands & Savannas,Afrotropic
665,_roff_2030y_SOC,cf_median,46.033886,Euxine-Colchic broadleaf forests,4.0,Temperate Broadleaf & Mixed Forests,Palearctic
581,_roff_2030y_SOC,cf_median,30.413095,Everglades flooded grasslands,9.0,Flooded Grasslands & Savannas,Neotropic
199,_roff_2030y_SOC,cf_median,23.946987,Eyre and York mallee,12.0,"Mediterranean Forests, Woodlands & Scrub",Australasia
729,_roff_2030y_SOC,cf_median,,Faroe Islands boreal grasslands,8.0,"Temperate Grasslands, Savannas & Shrublands",Palearctic
462,_roff_2030y_SOC,cf_median,,Fernando de Noronha-Atol das Rocas moist forests,1.0,Tropical & Subtropical Moist Broadleaf Forests,Neotropic
635,_roff_2030y_SOC,cf_median,69.45826,Fiji tropical dry forests,2.0,Tropical & Subtropical Dry Broadleaf Forests,Oceania
622,_roff_2030y_SOC,cf_median,82.36413,Fiji tropical moist forests,1.0,Tropical & Subtropical Moist Broadleaf Forests,Oceania
169,_roff_2030y_SOC,cf_median,89.94299,Fiordland temperate forests,4.0,Temperate Broadleaf & Mixed Forests,Australasia
200,_roff_2030y_SOC,cf_median,19.385218,Flinders-Lofty montane woodlands,12.0,"Mediterranean Forests, Woodlands & Scrub",Australasia
392,_roff_2030y_SOC,cf_median,47.393276,Flint Hills tallgrass prairie,8.0,"Temperate Grasslands, Savannas & Shrublands",Nearctic
355,_roff_2030y_SOC,cf_median,45.274353,Fraser Plateau and Basin conifer forests,5.0,Temperate Conifer Forests,Nearctic
89,_roff_2030y_SOC,cf_median,27.739683,Fynbos shrubland,12.0,"Mediterranean Forests, Woodlands & Scrub",Afrotropic
601,_roff_2030y_SOC,cf_median,41.790066,Galápagos Islands xeric scrub,13.0,Deserts & Xeric Shrublands,Neotropic
94,_roff_2030y_SOC,cf_median,7.1174216,Gariep Karoo,13.0,Deserts & Xeric Shrublands,Afrotropic
752,_roff_2030y_SOC,cf_median,31.000788,Ghorat-Hazarajat alpine meadow,10.0,Montane Grasslands & Shrublands,Palearctic
209,_roff_2030y_SOC,cf_median,8.037949,Gibson desert,13.0,Deserts & Xeric Shrublands,Australasia
730,_roff_2030y_SOC,cf_median,36.83674,Gissaro-Alai open woodlands,8.0,"Temperate Grasslands, Savannas & Shrublands",Palearctic
316,_roff_2030y_SOC,cf_median,21.045727,Godavari-Krishna mangroves,13.0,Deserts & Xeric Shrublands,Indomalayan
825,_roff_2030y_SOC,cf_median,20.362041,Gobi Lakes Valley desert steppe,13.0,Deserts & Xeric Shrublands,Palearctic
13,_roff_2030y_SOC,cf_median,,Granitic Seychelles forests,1.0,Tropical & Subtropical Moist Broadleaf Forests,Afrotropic
356,_roff_2030y_SOC,cf_median,29.494673,Great Basin montane forests,5.0,Temperate Conifer Forests,Nearctic
430,_roff_2030y_SOC,cf_median,17.183798,Great Basin shrub steppe,13.0,Deserts & Xeric Shrublands,Nearctic
826,_roff_2030y_SOC,cf_median,33.93062,Great Lakes Basin desert steppe,13.0,Deserts & Xeric Shrublands,Palearctic
210,_roff_2030y_SOC,cf_median,8.325757,Great Sandy-Tanami desert,13.0,Deserts & Xeric Shrublands,Australasia
211,_roff_2030y_SOC,cf_median,14.473632,Great Victoria desert,13.0,Deserts & Xeric Shrublands,Australasia
231,_roff_2030y_SOC,cf_median,32.55184,Greater Negros-Panay rain forests,1.0,Tropical & Subtropical Moist Broadleaf Forests,Indomalayan
602,_roff_2030y_SOC,cf_median,68.839165,Guajira-Barranquilla xeric scrub,13.0,Deserts & Xeric Shrublands,Neotropic
582,_roff_2030y_SOC,cf_median,,Guayaquil flooded grasslands,9.0,Flooded Grasslands & Savannas,Neotropic
463,_roff_2030y_SOC,cf_median,,Guianan freshwater swamp forests,1.0,Tropical & Subtropical Moist Broadleaf Forests,Neotropic
464,_roff_2030y_SOC,cf_median,40.88865,Guianan Highlands moist forests,1.0,Tropical & Subtropical Moist Broadleaf Forests,Neotropic
465,_roff_2030y_SOC,cf_median,,Guianan lowland moist forests,1.0,Tropical & Subtropical Moist Broadleaf Forests,Neotropic
466,_roff_2030y_SOC,cf_median,42.141705,Guianan piedmont moist forests,1.0,Tropical & Subtropical Moist Broadleaf Forests,Neotropic
570,_roff_2030y_SOC,cf_median,37.972054,Guianan savanna,7.0,"Tropical & Subtropical Grasslands, Savannas & Shrublands",Neotropic
44,_roff_2030y_SOC,cf_median,35.159058,Guinean forest-savanna,7.0,"Tropical & Subtropical Grasslands, Savannas & Shrublands",Afrotropic
113,_roff_2030y_SOC,cf_median,,Guinean mangroves,14.0,Mangroves,Afrotropic
14,_roff_2030y_SOC,cf_median,26.090254,Guinean montane forests,1.0,Tropical & Subtropical Moist Broadleaf Forests,Afrotropic
642,_roff_2030y_SOC,cf_median,36.34085,Guizhou Plateau broadleaf and mixed forests,1.0,Tropical & Subtropical Moist Broadleaf Forests,Palearctic
431,_roff_2030y_SOC,cf_median,13.779923,Gulf of California xeric scrub,13.0,Deserts & Xeric Shrublands,Nearctic
335,_roff_2030y_SOC,cf_median,45.40026,Gulf of St. Lawrence lowland forests,4.0,Temperate Broadleaf & Mixed Forests,Nearctic
467,_roff_2030y_SOC,cf_median,,Gurupa várzea,1.0,Tropical & Subtropical Moist Broadleaf Forests,Neotropic
232,_roff_2030y_SOC,cf_median,34.18642,Hainan Island monsoon rain forests,1.0,Tropical & Subtropical Moist Broadleaf Forests,Indomalayan
140,_roff_2030y_SOC,cf_median,,Halmahera rain forests,1.0,Tropical & Subtropical Moist Broadleaf Forests,Australasia
201,_roff_2030y_SOC,cf_median,30.658445,Hampton mallee and woodlands,12.0,"Mediterranean Forests, Woodlands & Scrub",Australasia
636,_roff_2030y_SOC,cf_median,31.394838,Hawai'i tropical dry forests,2.0,Tropical & Subtropical Dry Broadleaf Forests,Oceania
639,_roff_2030y_SOC,cf_median,27.058825,Hawai'i tropical high shrublands,7.0,"Tropical & Subtropical Grasslands, Savannas & Shrublands",Oceania
640,_roff_2030y_SOC,cf_median,51.830627,Hawai'i tropical low shrublands,7.0,"Tropical & Subtropical Grasslands, Savannas & Shrublands",Oceania
623,_roff_2030y_SOC,cf_median,36.398777,Hawai'i tropical moist forests,1.0,Tropical & Subtropical Moist Broadleaf Forests,Oceania
696,_roff_2030y_SOC,cf_median,14.935215,Helanshan montane conifer forests,5.0,Temperate Conifer Forests,Palearctic
697,_roff_2030y_SOC,cf_median,64.11248,Hengduan Mountains subalpine conifer forests,5.0,Temperate Conifer Forests,Palearctic
412,_roff_2030y_SOC,cf_median,,Canadian High Arctic tundra,11.0,Tundra,Nearctic
592,_roff_2030y_SOC,cf_median,18.92495,High Monte,10.0,Montane Grasslands & Shrublands,Neotropic
81,_roff_2030y_SOC,cf_median,20.073391,Highveld grasslands,10.0,Montane Grasslands & Shrublands,Afrotropic
233,_roff_2030y_SOC,cf_median,26.17934,Himalayan subtropical broadleaf forests,1.0,Tropical & Subtropical Moist Broadleaf Forests,Indomalayan
302,_roff_2030y_SOC,cf_median,30.709959,Himalayan subtropical pine forests,3.0,Tropical & Subtropical Coniferous Forests,Indomalayan
753,_roff_2030y_SOC,cf_median,42.568844,Hindu Kush alpine meadow,10.0,Montane Grasslands & Shrublands,Palearctic
532,_roff_2030y_SOC,cf_median,36.39175,Hispaniolan dry forests,2.0,Tropical & Subtropical Dry Broadleaf Forests,Neotropic
468,_roff_2030y_SOC,cf_median,35.093155,Hispaniolan moist forests,1.0,Tropical & Subtropical Moist Broadleaf Forests,Neotropic
555,_roff_2030y_SOC,cf_median,35.60245,Hispaniolan pine forests,3.0,Tropical & Subtropical Coniferous Forests,Neotropic
95,_roff_2030y_SOC,cf_median,,Hobyo grasslands and shrublands,13.0,Deserts & Xeric Shrublands,Afrotropic
666,_roff_2030y_SOC,cf_median,72.652374,Hokkaido deciduous forests,4.0,Temperate Broadleaf & Mixed Forests,Palearctic
698,_roff_2030y_SOC,cf_median,71.73236,Hokkaido montane conifer forests,5.0,Temperate Conifer Forests,Palearctic
699,_roff_2030y_SOC,cf_median,65.12048,Honshu alpine conifer forests,5.0,Temperate Conifer Forests,Palearctic
45,_roff_2030y_SOC,cf_median,11.6963415,Horn of Africa xeric bushlands,7.0,"Tropical & Subtropical Grasslands, Savannas & Shrublands",Afrotropic
667,_roff_2030y_SOC,cf_median,18.50788,Huang He Plain mixed forests,4.0,Temperate Broadleaf & Mixed Forests,Palearctic
571,_roff_2030y_SOC,cf_median,21.324966,Humid Chaco,7.0,"Tropical & Subtropical Grasslands, Savannas & Shrublands",Neotropic
576,_roff_2030y_SOC,cf_median,34.92407,Humid Pampas,8.0,"Temperate Grasslands, Savannas & Shrublands",Neotropic
141,_roff_2030y_SOC,cf_median,66.91848,Huon Peninsula montane rain forests,1.0,Tropical & Subtropical Moist Broadleaf Forests,Australasia
792,_roff_2030y_SOC,cf_median,28.852947,Iberian conifer forests,12.0,"Mediterranean Forests, Woodlands & Scrub",Palearctic
793,_roff_2030y_SOC,cf_median,24.148842,Iberian sclerophyllous and semi-deciduous forests,12.0,"Mediterranean Forests, Woodlands & Scrub",Palearctic
711,_roff_2030y_SOC,cf_median,,Iceland boreal birch forests and alpine tundra,6.0,Boreal Forests/Taiga,Palearctic
794,_roff_2030y_SOC,cf_median,45.99745,Illyrian deciduous forests,12.0,"Mediterranean Forests, Woodlands & Scrub",Palearctic
319,_roff_2030y_SOC,cf_median,27.59872,Indochina mangroves,14.0,Mangroves,Indomalayan
320,_roff_2030y_SOC,cf_median,10.436225,Indus River Delta-Arabian Sea mangroves,14.0,Mangroves,Indomalayan
317,_roff_2030y_SOC,cf_median,8.90563,Indus Valley desert,13.0,Deserts & Xeric Shrublands,Indomalayan
71,_roff_2030y_SOC,cf_median,7.6166496,Inner Niger Delta flooded savanna,9.0,Flooded Grasslands & Savannas,Afrotropic
375,_roff_2030y_SOC,cf_median,57.635998,Interior Alaska-Yukon lowland taiga,6.0,Boreal Forests/Taiga,Nearctic
336,_roff_2030y_SOC,cf_median,29.922928,Interior Plateau US Hardwood Forests,4.0,Temperate Broadleaf & Mixed Forests,Nearctic
416,_roff_2030y_SOC,cf_median,44.312756,Interior Yukon-Alaska alpine tundra,11.0,Tundra,Nearctic
469,_roff_2030y_SOC,cf_median,36.968113,Iquitos várzea,1.0,Tropical & Subtropical Moist Broadleaf Forests,Neotropic
294,_roff_2030y_SOC,cf_median,19.485638,Irrawaddy dry forests,2.0,Tropical & Subtropical Dry Broadleaf Forests,Indomalayan
234,_roff_2030y_SOC,cf_median,,Irrawaddy freshwater swamp forests,1.0,Tropical & Subtropical Moist Broadleaf Forests,Indomalayan
235,_roff_2030y_SOC,cf_median,23.135838,Irrawaddy moist deciduous forests,1.0,Tropical & Subtropical Moist Broadleaf Forests,Indomalayan
533,_roff_2030y_SOC,cf_median,,Islas Revillagigedo dry forests,2.0,Tropical & Subtropical Dry Broadleaf Forests,Neotropic
470,_roff_2030y_SOC,cf_median,44.899776,Isthmian-Atlantic moist forests,1.0,Tropical & Subtropical Moist Broadleaf Forests,Neotropic
471,_roff_2030y_SOC,cf_median,37.525166,Isthmian-Pacific moist forests,1.0,Tropical & Subtropical Moist Broadleaf Forests,Neotropic
795,_roff_2030y_SOC,cf_median,37.7243,Italian sclerophyllous and semi-deciduous forests,12.0,"Mediterranean Forests, Woodlands & Scrub",Palearctic
46,_roff_2030y_SOC,cf_median,13.727014,Itigi-Sumbu thicket,7.0,"Tropical & Subtropical Grasslands, Savannas & Shrublands",Afrotropic
534,_roff_2030y_SOC,cf_median,26.315622,Jalisco dry forests,2.0,Tropical & Subtropical Dry Broadleaf Forests,Neotropic
535,_roff_2030y_SOC,cf_median,89.94299,Jamaican dry forests,2.0,Tropical & Subtropical Dry Broadleaf Forests,Neotropic
472,_roff_2030y_SOC,cf_median,89.94299,Jamaican moist forests,1.0,Tropical & Subtropical Moist Broadleaf Forests,Neotropic
473,_roff_2030y_SOC,cf_median,,Japurá-Solimões-Negro moist forests,1.0,Tropical & Subtropical Moist Broadleaf Forests,Neotropic
202,_roff_2030y_SOC,cf_median,52.580894,Jarrah-Karri forest and shrublands,12.0,"Mediterranean Forests, Woodlands & Scrub",Australasia
236,_roff_2030y_SOC,cf_median,30.038126,Jian Nan subtropical evergreen forests,1.0,Tropical & Subtropical Moist Broadleaf Forests,Indomalayan
82,_roff_2030y_SOC,cf_median,12.276515,Jos Plateau forest-grassland,10.0,Montane Grasslands & Shrublands,Afrotropic
560,_roff_2030y_SOC,cf_median,,Juan Fernández Islands temperate forests,4.0,Temperate Broadleaf & Mixed Forests,Neotropic
827,_roff_2030y_SOC,cf_median,18.614733,Junggar Basin semi-desert,13.0,Deserts & Xeric Shrublands,Palearctic
474,_roff_2030y_SOC,cf_median,,Juruá-Purus moist forests,1.0,Tropical & Subtropical Moist Broadleaf Forests,Neotropic
418,_roff_2030y_SOC,cf_median,,Kalaallit Nunaat High Arctic tundra,11.0,Tundra,Nearctic
47,_roff_2030y_SOC,cf_median,8.933907,Kalahari Acacia woodlands,7.0,"Tropical & Subtropical Grasslands, Savannas & Shrublands",Afrotropic
97,_roff_2030y_SOC,cf_median,8.276383,Kalahari xeric savanna,13.0,Deserts & Xeric Shrublands,Afrotropic
713,_roff_2030y_SOC,cf_median,74.29387,Kamchatka-Kurile meadows and sparse forests,6.0,Boreal Forests/Taiga,Palearctic
712,_roff_2030y_SOC,cf_median,73.3925,Kamchatka taiga,6.0,Boreal Forests/Taiga,Palearctic
98,_roff_2030y_SOC,cf_median,7.719917,Kaokoveld desert,13.0,Deserts & Xeric Shrublands,Afrotropic
754,_roff_2030y_SOC,cf_median,39.24624,Karakoram-West Tibetan Plateau alpine steppe,10.0,Montane Grasslands & Shrublands,Palearctic
237,_roff_2030y_SOC,cf_median,28.691404,Kayah-Karen montane rain forests,1.0,Tropical & Subtropical Moist Broadleaf Forests,Indomalayan
731,_roff_2030y_SOC,cf_median,53.932106,Kazakh forest steppe,8.0,"Temperate Grasslands, Savannas & Shrublands",Palearctic
828,_roff_2030y_SOC,cf_median,23.005524,Kazakh semi-desert,13.0,Deserts & Xeric Shrublands,Palearctic
732,_roff_2030y_SOC,cf_median,40.09754,Kazakh steppe,8.0,"Temperate Grasslands, Savannas & Shrublands",Palearctic
733,_roff_2030y_SOC,cf_median,39.60418,Kazakh upland steppe,8.0,"Temperate Grasslands, Savannas & Shrublands",Palearctic
624,_roff_2030y_SOC,cf_median,,Kermadec Islands subtropical moist forests,1.0,Tropical & Subtropical Moist Broadleaf Forests,Oceania
755,_roff_2030y_SOC,cf_median,51.555496,Khangai Mountains alpine meadow,10.0,Montane Grasslands & Shrublands,Palearctic
700,_roff_2030y_SOC,cf_median,55.78072,Khangai Mountains conifer forests,5.0,Temperate Conifer Forests,Palearctic
295,_roff_2030y_SOC,cf_median,11.42486,Khathiar-Gir dry deciduous forests,2.0,Tropical & Subtropical Dry Broadleaf Forests,Indomalayan
186,_roff_2030y_SOC,cf_median,10.446196,Kimberly tropical savanna,7.0,"Tropical & Subtropical Grasslands, Savannas & Shrublands",Australasia
357,_roff_2030y_SOC,cf_median,42.47531,Klamath-Siskiyou forests,5.0,Temperate Conifer Forests,Nearctic
15,_roff_2030y_SOC,cf_median,34.784172,Knysna-Amatole montane forests,1.0,Tropical & Subtropical Moist Broadleaf Forests,Afrotropic
774,_roff_2030y_SOC,cf_median,,Kola Peninsula tundra,11.0,Tundra,Palearctic
829,_roff_2030y_SOC,cf_median,18.173302,Kopet Dag semi-desert,13.0,Deserts & Xeric Shrublands,Palearctic
756,_roff_2030y_SOC,cf_median,19.085766,Kopet Dag woodlands and forest steppe,10.0,Montane Grasslands & Shrublands,Palearctic
757,_roff_2030y_SOC,cf_median,11.230417,Kuh Rud and Eastern Iran montane woodlands,10.0,Montane Grasslands & Shrublands,Palearctic
16,_roff_2030y_SOC,cf_median,31.731344,Kwazulu Natal-Cape coastal forests,1.0,Tropical & Subtropical Moist Broadleaf Forests,Afrotropic
603,_roff_2030y_SOC,cf_median,27.625183,La Costa xeric shrublands,13.0,Deserts & Xeric Shrublands,Neotropic
72,_roff_2030y_SOC,cf_median,10.427446,Lake Chad flooded savanna,9.0,Flooded Grasslands & Savannas,Afrotropic
536,_roff_2030y_SOC,cf_median,,Lara-Falcón dry forests,2.0,Tropical & Subtropical Dry Broadleaf Forests,Neotropic
475,_roff_2030y_SOC,cf_median,,Leeward Islands moist forests,1.0,Tropical & Subtropical Moist Broadleaf Forests,Neotropic
163,_roff_2030y_SOC,cf_median,36.301838,Lesser Sundas deciduous forests,2.0,Tropical & Subtropical Dry Broadleaf Forests,Australasia
48,_roff_2030y_SOC,cf_median,18.600006,Limpopo lowveld,7.0,"Tropical & Subtropical Grasslands, Savannas & Shrublands",Afrotropic
572,_roff_2030y_SOC,cf_median,28.109278,Llanos,7.0,"Tropical & Subtropical Grasslands, Savannas & Shrublands",Neotropic
142,_roff_2030y_SOC,cf_median,,Lord Howe Island subtropical forests,1.0,Tropical & Subtropical Moist Broadleaf Forests,Australasia
143,_roff_2030y_SOC,cf_median,,Louisiade Archipelago rain forests,1.0,Tropical & Subtropical Moist Broadleaf Forests,Australasia
577,_roff_2030y_SOC,cf_median,12.686306,Low Monte,8.0,"Temperate Grasslands, Savannas & Shrublands",Neotropic
238,_roff_2030y_SOC,cf_median,17.94066,Lower Gangetic Plains moist deciduous forests,1.0,Tropical & Subtropical Moist Broadleaf Forests,Indomalayan
239,_roff_2030y_SOC,cf_median,26.97681,Luang Prabang montane rain forests,1.0,Tropical & Subtropical Moist Broadleaf Forests,Indomalayan
240,_roff_2030y_SOC,cf_median,38.363224,Luzon montane rain forests,1.0,Tropical & Subtropical Moist Broadleaf Forests,Indomalayan
241,_roff_2030y_SOC,cf_median,40.33364,Luzon rain forests,1.0,Tropical & Subtropical Moist Broadleaf Forests,Indomalayan
303,_roff_2030y_SOC,cf_median,41.536057,Luzon tropical pine forests,3.0,Tropical & Subtropical Coniferous Forests,Indomalayan
32,_roff_2030y_SOC,cf_median,22.021687,Madagascar dry deciduous forests,2.0,Tropical & Subtropical Dry Broadleaf Forests,Afrotropic
83,_roff_2030y_SOC,cf_median,37.522655,Madagascar ericoid thickets,10.0,Montane Grasslands & Shrublands,Afrotropic
17,_roff_2030y_SOC,cf_median,36.586433,Madagascar humid forests,1.0,Tropical & Subtropical Moist Broadleaf Forests,Afrotropic
114,_roff_2030y_SOC,cf_median,,Madagascar mangroves,14.0,Mangroves,Afrotropic
99,_roff_2030y_SOC,cf_median,16.717484,Madagascar spiny thickets,13.0,Deserts & Xeric Shrublands,Afrotropic
18,_roff_2030y_SOC,cf_median,25.94873,Madagascar subhumid forests,1.0,Tropical & Subtropical Moist Broadleaf Forests,Afrotropic
100,_roff_2030y_SOC,cf_median,17.623436,Madagascar succulent woodlands,13.0,Deserts & Xeric Shrublands,Afrotropic
476,_roff_2030y_SOC,cf_median,,Madeira-Tapajós moist forests,1.0,Tropical & Subtropical Moist Broadleaf Forests,Neotropic
668,_roff_2030y_SOC,cf_median,80.72458,Madeira evergreen forests,4.0,Temperate Broadleaf & Mixed Forests,Palearctic
478,_roff_2030y_SOC,cf_median,36.37182,Magdalena-Urabá moist forests,1.0,Tropical & Subtropical Moist Broadleaf Forests,Neotropic
538,_roff_2030y_SOC,cf_median,62.105373,Magdalena Valley dry forests,2.0,Tropical & Subtropical Dry Broadleaf Forests,Neotropic
477,_roff_2030y_SOC,cf_median,57.03609,Magdalena Valley montane forests,1.0,Tropical & Subtropical Moist Broadleaf Forests,Neotropic
561,_roff_2030y_SOC,cf_median,67.59558,Magellanic subpolar forests,4.0,Temperate Broadleaf & Mixed Forests,Neotropic
73,_roff_2030y_SOC,cf_median,9.977787,Makgadikgadi halophytics,9.0,Flooded Grasslands & Savannas,Afrotropic
242,_roff_2030y_SOC,cf_median,34.203983,Malabar Coast moist forests,1.0,Tropical & Subtropical Moist Broadleaf Forests,Indomalayan
243,_roff_2030y_SOC,cf_median,,Maldives-Lakshadweep-Chagos Archipelago tropical moist forests,1.0,Tropical & Subtropical Moist Broadleaf Forests,Indomalayan
604,_roff_2030y_SOC,cf_median,,Malpelo Island xeric scrub,13.0,Deserts & Xeric Shrublands,Neotropic
669,_roff_2030y_SOC,cf_median,51.64158,Manchurian mixed forests,4.0,Temperate Broadleaf & Mixed Forests,Palearctic
49,_roff_2030y_SOC,cf_median,11.310659,Mandara Plateau woodlands,7.0,"Tropical & Subtropical Grasslands, Savannas & Shrublands",Afrotropic
19,_roff_2030y_SOC,cf_median,19.607586,Maputaland coastal forests and woodlands,1.0,Tropical & Subtropical Moist Broadleaf Forests,Afrotropic
539,_roff_2030y_SOC,cf_median,33.341553,Maracaibo dry forests,2.0,Tropical & Subtropical Dry Broadleaf Forests,Neotropic
480,_roff_2030y_SOC,cf_median,,Marajó várzea,1.0,Tropical & Subtropical Moist Broadleaf Forests,Neotropic
540,_roff_2030y_SOC,cf_median,,Maranhão Babaçu forests,2.0,Tropical & Subtropical Dry Broadleaf Forests,Neotropic
479,_roff_2030y_SOC,cf_median,43.65648,Marañón dry forests,1.0,Tropical & Subtropical Moist Broadleaf Forests,Neotropic
637,_roff_2030y_SOC,cf_median,,Marianas tropical dry forests,2.0,Tropical & Subtropical Dry Broadleaf Forests,Oceania
625,_roff_2030y_SOC,cf_median,,Marquesas tropical moist forests,1.0,Tropical & Subtropical Moist Broadleaf Forests,Oceania
50,_roff_2030y_SOC,cf_median,18.8336,Masai xeric grasslands and shrublands,7.0,"Tropical & Subtropical Grasslands, Savannas & Shrublands",Afrotropic
20,_roff_2030y_SOC,cf_median,78.619545,Mascarene forests,1.0,Tropical & Subtropical Moist Broadleaf Forests,Afrotropic
481,_roff_2030y_SOC,cf_median,,Mato Grosso tropical dry forests,1.0,Tropical & Subtropical Moist Broadleaf Forests,Neotropic
796,_roff_2030y_SOC,cf_median,14.413744,Mediterranean Acacia-Argania dry woodlands and succulent thickets,12.0,"Mediterranean Forests, Woodlands & Scrub",Palearctic
701,_roff_2030y_SOC,cf_median,28.904863,Mediterranean conifer and mixed forests,5.0,Temperate Conifer Forests,Palearctic
797,_roff_2030y_SOC,cf_median,10.04843,Mediterranean dry woodlands and steppe,12.0,"Mediterranean Forests, Woodlands & Scrub",Palearctic
758,_roff_2030y_SOC,cf_median,20.757402,Mediterranean High Atlas juniper steppe,10.0,Montane Grasslands & Shrublands,Palearctic
798,_roff_2030y_SOC,cf_median,21.891167,Mediterranean woodlands and forests,12.0,"Mediterranean Forests, Woodlands & Scrub",Palearctic
244,_roff_2030y_SOC,cf_median,28.030533,Meghalaya subtropical forests,1.0,Tropical & Subtropical Moist Broadleaf Forests,Indomalayan
245,_roff_2030y_SOC,cf_median,,Mentawai Islands rain forests,1.0,Tropical & Subtropical Moist Broadleaf Forests,Indomalayan
432,_roff_2030y_SOC,cf_median,20.284555,Meseta Central matorral,13.0,Deserts & Xeric Shrublands,Nearctic
613,_roff_2030y_SOC,cf_median,30.890795,Mesoamerican Gulf-Caribbean mangroves,14.0,Mangroves,Neotropic
830,_roff_2030y_SOC,cf_median,9.474596,Mesopotamian shrub desert,13.0,Deserts & Xeric Shrublands,Palearctic
376,_roff_2030y_SOC,cf_median,40.62803,Mid-Canada Boreal Plains forests,6.0,Boreal Forests/Taiga,Nearctic
414,_roff_2030y_SOC,cf_median,,Canadian Middle Arctic Tundra,11.0,Tundra,Nearctic
393,_roff_2030y_SOC,cf_median,33.467587,Mid-Atlantic US coastal savannas,8.0,"Temperate Grasslands, Savannas & Shrublands",Nearctic
377,_roff_2030y_SOC,cf_median,49.08287,Midwest Canadian Shield forests,6.0,Boreal Forests/Taiga,Nearctic
247,_roff_2030y_SOC,cf_median,42.3133,Mindanao-Eastern Visayas rain forests,1.0,Tropical & Subtropical Moist Broadleaf Forests,Indomalayan
246,_roff_2030y_SOC,cf_median,46.177334,Mindanao montane rain forests,1.0,Tropical & Subtropical Moist Broadleaf Forests,Indomalayan
248,_roff_2030y_SOC,cf_median,82.87795,Mindoro rain forests,1.0,Tropical & Subtropical Moist Broadleaf Forests,Indomalayan
573,_roff_2030y_SOC,cf_median,,Miskito pine forests,7.0,"Tropical & Subtropical Grasslands, Savannas & Shrublands",Neotropic
337,_roff_2030y_SOC,cf_median,24.903744,Mississippi lowland forests,4.0,Temperate Broadleaf & Mixed Forests,Nearctic
187,_roff_2030y_SOC,cf_median,8.77593,Mitchell Grass Downs,7.0,"Tropical & Subtropical Grasslands, Savannas & Shrublands",Australasia
249,_roff_2030y_SOC,cf_median,31.946,Mizoram-Manipur-Kachin rain forests,1.0,Tropical & Subtropical Moist Broadleaf Forests,Indomalayan
433,_roff_2030y_SOC,cf_median,6.5051045,Mojave desert,13.0,Deserts & Xeric Shrublands,Nearctic
734,_roff_2030y_SOC,cf_median,26.521175,Mongolian-Manchurian grassland,8.0,"Temperate Grasslands, Savannas & Shrublands",Palearctic
394,_roff_2030y_SOC,cf_median,39.882202,Montana Valley and Foothill grasslands,8.0,"Temperate Grasslands, Savannas & Shrublands",Nearctic
482,_roff_2030y_SOC,cf_median,,Monte Alegre várzea,1.0,Tropical & Subtropical Moist Broadleaf Forests,Neotropic
605,_roff_2030y_SOC,cf_median,35.521942,Motagua Valley thornscrub,13.0,Deserts & Xeric Shrublands,Neotropic
21,_roff_2030y_SOC,cf_median,50.6493,Mount Cameroon and Bioko montane forests,1.0,Tropical & Subtropical Moist Broadleaf Forests,Afrotropic
84,_roff_2030y_SOC,cf_median,26.645441,Mulanje Montane forest-grassland,10.0,Montane Grasslands & Shrublands,Afrotropic
203,_roff_2030y_SOC,cf_median,17.61836,Murray-Darling woodlands and mallee,12.0,"Mediterranean Forests, Woodlands & Scrub",Australasia
378,_roff_2030y_SOC,cf_median,42.041862,Muskwa-Slave Lake taiga,6.0,Boreal Forests/Taiga,Nearctic
321,_roff_2030y_SOC,cf_median,50.768417,Myanmar Coast mangroves,14.0,Mangroves,Indomalayan
250,_roff_2030y_SOC,cf_median,30.464882,Myanmar coastal rain forests,1.0,Tropical & Subtropical Moist Broadleaf Forests,Indomalayan
101,_roff_2030y_SOC,cf_median,11.308053,Nama Karoo shrublands,13.0,Deserts & Xeric Shrublands,Afrotropic
102,_roff_2030y_SOC,cf_median,10.639295,Namaqualand-Richtersveld steppe,13.0,Deserts & Xeric Shrublands,Afrotropic
103,_roff_2030y_SOC,cf_median,6.9744663,Namib Desert,13.0,Deserts & Xeric Shrublands,Afrotropic
104,_roff_2030y_SOC,cf_median,8.297093,Namibian savanna woodlands,13.0,Deserts & Xeric Shrublands,Afrotropic
251,_roff_2030y_SOC,cf_median,71.15078,Nansei Islands subtropical evergreen forests,1.0,Tropical & Subtropical Moist Broadleaf Forests,Indomalayan
483,_roff_2030y_SOC,cf_median,50.43873,Napo moist forests,1.0,Tropical & Subtropical Moist Broadleaf Forests,Neotropic
204,_roff_2030y_SOC,cf_median,36.74108,Naracoorte woodlands,12.0,"Mediterranean Forests, Woodlands & Scrub",Australasia
296,_roff_2030y_SOC,cf_median,13.56501,Narmada Valley dry deciduous forests,2.0,Tropical & Subtropical Dry Broadleaf Forests,Indomalayan
395,_roff_2030y_SOC,cf_median,28.548307,Nebraska Sand Hills mixed grasslands,8.0,"Temperate Grasslands, Savannas & Shrublands",Nearctic
484,_roff_2030y_SOC,cf_median,36.52706,Negro-Branco moist forests,1.0,Tropical & Subtropical Moist Broadleaf Forests,Neotropic
170,_roff_2030y_SOC,cf_median,89.94299,Nelson Coast temperate forests,4.0,Temperate Broadleaf & Mixed Forests,Australasia
743,_roff_2030y_SOC,cf_median,29.019995,Nenjiang River grassland,9.0,Flooded Grasslands & Savannas,Palearctic
144,_roff_2030y_SOC,cf_median,56.69795,New Britain-New Ireland lowland rain forests,1.0,Tropical & Subtropical Moist Broadleaf Forests,Australasia
145,_roff_2030y_SOC,cf_median,53.61202,New Britain-New Ireland montane rain forests,1.0,Tropical & Subtropical Moist Broadleaf Forests,Australasia
164,_roff_2030y_SOC,cf_median,44.250717,New Caledonia dry forests,2.0,Tropical & Subtropical Dry Broadleaf Forests,Australasia
146,_roff_2030y_SOC,cf_median,64.91473,New Caledonia rain forests,1.0,Tropical & Subtropical Moist Broadleaf Forests,Australasia
338,_roff_2030y_SOC,cf_median,51.733017,New England-Acadian forests,4.0,Temperate Broadleaf & Mixed Forests,Nearctic
217,_roff_2030y_SOC,cf_median,,New Guinea mangroves,14.0,Mangroves,Australasia
252,_roff_2030y_SOC,cf_median,,Nicobar Islands rain forests,1.0,Tropical & Subtropical Moist Broadleaf Forests,Indomalayan
22,_roff_2030y_SOC,cf_median,,Niger Delta swamp forests,1.0,Tropical & Subtropical Moist Broadleaf Forests,Afrotropic
23,_roff_2030y_SOC,cf_median,,Nigerian lowland forests,1.0,Tropical & Subtropical Moist Broadleaf Forests,Afrotropic
670,_roff_2030y_SOC,cf_median,60.463425,Nihonkai evergreen forests,4.0,Temperate Broadleaf & Mixed Forests,Palearctic
671,_roff_2030y_SOC,cf_median,67.89714,Nihonkai montane deciduous forests,4.0,Temperate Broadleaf & Mixed Forests,Palearctic
744,_roff_2030y_SOC,cf_median,18.013294,Nile Delta flooded savanna,9.0,Flooded Grasslands & Savannas,Palearctic
147,_roff_2030y_SOC,cf_median,,Norfolk Island subtropical forests,1.0,Tropical & Subtropical Moist Broadleaf Forests,Australasia
126,_roff_2030y_SOC,cf_median,,Northeast Antarctic Peninsula tundra,11.0,Tundra,Antarctica
127,_roff_2030y_SOC,cf_median,,Northwest Antarctic Peninsula tundra,11.0,Tundra,Antarctica
831,_roff_2030y_SOC,cf_median,8.776538,North Arabian desert,13.0,Deserts & Xeric Shrublands,Palearctic
832,_roff_2030y_SOC,cf_median,7.6871405,North Arabian highland shrublands,13.0,Deserts & Xeric Shrublands,Palearctic
171,_roff_2030y_SOC,cf_median,73.20159,New Zealand North Island temperate forests,4.0,Temperate Broadleaf & Mixed Forests,Australasia
833,_roff_2030y_SOC,cf_median,8.53022,North Saharan Xeric Steppe and Woodland,13.0,Deserts & Xeric Shrublands,Palearctic
106,_roff_2030y_SOC,cf_median,15.175655,Somali montane xeric woodlands,13.0,Deserts & Xeric Shrublands,Afrotropic
759,_roff_2030y_SOC,cf_median,24.82999,North Tibetan Plateau-Kunlun Mountains alpine desert,10.0,Montane Grasslands & Shrublands,Palearctic
125,_roff_2030y_SOC,cf_median,,North Victoria Land tundra,11.0,Tundra,Antarctica
253,_roff_2030y_SOC,cf_median,22.890654,North Western Ghats moist deciduous forests,1.0,Tropical & Subtropical Moist Broadleaf Forests,Indomalayan
254,_roff_2030y_SOC,cf_median,29.409302,North Western Ghats montane rain forests,1.0,Tropical & Subtropical Moist Broadleaf Forests,Indomalayan
673,_roff_2030y_SOC,cf_median,27.323078,Northeast China Plain deciduous forests,4.0,Temperate Broadleaf & Mixed Forests,Palearctic
304,_roff_2030y_SOC,cf_median,35.726513,Northeast India-Myanmar pine forests,3.0,Tropical & Subtropical Coniferous Forests,Indomalayan
775,_roff_2030y_SOC,cf_median,,Northeast Siberian coastal tundra,11.0,Tundra,Palearctic
714,_roff_2030y_SOC,cf_median,62.769802,Northeast Siberian taiga,6.0,Boreal Forests/Taiga,Palearctic
485,_roff_2030y_SOC,cf_median,,Northeast Brazil restingas,1.0,Tropical & Subtropical Moist Broadleaf Forests,Neotropic
24,_roff_2030y_SOC,cf_median,42.91359,Northeast Congolian lowland forests,1.0,Tropical & Subtropical Moist Broadleaf Forests,Afrotropic
702,_roff_2030y_SOC,cf_median,63.589634,Northeast Himalayan subalpine conifer forests,5.0,Temperate Conifer Forests,Palearctic
799,_roff_2030y_SOC,cf_median,38.506886,Northeast Spain and Southern France Mediterranean forests,12.0,"Mediterranean Forests, Woodlands & Scrub",Palearctic
339,_roff_2030y_SOC,cf_median,42.719585,Northeast US Coastal forests,4.0,Temperate Broadleaf & Mixed Forests,Nearctic
51,_roff_2030y_SOC,cf_median,23.282202,Northern Acacia-Commiphora bushlands and thickets,7.0,"Tropical & Subtropical Grasslands, Savannas & Shrublands",Afrotropic
703,_roff_2030y_SOC,cf_median,38.24594,Northern Anatolian conifer and deciduous forests,5.0,Temperate Conifer Forests,Palearctic
593,_roff_2030y_SOC,cf_median,55.8287,Northern Andean páramo,10.0,Montane Grasslands & Shrublands,Neotropic
255,_roff_2030y_SOC,cf_median,29.931267,Northern Annamites rain forests,1.0,Tropical & Subtropical Moist Broadleaf Forests,Indomalayan
359,_roff_2030y_SOC,cf_median,55.876347,Northern California coastal forests,5.0,Temperate Conifer Forests,Nearctic
379,_roff_2030y_SOC,cf_median,48.991005,Northern Canadian Shield taiga,6.0,Boreal Forests/Taiga,Nearctic
52,_roff_2030y_SOC,cf_median,24.784918,Northern Congolian Forest-Savanna,7.0,"Tropical & Subtropical Grasslands, Savannas & Shrublands",Afrotropic
297,_roff_2030y_SOC,cf_median,18.478626,North Deccan dry deciduous forests,2.0,Tropical & Subtropical Dry Broadleaf Forests,Indomalayan
256,_roff_2030y_SOC,cf_median,32.488083,Northern Indochina subtropical forests,1.0,Tropical & Subtropical Moist Broadleaf Forests,Indomalayan
257,_roff_2030y_SOC,cf_median,22.473114,Northern Khorat Plateau moist deciduous forests,1.0,Tropical & Subtropical Moist Broadleaf Forests,Indomalayan
614,_roff_2030y_SOC,cf_median,17.801008,Northern Mesoamerican Pacific mangroves,14.0,Mangroves,Neotropic
148,_roff_2030y_SOC,cf_median,54.579376,Northern New Guinea lowland rain and freshwater swamp forests,1.0,Tropical & Subtropical Moist Broadleaf Forests,Australasia
149,_roff_2030y_SOC,cf_median,50.5953,Northern New Guinea montane rain forests,1.0,Tropical & Subtropical Moist Broadleaf Forests,Australasia
396,_roff_2030y_SOC,cf_median,35.834965,Northern Shortgrass prairie,8.0,"Temperate Grasslands, Savannas & Shrublands",Nearctic
25,_roff_2030y_SOC,cf_median,36.344833,Northern Swahili coastal forests,1.0,Tropical & Subtropical Moist Broadleaf Forests,Afrotropic
397,_roff_2030y_SOC,cf_median,54.48377,Northern Tallgrass prairie,8.0,"Temperate Grasslands, Savannas & Shrublands",Nearctic
258,_roff_2030y_SOC,cf_median,24.771706,Northern Thailand-Laos moist deciduous forests,1.0,Tropical & Subtropical Moist Broadleaf Forests,Indomalayan
259,_roff_2030y_SOC,cf_median,40.23094,Northern Triangle subtropical forests,1.0,Tropical & Subtropical Moist Broadleaf Forests,Indomalayan
307,_roff_2030y_SOC,cf_median,46.693043,Northern Triangle temperate forests,4.0,Temperate Broadleaf & Mixed Forests,Indomalayan
260,_roff_2030y_SOC,cf_median,28.016094,Northern Vietnam lowland rain forests,1.0,Tropical & Subtropical Moist Broadleaf Forests,Indomalayan
173,_roff_2030y_SOC,cf_median,65.131485,Northland temperate kauri forests,4.0,Temperate Broadleaf & Mixed Forests,Australasia
800,_roff_2030y_SOC,cf_median,33.33559,Northwest Iberian montane forests,12.0,"Mediterranean Forests, Woodlands & Scrub",Palearctic
776,_roff_2030y_SOC,cf_median,,Northwest Russian-Novaya Zemlya tundra,11.0,Tundra,Palearctic
486,_roff_2030y_SOC,cf_median,55.044273,Northwest Andean montane forests,1.0,Tropical & Subtropical Moist Broadleaf Forests,Neotropic
26,_roff_2030y_SOC,cf_median,,Northwest Congolian lowland forests,1.0,Tropical & Subtropical Moist Broadleaf Forests,Afrotropic
641,_roff_2030y_SOC,cf_median,,Northwest Hawai'i scrub,7.0,"Tropical & Subtropical Grasslands, Savannas & Shrublands",Oceania
760,_roff_2030y_SOC,cf_median,49.06775,Northwestern Himalayan alpine shrub and meadows,10.0,Montane Grasslands & Shrublands,Palearctic
314,_roff_2030y_SOC,cf_median,10.065853,Aravalli west thorn scrub forests,13.0,Deserts & Xeric Shrublands,Indomalayan
777,_roff_2030y_SOC,cf_median,,Novosibirsk Islands Arctic desert,11.0,Tundra,Palearctic
704,_roff_2030y_SOC,cf_median,58.387436,Nujiang Langcang Gorge alpine conifer and mixed forests,5.0,Temperate Conifer Forests,Palearctic
212,_roff_2030y_SOC,cf_median,17.691757,Nullarbor Plains xeric shrublands,13.0,Deserts & Xeric Shrublands,Australasia
85,_roff_2030y_SOC,cf_median,20.58603,Nyanga-Chimanimani Montane forest-grassland,10.0,Montane Grasslands & Shrublands,Afrotropic
487,_roff_2030y_SOC,cf_median,44.64682,Oaxacan montane forests,1.0,Tropical & Subtropical Moist Broadleaf Forests,Neotropic
626,_roff_2030y_SOC,cf_median,,Ogasawara subtropical moist forests,1.0,Tropical & Subtropical Moist Broadleaf Forests,Oceania
419,_roff_2030y_SOC,cf_median,49.178,Ogilvie-MacKenzie alpine tundra,11.0,Tundra,Nearctic
362,_roff_2030y_SOC,cf_median,39.06187,Okanogan dry forests,5.0,Temperate Conifer Forests,Nearctic
715,_roff_2030y_SOC,cf_median,57.534348,Okhotsk-Manchurian taiga,6.0,Boreal Forests/Taiga,Palearctic
761,_roff_2030y_SOC,cf_median,16.829481,Ordos Plateau steppe,10.0,Montane Grasslands & Shrublands,Palearctic
488,_roff_2030y_SOC,cf_median,,Orinoco Delta swamp forests,1.0,Tropical & Subtropical Moist Broadleaf Forests,Neotropic
583,_roff_2030y_SOC,cf_median,,Orinoco wetlands,9.0,Flooded Grasslands & Savannas,Neotropic
261,_roff_2030y_SOC,cf_median,20.113676,Orissa semi-evergreen forests,1.0,Tropical & Subtropical Moist Broadleaf Forests,Indomalayan
340,_roff_2030y_SOC,cf_median,28.69734,Ozark Highlands mixed forests,4.0,Temperate Broadleaf & Mixed Forests,Nearctic
341,_roff_2030y_SOC,cf_median,27.55317,Ozark Mountain forests,4.0,Temperate Broadleaf & Mixed Forests,Nearctic
420,_roff_2030y_SOC,cf_median,69.401474,Pacific Coastal Mountain icefields and tundra,11.0,Tundra,Nearctic
627,_roff_2030y_SOC,cf_median,,Palau tropical moist forests,1.0,Tropical & Subtropical Moist Broadleaf Forests,Oceania
262,_roff_2030y_SOC,cf_median,,Palawan rain forests,1.0,Tropical & Subtropical Moist Broadleaf Forests,Indomalayan
398,_roff_2030y_SOC,cf_median,26.374166,Palouse prairie,8.0,"Temperate Grasslands, Savannas & Shrublands",Nearctic
762,_roff_2030y_SOC,cf_median,30.946583,Pamir alpine desert and tundra,10.0,Montane Grasslands & Shrublands,Palearctic
541,_roff_2030y_SOC,cf_median,,Panamanian dry forests,2.0,Tropical & Subtropical Dry Broadleaf Forests,Neotropic
674,_roff_2030y_SOC,cf_median,34.96188,Pannonian mixed forests,4.0,Temperate Broadleaf & Mixed Forests,Palearctic
584,_roff_2030y_SOC,cf_median,21.132551,Pantanal,9.0,Flooded Grasslands & Savannas,Neotropic
489,_roff_2030y_SOC,cf_median,,Pantanos de Centla,1.0,Tropical & Subtropical Moist Broadleaf Forests,Neotropic
490,_roff_2030y_SOC,cf_median,40.428806,Pantepui forests & shrublands,1.0,Tropical & Subtropical Moist Broadleaf Forests,Neotropic
606,_roff_2030y_SOC,cf_median,26.945467,Paraguaná xeric scrub,13.0,Deserts & Xeric Shrublands,Neotropic
585,_roff_2030y_SOC,cf_median,33.533947,Paraná flooded savanna,9.0,Flooded Grasslands & Savannas,Neotropic
834,_roff_2030y_SOC,cf_median,30.850445,Paropamisus xeric woodlands,13.0,Deserts & Xeric Shrublands,Palearctic
578,_roff_2030y_SOC,cf_median,27.856476,Patagonian steppe,8.0,"Temperate Grasslands, Savannas & Shrublands",Neotropic
542,_roff_2030y_SOC,cf_median,60.69604,Patía valley dry forests,2.0,Tropical & Subtropical Dry Broadleaf Forests,Neotropic
263,_roff_2030y_SOC,cf_median,45.335934,Peninsular Malaysian montane rain forests,1.0,Tropical & Subtropical Moist Broadleaf Forests,Indomalayan
264,_roff_2030y_SOC,cf_median,,Peninsular Malaysian peat swamp forests,1.0,Tropical & Subtropical Moist Broadleaf Forests,Indomalayan
265,_roff_2030y_SOC,cf_median,39.82728,Peninsular Malaysian rain forests,1.0,Tropical & Subtropical Moist Broadleaf Forests,Indomalayan
491,_roff_2030y_SOC,cf_median,,Pernambuco coastal forests,1.0,Tropical & Subtropical Moist Broadleaf Forests,Neotropic
492,_roff_2030y_SOC,cf_median,20.330042,Pernambuco interior forests,1.0,Tropical & Subtropical Moist Broadleaf Forests,Neotropic
493,_roff_2030y_SOC,cf_median,48.68429,Peruvian Yungas,1.0,Tropical & Subtropical Moist Broadleaf Forests,Neotropic
494,_roff_2030y_SOC,cf_median,36.45132,Petén-Veracruz moist forests,1.0,Tropical & Subtropical Moist Broadleaf Forests,Neotropic
213,_roff_2030y_SOC,cf_median,8.326805,Pilbara shrublands,13.0,Deserts & Xeric Shrublands,Australasia
801,_roff_2030y_SOC,cf_median,38.99752,Pindus Mountains mixed forests,12.0,"Mediterranean Forests, Woodlands & Scrub",Palearctic
363,_roff_2030y_SOC,cf_median,21.490654,Piney Woods,5.0,Temperate Conifer Forests,Nearctic
675,_roff_2030y_SOC,cf_median,33.718018,Po Basin mixed forests,4.0,Temperate Broadleaf & Mixed Forests,Palearctic
735,_roff_2030y_SOC,cf_median,43.93358,Pontic steppe,8.0,"Temperate Grasslands, Savannas & Shrublands",Palearctic
128,_roff_2030y_SOC,cf_median,,Prince Charles Mountains tundra,11.0,Tundra,Antarctica
543,_roff_2030y_SOC,cf_median,,Puerto Rican dry forests,2.0,Tropical & Subtropical Dry Broadleaf Forests,Neotropic
495,_roff_2030y_SOC,cf_median,,Puerto Rican moist forests,1.0,Tropical & Subtropical Moist Broadleaf Forests,Neotropic
364,_roff_2030y_SOC,cf_median,57.422516,Puget lowland forests,5.0,Temperate Conifer Forests,Nearctic
497,_roff_2030y_SOC,cf_median,,Purus-Madeira moist forests,1.0,Tropical & Subtropical Moist Broadleaf Forests,Neotropic
496,_roff_2030y_SOC,cf_median,,Purus várzea,1.0,Tropical & Subtropical Moist Broadleaf Forests,Neotropic
676,_roff_2030y_SOC,cf_median,46.75492,Pyrenees conifer and mixed forests,4.0,Temperate Broadleaf & Mixed Forests,Palearctic
835,_roff_2030y_SOC,cf_median,19.819952,Qaidam Basin semi-desert,13.0,Deserts & Xeric Shrublands,Palearctic
705,_roff_2030y_SOC,cf_median,59.154224,Qilian Mountains conifer forests,5.0,Temperate Conifer Forests,Palearctic
763,_roff_2030y_SOC,cf_median,33.30654,Qilian Mountains subalpine meadows,10.0,Montane Grasslands & Shrublands,Palearctic
677,_roff_2030y_SOC,cf_median,35.557156,Qin Ling Mountains deciduous forests,4.0,Temperate Broadleaf & Mixed Forests,Palearctic
706,_roff_2030y_SOC,cf_median,51.425697,Qionglai-Minshan conifer forests,5.0,Temperate Conifer Forests,Palearctic
150,_roff_2030y_SOC,cf_median,29.566975,Queensland tropical rain forests,1.0,Tropical & Subtropical Moist Broadleaf Forests,Australasia
174,_roff_2030y_SOC,cf_median,89.94299,Rakiura Island temperate forests,4.0,Temperate Broadleaf & Mixed Forests,Australasia
312,_roff_2030y_SOC,cf_median,9.818835,Rann of Kutch seasonal salt marsh,9.0,Flooded Grasslands & Savannas,Indomalayan
628,_roff_2030y_SOC,cf_median,,Rapa Nui and Sala y Gómez subtropical forests,1.0,Tropical & Subtropical Moist Broadleaf Forests,Oceania
266,_roff_2030y_SOC,cf_median,25.843126,Red River freshwater swamp forests,1.0,Tropical & Subtropical Moist Broadleaf Forests,Indomalayan
837,_roff_2030y_SOC,cf_median,6.744766,Red Sea-Arabian Desert shrublands,13.0,Deserts & Xeric Shrublands,Palearctic
836,_roff_2030y_SOC,cf_median,7.6886625,Red Sea coastal desert,13.0,Deserts & Xeric Shrublands,Palearctic
115,_roff_2030y_SOC,cf_median,14.044611,Red Sea mangroves,14.0,Mangroves,Afrotropic
838,_roff_2030y_SOC,cf_median,7.764661,Registan-North Pakistan sandy desert,13.0,Deserts & Xeric Shrublands,Palearctic
90,_roff_2030y_SOC,cf_median,25.343008,Renosterveld shrubland,12.0,"Mediterranean Forests, Woodlands & Scrub",Afrotropic
175,_roff_2030y_SOC,cf_median,82.70863,Richmond temperate forests,4.0,Temperate Broadleaf & Mixed Forests,Australasia
498,_roff_2030y_SOC,cf_median,,Rio Negro campinarana,1.0,Tropical & Subtropical Moist Broadleaf Forests,Neotropic
678,_roff_2030y_SOC,cf_median,35.0454,Rodope montane mixed forests,4.0,Temperate Broadleaf & Mixed Forests,Palearctic
86,_roff_2030y_SOC,cf_median,57.82618,Rwenzori-Virunga montane moorlands,10.0,Montane Grasslands & Shrublands,Afrotropic
745,_roff_2030y_SOC,cf_median,9.695781,Saharan halophytics,9.0,Flooded Grasslands & Savannas,Palearctic
53,_roff_2030y_SOC,cf_median,7.2178493,Sahelian Acacia savanna,7.0,"Tropical & Subtropical Grasslands, Savannas & Shrublands",Afrotropic
716,_roff_2030y_SOC,cf_median,60.829567,Sakhalin Island taiga,6.0,Boreal Forests/Taiga,Palearctic
629,_roff_2030y_SOC,cf_median,89.94299,Samoan tropical moist forests,1.0,Tropical & Subtropical Moist Broadleaf Forests,Oceania
562,_roff_2030y_SOC,cf_median,,San Félix-San Ambrosio Islands temperate forests,4.0,Temperate Broadleaf & Mixed Forests,Neotropic
607,_roff_2030y_SOC,cf_median,21.385326,San Lucan xeric scrub,13.0,Deserts & Xeric Shrublands,Neotropic
425,_roff_2030y_SOC,cf_median,40.151833,Santa Lucia Montane Chaparral & Woodlands,12.0,"Mediterranean Forests, Woodlands & Scrub",Nearctic
499,_roff_2030y_SOC,cf_median,34.25056,Santa Marta montane forests,1.0,Tropical & Subtropical Moist Broadleaf Forests,Neotropic
594,_roff_2030y_SOC,cf_median,34.453846,Santa Marta páramo,10.0,Montane Grasslands & Shrublands,Neotropic
27,_roff_2030y_SOC,cf_median,,"São Tomé, Príncipe, and Annobón forests",1.0,Tropical & Subtropical Moist Broadleaf Forests,Afrotropic
679,_roff_2030y_SOC,cf_median,55.019527,Sarmatic mixed forests,4.0,Temperate Broadleaf & Mixed Forests,Palearctic
764,_roff_2030y_SOC,cf_median,59.69114,Sayan alpine meadows and tundra,10.0,Montane Grasslands & Shrublands,Palearctic
736,_roff_2030y_SOC,cf_median,53.226353,Sayan Intermontane steppe,8.0,"Temperate Grasslands, Savannas & Shrublands",Palearctic
707,_roff_2030y_SOC,cf_median,55.79015,Sayan montane conifer forests,5.0,Temperate Conifer Forests,Palearctic
717,_roff_2030y_SOC,cf_median,62.39851,Scandinavian and Russian taiga,6.0,Boreal Forests/Taiga,Palearctic
708,_roff_2030y_SOC,cf_median,71.38761,Scandinavian coastal conifer forests,5.0,Temperate Conifer Forests,Palearctic
780,_roff_2030y_SOC,cf_median,71.17376,Scandinavian Montane Birch forest and grasslands,11.0,Tundra,Palearctic
129,_roff_2030y_SOC,cf_median,,Scotia Sea Islands tundra,11.0,Tundra,Antarctica
608,_roff_2030y_SOC,cf_median,20.874588,Sechura desert,13.0,Deserts & Xeric Shrublands,Neotropic
737,_roff_2030y_SOC,cf_median,53.15812,Selenge-Orkhon forest steppe,8.0,"Temperate Grasslands, Savannas & Shrublands",Palearctic
151,_roff_2030y_SOC,cf_median,89.94299,Seram rain forests,1.0,Tropical & Subtropical Moist Broadleaf Forests,Australasia
54,_roff_2030y_SOC,cf_median,14.251657,Serengeti volcanic grasslands,7.0,"Tropical & Subtropical Grasslands, Savannas & Shrublands",Afrotropic
500,_roff_2030y_SOC,cf_median,35.94724,Serra do Mar coastal forests,1.0,Tropical & Subtropical Moist Broadleaf Forests,Neotropic
680,_roff_2030y_SOC,cf_median,26.551525,Sichuan Basin evergreen broadleaf forests,4.0,Temperate Broadleaf & Mixed Forests,Palearctic
544,_roff_2030y_SOC,cf_median,28.316877,Sierra de la Laguna dry forests,2.0,Tropical & Subtropical Dry Broadleaf Forests,Neotropic
556,_roff_2030y_SOC,cf_median,39.058834,Sierra de la Laguna pine-oak forests,3.0,Tropical & Subtropical Coniferous Forests,Neotropic
501,_roff_2030y_SOC,cf_median,37.372765,Sierra de los Tuxtlas,1.0,Tropical & Subtropical Moist Broadleaf Forests,Neotropic
502,_roff_2030y_SOC,cf_median,30.925343,Sierra Madre de Chiapas moist forests,1.0,Tropical & Subtropical Moist Broadleaf Forests,Neotropic
557,_roff_2030y_SOC,cf_median,32.911247,Sierra Madre de Oaxaca pine-oak forests,3.0,Tropical & Subtropical Coniferous Forests,Neotropic
558,_roff_2030y_SOC,cf_median,28.389757,Sierra Madre del Sur pine-oak forests,3.0,Tropical & Subtropical Coniferous Forests,Neotropic
326,_roff_2030y_SOC,cf_median,25.489794,Sierra Madre Occidental pine-oak forests,3.0,Tropical & Subtropical Coniferous Forests,Nearctic
327,_roff_2030y_SOC,cf_median,29.084412,Sierra Madre Oriental pine-oak forests,3.0,Tropical & Subtropical Coniferous Forests,Nearctic
366,_roff_2030y_SOC,cf_median,35.40105,Sierra Nevada forests,5.0,Temperate Conifer Forests,Nearctic
214,_roff_2030y_SOC,cf_median,9.682457,Simpson desert,13.0,Deserts & Xeric Shrublands,Australasia
545,_roff_2030y_SOC,cf_median,21.849451,Sinaloan dry forests,2.0,Tropical & Subtropical Dry Broadleaf Forests,Neotropic
546,_roff_2030y_SOC,cf_median,34.302406,Sinú Valley dry forests,2.0,Tropical & Subtropical Dry Broadleaf Forests,Neotropic
434,_roff_2030y_SOC,cf_median,25.173975,Snake-Columbia shrub steppe,13.0,Deserts & Xeric Shrublands,Nearctic
630,_roff_2030y_SOC,cf_median,,Society Islands tropical moist forests,1.0,Tropical & Subtropical Moist Broadleaf Forests,Oceania
105,_roff_2030y_SOC,cf_median,33.95986,Socotra Island xeric shrublands,13.0,Deserts & Xeric Shrublands,Afrotropic
503,_roff_2030y_SOC,cf_median,,Solimões-Japurá moist forests,1.0,Tropical & Subtropical Moist Broadleaf Forests,Neotropic
152,_roff_2030y_SOC,cf_median,89.94299,Solomon Islands rain forests,1.0,Tropical & Subtropical Moist Broadleaf Forests,Australasia
55,_roff_2030y_SOC,cf_median,27.434402,Somali Acacia-Commiphora bushlands and thickets,7.0,"Tropical & Subtropical Grasslands, Savannas & Shrublands",Afrotropic
324,_roff_2030y_SOC,cf_median,14.453497,Sonoran-Sinaloan subtropical dry forest,2.0,Tropical & Subtropical Dry Broadleaf Forests,Nearctic
435,_roff_2030y_SOC,cf_median,7.847656,Sonoran desert,13.0,Deserts & Xeric Shrublands,Nearctic
615,_roff_2030y_SOC,cf_median,,South American Pacific mangroves,14.0,Mangroves,Neotropic
130,_roff_2030y_SOC,cf_median,,South Antarctic Peninsula tundra,11.0,Tundra,Antarctica
802,_roff_2030y_SOC,cf_median,37.955444,South Apennine mixed montane forests,12.0,"Mediterranean Forests, Woodlands & Scrub",Palearctic
367,_roff_2030y_SOC,cf_median,41.58772,South Central Rockies forests,5.0,Temperate Conifer Forests,Nearctic
268,_roff_2030y_SOC,cf_median,26.17222,South China-Vietnam subtropical evergreen forests,1.0,Tropical & Subtropical Moist Broadleaf Forests,Indomalayan
267,_roff_2030y_SOC,cf_median,,South China Sea Islands,1.0,Tropical & Subtropical Moist Broadleaf Forests,Indomalayan
298,_roff_2030y_SOC,cf_median,19.199905,South Deccan Plateau dry deciduous forests,2.0,Tropical & Subtropical Dry Broadleaf Forests,Indomalayan
841,_roff_2030y_SOC,cf_median,8.74481,South Iran Nubo-Sindian desert and semi-desert,13.0,Deserts & Xeric Shrublands,Palearctic
194,_roff_2030y_SOC,cf_median,84.32653,New Zealand South Island montane grasslands,10.0,Montane Grasslands & Shrublands,Australasia
172,_roff_2030y_SOC,cf_median,79.14777,New Zealand South Island temperate forests,4.0,Temperate Broadleaf & Mixed Forests,Australasia
131,_roff_2030y_SOC,cf_median,,South Orkney Islands tundra,11.0,Tundra,Antarctica
842,_roff_2030y_SOC,cf_median,7.113881,South Sahara desert,13.0,Deserts & Xeric Shrublands,Palearctic
738,_roff_2030y_SOC,cf_median,63.088734,South Siberian forest steppe,8.0,"Temperate Grasslands, Savannas & Shrublands",Palearctic
269,_roff_2030y_SOC,cf_median,38.453495,South Taiwan monsoon rain forests,1.0,Tropical & Subtropical Moist Broadleaf Forests,Indomalayan
132,_roff_2030y_SOC,cf_median,,South Victoria Land tundra,11.0,Tundra,Antarctica
270,_roff_2030y_SOC,cf_median,28.035501,South Western Ghats moist deciduous forests,1.0,Tropical & Subtropical Moist Broadleaf Forests,Indomalayan
271,_roff_2030y_SOC,cf_median,31.49892,South Western Ghats montane rain forests,1.0,Tropical & Subtropical Moist Broadleaf Forests,Indomalayan
176,_roff_2030y_SOC,cf_median,33.061012,Southeast Australia temperate forests,4.0,Temperate Broadleaf & Mixed Forests,Australasia
192,_roff_2030y_SOC,cf_median,15.276961,Southeast Australia temperate savanna,8.0,"Temperate Grasslands, Savannas & Shrublands",Australasia
765,_roff_2030y_SOC,cf_median,38.881172,Southeast Tibet shrublands and meadows,10.0,Montane Grasslands & Shrublands,Palearctic
400,_roff_2030y_SOC,cf_median,19.217567,Southeast US mixed woodlands and savannas,8.0,"Temperate Grasslands, Savannas & Shrublands",Nearctic
399,_roff_2030y_SOC,cf_median,22.618353,Southeast US conifer savannas,8.0,"Temperate Grasslands, Savannas & Shrublands",Nearctic
803,_roff_2030y_SOC,cf_median,22.968939,Southeast Iberian shrubs and woodlands,12.0,"Mediterranean Forests, Woodlands & Scrub",Palearctic
299,_roff_2030y_SOC,cf_median,28.471561,Southeast Indochina dry evergreen forests,2.0,Tropical & Subtropical Dry Broadleaf Forests,Indomalayan
153,_roff_2030y_SOC,cf_median,59.773155,Southeast Papuan rain forests,1.0,Tropical & Subtropical Moist Broadleaf Forests,Australasia
57,_roff_2030y_SOC,cf_median,19.062885,Southern Acacia-Commiphora bushlands and thickets,7.0,"Tropical & Subtropical Grasslands, Savannas & Shrublands",Afrotropic
116,_roff_2030y_SOC,cf_median,31.59994,Southern Africa mangroves,14.0,Mangroves,Afrotropic
804,_roff_2030y_SOC,cf_median,33.265457,Southern Anatolian montane conifer and deciduous forests,12.0,"Mediterranean Forests, Woodlands & Scrub",Palearctic
595,_roff_2030y_SOC,cf_median,23.524073,Southern Andean steppe,10.0,Montane Grasslands & Shrublands,Neotropic
504,_roff_2030y_SOC,cf_median,33.7237,Southern Andean Yungas,1.0,Tropical & Subtropical Moist Broadleaf Forests,Neotropic
272,_roff_2030y_SOC,cf_median,30.88742,Southern Annamites montane rain forests,1.0,Tropical & Subtropical Moist Broadleaf Forests,Indomalayan
616,_roff_2030y_SOC,cf_median,41.180992,Southern Atlantic Brazilian mangroves,14.0,Mangroves,Neotropic
586,_roff_2030y_SOC,cf_median,25.02128,Southern Cone Mesopotamian savanna,9.0,Flooded Grasslands & Savannas,Neotropic
58,_roff_2030y_SOC,cf_median,15.532962,Southern Congolian forest-savanna,7.0,"Tropical & Subtropical Grasslands, Savannas & Shrublands",Afrotropic
342,_roff_2030y_SOC,cf_median,42.832203,Southern Great Lakes forests,4.0,Temperate Broadleaf & Mixed Forests,Nearctic
382,_roff_2030y_SOC,cf_median,58.867218,Southern Hudson Bay taiga,6.0,Boreal Forests/Taiga,Nearctic
133,_roff_2030y_SOC,cf_median,,Southern Indian Ocean Islands tundra,11.0,Tundra,Antarctica
681,_roff_2030y_SOC,cf_median,38.037144,Southern Korea evergreen forests,4.0,Temperate Broadleaf & Mixed Forests,Palearctic
617,_roff_2030y_SOC,cf_median,,Southern Mesoamerican Pacific mangroves,14.0,Mangroves,Neotropic
154,_roff_2030y_SOC,cf_median,,Southern New Guinea freshwater swamp forests,1.0,Tropical & Subtropical Moist Broadleaf Forests,Australasia
155,_roff_2030y_SOC,cf_median,60.166393,Southern New Guinea lowland rain forests,1.0,Tropical & Subtropical Moist Broadleaf Forests,Australasia
547,_roff_2030y_SOC,cf_median,26.546972,Southern Pacific dry forests,2.0,Tropical & Subtropical Dry Broadleaf Forests,Neotropic
87,_roff_2030y_SOC,cf_median,31.687576,Southern Rift Montane forest-grassland,10.0,Montane Grasslands & Shrublands,Afrotropic
28,_roff_2030y_SOC,cf_median,16.612917,Southern Swahili coastal forests and woodlands,1.0,Tropical & Subtropical Moist Broadleaf Forests,Afrotropic
300,_roff_2030y_SOC,cf_median,36.414017,Southern Vietnam lowland dry forests,2.0,Tropical & Subtropical Dry Broadleaf Forests,Indomalayan
505,_roff_2030y_SOC,cf_median,45.189957,Southwest Amazon moist forests,1.0,Tropical & Subtropical Moist Broadleaf Forests,Neotropic
108,_roff_2030y_SOC,cf_median,10.837103,Southwest Arabian Escarpment shrublands and woodlands,13.0,Deserts & Xeric Shrublands,Afrotropic
109,_roff_2030y_SOC,cf_median,13.205995,Southwest Arabian highland xeric scrub,13.0,Deserts & Xeric Shrublands,Afrotropic
205,_roff_2030y_SOC,cf_median,16.29751,Southwest Australia savanna,12.0,"Mediterranean Forests, Woodlands & Scrub",Australasia
206,_roff_2030y_SOC,cf_median,36.543694,Southwest Australia woodlands,12.0,"Mediterranean Forests, Woodlands & Scrub",Australasia
273,_roff_2030y_SOC,cf_median,,Southwest Borneo freshwater swamp forests,1.0,Tropical & Subtropical Moist Broadleaf Forests,Indomalayan
805,_roff_2030y_SOC,cf_median,28.255207,Southwest Iberian Mediterranean sclerophyllous and mixed forests,12.0,"Mediterranean Forests, Woodlands & Scrub",Palearctic
301,_roff_2030y_SOC,cf_median,35.77102,Sri Lanka dry-zone dry evergreen forests,2.0,Tropical & Subtropical Dry Broadleaf Forests,Indomalayan
274,_roff_2030y_SOC,cf_median,39.133633,Sri Lanka lowland rain forests,1.0,Tropical & Subtropical Moist Broadleaf Forests,Indomalayan
275,_roff_2030y_SOC,cf_median,41.72417,Sri Lanka montane rain forests,1.0,Tropical & Subtropical Moist Broadleaf Forests,Indomalayan
609,_roff_2030y_SOC,cf_median,,St. Peter and St. Paul Rocks,13.0,Deserts & Xeric Shrublands,Neotropic
110,_roff_2030y_SOC,cf_median,14.028865,Succulent Karoo xeric shrublands,13.0,Deserts & Xeric Shrublands,Afrotropic
74,_roff_2030y_SOC,cf_median,,Sudd flooded grasslands,9.0,Flooded Grasslands & Savannas,Afrotropic
746,_roff_2030y_SOC,cf_median,51.67368,Suiphun-Khanka meadows and forest meadows,9.0,Flooded Grasslands & Savannas,Palearctic
766,_roff_2030y_SOC,cf_median,15.956862,Sulaiman Range alpine meadows,10.0,Montane Grasslands & Shrublands,Palearctic
157,_roff_2030y_SOC,cf_median,46.62058,Sulawesi montane rain forests,1.0,Tropical & Subtropical Moist Broadleaf Forests,Australasia
276,_roff_2030y_SOC,cf_median,,Sulu Archipelago rain forests,1.0,Tropical & Subtropical Moist Broadleaf Forests,Indomalayan
277,_roff_2030y_SOC,cf_median,,Sumatran freshwater swamp forests,1.0,Tropical & Subtropical Moist Broadleaf Forests,Indomalayan
278,_roff_2030y_SOC,cf_median,46.351795,Sumatran lowland rain forests,1.0,Tropical & Subtropical Moist Broadleaf Forests,Indomalayan
279,_roff_2030y_SOC,cf_median,47.196365,Sumatran montane rain forests,1.0,Tropical & Subtropical Moist Broadleaf Forests,Indomalayan
280,_roff_2030y_SOC,cf_median,,Sumatran peat swamp forests,1.0,Tropical & Subtropical Moist Broadleaf Forests,Indomalayan
305,_roff_2030y_SOC,cf_median,46.221798,Sumatran tropical pine forests,3.0,Tropical & Subtropical Coniferous Forests,Indomalayan
165,_roff_2030y_SOC,cf_median,,Sumba deciduous forests,2.0,Tropical & Subtropical Dry Broadleaf Forests,Australasia
322,_roff_2030y_SOC,cf_median,,Sunda Shelf mangroves,14.0,Mangroves,Indomalayan
281,_roff_2030y_SOC,cf_median,,Sundaland heath forests,1.0,Tropical & Subtropical Moist Broadleaf Forests,Indomalayan
282,_roff_2030y_SOC,cf_median,20.330915,Sundarbans freshwater swamp forests,1.0,Tropical & Subtropical Moist Broadleaf Forests,Indomalayan
323,_roff_2030y_SOC,cf_median,21.966131,Sundarbans mangroves,14.0,Mangroves,Indomalayan
739,_roff_2030y_SOC,cf_median,13.069433,Syrian xeric grasslands and shrublands,8.0,"Temperate Grasslands, Savannas & Shrublands",Palearctic
682,_roff_2030y_SOC,cf_median,47.218704,Taiheiyo evergreen forests,4.0,Temperate Broadleaf & Mixed Forests,Palearctic
683,_roff_2030y_SOC,cf_median,56.153072,Taiheiyo montane deciduous forests,4.0,Temperate Broadleaf & Mixed Forests,Palearctic
781,_roff_2030y_SOC,cf_median,,Taimyr-Central Siberian tundra,11.0,Tundra,Palearctic
283,_roff_2030y_SOC,cf_median,49.005074,Taiwan subtropical evergreen forests,1.0,Tropical & Subtropical Moist Broadleaf Forests,Indomalayan
843,_roff_2030y_SOC,cf_median,20.148516,Taklimakan desert,13.0,Deserts & Xeric Shrublands,Palearctic
506,_roff_2030y_SOC,cf_median,45.871216,Talamancan montane forests,1.0,Tropical & Subtropical Moist Broadleaf Forests,Neotropic
436,_roff_2030y_SOC,cf_median,23.31728,Tamaulipan matorral,13.0,Deserts & Xeric Shrublands,Nearctic
437,_roff_2030y_SOC,cf_median,16.990335,Tamaulipan mezquital,13.0,Deserts & Xeric Shrublands,Nearctic
507,_roff_2030y_SOC,cf_median,,Tapajós-Xingu moist forests,1.0,Tropical & Subtropical Moist Broadleaf Forests,Neotropic
684,_roff_2030y_SOC,cf_median,17.770454,Tarim Basin deciduous forests and steppe,4.0,Temperate Broadleaf & Mixed Forests,Palearctic
177,_roff_2030y_SOC,cf_median,61.218426,Tasmanian Central Highland forests,4.0,Temperate Broadleaf & Mixed Forests,Australasia
178,_roff_2030y_SOC,cf_median,61.98754,Tasmanian temperate forests,4.0,Temperate Broadleaf & Mixed Forests,Australasia
179,_roff_2030y_SOC,cf_median,89.92216,Tasmanian temperate rain forests,4.0,Temperate Broadleaf & Mixed Forests,Australasia
610,_roff_2030y_SOC,cf_median,27.833687,Tehuacán Valley matorral,13.0,Deserts & Xeric Shrublands,Neotropic
284,_roff_2030y_SOC,cf_median,32.06198,Tenasserim-South Thailand semi-evergreen rain forests,1.0,Tropical & Subtropical Moist Broadleaf Forests,Indomalayan
311,_roff_2030y_SOC,cf_median,20.295551,Terai-Duar savanna and grasslands,7.0,"Tropical & Subtropical Grasslands, Savannas & Shrublands",Indomalayan
401,_roff_2030y_SOC,cf_median,23.395979,Texas blackland prairies,8.0,"Temperate Grasslands, Savannas & Shrublands",Nearctic
318,_roff_2030y_SOC,cf_median,7.81074,Thar desert,13.0,Deserts & Xeric Shrublands,Indomalayan
740,_roff_2030y_SOC,cf_median,36.372326,Tian Shan foothill arid steppe,8.0,"Temperate Grasslands, Savannas & Shrublands",Palearctic
709,_roff_2030y_SOC,cf_median,46.122753,Tian Shan montane conifer forests,5.0,Temperate Conifer Forests,Palearctic
767,_roff_2030y_SOC,cf_median,30.904718,Tian Shan montane steppe and meadows,10.0,Montane Grasslands & Shrublands,Palearctic
844,_roff_2030y_SOC,cf_median,10.07155,Tibesti-Jebel Uweinat montane xeric woodlands,13.0,Deserts & Xeric Shrublands,Palearctic
768,_roff_2030y_SOC,cf_median,34.582478,Tibetan Plateau alpine shrublands and meadows,10.0,Montane Grasslands & Shrublands,Palearctic
747,_roff_2030y_SOC,cf_median,12.449138,Tigris-Euphrates alluvial salt marsh,9.0,Flooded Grasslands & Savannas,Palearctic
166,_roff_2030y_SOC,cf_median,70.58281,Timor and Wetar deciduous forests,2.0,Tropical & Subtropical Dry Broadleaf Forests,Australasia
215,_roff_2030y_SOC,cf_median,18.641792,Tirari-Sturt stony desert,13.0,Deserts & Xeric Shrublands,Australasia
631,_roff_2030y_SOC,cf_median,,Tongan tropical moist forests,1.0,Tropical & Subtropical Moist Broadleaf Forests,Oceania
286,_roff_2030y_SOC,cf_median,,Tonle Sap-Mekong peat swamp forests,1.0,Tropical & Subtropical Moist Broadleaf Forests,Indomalayan
285,_roff_2030y_SOC,cf_median,,Tonle Sap freshwater swamp forests,1.0,Tropical & Subtropical Moist Broadleaf Forests,Indomalayan
421,_roff_2030y_SOC,cf_median,,Torngat Mountain tundra,11.0,Tundra,Nearctic
782,_roff_2030y_SOC,cf_median,60.23115,Trans-Baikal Bald Mountain tundra,11.0,Tundra,Palearctic
718,_roff_2030y_SOC,cf_median,56.482304,Trans-Baikal conifer forests,6.0,Boreal Forests/Taiga,Palearctic
559,_roff_2030y_SOC,cf_median,29.512985,Trans-Mexican Volcanic Belt pine-oak forests,3.0,Tropical & Subtropical Coniferous Forests,Neotropic
188,_roff_2030y_SOC,cf_median,,Trans Fly savanna and grasslands,7.0,"Tropical & Subtropical Grasslands, Savannas & Shrublands",Australasia
134,_roff_2030y_SOC,cf_median,,Transantarctic Mountains tundra,11.0,Tundra,Antarctica
510,_roff_2030y_SOC,cf_median,,Trinidad and Tobago moist forest,1.0,Tropical & Subtropical Moist Broadleaf Forests,Neotropic
68,_roff_2030y_SOC,cf_median,,Tristan Da Cunha-Gough Islands shrub and grasslands,8.0,"Temperate Grasslands, Savannas & Shrublands",Afrotropic
158,_roff_2030y_SOC,cf_median,,Trobriand Islands rain forests,1.0,Tropical & Subtropical Moist Broadleaf Forests,Australasia
632,_roff_2030y_SOC,cf_median,,Tuamotu tropical moist forests,1.0,Tropical & Subtropical Moist Broadleaf Forests,Oceania
633,_roff_2030y_SOC,cf_median,,Tubuai tropical moist forests,1.0,Tropical & Subtropical Moist Broadleaf Forests,Oceania
549,_roff_2030y_SOC,cf_median,22.94186,Tumbes-Piura dry forests,2.0,Tropical & Subtropical Dry Broadleaf Forests,Neotropic
806,_roff_2030y_SOC,cf_median,36.125023,Tyrrhenian-Adriatic sclerophyllous and mixed forests,12.0,"Mediterranean Forests, Woodlands & Scrub",Palearctic
511,_roff_2030y_SOC,cf_median,,Uatumã-Trombetas moist forests,1.0,Tropical & Subtropical Moist Broadleaf Forests,Neotropic
512,_roff_2030y_SOC,cf_median,43.632183,Ucayali moist forests,1.0,Tropical & Subtropical Moist Broadleaf Forests,Neotropic
287,_roff_2030y_SOC,cf_median,15.468176,Upper Gangetic Plains moist deciduous forests,1.0,Tropical & Subtropical Moist Broadleaf Forests,Indomalayan
343,_roff_2030y_SOC,cf_median,40.311337,Upper Midwest US forest-savanna transition,4.0,Temperate Broadleaf & Mixed Forests,Nearctic
719,_roff_2030y_SOC,cf_median,56.673073,Urals montane forest and taiga,6.0,Boreal Forests/Taiga,Palearctic
574,_roff_2030y_SOC,cf_median,34.949635,Uruguayan savanna,7.0,"Tropical & Subtropical Grasslands, Savannas & Shrublands",Neotropic
685,_roff_2030y_SOC,cf_median,54.514687,Ussuri broadleaf and mixed forests,4.0,Temperate Broadleaf & Mixed Forests,Palearctic
563,_roff_2030y_SOC,cf_median,84.26747,Valdivian temperate forests,4.0,Temperate Broadleaf & Mixed Forests,Neotropic
159,_roff_2030y_SOC,cf_median,89.94299,Vanuatu rain forests,1.0,Tropical & Subtropical Moist Broadleaf Forests,Australasia
513,_roff_2030y_SOC,cf_median,41.99447,Venezuelan Andes montane forests,1.0,Tropical & Subtropical Moist Broadleaf Forests,Neotropic
550,_roff_2030y_SOC,cf_median,33.46277,Veracruz dry forests,2.0,Tropical & Subtropical Dry Broadleaf Forests,Neotropic
514,_roff_2030y_SOC,cf_median,31.18992,Veracruz moist forests,1.0,Tropical & Subtropical Moist Broadleaf Forests,Neotropic
515,_roff_2030y_SOC,cf_median,41.455635,Veracruz montane forests,1.0,Tropical & Subtropical Moist Broadleaf Forests,Neotropic
189,_roff_2030y_SOC,cf_median,9.453356,Victoria Plains tropical savanna,7.0,"Tropical & Subtropical Grasslands, Savannas & Shrublands",Australasia
161,_roff_2030y_SOC,cf_median,89.94299,Vogelkop-Aru lowland rain forests,1.0,Tropical & Subtropical Moist Broadleaf Forests,Australasia
160,_roff_2030y_SOC,cf_median,57.670986,Vogelkop montane rain forests,1.0,Tropical & Subtropical Moist Broadleaf Forests,Australasia
368,_roff_2030y_SOC,cf_median,42.03149,Wasatch and Uinta montane forests,5.0,Temperate Conifer Forests,Nearctic
383,_roff_2030y_SOC,cf_median,52.12807,Watson Highlands taiga,6.0,Boreal Forests/Taiga,Nearctic
845,_roff_2030y_SOC,cf_median,8.275708,West Sahara desert,13.0,Deserts & Xeric Shrublands,Palearctic
846,_roff_2030y_SOC,cf_median,8.038694,West Saharan montane xeric woodlands,13.0,Deserts & Xeric Shrublands,Palearctic
720,_roff_2030y_SOC,cf_median,59.811092,West Siberian taiga,6.0,Boreal Forests/Taiga,Palearctic
62,_roff_2030y_SOC,cf_median,8.937885,West Sudanian savanna,7.0,"Tropical & Subtropical Grasslands, Savannas & Shrublands",Afrotropic
216,_roff_2030y_SOC,cf_median,15.511521,Western Australian Mulga shrublands,13.0,Deserts & Xeric Shrublands,Australasia
29,_roff_2030y_SOC,cf_median,,Western Congolian swamp forests,1.0,Tropical & Subtropical Moist Broadleaf Forests,Afrotropic
516,_roff_2030y_SOC,cf_median,41.58722,Western Ecuador moist forests,1.0,Tropical & Subtropical Moist Broadleaf Forests,Neotropic
686,_roff_2030y_SOC,cf_median,41.467094,Western European broadleaf forests,4.0,Temperate Broadleaf & Mixed Forests,Palearctic
344,_roff_2030y_SOC,cf_median,42.25186,Western Great Lakes forests,4.0,Temperate Broadleaf & Mixed Forests,Nearctic
30,_roff_2030y_SOC,cf_median,,Western Guinean lowland forests,1.0,Tropical & Subtropical Moist Broadleaf Forests,Afrotropic
384,_roff_2030y_SOC,cf_median,21.092718,Western Gulf coastal grasslands,7.0,"Tropical & Subtropical Grasslands, Savannas & Shrublands",Nearctic
769,_roff_2030y_SOC,cf_median,50.67527,Western Himalayan alpine shrub and meadows,10.0,Montane Grasslands & Shrublands,Palearctic
308,_roff_2030y_SOC,cf_median,44.388985,Western Himalayan broadleaf forests,4.0,Temperate Broadleaf & Mixed Forests,Indomalayan
310,_roff_2030y_SOC,cf_median,42.5178,Western Himalayan subalpine conifer forests,5.0,Temperate Conifer Forests,Indomalayan
288,_roff_2030y_SOC,cf_median,49.479473,Western Java montane rain forests,1.0,Tropical & Subtropical Moist Broadleaf Forests,Indomalayan
289,_roff_2030y_SOC,cf_median,55.071087,Western Java rain forests,1.0,Tropical & Subtropical Moist Broadleaf Forests,Indomalayan
634,_roff_2030y_SOC,cf_median,,Western Polynesian tropical moist forests,1.0,Tropical & Subtropical Moist Broadleaf Forests,Oceania
402,_roff_2030y_SOC,cf_median,21.571535,Western shortgrass prairie,8.0,"Temperate Grasslands, Savannas & Shrublands",Nearctic
687,_roff_2030y_SOC,cf_median,63.643444,Western Siberian hemiboreal forests,4.0,Temperate Broadleaf & Mixed Forests,Palearctic
180,_roff_2030y_SOC,cf_median,89.94299,Westland temperate forests,4.0,Temperate Broadleaf & Mixed Forests,Australasia
403,_roff_2030y_SOC,cf_median,54.444992,Willamette Valley oak savanna,8.0,"Temperate Grasslands, Savannas & Shrublands",Nearctic
517,_roff_2030y_SOC,cf_median,,Windward Islands moist forests,1.0,Tropical & Subtropical Moist Broadleaf Forests,Neotropic
783,_roff_2030y_SOC,cf_median,,Wrangel Island Arctic desert,11.0,Tundra,Palearctic
438,_roff_2030y_SOC,cf_median,24.954678,Wyoming Basin shrub steppe,13.0,Deserts & Xeric Shrublands,Nearctic
518,_roff_2030y_SOC,cf_median,,Xingu-Tocantins-Araguaia moist forests,1.0,Tropical & Subtropical Moist Broadleaf Forests,Neotropic
784,_roff_2030y_SOC,cf_median,,Yamal-Gydan tundra,11.0,Tundra,Palearctic
638,_roff_2030y_SOC,cf_median,,Yap tropical dry forests,2.0,Tropical & Subtropical Dry Broadleaf Forests,Oceania
162,_roff_2030y_SOC,cf_median,,Yapen rain forests,1.0,Tropical & Subtropical Moist Broadleaf Forests,Australasia
770,_roff_2030y_SOC,cf_median,33.636612,Yarlung Zanbo arid steppe,10.0,Montane Grasslands & Shrublands,Palearctic
748,_roff_2030y_SOC,cf_median,25.879608,Yellow Sea saline meadow,9.0,Flooded Grasslands & Savannas,Palearctic
551,_roff_2030y_SOC,cf_median,,Yucatán dry forests,2.0,Tropical & Subtropical Dry Broadleaf Forests,Neotropic
519,_roff_2030y_SOC,cf_median,,Yucatán moist forests,1.0,Tropical & Subtropical Moist Broadleaf Forests,Neotropic
643,_roff_2030y_SOC,cf_median,35.73704,Yunnan Plateau subtropical evergreen forests,1.0,Tropical & Subtropical Moist Broadleaf Forests,Palearctic
688,_roff_2030y_SOC,cf_median,22.02699,Zagros Mountains forest steppe,4.0,Temperate Broadleaf & Mixed Forests,Palearctic
66,_roff_2030y_SOC,cf_median,15.480753,Zambezian-Limpopo mixed woodlands,7.0,"Tropical & Subtropical Grasslands, Savannas & Shrublands",Afrotropic
64,_roff_2030y_SOC,cf_median,9.752636,Zambezian Baikiaea woodlands,7.0,"Tropical & Subtropical Grasslands, Savannas & Shrublands",Afrotropic
75,_roff_2030y_SOC,cf_median,17.250765,Zambezian coastal flooded savanna,9.0,Flooded Grasslands & Savannas,Afrotropic
42,_roff_2030y_SOC,cf_median,15.450841,Dry miombo woodlands,7.0,"Tropical & Subtropical Grasslands, Savannas & Shrublands",Afrotropic
33,_roff_2030y_SOC,cf_median,17.192984,Zambezian evergreen dry forests,2.0,Tropical & Subtropical Dry Broadleaf Forests,Afrotropic
76,_roff_2030y_SOC,cf_median,16.524218,Zambezian flooded grasslands,9.0,Flooded Grasslands & Savannas,Afrotropic
65,_roff_2030y_SOC,cf_median,13.299408,Zambezian mopane woodlands,7.0,"Tropical & Subtropical Grasslands, Savannas & Shrublands",Afrotropic
524,_roff_2030y_SOC,cf_median,19.894775,Brazilian Atlantic dry forests,2.0,Tropical & Subtropical Dry Broadleaf Forests,Neotropic
380,_roff_2030y_SOC,cf_median,61.09933,Northern Cordillera forests,6.0,Boreal Forests/Taiga,Nearctic
60,_roff_2030y_SOC,cf_median,,St. Helena scrub and woodlands,7.0,"Tropical & Subtropical Grasslands, Savannas & Shrublands",Afrotropic
61,_roff_2030y_SOC,cf_median,34.182358,Victoria Basin forest-savanna,7.0,"Tropical & Subtropical Grasslands, Savannas & Shrublands",Afrotropic
63,_roff_2030y_SOC,cf_median,15.8238535,Western Congolian forest-savanna,7.0,"Tropical & Subtropical Grasslands, Savannas & Shrublands",Afrotropic
78,_roff_2030y_SOC,cf_median,48.60547,East African montane moorlands,10.0,Montane Grasslands & Shrublands,Afrotropic
365,_roff_2030y_SOC,cf_median,89.94299,Queen Charlotte Islands conifer forests,5.0,Temperate Conifer Forests,Nearctic
360,_roff_2030y_SOC,cf_median,73.196,Northern Pacific Alaskan coastal forests,5.0,Temperate Conifer Forests,Nearctic
381,_roff_2030y_SOC,cf_median,48.0643,Northwest Territories taiga,6.0,Boreal Forests/Taiga,Nearctic
107,_roff_2030y_SOC,cf_median,8.772681,Southwest Arabian coastal xeric shrublands,13.0,Deserts & Xeric Shrublands,Afrotropic
811,_roff_2030y_SOC,cf_median,5.768296,Arabian-Persian Gulf coastal plain desert,13.0,Deserts & Xeric Shrublands,Palearctic
840,_roff_2030y_SOC,cf_median,8.914103,South Arabian plains and plateau desert,13.0,Deserts & Xeric Shrublands,Palearctic
809,_roff_2030y_SOC,cf_median,7.4497786,Arabian desert,13.0,Deserts & Xeric Shrublands,Palearctic
552,_roff_2030y_SOC,cf_median,,Bahamian pineyards,3.0,Tropical & Subtropical Coniferous Forests,Neotropic
96,_roff_2030y_SOC,cf_median,,Ile Europa and Bassas da India xeric scrub,13.0,Deserts & Xeric Shrublands,Afrotropic
773,_roff_2030y_SOC,cf_median,74.60507,Kamchatka tundra,11.0,Tundra,Palearctic
508,_roff_2030y_SOC,cf_median,,Tocantins/Pindare moist forests,1.0,Tropical & Subtropical Moist Broadleaf Forests,Neotropic
417,_roff_2030y_SOC,cf_median,,Kalaallit Nunaat Arctic steppe,11.0,Tundra,Nearctic
358,_roff_2030y_SOC,cf_median,52.297306,North Cascades conifer forests,5.0,Temperate Conifer Forests,Nearctic
361,_roff_2030y_SOC,cf_median,43.238285,Northern Rockies conifer forests,5.0,Temperate Conifer Forests,Nearctic
509,_roff_2030y_SOC,cf_median,,Trindade-Martin Vaz Islands tropical forests,1.0,Tropical & Subtropical Moist Broadleaf Forests,Neotropic
59,_roff_2030y_SOC,cf_median,13.189007,Southwest Arabian montane woodlands and grasslands,7.0,"Tropical & Subtropical Grasslands, Savannas & Shrublands",Afrotropic
56,_roff_2030y_SOC,cf_median,11.526823,"South Arabian fog woodlands, shrublands, and dune",7.0,"Tropical & Subtropical Grasslands, Savannas & Shrublands",Afrotropic
548,_roff_2030y_SOC,cf_median,,Trinidad and Tobago dry forest,2.0,Tropical & Subtropical Dry Broadleaf Forests,Neotropic
537,_roff_2030y_SOC,cf_median,,Lesser Antillean dry forests,2.0,Tropical & Subtropical Dry Broadleaf Forests,Neotropic
672,_roff_2030y_SOC,cf_median,74.83119,North Atlantic moist mixed forests,4.0,Temperate Broadleaf & Mixed Forests,Palearctic
119,_roff_2030y_SOC,cf_median,,Dronning Maud Land tundra,11.0,Tundra,Antarctica
124,_roff_2030y_SOC,cf_median,,Marie Byrd Land tundra,11.0,Tundra,Antarctica
156,_roff_2030y_SOC,cf_median,47.181072,Sulawesi lowland rain forests,1.0,Tropical & Subtropical Moist Broadleaf Forests,Australasia
8,_roff_2030y_SOC,cf_median,37.70936,East African montane forests,1.0,Tropical & Subtropical Moist Broadleaf Forests,Afrotropic
9,_roff_2030y_SOC,cf_median,32.74716,Eastern Arc forests,1.0,Tropical & Subtropical Moist Broadleaf Forests,Afrotropic
220,_roff_2030y_SOC,cf_median,49.912586,Borneo montane rain forests,1.0,Tropical & Subtropical Moist Broadleaf Forests,Indomalayan
313,_roff_2030y_SOC,cf_median,45.934982,Kinabalu montane alpine meadows,10.0,Montane Grasslands & Shrublands,Indomalayan
117,_roff_2030y_SOC,cf_std,,Adelie Land tundra,11.0,Tundra,Antarctica
135,_roff_2030y_SOC,cf_std,,Admiralty Islands lowland rain forests,1.0,Tropical & Subtropical Moist Broadleaf Forests,Australasia
785,_roff_2030y_SOC,cf_std,9.275679,Aegean and Western Turkey sclerophyllous and mixed forests,12.0,"Mediterranean Forests, Woodlands & Scrub",Palearctic
807,_roff_2030y_SOC,cf_std,5.600859,Afghan Mountains semi-desert,13.0,Deserts & Xeric Shrublands,Palearctic
404,_roff_2030y_SOC,cf_std,2.9712918,Ahklun and Kilbuck Upland Tundra,11.0,Tundra,Nearctic
722,_roff_2030y_SOC,cf_std,3.8560712,Al-Hajar foothill xeric woodlands and shrublands,8.0,"Temperate Grasslands, Savannas & Shrublands",Palearctic
723,_roff_2030y_SOC,cf_std,4.5472364,Al-Hajar montane woodlands and shrublands,8.0,"Temperate Grasslands, Savannas & Shrublands",Palearctic
721,_roff_2030y_SOC,cf_std,4.296054,Alai-Western Tian Shan steppe,8.0,"Temperate Grasslands, Savannas & Shrublands",Palearctic
808,_roff_2030y_SOC,cf_std,3.461876,Alashan Plateau semi-desert,13.0,Deserts & Xeric Shrublands,Palearctic
405,_roff_2030y_SOC,cf_std,12.371146,Alaska-St. Elias Range tundra,11.0,Tundra,Nearctic
369,_roff_2030y_SOC,cf_std,0.0,Alaska Peninsula montane taiga,6.0,Boreal Forests/Taiga,Nearctic
88,_roff_2030y_SOC,cf_std,8.018896,Albany thickets,12.0,"Mediterranean Forests, Woodlands & Scrub",Afrotropic
345,_roff_2030y_SOC,cf_std,6.5683045,Alberta-British Columbia foothills forests,5.0,Temperate Conifer Forests,Nearctic
1,_roff_2030y_SOC,cf_std,12.655212,Albertine Rift montane forests,1.0,Tropical & Subtropical Moist Broadleaf Forests,Afrotropic
91,_roff_2030y_SOC,cf_std,,Aldabra Island xeric scrub,13.0,Deserts & Xeric Shrublands,Afrotropic
406,_roff_2030y_SOC,cf_std,,Aleutian Islands tundra,11.0,Tundra,Nearctic
328,_roff_2030y_SOC,cf_std,4.9650803,Allegheny Highlands forests,4.0,Temperate Broadleaf & Mixed Forests,Nearctic
689,_roff_2030y_SOC,cf_std,9.605971,Alps conifer and mixed forests,5.0,Temperate Conifer Forests,Palearctic
749,_roff_2030y_SOC,cf_std,9.497694,Altai alpine meadow and tundra,10.0,Montane Grasslands & Shrublands,Palearctic
690,_roff_2030y_SOC,cf_std,13.432563,Altai montane forest and forest steppe,5.0,Temperate Conifer Forests,Palearctic
724,_roff_2030y_SOC,cf_std,7.344952,Altai steppe and semi-desert,8.0,"Temperate Grasslands, Savannas & Shrublands",Palearctic
439,_roff_2030y_SOC,cf_std,7.6414676,Alto Paraná Atlantic forests,1.0,Tropical & Subtropical Moist Broadleaf Forests,Neotropic
611,_roff_2030y_SOC,cf_std,,Amazon-Orinoco-Southern Caribbean mangroves,14.0,Mangroves,Neotropic
67,_roff_2030y_SOC,cf_std,,Amsterdam-Saint Paul Islands temperate grasslands,8.0,"Temperate Grasslands, Savannas & Shrublands",Afrotropic
741,_roff_2030y_SOC,cf_std,4.4149547,Amur meadow steppe,9.0,Flooded Grasslands & Savannas,Palearctic
786,_roff_2030y_SOC,cf_std,4.8032103,Anatolian conifer and deciduous mixed forests,12.0,"Mediterranean Forests, Woodlands & Scrub",Palearctic
218,_roff_2030y_SOC,cf_std,,Andaman Islands rain forests,1.0,Tropical & Subtropical Moist Broadleaf Forests,Indomalayan
77,_roff_2030y_SOC,cf_std,1.9802909,Angolan montane forest-grassland,10.0,Montane Grasslands & Shrublands,Afrotropic
34,_roff_2030y_SOC,cf_std,1.915365,Angolan mopane woodlands,7.0,"Tropical & Subtropical Grasslands, Savannas & Shrublands",Afrotropic
35,_roff_2030y_SOC,cf_std,4.811775,Angolan scarp savanna and woodlands,7.0,"Tropical & Subtropical Grasslands, Savannas & Shrublands",Afrotropic
36,_roff_2030y_SOC,cf_std,2.6755118,Angolan wet miombo woodlands,7.0,"Tropical & Subtropical Grasslands, Savannas & Shrublands",Afrotropic
196,_roff_2030y_SOC,cf_std,,Antipodes Subantarctic Islands tundra,11.0,Tundra,Australasia
331,_roff_2030y_SOC,cf_std,8.01138,Appalachian-Blue Ridge forests,4.0,Temperate Broadleaf & Mixed Forests,Nearctic
329,_roff_2030y_SOC,cf_std,5.573185,Appalachian mixed mesophytic forests,4.0,Temperate Broadleaf & Mixed Forests,Nearctic
330,_roff_2030y_SOC,cf_std,2.951345,Appalachian Piedmont forests,4.0,Temperate Broadleaf & Mixed Forests,Nearctic
644,_roff_2030y_SOC,cf_std,8.939107,Appenine deciduous montane forests,4.0,Temperate Broadleaf & Mixed Forests,Palearctic
520,_roff_2030y_SOC,cf_std,8.305354,Apure-Villavicencio dry forests,2.0,Tropical & Subtropical Dry Broadleaf Forests,Neotropic
810,_roff_2030y_SOC,cf_std,2.1639597,Arabian sand desert,13.0,Deserts & Xeric Shrublands,Palearctic
440,_roff_2030y_SOC,cf_std,7.7601,Araucaria moist forests,1.0,Tropical & Subtropical Moist Broadleaf Forests,Neotropic
597,_roff_2030y_SOC,cf_std,,Araya and Paria xeric scrub,13.0,Deserts & Xeric Shrublands,Neotropic
407,_roff_2030y_SOC,cf_std,,Arctic coastal tundra,11.0,Tundra,Nearctic
778,_roff_2030y_SOC,cf_std,,Russian Arctic desert,11.0,Tundra,Palearctic
408,_roff_2030y_SOC,cf_std,,Arctic foothills tundra,11.0,Tundra,Nearctic
346,_roff_2030y_SOC,cf_std,5.523454,Arizona Mountains forests,5.0,Temperate Conifer Forests,Nearctic
181,_roff_2030y_SOC,cf_std,1.1161398,Arnhem Land tropical savanna,7.0,"Tropical & Subtropical Grasslands, Savannas & Shrublands",Australasia
37,_roff_2030y_SOC,cf_std,,Ascension scrub and grasslands,7.0,"Tropical & Subtropical Grasslands, Savannas & Shrublands",Afrotropic
598,_roff_2030y_SOC,cf_std,3.5409255,Atacama desert,13.0,Deserts & Xeric Shrublands,Neotropic
441,_roff_2030y_SOC,cf_std,16.119514,Atlantic Coast restingas,1.0,Tropical & Subtropical Moist Broadleaf Forests,Neotropic
839,_roff_2030y_SOC,cf_std,6.762275,Saharan Atlantic coastal desert,13.0,Deserts & Xeric Shrublands,Palearctic
347,_roff_2030y_SOC,cf_std,13.937391,Atlantic coastal pine barrens,5.0,Temperate Conifer Forests,Nearctic
5,_roff_2030y_SOC,cf_std,,Congolian coastal forests,1.0,Tropical & Subtropical Moist Broadleaf Forests,Afrotropic
664,_roff_2030y_SOC,cf_std,11.2783575,European Atlantic mixed forests,4.0,Temperate Broadleaf & Mixed Forests,Palearctic
193,_roff_2030y_SOC,cf_std,4.8741684,Australian Alps montane grasslands,10.0,Montane Grasslands & Shrublands,Australasia
812,_roff_2030y_SOC,cf_std,7.472025,Azerbaijan shrub desert and steppe,13.0,Deserts & Xeric Shrublands,Palearctic
645,_roff_2030y_SOC,cf_std,9.806129,Azores temperate mixed forests,4.0,Temperate Broadleaf & Mixed Forests,Palearctic
813,_roff_2030y_SOC,cf_std,5.1259894,Badghyz and Karabil semi-desert,13.0,Deserts & Xeric Shrublands,Palearctic
612,_roff_2030y_SOC,cf_std,21.600458,Bahamian-Antillean mangroves,14.0,Mangroves,Neotropic
442,_roff_2030y_SOC,cf_std,3.7912402,Bahia coastal forests,1.0,Tropical & Subtropical Moist Broadleaf Forests,Neotropic
443,_roff_2030y_SOC,cf_std,1.9934536,Bahia interior forests,1.0,Tropical & Subtropical Moist Broadleaf Forests,Neotropic
426,_roff_2030y_SOC,cf_std,4.833492,Baja California desert,13.0,Deserts & Xeric Shrublands,Nearctic
521,_roff_2030y_SOC,cf_std,2.0290146,Bajío dry forests,2.0,Tropical & Subtropical Dry Broadleaf Forests,Neotropic
646,_roff_2030y_SOC,cf_std,7.3109517,Balkan mixed forests,4.0,Temperate Broadleaf & Mixed Forests,Palearctic
522,_roff_2030y_SOC,cf_std,3.2154028,Balsas dry forests,2.0,Tropical & Subtropical Dry Broadleaf Forests,Neotropic
647,_roff_2030y_SOC,cf_std,12.558906,Baltic mixed forests,4.0,Temperate Broadleaf & Mixed Forests,Palearctic
814,_roff_2030y_SOC,cf_std,7.2794414,Baluchistan xeric woodlands,13.0,Deserts & Xeric Shrublands,Palearctic
136,_roff_2030y_SOC,cf_std,,Banda Sea Islands moist deciduous forests,1.0,Tropical & Subtropical Moist Broadleaf Forests,Australasia
564,_roff_2030y_SOC,cf_std,,Belizian pine savannas,7.0,"Tropical & Subtropical Grasslands, Savannas & Shrublands",Neotropic
565,_roff_2030y_SOC,cf_std,,Beni savanna,7.0,"Tropical & Subtropical Grasslands, Savannas & Shrublands",Neotropic
779,_roff_2030y_SOC,cf_std,,Russian Bering tundra,11.0,Tundra,Palearctic
409,_roff_2030y_SOC,cf_std,7.5864964,Beringia lowland tundra,11.0,Tundra,Nearctic
410,_roff_2030y_SOC,cf_std,,Beringia upland tundra,11.0,Tundra,Nearctic
325,_roff_2030y_SOC,cf_std,,Bermuda subtropical conifer forests,3.0,Tropical & Subtropical Coniferous Forests,Nearctic
137,_roff_2030y_SOC,cf_std,,Biak-Numfoor rain forests,1.0,Tropical & Subtropical Moist Broadleaf Forests,Australasia
348,_roff_2030y_SOC,cf_std,6.530207,Blue Mountains forests,5.0,Temperate Conifer Forests,Nearctic
742,_roff_2030y_SOC,cf_std,4.2125807,Bohai Sea saline meadow,9.0,Flooded Grasslands & Savannas,Palearctic
523,_roff_2030y_SOC,cf_std,6.9472737,Bolivian montane dry forests,2.0,Tropical & Subtropical Dry Broadleaf Forests,Neotropic
444,_roff_2030y_SOC,cf_std,8.459225,Bolivian Yungas,1.0,Tropical & Subtropical Moist Broadleaf Forests,Neotropic
219,_roff_2030y_SOC,cf_std,3.0828516,Borneo lowland rain forests,1.0,Tropical & Subtropical Moist Broadleaf Forests,Indomalayan
221,_roff_2030y_SOC,cf_std,,Borneo peat swamp forests,1.0,Tropical & Subtropical Moist Broadleaf Forests,Indomalayan
222,_roff_2030y_SOC,cf_std,4.3405395,Brahmaputra Valley semi-evergreen forests,1.0,Tropical & Subtropical Moist Broadleaf Forests,Indomalayan
182,_roff_2030y_SOC,cf_std,5.8693757,Brigalow tropical savanna,7.0,"Tropical & Subtropical Grasslands, Savannas & Shrublands",Australasia
349,_roff_2030y_SOC,cf_std,7.6986938,British Columbia coastal conifer forests,5.0,Temperate Conifer Forests,Nearctic
411,_roff_2030y_SOC,cf_std,,Brooks-British Range tundra,11.0,Tundra,Nearctic
138,_roff_2030y_SOC,cf_std,3.2232132,Buru rain forests,1.0,Tropical & Subtropical Moist Broadleaf Forests,Australasia
525,_roff_2030y_SOC,cf_std,2.5865936,Caatinga,2.0,Tropical & Subtropical Dry Broadleaf Forests,Neotropic
445,_roff_2030y_SOC,cf_std,,Caatinga Enclaves moist forests,1.0,Tropical & Subtropical Moist Broadleaf Forests,Neotropic
691,_roff_2030y_SOC,cf_std,7.2536902,Caledon conifer forests,5.0,Temperate Conifer Forests,Palearctic
385,_roff_2030y_SOC,cf_std,7.6284223,California Central Valley grasslands,8.0,"Temperate Grasslands, Savannas & Shrublands",Nearctic
422,_roff_2030y_SOC,cf_std,7.2346754,California coastal sage and chaparral,12.0,"Mediterranean Forests, Woodlands & Scrub",Nearctic
423,_roff_2030y_SOC,cf_std,8.675578,California interior chaparral and woodlands,12.0,"Mediterranean Forests, Woodlands & Scrub",Nearctic
424,_roff_2030y_SOC,cf_std,5.851501,California montane chaparral and woodlands,12.0,"Mediterranean Forests, Woodlands & Scrub",Nearctic
2,_roff_2030y_SOC,cf_std,11.066545,Cameroon Highlands forests,1.0,Tropical & Subtropical Moist Broadleaf Forests,Afrotropic
566,_roff_2030y_SOC,cf_std,6.4121156,Campos Rupestres montane savanna,7.0,"Tropical & Subtropical Grasslands, Savannas & Shrublands",Neotropic
386,_roff_2030y_SOC,cf_std,6.687813,Canadian Aspen forests and parklands,8.0,"Temperate Grasslands, Savannas & Shrublands",Nearctic
413,_roff_2030y_SOC,cf_std,,Canadian Low Arctic tundra,11.0,Tundra,Nearctic
787,_roff_2030y_SOC,cf_std,9.631314,Canary Islands dry woodlands and forests,12.0,"Mediterranean Forests, Woodlands & Scrub",Palearctic
648,_roff_2030y_SOC,cf_std,14.738453,Cantabrian mixed forests,4.0,Temperate Broadleaf & Mixed Forests,Palearctic
190,_roff_2030y_SOC,cf_std,8.987571,Canterbury-Otago tussock grasslands,8.0,"Temperate Grasslands, Savannas & Shrublands",Australasia
31,_roff_2030y_SOC,cf_std,6.3146667,Cape Verde Islands dry forests,2.0,Tropical & Subtropical Dry Broadleaf Forests,Afrotropic
183,_roff_2030y_SOC,cf_std,11.490029,Cape York Peninsula tropical savanna,7.0,"Tropical & Subtropical Grasslands, Savannas & Shrublands",Australasia
446,_roff_2030y_SOC,cf_std,,Caqueta moist forests,1.0,Tropical & Subtropical Moist Broadleaf Forests,Neotropic
223,_roff_2030y_SOC,cf_std,0.51499957,Cardamom Mountains rain forests,1.0,Tropical & Subtropical Moist Broadleaf Forests,Indomalayan
599,_roff_2030y_SOC,cf_std,,Caribbean shrublands,13.0,Deserts & Xeric Shrublands,Neotropic
207,_roff_2030y_SOC,cf_std,6.3382177,Carnarvon xeric shrublands,13.0,Deserts & Xeric Shrublands,Australasia
618,_roff_2030y_SOC,cf_std,,Carolines tropical moist forests,1.0,Tropical & Subtropical Moist Broadleaf Forests,Oceania
692,_roff_2030y_SOC,cf_std,7.2334156,Carpathian montane forests,5.0,Temperate Conifer Forests,Palearctic
184,_roff_2030y_SOC,cf_std,3.3299701,Carpentaria tropical savanna,7.0,"Tropical & Subtropical Grasslands, Savannas & Shrublands",Australasia
649,_roff_2030y_SOC,cf_std,10.480993,Caspian Hyrcanian mixed forests,4.0,Temperate Broadleaf & Mixed Forests,Palearctic
815,_roff_2030y_SOC,cf_std,8.280391,Caspian lowland desert,13.0,Deserts & Xeric Shrublands,Palearctic
447,_roff_2030y_SOC,cf_std,7.3642507,Catatumbo moist forests,1.0,Tropical & Subtropical Moist Broadleaf Forests,Neotropic
526,_roff_2030y_SOC,cf_std,9.67402,Cauca Valley dry forests,2.0,Tropical & Subtropical Dry Broadleaf Forests,Neotropic
448,_roff_2030y_SOC,cf_std,11.532895,Cauca Valley montane forests,1.0,Tropical & Subtropical Moist Broadleaf Forests,Neotropic
650,_roff_2030y_SOC,cf_std,10.147295,Caucasus mixed forests,4.0,Temperate Broadleaf & Mixed Forests,Palearctic
449,_roff_2030y_SOC,cf_std,,Cayos Miskitos-San Andrés and Providencia moist forests,1.0,Tropical & Subtropical Moist Broadleaf Forests,Neotropic
651,_roff_2030y_SOC,cf_std,13.597865,Celtic broadleaf forests,4.0,Temperate Broadleaf & Mixed Forests,Palearctic
816,_roff_2030y_SOC,cf_std,6.763722,Central Afghan Mountains xeric woodlands,13.0,Deserts & Xeric Shrublands,Palearctic
111,_roff_2030y_SOC,cf_std,,Central African mangroves,14.0,Mangroves,Afrotropic
450,_roff_2030y_SOC,cf_std,2.393772,Central American Atlantic moist forests,1.0,Tropical & Subtropical Moist Broadleaf Forests,Neotropic
527,_roff_2030y_SOC,cf_std,2.6475277,Central American dry forests,2.0,Tropical & Subtropical Dry Broadleaf Forests,Neotropic
451,_roff_2030y_SOC,cf_std,2.542969,Central American montane forests,1.0,Tropical & Subtropical Moist Broadleaf Forests,Neotropic
553,_roff_2030y_SOC,cf_std,3.9597678,Central American pine-oak forests,3.0,Tropical & Subtropical Coniferous Forests,Neotropic
725,_roff_2030y_SOC,cf_std,2.9045827,Central Anatolian steppe,8.0,"Temperate Grasslands, Savannas & Shrublands",Palearctic
652,_roff_2030y_SOC,cf_std,4.0851026,Central Anatolian steppe and woodlands,4.0,Temperate Broadleaf & Mixed Forests,Palearctic
352,_roff_2030y_SOC,cf_std,9.41459,Central-Southern Cascades Forests,5.0,Temperate Conifer Forests,Nearctic
389,_roff_2030y_SOC,cf_std,6.5571275,Central-Southern US mixed grasslands,8.0,"Temperate Grasslands, Savannas & Shrublands",Nearctic
587,_roff_2030y_SOC,cf_std,3.0691383,Central Andean dry puna,10.0,Montane Grasslands & Shrublands,Neotropic
588,_roff_2030y_SOC,cf_std,6.7987723,Central Andean puna,10.0,Montane Grasslands & Shrublands,Neotropic
589,_roff_2030y_SOC,cf_std,8.776718,Central Andean wet puna,10.0,Montane Grasslands & Shrublands,Neotropic
817,_roff_2030y_SOC,cf_std,5.9921045,Central Asian northern desert,13.0,Deserts & Xeric Shrublands,Palearctic
818,_roff_2030y_SOC,cf_std,4.919401,Central Asian riparian woodlands,13.0,Deserts & Xeric Shrublands,Palearctic
819,_roff_2030y_SOC,cf_std,3.4176004,Central Asian southern desert,13.0,Deserts & Xeric Shrublands,Palearctic
350,_roff_2030y_SOC,cf_std,5.173467,Central British Columbia Mountain forests,5.0,Temperate Conifer Forests,Nearctic
38,_roff_2030y_SOC,cf_std,3.9607923,Central bushveld,7.0,"Tropical & Subtropical Grasslands, Savannas & Shrublands",Afrotropic
370,_roff_2030y_SOC,cf_std,6.2849274,Central Canadian Shield forests,6.0,Boreal Forests/Taiga,Nearctic
653,_roff_2030y_SOC,cf_std,8.641188,Central China Loess Plateau mixed forests,4.0,Temperate Broadleaf & Mixed Forests,Palearctic
3,_roff_2030y_SOC,cf_std,,Central Congolian lowland forests,1.0,Tropical & Subtropical Moist Broadleaf Forests,Afrotropic
290,_roff_2030y_SOC,cf_std,2.4515018,Central Deccan Plateau dry deciduous forests,2.0,Tropical & Subtropical Dry Broadleaf Forests,Indomalayan
654,_roff_2030y_SOC,cf_std,5.5143547,Central European mixed forests,4.0,Temperate Broadleaf & Mixed Forests,Palearctic
387,_roff_2030y_SOC,cf_std,10.535985,Central US forest-grasslands transition,8.0,"Temperate Grasslands, Savannas & Shrublands",Nearctic
291,_roff_2030y_SOC,cf_std,3.6718385,Central Indochina dry forests,2.0,Tropical & Subtropical Dry Broadleaf Forests,Indomalayan
655,_roff_2030y_SOC,cf_std,7.7798605,Central Korean deciduous forests,4.0,Temperate Broadleaf & Mixed Forests,Palearctic
427,_roff_2030y_SOC,cf_std,4.3989367,Central Mexican matorral,13.0,Deserts & Xeric Shrublands,Nearctic
351,_roff_2030y_SOC,cf_std,11.800887,Central Pacific Northwest coastal forests,5.0,Temperate Conifer Forests,Nearctic
820,_roff_2030y_SOC,cf_std,4.255011,Central Persian desert basins,13.0,Deserts & Xeric Shrublands,Palearctic
619,_roff_2030y_SOC,cf_std,,Central Polynesian tropical moist forests,1.0,Tropical & Subtropical Moist Broadleaf Forests,Oceania
139,_roff_2030y_SOC,cf_std,8.689033,Central Range Papuan montane rain forests,1.0,Tropical & Subtropical Moist Broadleaf Forests,Australasia
195,_roff_2030y_SOC,cf_std,5.855354,Papuan Central Range sub-alpine grasslands,10.0,Montane Grasslands & Shrublands,Australasia
208,_roff_2030y_SOC,cf_std,1.2443347,Central Ranges xeric scrub,13.0,Deserts & Xeric Shrublands,Australasia
118,_roff_2030y_SOC,cf_std,,Central South Antarctic Peninsula tundra,11.0,Tundra,Antarctica
388,_roff_2030y_SOC,cf_std,11.124606,Central Tallgrass prairie,8.0,"Temperate Grasslands, Savannas & Shrublands",Nearctic
750,_roff_2030y_SOC,cf_std,6.833958,Central Tibetan Plateau alpine steppe,10.0,Montane Grasslands & Shrublands,Palearctic
39,_roff_2030y_SOC,cf_std,3.578716,Central Zambezian wet miombo woodlands,7.0,"Tropical & Subtropical Grasslands, Savannas & Shrublands",Afrotropic
567,_roff_2030y_SOC,cf_std,4.219954,Cerrado,7.0,"Tropical & Subtropical Grasslands, Savannas & Shrublands",Neotropic
656,_roff_2030y_SOC,cf_std,4.1102176,Changbai Mountains mixed forests,4.0,Temperate Broadleaf & Mixed Forests,Palearctic
657,_roff_2030y_SOC,cf_std,4.8385496,Changjiang Plain evergreen forests,4.0,Temperate Broadleaf & Mixed Forests,Palearctic
224,_roff_2030y_SOC,cf_std,,Chao Phraya freshwater swamp forests,1.0,Tropical & Subtropical Moist Broadleaf Forests,Indomalayan
225,_roff_2030y_SOC,cf_std,1.3311946,Chao Phraya lowland moist deciduous forests,1.0,Tropical & Subtropical Moist Broadleaf Forests,Indomalayan
167,_roff_2030y_SOC,cf_std,0.0,Chatham Island temperate forests,4.0,Temperate Broadleaf & Mixed Forests,Australasia
771,_roff_2030y_SOC,cf_std,,Cherskii-Kolyma mountain tundra,11.0,Tundra,Palearctic
292,_roff_2030y_SOC,cf_std,1.8585764,Chhota-Nagpur dry deciduous forests,2.0,Tropical & Subtropical Dry Broadleaf Forests,Indomalayan
528,_roff_2030y_SOC,cf_std,3.1826441,Chiapas Depression dry forests,2.0,Tropical & Subtropical Dry Broadleaf Forests,Neotropic
452,_roff_2030y_SOC,cf_std,2.0606616,Chiapas montane forests,1.0,Tropical & Subtropical Moist Broadleaf Forests,Neotropic
428,_roff_2030y_SOC,cf_std,4.2601085,Chihuahuan desert,13.0,Deserts & Xeric Shrublands,Nearctic
596,_roff_2030y_SOC,cf_std,21.774609,Chilean Matorral,12.0,"Mediterranean Forests, Woodlands & Scrub",Neotropic
453,_roff_2030y_SOC,cf_std,2.848528,Chimalapas montane forests,1.0,Tropical & Subtropical Moist Broadleaf Forests,Neotropic
226,_roff_2030y_SOC,cf_std,1.7136133,Chin Hills-Arakan Yoma montane forests,1.0,Tropical & Subtropical Moist Broadleaf Forests,Indomalayan
529,_roff_2030y_SOC,cf_std,1.3833019,Chiquitano dry forests,2.0,Tropical & Subtropical Dry Broadleaf Forests,Neotropic
454,_roff_2030y_SOC,cf_std,8.683543,Chocó-Darién moist forests,1.0,Tropical & Subtropical Moist Broadleaf Forests,Neotropic
227,_roff_2030y_SOC,cf_std,,Christmas and Cocos Islands tropical forests,1.0,Tropical & Subtropical Moist Broadleaf Forests,Indomalayan
772,_roff_2030y_SOC,cf_std,,Chukchi Peninsula tundra,11.0,Tundra,Palearctic
568,_roff_2030y_SOC,cf_std,,Clipperton Island shrub and grasslands,7.0,"Tropical & Subtropical Grasslands, Savannas & Shrublands",Neotropic
455,_roff_2030y_SOC,cf_std,,Cocos Island moist forests,1.0,Tropical & Subtropical Moist Broadleaf Forests,Neotropic
429,_roff_2030y_SOC,cf_std,9.818419,Colorado Plateau shrublands,13.0,Deserts & Xeric Shrublands,Nearctic
353,_roff_2030y_SOC,cf_std,7.665519,Colorado Rockies forests,5.0,Temperate Conifer Forests,Nearctic
4,_roff_2030y_SOC,cf_std,5.0418653,Comoros forests,1.0,Tropical & Subtropical Moist Broadleaf Forests,Afrotropic
371,_roff_2030y_SOC,cf_std,6.461213,Cook Inlet taiga,6.0,Boreal Forests/Taiga,Nearctic
620,_roff_2030y_SOC,cf_std,,Cook Islands tropical moist forests,1.0,Tropical & Subtropical Moist Broadleaf Forests,Oceania
197,_roff_2030y_SOC,cf_std,4.929301,Coolgardie woodlands,12.0,"Mediterranean Forests, Woodlands & Scrub",Australasia
372,_roff_2030y_SOC,cf_std,13.931232,Copper Plateau taiga,6.0,Boreal Forests/Taiga,Nearctic
590,_roff_2030y_SOC,cf_std,6.9300804,Cordillera Central páramo,10.0,Montane Grasslands & Shrublands,Neotropic
591,_roff_2030y_SOC,cf_std,2.5071547,Cordillera de Merida páramo,10.0,Montane Grasslands & Shrublands,Neotropic
456,_roff_2030y_SOC,cf_std,11.5864105,Cordillera La Costa montane forests,1.0,Tropical & Subtropical Moist Broadleaf Forests,Neotropic
457,_roff_2030y_SOC,cf_std,10.036282,Cordillera Oriental montane forests,1.0,Tropical & Subtropical Moist Broadleaf Forests,Neotropic
788,_roff_2030y_SOC,cf_std,3.2484167,Corsican montane broadleaf and mixed forests,12.0,"Mediterranean Forests, Woodlands & Scrub",Palearctic
458,_roff_2030y_SOC,cf_std,15.095929,Costa Rican seasonal moist forests,1.0,Tropical & Subtropical Moist Broadleaf Forests,Neotropic
789,_roff_2030y_SOC,cf_std,4.059982,Crete Mediterranean forests,12.0,"Mediterranean Forests, Woodlands & Scrub",Palearctic
658,_roff_2030y_SOC,cf_std,7.6032214,Crimean Submediterranean forest complex,4.0,Temperate Broadleaf & Mixed Forests,Palearctic
6,_roff_2030y_SOC,cf_std,,Cross-Niger transition forests,1.0,Tropical & Subtropical Moist Broadleaf Forests,Afrotropic
7,_roff_2030y_SOC,cf_std,18.520134,Cross-Sanaga-Bioko coastal forests,1.0,Tropical & Subtropical Moist Broadleaf Forests,Afrotropic
390,_roff_2030y_SOC,cf_std,3.7480042,Cross-Timbers savanna-woodland,8.0,"Temperate Grasslands, Savannas & Shrublands",Nearctic
600,_roff_2030y_SOC,cf_std,2.1332123,Cuban cactus scrub,13.0,Deserts & Xeric Shrublands,Neotropic
530,_roff_2030y_SOC,cf_std,13.766459,Cuban dry forests,2.0,Tropical & Subtropical Dry Broadleaf Forests,Neotropic
459,_roff_2030y_SOC,cf_std,15.260285,Cuban moist forests,1.0,Tropical & Subtropical Moist Broadleaf Forests,Neotropic
554,_roff_2030y_SOC,cf_std,,Cuban pine forests,3.0,Tropical & Subtropical Coniferous Forests,Neotropic
579,_roff_2030y_SOC,cf_std,,Cuban wetlands,9.0,Flooded Grasslands & Savannas,Neotropic
790,_roff_2030y_SOC,cf_std,5.044595,Cyprus Mediterranean forests,12.0,"Mediterranean Forests, Woodlands & Scrub",Palearctic
693,_roff_2030y_SOC,cf_std,3.302165,Da Hinggan-Dzhagdy Mountains conifer forests,5.0,Temperate Conifer Forests,Palearctic
659,_roff_2030y_SOC,cf_std,6.2802277,Daba Mountains evergreen forests,4.0,Temperate Broadleaf & Mixed Forests,Palearctic
726,_roff_2030y_SOC,cf_std,6.6331687,Daurian forest steppe,8.0,"Temperate Grasslands, Savannas & Shrublands",Palearctic
415,_roff_2030y_SOC,cf_std,,Davis Highlands tundra,11.0,Tundra,Nearctic
315,_roff_2030y_SOC,cf_std,2.5508482,Deccan thorn scrub forests,13.0,Deserts & Xeric Shrublands,Indomalayan
660,_roff_2030y_SOC,cf_std,7.242393,Dinaric Mountains mixed forests,4.0,Temperate Broadleaf & Mixed Forests,Palearctic
92,_roff_2030y_SOC,cf_std,8.125796,Djibouti xeric shrublands,13.0,Deserts & Xeric Shrublands,Afrotropic
40,_roff_2030y_SOC,cf_std,5.2972107,Drakensberg Escarpment savanna and thicket,7.0,"Tropical & Subtropical Grasslands, Savannas & Shrublands",Afrotropic
41,_roff_2030y_SOC,cf_std,7.0341163,Drakensberg grasslands,7.0,"Tropical & Subtropical Grasslands, Savannas & Shrublands",Afrotropic
0,_roff_2030y_SOC,cf_std,12.221419,Rock and Ice,11.0,N/A,N/A
569,_roff_2030y_SOC,cf_std,4.4770737,Dry Chaco,7.0,"Tropical & Subtropical Grasslands, Savannas & Shrublands",Neotropic
694,_roff_2030y_SOC,cf_std,8.849629,East Afghan montane conifer forests,5.0,Temperate Conifer Forests,Palearctic
69,_roff_2030y_SOC,cf_std,6.6508546,East African halophytics,9.0,Flooded Grasslands & Savannas,Afrotropic
112,_roff_2030y_SOC,cf_std,,East African mangroves,14.0,Mangroves,Afrotropic
120,_roff_2030y_SOC,cf_std,,East Antarctic tundra,11.0,Tundra,Antarctica
821,_roff_2030y_SOC,cf_std,3.4289937,East Arabian fog shrublands and sand desert,13.0,Deserts & Xeric Shrublands,Palearctic
332,_roff_2030y_SOC,cf_std,2.506538,East Central Texas forests,4.0,Temperate Broadleaf & Mixed Forests,Nearctic
293,_roff_2030y_SOC,cf_std,,East Deccan dry-evergreen forests,2.0,Tropical & Subtropical Dry Broadleaf Forests,Indomalayan
661,_roff_2030y_SOC,cf_std,8.320635,East European forest steppe,4.0,Temperate Broadleaf & Mixed Forests,Palearctic
822,_roff_2030y_SOC,cf_std,1.1800559,East Sahara Desert,13.0,Deserts & Xeric Shrublands,Palearctic
823,_roff_2030y_SOC,cf_std,3.0184445,East Saharan montane xeric woodlands,13.0,Deserts & Xeric Shrublands,Palearctic
710,_roff_2030y_SOC,cf_std,6.9030366,East Siberian taiga,6.0,Boreal Forests/Taiga,Palearctic
43,_roff_2030y_SOC,cf_std,6.7506323,East Sudanian savanna,7.0,"Tropical & Subtropical Grasslands, Savannas & Shrublands",Afrotropic
662,_roff_2030y_SOC,cf_std,7.108187,Eastern Anatolian deciduous forests,4.0,Temperate Broadleaf & Mixed Forests,Palearctic
727,_roff_2030y_SOC,cf_std,9.924748,Eastern Anatolian montane steppe,8.0,"Temperate Grasslands, Savannas & Shrublands",Palearctic
191,_roff_2030y_SOC,cf_std,3.7009382,Eastern Australia mulga shrublands,8.0,"Temperate Grasslands, Savannas & Shrublands",Australasia
168,_roff_2030y_SOC,cf_std,12.197451,Eastern Australian temperate forests,4.0,Temperate Broadleaf & Mixed Forests,Australasia
373,_roff_2030y_SOC,cf_std,7.572543,Eastern Canadian forests,6.0,Boreal Forests/Taiga,Nearctic
374,_roff_2030y_SOC,cf_std,3.1962888,Eastern Canadian Shield taiga,6.0,Boreal Forests/Taiga,Nearctic
354,_roff_2030y_SOC,cf_std,4.668418,Eastern Cascades forests,5.0,Temperate Conifer Forests,Nearctic
10,_roff_2030y_SOC,cf_std,,Eastern Congolian swamp forests,1.0,Tropical & Subtropical Moist Broadleaf Forests,Afrotropic
460,_roff_2030y_SOC,cf_std,12.140682,Eastern Cordillera Real montane forests,1.0,Tropical & Subtropical Moist Broadleaf Forests,Neotropic
333,_roff_2030y_SOC,cf_std,7.295839,Eastern Canadian Forest-Boreal transition,4.0,Temperate Broadleaf & Mixed Forests,Nearctic
824,_roff_2030y_SOC,cf_std,2.2311628,Eastern Gobi desert steppe,13.0,Deserts & Xeric Shrublands,Palearctic
334,_roff_2030y_SOC,cf_std,6.683001,Eastern Great Lakes lowland forests,4.0,Temperate Broadleaf & Mixed Forests,Nearctic
11,_roff_2030y_SOC,cf_std,,Eastern Guinean forests,1.0,Tropical & Subtropical Moist Broadleaf Forests,Afrotropic
228,_roff_2030y_SOC,cf_std,3.9724414,East Deccan moist deciduous forests,1.0,Tropical & Subtropical Moist Broadleaf Forests,Indomalayan
751,_roff_2030y_SOC,cf_std,8.775803,Eastern Himalayan alpine shrub and meadows,10.0,Montane Grasslands & Shrublands,Palearctic
306,_roff_2030y_SOC,cf_std,8.107251,Eastern Himalayan broadleaf forests,4.0,Temperate Broadleaf & Mixed Forests,Indomalayan
309,_roff_2030y_SOC,cf_std,6.156508,Eastern Himalayan subalpine conifer forests,5.0,Temperate Conifer Forests,Indomalayan
229,_roff_2030y_SOC,cf_std,21.54507,Eastern Java-Bali montane rain forests,1.0,Tropical & Subtropical Moist Broadleaf Forests,Indomalayan
230,_roff_2030y_SOC,cf_std,14.634945,Eastern Java-Bali rain forests,1.0,Tropical & Subtropical Moist Broadleaf Forests,Indomalayan
791,_roff_2030y_SOC,cf_std,8.342721,Eastern Mediterranean conifer-broadleaf forests,12.0,"Mediterranean Forests, Woodlands & Scrub",Palearctic
621,_roff_2030y_SOC,cf_std,,Eastern Micronesia tropical moist forests,1.0,Tropical & Subtropical Moist Broadleaf Forests,Oceania
461,_roff_2030y_SOC,cf_std,,Eastern Panamanian montane forests,1.0,Tropical & Subtropical Moist Broadleaf Forests,Neotropic
531,_roff_2030y_SOC,cf_std,,Ecuadorian dry forests,2.0,Tropical & Subtropical Dry Broadleaf Forests,Neotropic
391,_roff_2030y_SOC,cf_std,3.9367993,Edwards Plateau savanna,8.0,"Temperate Grasslands, Savannas & Shrublands",Nearctic
185,_roff_2030y_SOC,cf_std,3.5701962,Einasleigh upland savanna,7.0,"Tropical & Subtropical Grasslands, Savannas & Shrublands",Australasia
695,_roff_2030y_SOC,cf_std,8.45988,Elburz Range forest steppe,5.0,Temperate Conifer Forests,Palearctic
121,_roff_2030y_SOC,cf_std,,Ellsworth Land tundra,11.0,Tundra,Antarctica
122,_roff_2030y_SOC,cf_std,,Ellsworth Mountains tundra,11.0,Tundra,Antarctica
728,_roff_2030y_SOC,cf_std,7.2897816,Emin Valley steppe,8.0,"Temperate Grasslands, Savannas & Shrublands",Palearctic
123,_roff_2030y_SOC,cf_std,,Enderby Land tundra,11.0,Tundra,Antarctica
663,_roff_2030y_SOC,cf_std,9.656808,English Lowlands beech forests,4.0,Temperate Broadleaf & Mixed Forests,Palearctic
580,_roff_2030y_SOC,cf_std,3.479058,Enriquillo wetlands,9.0,Flooded Grasslands & Savannas,Neotropic
93,_roff_2030y_SOC,cf_std,,Eritrean coastal desert,13.0,Deserts & Xeric Shrublands,Afrotropic
198,_roff_2030y_SOC,cf_std,6.5432353,Esperance mallee,12.0,"Mediterranean Forests, Woodlands & Scrub",Australasia
575,_roff_2030y_SOC,cf_std,7.045804,Espinal,8.0,"Temperate Grasslands, Savannas & Shrublands",Neotropic
12,_roff_2030y_SOC,cf_std,5.3855577,Ethiopian montane forests,1.0,Tropical & Subtropical Moist Broadleaf Forests,Afrotropic
79,_roff_2030y_SOC,cf_std,8.739988,Ethiopian montane grasslands and woodlands,10.0,Montane Grasslands & Shrublands,Afrotropic
80,_roff_2030y_SOC,cf_std,7.570268,Ethiopian montane moorlands,10.0,Montane Grasslands & Shrublands,Afrotropic
70,_roff_2030y_SOC,cf_std,3.3562891,Etosha Pan halophytics,9.0,Flooded Grasslands & Savannas,Afrotropic
665,_roff_2030y_SOC,cf_std,10.795917,Euxine-Colchic broadleaf forests,4.0,Temperate Broadleaf & Mixed Forests,Palearctic
581,_roff_2030y_SOC,cf_std,12.8443365,Everglades flooded grasslands,9.0,Flooded Grasslands & Savannas,Neotropic
199,_roff_2030y_SOC,cf_std,12.633719,Eyre and York mallee,12.0,"Mediterranean Forests, Woodlands & Scrub",Australasia
729,_roff_2030y_SOC,cf_std,,Faroe Islands boreal grasslands,8.0,"Temperate Grasslands, Savannas & Shrublands",Palearctic
462,_roff_2030y_SOC,cf_std,,Fernando de Noronha-Atol das Rocas moist forests,1.0,Tropical & Subtropical Moist Broadleaf Forests,Neotropic
635,_roff_2030y_SOC,cf_std,3.1629863,Fiji tropical dry forests,2.0,Tropical & Subtropical Dry Broadleaf Forests,Oceania
622,_roff_2030y_SOC,cf_std,6.570915,Fiji tropical moist forests,1.0,Tropical & Subtropical Moist Broadleaf Forests,Oceania
169,_roff_2030y_SOC,cf_std,0.0,Fiordland temperate forests,4.0,Temperate Broadleaf & Mixed Forests,Australasia
200,_roff_2030y_SOC,cf_std,5.570062,Flinders-Lofty montane woodlands,12.0,"Mediterranean Forests, Woodlands & Scrub",Australasia
392,_roff_2030y_SOC,cf_std,7.242164,Flint Hills tallgrass prairie,8.0,"Temperate Grasslands, Savannas & Shrublands",Nearctic
355,_roff_2030y_SOC,cf_std,6.3316717,Fraser Plateau and Basin conifer forests,5.0,Temperate Conifer Forests,Nearctic
89,_roff_2030y_SOC,cf_std,8.735993,Fynbos shrubland,12.0,"Mediterranean Forests, Woodlands & Scrub",Afrotropic
601,_roff_2030y_SOC,cf_std,4.500726,Galápagos Islands xeric scrub,13.0,Deserts & Xeric Shrublands,Neotropic
94,_roff_2030y_SOC,cf_std,2.8472586,Gariep Karoo,13.0,Deserts & Xeric Shrublands,Afrotropic
752,_roff_2030y_SOC,cf_std,6.274791,Ghorat-Hazarajat alpine meadow,10.0,Montane Grasslands & Shrublands,Palearctic
209,_roff_2030y_SOC,cf_std,1.9981939,Gibson desert,13.0,Deserts & Xeric Shrublands,Australasia
730,_roff_2030y_SOC,cf_std,8.695824,Gissaro-Alai open woodlands,8.0,"Temperate Grasslands, Savannas & Shrublands",Palearctic
316,_roff_2030y_SOC,cf_std,4.4285927,Godavari-Krishna mangroves,13.0,Deserts & Xeric Shrublands,Indomalayan
825,_roff_2030y_SOC,cf_std,5.1287265,Gobi Lakes Valley desert steppe,13.0,Deserts & Xeric Shrublands,Palearctic
13,_roff_2030y_SOC,cf_std,,Granitic Seychelles forests,1.0,Tropical & Subtropical Moist Broadleaf Forests,Afrotropic
356,_roff_2030y_SOC,cf_std,7.1141067,Great Basin montane forests,5.0,Temperate Conifer Forests,Nearctic
430,_roff_2030y_SOC,cf_std,8.151999,Great Basin shrub steppe,13.0,Deserts & Xeric Shrublands,Nearctic
826,_roff_2030y_SOC,cf_std,8.97881,Great Lakes Basin desert steppe,13.0,Deserts & Xeric Shrublands,Palearctic
210,_roff_2030y_SOC,cf_std,1.4360938,Great Sandy-Tanami desert,13.0,Deserts & Xeric Shrublands,Australasia
211,_roff_2030y_SOC,cf_std,2.6266708,Great Victoria desert,13.0,Deserts & Xeric Shrublands,Australasia
231,_roff_2030y_SOC,cf_std,0.0,Greater Negros-Panay rain forests,1.0,Tropical & Subtropical Moist Broadleaf Forests,Indomalayan
602,_roff_2030y_SOC,cf_std,5.398983,Guajira-Barranquilla xeric scrub,13.0,Deserts & Xeric Shrublands,Neotropic
582,_roff_2030y_SOC,cf_std,,Guayaquil flooded grasslands,9.0,Flooded Grasslands & Savannas,Neotropic
463,_roff_2030y_SOC,cf_std,,Guianan freshwater swamp forests,1.0,Tropical & Subtropical Moist Broadleaf Forests,Neotropic
464,_roff_2030y_SOC,cf_std,4.462484,Guianan Highlands moist forests,1.0,Tropical & Subtropical Moist Broadleaf Forests,Neotropic
465,_roff_2030y_SOC,cf_std,,Guianan lowland moist forests,1.0,Tropical & Subtropical Moist Broadleaf Forests,Neotropic
466,_roff_2030y_SOC,cf_std,4.808789,Guianan piedmont moist forests,1.0,Tropical & Subtropical Moist Broadleaf Forests,Neotropic
570,_roff_2030y_SOC,cf_std,2.092034,Guianan savanna,7.0,"Tropical & Subtropical Grasslands, Savannas & Shrublands",Neotropic
44,_roff_2030y_SOC,cf_std,11.377185,Guinean forest-savanna,7.0,"Tropical & Subtropical Grasslands, Savannas & Shrublands",Afrotropic
113,_roff_2030y_SOC,cf_std,,Guinean mangroves,14.0,Mangroves,Afrotropic
14,_roff_2030y_SOC,cf_std,1.073164,Guinean montane forests,1.0,Tropical & Subtropical Moist Broadleaf Forests,Afrotropic
642,_roff_2030y_SOC,cf_std,5.302906,Guizhou Plateau broadleaf and mixed forests,1.0,Tropical & Subtropical Moist Broadleaf Forests,Palearctic
431,_roff_2030y_SOC,cf_std,6.121575,Gulf of California xeric scrub,13.0,Deserts & Xeric Shrublands,Nearctic
335,_roff_2030y_SOC,cf_std,8.591326,Gulf of St. Lawrence lowland forests,4.0,Temperate Broadleaf & Mixed Forests,Nearctic
467,_roff_2030y_SOC,cf_std,,Gurupa várzea,1.0,Tropical & Subtropical Moist Broadleaf Forests,Neotropic
232,_roff_2030y_SOC,cf_std,11.68101,Hainan Island monsoon rain forests,1.0,Tropical & Subtropical Moist Broadleaf Forests,Indomalayan
140,_roff_2030y_SOC,cf_std,,Halmahera rain forests,1.0,Tropical & Subtropical Moist Broadleaf Forests,Australasia
201,_roff_2030y_SOC,cf_std,20.204401,Hampton mallee and woodlands,12.0,"Mediterranean Forests, Woodlands & Scrub",Australasia
636,_roff_2030y_SOC,cf_std,17.365437,Hawai'i tropical dry forests,2.0,Tropical & Subtropical Dry Broadleaf Forests,Oceania
639,_roff_2030y_SOC,cf_std,17.857475,Hawai'i tropical high shrublands,7.0,"Tropical & Subtropical Grasslands, Savannas & Shrublands",Oceania
640,_roff_2030y_SOC,cf_std,17.509342,Hawai'i tropical low shrublands,7.0,"Tropical & Subtropical Grasslands, Savannas & Shrublands",Oceania
623,_roff_2030y_SOC,cf_std,23.738674,Hawai'i tropical moist forests,1.0,Tropical & Subtropical Moist Broadleaf Forests,Oceania
696,_roff_2030y_SOC,cf_std,3.5858276,Helanshan montane conifer forests,5.0,Temperate Conifer Forests,Palearctic
697,_roff_2030y_SOC,cf_std,10.575072,Hengduan Mountains subalpine conifer forests,5.0,Temperate Conifer Forests,Palearctic
412,_roff_2030y_SOC,cf_std,,Canadian High Arctic tundra,11.0,Tundra,Nearctic
592,_roff_2030y_SOC,cf_std,4.7210493,High Monte,10.0,Montane Grasslands & Shrublands,Neotropic
81,_roff_2030y_SOC,cf_std,5.722578,Highveld grasslands,10.0,Montane Grasslands & Shrublands,Afrotropic
233,_roff_2030y_SOC,cf_std,6.8668656,Himalayan subtropical broadleaf forests,1.0,Tropical & Subtropical Moist Broadleaf Forests,Indomalayan
302,_roff_2030y_SOC,cf_std,6.6904583,Himalayan subtropical pine forests,3.0,Tropical & Subtropical Coniferous Forests,Indomalayan
753,_roff_2030y_SOC,cf_std,2.7941031,Hindu Kush alpine meadow,10.0,Montane Grasslands & Shrublands,Palearctic
532,_roff_2030y_SOC,cf_std,12.245957,Hispaniolan dry forests,2.0,Tropical & Subtropical Dry Broadleaf Forests,Neotropic
468,_roff_2030y_SOC,cf_std,14.761661,Hispaniolan moist forests,1.0,Tropical & Subtropical Moist Broadleaf Forests,Neotropic
555,_roff_2030y_SOC,cf_std,2.5368226,Hispaniolan pine forests,3.0,Tropical & Subtropical Coniferous Forests,Neotropic
95,_roff_2030y_SOC,cf_std,,Hobyo grasslands and shrublands,13.0,Deserts & Xeric Shrublands,Afrotropic
666,_roff_2030y_SOC,cf_std,10.373847,Hokkaido deciduous forests,4.0,Temperate Broadleaf & Mixed Forests,Palearctic
698,_roff_2030y_SOC,cf_std,7.7032013,Hokkaido montane conifer forests,5.0,Temperate Conifer Forests,Palearctic
699,_roff_2030y_SOC,cf_std,11.0018015,Honshu alpine conifer forests,5.0,Temperate Conifer Forests,Palearctic
45,_roff_2030y_SOC,cf_std,2.770188,Horn of Africa xeric bushlands,7.0,"Tropical & Subtropical Grasslands, Savannas & Shrublands",Afrotropic
667,_roff_2030y_SOC,cf_std,4.835199,Huang He Plain mixed forests,4.0,Temperate Broadleaf & Mixed Forests,Palearctic
571,_roff_2030y_SOC,cf_std,3.319211,Humid Chaco,7.0,"Tropical & Subtropical Grasslands, Savannas & Shrublands",Neotropic
576,_roff_2030y_SOC,cf_std,9.136764,Humid Pampas,8.0,"Temperate Grasslands, Savannas & Shrublands",Neotropic
141,_roff_2030y_SOC,cf_std,12.42119,Huon Peninsula montane rain forests,1.0,Tropical & Subtropical Moist Broadleaf Forests,Australasia
792,_roff_2030y_SOC,cf_std,5.107721,Iberian conifer forests,12.0,"Mediterranean Forests, Woodlands & Scrub",Palearctic
793,_roff_2030y_SOC,cf_std,4.5233073,Iberian sclerophyllous and semi-deciduous forests,12.0,"Mediterranean Forests, Woodlands & Scrub",Palearctic
711,_roff_2030y_SOC,cf_std,,Iceland boreal birch forests and alpine tundra,6.0,Boreal Forests/Taiga,Palearctic
794,_roff_2030y_SOC,cf_std,11.004241,Illyrian deciduous forests,12.0,"Mediterranean Forests, Woodlands & Scrub",Palearctic
319,_roff_2030y_SOC,cf_std,5.913074,Indochina mangroves,14.0,Mangroves,Indomalayan
320,_roff_2030y_SOC,cf_std,3.4013438,Indus River Delta-Arabian Sea mangroves,14.0,Mangroves,Indomalayan
317,_roff_2030y_SOC,cf_std,1.104875,Indus Valley desert,13.0,Deserts & Xeric Shrublands,Indomalayan
71,_roff_2030y_SOC,cf_std,0.4578674,Inner Niger Delta flooded savanna,9.0,Flooded Grasslands & Savannas,Afrotropic
375,_roff_2030y_SOC,cf_std,14.624874,Interior Alaska-Yukon lowland taiga,6.0,Boreal Forests/Taiga,Nearctic
336,_roff_2030y_SOC,cf_std,5.5055294,Interior Plateau US Hardwood Forests,4.0,Temperate Broadleaf & Mixed Forests,Nearctic
416,_roff_2030y_SOC,cf_std,9.114742,Interior Yukon-Alaska alpine tundra,11.0,Tundra,Nearctic
469,_roff_2030y_SOC,cf_std,0.20044976,Iquitos várzea,1.0,Tropical & Subtropical Moist Broadleaf Forests,Neotropic
294,_roff_2030y_SOC,cf_std,2.6366038,Irrawaddy dry forests,2.0,Tropical & Subtropical Dry Broadleaf Forests,Indomalayan
234,_roff_2030y_SOC,cf_std,,Irrawaddy freshwater swamp forests,1.0,Tropical & Subtropical Moist Broadleaf Forests,Indomalayan
235,_roff_2030y_SOC,cf_std,3.8549454,Irrawaddy moist deciduous forests,1.0,Tropical & Subtropical Moist Broadleaf Forests,Indomalayan
533,_roff_2030y_SOC,cf_std,,Islas Revillagigedo dry forests,2.0,Tropical & Subtropical Dry Broadleaf Forests,Neotropic
470,_roff_2030y_SOC,cf_std,15.386984,Isthmian-Atlantic moist forests,1.0,Tropical & Subtropical Moist Broadleaf Forests,Neotropic
471,_roff_2030y_SOC,cf_std,12.697409,Isthmian-Pacific moist forests,1.0,Tropical & Subtropical Moist Broadleaf Forests,Neotropic
795,_roff_2030y_SOC,cf_std,10.222179,Italian sclerophyllous and semi-deciduous forests,12.0,"Mediterranean Forests, Woodlands & Scrub",Palearctic
46,_roff_2030y_SOC,cf_std,1.8656138,Itigi-Sumbu thicket,7.0,"Tropical & Subtropical Grasslands, Savannas & Shrublands",Afrotropic
534,_roff_2030y_SOC,cf_std,9.825112,Jalisco dry forests,2.0,Tropical & Subtropical Dry Broadleaf Forests,Neotropic
535,_roff_2030y_SOC,cf_std,0.0,Jamaican dry forests,2.0,Tropical & Subtropical Dry Broadleaf Forests,Neotropic
472,_roff_2030y_SOC,cf_std,0.0,Jamaican moist forests,1.0,Tropical & Subtropical Moist Broadleaf Forests,Neotropic
473,_roff_2030y_SOC,cf_std,,Japurá-Solimões-Negro moist forests,1.0,Tropical & Subtropical Moist Broadleaf Forests,Neotropic
202,_roff_2030y_SOC,cf_std,22.009577,Jarrah-Karri forest and shrublands,12.0,"Mediterranean Forests, Woodlands & Scrub",Australasia
236,_roff_2030y_SOC,cf_std,4.890735,Jian Nan subtropical evergreen forests,1.0,Tropical & Subtropical Moist Broadleaf Forests,Indomalayan
82,_roff_2030y_SOC,cf_std,2.1251523,Jos Plateau forest-grassland,10.0,Montane Grasslands & Shrublands,Afrotropic
560,_roff_2030y_SOC,cf_std,,Juan Fernández Islands temperate forests,4.0,Temperate Broadleaf & Mixed Forests,Neotropic
827,_roff_2030y_SOC,cf_std,8.134193,Junggar Basin semi-desert,13.0,Deserts & Xeric Shrublands,Palearctic
474,_roff_2030y_SOC,cf_std,,Juruá-Purus moist forests,1.0,Tropical & Subtropical Moist Broadleaf Forests,Neotropic
418,_roff_2030y_SOC,cf_std,,Kalaallit Nunaat High Arctic tundra,11.0,Tundra,Nearctic
47,_roff_2030y_SOC,cf_std,0.93677586,Kalahari Acacia woodlands,7.0,"Tropical & Subtropical Grasslands, Savannas & Shrublands",Afrotropic
97,_roff_2030y_SOC,cf_std,1.9537475,Kalahari xeric savanna,13.0,Deserts & Xeric Shrublands,Afrotropic
713,_roff_2030y_SOC,cf_std,5.821937,Kamchatka-Kurile meadows and sparse forests,6.0,Boreal Forests/Taiga,Palearctic
712,_roff_2030y_SOC,cf_std,6.049946,Kamchatka taiga,6.0,Boreal Forests/Taiga,Palearctic
98,_roff_2030y_SOC,cf_std,3.4098682,Kaokoveld desert,13.0,Deserts & Xeric Shrublands,Afrotropic
754,_roff_2030y_SOC,cf_std,5.203171,Karakoram-West Tibetan Plateau alpine steppe,10.0,Montane Grasslands & Shrublands,Palearctic
237,_roff_2030y_SOC,cf_std,2.0614707,Kayah-Karen montane rain forests,1.0,Tropical & Subtropical Moist Broadleaf Forests,Indomalayan
731,_roff_2030y_SOC,cf_std,7.362667,Kazakh forest steppe,8.0,"Temperate Grasslands, Savannas & Shrublands",Palearctic
828,_roff_2030y_SOC,cf_std,7.4197097,Kazakh semi-desert,13.0,Deserts & Xeric Shrublands,Palearctic
732,_roff_2030y_SOC,cf_std,5.413944,Kazakh steppe,8.0,"Temperate Grasslands, Savannas & Shrublands",Palearctic
733,_roff_2030y_SOC,cf_std,6.4609084,Kazakh upland steppe,8.0,"Temperate Grasslands, Savannas & Shrublands",Palearctic
624,_roff_2030y_SOC,cf_std,,Kermadec Islands subtropical moist forests,1.0,Tropical & Subtropical Moist Broadleaf Forests,Oceania
755,_roff_2030y_SOC,cf_std,5.683499,Khangai Mountains alpine meadow,10.0,Montane Grasslands & Shrublands,Palearctic
700,_roff_2030y_SOC,cf_std,0.6073099,Khangai Mountains conifer forests,5.0,Temperate Conifer Forests,Palearctic
295,_roff_2030y_SOC,cf_std,0.8859235,Khathiar-Gir dry deciduous forests,2.0,Tropical & Subtropical Dry Broadleaf Forests,Indomalayan
186,_roff_2030y_SOC,cf_std,2.0345273,Kimberly tropical savanna,7.0,"Tropical & Subtropical Grasslands, Savannas & Shrublands",Australasia
357,_roff_2030y_SOC,cf_std,7.2318273,Klamath-Siskiyou forests,5.0,Temperate Conifer Forests,Nearctic
15,_roff_2030y_SOC,cf_std,10.03749,Knysna-Amatole montane forests,1.0,Tropical & Subtropical Moist Broadleaf Forests,Afrotropic
774,_roff_2030y_SOC,cf_std,,Kola Peninsula tundra,11.0,Tundra,Palearctic
829,_roff_2030y_SOC,cf_std,2.9694927,Kopet Dag semi-desert,13.0,Deserts & Xeric Shrublands,Palearctic
756,_roff_2030y_SOC,cf_std,3.572021,Kopet Dag woodlands and forest steppe,10.0,Montane Grasslands & Shrublands,Palearctic
757,_roff_2030y_SOC,cf_std,3.3789344,Kuh Rud and Eastern Iran montane woodlands,10.0,Montane Grasslands & Shrublands,Palearctic
16,_roff_2030y_SOC,cf_std,8.216073,Kwazulu Natal-Cape coastal forests,1.0,Tropical & Subtropical Moist Broadleaf Forests,Afrotropic
603,_roff_2030y_SOC,cf_std,8.744865,La Costa xeric shrublands,13.0,Deserts & Xeric Shrublands,Neotropic
72,_roff_2030y_SOC,cf_std,1.1347195,Lake Chad flooded savanna,9.0,Flooded Grasslands & Savannas,Afrotropic
536,_roff_2030y_SOC,cf_std,,Lara-Falcón dry forests,2.0,Tropical & Subtropical Dry Broadleaf Forests,Neotropic
475,_roff_2030y_SOC,cf_std,,Leeward Islands moist forests,1.0,Tropical & Subtropical Moist Broadleaf Forests,Neotropic
163,_roff_2030y_SOC,cf_std,19.737488,Lesser Sundas deciduous forests,2.0,Tropical & Subtropical Dry Broadleaf Forests,Australasia
48,_roff_2030y_SOC,cf_std,6.224203,Limpopo lowveld,7.0,"Tropical & Subtropical Grasslands, Savannas & Shrublands",Afrotropic
572,_roff_2030y_SOC,cf_std,9.225387,Llanos,7.0,"Tropical & Subtropical Grasslands, Savannas & Shrublands",Neotropic
142,_roff_2030y_SOC,cf_std,,Lord Howe Island subtropical forests,1.0,Tropical & Subtropical Moist Broadleaf Forests,Australasia
143,_roff_2030y_SOC,cf_std,,Louisiade Archipelago rain forests,1.0,Tropical & Subtropical Moist Broadleaf Forests,Australasia
577,_roff_2030y_SOC,cf_std,3.6774619,Low Monte,8.0,"Temperate Grasslands, Savannas & Shrublands",Neotropic
238,_roff_2030y_SOC,cf_std,4.194524,Lower Gangetic Plains moist deciduous forests,1.0,Tropical & Subtropical Moist Broadleaf Forests,Indomalayan
239,_roff_2030y_SOC,cf_std,2.951342,Luang Prabang montane rain forests,1.0,Tropical & Subtropical Moist Broadleaf Forests,Indomalayan
240,_roff_2030y_SOC,cf_std,24.411898,Luzon montane rain forests,1.0,Tropical & Subtropical Moist Broadleaf Forests,Indomalayan
241,_roff_2030y_SOC,cf_std,21.662354,Luzon rain forests,1.0,Tropical & Subtropical Moist Broadleaf Forests,Indomalayan
303,_roff_2030y_SOC,cf_std,6.8226376,Luzon tropical pine forests,3.0,Tropical & Subtropical Coniferous Forests,Indomalayan
32,_roff_2030y_SOC,cf_std,3.3226135,Madagascar dry deciduous forests,2.0,Tropical & Subtropical Dry Broadleaf Forests,Afrotropic
83,_roff_2030y_SOC,cf_std,4.2896786,Madagascar ericoid thickets,10.0,Montane Grasslands & Shrublands,Afrotropic
17,_roff_2030y_SOC,cf_std,9.880761,Madagascar humid forests,1.0,Tropical & Subtropical Moist Broadleaf Forests,Afrotropic
114,_roff_2030y_SOC,cf_std,,Madagascar mangroves,14.0,Mangroves,Afrotropic
99,_roff_2030y_SOC,cf_std,7.9002066,Madagascar spiny thickets,13.0,Deserts & Xeric Shrublands,Afrotropic
18,_roff_2030y_SOC,cf_std,6.670223,Madagascar subhumid forests,1.0,Tropical & Subtropical Moist Broadleaf Forests,Afrotropic
100,_roff_2030y_SOC,cf_std,2.3203468,Madagascar succulent woodlands,13.0,Deserts & Xeric Shrublands,Afrotropic
476,_roff_2030y_SOC,cf_std,,Madeira-Tapajós moist forests,1.0,Tropical & Subtropical Moist Broadleaf Forests,Neotropic
668,_roff_2030y_SOC,cf_std,3.5842648,Madeira evergreen forests,4.0,Temperate Broadleaf & Mixed Forests,Palearctic
478,_roff_2030y_SOC,cf_std,4.320669,Magdalena-Urabá moist forests,1.0,Tropical & Subtropical Moist Broadleaf Forests,Neotropic
538,_roff_2030y_SOC,cf_std,7.7202163,Magdalena Valley dry forests,2.0,Tropical & Subtropical Dry Broadleaf Forests,Neotropic
477,_roff_2030y_SOC,cf_std,9.502597,Magdalena Valley montane forests,1.0,Tropical & Subtropical Moist Broadleaf Forests,Neotropic
561,_roff_2030y_SOC,cf_std,9.188868,Magellanic subpolar forests,4.0,Temperate Broadleaf & Mixed Forests,Neotropic
73,_roff_2030y_SOC,cf_std,1.205704,Makgadikgadi halophytics,9.0,Flooded Grasslands & Savannas,Afrotropic
242,_roff_2030y_SOC,cf_std,7.1054274e-15,Malabar Coast moist forests,1.0,Tropical & Subtropical Moist Broadleaf Forests,Indomalayan
243,_roff_2030y_SOC,cf_std,,Maldives-Lakshadweep-Chagos Archipelago tropical moist forests,1.0,Tropical & Subtropical Moist Broadleaf Forests,Indomalayan
604,_roff_2030y_SOC,cf_std,,Malpelo Island xeric scrub,13.0,Deserts & Xeric Shrublands,Neotropic
669,_roff_2030y_SOC,cf_std,6.914424,Manchurian mixed forests,4.0,Temperate Broadleaf & Mixed Forests,Palearctic
49,_roff_2030y_SOC,cf_std,1.7688373,Mandara Plateau woodlands,7.0,"Tropical & Subtropical Grasslands, Savannas & Shrublands",Afrotropic
19,_roff_2030y_SOC,cf_std,7.775089,Maputaland coastal forests and woodlands,1.0,Tropical & Subtropical Moist Broadleaf Forests,Afrotropic
539,_roff_2030y_SOC,cf_std,2.80385,Maracaibo dry forests,2.0,Tropical & Subtropical Dry Broadleaf Forests,Neotropic
480,_roff_2030y_SOC,cf_std,,Marajó várzea,1.0,Tropical & Subtropical Moist Broadleaf Forests,Neotropic
540,_roff_2030y_SOC,cf_std,,Maranhão Babaçu forests,2.0,Tropical & Subtropical Dry Broadleaf Forests,Neotropic
479,_roff_2030y_SOC,cf_std,4.682899,Marañón dry forests,1.0,Tropical & Subtropical Moist Broadleaf Forests,Neotropic
637,_roff_2030y_SOC,cf_std,,Marianas tropical dry forests,2.0,Tropical & Subtropical Dry Broadleaf Forests,Oceania
625,_roff_2030y_SOC,cf_std,,Marquesas tropical moist forests,1.0,Tropical & Subtropical Moist Broadleaf Forests,Oceania
50,_roff_2030y_SOC,cf_std,2.2851915,Masai xeric grasslands and shrublands,7.0,"Tropical & Subtropical Grasslands, Savannas & Shrublands",Afrotropic
20,_roff_2030y_SOC,cf_std,8.331294,Mascarene forests,1.0,Tropical & Subtropical Moist Broadleaf Forests,Afrotropic
481,_roff_2030y_SOC,cf_std,,Mato Grosso tropical dry forests,1.0,Tropical & Subtropical Moist Broadleaf Forests,Neotropic
796,_roff_2030y_SOC,cf_std,5.268021,Mediterranean Acacia-Argania dry woodlands and succulent thickets,12.0,"Mediterranean Forests, Woodlands & Scrub",Palearctic
701,_roff_2030y_SOC,cf_std,7.883226,Mediterranean conifer and mixed forests,5.0,Temperate Conifer Forests,Palearctic
797,_roff_2030y_SOC,cf_std,4.3728976,Mediterranean dry woodlands and steppe,12.0,"Mediterranean Forests, Woodlands & Scrub",Palearctic
758,_roff_2030y_SOC,cf_std,3.9452596,Mediterranean High Atlas juniper steppe,10.0,Montane Grasslands & Shrublands,Palearctic
798,_roff_2030y_SOC,cf_std,7.6814246,Mediterranean woodlands and forests,12.0,"Mediterranean Forests, Woodlands & Scrub",Palearctic
244,_roff_2030y_SOC,cf_std,4.5911646,Meghalaya subtropical forests,1.0,Tropical & Subtropical Moist Broadleaf Forests,Indomalayan
245,_roff_2030y_SOC,cf_std,,Mentawai Islands rain forests,1.0,Tropical & Subtropical Moist Broadleaf Forests,Indomalayan
432,_roff_2030y_SOC,cf_std,5.1551523,Meseta Central matorral,13.0,Deserts & Xeric Shrublands,Nearctic
613,_roff_2030y_SOC,cf_std,16.87875,Mesoamerican Gulf-Caribbean mangroves,14.0,Mangroves,Neotropic
830,_roff_2030y_SOC,cf_std,2.5074563,Mesopotamian shrub desert,13.0,Deserts & Xeric Shrublands,Palearctic
376,_roff_2030y_SOC,cf_std,7.0245476,Mid-Canada Boreal Plains forests,6.0,Boreal Forests/Taiga,Nearctic
414,_roff_2030y_SOC,cf_std,,Canadian Middle Arctic Tundra,11.0,Tundra,Nearctic
393,_roff_2030y_SOC,cf_std,13.110217,Mid-Atlantic US coastal savannas,8.0,"Temperate Grasslands, Savannas & Shrublands",Nearctic
377,_roff_2030y_SOC,cf_std,6.496214,Midwest Canadian Shield forests,6.0,Boreal Forests/Taiga,Nearctic
247,_roff_2030y_SOC,cf_std,5.3612366,Mindanao-Eastern Visayas rain forests,1.0,Tropical & Subtropical Moist Broadleaf Forests,Indomalayan
246,_roff_2030y_SOC,cf_std,5.7396655,Mindanao montane rain forests,1.0,Tropical & Subtropical Moist Broadleaf Forests,Indomalayan
248,_roff_2030y_SOC,cf_std,2.7673464,Mindoro rain forests,1.0,Tropical & Subtropical Moist Broadleaf Forests,Indomalayan
573,_roff_2030y_SOC,cf_std,,Miskito pine forests,7.0,"Tropical & Subtropical Grasslands, Savannas & Shrublands",Neotropic
337,_roff_2030y_SOC,cf_std,14.020074,Mississippi lowland forests,4.0,Temperate Broadleaf & Mixed Forests,Nearctic
187,_roff_2030y_SOC,cf_std,3.0255744,Mitchell Grass Downs,7.0,"Tropical & Subtropical Grasslands, Savannas & Shrublands",Australasia
249,_roff_2030y_SOC,cf_std,4.023466,Mizoram-Manipur-Kachin rain forests,1.0,Tropical & Subtropical Moist Broadleaf Forests,Indomalayan
433,_roff_2030y_SOC,cf_std,2.8261352,Mojave desert,13.0,Deserts & Xeric Shrublands,Nearctic
734,_roff_2030y_SOC,cf_std,11.391714,Mongolian-Manchurian grassland,8.0,"Temperate Grasslands, Savannas & Shrublands",Palearctic
394,_roff_2030y_SOC,cf_std,8.218504,Montana Valley and Foothill grasslands,8.0,"Temperate Grasslands, Savannas & Shrublands",Nearctic
482,_roff_2030y_SOC,cf_std,,Monte Alegre várzea,1.0,Tropical & Subtropical Moist Broadleaf Forests,Neotropic
605,_roff_2030y_SOC,cf_std,2.1365507,Motagua Valley thornscrub,13.0,Deserts & Xeric Shrublands,Neotropic
21,_roff_2030y_SOC,cf_std,16.928205,Mount Cameroon and Bioko montane forests,1.0,Tropical & Subtropical Moist Broadleaf Forests,Afrotropic
84,_roff_2030y_SOC,cf_std,6.3998113,Mulanje Montane forest-grassland,10.0,Montane Grasslands & Shrublands,Afrotropic
203,_roff_2030y_SOC,cf_std,8.412347,Murray-Darling woodlands and mallee,12.0,"Mediterranean Forests, Woodlands & Scrub",Australasia
378,_roff_2030y_SOC,cf_std,5.707642,Muskwa-Slave Lake taiga,6.0,Boreal Forests/Taiga,Nearctic
321,_roff_2030y_SOC,cf_std,14.730097,Myanmar Coast mangroves,14.0,Mangroves,Indomalayan
250,_roff_2030y_SOC,cf_std,13.549215,Myanmar coastal rain forests,1.0,Tropical & Subtropical Moist Broadleaf Forests,Indomalayan
101,_roff_2030y_SOC,cf_std,3.209948,Nama Karoo shrublands,13.0,Deserts & Xeric Shrublands,Afrotropic
102,_roff_2030y_SOC,cf_std,3.6537786,Namaqualand-Richtersveld steppe,13.0,Deserts & Xeric Shrublands,Afrotropic
103,_roff_2030y_SOC,cf_std,3.4946284,Namib Desert,13.0,Deserts & Xeric Shrublands,Afrotropic
104,_roff_2030y_SOC,cf_std,3.9717658,Namibian savanna woodlands,13.0,Deserts & Xeric Shrublands,Afrotropic
251,_roff_2030y_SOC,cf_std,10.128233,Nansei Islands subtropical evergreen forests,1.0,Tropical & Subtropical Moist Broadleaf Forests,Indomalayan
483,_roff_2030y_SOC,cf_std,7.1659465,Napo moist forests,1.0,Tropical & Subtropical Moist Broadleaf Forests,Neotropic
204,_roff_2030y_SOC,cf_std,22.18673,Naracoorte woodlands,12.0,"Mediterranean Forests, Woodlands & Scrub",Australasia
296,_roff_2030y_SOC,cf_std,2.4190264,Narmada Valley dry deciduous forests,2.0,Tropical & Subtropical Dry Broadleaf Forests,Indomalayan
395,_roff_2030y_SOC,cf_std,4.582728,Nebraska Sand Hills mixed grasslands,8.0,"Temperate Grasslands, Savannas & Shrublands",Nearctic
484,_roff_2030y_SOC,cf_std,7.2368627,Negro-Branco moist forests,1.0,Tropical & Subtropical Moist Broadleaf Forests,Neotropic
170,_roff_2030y_SOC,cf_std,1.2271041,Nelson Coast temperate forests,4.0,Temperate Broadleaf & Mixed Forests,Australasia
743,_roff_2030y_SOC,cf_std,3.351909,Nenjiang River grassland,9.0,Flooded Grasslands & Savannas,Palearctic
144,_roff_2030y_SOC,cf_std,3.8433342,New Britain-New Ireland lowland rain forests,1.0,Tropical & Subtropical Moist Broadleaf Forests,Australasia
145,_roff_2030y_SOC,cf_std,3.546138,New Britain-New Ireland montane rain forests,1.0,Tropical & Subtropical Moist Broadleaf Forests,Australasia
164,_roff_2030y_SOC,cf_std,15.733878,New Caledonia dry forests,2.0,Tropical & Subtropical Dry Broadleaf Forests,Australasia
146,_roff_2030y_SOC,cf_std,17.92661,New Caledonia rain forests,1.0,Tropical & Subtropical Moist Broadleaf Forests,Australasia
338,_roff_2030y_SOC,cf_std,7.967289,New England-Acadian forests,4.0,Temperate Broadleaf & Mixed Forests,Nearctic
217,_roff_2030y_SOC,cf_std,,New Guinea mangroves,14.0,Mangroves,Australasia
252,_roff_2030y_SOC,cf_std,,Nicobar Islands rain forests,1.0,Tropical & Subtropical Moist Broadleaf Forests,Indomalayan
22,_roff_2030y_SOC,cf_std,,Niger Delta swamp forests,1.0,Tropical & Subtropical Moist Broadleaf Forests,Afrotropic
23,_roff_2030y_SOC,cf_std,,Nigerian lowland forests,1.0,Tropical & Subtropical Moist Broadleaf Forests,Afrotropic
670,_roff_2030y_SOC,cf_std,13.708406,Nihonkai evergreen forests,4.0,Temperate Broadleaf & Mixed Forests,Palearctic
671,_roff_2030y_SOC,cf_std,11.318595,Nihonkai montane deciduous forests,4.0,Temperate Broadleaf & Mixed Forests,Palearctic
744,_roff_2030y_SOC,cf_std,14.045629,Nile Delta flooded savanna,9.0,Flooded Grasslands & Savannas,Palearctic
147,_roff_2030y_SOC,cf_std,,Norfolk Island subtropical forests,1.0,Tropical & Subtropical Moist Broadleaf Forests,Australasia
126,_roff_2030y_SOC,cf_std,,Northeast Antarctic Peninsula tundra,11.0,Tundra,Antarctica
127,_roff_2030y_SOC,cf_std,,Northwest Antarctic Peninsula tundra,11.0,Tundra,Antarctica
831,_roff_2030y_SOC,cf_std,2.0490048,North Arabian desert,13.0,Deserts & Xeric Shrublands,Palearctic
832,_roff_2030y_SOC,cf_std,0.7511929,North Arabian highland shrublands,13.0,Deserts & Xeric Shrublands,Palearctic
171,_roff_2030y_SOC,cf_std,9.242913,New Zealand North Island temperate forests,4.0,Temperate Broadleaf & Mixed Forests,Australasia
833,_roff_2030y_SOC,cf_std,2.3292232,North Saharan Xeric Steppe and Woodland,13.0,Deserts & Xeric Shrublands,Palearctic
106,_roff_2030y_SOC,cf_std,5.6364694,Somali montane xeric woodlands,13.0,Deserts & Xeric Shrublands,Afrotropic
759,_roff_2030y_SOC,cf_std,3.674423,North Tibetan Plateau-Kunlun Mountains alpine desert,10.0,Montane Grasslands & Shrublands,Palearctic
125,_roff_2030y_SOC,cf_std,,North Victoria Land tundra,11.0,Tundra,Antarctica
253,_roff_2030y_SOC,cf_std,3.8629136,North Western Ghats moist deciduous forests,1.0,Tropical & Subtropical Moist Broadleaf Forests,Indomalayan
254,_roff_2030y_SOC,cf_std,3.7469358,North Western Ghats montane rain forests,1.0,Tropical & Subtropical Moist Broadleaf Forests,Indomalayan
673,_roff_2030y_SOC,cf_std,13.370809,Northeast China Plain deciduous forests,4.0,Temperate Broadleaf & Mixed Forests,Palearctic
304,_roff_2030y_SOC,cf_std,2.69073,Northeast India-Myanmar pine forests,3.0,Tropical & Subtropical Coniferous Forests,Indomalayan
775,_roff_2030y_SOC,cf_std,,Northeast Siberian coastal tundra,11.0,Tundra,Palearctic
714,_roff_2030y_SOC,cf_std,1.7184855,Northeast Siberian taiga,6.0,Boreal Forests/Taiga,Palearctic
485,_roff_2030y_SOC,cf_std,,Northeast Brazil restingas,1.0,Tropical & Subtropical Moist Broadleaf Forests,Neotropic
24,_roff_2030y_SOC,cf_std,6.573903,Northeast Congolian lowland forests,1.0,Tropical & Subtropical Moist Broadleaf Forests,Afrotropic
702,_roff_2030y_SOC,cf_std,9.108066,Northeast Himalayan subalpine conifer forests,5.0,Temperate Conifer Forests,Palearctic
799,_roff_2030y_SOC,cf_std,9.610076,Northeast Spain and Southern France Mediterranean forests,12.0,"Mediterranean Forests, Woodlands & Scrub",Palearctic
339,_roff_2030y_SOC,cf_std,8.897308,Northeast US Coastal forests,4.0,Temperate Broadleaf & Mixed Forests,Nearctic
51,_roff_2030y_SOC,cf_std,5.5312023,Northern Acacia-Commiphora bushlands and thickets,7.0,"Tropical & Subtropical Grasslands, Savannas & Shrublands",Afrotropic
703,_roff_2030y_SOC,cf_std,4.852689,Northern Anatolian conifer and deciduous forests,5.0,Temperate Conifer Forests,Palearctic
593,_roff_2030y_SOC,cf_std,8.722725,Northern Andean páramo,10.0,Montane Grasslands & Shrublands,Neotropic
255,_roff_2030y_SOC,cf_std,2.9478204,Northern Annamites rain forests,1.0,Tropical & Subtropical Moist Broadleaf Forests,Indomalayan
359,_roff_2030y_SOC,cf_std,16.561504,Northern California coastal forests,5.0,Temperate Conifer Forests,Nearctic
379,_roff_2030y_SOC,cf_std,7.6085663,Northern Canadian Shield taiga,6.0,Boreal Forests/Taiga,Nearctic
52,_roff_2030y_SOC,cf_std,10.224252,Northern Congolian Forest-Savanna,7.0,"Tropical & Subtropical Grasslands, Savannas & Shrublands",Afrotropic
297,_roff_2030y_SOC,cf_std,2.2445228,North Deccan dry deciduous forests,2.0,Tropical & Subtropical Dry Broadleaf Forests,Indomalayan
256,_roff_2030y_SOC,cf_std,4.462389,Northern Indochina subtropical forests,1.0,Tropical & Subtropical Moist Broadleaf Forests,Indomalayan
257,_roff_2030y_SOC,cf_std,2.091054,Northern Khorat Plateau moist deciduous forests,1.0,Tropical & Subtropical Moist Broadleaf Forests,Indomalayan
614,_roff_2030y_SOC,cf_std,7.051395,Northern Mesoamerican Pacific mangroves,14.0,Mangroves,Neotropic
148,_roff_2030y_SOC,cf_std,6.4504304,Northern New Guinea lowland rain and freshwater swamp forests,1.0,Tropical & Subtropical Moist Broadleaf Forests,Australasia
149,_roff_2030y_SOC,cf_std,2.8255222,Northern New Guinea montane rain forests,1.0,Tropical & Subtropical Moist Broadleaf Forests,Australasia
396,_roff_2030y_SOC,cf_std,8.391472,Northern Shortgrass prairie,8.0,"Temperate Grasslands, Savannas & Shrublands",Nearctic
25,_roff_2030y_SOC,cf_std,4.1743107,Northern Swahili coastal forests,1.0,Tropical & Subtropical Moist Broadleaf Forests,Afrotropic
397,_roff_2030y_SOC,cf_std,9.7817545,Northern Tallgrass prairie,8.0,"Temperate Grasslands, Savannas & Shrublands",Nearctic
258,_roff_2030y_SOC,cf_std,3.2385697,Northern Thailand-Laos moist deciduous forests,1.0,Tropical & Subtropical Moist Broadleaf Forests,Indomalayan
259,_roff_2030y_SOC,cf_std,4.660186,Northern Triangle subtropical forests,1.0,Tropical & Subtropical Moist Broadleaf Forests,Indomalayan
307,_roff_2030y_SOC,cf_std,5.3617716,Northern Triangle temperate forests,4.0,Temperate Broadleaf & Mixed Forests,Indomalayan
260,_roff_2030y_SOC,cf_std,5.894081,Northern Vietnam lowland rain forests,1.0,Tropical & Subtropical Moist Broadleaf Forests,Indomalayan
173,_roff_2030y_SOC,cf_std,14.096105,Northland temperate kauri forests,4.0,Temperate Broadleaf & Mixed Forests,Australasia
800,_roff_2030y_SOC,cf_std,8.951774,Northwest Iberian montane forests,12.0,"Mediterranean Forests, Woodlands & Scrub",Palearctic
776,_roff_2030y_SOC,cf_std,,Northwest Russian-Novaya Zemlya tundra,11.0,Tundra,Palearctic
486,_roff_2030y_SOC,cf_std,12.349098,Northwest Andean montane forests,1.0,Tropical & Subtropical Moist Broadleaf Forests,Neotropic
26,_roff_2030y_SOC,cf_std,,Northwest Congolian lowland forests,1.0,Tropical & Subtropical Moist Broadleaf Forests,Afrotropic
641,_roff_2030y_SOC,cf_std,,Northwest Hawai'i scrub,7.0,"Tropical & Subtropical Grasslands, Savannas & Shrublands",Oceania
760,_roff_2030y_SOC,cf_std,5.12655,Northwestern Himalayan alpine shrub and meadows,10.0,Montane Grasslands & Shrublands,Palearctic
314,_roff_2030y_SOC,cf_std,3.2995954,Aravalli west thorn scrub forests,13.0,Deserts & Xeric Shrublands,Indomalayan
777,_roff_2030y_SOC,cf_std,,Novosibirsk Islands Arctic desert,11.0,Tundra,Palearctic
704,_roff_2030y_SOC,cf_std,8.432949,Nujiang Langcang Gorge alpine conifer and mixed forests,5.0,Temperate Conifer Forests,Palearctic
212,_roff_2030y_SOC,cf_std,2.8242915,Nullarbor Plains xeric shrublands,13.0,Deserts & Xeric Shrublands,Australasia
85,_roff_2030y_SOC,cf_std,3.1581182,Nyanga-Chimanimani Montane forest-grassland,10.0,Montane Grasslands & Shrublands,Afrotropic
487,_roff_2030y_SOC,cf_std,5.6067085,Oaxacan montane forests,1.0,Tropical & Subtropical Moist Broadleaf Forests,Neotropic
626,_roff_2030y_SOC,cf_std,,Ogasawara subtropical moist forests,1.0,Tropical & Subtropical Moist Broadleaf Forests,Oceania
419,_roff_2030y_SOC,cf_std,8.421256,Ogilvie-MacKenzie alpine tundra,11.0,Tundra,Nearctic
362,_roff_2030y_SOC,cf_std,6.6000648,Okanogan dry forests,5.0,Temperate Conifer Forests,Nearctic
715,_roff_2030y_SOC,cf_std,3.4579096,Okhotsk-Manchurian taiga,6.0,Boreal Forests/Taiga,Palearctic
761,_roff_2030y_SOC,cf_std,5.7323017,Ordos Plateau steppe,10.0,Montane Grasslands & Shrublands,Palearctic
488,_roff_2030y_SOC,cf_std,,Orinoco Delta swamp forests,1.0,Tropical & Subtropical Moist Broadleaf Forests,Neotropic
583,_roff_2030y_SOC,cf_std,,Orinoco wetlands,9.0,Flooded Grasslands & Savannas,Neotropic
261,_roff_2030y_SOC,cf_std,8.393038,Orissa semi-evergreen forests,1.0,Tropical & Subtropical Moist Broadleaf Forests,Indomalayan
340,_roff_2030y_SOC,cf_std,2.9924588,Ozark Highlands mixed forests,4.0,Temperate Broadleaf & Mixed Forests,Nearctic
341,_roff_2030y_SOC,cf_std,2.7936656,Ozark Mountain forests,4.0,Temperate Broadleaf & Mixed Forests,Nearctic
420,_roff_2030y_SOC,cf_std,8.235398,Pacific Coastal Mountain icefields and tundra,11.0,Tundra,Nearctic
627,_roff_2030y_SOC,cf_std,,Palau tropical moist forests,1.0,Tropical & Subtropical Moist Broadleaf Forests,Oceania
262,_roff_2030y_SOC,cf_std,,Palawan rain forests,1.0,Tropical & Subtropical Moist Broadleaf Forests,Indomalayan
398,_roff_2030y_SOC,cf_std,7.8277516,Palouse prairie,8.0,"Temperate Grasslands, Savannas & Shrublands",Nearctic
762,_roff_2030y_SOC,cf_std,10.516478,Pamir alpine desert and tundra,10.0,Montane Grasslands & Shrublands,Palearctic
541,_roff_2030y_SOC,cf_std,,Panamanian dry forests,2.0,Tropical & Subtropical Dry Broadleaf Forests,Neotropic
674,_roff_2030y_SOC,cf_std,6.309032,Pannonian mixed forests,4.0,Temperate Broadleaf & Mixed Forests,Palearctic
584,_roff_2030y_SOC,cf_std,2.1226695,Pantanal,9.0,Flooded Grasslands & Savannas,Neotropic
489,_roff_2030y_SOC,cf_std,,Pantanos de Centla,1.0,Tropical & Subtropical Moist Broadleaf Forests,Neotropic
490,_roff_2030y_SOC,cf_std,5.1914277,Pantepui forests & shrublands,1.0,Tropical & Subtropical Moist Broadleaf Forests,Neotropic
606,_roff_2030y_SOC,cf_std,2.1160586,Paraguaná xeric scrub,13.0,Deserts & Xeric Shrublands,Neotropic
585,_roff_2030y_SOC,cf_std,8.524535,Paraná flooded savanna,9.0,Flooded Grasslands & Savannas,Neotropic
834,_roff_2030y_SOC,cf_std,6.1522284,Paropamisus xeric woodlands,13.0,Deserts & Xeric Shrublands,Palearctic
578,_roff_2030y_SOC,cf_std,8.641939,Patagonian steppe,8.0,"Temperate Grasslands, Savannas & Shrublands",Neotropic
542,_roff_2030y_SOC,cf_std,12.739682,Patía valley dry forests,2.0,Tropical & Subtropical Dry Broadleaf Forests,Neotropic
263,_roff_2030y_SOC,cf_std,3.0794199,Peninsular Malaysian montane rain forests,1.0,Tropical & Subtropical Moist Broadleaf Forests,Indomalayan
264,_roff_2030y_SOC,cf_std,,Peninsular Malaysian peat swamp forests,1.0,Tropical & Subtropical Moist Broadleaf Forests,Indomalayan
265,_roff_2030y_SOC,cf_std,3.6503785,Peninsular Malaysian rain forests,1.0,Tropical & Subtropical Moist Broadleaf Forests,Indomalayan
491,_roff_2030y_SOC,cf_std,,Pernambuco coastal forests,1.0,Tropical & Subtropical Moist Broadleaf Forests,Neotropic
492,_roff_2030y_SOC,cf_std,1.3182682,Pernambuco interior forests,1.0,Tropical & Subtropical Moist Broadleaf Forests,Neotropic
493,_roff_2030y_SOC,cf_std,7.44271,Peruvian Yungas,1.0,Tropical & Subtropical Moist Broadleaf Forests,Neotropic
494,_roff_2030y_SOC,cf_std,5.1853075,Petén-Veracruz moist forests,1.0,Tropical & Subtropical Moist Broadleaf Forests,Neotropic
213,_roff_2030y_SOC,cf_std,2.6380706,Pilbara shrublands,13.0,Deserts & Xeric Shrublands,Australasia
801,_roff_2030y_SOC,cf_std,8.111548,Pindus Mountains mixed forests,12.0,"Mediterranean Forests, Woodlands & Scrub",Palearctic
363,_roff_2030y_SOC,cf_std,2.4583898,Piney Woods,5.0,Temperate Conifer Forests,Nearctic
675,_roff_2030y_SOC,cf_std,9.344379,Po Basin mixed forests,4.0,Temperate Broadleaf & Mixed Forests,Palearctic
735,_roff_2030y_SOC,cf_std,7.947086,Pontic steppe,8.0,"Temperate Grasslands, Savannas & Shrublands",Palearctic
128,_roff_2030y_SOC,cf_std,,Prince Charles Mountains tundra,11.0,Tundra,Antarctica
543,_roff_2030y_SOC,cf_std,,Puerto Rican dry forests,2.0,Tropical & Subtropical Dry Broadleaf Forests,Neotropic
495,_roff_2030y_SOC,cf_std,,Puerto Rican moist forests,1.0,Tropical & Subtropical Moist Broadleaf Forests,Neotropic
364,_roff_2030y_SOC,cf_std,6.19123,Puget lowland forests,5.0,Temperate Conifer Forests,Nearctic
497,_roff_2030y_SOC,cf_std,,Purus-Madeira moist forests,1.0,Tropical & Subtropical Moist Broadleaf Forests,Neotropic
496,_roff_2030y_SOC,cf_std,,Purus várzea,1.0,Tropical & Subtropical Moist Broadleaf Forests,Neotropic
676,_roff_2030y_SOC,cf_std,7.349777,Pyrenees conifer and mixed forests,4.0,Temperate Broadleaf & Mixed Forests,Palearctic
835,_roff_2030y_SOC,cf_std,2.105079,Qaidam Basin semi-desert,13.0,Deserts & Xeric Shrublands,Palearctic
705,_roff_2030y_SOC,cf_std,11.506718,Qilian Mountains conifer forests,5.0,Temperate Conifer Forests,Palearctic
763,_roff_2030y_SOC,cf_std,11.496042,Qilian Mountains subalpine meadows,10.0,Montane Grasslands & Shrublands,Palearctic
677,_roff_2030y_SOC,cf_std,8.05662,Qin Ling Mountains deciduous forests,4.0,Temperate Broadleaf & Mixed Forests,Palearctic
706,_roff_2030y_SOC,cf_std,12.909233,Qionglai-Minshan conifer forests,5.0,Temperate Conifer Forests,Palearctic
150,_roff_2030y_SOC,cf_std,11.637532,Queensland tropical rain forests,1.0,Tropical & Subtropical Moist Broadleaf Forests,Australasia
174,_roff_2030y_SOC,cf_std,3.3307528,Rakiura Island temperate forests,4.0,Temperate Broadleaf & Mixed Forests,Australasia
312,_roff_2030y_SOC,cf_std,1.5871767,Rann of Kutch seasonal salt marsh,9.0,Flooded Grasslands & Savannas,Indomalayan
628,_roff_2030y_SOC,cf_std,,Rapa Nui and Sala y Gómez subtropical forests,1.0,Tropical & Subtropical Moist Broadleaf Forests,Oceania
266,_roff_2030y_SOC,cf_std,1.585862,Red River freshwater swamp forests,1.0,Tropical & Subtropical Moist Broadleaf Forests,Indomalayan
837,_roff_2030y_SOC,cf_std,2.1650043,Red Sea-Arabian Desert shrublands,13.0,Deserts & Xeric Shrublands,Palearctic
836,_roff_2030y_SOC,cf_std,3.313979,Red Sea coastal desert,13.0,Deserts & Xeric Shrublands,Palearctic
115,_roff_2030y_SOC,cf_std,4.916403,Red Sea mangroves,14.0,Mangroves,Afrotropic
838,_roff_2030y_SOC,cf_std,1.9427038,Registan-North Pakistan sandy desert,13.0,Deserts & Xeric Shrublands,Palearctic
90,_roff_2030y_SOC,cf_std,8.459253,Renosterveld shrubland,12.0,"Mediterranean Forests, Woodlands & Scrub",Afrotropic
175,_roff_2030y_SOC,cf_std,7.420791,Richmond temperate forests,4.0,Temperate Broadleaf & Mixed Forests,Australasia
498,_roff_2030y_SOC,cf_std,,Rio Negro campinarana,1.0,Tropical & Subtropical Moist Broadleaf Forests,Neotropic
678,_roff_2030y_SOC,cf_std,5.9416404,Rodope montane mixed forests,4.0,Temperate Broadleaf & Mixed Forests,Palearctic
86,_roff_2030y_SOC,cf_std,6.304463,Rwenzori-Virunga montane moorlands,10.0,Montane Grasslands & Shrublands,Afrotropic
745,_roff_2030y_SOC,cf_std,2.2044501,Saharan halophytics,9.0,Flooded Grasslands & Savannas,Palearctic
53,_roff_2030y_SOC,cf_std,2.6385453,Sahelian Acacia savanna,7.0,"Tropical & Subtropical Grasslands, Savannas & Shrublands",Afrotropic
716,_roff_2030y_SOC,cf_std,4.3990903,Sakhalin Island taiga,6.0,Boreal Forests/Taiga,Palearctic
629,_roff_2030y_SOC,cf_std,0.0,Samoan tropical moist forests,1.0,Tropical & Subtropical Moist Broadleaf Forests,Oceania
562,_roff_2030y_SOC,cf_std,,San Félix-San Ambrosio Islands temperate forests,4.0,Temperate Broadleaf & Mixed Forests,Neotropic
607,_roff_2030y_SOC,cf_std,3.8645551,San Lucan xeric scrub,13.0,Deserts & Xeric Shrublands,Neotropic
425,_roff_2030y_SOC,cf_std,9.507866,Santa Lucia Montane Chaparral & Woodlands,12.0,"Mediterranean Forests, Woodlands & Scrub",Nearctic
499,_roff_2030y_SOC,cf_std,13.88107,Santa Marta montane forests,1.0,Tropical & Subtropical Moist Broadleaf Forests,Neotropic
594,_roff_2030y_SOC,cf_std,2.3728256,Santa Marta páramo,10.0,Montane Grasslands & Shrublands,Neotropic
27,_roff_2030y_SOC,cf_std,,"São Tomé, Príncipe, and Annobón forests",1.0,Tropical & Subtropical Moist Broadleaf Forests,Afrotropic
679,_roff_2030y_SOC,cf_std,12.57931,Sarmatic mixed forests,4.0,Temperate Broadleaf & Mixed Forests,Palearctic
764,_roff_2030y_SOC,cf_std,7.474674,Sayan alpine meadows and tundra,10.0,Montane Grasslands & Shrublands,Palearctic
736,_roff_2030y_SOC,cf_std,5.9536633,Sayan Intermontane steppe,8.0,"Temperate Grasslands, Savannas & Shrublands",Palearctic
707,_roff_2030y_SOC,cf_std,6.2974463,Sayan montane conifer forests,5.0,Temperate Conifer Forests,Palearctic
717,_roff_2030y_SOC,cf_std,7.506239,Scandinavian and Russian taiga,6.0,Boreal Forests/Taiga,Palearctic
708,_roff_2030y_SOC,cf_std,8.26157,Scandinavian coastal conifer forests,5.0,Temperate Conifer Forests,Palearctic
780,_roff_2030y_SOC,cf_std,5.7920036,Scandinavian Montane Birch forest and grasslands,11.0,Tundra,Palearctic
129,_roff_2030y_SOC,cf_std,,Scotia Sea Islands tundra,11.0,Tundra,Antarctica
608,_roff_2030y_SOC,cf_std,8.103723,Sechura desert,13.0,Deserts & Xeric Shrublands,Neotropic
737,_roff_2030y_SOC,cf_std,7.2810316,Selenge-Orkhon forest steppe,8.0,"Temperate Grasslands, Savannas & Shrublands",Palearctic
151,_roff_2030y_SOC,cf_std,0.0,Seram rain forests,1.0,Tropical & Subtropical Moist Broadleaf Forests,Australasia
54,_roff_2030y_SOC,cf_std,0.6687878,Serengeti volcanic grasslands,7.0,"Tropical & Subtropical Grasslands, Savannas & Shrublands",Afrotropic
500,_roff_2030y_SOC,cf_std,12.361879,Serra do Mar coastal forests,1.0,Tropical & Subtropical Moist Broadleaf Forests,Neotropic
680,_roff_2030y_SOC,cf_std,3.0558732,Sichuan Basin evergreen broadleaf forests,4.0,Temperate Broadleaf & Mixed Forests,Palearctic
544,_roff_2030y_SOC,cf_std,5.236595,Sierra de la Laguna dry forests,2.0,Tropical & Subtropical Dry Broadleaf Forests,Neotropic
556,_roff_2030y_SOC,cf_std,4.910845,Sierra de la Laguna pine-oak forests,3.0,Tropical & Subtropical Coniferous Forests,Neotropic
501,_roff_2030y_SOC,cf_std,17.259462,Sierra de los Tuxtlas,1.0,Tropical & Subtropical Moist Broadleaf Forests,Neotropic
502,_roff_2030y_SOC,cf_std,11.407139,Sierra Madre de Chiapas moist forests,1.0,Tropical & Subtropical Moist Broadleaf Forests,Neotropic
557,_roff_2030y_SOC,cf_std,6.313903,Sierra Madre de Oaxaca pine-oak forests,3.0,Tropical & Subtropical Coniferous Forests,Neotropic
558,_roff_2030y_SOC,cf_std,6.2715855,Sierra Madre del Sur pine-oak forests,3.0,Tropical & Subtropical Coniferous Forests,Neotropic
326,_roff_2030y_SOC,cf_std,4.374716,Sierra Madre Occidental pine-oak forests,3.0,Tropical & Subtropical Coniferous Forests,Nearctic
327,_roff_2030y_SOC,cf_std,6.8921103,Sierra Madre Oriental pine-oak forests,3.0,Tropical & Subtropical Coniferous Forests,Nearctic
366,_roff_2030y_SOC,cf_std,10.185816,Sierra Nevada forests,5.0,Temperate Conifer Forests,Nearctic
214,_roff_2030y_SOC,cf_std,4.114706,Simpson desert,13.0,Deserts & Xeric Shrublands,Australasia
545,_roff_2030y_SOC,cf_std,4.5522456,Sinaloan dry forests,2.0,Tropical & Subtropical Dry Broadleaf Forests,Neotropic
546,_roff_2030y_SOC,cf_std,16.376362,Sinú Valley dry forests,2.0,Tropical & Subtropical Dry Broadleaf Forests,Neotropic
434,_roff_2030y_SOC,cf_std,7.7127466,Snake-Columbia shrub steppe,13.0,Deserts & Xeric Shrublands,Nearctic
630,_roff_2030y_SOC,cf_std,,Society Islands tropical moist forests,1.0,Tropical & Subtropical Moist Broadleaf Forests,Oceania
105,_roff_2030y_SOC,cf_std,3.6098166,Socotra Island xeric shrublands,13.0,Deserts & Xeric Shrublands,Afrotropic
503,_roff_2030y_SOC,cf_std,,Solimões-Japurá moist forests,1.0,Tropical & Subtropical Moist Broadleaf Forests,Neotropic
152,_roff_2030y_SOC,cf_std,0.0,Solomon Islands rain forests,1.0,Tropical & Subtropical Moist Broadleaf Forests,Australasia
55,_roff_2030y_SOC,cf_std,8.386667,Somali Acacia-Commiphora bushlands and thickets,7.0,"Tropical & Subtropical Grasslands, Savannas & Shrublands",Afrotropic
324,_roff_2030y_SOC,cf_std,4.4193406,Sonoran-Sinaloan subtropical dry forest,2.0,Tropical & Subtropical Dry Broadleaf Forests,Nearctic
435,_roff_2030y_SOC,cf_std,3.4025166,Sonoran desert,13.0,Deserts & Xeric Shrublands,Nearctic
615,_roff_2030y_SOC,cf_std,,South American Pacific mangroves,14.0,Mangroves,Neotropic
130,_roff_2030y_SOC,cf_std,,South Antarctic Peninsula tundra,11.0,Tundra,Antarctica
802,_roff_2030y_SOC,cf_std,11.172619,South Apennine mixed montane forests,12.0,"Mediterranean Forests, Woodlands & Scrub",Palearctic
367,_roff_2030y_SOC,cf_std,5.111156,South Central Rockies forests,5.0,Temperate Conifer Forests,Nearctic
268,_roff_2030y_SOC,cf_std,8.623055,South China-Vietnam subtropical evergreen forests,1.0,Tropical & Subtropical Moist Broadleaf Forests,Indomalayan
267,_roff_2030y_SOC,cf_std,,South China Sea Islands,1.0,Tropical & Subtropical Moist Broadleaf Forests,Indomalayan
298,_roff_2030y_SOC,cf_std,4.397275,South Deccan Plateau dry deciduous forests,2.0,Tropical & Subtropical Dry Broadleaf Forests,Indomalayan
841,_roff_2030y_SOC,cf_std,4.5658393,South Iran Nubo-Sindian desert and semi-desert,13.0,Deserts & Xeric Shrublands,Palearctic
194,_roff_2030y_SOC,cf_std,6.1178064,New Zealand South Island montane grasslands,10.0,Montane Grasslands & Shrublands,Australasia
172,_roff_2030y_SOC,cf_std,7.7884502,New Zealand South Island temperate forests,4.0,Temperate Broadleaf & Mixed Forests,Australasia
131,_roff_2030y_SOC,cf_std,,South Orkney Islands tundra,11.0,Tundra,Antarctica
842,_roff_2030y_SOC,cf_std,1.1155273,South Sahara desert,13.0,Deserts & Xeric Shrublands,Palearctic
738,_roff_2030y_SOC,cf_std,6.983088,South Siberian forest steppe,8.0,"Temperate Grasslands, Savannas & Shrublands",Palearctic
269,_roff_2030y_SOC,cf_std,8.572375,South Taiwan monsoon rain forests,1.0,Tropical & Subtropical Moist Broadleaf Forests,Indomalayan
132,_roff_2030y_SOC,cf_std,,South Victoria Land tundra,11.0,Tundra,Antarctica
270,_roff_2030y_SOC,cf_std,3.7619066,South Western Ghats moist deciduous forests,1.0,Tropical & Subtropical Moist Broadleaf Forests,Indomalayan
271,_roff_2030y_SOC,cf_std,11.982642,South Western Ghats montane rain forests,1.0,Tropical & Subtropical Moist Broadleaf Forests,Indomalayan
176,_roff_2030y_SOC,cf_std,17.074503,Southeast Australia temperate forests,4.0,Temperate Broadleaf & Mixed Forests,Australasia
192,_roff_2030y_SOC,cf_std,4.405025,Southeast Australia temperate savanna,8.0,"Temperate Grasslands, Savannas & Shrublands",Australasia
765,_roff_2030y_SOC,cf_std,18.813757,Southeast Tibet shrublands and meadows,10.0,Montane Grasslands & Shrublands,Palearctic
400,_roff_2030y_SOC,cf_std,1.3469551,Southeast US mixed woodlands and savannas,8.0,"Temperate Grasslands, Savannas & Shrublands",Nearctic
399,_roff_2030y_SOC,cf_std,5.5059767,Southeast US conifer savannas,8.0,"Temperate Grasslands, Savannas & Shrublands",Nearctic
803,_roff_2030y_SOC,cf_std,6.500362,Southeast Iberian shrubs and woodlands,12.0,"Mediterranean Forests, Woodlands & Scrub",Palearctic
299,_roff_2030y_SOC,cf_std,1.8598821,Southeast Indochina dry evergreen forests,2.0,Tropical & Subtropical Dry Broadleaf Forests,Indomalayan
153,_roff_2030y_SOC,cf_std,10.494011,Southeast Papuan rain forests,1.0,Tropical & Subtropical Moist Broadleaf Forests,Australasia
57,_roff_2030y_SOC,cf_std,7.1018295,Southern Acacia-Commiphora bushlands and thickets,7.0,"Tropical & Subtropical Grasslands, Savannas & Shrublands",Afrotropic
116,_roff_2030y_SOC,cf_std,11.877298,Southern Africa mangroves,14.0,Mangroves,Afrotropic
804,_roff_2030y_SOC,cf_std,6.664722,Southern Anatolian montane conifer and deciduous forests,12.0,"Mediterranean Forests, Woodlands & Scrub",Palearctic
595,_roff_2030y_SOC,cf_std,6.2547464,Southern Andean steppe,10.0,Montane Grasslands & Shrublands,Neotropic
504,_roff_2030y_SOC,cf_std,6.9105887,Southern Andean Yungas,1.0,Tropical & Subtropical Moist Broadleaf Forests,Neotropic
272,_roff_2030y_SOC,cf_std,3.1864638,Southern Annamites montane rain forests,1.0,Tropical & Subtropical Moist Broadleaf Forests,Indomalayan
616,_roff_2030y_SOC,cf_std,16.116297,Southern Atlantic Brazilian mangroves,14.0,Mangroves,Neotropic
586,_roff_2030y_SOC,cf_std,5.2888045,Southern Cone Mesopotamian savanna,9.0,Flooded Grasslands & Savannas,Neotropic
58,_roff_2030y_SOC,cf_std,2.6418705,Southern Congolian forest-savanna,7.0,"Tropical & Subtropical Grasslands, Savannas & Shrublands",Afrotropic
342,_roff_2030y_SOC,cf_std,6.429853,Southern Great Lakes forests,4.0,Temperate Broadleaf & Mixed Forests,Nearctic
382,_roff_2030y_SOC,cf_std,4.8806047,Southern Hudson Bay taiga,6.0,Boreal Forests/Taiga,Nearctic
133,_roff_2030y_SOC,cf_std,,Southern Indian Ocean Islands tundra,11.0,Tundra,Antarctica
681,_roff_2030y_SOC,cf_std,10.296987,Southern Korea evergreen forests,4.0,Temperate Broadleaf & Mixed Forests,Palearctic
617,_roff_2030y_SOC,cf_std,,Southern Mesoamerican Pacific mangroves,14.0,Mangroves,Neotropic
154,_roff_2030y_SOC,cf_std,,Southern New Guinea freshwater swamp forests,1.0,Tropical & Subtropical Moist Broadleaf Forests,Australasia
155,_roff_2030y_SOC,cf_std,4.5832806,Southern New Guinea lowland rain forests,1.0,Tropical & Subtropical Moist Broadleaf Forests,Australasia
547,_roff_2030y_SOC,cf_std,10.346701,Southern Pacific dry forests,2.0,Tropical & Subtropical Dry Broadleaf Forests,Neotropic
87,_roff_2030y_SOC,cf_std,8.132063,Southern Rift Montane forest-grassland,10.0,Montane Grasslands & Shrublands,Afrotropic
28,_roff_2030y_SOC,cf_std,7.3370376,Southern Swahili coastal forests and woodlands,1.0,Tropical & Subtropical Moist Broadleaf Forests,Afrotropic
300,_roff_2030y_SOC,cf_std,3.088084,Southern Vietnam lowland dry forests,2.0,Tropical & Subtropical Dry Broadleaf Forests,Indomalayan
505,_roff_2030y_SOC,cf_std,7.138654,Southwest Amazon moist forests,1.0,Tropical & Subtropical Moist Broadleaf Forests,Neotropic
108,_roff_2030y_SOC,cf_std,3.8386106,Southwest Arabian Escarpment shrublands and woodlands,13.0,Deserts & Xeric Shrublands,Afrotropic
109,_roff_2030y_SOC,cf_std,3.8599987,Southwest Arabian highland xeric scrub,13.0,Deserts & Xeric Shrublands,Afrotropic
205,_roff_2030y_SOC,cf_std,6.531785,Southwest Australia savanna,12.0,"Mediterranean Forests, Woodlands & Scrub",Australasia
206,_roff_2030y_SOC,cf_std,15.489994,Southwest Australia woodlands,12.0,"Mediterranean Forests, Woodlands & Scrub",Australasia
273,_roff_2030y_SOC,cf_std,,Southwest Borneo freshwater swamp forests,1.0,Tropical & Subtropical Moist Broadleaf Forests,Indomalayan
805,_roff_2030y_SOC,cf_std,7.6784053,Southwest Iberian Mediterranean sclerophyllous and mixed forests,12.0,"Mediterranean Forests, Woodlands & Scrub",Palearctic
301,_roff_2030y_SOC,cf_std,3.951366,Sri Lanka dry-zone dry evergreen forests,2.0,Tropical & Subtropical Dry Broadleaf Forests,Indomalayan
274,_roff_2030y_SOC,cf_std,4.1138988,Sri Lanka lowland rain forests,1.0,Tropical & Subtropical Moist Broadleaf Forests,Indomalayan
275,_roff_2030y_SOC,cf_std,4.5958757,Sri Lanka montane rain forests,1.0,Tropical & Subtropical Moist Broadleaf Forests,Indomalayan
609,_roff_2030y_SOC,cf_std,,St. Peter and St. Paul Rocks,13.0,Deserts & Xeric Shrublands,Neotropic
110,_roff_2030y_SOC,cf_std,4.742165,Succulent Karoo xeric shrublands,13.0,Deserts & Xeric Shrublands,Afrotropic
74,_roff_2030y_SOC,cf_std,,Sudd flooded grasslands,9.0,Flooded Grasslands & Savannas,Afrotropic
746,_roff_2030y_SOC,cf_std,3.5048337,Suiphun-Khanka meadows and forest meadows,9.0,Flooded Grasslands & Savannas,Palearctic
766,_roff_2030y_SOC,cf_std,7.4980783,Sulaiman Range alpine meadows,10.0,Montane Grasslands & Shrublands,Palearctic
157,_roff_2030y_SOC,cf_std,14.8211155,Sulawesi montane rain forests,1.0,Tropical & Subtropical Moist Broadleaf Forests,Australasia
276,_roff_2030y_SOC,cf_std,,Sulu Archipelago rain forests,1.0,Tropical & Subtropical Moist Broadleaf Forests,Indomalayan
277,_roff_2030y_SOC,cf_std,,Sumatran freshwater swamp forests,1.0,Tropical & Subtropical Moist Broadleaf Forests,Indomalayan
278,_roff_2030y_SOC,cf_std,15.703192,Sumatran lowland rain forests,1.0,Tropical & Subtropical Moist Broadleaf Forests,Indomalayan
279,_roff_2030y_SOC,cf_std,11.730848,Sumatran montane rain forests,1.0,Tropical & Subtropical Moist Broadleaf Forests,Indomalayan
280,_roff_2030y_SOC,cf_std,,Sumatran peat swamp forests,1.0,Tropical & Subtropical Moist Broadleaf Forests,Indomalayan
305,_roff_2030y_SOC,cf_std,16.321873,Sumatran tropical pine forests,3.0,Tropical & Subtropical Coniferous Forests,Indomalayan
165,_roff_2030y_SOC,cf_std,,Sumba deciduous forests,2.0,Tropical & Subtropical Dry Broadleaf Forests,Australasia
322,_roff_2030y_SOC,cf_std,,Sunda Shelf mangroves,14.0,Mangroves,Indomalayan
281,_roff_2030y_SOC,cf_std,,Sundaland heath forests,1.0,Tropical & Subtropical Moist Broadleaf Forests,Indomalayan
282,_roff_2030y_SOC,cf_std,3.3078642,Sundarbans freshwater swamp forests,1.0,Tropical & Subtropical Moist Broadleaf Forests,Indomalayan
323,_roff_2030y_SOC,cf_std,12.836859,Sundarbans mangroves,14.0,Mangroves,Indomalayan
739,_roff_2030y_SOC,cf_std,4.2914095,Syrian xeric grasslands and shrublands,8.0,"Temperate Grasslands, Savannas & Shrublands",Palearctic
682,_roff_2030y_SOC,cf_std,12.046371,Taiheiyo evergreen forests,4.0,Temperate Broadleaf & Mixed Forests,Palearctic
683,_roff_2030y_SOC,cf_std,7.033038,Taiheiyo montane deciduous forests,4.0,Temperate Broadleaf & Mixed Forests,Palearctic
781,_roff_2030y_SOC,cf_std,,Taimyr-Central Siberian tundra,11.0,Tundra,Palearctic
283,_roff_2030y_SOC,cf_std,15.747612,Taiwan subtropical evergreen forests,1.0,Tropical & Subtropical Moist Broadleaf Forests,Indomalayan
843,_roff_2030y_SOC,cf_std,5.7714834,Taklimakan desert,13.0,Deserts & Xeric Shrublands,Palearctic
506,_roff_2030y_SOC,cf_std,16.137455,Talamancan montane forests,1.0,Tropical & Subtropical Moist Broadleaf Forests,Neotropic
436,_roff_2030y_SOC,cf_std,4.5195985,Tamaulipan matorral,13.0,Deserts & Xeric Shrublands,Nearctic
437,_roff_2030y_SOC,cf_std,3.671897,Tamaulipan mezquital,13.0,Deserts & Xeric Shrublands,Nearctic
507,_roff_2030y_SOC,cf_std,,Tapajós-Xingu moist forests,1.0,Tropical & Subtropical Moist Broadleaf Forests,Neotropic
684,_roff_2030y_SOC,cf_std,6.4492245,Tarim Basin deciduous forests and steppe,4.0,Temperate Broadleaf & Mixed Forests,Palearctic
177,_roff_2030y_SOC,cf_std,15.5804,Tasmanian Central Highland forests,4.0,Temperate Broadleaf & Mixed Forests,Australasia
178,_roff_2030y_SOC,cf_std,12.558959,Tasmanian temperate forests,4.0,Temperate Broadleaf & Mixed Forests,Australasia
179,_roff_2030y_SOC,cf_std,6.6528487,Tasmanian temperate rain forests,4.0,Temperate Broadleaf & Mixed Forests,Australasia
610,_roff_2030y_SOC,cf_std,3.8147602,Tehuacán Valley matorral,13.0,Deserts & Xeric Shrublands,Neotropic
284,_roff_2030y_SOC,cf_std,1.9470087,Tenasserim-South Thailand semi-evergreen rain forests,1.0,Tropical & Subtropical Moist Broadleaf Forests,Indomalayan
311,_roff_2030y_SOC,cf_std,3.7378683,Terai-Duar savanna and grasslands,7.0,"Tropical & Subtropical Grasslands, Savannas & Shrublands",Indomalayan
401,_roff_2030y_SOC,cf_std,3.222454,Texas blackland prairies,8.0,"Temperate Grasslands, Savannas & Shrublands",Nearctic
318,_roff_2030y_SOC,cf_std,1.3127819,Thar desert,13.0,Deserts & Xeric Shrublands,Indomalayan
740,_roff_2030y_SOC,cf_std,8.839675,Tian Shan foothill arid steppe,8.0,"Temperate Grasslands, Savannas & Shrublands",Palearctic
709,_roff_2030y_SOC,cf_std,12.780185,Tian Shan montane conifer forests,5.0,Temperate Conifer Forests,Palearctic
767,_roff_2030y_SOC,cf_std,13.7688875,Tian Shan montane steppe and meadows,10.0,Montane Grasslands & Shrublands,Palearctic
844,_roff_2030y_SOC,cf_std,1.7516066,Tibesti-Jebel Uweinat montane xeric woodlands,13.0,Deserts & Xeric Shrublands,Palearctic
768,_roff_2030y_SOC,cf_std,7.0964494,Tibetan Plateau alpine shrublands and meadows,10.0,Montane Grasslands & Shrublands,Palearctic
747,_roff_2030y_SOC,cf_std,2.0828414,Tigris-Euphrates alluvial salt marsh,9.0,Flooded Grasslands & Savannas,Palearctic
166,_roff_2030y_SOC,cf_std,18.87988,Timor and Wetar deciduous forests,2.0,Tropical & Subtropical Dry Broadleaf Forests,Australasia
215,_roff_2030y_SOC,cf_std,4.5145783,Tirari-Sturt stony desert,13.0,Deserts & Xeric Shrublands,Australasia
631,_roff_2030y_SOC,cf_std,,Tongan tropical moist forests,1.0,Tropical & Subtropical Moist Broadleaf Forests,Oceania
286,_roff_2030y_SOC,cf_std,,Tonle Sap-Mekong peat swamp forests,1.0,Tropical & Subtropical Moist Broadleaf Forests,Indomalayan
285,_roff_2030y_SOC,cf_std,,Tonle Sap freshwater swamp forests,1.0,Tropical & Subtropical Moist Broadleaf Forests,Indomalayan
421,_roff_2030y_SOC,cf_std,,Torngat Mountain tundra,11.0,Tundra,Nearctic
782,_roff_2030y_SOC,cf_std,5.726988,Trans-Baikal Bald Mountain tundra,11.0,Tundra,Palearctic
718,_roff_2030y_SOC,cf_std,4.1022577,Trans-Baikal conifer forests,6.0,Boreal Forests/Taiga,Palearctic
559,_roff_2030y_SOC,cf_std,6.4639225,Trans-Mexican Volcanic Belt pine-oak forests,3.0,Tropical & Subtropical Coniferous Forests,Neotropic
188,_roff_2030y_SOC,cf_std,,Trans Fly savanna and grasslands,7.0,"Tropical & Subtropical Grasslands, Savannas & Shrublands",Australasia
134,_roff_2030y_SOC,cf_std,,Transantarctic Mountains tundra,11.0,Tundra,Antarctica
510,_roff_2030y_SOC,cf_std,,Trinidad and Tobago moist forest,1.0,Tropical & Subtropical Moist Broadleaf Forests,Neotropic
68,_roff_2030y_SOC,cf_std,,Tristan Da Cunha-Gough Islands shrub and grasslands,8.0,"Temperate Grasslands, Savannas & Shrublands",Afrotropic
158,_roff_2030y_SOC,cf_std,,Trobriand Islands rain forests,1.0,Tropical & Subtropical Moist Broadleaf Forests,Australasia
632,_roff_2030y_SOC,cf_std,,Tuamotu tropical moist forests,1.0,Tropical & Subtropical Moist Broadleaf Forests,Oceania
633,_roff_2030y_SOC,cf_std,,Tubuai tropical moist forests,1.0,Tropical & Subtropical Moist Broadleaf Forests,Oceania
549,_roff_2030y_SOC,cf_std,8.559368,Tumbes-Piura dry forests,2.0,Tropical & Subtropical Dry Broadleaf Forests,Neotropic
806,_roff_2030y_SOC,cf_std,12.814719,Tyrrhenian-Adriatic sclerophyllous and mixed forests,12.0,"Mediterranean Forests, Woodlands & Scrub",Palearctic
511,_roff_2030y_SOC,cf_std,,Uatumã-Trombetas moist forests,1.0,Tropical & Subtropical Moist Broadleaf Forests,Neotropic
512,_roff_2030y_SOC,cf_std,5.926536,Ucayali moist forests,1.0,Tropical & Subtropical Moist Broadleaf Forests,Neotropic
287,_roff_2030y_SOC,cf_std,2.9883401,Upper Gangetic Plains moist deciduous forests,1.0,Tropical & Subtropical Moist Broadleaf Forests,Indomalayan
343,_roff_2030y_SOC,cf_std,7.0312634,Upper Midwest US forest-savanna transition,4.0,Temperate Broadleaf & Mixed Forests,Nearctic
719,_roff_2030y_SOC,cf_std,13.663586,Urals montane forest and taiga,6.0,Boreal Forests/Taiga,Palearctic
574,_roff_2030y_SOC,cf_std,7.0340266,Uruguayan savanna,7.0,"Tropical & Subtropical Grasslands, Savannas & Shrublands",Neotropic
685,_roff_2030y_SOC,cf_std,5.326885,Ussuri broadleaf and mixed forests,4.0,Temperate Broadleaf & Mixed Forests,Palearctic
563,_roff_2030y_SOC,cf_std,17.164833,Valdivian temperate forests,4.0,Temperate Broadleaf & Mixed Forests,Neotropic
159,_roff_2030y_SOC,cf_std,0.0,Vanuatu rain forests,1.0,Tropical & Subtropical Moist Broadleaf Forests,Australasia
513,_roff_2030y_SOC,cf_std,6.326617,Venezuelan Andes montane forests,1.0,Tropical & Subtropical Moist Broadleaf Forests,Neotropic
550,_roff_2030y_SOC,cf_std,1.8196731,Veracruz dry forests,2.0,Tropical & Subtropical Dry Broadleaf Forests,Neotropic
514,_roff_2030y_SOC,cf_std,11.565036,Veracruz moist forests,1.0,Tropical & Subtropical Moist Broadleaf Forests,Neotropic
515,_roff_2030y_SOC,cf_std,2.725549,Veracruz montane forests,1.0,Tropical & Subtropical Moist Broadleaf Forests,Neotropic
189,_roff_2030y_SOC,cf_std,1.24252,Victoria Plains tropical savanna,7.0,"Tropical & Subtropical Grasslands, Savannas & Shrublands",Australasia
161,_roff_2030y_SOC,cf_std,19.1422,Vogelkop-Aru lowland rain forests,1.0,Tropical & Subtropical Moist Broadleaf Forests,Australasia
160,_roff_2030y_SOC,cf_std,13.933011,Vogelkop montane rain forests,1.0,Tropical & Subtropical Moist Broadleaf Forests,Australasia
368,_roff_2030y_SOC,cf_std,9.160675,Wasatch and Uinta montane forests,5.0,Temperate Conifer Forests,Nearctic
383,_roff_2030y_SOC,cf_std,9.009884,Watson Highlands taiga,6.0,Boreal Forests/Taiga,Nearctic
845,_roff_2030y_SOC,cf_std,1.126403,West Sahara desert,13.0,Deserts & Xeric Shrublands,Palearctic
846,_roff_2030y_SOC,cf_std,1.0368632,West Saharan montane xeric woodlands,13.0,Deserts & Xeric Shrublands,Palearctic
720,_roff_2030y_SOC,cf_std,6.926832,West Siberian taiga,6.0,Boreal Forests/Taiga,Palearctic
62,_roff_2030y_SOC,cf_std,1.2387738,West Sudanian savanna,7.0,"Tropical & Subtropical Grasslands, Savannas & Shrublands",Afrotropic
216,_roff_2030y_SOC,cf_std,3.5539277,Western Australian Mulga shrublands,13.0,Deserts & Xeric Shrublands,Australasia
29,_roff_2030y_SOC,cf_std,,Western Congolian swamp forests,1.0,Tropical & Subtropical Moist Broadleaf Forests,Afrotropic
516,_roff_2030y_SOC,cf_std,2.5784616,Western Ecuador moist forests,1.0,Tropical & Subtropical Moist Broadleaf Forests,Neotropic
686,_roff_2030y_SOC,cf_std,9.923282,Western European broadleaf forests,4.0,Temperate Broadleaf & Mixed Forests,Palearctic
344,_roff_2030y_SOC,cf_std,6.983638,Western Great Lakes forests,4.0,Temperate Broadleaf & Mixed Forests,Nearctic
30,_roff_2030y_SOC,cf_std,,Western Guinean lowland forests,1.0,Tropical & Subtropical Moist Broadleaf Forests,Afrotropic
384,_roff_2030y_SOC,cf_std,18.87262,Western Gulf coastal grasslands,7.0,"Tropical & Subtropical Grasslands, Savannas & Shrublands",Nearctic
769,_roff_2030y_SOC,cf_std,7.7484813,Western Himalayan alpine shrub and meadows,10.0,Montane Grasslands & Shrublands,Palearctic
308,_roff_2030y_SOC,cf_std,7.829201,Western Himalayan broadleaf forests,4.0,Temperate Broadleaf & Mixed Forests,Indomalayan
310,_roff_2030y_SOC,cf_std,14.567254,Western Himalayan subalpine conifer forests,5.0,Temperate Conifer Forests,Indomalayan
288,_roff_2030y_SOC,cf_std,8.824891,Western Java montane rain forests,1.0,Tropical & Subtropical Moist Broadleaf Forests,Indomalayan
289,_roff_2030y_SOC,cf_std,15.637654,Western Java rain forests,1.0,Tropical & Subtropical Moist Broadleaf Forests,Indomalayan
634,_roff_2030y_SOC,cf_std,,Western Polynesian tropical moist forests,1.0,Tropical & Subtropical Moist Broadleaf Forests,Oceania
402,_roff_2030y_SOC,cf_std,4.552203,Western shortgrass prairie,8.0,"Temperate Grasslands, Savannas & Shrublands",Nearctic
687,_roff_2030y_SOC,cf_std,8.135357,Western Siberian hemiboreal forests,4.0,Temperate Broadleaf & Mixed Forests,Palearctic
180,_roff_2030y_SOC,cf_std,0.07192924,Westland temperate forests,4.0,Temperate Broadleaf & Mixed Forests,Australasia
403,_roff_2030y_SOC,cf_std,4.310313,Willamette Valley oak savanna,8.0,"Temperate Grasslands, Savannas & Shrublands",Nearctic
517,_roff_2030y_SOC,cf_std,,Windward Islands moist forests,1.0,Tropical & Subtropical Moist Broadleaf Forests,Neotropic
783,_roff_2030y_SOC,cf_std,,Wrangel Island Arctic desert,11.0,Tundra,Palearctic
438,_roff_2030y_SOC,cf_std,8.186562,Wyoming Basin shrub steppe,13.0,Deserts & Xeric Shrublands,Nearctic
518,_roff_2030y_SOC,cf_std,,Xingu-Tocantins-Araguaia moist forests,1.0,Tropical & Subtropical Moist Broadleaf Forests,Neotropic
784,_roff_2030y_SOC,cf_std,,Yamal-Gydan tundra,11.0,Tundra,Palearctic
638,_roff_2030y_SOC,cf_std,,Yap tropical dry forests,2.0,Tropical & Subtropical Dry Broadleaf Forests,Oceania
162,_roff_2030y_SOC,cf_std,,Yapen rain forests,1.0,Tropical & Subtropical Moist Broadleaf Forests,Australasia
770,_roff_2030y_SOC,cf_std,5.5920706,Yarlung Zanbo arid steppe,10.0,Montane Grasslands & Shrublands,Palearctic
748,_roff_2030y_SOC,cf_std,5.9445076,Yellow Sea saline meadow,9.0,Flooded Grasslands & Savannas,Palearctic
551,_roff_2030y_SOC,cf_std,,Yucatán dry forests,2.0,Tropical & Subtropical Dry Broadleaf Forests,Neotropic
519,_roff_2030y_SOC,cf_std,,Yucatán moist forests,1.0,Tropical & Subtropical Moist Broadleaf Forests,Neotropic
643,_roff_2030y_SOC,cf_std,5.6602306,Yunnan Plateau subtropical evergreen forests,1.0,Tropical & Subtropical Moist Broadleaf Forests,Palearctic
688,_roff_2030y_SOC,cf_std,7.7442904,Zagros Mountains forest steppe,4.0,Temperate Broadleaf & Mixed Forests,Palearctic
66,_roff_2030y_SOC,cf_std,2.2598906,Zambezian-Limpopo mixed woodlands,7.0,"Tropical & Subtropical Grasslands, Savannas & Shrublands",Afrotropic
64,_roff_2030y_SOC,cf_std,2.9790447,Zambezian Baikiaea woodlands,7.0,"Tropical & Subtropical Grasslands, Savannas & Shrublands",Afrotropic
75,_roff_2030y_SOC,cf_std,2.1752255,Zambezian coastal flooded savanna,9.0,Flooded Grasslands & Savannas,Afrotropic
42,_roff_2030y_SOC,cf_std,3.4526026,Dry miombo woodlands,7.0,"Tropical & Subtropical Grasslands, Savannas & Shrublands",Afrotropic
33,_roff_2030y_SOC,cf_std,1.6061912,Zambezian evergreen dry forests,2.0,Tropical & Subtropical Dry Broadleaf Forests,Afrotropic
76,_roff_2030y_SOC,cf_std,3.2002025,Zambezian flooded grasslands,9.0,Flooded Grasslands & Savannas,Afrotropic
65,_roff_2030y_SOC,cf_std,2.4750278,Zambezian mopane woodlands,7.0,"Tropical & Subtropical Grasslands, Savannas & Shrublands",Afrotropic
524,_roff_2030y_SOC,cf_std,2.214998,Brazilian Atlantic dry forests,2.0,Tropical & Subtropical Dry Broadleaf Forests,Neotropic
380,_roff_2030y_SOC,cf_std,7.708612,Northern Cordillera forests,6.0,Boreal Forests/Taiga,Nearctic
60,_roff_2030y_SOC,cf_std,,St. Helena scrub and woodlands,7.0,"Tropical & Subtropical Grasslands, Savannas & Shrublands",Afrotropic
61,_roff_2030y_SOC,cf_std,5.1295023,Victoria Basin forest-savanna,7.0,"Tropical & Subtropical Grasslands, Savannas & Shrublands",Afrotropic
63,_roff_2030y_SOC,cf_std,2.777702,Western Congolian forest-savanna,7.0,"Tropical & Subtropical Grasslands, Savannas & Shrublands",Afrotropic
78,_roff_2030y_SOC,cf_std,6.586649,East African montane moorlands,10.0,Montane Grasslands & Shrublands,Afrotropic
365,_roff_2030y_SOC,cf_std,10.498727,Queen Charlotte Islands conifer forests,5.0,Temperate Conifer Forests,Nearctic
360,_roff_2030y_SOC,cf_std,9.387011,Northern Pacific Alaskan coastal forests,5.0,Temperate Conifer Forests,Nearctic
381,_roff_2030y_SOC,cf_std,3.2810435,Northwest Territories taiga,6.0,Boreal Forests/Taiga,Nearctic
107,_roff_2030y_SOC,cf_std,5.104817,Southwest Arabian coastal xeric shrublands,13.0,Deserts & Xeric Shrublands,Afrotropic
811,_roff_2030y_SOC,cf_std,3.1428487,Arabian-Persian Gulf coastal plain desert,13.0,Deserts & Xeric Shrublands,Palearctic
840,_roff_2030y_SOC,cf_std,2.6532383,South Arabian plains and plateau desert,13.0,Deserts & Xeric Shrublands,Palearctic
809,_roff_2030y_SOC,cf_std,1.5742491,Arabian desert,13.0,Deserts & Xeric Shrublands,Palearctic
552,_roff_2030y_SOC,cf_std,,Bahamian pineyards,3.0,Tropical & Subtropical Coniferous Forests,Neotropic
96,_roff_2030y_SOC,cf_std,,Ile Europa and Bassas da India xeric scrub,13.0,Deserts & Xeric Shrublands,Afrotropic
773,_roff_2030y_SOC,cf_std,6.15164,Kamchatka tundra,11.0,Tundra,Palearctic
508,_roff_2030y_SOC,cf_std,,Tocantins/Pindare moist forests,1.0,Tropical & Subtropical Moist Broadleaf Forests,Neotropic
417,_roff_2030y_SOC,cf_std,,Kalaallit Nunaat Arctic steppe,11.0,Tundra,Nearctic
358,_roff_2030y_SOC,cf_std,11.452444,North Cascades conifer forests,5.0,Temperate Conifer Forests,Nearctic
361,_roff_2030y_SOC,cf_std,9.950683,Northern Rockies conifer forests,5.0,Temperate Conifer Forests,Nearctic
509,_roff_2030y_SOC,cf_std,,Trindade-Martin Vaz Islands tropical forests,1.0,Tropical & Subtropical Moist Broadleaf Forests,Neotropic
59,_roff_2030y_SOC,cf_std,4.979955,Southwest Arabian montane woodlands and grasslands,7.0,"Tropical & Subtropical Grasslands, Savannas & Shrublands",Afrotropic
56,_roff_2030y_SOC,cf_std,4.6834354,"South Arabian fog woodlands, shrublands, and dune",7.0,"Tropical & Subtropical Grasslands, Savannas & Shrublands",Afrotropic
548,_roff_2030y_SOC,cf_std,,Trinidad and Tobago dry forest,2.0,Tropical & Subtropical Dry Broadleaf Forests,Neotropic
537,_roff_2030y_SOC,cf_std,,Lesser Antillean dry forests,2.0,Tropical & Subtropical Dry Broadleaf Forests,Neotropic
672,_roff_2030y_SOC,cf_std,10.340404,North Atlantic moist mixed forests,4.0,Temperate Broadleaf & Mixed Forests,Palearctic
119,_roff_2030y_SOC,cf_std,,Dronning Maud Land tundra,11.0,Tundra,Antarctica
124,_roff_2030y_SOC,cf_std,,Marie Byrd Land tundra,11.0,Tundra,Antarctica
156,_roff_2030y_SOC,cf_std,19.105316,Sulawesi lowland rain forests,1.0,Tropical & Subtropical Moist Broadleaf Forests,Australasia
8,_roff_2030y_SOC,cf_std,9.505012,East African montane forests,1.0,Tropical & Subtropical Moist Broadleaf Forests,Afrotropic
9,_roff_2030y_SOC,cf_std,5.7534857,Eastern Arc forests,1.0,Tropical & Subtropical Moist Broadleaf Forests,Afrotropic
220,_roff_2030y_SOC,cf_std,4.300992,Borneo montane rain forests,1.0,Tropical & Subtropical Moist Broadleaf Forests,Indomalayan
313,_roff_2030y_SOC,cf_std,4.749873,Kinabalu montane alpine meadows,10.0,Montane Grasslands & Shrublands,Indomalayan
