ECO_ID,flow_name,metric,value,ECO_NAME,BIOME_NUM,BIOME_NAME,REALM
117,Apple_irr_2030y_SOC,cf_mean,,Adelie Land tundra,11.0,Tundra,Antarctica
135,Apple_irr_2030y_SOC,cf_mean,,Admiralty Islands lowland rain forests,1.0,Tropical & Subtropical Moist Broadleaf Forests,Australasia
785,Apple_irr_2030y_SOC,cf_mean,42.553505,Aegean and Western Turkey sclerophyllous and mixed forests,12.0,"Mediterranean Forests, Woodlands & Scrub",Palearctic
807,Apple_irr_2030y_SOC,cf_mean,,Afghan Mountains semi-desert,13.0,Deserts & Xeric Shrublands,Palearctic
404,Apple_irr_2030y_SOC,cf_mean,,Ahklun and Kilbuck Upland Tundra,11.0,Tundra,Nearctic
722,Apple_irr_2030y_SOC,cf_mean,,Al-Hajar foothill xeric woodlands and shrublands,8.0,"Temperate Grasslands, Savannas & Shrublands",Palearctic
723,Apple_irr_2030y_SOC,cf_mean,,Al-Hajar montane woodlands and shrublands,8.0,"Temperate Grasslands, Savannas & Shrublands",Palearctic
721,Apple_irr_2030y_SOC,cf_mean,,Alai-Western Tian Shan steppe,8.0,"Temperate Grasslands, Savannas & Shrublands",Palearctic
808,Apple_irr_2030y_SOC,cf_mean,44.386044,Alashan Plateau semi-desert,13.0,Deserts & Xeric Shrublands,Palearctic
405,Apple_irr_2030y_SOC,cf_mean,,Alaska-St. Elias Range tundra,11.0,Tundra,Nearctic
369,Apple_irr_2030y_SOC,cf_mean,,Alaska Peninsula montane taiga,6.0,Boreal Forests/Taiga,Nearctic
88,Apple_irr_2030y_SOC,cf_mean,34.759754,Albany thickets,12.0,"Mediterranean Forests, Woodlands & Scrub",Afrotropic
345,Apple_irr_2030y_SOC,cf_mean,,Alberta-British Columbia foothills forests,5.0,Temperate Conifer Forests,Nearctic
1,Apple_irr_2030y_SOC,cf_mean,,Albertine Rift montane forests,1.0,Tropical & Subtropical Moist Broadleaf Forests,Afrotropic
91,Apple_irr_2030y_SOC,cf_mean,,Aldabra Island xeric scrub,13.0,Deserts & Xeric Shrublands,Afrotropic
406,Apple_irr_2030y_SOC,cf_mean,,Aleutian Islands tundra,11.0,Tundra,Nearctic
328,Apple_irr_2030y_SOC,cf_mean,,Allegheny Highlands forests,4.0,Temperate Broadleaf & Mixed Forests,Nearctic
689,Apple_irr_2030y_SOC,cf_mean,71.46907,Alps conifer and mixed forests,5.0,Temperate Conifer Forests,Palearctic
749,Apple_irr_2030y_SOC,cf_mean,,Altai alpine meadow and tundra,10.0,Montane Grasslands & Shrublands,Palearctic
690,Apple_irr_2030y_SOC,cf_mean,,Altai montane forest and forest steppe,5.0,Temperate Conifer Forests,Palearctic
724,Apple_irr_2030y_SOC,cf_mean,,Altai steppe and semi-desert,8.0,"Temperate Grasslands, Savannas & Shrublands",Palearctic
439,Apple_irr_2030y_SOC,cf_mean,30.724129,Alto Paraná Atlantic forests,1.0,Tropical & Subtropical Moist Broadleaf Forests,Neotropic
611,Apple_irr_2030y_SOC,cf_mean,39.70832,Amazon-Orinoco-Southern Caribbean mangroves,14.0,Mangroves,Neotropic
67,Apple_irr_2030y_SOC,cf_mean,,Amsterdam-Saint Paul Islands temperate grasslands,8.0,"Temperate Grasslands, Savannas & Shrublands",Afrotropic
741,Apple_irr_2030y_SOC,cf_mean,,Amur meadow steppe,9.0,Flooded Grasslands & Savannas,Palearctic
786,Apple_irr_2030y_SOC,cf_mean,,Anatolian conifer and deciduous mixed forests,12.0,"Mediterranean Forests, Woodlands & Scrub",Palearctic
218,Apple_irr_2030y_SOC,cf_mean,63.68345,Andaman Islands rain forests,1.0,Tropical & Subtropical Moist Broadleaf Forests,Indomalayan
77,Apple_irr_2030y_SOC,cf_mean,,Angolan montane forest-grassland,10.0,Montane Grasslands & Shrublands,Afrotropic
34,Apple_irr_2030y_SOC,cf_mean,,Angolan mopane woodlands,7.0,"Tropical & Subtropical Grasslands, Savannas & Shrublands",Afrotropic
35,Apple_irr_2030y_SOC,cf_mean,,Angolan scarp savanna and woodlands,7.0,"Tropical & Subtropical Grasslands, Savannas & Shrublands",Afrotropic
36,Apple_irr_2030y_SOC,cf_mean,,Angolan wet miombo woodlands,7.0,"Tropical & Subtropical Grasslands, Savannas & Shrublands",Afrotropic
196,Apple_irr_2030y_SOC,cf_mean,,Antipodes Subantarctic Islands tundra,11.0,Tundra,Australasia
331,Apple_irr_2030y_SOC,cf_mean,44.92929,Appalachian-Blue Ridge forests,4.0,Temperate Broadleaf & Mixed Forests,Nearctic
329,Apple_irr_2030y_SOC,cf_mean,32.2629,Appalachian mixed mesophytic forests,4.0,Temperate Broadleaf & Mixed Forests,Nearctic
330,Apple_irr_2030y_SOC,cf_mean,31.32524,Appalachian Piedmont forests,4.0,Temperate Broadleaf & Mixed Forests,Nearctic
644,Apple_irr_2030y_SOC,cf_mean,53.291065,Appenine deciduous montane forests,4.0,Temperate Broadleaf & Mixed Forests,Palearctic
520,Apple_irr_2030y_SOC,cf_mean,34.39088,Apure-Villavicencio dry forests,2.0,Tropical & Subtropical Dry Broadleaf Forests,Neotropic
810,Apple_irr_2030y_SOC,cf_mean,,Arabian sand desert,13.0,Deserts & Xeric Shrublands,Palearctic
440,Apple_irr_2030y_SOC,cf_mean,53.05533,Araucaria moist forests,1.0,Tropical & Subtropical Moist Broadleaf Forests,Neotropic
597,Apple_irr_2030y_SOC,cf_mean,,Araya and Paria xeric scrub,13.0,Deserts & Xeric Shrublands,Neotropic
407,Apple_irr_2030y_SOC,cf_mean,,Arctic coastal tundra,11.0,Tundra,Nearctic
778,Apple_irr_2030y_SOC,cf_mean,,Russian Arctic desert,11.0,Tundra,Palearctic
408,Apple_irr_2030y_SOC,cf_mean,,Arctic foothills tundra,11.0,Tundra,Nearctic
346,Apple_irr_2030y_SOC,cf_mean,32.675213,Arizona Mountains forests,5.0,Temperate Conifer Forests,Nearctic
181,Apple_irr_2030y_SOC,cf_mean,22.771666,Arnhem Land tropical savanna,7.0,"Tropical & Subtropical Grasslands, Savannas & Shrublands",Australasia
37,Apple_irr_2030y_SOC,cf_mean,,Ascension scrub and grasslands,7.0,"Tropical & Subtropical Grasslands, Savannas & Shrublands",Afrotropic
598,Apple_irr_2030y_SOC,cf_mean,,Atacama desert,13.0,Deserts & Xeric Shrublands,Neotropic
441,Apple_irr_2030y_SOC,cf_mean,51.51356,Atlantic Coast restingas,1.0,Tropical & Subtropical Moist Broadleaf Forests,Neotropic
839,Apple_irr_2030y_SOC,cf_mean,,Saharan Atlantic coastal desert,13.0,Deserts & Xeric Shrublands,Palearctic
347,Apple_irr_2030y_SOC,cf_mean,,Atlantic coastal pine barrens,5.0,Temperate Conifer Forests,Nearctic
5,Apple_irr_2030y_SOC,cf_mean,,Congolian coastal forests,1.0,Tropical & Subtropical Moist Broadleaf Forests,Afrotropic
664,Apple_irr_2030y_SOC,cf_mean,40.952183,European Atlantic mixed forests,4.0,Temperate Broadleaf & Mixed Forests,Palearctic
193,Apple_irr_2030y_SOC,cf_mean,63.35372,Australian Alps montane grasslands,10.0,Montane Grasslands & Shrublands,Australasia
812,Apple_irr_2030y_SOC,cf_mean,,Azerbaijan shrub desert and steppe,13.0,Deserts & Xeric Shrublands,Palearctic
645,Apple_irr_2030y_SOC,cf_mean,,Azores temperate mixed forests,4.0,Temperate Broadleaf & Mixed Forests,Palearctic
813,Apple_irr_2030y_SOC,cf_mean,,Badghyz and Karabil semi-desert,13.0,Deserts & Xeric Shrublands,Palearctic
612,Apple_irr_2030y_SOC,cf_mean,73.86093,Bahamian-Antillean mangroves,14.0,Mangroves,Neotropic
442,Apple_irr_2030y_SOC,cf_mean,32.501347,Bahia coastal forests,1.0,Tropical & Subtropical Moist Broadleaf Forests,Neotropic
443,Apple_irr_2030y_SOC,cf_mean,31.152462,Bahia interior forests,1.0,Tropical & Subtropical Moist Broadleaf Forests,Neotropic
426,Apple_irr_2030y_SOC,cf_mean,14.650806,Baja California desert,13.0,Deserts & Xeric Shrublands,Nearctic
521,Apple_irr_2030y_SOC,cf_mean,31.111273,Bajío dry forests,2.0,Tropical & Subtropical Dry Broadleaf Forests,Neotropic
646,Apple_irr_2030y_SOC,cf_mean,64.91601,Balkan mixed forests,4.0,Temperate Broadleaf & Mixed Forests,Palearctic
522,Apple_irr_2030y_SOC,cf_mean,27.673908,Balsas dry forests,2.0,Tropical & Subtropical Dry Broadleaf Forests,Neotropic
647,Apple_irr_2030y_SOC,cf_mean,,Baltic mixed forests,4.0,Temperate Broadleaf & Mixed Forests,Palearctic
814,Apple_irr_2030y_SOC,cf_mean,19.40778,Baluchistan xeric woodlands,13.0,Deserts & Xeric Shrublands,Palearctic
136,Apple_irr_2030y_SOC,cf_mean,,Banda Sea Islands moist deciduous forests,1.0,Tropical & Subtropical Moist Broadleaf Forests,Australasia
564,Apple_irr_2030y_SOC,cf_mean,,Belizian pine savannas,7.0,"Tropical & Subtropical Grasslands, Savannas & Shrublands",Neotropic
565,Apple_irr_2030y_SOC,cf_mean,,Beni savanna,7.0,"Tropical & Subtropical Grasslands, Savannas & Shrublands",Neotropic
779,Apple_irr_2030y_SOC,cf_mean,,Russian Bering tundra,11.0,Tundra,Palearctic
409,Apple_irr_2030y_SOC,cf_mean,,Beringia lowland tundra,11.0,Tundra,Nearctic
410,Apple_irr_2030y_SOC,cf_mean,,Beringia upland tundra,11.0,Tundra,Nearctic
325,Apple_irr_2030y_SOC,cf_mean,,Bermuda subtropical conifer forests,3.0,Tropical & Subtropical Coniferous Forests,Nearctic
137,Apple_irr_2030y_SOC,cf_mean,,Biak-Numfoor rain forests,1.0,Tropical & Subtropical Moist Broadleaf Forests,Australasia
348,Apple_irr_2030y_SOC,cf_mean,,Blue Mountains forests,5.0,Temperate Conifer Forests,Nearctic
742,Apple_irr_2030y_SOC,cf_mean,,Bohai Sea saline meadow,9.0,Flooded Grasslands & Savannas,Palearctic
523,Apple_irr_2030y_SOC,cf_mean,,Bolivian montane dry forests,2.0,Tropical & Subtropical Dry Broadleaf Forests,Neotropic
444,Apple_irr_2030y_SOC,cf_mean,64.9559,Bolivian Yungas,1.0,Tropical & Subtropical Moist Broadleaf Forests,Neotropic
219,Apple_irr_2030y_SOC,cf_mean,,Borneo lowland rain forests,1.0,Tropical & Subtropical Moist Broadleaf Forests,Indomalayan
221,Apple_irr_2030y_SOC,cf_mean,,Borneo peat swamp forests,1.0,Tropical & Subtropical Moist Broadleaf Forests,Indomalayan
222,Apple_irr_2030y_SOC,cf_mean,28.700386,Brahmaputra Valley semi-evergreen forests,1.0,Tropical & Subtropical Moist Broadleaf Forests,Indomalayan
182,Apple_irr_2030y_SOC,cf_mean,19.250277,Brigalow tropical savanna,7.0,"Tropical & Subtropical Grasslands, Savannas & Shrublands",Australasia
349,Apple_irr_2030y_SOC,cf_mean,,British Columbia coastal conifer forests,5.0,Temperate Conifer Forests,Nearctic
411,Apple_irr_2030y_SOC,cf_mean,,Brooks-British Range tundra,11.0,Tundra,Nearctic
138,Apple_irr_2030y_SOC,cf_mean,,Buru rain forests,1.0,Tropical & Subtropical Moist Broadleaf Forests,Australasia
525,Apple_irr_2030y_SOC,cf_mean,19.325415,Caatinga,2.0,Tropical & Subtropical Dry Broadleaf Forests,Neotropic
445,Apple_irr_2030y_SOC,cf_mean,21.319891,Caatinga Enclaves moist forests,1.0,Tropical & Subtropical Moist Broadleaf Forests,Neotropic
691,Apple_irr_2030y_SOC,cf_mean,,Caledon conifer forests,5.0,Temperate Conifer Forests,Palearctic
385,Apple_irr_2030y_SOC,cf_mean,30.091263,California Central Valley grasslands,8.0,"Temperate Grasslands, Savannas & Shrublands",Nearctic
422,Apple_irr_2030y_SOC,cf_mean,32.644386,California coastal sage and chaparral,12.0,"Mediterranean Forests, Woodlands & Scrub",Nearctic
423,Apple_irr_2030y_SOC,cf_mean,36.480255,California interior chaparral and woodlands,12.0,"Mediterranean Forests, Woodlands & Scrub",Nearctic
424,Apple_irr_2030y_SOC,cf_mean,32.816704,California montane chaparral and woodlands,12.0,"Mediterranean Forests, Woodlands & Scrub",Nearctic
2,Apple_irr_2030y_SOC,cf_mean,,Cameroon Highlands forests,1.0,Tropical & Subtropical Moist Broadleaf Forests,Afrotropic
566,Apple_irr_2030y_SOC,cf_mean,35.487972,Campos Rupestres montane savanna,7.0,"Tropical & Subtropical Grasslands, Savannas & Shrublands",Neotropic
386,Apple_irr_2030y_SOC,cf_mean,,Canadian Aspen forests and parklands,8.0,"Temperate Grasslands, Savannas & Shrublands",Nearctic
413,Apple_irr_2030y_SOC,cf_mean,,Canadian Low Arctic tundra,11.0,Tundra,Nearctic
787,Apple_irr_2030y_SOC,cf_mean,65.42756,Canary Islands dry woodlands and forests,12.0,"Mediterranean Forests, Woodlands & Scrub",Palearctic
648,Apple_irr_2030y_SOC,cf_mean,61.86044,Cantabrian mixed forests,4.0,Temperate Broadleaf & Mixed Forests,Palearctic
190,Apple_irr_2030y_SOC,cf_mean,86.37002,Canterbury-Otago tussock grasslands,8.0,"Temperate Grasslands, Savannas & Shrublands",Australasia
31,Apple_irr_2030y_SOC,cf_mean,,Cape Verde Islands dry forests,2.0,Tropical & Subtropical Dry Broadleaf Forests,Afrotropic
183,Apple_irr_2030y_SOC,cf_mean,19.695042,Cape York Peninsula tropical savanna,7.0,"Tropical & Subtropical Grasslands, Savannas & Shrublands",Australasia
446,Apple_irr_2030y_SOC,cf_mean,29.812487,Caqueta moist forests,1.0,Tropical & Subtropical Moist Broadleaf Forests,Neotropic
223,Apple_irr_2030y_SOC,cf_mean,,Cardamom Mountains rain forests,1.0,Tropical & Subtropical Moist Broadleaf Forests,Indomalayan
599,Apple_irr_2030y_SOC,cf_mean,,Caribbean shrublands,13.0,Deserts & Xeric Shrublands,Neotropic
207,Apple_irr_2030y_SOC,cf_mean,20.270437,Carnarvon xeric shrublands,13.0,Deserts & Xeric Shrublands,Australasia
618,Apple_irr_2030y_SOC,cf_mean,,Carolines tropical moist forests,1.0,Tropical & Subtropical Moist Broadleaf Forests,Oceania
692,Apple_irr_2030y_SOC,cf_mean,,Carpathian montane forests,5.0,Temperate Conifer Forests,Palearctic
184,Apple_irr_2030y_SOC,cf_mean,18.546328,Carpentaria tropical savanna,7.0,"Tropical & Subtropical Grasslands, Savannas & Shrublands",Australasia
649,Apple_irr_2030y_SOC,cf_mean,,Caspian Hyrcanian mixed forests,4.0,Temperate Broadleaf & Mixed Forests,Palearctic
815,Apple_irr_2030y_SOC,cf_mean,,Caspian lowland desert,13.0,Deserts & Xeric Shrublands,Palearctic
447,Apple_irr_2030y_SOC,cf_mean,36.03978,Catatumbo moist forests,1.0,Tropical & Subtropical Moist Broadleaf Forests,Neotropic
526,Apple_irr_2030y_SOC,cf_mean,51.293613,Cauca Valley dry forests,2.0,Tropical & Subtropical Dry Broadleaf Forests,Neotropic
448,Apple_irr_2030y_SOC,cf_mean,69.1054,Cauca Valley montane forests,1.0,Tropical & Subtropical Moist Broadleaf Forests,Neotropic
650,Apple_irr_2030y_SOC,cf_mean,67.098694,Caucasus mixed forests,4.0,Temperate Broadleaf & Mixed Forests,Palearctic
449,Apple_irr_2030y_SOC,cf_mean,,Cayos Miskitos-San Andrés and Providencia moist forests,1.0,Tropical & Subtropical Moist Broadleaf Forests,Neotropic
651,Apple_irr_2030y_SOC,cf_mean,,Celtic broadleaf forests,4.0,Temperate Broadleaf & Mixed Forests,Palearctic
816,Apple_irr_2030y_SOC,cf_mean,,Central Afghan Mountains xeric woodlands,13.0,Deserts & Xeric Shrublands,Palearctic
111,Apple_irr_2030y_SOC,cf_mean,,Central African mangroves,14.0,Mangroves,Afrotropic
450,Apple_irr_2030y_SOC,cf_mean,40.68988,Central American Atlantic moist forests,1.0,Tropical & Subtropical Moist Broadleaf Forests,Neotropic
527,Apple_irr_2030y_SOC,cf_mean,39.061184,Central American dry forests,2.0,Tropical & Subtropical Dry Broadleaf Forests,Neotropic
451,Apple_irr_2030y_SOC,cf_mean,43.86757,Central American montane forests,1.0,Tropical & Subtropical Moist Broadleaf Forests,Neotropic
553,Apple_irr_2030y_SOC,cf_mean,39.835304,Central American pine-oak forests,3.0,Tropical & Subtropical Coniferous Forests,Neotropic
725,Apple_irr_2030y_SOC,cf_mean,,Central Anatolian steppe,8.0,"Temperate Grasslands, Savannas & Shrublands",Palearctic
652,Apple_irr_2030y_SOC,cf_mean,,Central Anatolian steppe and woodlands,4.0,Temperate Broadleaf & Mixed Forests,Palearctic
352,Apple_irr_2030y_SOC,cf_mean,52.363167,Central-Southern Cascades Forests,5.0,Temperate Conifer Forests,Nearctic
389,Apple_irr_2030y_SOC,cf_mean,30.152344,Central-Southern US mixed grasslands,8.0,"Temperate Grasslands, Savannas & Shrublands",Nearctic
587,Apple_irr_2030y_SOC,cf_mean,35.34543,Central Andean dry puna,10.0,Montane Grasslands & Shrublands,Neotropic
588,Apple_irr_2030y_SOC,cf_mean,40.384842,Central Andean puna,10.0,Montane Grasslands & Shrublands,Neotropic
589,Apple_irr_2030y_SOC,cf_mean,58.26123,Central Andean wet puna,10.0,Montane Grasslands & Shrublands,Neotropic
817,Apple_irr_2030y_SOC,cf_mean,,Central Asian northern desert,13.0,Deserts & Xeric Shrublands,Palearctic
818,Apple_irr_2030y_SOC,cf_mean,,Central Asian riparian woodlands,13.0,Deserts & Xeric Shrublands,Palearctic
819,Apple_irr_2030y_SOC,cf_mean,,Central Asian southern desert,13.0,Deserts & Xeric Shrublands,Palearctic
350,Apple_irr_2030y_SOC,cf_mean,,Central British Columbia Mountain forests,5.0,Temperate Conifer Forests,Nearctic
38,Apple_irr_2030y_SOC,cf_mean,23.952957,Central bushveld,7.0,"Tropical & Subtropical Grasslands, Savannas & Shrublands",Afrotropic
370,Apple_irr_2030y_SOC,cf_mean,,Central Canadian Shield forests,6.0,Boreal Forests/Taiga,Nearctic
653,Apple_irr_2030y_SOC,cf_mean,44.377216,Central China Loess Plateau mixed forests,4.0,Temperate Broadleaf & Mixed Forests,Palearctic
3,Apple_irr_2030y_SOC,cf_mean,,Central Congolian lowland forests,1.0,Tropical & Subtropical Moist Broadleaf Forests,Afrotropic
290,Apple_irr_2030y_SOC,cf_mean,19.528826,Central Deccan Plateau dry deciduous forests,2.0,Tropical & Subtropical Dry Broadleaf Forests,Indomalayan
654,Apple_irr_2030y_SOC,cf_mean,,Central European mixed forests,4.0,Temperate Broadleaf & Mixed Forests,Palearctic
387,Apple_irr_2030y_SOC,cf_mean,,Central US forest-grasslands transition,8.0,"Temperate Grasslands, Savannas & Shrublands",Nearctic
291,Apple_irr_2030y_SOC,cf_mean,,Central Indochina dry forests,2.0,Tropical & Subtropical Dry Broadleaf Forests,Indomalayan
655,Apple_irr_2030y_SOC,cf_mean,,Central Korean deciduous forests,4.0,Temperate Broadleaf & Mixed Forests,Palearctic
427,Apple_irr_2030y_SOC,cf_mean,28.637957,Central Mexican matorral,13.0,Deserts & Xeric Shrublands,Nearctic
351,Apple_irr_2030y_SOC,cf_mean,88.42473,Central Pacific Northwest coastal forests,5.0,Temperate Conifer Forests,Nearctic
820,Apple_irr_2030y_SOC,cf_mean,,Central Persian desert basins,13.0,Deserts & Xeric Shrublands,Palearctic
619,Apple_irr_2030y_SOC,cf_mean,,Central Polynesian tropical moist forests,1.0,Tropical & Subtropical Moist Broadleaf Forests,Oceania
139,Apple_irr_2030y_SOC,cf_mean,,Central Range Papuan montane rain forests,1.0,Tropical & Subtropical Moist Broadleaf Forests,Australasia
195,Apple_irr_2030y_SOC,cf_mean,,Papuan Central Range sub-alpine grasslands,10.0,Montane Grasslands & Shrublands,Australasia
208,Apple_irr_2030y_SOC,cf_mean,12.687997,Central Ranges xeric scrub,13.0,Deserts & Xeric Shrublands,Australasia
118,Apple_irr_2030y_SOC,cf_mean,,Central South Antarctic Peninsula tundra,11.0,Tundra,Antarctica
388,Apple_irr_2030y_SOC,cf_mean,,Central Tallgrass prairie,8.0,"Temperate Grasslands, Savannas & Shrublands",Nearctic
750,Apple_irr_2030y_SOC,cf_mean,44.098034,Central Tibetan Plateau alpine steppe,10.0,Montane Grasslands & Shrublands,Palearctic
39,Apple_irr_2030y_SOC,cf_mean,,Central Zambezian wet miombo woodlands,7.0,"Tropical & Subtropical Grasslands, Savannas & Shrublands",Afrotropic
567,Apple_irr_2030y_SOC,cf_mean,25.120123,Cerrado,7.0,"Tropical & Subtropical Grasslands, Savannas & Shrublands",Neotropic
656,Apple_irr_2030y_SOC,cf_mean,,Changbai Mountains mixed forests,4.0,Temperate Broadleaf & Mixed Forests,Palearctic
657,Apple_irr_2030y_SOC,cf_mean,35.20952,Changjiang Plain evergreen forests,4.0,Temperate Broadleaf & Mixed Forests,Palearctic
224,Apple_irr_2030y_SOC,cf_mean,,Chao Phraya freshwater swamp forests,1.0,Tropical & Subtropical Moist Broadleaf Forests,Indomalayan
225,Apple_irr_2030y_SOC,cf_mean,,Chao Phraya lowland moist deciduous forests,1.0,Tropical & Subtropical Moist Broadleaf Forests,Indomalayan
167,Apple_irr_2030y_SOC,cf_mean,,Chatham Island temperate forests,4.0,Temperate Broadleaf & Mixed Forests,Australasia
771,Apple_irr_2030y_SOC,cf_mean,,Cherskii-Kolyma mountain tundra,11.0,Tundra,Palearctic
292,Apple_irr_2030y_SOC,cf_mean,23.823765,Chhota-Nagpur dry deciduous forests,2.0,Tropical & Subtropical Dry Broadleaf Forests,Indomalayan
528,Apple_irr_2030y_SOC,cf_mean,30.425652,Chiapas Depression dry forests,2.0,Tropical & Subtropical Dry Broadleaf Forests,Neotropic
452,Apple_irr_2030y_SOC,cf_mean,42.797325,Chiapas montane forests,1.0,Tropical & Subtropical Moist Broadleaf Forests,Neotropic
428,Apple_irr_2030y_SOC,cf_mean,20.683151,Chihuahuan desert,13.0,Deserts & Xeric Shrublands,Nearctic
596,Apple_irr_2030y_SOC,cf_mean,62.24449,Chilean Matorral,12.0,"Mediterranean Forests, Woodlands & Scrub",Neotropic
453,Apple_irr_2030y_SOC,cf_mean,34.050808,Chimalapas montane forests,1.0,Tropical & Subtropical Moist Broadleaf Forests,Neotropic
226,Apple_irr_2030y_SOC,cf_mean,39.04667,Chin Hills-Arakan Yoma montane forests,1.0,Tropical & Subtropical Moist Broadleaf Forests,Indomalayan
529,Apple_irr_2030y_SOC,cf_mean,25.585764,Chiquitano dry forests,2.0,Tropical & Subtropical Dry Broadleaf Forests,Neotropic
454,Apple_irr_2030y_SOC,cf_mean,55.124107,Chocó-Darién moist forests,1.0,Tropical & Subtropical Moist Broadleaf Forests,Neotropic
227,Apple_irr_2030y_SOC,cf_mean,,Christmas and Cocos Islands tropical forests,1.0,Tropical & Subtropical Moist Broadleaf Forests,Indomalayan
772,Apple_irr_2030y_SOC,cf_mean,,Chukchi Peninsula tundra,11.0,Tundra,Palearctic
568,Apple_irr_2030y_SOC,cf_mean,,Clipperton Island shrub and grasslands,7.0,"Tropical & Subtropical Grasslands, Savannas & Shrublands",Neotropic
455,Apple_irr_2030y_SOC,cf_mean,,Cocos Island moist forests,1.0,Tropical & Subtropical Moist Broadleaf Forests,Neotropic
429,Apple_irr_2030y_SOC,cf_mean,27.531578,Colorado Plateau shrublands,13.0,Deserts & Xeric Shrublands,Nearctic
353,Apple_irr_2030y_SOC,cf_mean,53.0221,Colorado Rockies forests,5.0,Temperate Conifer Forests,Nearctic
4,Apple_irr_2030y_SOC,cf_mean,,Comoros forests,1.0,Tropical & Subtropical Moist Broadleaf Forests,Afrotropic
371,Apple_irr_2030y_SOC,cf_mean,,Cook Inlet taiga,6.0,Boreal Forests/Taiga,Nearctic
620,Apple_irr_2030y_SOC,cf_mean,,Cook Islands tropical moist forests,1.0,Tropical & Subtropical Moist Broadleaf Forests,Oceania
197,Apple_irr_2030y_SOC,cf_mean,30.27822,Coolgardie woodlands,12.0,"Mediterranean Forests, Woodlands & Scrub",Australasia
372,Apple_irr_2030y_SOC,cf_mean,,Copper Plateau taiga,6.0,Boreal Forests/Taiga,Nearctic
590,Apple_irr_2030y_SOC,cf_mean,64.20591,Cordillera Central páramo,10.0,Montane Grasslands & Shrublands,Neotropic
591,Apple_irr_2030y_SOC,cf_mean,,Cordillera de Merida páramo,10.0,Montane Grasslands & Shrublands,Neotropic
456,Apple_irr_2030y_SOC,cf_mean,,Cordillera La Costa montane forests,1.0,Tropical & Subtropical Moist Broadleaf Forests,Neotropic
457,Apple_irr_2030y_SOC,cf_mean,55.17802,Cordillera Oriental montane forests,1.0,Tropical & Subtropical Moist Broadleaf Forests,Neotropic
788,Apple_irr_2030y_SOC,cf_mean,82.361244,Corsican montane broadleaf and mixed forests,12.0,"Mediterranean Forests, Woodlands & Scrub",Palearctic
458,Apple_irr_2030y_SOC,cf_mean,,Costa Rican seasonal moist forests,1.0,Tropical & Subtropical Moist Broadleaf Forests,Neotropic
789,Apple_irr_2030y_SOC,cf_mean,68.76354,Crete Mediterranean forests,12.0,"Mediterranean Forests, Woodlands & Scrub",Palearctic
658,Apple_irr_2030y_SOC,cf_mean,,Crimean Submediterranean forest complex,4.0,Temperate Broadleaf & Mixed Forests,Palearctic
6,Apple_irr_2030y_SOC,cf_mean,,Cross-Niger transition forests,1.0,Tropical & Subtropical Moist Broadleaf Forests,Afrotropic
7,Apple_irr_2030y_SOC,cf_mean,,Cross-Sanaga-Bioko coastal forests,1.0,Tropical & Subtropical Moist Broadleaf Forests,Afrotropic
390,Apple_irr_2030y_SOC,cf_mean,33.711693,Cross-Timbers savanna-woodland,8.0,"Temperate Grasslands, Savannas & Shrublands",Nearctic
600,Apple_irr_2030y_SOC,cf_mean,,Cuban cactus scrub,13.0,Deserts & Xeric Shrublands,Neotropic
530,Apple_irr_2030y_SOC,cf_mean,,Cuban dry forests,2.0,Tropical & Subtropical Dry Broadleaf Forests,Neotropic
459,Apple_irr_2030y_SOC,cf_mean,,Cuban moist forests,1.0,Tropical & Subtropical Moist Broadleaf Forests,Neotropic
554,Apple_irr_2030y_SOC,cf_mean,,Cuban pine forests,3.0,Tropical & Subtropical Coniferous Forests,Neotropic
579,Apple_irr_2030y_SOC,cf_mean,,Cuban wetlands,9.0,Flooded Grasslands & Savannas,Neotropic
790,Apple_irr_2030y_SOC,cf_mean,48.019478,Cyprus Mediterranean forests,12.0,"Mediterranean Forests, Woodlands & Scrub",Palearctic
693,Apple_irr_2030y_SOC,cf_mean,,Da Hinggan-Dzhagdy Mountains conifer forests,5.0,Temperate Conifer Forests,Palearctic
659,Apple_irr_2030y_SOC,cf_mean,40.7902,Daba Mountains evergreen forests,4.0,Temperate Broadleaf & Mixed Forests,Palearctic
726,Apple_irr_2030y_SOC,cf_mean,,Daurian forest steppe,8.0,"Temperate Grasslands, Savannas & Shrublands",Palearctic
415,Apple_irr_2030y_SOC,cf_mean,,Davis Highlands tundra,11.0,Tundra,Nearctic
315,Apple_irr_2030y_SOC,cf_mean,20.599167,Deccan thorn scrub forests,13.0,Deserts & Xeric Shrublands,Indomalayan
660,Apple_irr_2030y_SOC,cf_mean,61.183006,Dinaric Mountains mixed forests,4.0,Temperate Broadleaf & Mixed Forests,Palearctic
92,Apple_irr_2030y_SOC,cf_mean,,Djibouti xeric shrublands,13.0,Deserts & Xeric Shrublands,Afrotropic
40,Apple_irr_2030y_SOC,cf_mean,40.808647,Drakensberg Escarpment savanna and thicket,7.0,"Tropical & Subtropical Grasslands, Savannas & Shrublands",Afrotropic
41,Apple_irr_2030y_SOC,cf_mean,39.70864,Drakensberg grasslands,7.0,"Tropical & Subtropical Grasslands, Savannas & Shrublands",Afrotropic
0,Apple_irr_2030y_SOC,cf_mean,60.549004,Rock and Ice,11.0,N/A,N/A
569,Apple_irr_2030y_SOC,cf_mean,26.044844,Dry Chaco,7.0,"Tropical & Subtropical Grasslands, Savannas & Shrublands",Neotropic
694,Apple_irr_2030y_SOC,cf_mean,35.04098,East Afghan montane conifer forests,5.0,Temperate Conifer Forests,Palearctic
69,Apple_irr_2030y_SOC,cf_mean,18.449228,East African halophytics,9.0,Flooded Grasslands & Savannas,Afrotropic
112,Apple_irr_2030y_SOC,cf_mean,26.91031,East African mangroves,14.0,Mangroves,Afrotropic
120,Apple_irr_2030y_SOC,cf_mean,,East Antarctic tundra,11.0,Tundra,Antarctica
821,Apple_irr_2030y_SOC,cf_mean,,East Arabian fog shrublands and sand desert,13.0,Deserts & Xeric Shrublands,Palearctic
332,Apple_irr_2030y_SOC,cf_mean,26.421858,East Central Texas forests,4.0,Temperate Broadleaf & Mixed Forests,Nearctic
293,Apple_irr_2030y_SOC,cf_mean,29.742634,East Deccan dry-evergreen forests,2.0,Tropical & Subtropical Dry Broadleaf Forests,Indomalayan
661,Apple_irr_2030y_SOC,cf_mean,,East European forest steppe,4.0,Temperate Broadleaf & Mixed Forests,Palearctic
822,Apple_irr_2030y_SOC,cf_mean,,East Sahara Desert,13.0,Deserts & Xeric Shrublands,Palearctic
823,Apple_irr_2030y_SOC,cf_mean,,East Saharan montane xeric woodlands,13.0,Deserts & Xeric Shrublands,Palearctic
710,Apple_irr_2030y_SOC,cf_mean,,East Siberian taiga,6.0,Boreal Forests/Taiga,Palearctic
43,Apple_irr_2030y_SOC,cf_mean,31.399124,East Sudanian savanna,7.0,"Tropical & Subtropical Grasslands, Savannas & Shrublands",Afrotropic
662,Apple_irr_2030y_SOC,cf_mean,,Eastern Anatolian deciduous forests,4.0,Temperate Broadleaf & Mixed Forests,Palearctic
727,Apple_irr_2030y_SOC,cf_mean,,Eastern Anatolian montane steppe,8.0,"Temperate Grasslands, Savannas & Shrublands",Palearctic
191,Apple_irr_2030y_SOC,cf_mean,14.9774475,Eastern Australia mulga shrublands,8.0,"Temperate Grasslands, Savannas & Shrublands",Australasia
168,Apple_irr_2030y_SOC,cf_mean,45.184776,Eastern Australian temperate forests,4.0,Temperate Broadleaf & Mixed Forests,Australasia
373,Apple_irr_2030y_SOC,cf_mean,,Eastern Canadian forests,6.0,Boreal Forests/Taiga,Nearctic
374,Apple_irr_2030y_SOC,cf_mean,,Eastern Canadian Shield taiga,6.0,Boreal Forests/Taiga,Nearctic
354,Apple_irr_2030y_SOC,cf_mean,42.70922,Eastern Cascades forests,5.0,Temperate Conifer Forests,Nearctic
10,Apple_irr_2030y_SOC,cf_mean,,Eastern Congolian swamp forests,1.0,Tropical & Subtropical Moist Broadleaf Forests,Afrotropic
460,Apple_irr_2030y_SOC,cf_mean,58.791412,Eastern Cordillera Real montane forests,1.0,Tropical & Subtropical Moist Broadleaf Forests,Neotropic
333,Apple_irr_2030y_SOC,cf_mean,,Eastern Canadian Forest-Boreal transition,4.0,Temperate Broadleaf & Mixed Forests,Nearctic
824,Apple_irr_2030y_SOC,cf_mean,,Eastern Gobi desert steppe,13.0,Deserts & Xeric Shrublands,Palearctic
334,Apple_irr_2030y_SOC,cf_mean,,Eastern Great Lakes lowland forests,4.0,Temperate Broadleaf & Mixed Forests,Nearctic
11,Apple_irr_2030y_SOC,cf_mean,,Eastern Guinean forests,1.0,Tropical & Subtropical Moist Broadleaf Forests,Afrotropic
228,Apple_irr_2030y_SOC,cf_mean,25.501736,East Deccan moist deciduous forests,1.0,Tropical & Subtropical Moist Broadleaf Forests,Indomalayan
751,Apple_irr_2030y_SOC,cf_mean,61.47501,Eastern Himalayan alpine shrub and meadows,10.0,Montane Grasslands & Shrublands,Palearctic
306,Apple_irr_2030y_SOC,cf_mean,45.585636,Eastern Himalayan broadleaf forests,4.0,Temperate Broadleaf & Mixed Forests,Indomalayan
309,Apple_irr_2030y_SOC,cf_mean,56.68873,Eastern Himalayan subalpine conifer forests,5.0,Temperate Conifer Forests,Indomalayan
229,Apple_irr_2030y_SOC,cf_mean,,Eastern Java-Bali montane rain forests,1.0,Tropical & Subtropical Moist Broadleaf Forests,Indomalayan
230,Apple_irr_2030y_SOC,cf_mean,,Eastern Java-Bali rain forests,1.0,Tropical & Subtropical Moist Broadleaf Forests,Indomalayan
791,Apple_irr_2030y_SOC,cf_mean,28.058483,Eastern Mediterranean conifer-broadleaf forests,12.0,"Mediterranean Forests, Woodlands & Scrub",Palearctic
621,Apple_irr_2030y_SOC,cf_mean,,Eastern Micronesia tropical moist forests,1.0,Tropical & Subtropical Moist Broadleaf Forests,Oceania
461,Apple_irr_2030y_SOC,cf_mean,39.9608,Eastern Panamanian montane forests,1.0,Tropical & Subtropical Moist Broadleaf Forests,Neotropic
531,Apple_irr_2030y_SOC,cf_mean,37.453827,Ecuadorian dry forests,2.0,Tropical & Subtropical Dry Broadleaf Forests,Neotropic
391,Apple_irr_2030y_SOC,cf_mean,32.085354,Edwards Plateau savanna,8.0,"Temperate Grasslands, Savannas & Shrublands",Nearctic
185,Apple_irr_2030y_SOC,cf_mean,19.975016,Einasleigh upland savanna,7.0,"Tropical & Subtropical Grasslands, Savannas & Shrublands",Australasia
695,Apple_irr_2030y_SOC,cf_mean,,Elburz Range forest steppe,5.0,Temperate Conifer Forests,Palearctic
121,Apple_irr_2030y_SOC,cf_mean,,Ellsworth Land tundra,11.0,Tundra,Antarctica
122,Apple_irr_2030y_SOC,cf_mean,,Ellsworth Mountains tundra,11.0,Tundra,Antarctica
728,Apple_irr_2030y_SOC,cf_mean,,Emin Valley steppe,8.0,"Temperate Grasslands, Savannas & Shrublands",Palearctic
123,Apple_irr_2030y_SOC,cf_mean,,Enderby Land tundra,11.0,Tundra,Antarctica
663,Apple_irr_2030y_SOC,cf_mean,,English Lowlands beech forests,4.0,Temperate Broadleaf & Mixed Forests,Palearctic
580,Apple_irr_2030y_SOC,cf_mean,,Enriquillo wetlands,9.0,Flooded Grasslands & Savannas,Neotropic
93,Apple_irr_2030y_SOC,cf_mean,,Eritrean coastal desert,13.0,Deserts & Xeric Shrublands,Afrotropic
198,Apple_irr_2030y_SOC,cf_mean,33.399563,Esperance mallee,12.0,"Mediterranean Forests, Woodlands & Scrub",Australasia
575,Apple_irr_2030y_SOC,cf_mean,28.57154,Espinal,8.0,"Temperate Grasslands, Savannas & Shrublands",Neotropic
12,Apple_irr_2030y_SOC,cf_mean,,Ethiopian montane forests,1.0,Tropical & Subtropical Moist Broadleaf Forests,Afrotropic
79,Apple_irr_2030y_SOC,cf_mean,,Ethiopian montane grasslands and woodlands,10.0,Montane Grasslands & Shrublands,Afrotropic
80,Apple_irr_2030y_SOC,cf_mean,,Ethiopian montane moorlands,10.0,Montane Grasslands & Shrublands,Afrotropic
70,Apple_irr_2030y_SOC,cf_mean,,Etosha Pan halophytics,9.0,Flooded Grasslands & Savannas,Afrotropic
665,Apple_irr_2030y_SOC,cf_mean,60.192314,Euxine-Colchic broadleaf forests,4.0,Temperate Broadleaf & Mixed Forests,Palearctic
581,Apple_irr_2030y_SOC,cf_mean,42.0027,Everglades flooded grasslands,9.0,Flooded Grasslands & Savannas,Neotropic
199,Apple_irr_2030y_SOC,cf_mean,36.65947,Eyre and York mallee,12.0,"Mediterranean Forests, Woodlands & Scrub",Australasia
729,Apple_irr_2030y_SOC,cf_mean,,Faroe Islands boreal grasslands,8.0,"Temperate Grasslands, Savannas & Shrublands",Palearctic
462,Apple_irr_2030y_SOC,cf_mean,,Fernando de Noronha-Atol das Rocas moist forests,1.0,Tropical & Subtropical Moist Broadleaf Forests,Neotropic
635,Apple_irr_2030y_SOC,cf_mean,,Fiji tropical dry forests,2.0,Tropical & Subtropical Dry Broadleaf Forests,Oceania
622,Apple_irr_2030y_SOC,cf_mean,,Fiji tropical moist forests,1.0,Tropical & Subtropical Moist Broadleaf Forests,Oceania
169,Apple_irr_2030y_SOC,cf_mean,,Fiordland temperate forests,4.0,Temperate Broadleaf & Mixed Forests,Australasia
200,Apple_irr_2030y_SOC,cf_mean,27.603111,Flinders-Lofty montane woodlands,12.0,"Mediterranean Forests, Woodlands & Scrub",Australasia
392,Apple_irr_2030y_SOC,cf_mean,,Flint Hills tallgrass prairie,8.0,"Temperate Grasslands, Savannas & Shrublands",Nearctic
355,Apple_irr_2030y_SOC,cf_mean,,Fraser Plateau and Basin conifer forests,5.0,Temperate Conifer Forests,Nearctic
89,Apple_irr_2030y_SOC,cf_mean,39.375122,Fynbos shrubland,12.0,"Mediterranean Forests, Woodlands & Scrub",Afrotropic
601,Apple_irr_2030y_SOC,cf_mean,54.998474,Galápagos Islands xeric scrub,13.0,Deserts & Xeric Shrublands,Neotropic
94,Apple_irr_2030y_SOC,cf_mean,17.494993,Gariep Karoo,13.0,Deserts & Xeric Shrublands,Afrotropic
752,Apple_irr_2030y_SOC,cf_mean,,Ghorat-Hazarajat alpine meadow,10.0,Montane Grasslands & Shrublands,Palearctic
209,Apple_irr_2030y_SOC,cf_mean,10.54053,Gibson desert,13.0,Deserts & Xeric Shrublands,Australasia
730,Apple_irr_2030y_SOC,cf_mean,,Gissaro-Alai open woodlands,8.0,"Temperate Grasslands, Savannas & Shrublands",Palearctic
316,Apple_irr_2030y_SOC,cf_mean,46.73103,Godavari-Krishna mangroves,13.0,Deserts & Xeric Shrublands,Indomalayan
825,Apple_irr_2030y_SOC,cf_mean,,Gobi Lakes Valley desert steppe,13.0,Deserts & Xeric Shrublands,Palearctic
13,Apple_irr_2030y_SOC,cf_mean,,Granitic Seychelles forests,1.0,Tropical & Subtropical Moist Broadleaf Forests,Afrotropic
356,Apple_irr_2030y_SOC,cf_mean,46.186592,Great Basin montane forests,5.0,Temperate Conifer Forests,Nearctic
430,Apple_irr_2030y_SOC,cf_mean,30.791538,Great Basin shrub steppe,13.0,Deserts & Xeric Shrublands,Nearctic
826,Apple_irr_2030y_SOC,cf_mean,,Great Lakes Basin desert steppe,13.0,Deserts & Xeric Shrublands,Palearctic
210,Apple_irr_2030y_SOC,cf_mean,14.1897335,Great Sandy-Tanami desert,13.0,Deserts & Xeric Shrublands,Australasia
211,Apple_irr_2030y_SOC,cf_mean,21.660828,Great Victoria desert,13.0,Deserts & Xeric Shrublands,Australasia
231,Apple_irr_2030y_SOC,cf_mean,,Greater Negros-Panay rain forests,1.0,Tropical & Subtropical Moist Broadleaf Forests,Indomalayan
602,Apple_irr_2030y_SOC,cf_mean,41.245655,Guajira-Barranquilla xeric scrub,13.0,Deserts & Xeric Shrublands,Neotropic
582,Apple_irr_2030y_SOC,cf_mean,37.607643,Guayaquil flooded grasslands,9.0,Flooded Grasslands & Savannas,Neotropic
463,Apple_irr_2030y_SOC,cf_mean,,Guianan freshwater swamp forests,1.0,Tropical & Subtropical Moist Broadleaf Forests,Neotropic
464,Apple_irr_2030y_SOC,cf_mean,37.02706,Guianan Highlands moist forests,1.0,Tropical & Subtropical Moist Broadleaf Forests,Neotropic
465,Apple_irr_2030y_SOC,cf_mean,32.027023,Guianan lowland moist forests,1.0,Tropical & Subtropical Moist Broadleaf Forests,Neotropic
466,Apple_irr_2030y_SOC,cf_mean,30.260197,Guianan piedmont moist forests,1.0,Tropical & Subtropical Moist Broadleaf Forests,Neotropic
570,Apple_irr_2030y_SOC,cf_mean,26.353214,Guianan savanna,7.0,"Tropical & Subtropical Grasslands, Savannas & Shrublands",Neotropic
44,Apple_irr_2030y_SOC,cf_mean,,Guinean forest-savanna,7.0,"Tropical & Subtropical Grasslands, Savannas & Shrublands",Afrotropic
113,Apple_irr_2030y_SOC,cf_mean,,Guinean mangroves,14.0,Mangroves,Afrotropic
14,Apple_irr_2030y_SOC,cf_mean,,Guinean montane forests,1.0,Tropical & Subtropical Moist Broadleaf Forests,Afrotropic
642,Apple_irr_2030y_SOC,cf_mean,42.460598,Guizhou Plateau broadleaf and mixed forests,1.0,Tropical & Subtropical Moist Broadleaf Forests,Palearctic
431,Apple_irr_2030y_SOC,cf_mean,31.615545,Gulf of California xeric scrub,13.0,Deserts & Xeric Shrublands,Nearctic
335,Apple_irr_2030y_SOC,cf_mean,,Gulf of St. Lawrence lowland forests,4.0,Temperate Broadleaf & Mixed Forests,Nearctic
467,Apple_irr_2030y_SOC,cf_mean,23.958733,Gurupa várzea,1.0,Tropical & Subtropical Moist Broadleaf Forests,Neotropic
232,Apple_irr_2030y_SOC,cf_mean,47.581547,Hainan Island monsoon rain forests,1.0,Tropical & Subtropical Moist Broadleaf Forests,Indomalayan
140,Apple_irr_2030y_SOC,cf_mean,,Halmahera rain forests,1.0,Tropical & Subtropical Moist Broadleaf Forests,Australasia
201,Apple_irr_2030y_SOC,cf_mean,39.6118,Hampton mallee and woodlands,12.0,"Mediterranean Forests, Woodlands & Scrub",Australasia
636,Apple_irr_2030y_SOC,cf_mean,54.457096,Hawai'i tropical dry forests,2.0,Tropical & Subtropical Dry Broadleaf Forests,Oceania
639,Apple_irr_2030y_SOC,cf_mean,38.69374,Hawai'i tropical high shrublands,7.0,"Tropical & Subtropical Grasslands, Savannas & Shrublands",Oceania
640,Apple_irr_2030y_SOC,cf_mean,73.08955,Hawai'i tropical low shrublands,7.0,"Tropical & Subtropical Grasslands, Savannas & Shrublands",Oceania
623,Apple_irr_2030y_SOC,cf_mean,72.59517,Hawai'i tropical moist forests,1.0,Tropical & Subtropical Moist Broadleaf Forests,Oceania
696,Apple_irr_2030y_SOC,cf_mean,,Helanshan montane conifer forests,5.0,Temperate Conifer Forests,Palearctic
697,Apple_irr_2030y_SOC,cf_mean,75.387886,Hengduan Mountains subalpine conifer forests,5.0,Temperate Conifer Forests,Palearctic
412,Apple_irr_2030y_SOC,cf_mean,,Canadian High Arctic tundra,11.0,Tundra,Nearctic
592,Apple_irr_2030y_SOC,cf_mean,29.441875,High Monte,10.0,Montane Grasslands & Shrublands,Neotropic
81,Apple_irr_2030y_SOC,cf_mean,27.46209,Highveld grasslands,10.0,Montane Grasslands & Shrublands,Afrotropic
233,Apple_irr_2030y_SOC,cf_mean,32.343254,Himalayan subtropical broadleaf forests,1.0,Tropical & Subtropical Moist Broadleaf Forests,Indomalayan
302,Apple_irr_2030y_SOC,cf_mean,37.071003,Himalayan subtropical pine forests,3.0,Tropical & Subtropical Coniferous Forests,Indomalayan
753,Apple_irr_2030y_SOC,cf_mean,57.17458,Hindu Kush alpine meadow,10.0,Montane Grasslands & Shrublands,Palearctic
532,Apple_irr_2030y_SOC,cf_mean,,Hispaniolan dry forests,2.0,Tropical & Subtropical Dry Broadleaf Forests,Neotropic
468,Apple_irr_2030y_SOC,cf_mean,,Hispaniolan moist forests,1.0,Tropical & Subtropical Moist Broadleaf Forests,Neotropic
555,Apple_irr_2030y_SOC,cf_mean,,Hispaniolan pine forests,3.0,Tropical & Subtropical Coniferous Forests,Neotropic
95,Apple_irr_2030y_SOC,cf_mean,,Hobyo grasslands and shrublands,13.0,Deserts & Xeric Shrublands,Afrotropic
666,Apple_irr_2030y_SOC,cf_mean,,Hokkaido deciduous forests,4.0,Temperate Broadleaf & Mixed Forests,Palearctic
698,Apple_irr_2030y_SOC,cf_mean,,Hokkaido montane conifer forests,5.0,Temperate Conifer Forests,Palearctic
699,Apple_irr_2030y_SOC,cf_mean,,Honshu alpine conifer forests,5.0,Temperate Conifer Forests,Palearctic
45,Apple_irr_2030y_SOC,cf_mean,,Horn of Africa xeric bushlands,7.0,"Tropical & Subtropical Grasslands, Savannas & Shrublands",Afrotropic
667,Apple_irr_2030y_SOC,cf_mean,45.736935,Huang He Plain mixed forests,4.0,Temperate Broadleaf & Mixed Forests,Palearctic
571,Apple_irr_2030y_SOC,cf_mean,28.051855,Humid Chaco,7.0,"Tropical & Subtropical Grasslands, Savannas & Shrublands",Neotropic
576,Apple_irr_2030y_SOC,cf_mean,42.840073,Humid Pampas,8.0,"Temperate Grasslands, Savannas & Shrublands",Neotropic
141,Apple_irr_2030y_SOC,cf_mean,,Huon Peninsula montane rain forests,1.0,Tropical & Subtropical Moist Broadleaf Forests,Australasia
792,Apple_irr_2030y_SOC,cf_mean,33.023064,Iberian conifer forests,12.0,"Mediterranean Forests, Woodlands & Scrub",Palearctic
793,Apple_irr_2030y_SOC,cf_mean,27.992876,Iberian sclerophyllous and semi-deciduous forests,12.0,"Mediterranean Forests, Woodlands & Scrub",Palearctic
711,Apple_irr_2030y_SOC,cf_mean,,Iceland boreal birch forests and alpine tundra,6.0,Boreal Forests/Taiga,Palearctic
794,Apple_irr_2030y_SOC,cf_mean,50.98558,Illyrian deciduous forests,12.0,"Mediterranean Forests, Woodlands & Scrub",Palearctic
319,Apple_irr_2030y_SOC,cf_mean,,Indochina mangroves,14.0,Mangroves,Indomalayan
320,Apple_irr_2030y_SOC,cf_mean,25.60574,Indus River Delta-Arabian Sea mangroves,14.0,Mangroves,Indomalayan
317,Apple_irr_2030y_SOC,cf_mean,,Indus Valley desert,13.0,Deserts & Xeric Shrublands,Indomalayan
71,Apple_irr_2030y_SOC,cf_mean,,Inner Niger Delta flooded savanna,9.0,Flooded Grasslands & Savannas,Afrotropic
375,Apple_irr_2030y_SOC,cf_mean,,Interior Alaska-Yukon lowland taiga,6.0,Boreal Forests/Taiga,Nearctic
336,Apple_irr_2030y_SOC,cf_mean,31.34615,Interior Plateau US Hardwood Forests,4.0,Temperate Broadleaf & Mixed Forests,Nearctic
416,Apple_irr_2030y_SOC,cf_mean,,Interior Yukon-Alaska alpine tundra,11.0,Tundra,Nearctic
469,Apple_irr_2030y_SOC,cf_mean,30.164276,Iquitos várzea,1.0,Tropical & Subtropical Moist Broadleaf Forests,Neotropic
294,Apple_irr_2030y_SOC,cf_mean,,Irrawaddy dry forests,2.0,Tropical & Subtropical Dry Broadleaf Forests,Indomalayan
234,Apple_irr_2030y_SOC,cf_mean,,Irrawaddy freshwater swamp forests,1.0,Tropical & Subtropical Moist Broadleaf Forests,Indomalayan
235,Apple_irr_2030y_SOC,cf_mean,,Irrawaddy moist deciduous forests,1.0,Tropical & Subtropical Moist Broadleaf Forests,Indomalayan
533,Apple_irr_2030y_SOC,cf_mean,,Islas Revillagigedo dry forests,2.0,Tropical & Subtropical Dry Broadleaf Forests,Neotropic
470,Apple_irr_2030y_SOC,cf_mean,,Isthmian-Atlantic moist forests,1.0,Tropical & Subtropical Moist Broadleaf Forests,Neotropic
471,Apple_irr_2030y_SOC,cf_mean,,Isthmian-Pacific moist forests,1.0,Tropical & Subtropical Moist Broadleaf Forests,Neotropic
795,Apple_irr_2030y_SOC,cf_mean,45.619884,Italian sclerophyllous and semi-deciduous forests,12.0,"Mediterranean Forests, Woodlands & Scrub",Palearctic
46,Apple_irr_2030y_SOC,cf_mean,,Itigi-Sumbu thicket,7.0,"Tropical & Subtropical Grasslands, Savannas & Shrublands",Afrotropic
534,Apple_irr_2030y_SOC,cf_mean,37.130386,Jalisco dry forests,2.0,Tropical & Subtropical Dry Broadleaf Forests,Neotropic
535,Apple_irr_2030y_SOC,cf_mean,,Jamaican dry forests,2.0,Tropical & Subtropical Dry Broadleaf Forests,Neotropic
472,Apple_irr_2030y_SOC,cf_mean,,Jamaican moist forests,1.0,Tropical & Subtropical Moist Broadleaf Forests,Neotropic
473,Apple_irr_2030y_SOC,cf_mean,33.383663,Japurá-Solimões-Negro moist forests,1.0,Tropical & Subtropical Moist Broadleaf Forests,Neotropic
202,Apple_irr_2030y_SOC,cf_mean,66.95552,Jarrah-Karri forest and shrublands,12.0,"Mediterranean Forests, Woodlands & Scrub",Australasia
236,Apple_irr_2030y_SOC,cf_mean,37.083527,Jian Nan subtropical evergreen forests,1.0,Tropical & Subtropical Moist Broadleaf Forests,Indomalayan
82,Apple_irr_2030y_SOC,cf_mean,,Jos Plateau forest-grassland,10.0,Montane Grasslands & Shrublands,Afrotropic
560,Apple_irr_2030y_SOC,cf_mean,,Juan Fernández Islands temperate forests,4.0,Temperate Broadleaf & Mixed Forests,Neotropic
827,Apple_irr_2030y_SOC,cf_mean,,Junggar Basin semi-desert,13.0,Deserts & Xeric Shrublands,Palearctic
474,Apple_irr_2030y_SOC,cf_mean,34.3597,Juruá-Purus moist forests,1.0,Tropical & Subtropical Moist Broadleaf Forests,Neotropic
418,Apple_irr_2030y_SOC,cf_mean,,Kalaallit Nunaat High Arctic tundra,11.0,Tundra,Nearctic
47,Apple_irr_2030y_SOC,cf_mean,,Kalahari Acacia woodlands,7.0,"Tropical & Subtropical Grasslands, Savannas & Shrublands",Afrotropic
97,Apple_irr_2030y_SOC,cf_mean,19.935072,Kalahari xeric savanna,13.0,Deserts & Xeric Shrublands,Afrotropic
713,Apple_irr_2030y_SOC,cf_mean,,Kamchatka-Kurile meadows and sparse forests,6.0,Boreal Forests/Taiga,Palearctic
712,Apple_irr_2030y_SOC,cf_mean,,Kamchatka taiga,6.0,Boreal Forests/Taiga,Palearctic
98,Apple_irr_2030y_SOC,cf_mean,,Kaokoveld desert,13.0,Deserts & Xeric Shrublands,Afrotropic
754,Apple_irr_2030y_SOC,cf_mean,51.90753,Karakoram-West Tibetan Plateau alpine steppe,10.0,Montane Grasslands & Shrublands,Palearctic
237,Apple_irr_2030y_SOC,cf_mean,,Kayah-Karen montane rain forests,1.0,Tropical & Subtropical Moist Broadleaf Forests,Indomalayan
731,Apple_irr_2030y_SOC,cf_mean,,Kazakh forest steppe,8.0,"Temperate Grasslands, Savannas & Shrublands",Palearctic
828,Apple_irr_2030y_SOC,cf_mean,,Kazakh semi-desert,13.0,Deserts & Xeric Shrublands,Palearctic
732,Apple_irr_2030y_SOC,cf_mean,,Kazakh steppe,8.0,"Temperate Grasslands, Savannas & Shrublands",Palearctic
733,Apple_irr_2030y_SOC,cf_mean,,Kazakh upland steppe,8.0,"Temperate Grasslands, Savannas & Shrublands",Palearctic
624,Apple_irr_2030y_SOC,cf_mean,,Kermadec Islands subtropical moist forests,1.0,Tropical & Subtropical Moist Broadleaf Forests,Oceania
755,Apple_irr_2030y_SOC,cf_mean,,Khangai Mountains alpine meadow,10.0,Montane Grasslands & Shrublands,Palearctic
700,Apple_irr_2030y_SOC,cf_mean,,Khangai Mountains conifer forests,5.0,Temperate Conifer Forests,Palearctic
295,Apple_irr_2030y_SOC,cf_mean,15.925919,Khathiar-Gir dry deciduous forests,2.0,Tropical & Subtropical Dry Broadleaf Forests,Indomalayan
186,Apple_irr_2030y_SOC,cf_mean,17.924013,Kimberly tropical savanna,7.0,"Tropical & Subtropical Grasslands, Savannas & Shrublands",Australasia
357,Apple_irr_2030y_SOC,cf_mean,51.912384,Klamath-Siskiyou forests,5.0,Temperate Conifer Forests,Nearctic
15,Apple_irr_2030y_SOC,cf_mean,49.46299,Knysna-Amatole montane forests,1.0,Tropical & Subtropical Moist Broadleaf Forests,Afrotropic
774,Apple_irr_2030y_SOC,cf_mean,,Kola Peninsula tundra,11.0,Tundra,Palearctic
829,Apple_irr_2030y_SOC,cf_mean,,Kopet Dag semi-desert,13.0,Deserts & Xeric Shrublands,Palearctic
756,Apple_irr_2030y_SOC,cf_mean,,Kopet Dag woodlands and forest steppe,10.0,Montane Grasslands & Shrublands,Palearctic
757,Apple_irr_2030y_SOC,cf_mean,,Kuh Rud and Eastern Iran montane woodlands,10.0,Montane Grasslands & Shrublands,Palearctic
16,Apple_irr_2030y_SOC,cf_mean,47.19505,Kwazulu Natal-Cape coastal forests,1.0,Tropical & Subtropical Moist Broadleaf Forests,Afrotropic
603,Apple_irr_2030y_SOC,cf_mean,,La Costa xeric shrublands,13.0,Deserts & Xeric Shrublands,Neotropic
72,Apple_irr_2030y_SOC,cf_mean,,Lake Chad flooded savanna,9.0,Flooded Grasslands & Savannas,Afrotropic
536,Apple_irr_2030y_SOC,cf_mean,,Lara-Falcón dry forests,2.0,Tropical & Subtropical Dry Broadleaf Forests,Neotropic
475,Apple_irr_2030y_SOC,cf_mean,,Leeward Islands moist forests,1.0,Tropical & Subtropical Moist Broadleaf Forests,Neotropic
163,Apple_irr_2030y_SOC,cf_mean,,Lesser Sundas deciduous forests,2.0,Tropical & Subtropical Dry Broadleaf Forests,Australasia
48,Apple_irr_2030y_SOC,cf_mean,28.995556,Limpopo lowveld,7.0,"Tropical & Subtropical Grasslands, Savannas & Shrublands",Afrotropic
572,Apple_irr_2030y_SOC,cf_mean,27.558432,Llanos,7.0,"Tropical & Subtropical Grasslands, Savannas & Shrublands",Neotropic
142,Apple_irr_2030y_SOC,cf_mean,,Lord Howe Island subtropical forests,1.0,Tropical & Subtropical Moist Broadleaf Forests,Australasia
143,Apple_irr_2030y_SOC,cf_mean,,Louisiade Archipelago rain forests,1.0,Tropical & Subtropical Moist Broadleaf Forests,Australasia
577,Apple_irr_2030y_SOC,cf_mean,20.079704,Low Monte,8.0,"Temperate Grasslands, Savannas & Shrublands",Neotropic
238,Apple_irr_2030y_SOC,cf_mean,23.509531,Lower Gangetic Plains moist deciduous forests,1.0,Tropical & Subtropical Moist Broadleaf Forests,Indomalayan
239,Apple_irr_2030y_SOC,cf_mean,,Luang Prabang montane rain forests,1.0,Tropical & Subtropical Moist Broadleaf Forests,Indomalayan
240,Apple_irr_2030y_SOC,cf_mean,,Luzon montane rain forests,1.0,Tropical & Subtropical Moist Broadleaf Forests,Indomalayan
241,Apple_irr_2030y_SOC,cf_mean,,Luzon rain forests,1.0,Tropical & Subtropical Moist Broadleaf Forests,Indomalayan
303,Apple_irr_2030y_SOC,cf_mean,,Luzon tropical pine forests,3.0,Tropical & Subtropical Coniferous Forests,Indomalayan
32,Apple_irr_2030y_SOC,cf_mean,26.21966,Madagascar dry deciduous forests,2.0,Tropical & Subtropical Dry Broadleaf Forests,Afrotropic
83,Apple_irr_2030y_SOC,cf_mean,43.915012,Madagascar ericoid thickets,10.0,Montane Grasslands & Shrublands,Afrotropic
17,Apple_irr_2030y_SOC,cf_mean,47.892113,Madagascar humid forests,1.0,Tropical & Subtropical Moist Broadleaf Forests,Afrotropic
114,Apple_irr_2030y_SOC,cf_mean,36.982864,Madagascar mangroves,14.0,Mangroves,Afrotropic
99,Apple_irr_2030y_SOC,cf_mean,23.121426,Madagascar spiny thickets,13.0,Deserts & Xeric Shrublands,Afrotropic
18,Apple_irr_2030y_SOC,cf_mean,32.575714,Madagascar subhumid forests,1.0,Tropical & Subtropical Moist Broadleaf Forests,Afrotropic
100,Apple_irr_2030y_SOC,cf_mean,22.85246,Madagascar succulent woodlands,13.0,Deserts & Xeric Shrublands,Afrotropic
476,Apple_irr_2030y_SOC,cf_mean,27.703564,Madeira-Tapajós moist forests,1.0,Tropical & Subtropical Moist Broadleaf Forests,Neotropic
668,Apple_irr_2030y_SOC,cf_mean,,Madeira evergreen forests,4.0,Temperate Broadleaf & Mixed Forests,Palearctic
478,Apple_irr_2030y_SOC,cf_mean,32.43038,Magdalena-Urabá moist forests,1.0,Tropical & Subtropical Moist Broadleaf Forests,Neotropic
538,Apple_irr_2030y_SOC,cf_mean,46.235817,Magdalena Valley dry forests,2.0,Tropical & Subtropical Dry Broadleaf Forests,Neotropic
477,Apple_irr_2030y_SOC,cf_mean,59.26338,Magdalena Valley montane forests,1.0,Tropical & Subtropical Moist Broadleaf Forests,Neotropic
561,Apple_irr_2030y_SOC,cf_mean,,Magellanic subpolar forests,4.0,Temperate Broadleaf & Mixed Forests,Neotropic
73,Apple_irr_2030y_SOC,cf_mean,,Makgadikgadi halophytics,9.0,Flooded Grasslands & Savannas,Afrotropic
242,Apple_irr_2030y_SOC,cf_mean,42.725716,Malabar Coast moist forests,1.0,Tropical & Subtropical Moist Broadleaf Forests,Indomalayan
243,Apple_irr_2030y_SOC,cf_mean,,Maldives-Lakshadweep-Chagos Archipelago tropical moist forests,1.0,Tropical & Subtropical Moist Broadleaf Forests,Indomalayan
604,Apple_irr_2030y_SOC,cf_mean,,Malpelo Island xeric scrub,13.0,Deserts & Xeric Shrublands,Neotropic
669,Apple_irr_2030y_SOC,cf_mean,,Manchurian mixed forests,4.0,Temperate Broadleaf & Mixed Forests,Palearctic
49,Apple_irr_2030y_SOC,cf_mean,,Mandara Plateau woodlands,7.0,"Tropical & Subtropical Grasslands, Savannas & Shrublands",Afrotropic
19,Apple_irr_2030y_SOC,cf_mean,34.451958,Maputaland coastal forests and woodlands,1.0,Tropical & Subtropical Moist Broadleaf Forests,Afrotropic
539,Apple_irr_2030y_SOC,cf_mean,,Maracaibo dry forests,2.0,Tropical & Subtropical Dry Broadleaf Forests,Neotropic
480,Apple_irr_2030y_SOC,cf_mean,33.9425,Marajó várzea,1.0,Tropical & Subtropical Moist Broadleaf Forests,Neotropic
540,Apple_irr_2030y_SOC,cf_mean,19.35535,Maranhão Babaçu forests,2.0,Tropical & Subtropical Dry Broadleaf Forests,Neotropic
479,Apple_irr_2030y_SOC,cf_mean,49.960445,Marañón dry forests,1.0,Tropical & Subtropical Moist Broadleaf Forests,Neotropic
637,Apple_irr_2030y_SOC,cf_mean,,Marianas tropical dry forests,2.0,Tropical & Subtropical Dry Broadleaf Forests,Oceania
625,Apple_irr_2030y_SOC,cf_mean,,Marquesas tropical moist forests,1.0,Tropical & Subtropical Moist Broadleaf Forests,Oceania
50,Apple_irr_2030y_SOC,cf_mean,13.078307,Masai xeric grasslands and shrublands,7.0,"Tropical & Subtropical Grasslands, Savannas & Shrublands",Afrotropic
20,Apple_irr_2030y_SOC,cf_mean,,Mascarene forests,1.0,Tropical & Subtropical Moist Broadleaf Forests,Afrotropic
481,Apple_irr_2030y_SOC,cf_mean,28.227074,Mato Grosso tropical dry forests,1.0,Tropical & Subtropical Moist Broadleaf Forests,Neotropic
796,Apple_irr_2030y_SOC,cf_mean,21.716118,Mediterranean Acacia-Argania dry woodlands and succulent thickets,12.0,"Mediterranean Forests, Woodlands & Scrub",Palearctic
701,Apple_irr_2030y_SOC,cf_mean,34.86612,Mediterranean conifer and mixed forests,5.0,Temperate Conifer Forests,Palearctic
797,Apple_irr_2030y_SOC,cf_mean,17.693823,Mediterranean dry woodlands and steppe,12.0,"Mediterranean Forests, Woodlands & Scrub",Palearctic
758,Apple_irr_2030y_SOC,cf_mean,23.661194,Mediterranean High Atlas juniper steppe,10.0,Montane Grasslands & Shrublands,Palearctic
798,Apple_irr_2030y_SOC,cf_mean,28.279842,Mediterranean woodlands and forests,12.0,"Mediterranean Forests, Woodlands & Scrub",Palearctic
244,Apple_irr_2030y_SOC,cf_mean,33.745407,Meghalaya subtropical forests,1.0,Tropical & Subtropical Moist Broadleaf Forests,Indomalayan
245,Apple_irr_2030y_SOC,cf_mean,,Mentawai Islands rain forests,1.0,Tropical & Subtropical Moist Broadleaf Forests,Indomalayan
432,Apple_irr_2030y_SOC,cf_mean,25.207336,Meseta Central matorral,13.0,Deserts & Xeric Shrublands,Nearctic
613,Apple_irr_2030y_SOC,cf_mean,54.848526,Mesoamerican Gulf-Caribbean mangroves,14.0,Mangroves,Neotropic
830,Apple_irr_2030y_SOC,cf_mean,17.673487,Mesopotamian shrub desert,13.0,Deserts & Xeric Shrublands,Palearctic
376,Apple_irr_2030y_SOC,cf_mean,,Mid-Canada Boreal Plains forests,6.0,Boreal Forests/Taiga,Nearctic
414,Apple_irr_2030y_SOC,cf_mean,,Canadian Middle Arctic Tundra,11.0,Tundra,Nearctic
393,Apple_irr_2030y_SOC,cf_mean,44.734077,Mid-Atlantic US coastal savannas,8.0,"Temperate Grasslands, Savannas & Shrublands",Nearctic
377,Apple_irr_2030y_SOC,cf_mean,,Midwest Canadian Shield forests,6.0,Boreal Forests/Taiga,Nearctic
247,Apple_irr_2030y_SOC,cf_mean,,Mindanao-Eastern Visayas rain forests,1.0,Tropical & Subtropical Moist Broadleaf Forests,Indomalayan
246,Apple_irr_2030y_SOC,cf_mean,,Mindanao montane rain forests,1.0,Tropical & Subtropical Moist Broadleaf Forests,Indomalayan
248,Apple_irr_2030y_SOC,cf_mean,,Mindoro rain forests,1.0,Tropical & Subtropical Moist Broadleaf Forests,Indomalayan
573,Apple_irr_2030y_SOC,cf_mean,38.45629,Miskito pine forests,7.0,"Tropical & Subtropical Grasslands, Savannas & Shrublands",Neotropic
337,Apple_irr_2030y_SOC,cf_mean,41.185486,Mississippi lowland forests,4.0,Temperate Broadleaf & Mixed Forests,Nearctic
187,Apple_irr_2030y_SOC,cf_mean,14.1815605,Mitchell Grass Downs,7.0,"Tropical & Subtropical Grasslands, Savannas & Shrublands",Australasia
249,Apple_irr_2030y_SOC,cf_mean,37.58171,Mizoram-Manipur-Kachin rain forests,1.0,Tropical & Subtropical Moist Broadleaf Forests,Indomalayan
433,Apple_irr_2030y_SOC,cf_mean,19.614614,Mojave desert,13.0,Deserts & Xeric Shrublands,Nearctic
734,Apple_irr_2030y_SOC,cf_mean,,Mongolian-Manchurian grassland,8.0,"Temperate Grasslands, Savannas & Shrublands",Palearctic
394,Apple_irr_2030y_SOC,cf_mean,56.355255,Montana Valley and Foothill grasslands,8.0,"Temperate Grasslands, Savannas & Shrublands",Nearctic
482,Apple_irr_2030y_SOC,cf_mean,28.49474,Monte Alegre várzea,1.0,Tropical & Subtropical Moist Broadleaf Forests,Neotropic
605,Apple_irr_2030y_SOC,cf_mean,35.945255,Motagua Valley thornscrub,13.0,Deserts & Xeric Shrublands,Neotropic
21,Apple_irr_2030y_SOC,cf_mean,,Mount Cameroon and Bioko montane forests,1.0,Tropical & Subtropical Moist Broadleaf Forests,Afrotropic
84,Apple_irr_2030y_SOC,cf_mean,,Mulanje Montane forest-grassland,10.0,Montane Grasslands & Shrublands,Afrotropic
203,Apple_irr_2030y_SOC,cf_mean,24.681356,Murray-Darling woodlands and mallee,12.0,"Mediterranean Forests, Woodlands & Scrub",Australasia
378,Apple_irr_2030y_SOC,cf_mean,,Muskwa-Slave Lake taiga,6.0,Boreal Forests/Taiga,Nearctic
321,Apple_irr_2030y_SOC,cf_mean,,Myanmar Coast mangroves,14.0,Mangroves,Indomalayan
250,Apple_irr_2030y_SOC,cf_mean,,Myanmar coastal rain forests,1.0,Tropical & Subtropical Moist Broadleaf Forests,Indomalayan
101,Apple_irr_2030y_SOC,cf_mean,22.24152,Nama Karoo shrublands,13.0,Deserts & Xeric Shrublands,Afrotropic
102,Apple_irr_2030y_SOC,cf_mean,,Namaqualand-Richtersveld steppe,13.0,Deserts & Xeric Shrublands,Afrotropic
103,Apple_irr_2030y_SOC,cf_mean,,Namib Desert,13.0,Deserts & Xeric Shrublands,Afrotropic
104,Apple_irr_2030y_SOC,cf_mean,,Namibian savanna woodlands,13.0,Deserts & Xeric Shrublands,Afrotropic
251,Apple_irr_2030y_SOC,cf_mean,96.749214,Nansei Islands subtropical evergreen forests,1.0,Tropical & Subtropical Moist Broadleaf Forests,Indomalayan
483,Apple_irr_2030y_SOC,cf_mean,34.548393,Napo moist forests,1.0,Tropical & Subtropical Moist Broadleaf Forests,Neotropic
204,Apple_irr_2030y_SOC,cf_mean,51.714077,Naracoorte woodlands,12.0,"Mediterranean Forests, Woodlands & Scrub",Australasia
296,Apple_irr_2030y_SOC,cf_mean,18.718058,Narmada Valley dry deciduous forests,2.0,Tropical & Subtropical Dry Broadleaf Forests,Indomalayan
395,Apple_irr_2030y_SOC,cf_mean,,Nebraska Sand Hills mixed grasslands,8.0,"Temperate Grasslands, Savannas & Shrublands",Nearctic
484,Apple_irr_2030y_SOC,cf_mean,29.16484,Negro-Branco moist forests,1.0,Tropical & Subtropical Moist Broadleaf Forests,Neotropic
170,Apple_irr_2030y_SOC,cf_mean,102.39132,Nelson Coast temperate forests,4.0,Temperate Broadleaf & Mixed Forests,Australasia
743,Apple_irr_2030y_SOC,cf_mean,,Nenjiang River grassland,9.0,Flooded Grasslands & Savannas,Palearctic
144,Apple_irr_2030y_SOC,cf_mean,,New Britain-New Ireland lowland rain forests,1.0,Tropical & Subtropical Moist Broadleaf Forests,Australasia
145,Apple_irr_2030y_SOC,cf_mean,,New Britain-New Ireland montane rain forests,1.0,Tropical & Subtropical Moist Broadleaf Forests,Australasia
164,Apple_irr_2030y_SOC,cf_mean,,New Caledonia dry forests,2.0,Tropical & Subtropical Dry Broadleaf Forests,Australasia
146,Apple_irr_2030y_SOC,cf_mean,,New Caledonia rain forests,1.0,Tropical & Subtropical Moist Broadleaf Forests,Australasia
338,Apple_irr_2030y_SOC,cf_mean,,New England-Acadian forests,4.0,Temperate Broadleaf & Mixed Forests,Nearctic
217,Apple_irr_2030y_SOC,cf_mean,,New Guinea mangroves,14.0,Mangroves,Australasia
252,Apple_irr_2030y_SOC,cf_mean,66.32503,Nicobar Islands rain forests,1.0,Tropical & Subtropical Moist Broadleaf Forests,Indomalayan
22,Apple_irr_2030y_SOC,cf_mean,,Niger Delta swamp forests,1.0,Tropical & Subtropical Moist Broadleaf Forests,Afrotropic
23,Apple_irr_2030y_SOC,cf_mean,,Nigerian lowland forests,1.0,Tropical & Subtropical Moist Broadleaf Forests,Afrotropic
670,Apple_irr_2030y_SOC,cf_mean,,Nihonkai evergreen forests,4.0,Temperate Broadleaf & Mixed Forests,Palearctic
671,Apple_irr_2030y_SOC,cf_mean,53.34707,Nihonkai montane deciduous forests,4.0,Temperate Broadleaf & Mixed Forests,Palearctic
744,Apple_irr_2030y_SOC,cf_mean,,Nile Delta flooded savanna,9.0,Flooded Grasslands & Savannas,Palearctic
147,Apple_irr_2030y_SOC,cf_mean,,Norfolk Island subtropical forests,1.0,Tropical & Subtropical Moist Broadleaf Forests,Australasia
126,Apple_irr_2030y_SOC,cf_mean,,Northeast Antarctic Peninsula tundra,11.0,Tundra,Antarctica
127,Apple_irr_2030y_SOC,cf_mean,,Northwest Antarctic Peninsula tundra,11.0,Tundra,Antarctica
831,Apple_irr_2030y_SOC,cf_mean,,North Arabian desert,13.0,Deserts & Xeric Shrublands,Palearctic
832,Apple_irr_2030y_SOC,cf_mean,,North Arabian highland shrublands,13.0,Deserts & Xeric Shrublands,Palearctic
171,Apple_irr_2030y_SOC,cf_mean,86.61884,New Zealand North Island temperate forests,4.0,Temperate Broadleaf & Mixed Forests,Australasia
833,Apple_irr_2030y_SOC,cf_mean,20.321453,North Saharan Xeric Steppe and Woodland,13.0,Deserts & Xeric Shrublands,Palearctic
106,Apple_irr_2030y_SOC,cf_mean,,Somali montane xeric woodlands,13.0,Deserts & Xeric Shrublands,Afrotropic
759,Apple_irr_2030y_SOC,cf_mean,55.447147,North Tibetan Plateau-Kunlun Mountains alpine desert,10.0,Montane Grasslands & Shrublands,Palearctic
125,Apple_irr_2030y_SOC,cf_mean,,North Victoria Land tundra,11.0,Tundra,Antarctica
253,Apple_irr_2030y_SOC,cf_mean,29.775473,North Western Ghats moist deciduous forests,1.0,Tropical & Subtropical Moist Broadleaf Forests,Indomalayan
254,Apple_irr_2030y_SOC,cf_mean,36.408325,North Western Ghats montane rain forests,1.0,Tropical & Subtropical Moist Broadleaf Forests,Indomalayan
673,Apple_irr_2030y_SOC,cf_mean,,Northeast China Plain deciduous forests,4.0,Temperate Broadleaf & Mixed Forests,Palearctic
304,Apple_irr_2030y_SOC,cf_mean,41.027565,Northeast India-Myanmar pine forests,3.0,Tropical & Subtropical Coniferous Forests,Indomalayan
775,Apple_irr_2030y_SOC,cf_mean,,Northeast Siberian coastal tundra,11.0,Tundra,Palearctic
714,Apple_irr_2030y_SOC,cf_mean,,Northeast Siberian taiga,6.0,Boreal Forests/Taiga,Palearctic
485,Apple_irr_2030y_SOC,cf_mean,34.316757,Northeast Brazil restingas,1.0,Tropical & Subtropical Moist Broadleaf Forests,Neotropic
24,Apple_irr_2030y_SOC,cf_mean,,Northeast Congolian lowland forests,1.0,Tropical & Subtropical Moist Broadleaf Forests,Afrotropic
702,Apple_irr_2030y_SOC,cf_mean,77.96877,Northeast Himalayan subalpine conifer forests,5.0,Temperate Conifer Forests,Palearctic
799,Apple_irr_2030y_SOC,cf_mean,43.183193,Northeast Spain and Southern France Mediterranean forests,12.0,"Mediterranean Forests, Woodlands & Scrub",Palearctic
339,Apple_irr_2030y_SOC,cf_mean,,Northeast US Coastal forests,4.0,Temperate Broadleaf & Mixed Forests,Nearctic
51,Apple_irr_2030y_SOC,cf_mean,19.751295,Northern Acacia-Commiphora bushlands and thickets,7.0,"Tropical & Subtropical Grasslands, Savannas & Shrublands",Afrotropic
703,Apple_irr_2030y_SOC,cf_mean,,Northern Anatolian conifer and deciduous forests,5.0,Temperate Conifer Forests,Palearctic
593,Apple_irr_2030y_SOC,cf_mean,67.60638,Northern Andean páramo,10.0,Montane Grasslands & Shrublands,Neotropic
255,Apple_irr_2030y_SOC,cf_mean,,Northern Annamites rain forests,1.0,Tropical & Subtropical Moist Broadleaf Forests,Indomalayan
359,Apple_irr_2030y_SOC,cf_mean,66.06857,Northern California coastal forests,5.0,Temperate Conifer Forests,Nearctic
379,Apple_irr_2030y_SOC,cf_mean,,Northern Canadian Shield taiga,6.0,Boreal Forests/Taiga,Nearctic
52,Apple_irr_2030y_SOC,cf_mean,,Northern Congolian Forest-Savanna,7.0,"Tropical & Subtropical Grasslands, Savannas & Shrublands",Afrotropic
297,Apple_irr_2030y_SOC,cf_mean,23.69762,North Deccan dry deciduous forests,2.0,Tropical & Subtropical Dry Broadleaf Forests,Indomalayan
256,Apple_irr_2030y_SOC,cf_mean,44.80031,Northern Indochina subtropical forests,1.0,Tropical & Subtropical Moist Broadleaf Forests,Indomalayan
257,Apple_irr_2030y_SOC,cf_mean,,Northern Khorat Plateau moist deciduous forests,1.0,Tropical & Subtropical Moist Broadleaf Forests,Indomalayan
614,Apple_irr_2030y_SOC,cf_mean,30.501541,Northern Mesoamerican Pacific mangroves,14.0,Mangroves,Neotropic
148,Apple_irr_2030y_SOC,cf_mean,,Northern New Guinea lowland rain and freshwater swamp forests,1.0,Tropical & Subtropical Moist Broadleaf Forests,Australasia
149,Apple_irr_2030y_SOC,cf_mean,,Northern New Guinea montane rain forests,1.0,Tropical & Subtropical Moist Broadleaf Forests,Australasia
396,Apple_irr_2030y_SOC,cf_mean,37.610302,Northern Shortgrass prairie,8.0,"Temperate Grasslands, Savannas & Shrublands",Nearctic
25,Apple_irr_2030y_SOC,cf_mean,24.79115,Northern Swahili coastal forests,1.0,Tropical & Subtropical Moist Broadleaf Forests,Afrotropic
397,Apple_irr_2030y_SOC,cf_mean,,Northern Tallgrass prairie,8.0,"Temperate Grasslands, Savannas & Shrublands",Nearctic
258,Apple_irr_2030y_SOC,cf_mean,,Northern Thailand-Laos moist deciduous forests,1.0,Tropical & Subtropical Moist Broadleaf Forests,Indomalayan
259,Apple_irr_2030y_SOC,cf_mean,56.357803,Northern Triangle subtropical forests,1.0,Tropical & Subtropical Moist Broadleaf Forests,Indomalayan
307,Apple_irr_2030y_SOC,cf_mean,47.088932,Northern Triangle temperate forests,4.0,Temperate Broadleaf & Mixed Forests,Indomalayan
260,Apple_irr_2030y_SOC,cf_mean,,Northern Vietnam lowland rain forests,1.0,Tropical & Subtropical Moist Broadleaf Forests,Indomalayan
173,Apple_irr_2030y_SOC,cf_mean,79.5632,Northland temperate kauri forests,4.0,Temperate Broadleaf & Mixed Forests,Australasia
800,Apple_irr_2030y_SOC,cf_mean,38.025898,Northwest Iberian montane forests,12.0,"Mediterranean Forests, Woodlands & Scrub",Palearctic
776,Apple_irr_2030y_SOC,cf_mean,,Northwest Russian-Novaya Zemlya tundra,11.0,Tundra,Palearctic
486,Apple_irr_2030y_SOC,cf_mean,59.02922,Northwest Andean montane forests,1.0,Tropical & Subtropical Moist Broadleaf Forests,Neotropic
26,Apple_irr_2030y_SOC,cf_mean,,Northwest Congolian lowland forests,1.0,Tropical & Subtropical Moist Broadleaf Forests,Afrotropic
641,Apple_irr_2030y_SOC,cf_mean,,Northwest Hawai'i scrub,7.0,"Tropical & Subtropical Grasslands, Savannas & Shrublands",Oceania
760,Apple_irr_2030y_SOC,cf_mean,56.441788,Northwestern Himalayan alpine shrub and meadows,10.0,Montane Grasslands & Shrublands,Palearctic
314,Apple_irr_2030y_SOC,cf_mean,16.408997,Aravalli west thorn scrub forests,13.0,Deserts & Xeric Shrublands,Indomalayan
777,Apple_irr_2030y_SOC,cf_mean,,Novosibirsk Islands Arctic desert,11.0,Tundra,Palearctic
704,Apple_irr_2030y_SOC,cf_mean,74.19236,Nujiang Langcang Gorge alpine conifer and mixed forests,5.0,Temperate Conifer Forests,Palearctic
212,Apple_irr_2030y_SOC,cf_mean,27.265076,Nullarbor Plains xeric shrublands,13.0,Deserts & Xeric Shrublands,Australasia
85,Apple_irr_2030y_SOC,cf_mean,31.463123,Nyanga-Chimanimani Montane forest-grassland,10.0,Montane Grasslands & Shrublands,Afrotropic
487,Apple_irr_2030y_SOC,cf_mean,52.248413,Oaxacan montane forests,1.0,Tropical & Subtropical Moist Broadleaf Forests,Neotropic
626,Apple_irr_2030y_SOC,cf_mean,,Ogasawara subtropical moist forests,1.0,Tropical & Subtropical Moist Broadleaf Forests,Oceania
419,Apple_irr_2030y_SOC,cf_mean,,Ogilvie-MacKenzie alpine tundra,11.0,Tundra,Nearctic
362,Apple_irr_2030y_SOC,cf_mean,,Okanogan dry forests,5.0,Temperate Conifer Forests,Nearctic
715,Apple_irr_2030y_SOC,cf_mean,,Okhotsk-Manchurian taiga,6.0,Boreal Forests/Taiga,Palearctic
761,Apple_irr_2030y_SOC,cf_mean,42.932125,Ordos Plateau steppe,10.0,Montane Grasslands & Shrublands,Palearctic
488,Apple_irr_2030y_SOC,cf_mean,,Orinoco Delta swamp forests,1.0,Tropical & Subtropical Moist Broadleaf Forests,Neotropic
583,Apple_irr_2030y_SOC,cf_mean,,Orinoco wetlands,9.0,Flooded Grasslands & Savannas,Neotropic
261,Apple_irr_2030y_SOC,cf_mean,32.081184,Orissa semi-evergreen forests,1.0,Tropical & Subtropical Moist Broadleaf Forests,Indomalayan
340,Apple_irr_2030y_SOC,cf_mean,,Ozark Highlands mixed forests,4.0,Temperate Broadleaf & Mixed Forests,Nearctic
341,Apple_irr_2030y_SOC,cf_mean,36.75325,Ozark Mountain forests,4.0,Temperate Broadleaf & Mixed Forests,Nearctic
420,Apple_irr_2030y_SOC,cf_mean,,Pacific Coastal Mountain icefields and tundra,11.0,Tundra,Nearctic
627,Apple_irr_2030y_SOC,cf_mean,,Palau tropical moist forests,1.0,Tropical & Subtropical Moist Broadleaf Forests,Oceania
262,Apple_irr_2030y_SOC,cf_mean,,Palawan rain forests,1.0,Tropical & Subtropical Moist Broadleaf Forests,Indomalayan
398,Apple_irr_2030y_SOC,cf_mean,,Palouse prairie,8.0,"Temperate Grasslands, Savannas & Shrublands",Nearctic
762,Apple_irr_2030y_SOC,cf_mean,,Pamir alpine desert and tundra,10.0,Montane Grasslands & Shrublands,Palearctic
541,Apple_irr_2030y_SOC,cf_mean,,Panamanian dry forests,2.0,Tropical & Subtropical Dry Broadleaf Forests,Neotropic
674,Apple_irr_2030y_SOC,cf_mean,,Pannonian mixed forests,4.0,Temperate Broadleaf & Mixed Forests,Palearctic
584,Apple_irr_2030y_SOC,cf_mean,22.43971,Pantanal,9.0,Flooded Grasslands & Savannas,Neotropic
489,Apple_irr_2030y_SOC,cf_mean,37.22916,Pantanos de Centla,1.0,Tropical & Subtropical Moist Broadleaf Forests,Neotropic
490,Apple_irr_2030y_SOC,cf_mean,48.715088,Pantepui forests & shrublands,1.0,Tropical & Subtropical Moist Broadleaf Forests,Neotropic
606,Apple_irr_2030y_SOC,cf_mean,,Paraguaná xeric scrub,13.0,Deserts & Xeric Shrublands,Neotropic
585,Apple_irr_2030y_SOC,cf_mean,40.302563,Paraná flooded savanna,9.0,Flooded Grasslands & Savannas,Neotropic
834,Apple_irr_2030y_SOC,cf_mean,,Paropamisus xeric woodlands,13.0,Deserts & Xeric Shrublands,Palearctic
578,Apple_irr_2030y_SOC,cf_mean,37.37419,Patagonian steppe,8.0,"Temperate Grasslands, Savannas & Shrublands",Neotropic
542,Apple_irr_2030y_SOC,cf_mean,53.76778,Patía valley dry forests,2.0,Tropical & Subtropical Dry Broadleaf Forests,Neotropic
263,Apple_irr_2030y_SOC,cf_mean,,Peninsular Malaysian montane rain forests,1.0,Tropical & Subtropical Moist Broadleaf Forests,Indomalayan
264,Apple_irr_2030y_SOC,cf_mean,,Peninsular Malaysian peat swamp forests,1.0,Tropical & Subtropical Moist Broadleaf Forests,Indomalayan
265,Apple_irr_2030y_SOC,cf_mean,,Peninsular Malaysian rain forests,1.0,Tropical & Subtropical Moist Broadleaf Forests,Indomalayan
491,Apple_irr_2030y_SOC,cf_mean,36.2601,Pernambuco coastal forests,1.0,Tropical & Subtropical Moist Broadleaf Forests,Neotropic
492,Apple_irr_2030y_SOC,cf_mean,28.740255,Pernambuco interior forests,1.0,Tropical & Subtropical Moist Broadleaf Forests,Neotropic
493,Apple_irr_2030y_SOC,cf_mean,58.128468,Peruvian Yungas,1.0,Tropical & Subtropical Moist Broadleaf Forests,Neotropic
494,Apple_irr_2030y_SOC,cf_mean,38.37792,Petén-Veracruz moist forests,1.0,Tropical & Subtropical Moist Broadleaf Forests,Neotropic
213,Apple_irr_2030y_SOC,cf_mean,16.415165,Pilbara shrublands,13.0,Deserts & Xeric Shrublands,Australasia
801,Apple_irr_2030y_SOC,cf_mean,42.84791,Pindus Mountains mixed forests,12.0,"Mediterranean Forests, Woodlands & Scrub",Palearctic
363,Apple_irr_2030y_SOC,cf_mean,27.363014,Piney Woods,5.0,Temperate Conifer Forests,Nearctic
675,Apple_irr_2030y_SOC,cf_mean,38.467773,Po Basin mixed forests,4.0,Temperate Broadleaf & Mixed Forests,Palearctic
735,Apple_irr_2030y_SOC,cf_mean,,Pontic steppe,8.0,"Temperate Grasslands, Savannas & Shrublands",Palearctic
128,Apple_irr_2030y_SOC,cf_mean,,Prince Charles Mountains tundra,11.0,Tundra,Antarctica
543,Apple_irr_2030y_SOC,cf_mean,,Puerto Rican dry forests,2.0,Tropical & Subtropical Dry Broadleaf Forests,Neotropic
495,Apple_irr_2030y_SOC,cf_mean,,Puerto Rican moist forests,1.0,Tropical & Subtropical Moist Broadleaf Forests,Neotropic
364,Apple_irr_2030y_SOC,cf_mean,,Puget lowland forests,5.0,Temperate Conifer Forests,Nearctic
497,Apple_irr_2030y_SOC,cf_mean,29.069376,Purus-Madeira moist forests,1.0,Tropical & Subtropical Moist Broadleaf Forests,Neotropic
496,Apple_irr_2030y_SOC,cf_mean,32.287575,Purus várzea,1.0,Tropical & Subtropical Moist Broadleaf Forests,Neotropic
676,Apple_irr_2030y_SOC,cf_mean,54.738823,Pyrenees conifer and mixed forests,4.0,Temperate Broadleaf & Mixed Forests,Palearctic
835,Apple_irr_2030y_SOC,cf_mean,,Qaidam Basin semi-desert,13.0,Deserts & Xeric Shrublands,Palearctic
705,Apple_irr_2030y_SOC,cf_mean,77.63882,Qilian Mountains conifer forests,5.0,Temperate Conifer Forests,Palearctic
763,Apple_irr_2030y_SOC,cf_mean,,Qilian Mountains subalpine meadows,10.0,Montane Grasslands & Shrublands,Palearctic
677,Apple_irr_2030y_SOC,cf_mean,47.155052,Qin Ling Mountains deciduous forests,4.0,Temperate Broadleaf & Mixed Forests,Palearctic
706,Apple_irr_2030y_SOC,cf_mean,67.06045,Qionglai-Minshan conifer forests,5.0,Temperate Conifer Forests,Palearctic
150,Apple_irr_2030y_SOC,cf_mean,44.957886,Queensland tropical rain forests,1.0,Tropical & Subtropical Moist Broadleaf Forests,Australasia
174,Apple_irr_2030y_SOC,cf_mean,,Rakiura Island temperate forests,4.0,Temperate Broadleaf & Mixed Forests,Australasia
312,Apple_irr_2030y_SOC,cf_mean,14.046501,Rann of Kutch seasonal salt marsh,9.0,Flooded Grasslands & Savannas,Indomalayan
628,Apple_irr_2030y_SOC,cf_mean,,Rapa Nui and Sala y Gómez subtropical forests,1.0,Tropical & Subtropical Moist Broadleaf Forests,Oceania
266,Apple_irr_2030y_SOC,cf_mean,,Red River freshwater swamp forests,1.0,Tropical & Subtropical Moist Broadleaf Forests,Indomalayan
837,Apple_irr_2030y_SOC,cf_mean,19.363138,Red Sea-Arabian Desert shrublands,13.0,Deserts & Xeric Shrublands,Palearctic
836,Apple_irr_2030y_SOC,cf_mean,,Red Sea coastal desert,13.0,Deserts & Xeric Shrublands,Palearctic
115,Apple_irr_2030y_SOC,cf_mean,,Red Sea mangroves,14.0,Mangroves,Afrotropic
838,Apple_irr_2030y_SOC,cf_mean,,Registan-North Pakistan sandy desert,13.0,Deserts & Xeric Shrublands,Palearctic
90,Apple_irr_2030y_SOC,cf_mean,36.593796,Renosterveld shrubland,12.0,"Mediterranean Forests, Woodlands & Scrub",Afrotropic
175,Apple_irr_2030y_SOC,cf_mean,94.671524,Richmond temperate forests,4.0,Temperate Broadleaf & Mixed Forests,Australasia
498,Apple_irr_2030y_SOC,cf_mean,30.058989,Rio Negro campinarana,1.0,Tropical & Subtropical Moist Broadleaf Forests,Neotropic
678,Apple_irr_2030y_SOC,cf_mean,,Rodope montane mixed forests,4.0,Temperate Broadleaf & Mixed Forests,Palearctic
86,Apple_irr_2030y_SOC,cf_mean,,Rwenzori-Virunga montane moorlands,10.0,Montane Grasslands & Shrublands,Afrotropic
745,Apple_irr_2030y_SOC,cf_mean,17.642832,Saharan halophytics,9.0,Flooded Grasslands & Savannas,Palearctic
53,Apple_irr_2030y_SOC,cf_mean,,Sahelian Acacia savanna,7.0,"Tropical & Subtropical Grasslands, Savannas & Shrublands",Afrotropic
716,Apple_irr_2030y_SOC,cf_mean,,Sakhalin Island taiga,6.0,Boreal Forests/Taiga,Palearctic
629,Apple_irr_2030y_SOC,cf_mean,,Samoan tropical moist forests,1.0,Tropical & Subtropical Moist Broadleaf Forests,Oceania
562,Apple_irr_2030y_SOC,cf_mean,,San Félix-San Ambrosio Islands temperate forests,4.0,Temperate Broadleaf & Mixed Forests,Neotropic
607,Apple_irr_2030y_SOC,cf_mean,34.77707,San Lucan xeric scrub,13.0,Deserts & Xeric Shrublands,Neotropic
425,Apple_irr_2030y_SOC,cf_mean,52.58807,Santa Lucia Montane Chaparral & Woodlands,12.0,"Mediterranean Forests, Woodlands & Scrub",Nearctic
499,Apple_irr_2030y_SOC,cf_mean,52.482037,Santa Marta montane forests,1.0,Tropical & Subtropical Moist Broadleaf Forests,Neotropic
594,Apple_irr_2030y_SOC,cf_mean,42.779408,Santa Marta páramo,10.0,Montane Grasslands & Shrublands,Neotropic
27,Apple_irr_2030y_SOC,cf_mean,,"São Tomé, Príncipe, and Annobón forests",1.0,Tropical & Subtropical Moist Broadleaf Forests,Afrotropic
679,Apple_irr_2030y_SOC,cf_mean,,Sarmatic mixed forests,4.0,Temperate Broadleaf & Mixed Forests,Palearctic
764,Apple_irr_2030y_SOC,cf_mean,,Sayan alpine meadows and tundra,10.0,Montane Grasslands & Shrublands,Palearctic
736,Apple_irr_2030y_SOC,cf_mean,,Sayan Intermontane steppe,8.0,"Temperate Grasslands, Savannas & Shrublands",Palearctic
707,Apple_irr_2030y_SOC,cf_mean,,Sayan montane conifer forests,5.0,Temperate Conifer Forests,Palearctic
717,Apple_irr_2030y_SOC,cf_mean,,Scandinavian and Russian taiga,6.0,Boreal Forests/Taiga,Palearctic
708,Apple_irr_2030y_SOC,cf_mean,,Scandinavian coastal conifer forests,5.0,Temperate Conifer Forests,Palearctic
780,Apple_irr_2030y_SOC,cf_mean,,Scandinavian Montane Birch forest and grasslands,11.0,Tundra,Palearctic
129,Apple_irr_2030y_SOC,cf_mean,,Scotia Sea Islands tundra,11.0,Tundra,Antarctica
608,Apple_irr_2030y_SOC,cf_mean,38.090366,Sechura desert,13.0,Deserts & Xeric Shrublands,Neotropic
737,Apple_irr_2030y_SOC,cf_mean,,Selenge-Orkhon forest steppe,8.0,"Temperate Grasslands, Savannas & Shrublands",Palearctic
151,Apple_irr_2030y_SOC,cf_mean,,Seram rain forests,1.0,Tropical & Subtropical Moist Broadleaf Forests,Australasia
54,Apple_irr_2030y_SOC,cf_mean,,Serengeti volcanic grasslands,7.0,"Tropical & Subtropical Grasslands, Savannas & Shrublands",Afrotropic
500,Apple_irr_2030y_SOC,cf_mean,47.81464,Serra do Mar coastal forests,1.0,Tropical & Subtropical Moist Broadleaf Forests,Neotropic
680,Apple_irr_2030y_SOC,cf_mean,32.78714,Sichuan Basin evergreen broadleaf forests,4.0,Temperate Broadleaf & Mixed Forests,Palearctic
544,Apple_irr_2030y_SOC,cf_mean,41.03502,Sierra de la Laguna dry forests,2.0,Tropical & Subtropical Dry Broadleaf Forests,Neotropic
556,Apple_irr_2030y_SOC,cf_mean,55.304382,Sierra de la Laguna pine-oak forests,3.0,Tropical & Subtropical Coniferous Forests,Neotropic
501,Apple_irr_2030y_SOC,cf_mean,58.72762,Sierra de los Tuxtlas,1.0,Tropical & Subtropical Moist Broadleaf Forests,Neotropic
502,Apple_irr_2030y_SOC,cf_mean,44.350708,Sierra Madre de Chiapas moist forests,1.0,Tropical & Subtropical Moist Broadleaf Forests,Neotropic
557,Apple_irr_2030y_SOC,cf_mean,40.47651,Sierra Madre de Oaxaca pine-oak forests,3.0,Tropical & Subtropical Coniferous Forests,Neotropic
558,Apple_irr_2030y_SOC,cf_mean,36.207607,Sierra Madre del Sur pine-oak forests,3.0,Tropical & Subtropical Coniferous Forests,Neotropic
326,Apple_irr_2030y_SOC,cf_mean,30.35502,Sierra Madre Occidental pine-oak forests,3.0,Tropical & Subtropical Coniferous Forests,Nearctic
327,Apple_irr_2030y_SOC,cf_mean,35.55178,Sierra Madre Oriental pine-oak forests,3.0,Tropical & Subtropical Coniferous Forests,Nearctic
366,Apple_irr_2030y_SOC,cf_mean,47.91957,Sierra Nevada forests,5.0,Temperate Conifer Forests,Nearctic
214,Apple_irr_2030y_SOC,cf_mean,13.237054,Simpson desert,13.0,Deserts & Xeric Shrublands,Australasia
545,Apple_irr_2030y_SOC,cf_mean,27.433357,Sinaloan dry forests,2.0,Tropical & Subtropical Dry Broadleaf Forests,Neotropic
546,Apple_irr_2030y_SOC,cf_mean,35.8687,Sinú Valley dry forests,2.0,Tropical & Subtropical Dry Broadleaf Forests,Neotropic
434,Apple_irr_2030y_SOC,cf_mean,37.52372,Snake-Columbia shrub steppe,13.0,Deserts & Xeric Shrublands,Nearctic
630,Apple_irr_2030y_SOC,cf_mean,,Society Islands tropical moist forests,1.0,Tropical & Subtropical Moist Broadleaf Forests,Oceania
105,Apple_irr_2030y_SOC,cf_mean,,Socotra Island xeric shrublands,13.0,Deserts & Xeric Shrublands,Afrotropic
503,Apple_irr_2030y_SOC,cf_mean,33.273647,Solimões-Japurá moist forests,1.0,Tropical & Subtropical Moist Broadleaf Forests,Neotropic
152,Apple_irr_2030y_SOC,cf_mean,,Solomon Islands rain forests,1.0,Tropical & Subtropical Moist Broadleaf Forests,Australasia
55,Apple_irr_2030y_SOC,cf_mean,15.817539,Somali Acacia-Commiphora bushlands and thickets,7.0,"Tropical & Subtropical Grasslands, Savannas & Shrublands",Afrotropic
324,Apple_irr_2030y_SOC,cf_mean,20.83412,Sonoran-Sinaloan subtropical dry forest,2.0,Tropical & Subtropical Dry Broadleaf Forests,Nearctic
435,Apple_irr_2030y_SOC,cf_mean,15.310417,Sonoran desert,13.0,Deserts & Xeric Shrublands,Nearctic
615,Apple_irr_2030y_SOC,cf_mean,55.703613,South American Pacific mangroves,14.0,Mangroves,Neotropic
130,Apple_irr_2030y_SOC,cf_mean,,South Antarctic Peninsula tundra,11.0,Tundra,Antarctica
802,Apple_irr_2030y_SOC,cf_mean,47.662914,South Apennine mixed montane forests,12.0,"Mediterranean Forests, Woodlands & Scrub",Palearctic
367,Apple_irr_2030y_SOC,cf_mean,60.56753,South Central Rockies forests,5.0,Temperate Conifer Forests,Nearctic
268,Apple_irr_2030y_SOC,cf_mean,37.034992,South China-Vietnam subtropical evergreen forests,1.0,Tropical & Subtropical Moist Broadleaf Forests,Indomalayan
267,Apple_irr_2030y_SOC,cf_mean,,South China Sea Islands,1.0,Tropical & Subtropical Moist Broadleaf Forests,Indomalayan
298,Apple_irr_2030y_SOC,cf_mean,24.719734,South Deccan Plateau dry deciduous forests,2.0,Tropical & Subtropical Dry Broadleaf Forests,Indomalayan
841,Apple_irr_2030y_SOC,cf_mean,,South Iran Nubo-Sindian desert and semi-desert,13.0,Deserts & Xeric Shrublands,Palearctic
194,Apple_irr_2030y_SOC,cf_mean,101.968376,New Zealand South Island montane grasslands,10.0,Montane Grasslands & Shrublands,Australasia
172,Apple_irr_2030y_SOC,cf_mean,,New Zealand South Island temperate forests,4.0,Temperate Broadleaf & Mixed Forests,Australasia
131,Apple_irr_2030y_SOC,cf_mean,,South Orkney Islands tundra,11.0,Tundra,Antarctica
842,Apple_irr_2030y_SOC,cf_mean,,South Sahara desert,13.0,Deserts & Xeric Shrublands,Palearctic
738,Apple_irr_2030y_SOC,cf_mean,,South Siberian forest steppe,8.0,"Temperate Grasslands, Savannas & Shrublands",Palearctic
269,Apple_irr_2030y_SOC,cf_mean,,South Taiwan monsoon rain forests,1.0,Tropical & Subtropical Moist Broadleaf Forests,Indomalayan
132,Apple_irr_2030y_SOC,cf_mean,,South Victoria Land tundra,11.0,Tundra,Antarctica
270,Apple_irr_2030y_SOC,cf_mean,31.97353,South Western Ghats moist deciduous forests,1.0,Tropical & Subtropical Moist Broadleaf Forests,Indomalayan
271,Apple_irr_2030y_SOC,cf_mean,40.66677,South Western Ghats montane rain forests,1.0,Tropical & Subtropical Moist Broadleaf Forests,Indomalayan
176,Apple_irr_2030y_SOC,cf_mean,43.36265,Southeast Australia temperate forests,4.0,Temperate Broadleaf & Mixed Forests,Australasia
192,Apple_irr_2030y_SOC,cf_mean,21.648388,Southeast Australia temperate savanna,8.0,"Temperate Grasslands, Savannas & Shrublands",Australasia
765,Apple_irr_2030y_SOC,cf_mean,82.633934,Southeast Tibet shrublands and meadows,10.0,Montane Grasslands & Shrublands,Palearctic
400,Apple_irr_2030y_SOC,cf_mean,,Southeast US mixed woodlands and savannas,8.0,"Temperate Grasslands, Savannas & Shrublands",Nearctic
399,Apple_irr_2030y_SOC,cf_mean,28.49256,Southeast US conifer savannas,8.0,"Temperate Grasslands, Savannas & Shrublands",Nearctic
803,Apple_irr_2030y_SOC,cf_mean,34.316177,Southeast Iberian shrubs and woodlands,12.0,"Mediterranean Forests, Woodlands & Scrub",Palearctic
299,Apple_irr_2030y_SOC,cf_mean,,Southeast Indochina dry evergreen forests,2.0,Tropical & Subtropical Dry Broadleaf Forests,Indomalayan
153,Apple_irr_2030y_SOC,cf_mean,,Southeast Papuan rain forests,1.0,Tropical & Subtropical Moist Broadleaf Forests,Australasia
57,Apple_irr_2030y_SOC,cf_mean,33.622417,Southern Acacia-Commiphora bushlands and thickets,7.0,"Tropical & Subtropical Grasslands, Savannas & Shrublands",Afrotropic
116,Apple_irr_2030y_SOC,cf_mean,47.00042,Southern Africa mangroves,14.0,Mangroves,Afrotropic
804,Apple_irr_2030y_SOC,cf_mean,28.6006,Southern Anatolian montane conifer and deciduous forests,12.0,"Mediterranean Forests, Woodlands & Scrub",Palearctic
595,Apple_irr_2030y_SOC,cf_mean,44.424126,Southern Andean steppe,10.0,Montane Grasslands & Shrublands,Neotropic
504,Apple_irr_2030y_SOC,cf_mean,41.953888,Southern Andean Yungas,1.0,Tropical & Subtropical Moist Broadleaf Forests,Neotropic
272,Apple_irr_2030y_SOC,cf_mean,,Southern Annamites montane rain forests,1.0,Tropical & Subtropical Moist Broadleaf Forests,Indomalayan
616,Apple_irr_2030y_SOC,cf_mean,54.98856,Southern Atlantic Brazilian mangroves,14.0,Mangroves,Neotropic
586,Apple_irr_2030y_SOC,cf_mean,33.25803,Southern Cone Mesopotamian savanna,9.0,Flooded Grasslands & Savannas,Neotropic
58,Apple_irr_2030y_SOC,cf_mean,,Southern Congolian forest-savanna,7.0,"Tropical & Subtropical Grasslands, Savannas & Shrublands",Afrotropic
342,Apple_irr_2030y_SOC,cf_mean,,Southern Great Lakes forests,4.0,Temperate Broadleaf & Mixed Forests,Nearctic
382,Apple_irr_2030y_SOC,cf_mean,,Southern Hudson Bay taiga,6.0,Boreal Forests/Taiga,Nearctic
133,Apple_irr_2030y_SOC,cf_mean,,Southern Indian Ocean Islands tundra,11.0,Tundra,Antarctica
681,Apple_irr_2030y_SOC,cf_mean,,Southern Korea evergreen forests,4.0,Temperate Broadleaf & Mixed Forests,Palearctic
617,Apple_irr_2030y_SOC,cf_mean,43.97092,Southern Mesoamerican Pacific mangroves,14.0,Mangroves,Neotropic
154,Apple_irr_2030y_SOC,cf_mean,,Southern New Guinea freshwater swamp forests,1.0,Tropical & Subtropical Moist Broadleaf Forests,Australasia
155,Apple_irr_2030y_SOC,cf_mean,,Southern New Guinea lowland rain forests,1.0,Tropical & Subtropical Moist Broadleaf Forests,Australasia
547,Apple_irr_2030y_SOC,cf_mean,35.233543,Southern Pacific dry forests,2.0,Tropical & Subtropical Dry Broadleaf Forests,Neotropic
87,Apple_irr_2030y_SOC,cf_mean,,Southern Rift Montane forest-grassland,10.0,Montane Grasslands & Shrublands,Afrotropic
28,Apple_irr_2030y_SOC,cf_mean,35.307377,Southern Swahili coastal forests and woodlands,1.0,Tropical & Subtropical Moist Broadleaf Forests,Afrotropic
300,Apple_irr_2030y_SOC,cf_mean,,Southern Vietnam lowland dry forests,2.0,Tropical & Subtropical Dry Broadleaf Forests,Indomalayan
505,Apple_irr_2030y_SOC,cf_mean,29.875837,Southwest Amazon moist forests,1.0,Tropical & Subtropical Moist Broadleaf Forests,Neotropic
108,Apple_irr_2030y_SOC,cf_mean,,Southwest Arabian Escarpment shrublands and woodlands,13.0,Deserts & Xeric Shrublands,Afrotropic
109,Apple_irr_2030y_SOC,cf_mean,,Southwest Arabian highland xeric scrub,13.0,Deserts & Xeric Shrublands,Afrotropic
205,Apple_irr_2030y_SOC,cf_mean,24.513577,Southwest Australia savanna,12.0,"Mediterranean Forests, Woodlands & Scrub",Australasia
206,Apple_irr_2030y_SOC,cf_mean,50.235302,Southwest Australia woodlands,12.0,"Mediterranean Forests, Woodlands & Scrub",Australasia
273,Apple_irr_2030y_SOC,cf_mean,,Southwest Borneo freshwater swamp forests,1.0,Tropical & Subtropical Moist Broadleaf Forests,Indomalayan
805,Apple_irr_2030y_SOC,cf_mean,34.492092,Southwest Iberian Mediterranean sclerophyllous and mixed forests,12.0,"Mediterranean Forests, Woodlands & Scrub",Palearctic
301,Apple_irr_2030y_SOC,cf_mean,,Sri Lanka dry-zone dry evergreen forests,2.0,Tropical & Subtropical Dry Broadleaf Forests,Indomalayan
274,Apple_irr_2030y_SOC,cf_mean,,Sri Lanka lowland rain forests,1.0,Tropical & Subtropical Moist Broadleaf Forests,Indomalayan
275,Apple_irr_2030y_SOC,cf_mean,,Sri Lanka montane rain forests,1.0,Tropical & Subtropical Moist Broadleaf Forests,Indomalayan
609,Apple_irr_2030y_SOC,cf_mean,,St. Peter and St. Paul Rocks,13.0,Deserts & Xeric Shrublands,Neotropic
110,Apple_irr_2030y_SOC,cf_mean,26.930922,Succulent Karoo xeric shrublands,13.0,Deserts & Xeric Shrublands,Afrotropic
74,Apple_irr_2030y_SOC,cf_mean,,Sudd flooded grasslands,9.0,Flooded Grasslands & Savannas,Afrotropic
746,Apple_irr_2030y_SOC,cf_mean,,Suiphun-Khanka meadows and forest meadows,9.0,Flooded Grasslands & Savannas,Palearctic
766,Apple_irr_2030y_SOC,cf_mean,29.410261,Sulaiman Range alpine meadows,10.0,Montane Grasslands & Shrublands,Palearctic
157,Apple_irr_2030y_SOC,cf_mean,,Sulawesi montane rain forests,1.0,Tropical & Subtropical Moist Broadleaf Forests,Australasia
276,Apple_irr_2030y_SOC,cf_mean,,Sulu Archipelago rain forests,1.0,Tropical & Subtropical Moist Broadleaf Forests,Indomalayan
277,Apple_irr_2030y_SOC,cf_mean,,Sumatran freshwater swamp forests,1.0,Tropical & Subtropical Moist Broadleaf Forests,Indomalayan
278,Apple_irr_2030y_SOC,cf_mean,,Sumatran lowland rain forests,1.0,Tropical & Subtropical Moist Broadleaf Forests,Indomalayan
279,Apple_irr_2030y_SOC,cf_mean,,Sumatran montane rain forests,1.0,Tropical & Subtropical Moist Broadleaf Forests,Indomalayan
280,Apple_irr_2030y_SOC,cf_mean,,Sumatran peat swamp forests,1.0,Tropical & Subtropical Moist Broadleaf Forests,Indomalayan
305,Apple_irr_2030y_SOC,cf_mean,,Sumatran tropical pine forests,3.0,Tropical & Subtropical Coniferous Forests,Indomalayan
165,Apple_irr_2030y_SOC,cf_mean,,Sumba deciduous forests,2.0,Tropical & Subtropical Dry Broadleaf Forests,Australasia
322,Apple_irr_2030y_SOC,cf_mean,,Sunda Shelf mangroves,14.0,Mangroves,Indomalayan
281,Apple_irr_2030y_SOC,cf_mean,,Sundaland heath forests,1.0,Tropical & Subtropical Moist Broadleaf Forests,Indomalayan
282,Apple_irr_2030y_SOC,cf_mean,26.938465,Sundarbans freshwater swamp forests,1.0,Tropical & Subtropical Moist Broadleaf Forests,Indomalayan
323,Apple_irr_2030y_SOC,cf_mean,49.94837,Sundarbans mangroves,14.0,Mangroves,Indomalayan
739,Apple_irr_2030y_SOC,cf_mean,16.211342,Syrian xeric grasslands and shrublands,8.0,"Temperate Grasslands, Savannas & Shrublands",Palearctic
682,Apple_irr_2030y_SOC,cf_mean,61.388584,Taiheiyo evergreen forests,4.0,Temperate Broadleaf & Mixed Forests,Palearctic
683,Apple_irr_2030y_SOC,cf_mean,63.640205,Taiheiyo montane deciduous forests,4.0,Temperate Broadleaf & Mixed Forests,Palearctic
781,Apple_irr_2030y_SOC,cf_mean,,Taimyr-Central Siberian tundra,11.0,Tundra,Palearctic
283,Apple_irr_2030y_SOC,cf_mean,,Taiwan subtropical evergreen forests,1.0,Tropical & Subtropical Moist Broadleaf Forests,Indomalayan
843,Apple_irr_2030y_SOC,cf_mean,,Taklimakan desert,13.0,Deserts & Xeric Shrublands,Palearctic
506,Apple_irr_2030y_SOC,cf_mean,,Talamancan montane forests,1.0,Tropical & Subtropical Moist Broadleaf Forests,Neotropic
436,Apple_irr_2030y_SOC,cf_mean,30.04861,Tamaulipan matorral,13.0,Deserts & Xeric Shrublands,Nearctic
437,Apple_irr_2030y_SOC,cf_mean,22.392853,Tamaulipan mezquital,13.0,Deserts & Xeric Shrublands,Nearctic
507,Apple_irr_2030y_SOC,cf_mean,28.62719,Tapajós-Xingu moist forests,1.0,Tropical & Subtropical Moist Broadleaf Forests,Neotropic
684,Apple_irr_2030y_SOC,cf_mean,,Tarim Basin deciduous forests and steppe,4.0,Temperate Broadleaf & Mixed Forests,Palearctic
177,Apple_irr_2030y_SOC,cf_mean,81.117226,Tasmanian Central Highland forests,4.0,Temperate Broadleaf & Mixed Forests,Australasia
178,Apple_irr_2030y_SOC,cf_mean,75.92844,Tasmanian temperate forests,4.0,Temperate Broadleaf & Mixed Forests,Australasia
179,Apple_irr_2030y_SOC,cf_mean,97.928406,Tasmanian temperate rain forests,4.0,Temperate Broadleaf & Mixed Forests,Australasia
610,Apple_irr_2030y_SOC,cf_mean,33.59452,Tehuacán Valley matorral,13.0,Deserts & Xeric Shrublands,Neotropic
284,Apple_irr_2030y_SOC,cf_mean,,Tenasserim-South Thailand semi-evergreen rain forests,1.0,Tropical & Subtropical Moist Broadleaf Forests,Indomalayan
311,Apple_irr_2030y_SOC,cf_mean,26.485815,Terai-Duar savanna and grasslands,7.0,"Tropical & Subtropical Grasslands, Savannas & Shrublands",Indomalayan
401,Apple_irr_2030y_SOC,cf_mean,29.626047,Texas blackland prairies,8.0,"Temperate Grasslands, Savannas & Shrublands",Nearctic
318,Apple_irr_2030y_SOC,cf_mean,13.362701,Thar desert,13.0,Deserts & Xeric Shrublands,Indomalayan
740,Apple_irr_2030y_SOC,cf_mean,,Tian Shan foothill arid steppe,8.0,"Temperate Grasslands, Savannas & Shrublands",Palearctic
709,Apple_irr_2030y_SOC,cf_mean,,Tian Shan montane conifer forests,5.0,Temperate Conifer Forests,Palearctic
767,Apple_irr_2030y_SOC,cf_mean,,Tian Shan montane steppe and meadows,10.0,Montane Grasslands & Shrublands,Palearctic
844,Apple_irr_2030y_SOC,cf_mean,,Tibesti-Jebel Uweinat montane xeric woodlands,13.0,Deserts & Xeric Shrublands,Palearctic
768,Apple_irr_2030y_SOC,cf_mean,68.9883,Tibetan Plateau alpine shrublands and meadows,10.0,Montane Grasslands & Shrublands,Palearctic
747,Apple_irr_2030y_SOC,cf_mean,,Tigris-Euphrates alluvial salt marsh,9.0,Flooded Grasslands & Savannas,Palearctic
166,Apple_irr_2030y_SOC,cf_mean,,Timor and Wetar deciduous forests,2.0,Tropical & Subtropical Dry Broadleaf Forests,Australasia
215,Apple_irr_2030y_SOC,cf_mean,27.494455,Tirari-Sturt stony desert,13.0,Deserts & Xeric Shrublands,Australasia
631,Apple_irr_2030y_SOC,cf_mean,,Tongan tropical moist forests,1.0,Tropical & Subtropical Moist Broadleaf Forests,Oceania
286,Apple_irr_2030y_SOC,cf_mean,,Tonle Sap-Mekong peat swamp forests,1.0,Tropical & Subtropical Moist Broadleaf Forests,Indomalayan
285,Apple_irr_2030y_SOC,cf_mean,,Tonle Sap freshwater swamp forests,1.0,Tropical & Subtropical Moist Broadleaf Forests,Indomalayan
421,Apple_irr_2030y_SOC,cf_mean,,Torngat Mountain tundra,11.0,Tundra,Nearctic
782,Apple_irr_2030y_SOC,cf_mean,,Trans-Baikal Bald Mountain tundra,11.0,Tundra,Palearctic
718,Apple_irr_2030y_SOC,cf_mean,,Trans-Baikal conifer forests,6.0,Boreal Forests/Taiga,Palearctic
559,Apple_irr_2030y_SOC,cf_mean,38.152878,Trans-Mexican Volcanic Belt pine-oak forests,3.0,Tropical & Subtropical Coniferous Forests,Neotropic
188,Apple_irr_2030y_SOC,cf_mean,,Trans Fly savanna and grasslands,7.0,"Tropical & Subtropical Grasslands, Savannas & Shrublands",Australasia
134,Apple_irr_2030y_SOC,cf_mean,,Transantarctic Mountains tundra,11.0,Tundra,Antarctica
510,Apple_irr_2030y_SOC,cf_mean,,Trinidad and Tobago moist forest,1.0,Tropical & Subtropical Moist Broadleaf Forests,Neotropic
68,Apple_irr_2030y_SOC,cf_mean,,Tristan Da Cunha-Gough Islands shrub and grasslands,8.0,"Temperate Grasslands, Savannas & Shrublands",Afrotropic
158,Apple_irr_2030y_SOC,cf_mean,,Trobriand Islands rain forests,1.0,Tropical & Subtropical Moist Broadleaf Forests,Australasia
632,Apple_irr_2030y_SOC,cf_mean,,Tuamotu tropical moist forests,1.0,Tropical & Subtropical Moist Broadleaf Forests,Oceania
633,Apple_irr_2030y_SOC,cf_mean,,Tubuai tropical moist forests,1.0,Tropical & Subtropical Moist Broadleaf Forests,Oceania
549,Apple_irr_2030y_SOC,cf_mean,36.905582,Tumbes-Piura dry forests,2.0,Tropical & Subtropical Dry Broadleaf Forests,Neotropic
806,Apple_irr_2030y_SOC,cf_mean,47.88205,Tyrrhenian-Adriatic sclerophyllous and mixed forests,12.0,"Mediterranean Forests, Woodlands & Scrub",Palearctic
511,Apple_irr_2030y_SOC,cf_mean,29.474058,Uatumã-Trombetas moist forests,1.0,Tropical & Subtropical Moist Broadleaf Forests,Neotropic
512,Apple_irr_2030y_SOC,cf_mean,38.666336,Ucayali moist forests,1.0,Tropical & Subtropical Moist Broadleaf Forests,Neotropic
287,Apple_irr_2030y_SOC,cf_mean,20.469627,Upper Gangetic Plains moist deciduous forests,1.0,Tropical & Subtropical Moist Broadleaf Forests,Indomalayan
343,Apple_irr_2030y_SOC,cf_mean,,Upper Midwest US forest-savanna transition,4.0,Temperate Broadleaf & Mixed Forests,Nearctic
719,Apple_irr_2030y_SOC,cf_mean,,Urals montane forest and taiga,6.0,Boreal Forests/Taiga,Palearctic
574,Apple_irr_2030y_SOC,cf_mean,43.61399,Uruguayan savanna,7.0,"Tropical & Subtropical Grasslands, Savannas & Shrublands",Neotropic
685,Apple_irr_2030y_SOC,cf_mean,,Ussuri broadleaf and mixed forests,4.0,Temperate Broadleaf & Mixed Forests,Palearctic
563,Apple_irr_2030y_SOC,cf_mean,77.6142,Valdivian temperate forests,4.0,Temperate Broadleaf & Mixed Forests,Neotropic
159,Apple_irr_2030y_SOC,cf_mean,,Vanuatu rain forests,1.0,Tropical & Subtropical Moist Broadleaf Forests,Australasia
513,Apple_irr_2030y_SOC,cf_mean,35.009018,Venezuelan Andes montane forests,1.0,Tropical & Subtropical Moist Broadleaf Forests,Neotropic
550,Apple_irr_2030y_SOC,cf_mean,35.23366,Veracruz dry forests,2.0,Tropical & Subtropical Dry Broadleaf Forests,Neotropic
514,Apple_irr_2030y_SOC,cf_mean,40.93499,Veracruz moist forests,1.0,Tropical & Subtropical Moist Broadleaf Forests,Neotropic
515,Apple_irr_2030y_SOC,cf_mean,49.305054,Veracruz montane forests,1.0,Tropical & Subtropical Moist Broadleaf Forests,Neotropic
189,Apple_irr_2030y_SOC,cf_mean,15.085119,Victoria Plains tropical savanna,7.0,"Tropical & Subtropical Grasslands, Savannas & Shrublands",Australasia
161,Apple_irr_2030y_SOC,cf_mean,,Vogelkop-Aru lowland rain forests,1.0,Tropical & Subtropical Moist Broadleaf Forests,Australasia
160,Apple_irr_2030y_SOC,cf_mean,,Vogelkop montane rain forests,1.0,Tropical & Subtropical Moist Broadleaf Forests,Australasia
368,Apple_irr_2030y_SOC,cf_mean,51.789925,Wasatch and Uinta montane forests,5.0,Temperate Conifer Forests,Nearctic
383,Apple_irr_2030y_SOC,cf_mean,,Watson Highlands taiga,6.0,Boreal Forests/Taiga,Nearctic
845,Apple_irr_2030y_SOC,cf_mean,,West Sahara desert,13.0,Deserts & Xeric Shrublands,Palearctic
846,Apple_irr_2030y_SOC,cf_mean,,West Saharan montane xeric woodlands,13.0,Deserts & Xeric Shrublands,Palearctic
720,Apple_irr_2030y_SOC,cf_mean,,West Siberian taiga,6.0,Boreal Forests/Taiga,Palearctic
62,Apple_irr_2030y_SOC,cf_mean,,West Sudanian savanna,7.0,"Tropical & Subtropical Grasslands, Savannas & Shrublands",Afrotropic
216,Apple_irr_2030y_SOC,cf_mean,17.68331,Western Australian Mulga shrublands,13.0,Deserts & Xeric Shrublands,Australasia
29,Apple_irr_2030y_SOC,cf_mean,,Western Congolian swamp forests,1.0,Tropical & Subtropical Moist Broadleaf Forests,Afrotropic
516,Apple_irr_2030y_SOC,cf_mean,37.221893,Western Ecuador moist forests,1.0,Tropical & Subtropical Moist Broadleaf Forests,Neotropic
686,Apple_irr_2030y_SOC,cf_mean,49.898396,Western European broadleaf forests,4.0,Temperate Broadleaf & Mixed Forests,Palearctic
344,Apple_irr_2030y_SOC,cf_mean,,Western Great Lakes forests,4.0,Temperate Broadleaf & Mixed Forests,Nearctic
30,Apple_irr_2030y_SOC,cf_mean,,Western Guinean lowland forests,1.0,Tropical & Subtropical Moist Broadleaf Forests,Afrotropic
384,Apple_irr_2030y_SOC,cf_mean,35.985706,Western Gulf coastal grasslands,7.0,"Tropical & Subtropical Grasslands, Savannas & Shrublands",Nearctic
769,Apple_irr_2030y_SOC,cf_mean,61.087875,Western Himalayan alpine shrub and meadows,10.0,Montane Grasslands & Shrublands,Palearctic
308,Apple_irr_2030y_SOC,cf_mean,49.28106,Western Himalayan broadleaf forests,4.0,Temperate Broadleaf & Mixed Forests,Indomalayan
310,Apple_irr_2030y_SOC,cf_mean,48.73676,Western Himalayan subalpine conifer forests,5.0,Temperate Conifer Forests,Indomalayan
288,Apple_irr_2030y_SOC,cf_mean,,Western Java montane rain forests,1.0,Tropical & Subtropical Moist Broadleaf Forests,Indomalayan
289,Apple_irr_2030y_SOC,cf_mean,,Western Java rain forests,1.0,Tropical & Subtropical Moist Broadleaf Forests,Indomalayan
634,Apple_irr_2030y_SOC,cf_mean,,Western Polynesian tropical moist forests,1.0,Tropical & Subtropical Moist Broadleaf Forests,Oceania
402,Apple_irr_2030y_SOC,cf_mean,28.473145,Western shortgrass prairie,8.0,"Temperate Grasslands, Savannas & Shrublands",Nearctic
687,Apple_irr_2030y_SOC,cf_mean,,Western Siberian hemiboreal forests,4.0,Temperate Broadleaf & Mixed Forests,Palearctic
180,Apple_irr_2030y_SOC,cf_mean,102.70702,Westland temperate forests,4.0,Temperate Broadleaf & Mixed Forests,Australasia
403,Apple_irr_2030y_SOC,cf_mean,,Willamette Valley oak savanna,8.0,"Temperate Grasslands, Savannas & Shrublands",Nearctic
517,Apple_irr_2030y_SOC,cf_mean,,Windward Islands moist forests,1.0,Tropical & Subtropical Moist Broadleaf Forests,Neotropic
783,Apple_irr_2030y_SOC,cf_mean,,Wrangel Island Arctic desert,11.0,Tundra,Palearctic
438,Apple_irr_2030y_SOC,cf_mean,43.16166,Wyoming Basin shrub steppe,13.0,Deserts & Xeric Shrublands,Nearctic
518,Apple_irr_2030y_SOC,cf_mean,28.358194,Xingu-Tocantins-Araguaia moist forests,1.0,Tropical & Subtropical Moist Broadleaf Forests,Neotropic
784,Apple_irr_2030y_SOC,cf_mean,,Yamal-Gydan tundra,11.0,Tundra,Palearctic
638,Apple_irr_2030y_SOC,cf_mean,,Yap tropical dry forests,2.0,Tropical & Subtropical Dry Broadleaf Forests,Oceania
162,Apple_irr_2030y_SOC,cf_mean,,Yapen rain forests,1.0,Tropical & Subtropical Moist Broadleaf Forests,Australasia
770,Apple_irr_2030y_SOC,cf_mean,50.39386,Yarlung Zanbo arid steppe,10.0,Montane Grasslands & Shrublands,Palearctic
748,Apple_irr_2030y_SOC,cf_mean,,Yellow Sea saline meadow,9.0,Flooded Grasslands & Savannas,Palearctic
551,Apple_irr_2030y_SOC,cf_mean,53.77976,Yucatán dry forests,2.0,Tropical & Subtropical Dry Broadleaf Forests,Neotropic
519,Apple_irr_2030y_SOC,cf_mean,45.49022,Yucatán moist forests,1.0,Tropical & Subtropical Moist Broadleaf Forests,Neotropic
643,Apple_irr_2030y_SOC,cf_mean,43.91467,Yunnan Plateau subtropical evergreen forests,1.0,Tropical & Subtropical Moist Broadleaf Forests,Palearctic
688,Apple_irr_2030y_SOC,cf_mean,,Zagros Mountains forest steppe,4.0,Temperate Broadleaf & Mixed Forests,Palearctic
66,Apple_irr_2030y_SOC,cf_mean,21.333138,Zambezian-Limpopo mixed woodlands,7.0,"Tropical & Subtropical Grasslands, Savannas & Shrublands",Afrotropic
64,Apple_irr_2030y_SOC,cf_mean,18.262682,Zambezian Baikiaea woodlands,7.0,"Tropical & Subtropical Grasslands, Savannas & Shrublands",Afrotropic
75,Apple_irr_2030y_SOC,cf_mean,,Zambezian coastal flooded savanna,9.0,Flooded Grasslands & Savannas,Afrotropic
42,Apple_irr_2030y_SOC,cf_mean,24.760357,Dry miombo woodlands,7.0,"Tropical & Subtropical Grasslands, Savannas & Shrublands",Afrotropic
33,Apple_irr_2030y_SOC,cf_mean,,Zambezian evergreen dry forests,2.0,Tropical & Subtropical Dry Broadleaf Forests,Afrotropic
76,Apple_irr_2030y_SOC,cf_mean,,Zambezian flooded grasslands,9.0,Flooded Grasslands & Savannas,Afrotropic
65,Apple_irr_2030y_SOC,cf_mean,20.359098,Zambezian mopane woodlands,7.0,"Tropical & Subtropical Grasslands, Savannas & Shrublands",Afrotropic
524,Apple_irr_2030y_SOC,cf_mean,23.456818,Brazilian Atlantic dry forests,2.0,Tropical & Subtropical Dry Broadleaf Forests,Neotropic
380,Apple_irr_2030y_SOC,cf_mean,,Northern Cordillera forests,6.0,Boreal Forests/Taiga,Nearctic
60,Apple_irr_2030y_SOC,cf_mean,,St. Helena scrub and woodlands,7.0,"Tropical & Subtropical Grasslands, Savannas & Shrublands",Afrotropic
61,Apple_irr_2030y_SOC,cf_mean,36.706272,Victoria Basin forest-savanna,7.0,"Tropical & Subtropical Grasslands, Savannas & Shrublands",Afrotropic
63,Apple_irr_2030y_SOC,cf_mean,,Western Congolian forest-savanna,7.0,"Tropical & Subtropical Grasslands, Savannas & Shrublands",Afrotropic
78,Apple_irr_2030y_SOC,cf_mean,55.911938,East African montane moorlands,10.0,Montane Grasslands & Shrublands,Afrotropic
365,Apple_irr_2030y_SOC,cf_mean,,Queen Charlotte Islands conifer forests,5.0,Temperate Conifer Forests,Nearctic
360,Apple_irr_2030y_SOC,cf_mean,,Northern Pacific Alaskan coastal forests,5.0,Temperate Conifer Forests,Nearctic
381,Apple_irr_2030y_SOC,cf_mean,,Northwest Territories taiga,6.0,Boreal Forests/Taiga,Nearctic
107,Apple_irr_2030y_SOC,cf_mean,,Southwest Arabian coastal xeric shrublands,13.0,Deserts & Xeric Shrublands,Afrotropic
811,Apple_irr_2030y_SOC,cf_mean,,Arabian-Persian Gulf coastal plain desert,13.0,Deserts & Xeric Shrublands,Palearctic
840,Apple_irr_2030y_SOC,cf_mean,,South Arabian plains and plateau desert,13.0,Deserts & Xeric Shrublands,Palearctic
809,Apple_irr_2030y_SOC,cf_mean,19.83581,Arabian desert,13.0,Deserts & Xeric Shrublands,Palearctic
552,Apple_irr_2030y_SOC,cf_mean,,Bahamian pineyards,3.0,Tropical & Subtropical Coniferous Forests,Neotropic
96,Apple_irr_2030y_SOC,cf_mean,,Ile Europa and Bassas da India xeric scrub,13.0,Deserts & Xeric Shrublands,Afrotropic
773,Apple_irr_2030y_SOC,cf_mean,,Kamchatka tundra,11.0,Tundra,Palearctic
508,Apple_irr_2030y_SOC,cf_mean,24.890863,Tocantins/Pindare moist forests,1.0,Tropical & Subtropical Moist Broadleaf Forests,Neotropic
417,Apple_irr_2030y_SOC,cf_mean,,Kalaallit Nunaat Arctic steppe,11.0,Tundra,Nearctic
358,Apple_irr_2030y_SOC,cf_mean,,North Cascades conifer forests,5.0,Temperate Conifer Forests,Nearctic
361,Apple_irr_2030y_SOC,cf_mean,,Northern Rockies conifer forests,5.0,Temperate Conifer Forests,Nearctic
509,Apple_irr_2030y_SOC,cf_mean,,Trindade-Martin Vaz Islands tropical forests,1.0,Tropical & Subtropical Moist Broadleaf Forests,Neotropic
59,Apple_irr_2030y_SOC,cf_mean,,Southwest Arabian montane woodlands and grasslands,7.0,"Tropical & Subtropical Grasslands, Savannas & Shrublands",Afrotropic
56,Apple_irr_2030y_SOC,cf_mean,,"South Arabian fog woodlands, shrublands, and dune",7.0,"Tropical & Subtropical Grasslands, Savannas & Shrublands",Afrotropic
548,Apple_irr_2030y_SOC,cf_mean,,Trinidad and Tobago dry forest,2.0,Tropical & Subtropical Dry Broadleaf Forests,Neotropic
537,Apple_irr_2030y_SOC,cf_mean,,Lesser Antillean dry forests,2.0,Tropical & Subtropical Dry Broadleaf Forests,Neotropic
672,Apple_irr_2030y_SOC,cf_mean,,North Atlantic moist mixed forests,4.0,Temperate Broadleaf & Mixed Forests,Palearctic
119,Apple_irr_2030y_SOC,cf_mean,,Dronning Maud Land tundra,11.0,Tundra,Antarctica
124,Apple_irr_2030y_SOC,cf_mean,,Marie Byrd Land tundra,11.0,Tundra,Antarctica
156,Apple_irr_2030y_SOC,cf_mean,,Sulawesi lowland rain forests,1.0,Tropical & Subtropical Moist Broadleaf Forests,Australasia
8,Apple_irr_2030y_SOC,cf_mean,46.755646,East African montane forests,1.0,Tropical & Subtropical Moist Broadleaf Forests,Afrotropic
9,Apple_irr_2030y_SOC,cf_mean,32.44188,Eastern Arc forests,1.0,Tropical & Subtropical Moist Broadleaf Forests,Afrotropic
220,Apple_irr_2030y_SOC,cf_mean,,Borneo montane rain forests,1.0,Tropical & Subtropical Moist Broadleaf Forests,Indomalayan
313,Apple_irr_2030y_SOC,cf_mean,,Kinabalu montane alpine meadows,10.0,Montane Grasslands & Shrublands,Indomalayan
117,Apple_irr_2030y_SOC,cf_median,,Adelie Land tundra,11.0,Tundra,Antarctica
135,Apple_irr_2030y_SOC,cf_median,,Admiralty Islands lowland rain forests,1.0,Tropical & Subtropical Moist Broadleaf Forests,Australasia
785,Apple_irr_2030y_SOC,cf_median,36.564484,Aegean and Western Turkey sclerophyllous and mixed forests,12.0,"Mediterranean Forests, Woodlands & Scrub",Palearctic
807,Apple_irr_2030y_SOC,cf_median,,Afghan Mountains semi-desert,13.0,Deserts & Xeric Shrublands,Palearctic
404,Apple_irr_2030y_SOC,cf_median,,Ahklun and Kilbuck Upland Tundra,11.0,Tundra,Nearctic
722,Apple_irr_2030y_SOC,cf_median,,Al-Hajar foothill xeric woodlands and shrublands,8.0,"Temperate Grasslands, Savannas & Shrublands",Palearctic
723,Apple_irr_2030y_SOC,cf_median,,Al-Hajar montane woodlands and shrublands,8.0,"Temperate Grasslands, Savannas & Shrublands",Palearctic
721,Apple_irr_2030y_SOC,cf_median,,Alai-Western Tian Shan steppe,8.0,"Temperate Grasslands, Savannas & Shrublands",Palearctic
808,Apple_irr_2030y_SOC,cf_median,40.790253,Alashan Plateau semi-desert,13.0,Deserts & Xeric Shrublands,Palearctic
405,Apple_irr_2030y_SOC,cf_median,,Alaska-St. Elias Range tundra,11.0,Tundra,Nearctic
369,Apple_irr_2030y_SOC,cf_median,,Alaska Peninsula montane taiga,6.0,Boreal Forests/Taiga,Nearctic
88,Apple_irr_2030y_SOC,cf_median,32.02246,Albany thickets,12.0,"Mediterranean Forests, Woodlands & Scrub",Afrotropic
345,Apple_irr_2030y_SOC,cf_median,,Alberta-British Columbia foothills forests,5.0,Temperate Conifer Forests,Nearctic
1,Apple_irr_2030y_SOC,cf_median,,Albertine Rift montane forests,1.0,Tropical & Subtropical Moist Broadleaf Forests,Afrotropic
91,Apple_irr_2030y_SOC,cf_median,,Aldabra Island xeric scrub,13.0,Deserts & Xeric Shrublands,Afrotropic
406,Apple_irr_2030y_SOC,cf_median,,Aleutian Islands tundra,11.0,Tundra,Nearctic
328,Apple_irr_2030y_SOC,cf_median,,Allegheny Highlands forests,4.0,Temperate Broadleaf & Mixed Forests,Nearctic
689,Apple_irr_2030y_SOC,cf_median,71.82295,Alps conifer and mixed forests,5.0,Temperate Conifer Forests,Palearctic
749,Apple_irr_2030y_SOC,cf_median,,Altai alpine meadow and tundra,10.0,Montane Grasslands & Shrublands,Palearctic
690,Apple_irr_2030y_SOC,cf_median,,Altai montane forest and forest steppe,5.0,Temperate Conifer Forests,Palearctic
724,Apple_irr_2030y_SOC,cf_median,,Altai steppe and semi-desert,8.0,"Temperate Grasslands, Savannas & Shrublands",Palearctic
439,Apple_irr_2030y_SOC,cf_median,30.203249,Alto Paraná Atlantic forests,1.0,Tropical & Subtropical Moist Broadleaf Forests,Neotropic
611,Apple_irr_2030y_SOC,cf_median,30.31261,Amazon-Orinoco-Southern Caribbean mangroves,14.0,Mangroves,Neotropic
67,Apple_irr_2030y_SOC,cf_median,,Amsterdam-Saint Paul Islands temperate grasslands,8.0,"Temperate Grasslands, Savannas & Shrublands",Afrotropic
741,Apple_irr_2030y_SOC,cf_median,,Amur meadow steppe,9.0,Flooded Grasslands & Savannas,Palearctic
786,Apple_irr_2030y_SOC,cf_median,,Anatolian conifer and deciduous mixed forests,12.0,"Mediterranean Forests, Woodlands & Scrub",Palearctic
218,Apple_irr_2030y_SOC,cf_median,64.15257,Andaman Islands rain forests,1.0,Tropical & Subtropical Moist Broadleaf Forests,Indomalayan
77,Apple_irr_2030y_SOC,cf_median,,Angolan montane forest-grassland,10.0,Montane Grasslands & Shrublands,Afrotropic
34,Apple_irr_2030y_SOC,cf_median,,Angolan mopane woodlands,7.0,"Tropical & Subtropical Grasslands, Savannas & Shrublands",Afrotropic
35,Apple_irr_2030y_SOC,cf_median,,Angolan scarp savanna and woodlands,7.0,"Tropical & Subtropical Grasslands, Savannas & Shrublands",Afrotropic
36,Apple_irr_2030y_SOC,cf_median,,Angolan wet miombo woodlands,7.0,"Tropical & Subtropical Grasslands, Savannas & Shrublands",Afrotropic
196,Apple_irr_2030y_SOC,cf_median,,Antipodes Subantarctic Islands tundra,11.0,Tundra,Australasia
331,Apple_irr_2030y_SOC,cf_median,43.47336,Appalachian-Blue Ridge forests,4.0,Temperate Broadleaf & Mixed Forests,Nearctic
329,Apple_irr_2030y_SOC,cf_median,32.177895,Appalachian mixed mesophytic forests,4.0,Temperate Broadleaf & Mixed Forests,Nearctic
330,Apple_irr_2030y_SOC,cf_median,30.765217,Appalachian Piedmont forests,4.0,Temperate Broadleaf & Mixed Forests,Nearctic
644,Apple_irr_2030y_SOC,cf_median,50.510418,Appenine deciduous montane forests,4.0,Temperate Broadleaf & Mixed Forests,Palearctic
520,Apple_irr_2030y_SOC,cf_median,33.205643,Apure-Villavicencio dry forests,2.0,Tropical & Subtropical Dry Broadleaf Forests,Neotropic
810,Apple_irr_2030y_SOC,cf_median,,Arabian sand desert,13.0,Deserts & Xeric Shrublands,Palearctic
440,Apple_irr_2030y_SOC,cf_median,53.602943,Araucaria moist forests,1.0,Tropical & Subtropical Moist Broadleaf Forests,Neotropic
597,Apple_irr_2030y_SOC,cf_median,,Araya and Paria xeric scrub,13.0,Deserts & Xeric Shrublands,Neotropic
407,Apple_irr_2030y_SOC,cf_median,,Arctic coastal tundra,11.0,Tundra,Nearctic
778,Apple_irr_2030y_SOC,cf_median,,Russian Arctic desert,11.0,Tundra,Palearctic
408,Apple_irr_2030y_SOC,cf_median,,Arctic foothills tundra,11.0,Tundra,Nearctic
346,Apple_irr_2030y_SOC,cf_median,33.174133,Arizona Mountains forests,5.0,Temperate Conifer Forests,Nearctic
181,Apple_irr_2030y_SOC,cf_median,16.45656,Arnhem Land tropical savanna,7.0,"Tropical & Subtropical Grasslands, Savannas & Shrublands",Australasia
37,Apple_irr_2030y_SOC,cf_median,,Ascension scrub and grasslands,7.0,"Tropical & Subtropical Grasslands, Savannas & Shrublands",Afrotropic
598,Apple_irr_2030y_SOC,cf_median,,Atacama desert,13.0,Deserts & Xeric Shrublands,Neotropic
441,Apple_irr_2030y_SOC,cf_median,47.62846,Atlantic Coast restingas,1.0,Tropical & Subtropical Moist Broadleaf Forests,Neotropic
839,Apple_irr_2030y_SOC,cf_median,,Saharan Atlantic coastal desert,13.0,Deserts & Xeric Shrublands,Palearctic
347,Apple_irr_2030y_SOC,cf_median,,Atlantic coastal pine barrens,5.0,Temperate Conifer Forests,Nearctic
5,Apple_irr_2030y_SOC,cf_median,,Congolian coastal forests,1.0,Tropical & Subtropical Moist Broadleaf Forests,Afrotropic
664,Apple_irr_2030y_SOC,cf_median,38.42275,European Atlantic mixed forests,4.0,Temperate Broadleaf & Mixed Forests,Palearctic
193,Apple_irr_2030y_SOC,cf_median,63.11856,Australian Alps montane grasslands,10.0,Montane Grasslands & Shrublands,Australasia
812,Apple_irr_2030y_SOC,cf_median,,Azerbaijan shrub desert and steppe,13.0,Deserts & Xeric Shrublands,Palearctic
645,Apple_irr_2030y_SOC,cf_median,,Azores temperate mixed forests,4.0,Temperate Broadleaf & Mixed Forests,Palearctic
813,Apple_irr_2030y_SOC,cf_median,,Badghyz and Karabil semi-desert,13.0,Deserts & Xeric Shrublands,Palearctic
612,Apple_irr_2030y_SOC,cf_median,79.04088,Bahamian-Antillean mangroves,14.0,Mangroves,Neotropic
442,Apple_irr_2030y_SOC,cf_median,30.851982,Bahia coastal forests,1.0,Tropical & Subtropical Moist Broadleaf Forests,Neotropic
443,Apple_irr_2030y_SOC,cf_median,31.345036,Bahia interior forests,1.0,Tropical & Subtropical Moist Broadleaf Forests,Neotropic
426,Apple_irr_2030y_SOC,cf_median,12.973684,Baja California desert,13.0,Deserts & Xeric Shrublands,Nearctic
521,Apple_irr_2030y_SOC,cf_median,31.216045,Bajío dry forests,2.0,Tropical & Subtropical Dry Broadleaf Forests,Neotropic
646,Apple_irr_2030y_SOC,cf_median,71.14835,Balkan mixed forests,4.0,Temperate Broadleaf & Mixed Forests,Palearctic
522,Apple_irr_2030y_SOC,cf_median,27.333956,Balsas dry forests,2.0,Tropical & Subtropical Dry Broadleaf Forests,Neotropic
647,Apple_irr_2030y_SOC,cf_median,,Baltic mixed forests,4.0,Temperate Broadleaf & Mixed Forests,Palearctic
814,Apple_irr_2030y_SOC,cf_median,17.152727,Baluchistan xeric woodlands,13.0,Deserts & Xeric Shrublands,Palearctic
136,Apple_irr_2030y_SOC,cf_median,,Banda Sea Islands moist deciduous forests,1.0,Tropical & Subtropical Moist Broadleaf Forests,Australasia
564,Apple_irr_2030y_SOC,cf_median,,Belizian pine savannas,7.0,"Tropical & Subtropical Grasslands, Savannas & Shrublands",Neotropic
565,Apple_irr_2030y_SOC,cf_median,,Beni savanna,7.0,"Tropical & Subtropical Grasslands, Savannas & Shrublands",Neotropic
779,Apple_irr_2030y_SOC,cf_median,,Russian Bering tundra,11.0,Tundra,Palearctic
409,Apple_irr_2030y_SOC,cf_median,,Beringia lowland tundra,11.0,Tundra,Nearctic
410,Apple_irr_2030y_SOC,cf_median,,Beringia upland tundra,11.0,Tundra,Nearctic
325,Apple_irr_2030y_SOC,cf_median,,Bermuda subtropical conifer forests,3.0,Tropical & Subtropical Coniferous Forests,Nearctic
137,Apple_irr_2030y_SOC,cf_median,,Biak-Numfoor rain forests,1.0,Tropical & Subtropical Moist Broadleaf Forests,Australasia
348,Apple_irr_2030y_SOC,cf_median,,Blue Mountains forests,5.0,Temperate Conifer Forests,Nearctic
742,Apple_irr_2030y_SOC,cf_median,,Bohai Sea saline meadow,9.0,Flooded Grasslands & Savannas,Palearctic
523,Apple_irr_2030y_SOC,cf_median,,Bolivian montane dry forests,2.0,Tropical & Subtropical Dry Broadleaf Forests,Neotropic
444,Apple_irr_2030y_SOC,cf_median,65.57703,Bolivian Yungas,1.0,Tropical & Subtropical Moist Broadleaf Forests,Neotropic
219,Apple_irr_2030y_SOC,cf_median,,Borneo lowland rain forests,1.0,Tropical & Subtropical Moist Broadleaf Forests,Indomalayan
221,Apple_irr_2030y_SOC,cf_median,,Borneo peat swamp forests,1.0,Tropical & Subtropical Moist Broadleaf Forests,Indomalayan
222,Apple_irr_2030y_SOC,cf_median,28.566906,Brahmaputra Valley semi-evergreen forests,1.0,Tropical & Subtropical Moist Broadleaf Forests,Indomalayan
182,Apple_irr_2030y_SOC,cf_median,17.5015,Brigalow tropical savanna,7.0,"Tropical & Subtropical Grasslands, Savannas & Shrublands",Australasia
349,Apple_irr_2030y_SOC,cf_median,,British Columbia coastal conifer forests,5.0,Temperate Conifer Forests,Nearctic
411,Apple_irr_2030y_SOC,cf_median,,Brooks-British Range tundra,11.0,Tundra,Nearctic
138,Apple_irr_2030y_SOC,cf_median,,Buru rain forests,1.0,Tropical & Subtropical Moist Broadleaf Forests,Australasia
525,Apple_irr_2030y_SOC,cf_median,18.637035,Caatinga,2.0,Tropical & Subtropical Dry Broadleaf Forests,Neotropic
445,Apple_irr_2030y_SOC,cf_median,21.096502,Caatinga Enclaves moist forests,1.0,Tropical & Subtropical Moist Broadleaf Forests,Neotropic
691,Apple_irr_2030y_SOC,cf_median,,Caledon conifer forests,5.0,Temperate Conifer Forests,Palearctic
385,Apple_irr_2030y_SOC,cf_median,28.850039,California Central Valley grasslands,8.0,"Temperate Grasslands, Savannas & Shrublands",Nearctic
422,Apple_irr_2030y_SOC,cf_median,29.3598,California coastal sage and chaparral,12.0,"Mediterranean Forests, Woodlands & Scrub",Nearctic
423,Apple_irr_2030y_SOC,cf_median,33.44744,California interior chaparral and woodlands,12.0,"Mediterranean Forests, Woodlands & Scrub",Nearctic
424,Apple_irr_2030y_SOC,cf_median,32.04355,California montane chaparral and woodlands,12.0,"Mediterranean Forests, Woodlands & Scrub",Nearctic
2,Apple_irr_2030y_SOC,cf_median,,Cameroon Highlands forests,1.0,Tropical & Subtropical Moist Broadleaf Forests,Afrotropic
566,Apple_irr_2030y_SOC,cf_median,35.481133,Campos Rupestres montane savanna,7.0,"Tropical & Subtropical Grasslands, Savannas & Shrublands",Neotropic
386,Apple_irr_2030y_SOC,cf_median,,Canadian Aspen forests and parklands,8.0,"Temperate Grasslands, Savannas & Shrublands",Nearctic
413,Apple_irr_2030y_SOC,cf_median,,Canadian Low Arctic tundra,11.0,Tundra,Nearctic
787,Apple_irr_2030y_SOC,cf_median,66.02506,Canary Islands dry woodlands and forests,12.0,"Mediterranean Forests, Woodlands & Scrub",Palearctic
648,Apple_irr_2030y_SOC,cf_median,61.684708,Cantabrian mixed forests,4.0,Temperate Broadleaf & Mixed Forests,Palearctic
190,Apple_irr_2030y_SOC,cf_median,84.94115,Canterbury-Otago tussock grasslands,8.0,"Temperate Grasslands, Savannas & Shrublands",Australasia
31,Apple_irr_2030y_SOC,cf_median,,Cape Verde Islands dry forests,2.0,Tropical & Subtropical Dry Broadleaf Forests,Afrotropic
183,Apple_irr_2030y_SOC,cf_median,13.692797,Cape York Peninsula tropical savanna,7.0,"Tropical & Subtropical Grasslands, Savannas & Shrublands",Australasia
446,Apple_irr_2030y_SOC,cf_median,29.364779,Caqueta moist forests,1.0,Tropical & Subtropical Moist Broadleaf Forests,Neotropic
223,Apple_irr_2030y_SOC,cf_median,,Cardamom Mountains rain forests,1.0,Tropical & Subtropical Moist Broadleaf Forests,Indomalayan
599,Apple_irr_2030y_SOC,cf_median,,Caribbean shrublands,13.0,Deserts & Xeric Shrublands,Neotropic
207,Apple_irr_2030y_SOC,cf_median,14.625034,Carnarvon xeric shrublands,13.0,Deserts & Xeric Shrublands,Australasia
618,Apple_irr_2030y_SOC,cf_median,,Carolines tropical moist forests,1.0,Tropical & Subtropical Moist Broadleaf Forests,Oceania
692,Apple_irr_2030y_SOC,cf_median,,Carpathian montane forests,5.0,Temperate Conifer Forests,Palearctic
184,Apple_irr_2030y_SOC,cf_median,17.07429,Carpentaria tropical savanna,7.0,"Tropical & Subtropical Grasslands, Savannas & Shrublands",Australasia
649,Apple_irr_2030y_SOC,cf_median,,Caspian Hyrcanian mixed forests,4.0,Temperate Broadleaf & Mixed Forests,Palearctic
815,Apple_irr_2030y_SOC,cf_median,,Caspian lowland desert,13.0,Deserts & Xeric Shrublands,Palearctic
447,Apple_irr_2030y_SOC,cf_median,35.647755,Catatumbo moist forests,1.0,Tropical & Subtropical Moist Broadleaf Forests,Neotropic
526,Apple_irr_2030y_SOC,cf_median,50.592182,Cauca Valley dry forests,2.0,Tropical & Subtropical Dry Broadleaf Forests,Neotropic
448,Apple_irr_2030y_SOC,cf_median,69.05661,Cauca Valley montane forests,1.0,Tropical & Subtropical Moist Broadleaf Forests,Neotropic
650,Apple_irr_2030y_SOC,cf_median,65.980415,Caucasus mixed forests,4.0,Temperate Broadleaf & Mixed Forests,Palearctic
449,Apple_irr_2030y_SOC,cf_median,,Cayos Miskitos-San Andrés and Providencia moist forests,1.0,Tropical & Subtropical Moist Broadleaf Forests,Neotropic
651,Apple_irr_2030y_SOC,cf_median,,Celtic broadleaf forests,4.0,Temperate Broadleaf & Mixed Forests,Palearctic
816,Apple_irr_2030y_SOC,cf_median,,Central Afghan Mountains xeric woodlands,13.0,Deserts & Xeric Shrublands,Palearctic
111,Apple_irr_2030y_SOC,cf_median,,Central African mangroves,14.0,Mangroves,Afrotropic
450,Apple_irr_2030y_SOC,cf_median,40.424023,Central American Atlantic moist forests,1.0,Tropical & Subtropical Moist Broadleaf Forests,Neotropic
527,Apple_irr_2030y_SOC,cf_median,36.951797,Central American dry forests,2.0,Tropical & Subtropical Dry Broadleaf Forests,Neotropic
451,Apple_irr_2030y_SOC,cf_median,43.629574,Central American montane forests,1.0,Tropical & Subtropical Moist Broadleaf Forests,Neotropic
553,Apple_irr_2030y_SOC,cf_median,39.736423,Central American pine-oak forests,3.0,Tropical & Subtropical Coniferous Forests,Neotropic
725,Apple_irr_2030y_SOC,cf_median,,Central Anatolian steppe,8.0,"Temperate Grasslands, Savannas & Shrublands",Palearctic
652,Apple_irr_2030y_SOC,cf_median,,Central Anatolian steppe and woodlands,4.0,Temperate Broadleaf & Mixed Forests,Palearctic
352,Apple_irr_2030y_SOC,cf_median,53.64477,Central-Southern Cascades Forests,5.0,Temperate Conifer Forests,Nearctic
389,Apple_irr_2030y_SOC,cf_median,29.691923,Central-Southern US mixed grasslands,8.0,"Temperate Grasslands, Savannas & Shrublands",Nearctic
587,Apple_irr_2030y_SOC,cf_median,34.86243,Central Andean dry puna,10.0,Montane Grasslands & Shrublands,Neotropic
588,Apple_irr_2030y_SOC,cf_median,37.678738,Central Andean puna,10.0,Montane Grasslands & Shrublands,Neotropic
589,Apple_irr_2030y_SOC,cf_median,58.99182,Central Andean wet puna,10.0,Montane Grasslands & Shrublands,Neotropic
817,Apple_irr_2030y_SOC,cf_median,,Central Asian northern desert,13.0,Deserts & Xeric Shrublands,Palearctic
818,Apple_irr_2030y_SOC,cf_median,,Central Asian riparian woodlands,13.0,Deserts & Xeric Shrublands,Palearctic
819,Apple_irr_2030y_SOC,cf_median,,Central Asian southern desert,13.0,Deserts & Xeric Shrublands,Palearctic
350,Apple_irr_2030y_SOC,cf_median,,Central British Columbia Mountain forests,5.0,Temperate Conifer Forests,Nearctic
38,Apple_irr_2030y_SOC,cf_median,23.819828,Central bushveld,7.0,"Tropical & Subtropical Grasslands, Savannas & Shrublands",Afrotropic
370,Apple_irr_2030y_SOC,cf_median,,Central Canadian Shield forests,6.0,Boreal Forests/Taiga,Nearctic
653,Apple_irr_2030y_SOC,cf_median,43.47738,Central China Loess Plateau mixed forests,4.0,Temperate Broadleaf & Mixed Forests,Palearctic
3,Apple_irr_2030y_SOC,cf_median,,Central Congolian lowland forests,1.0,Tropical & Subtropical Moist Broadleaf Forests,Afrotropic
290,Apple_irr_2030y_SOC,cf_median,18.818436,Central Deccan Plateau dry deciduous forests,2.0,Tropical & Subtropical Dry Broadleaf Forests,Indomalayan
654,Apple_irr_2030y_SOC,cf_median,,Central European mixed forests,4.0,Temperate Broadleaf & Mixed Forests,Palearctic
387,Apple_irr_2030y_SOC,cf_median,,Central US forest-grasslands transition,8.0,"Temperate Grasslands, Savannas & Shrublands",Nearctic
291,Apple_irr_2030y_SOC,cf_median,,Central Indochina dry forests,2.0,Tropical & Subtropical Dry Broadleaf Forests,Indomalayan
655,Apple_irr_2030y_SOC,cf_median,,Central Korean deciduous forests,4.0,Temperate Broadleaf & Mixed Forests,Palearctic
427,Apple_irr_2030y_SOC,cf_median,27.672985,Central Mexican matorral,13.0,Deserts & Xeric Shrublands,Nearctic
351,Apple_irr_2030y_SOC,cf_median,96.140495,Central Pacific Northwest coastal forests,5.0,Temperate Conifer Forests,Nearctic
820,Apple_irr_2030y_SOC,cf_median,,Central Persian desert basins,13.0,Deserts & Xeric Shrublands,Palearctic
619,Apple_irr_2030y_SOC,cf_median,,Central Polynesian tropical moist forests,1.0,Tropical & Subtropical Moist Broadleaf Forests,Oceania
139,Apple_irr_2030y_SOC,cf_median,,Central Range Papuan montane rain forests,1.0,Tropical & Subtropical Moist Broadleaf Forests,Australasia
195,Apple_irr_2030y_SOC,cf_median,,Papuan Central Range sub-alpine grasslands,10.0,Montane Grasslands & Shrublands,Australasia
208,Apple_irr_2030y_SOC,cf_median,12.58828,Central Ranges xeric scrub,13.0,Deserts & Xeric Shrublands,Australasia
118,Apple_irr_2030y_SOC,cf_median,,Central South Antarctic Peninsula tundra,11.0,Tundra,Antarctica
388,Apple_irr_2030y_SOC,cf_median,,Central Tallgrass prairie,8.0,"Temperate Grasslands, Savannas & Shrublands",Nearctic
750,Apple_irr_2030y_SOC,cf_median,41.883,Central Tibetan Plateau alpine steppe,10.0,Montane Grasslands & Shrublands,Palearctic
39,Apple_irr_2030y_SOC,cf_median,,Central Zambezian wet miombo woodlands,7.0,"Tropical & Subtropical Grasslands, Savannas & Shrublands",Afrotropic
567,Apple_irr_2030y_SOC,cf_median,24.367807,Cerrado,7.0,"Tropical & Subtropical Grasslands, Savannas & Shrublands",Neotropic
656,Apple_irr_2030y_SOC,cf_median,,Changbai Mountains mixed forests,4.0,Temperate Broadleaf & Mixed Forests,Palearctic
657,Apple_irr_2030y_SOC,cf_median,33.699696,Changjiang Plain evergreen forests,4.0,Temperate Broadleaf & Mixed Forests,Palearctic
224,Apple_irr_2030y_SOC,cf_median,,Chao Phraya freshwater swamp forests,1.0,Tropical & Subtropical Moist Broadleaf Forests,Indomalayan
225,Apple_irr_2030y_SOC,cf_median,,Chao Phraya lowland moist deciduous forests,1.0,Tropical & Subtropical Moist Broadleaf Forests,Indomalayan
167,Apple_irr_2030y_SOC,cf_median,,Chatham Island temperate forests,4.0,Temperate Broadleaf & Mixed Forests,Australasia
771,Apple_irr_2030y_SOC,cf_median,,Cherskii-Kolyma mountain tundra,11.0,Tundra,Palearctic
292,Apple_irr_2030y_SOC,cf_median,24.074411,Chhota-Nagpur dry deciduous forests,2.0,Tropical & Subtropical Dry Broadleaf Forests,Indomalayan
528,Apple_irr_2030y_SOC,cf_median,30.1832,Chiapas Depression dry forests,2.0,Tropical & Subtropical Dry Broadleaf Forests,Neotropic
452,Apple_irr_2030y_SOC,cf_median,42.804897,Chiapas montane forests,1.0,Tropical & Subtropical Moist Broadleaf Forests,Neotropic
428,Apple_irr_2030y_SOC,cf_median,20.100676,Chihuahuan desert,13.0,Deserts & Xeric Shrublands,Nearctic
596,Apple_irr_2030y_SOC,cf_median,58.435028,Chilean Matorral,12.0,"Mediterranean Forests, Woodlands & Scrub",Neotropic
453,Apple_irr_2030y_SOC,cf_median,33.961773,Chimalapas montane forests,1.0,Tropical & Subtropical Moist Broadleaf Forests,Neotropic
226,Apple_irr_2030y_SOC,cf_median,39.047035,Chin Hills-Arakan Yoma montane forests,1.0,Tropical & Subtropical Moist Broadleaf Forests,Indomalayan
529,Apple_irr_2030y_SOC,cf_median,25.550192,Chiquitano dry forests,2.0,Tropical & Subtropical Dry Broadleaf Forests,Neotropic
454,Apple_irr_2030y_SOC,cf_median,45.941505,Chocó-Darién moist forests,1.0,Tropical & Subtropical Moist Broadleaf Forests,Neotropic
227,Apple_irr_2030y_SOC,cf_median,,Christmas and Cocos Islands tropical forests,1.0,Tropical & Subtropical Moist Broadleaf Forests,Indomalayan
772,Apple_irr_2030y_SOC,cf_median,,Chukchi Peninsula tundra,11.0,Tundra,Palearctic
568,Apple_irr_2030y_SOC,cf_median,,Clipperton Island shrub and grasslands,7.0,"Tropical & Subtropical Grasslands, Savannas & Shrublands",Neotropic
455,Apple_irr_2030y_SOC,cf_median,,Cocos Island moist forests,1.0,Tropical & Subtropical Moist Broadleaf Forests,Neotropic
429,Apple_irr_2030y_SOC,cf_median,25.40614,Colorado Plateau shrublands,13.0,Deserts & Xeric Shrublands,Nearctic
353,Apple_irr_2030y_SOC,cf_median,53.91307,Colorado Rockies forests,5.0,Temperate Conifer Forests,Nearctic
4,Apple_irr_2030y_SOC,cf_median,,Comoros forests,1.0,Tropical & Subtropical Moist Broadleaf Forests,Afrotropic
371,Apple_irr_2030y_SOC,cf_median,,Cook Inlet taiga,6.0,Boreal Forests/Taiga,Nearctic
620,Apple_irr_2030y_SOC,cf_median,,Cook Islands tropical moist forests,1.0,Tropical & Subtropical Moist Broadleaf Forests,Oceania
197,Apple_irr_2030y_SOC,cf_median,30.65808,Coolgardie woodlands,12.0,"Mediterranean Forests, Woodlands & Scrub",Australasia
372,Apple_irr_2030y_SOC,cf_median,,Copper Plateau taiga,6.0,Boreal Forests/Taiga,Nearctic
590,Apple_irr_2030y_SOC,cf_median,63.89378,Cordillera Central páramo,10.0,Montane Grasslands & Shrublands,Neotropic
591,Apple_irr_2030y_SOC,cf_median,,Cordillera de Merida páramo,10.0,Montane Grasslands & Shrublands,Neotropic
456,Apple_irr_2030y_SOC,cf_median,,Cordillera La Costa montane forests,1.0,Tropical & Subtropical Moist Broadleaf Forests,Neotropic
457,Apple_irr_2030y_SOC,cf_median,58.27828,Cordillera Oriental montane forests,1.0,Tropical & Subtropical Moist Broadleaf Forests,Neotropic
788,Apple_irr_2030y_SOC,cf_median,78.769325,Corsican montane broadleaf and mixed forests,12.0,"Mediterranean Forests, Woodlands & Scrub",Palearctic
458,Apple_irr_2030y_SOC,cf_median,,Costa Rican seasonal moist forests,1.0,Tropical & Subtropical Moist Broadleaf Forests,Neotropic
789,Apple_irr_2030y_SOC,cf_median,67.66781,Crete Mediterranean forests,12.0,"Mediterranean Forests, Woodlands & Scrub",Palearctic
658,Apple_irr_2030y_SOC,cf_median,,Crimean Submediterranean forest complex,4.0,Temperate Broadleaf & Mixed Forests,Palearctic
6,Apple_irr_2030y_SOC,cf_median,,Cross-Niger transition forests,1.0,Tropical & Subtropical Moist Broadleaf Forests,Afrotropic
7,Apple_irr_2030y_SOC,cf_median,,Cross-Sanaga-Bioko coastal forests,1.0,Tropical & Subtropical Moist Broadleaf Forests,Afrotropic
390,Apple_irr_2030y_SOC,cf_median,33.2313,Cross-Timbers savanna-woodland,8.0,"Temperate Grasslands, Savannas & Shrublands",Nearctic
600,Apple_irr_2030y_SOC,cf_median,,Cuban cactus scrub,13.0,Deserts & Xeric Shrublands,Neotropic
530,Apple_irr_2030y_SOC,cf_median,,Cuban dry forests,2.0,Tropical & Subtropical Dry Broadleaf Forests,Neotropic
459,Apple_irr_2030y_SOC,cf_median,,Cuban moist forests,1.0,Tropical & Subtropical Moist Broadleaf Forests,Neotropic
554,Apple_irr_2030y_SOC,cf_median,,Cuban pine forests,3.0,Tropical & Subtropical Coniferous Forests,Neotropic
579,Apple_irr_2030y_SOC,cf_median,,Cuban wetlands,9.0,Flooded Grasslands & Savannas,Neotropic
790,Apple_irr_2030y_SOC,cf_median,48.583096,Cyprus Mediterranean forests,12.0,"Mediterranean Forests, Woodlands & Scrub",Palearctic
693,Apple_irr_2030y_SOC,cf_median,,Da Hinggan-Dzhagdy Mountains conifer forests,5.0,Temperate Conifer Forests,Palearctic
659,Apple_irr_2030y_SOC,cf_median,39.87166,Daba Mountains evergreen forests,4.0,Temperate Broadleaf & Mixed Forests,Palearctic
726,Apple_irr_2030y_SOC,cf_median,,Daurian forest steppe,8.0,"Temperate Grasslands, Savannas & Shrublands",Palearctic
415,Apple_irr_2030y_SOC,cf_median,,Davis Highlands tundra,11.0,Tundra,Nearctic
315,Apple_irr_2030y_SOC,cf_median,19.938564,Deccan thorn scrub forests,13.0,Deserts & Xeric Shrublands,Indomalayan
660,Apple_irr_2030y_SOC,cf_median,62.35781,Dinaric Mountains mixed forests,4.0,Temperate Broadleaf & Mixed Forests,Palearctic
92,Apple_irr_2030y_SOC,cf_median,,Djibouti xeric shrublands,13.0,Deserts & Xeric Shrublands,Afrotropic
40,Apple_irr_2030y_SOC,cf_median,40.0135,Drakensberg Escarpment savanna and thicket,7.0,"Tropical & Subtropical Grasslands, Savannas & Shrublands",Afrotropic
41,Apple_irr_2030y_SOC,cf_median,39.309982,Drakensberg grasslands,7.0,"Tropical & Subtropical Grasslands, Savannas & Shrublands",Afrotropic
0,Apple_irr_2030y_SOC,cf_median,60.37881,Rock and Ice,11.0,N/A,N/A
569,Apple_irr_2030y_SOC,cf_median,25.612865,Dry Chaco,7.0,"Tropical & Subtropical Grasslands, Savannas & Shrublands",Neotropic
694,Apple_irr_2030y_SOC,cf_median,35.04098,East Afghan montane conifer forests,5.0,Temperate Conifer Forests,Palearctic
69,Apple_irr_2030y_SOC,cf_median,18.58169,East African halophytics,9.0,Flooded Grasslands & Savannas,Afrotropic
112,Apple_irr_2030y_SOC,cf_median,23.345322,East African mangroves,14.0,Mangroves,Afrotropic
120,Apple_irr_2030y_SOC,cf_median,,East Antarctic tundra,11.0,Tundra,Antarctica
821,Apple_irr_2030y_SOC,cf_median,,East Arabian fog shrublands and sand desert,13.0,Deserts & Xeric Shrublands,Palearctic
332,Apple_irr_2030y_SOC,cf_median,26.203358,East Central Texas forests,4.0,Temperate Broadleaf & Mixed Forests,Nearctic
293,Apple_irr_2030y_SOC,cf_median,25.078398,East Deccan dry-evergreen forests,2.0,Tropical & Subtropical Dry Broadleaf Forests,Indomalayan
661,Apple_irr_2030y_SOC,cf_median,,East European forest steppe,4.0,Temperate Broadleaf & Mixed Forests,Palearctic
822,Apple_irr_2030y_SOC,cf_median,,East Sahara Desert,13.0,Deserts & Xeric Shrublands,Palearctic
823,Apple_irr_2030y_SOC,cf_median,,East Saharan montane xeric woodlands,13.0,Deserts & Xeric Shrublands,Palearctic
710,Apple_irr_2030y_SOC,cf_median,,East Siberian taiga,6.0,Boreal Forests/Taiga,Palearctic
43,Apple_irr_2030y_SOC,cf_median,32.33062,East Sudanian savanna,7.0,"Tropical & Subtropical Grasslands, Savannas & Shrublands",Afrotropic
662,Apple_irr_2030y_SOC,cf_median,,Eastern Anatolian deciduous forests,4.0,Temperate Broadleaf & Mixed Forests,Palearctic
727,Apple_irr_2030y_SOC,cf_median,,Eastern Anatolian montane steppe,8.0,"Temperate Grasslands, Savannas & Shrublands",Palearctic
191,Apple_irr_2030y_SOC,cf_median,13.563792,Eastern Australia mulga shrublands,8.0,"Temperate Grasslands, Savannas & Shrublands",Australasia
168,Apple_irr_2030y_SOC,cf_median,42.278633,Eastern Australian temperate forests,4.0,Temperate Broadleaf & Mixed Forests,Australasia
373,Apple_irr_2030y_SOC,cf_median,,Eastern Canadian forests,6.0,Boreal Forests/Taiga,Nearctic
374,Apple_irr_2030y_SOC,cf_median,,Eastern Canadian Shield taiga,6.0,Boreal Forests/Taiga,Nearctic
354,Apple_irr_2030y_SOC,cf_median,42.54759,Eastern Cascades forests,5.0,Temperate Conifer Forests,Nearctic
10,Apple_irr_2030y_SOC,cf_median,,Eastern Congolian swamp forests,1.0,Tropical & Subtropical Moist Broadleaf Forests,Afrotropic
460,Apple_irr_2030y_SOC,cf_median,57.97905,Eastern Cordillera Real montane forests,1.0,Tropical & Subtropical Moist Broadleaf Forests,Neotropic
333,Apple_irr_2030y_SOC,cf_median,,Eastern Canadian Forest-Boreal transition,4.0,Temperate Broadleaf & Mixed Forests,Nearctic
824,Apple_irr_2030y_SOC,cf_median,,Eastern Gobi desert steppe,13.0,Deserts & Xeric Shrublands,Palearctic
334,Apple_irr_2030y_SOC,cf_median,,Eastern Great Lakes lowland forests,4.0,Temperate Broadleaf & Mixed Forests,Nearctic
11,Apple_irr_2030y_SOC,cf_median,,Eastern Guinean forests,1.0,Tropical & Subtropical Moist Broadleaf Forests,Afrotropic
228,Apple_irr_2030y_SOC,cf_median,24.55944,East Deccan moist deciduous forests,1.0,Tropical & Subtropical Moist Broadleaf Forests,Indomalayan
751,Apple_irr_2030y_SOC,cf_median,60.152363,Eastern Himalayan alpine shrub and meadows,10.0,Montane Grasslands & Shrublands,Palearctic
306,Apple_irr_2030y_SOC,cf_median,46.094345,Eastern Himalayan broadleaf forests,4.0,Temperate Broadleaf & Mixed Forests,Indomalayan
309,Apple_irr_2030y_SOC,cf_median,56.443127,Eastern Himalayan subalpine conifer forests,5.0,Temperate Conifer Forests,Indomalayan
229,Apple_irr_2030y_SOC,cf_median,,Eastern Java-Bali montane rain forests,1.0,Tropical & Subtropical Moist Broadleaf Forests,Indomalayan
230,Apple_irr_2030y_SOC,cf_median,,Eastern Java-Bali rain forests,1.0,Tropical & Subtropical Moist Broadleaf Forests,Indomalayan
791,Apple_irr_2030y_SOC,cf_median,25.923351,Eastern Mediterranean conifer-broadleaf forests,12.0,"Mediterranean Forests, Woodlands & Scrub",Palearctic
621,Apple_irr_2030y_SOC,cf_median,,Eastern Micronesia tropical moist forests,1.0,Tropical & Subtropical Moist Broadleaf Forests,Oceania
461,Apple_irr_2030y_SOC,cf_median,39.508224,Eastern Panamanian montane forests,1.0,Tropical & Subtropical Moist Broadleaf Forests,Neotropic
531,Apple_irr_2030y_SOC,cf_median,31.505774,Ecuadorian dry forests,2.0,Tropical & Subtropical Dry Broadleaf Forests,Neotropic
391,Apple_irr_2030y_SOC,cf_median,31.762873,Edwards Plateau savanna,8.0,"Temperate Grasslands, Savannas & Shrublands",Nearctic
185,Apple_irr_2030y_SOC,cf_median,19.62998,Einasleigh upland savanna,7.0,"Tropical & Subtropical Grasslands, Savannas & Shrublands",Australasia
695,Apple_irr_2030y_SOC,cf_median,,Elburz Range forest steppe,5.0,Temperate Conifer Forests,Palearctic
121,Apple_irr_2030y_SOC,cf_median,,Ellsworth Land tundra,11.0,Tundra,Antarctica
122,Apple_irr_2030y_SOC,cf_median,,Ellsworth Mountains tundra,11.0,Tundra,Antarctica
728,Apple_irr_2030y_SOC,cf_median,,Emin Valley steppe,8.0,"Temperate Grasslands, Savannas & Shrublands",Palearctic
123,Apple_irr_2030y_SOC,cf_median,,Enderby Land tundra,11.0,Tundra,Antarctica
663,Apple_irr_2030y_SOC,cf_median,,English Lowlands beech forests,4.0,Temperate Broadleaf & Mixed Forests,Palearctic
580,Apple_irr_2030y_SOC,cf_median,,Enriquillo wetlands,9.0,Flooded Grasslands & Savannas,Neotropic
93,Apple_irr_2030y_SOC,cf_median,,Eritrean coastal desert,13.0,Deserts & Xeric Shrublands,Afrotropic
198,Apple_irr_2030y_SOC,cf_median,32.436928,Esperance mallee,12.0,"Mediterranean Forests, Woodlands & Scrub",Australasia
575,Apple_irr_2030y_SOC,cf_median,27.004251,Espinal,8.0,"Temperate Grasslands, Savannas & Shrublands",Neotropic
12,Apple_irr_2030y_SOC,cf_median,,Ethiopian montane forests,1.0,Tropical & Subtropical Moist Broadleaf Forests,Afrotropic
79,Apple_irr_2030y_SOC,cf_median,,Ethiopian montane grasslands and woodlands,10.0,Montane Grasslands & Shrublands,Afrotropic
80,Apple_irr_2030y_SOC,cf_median,,Ethiopian montane moorlands,10.0,Montane Grasslands & Shrublands,Afrotropic
70,Apple_irr_2030y_SOC,cf_median,,Etosha Pan halophytics,9.0,Flooded Grasslands & Savannas,Afrotropic
665,Apple_irr_2030y_SOC,cf_median,58.702686,Euxine-Colchic broadleaf forests,4.0,Temperate Broadleaf & Mixed Forests,Palearctic
581,Apple_irr_2030y_SOC,cf_median,39.703815,Everglades flooded grasslands,9.0,Flooded Grasslands & Savannas,Neotropic
199,Apple_irr_2030y_SOC,cf_median,31.239853,Eyre and York mallee,12.0,"Mediterranean Forests, Woodlands & Scrub",Australasia
729,Apple_irr_2030y_SOC,cf_median,,Faroe Islands boreal grasslands,8.0,"Temperate Grasslands, Savannas & Shrublands",Palearctic
462,Apple_irr_2030y_SOC,cf_median,,Fernando de Noronha-Atol das Rocas moist forests,1.0,Tropical & Subtropical Moist Broadleaf Forests,Neotropic
635,Apple_irr_2030y_SOC,cf_median,,Fiji tropical dry forests,2.0,Tropical & Subtropical Dry Broadleaf Forests,Oceania
622,Apple_irr_2030y_SOC,cf_median,,Fiji tropical moist forests,1.0,Tropical & Subtropical Moist Broadleaf Forests,Oceania
169,Apple_irr_2030y_SOC,cf_median,,Fiordland temperate forests,4.0,Temperate Broadleaf & Mixed Forests,Australasia
200,Apple_irr_2030y_SOC,cf_median,25.672007,Flinders-Lofty montane woodlands,12.0,"Mediterranean Forests, Woodlands & Scrub",Australasia
392,Apple_irr_2030y_SOC,cf_median,,Flint Hills tallgrass prairie,8.0,"Temperate Grasslands, Savannas & Shrublands",Nearctic
355,Apple_irr_2030y_SOC,cf_median,,Fraser Plateau and Basin conifer forests,5.0,Temperate Conifer Forests,Nearctic
89,Apple_irr_2030y_SOC,cf_median,36.23464,Fynbos shrubland,12.0,"Mediterranean Forests, Woodlands & Scrub",Afrotropic
601,Apple_irr_2030y_SOC,cf_median,54.73771,Galápagos Islands xeric scrub,13.0,Deserts & Xeric Shrublands,Neotropic
94,Apple_irr_2030y_SOC,cf_median,17.504082,Gariep Karoo,13.0,Deserts & Xeric Shrublands,Afrotropic
752,Apple_irr_2030y_SOC,cf_median,,Ghorat-Hazarajat alpine meadow,10.0,Montane Grasslands & Shrublands,Palearctic
209,Apple_irr_2030y_SOC,cf_median,10.378338,Gibson desert,13.0,Deserts & Xeric Shrublands,Australasia
730,Apple_irr_2030y_SOC,cf_median,,Gissaro-Alai open woodlands,8.0,"Temperate Grasslands, Savannas & Shrublands",Palearctic
316,Apple_irr_2030y_SOC,cf_median,57.09394,Godavari-Krishna mangroves,13.0,Deserts & Xeric Shrublands,Indomalayan
825,Apple_irr_2030y_SOC,cf_median,,Gobi Lakes Valley desert steppe,13.0,Deserts & Xeric Shrublands,Palearctic
13,Apple_irr_2030y_SOC,cf_median,,Granitic Seychelles forests,1.0,Tropical & Subtropical Moist Broadleaf Forests,Afrotropic
356,Apple_irr_2030y_SOC,cf_median,45.999413,Great Basin montane forests,5.0,Temperate Conifer Forests,Nearctic
430,Apple_irr_2030y_SOC,cf_median,30.145626,Great Basin shrub steppe,13.0,Deserts & Xeric Shrublands,Nearctic
826,Apple_irr_2030y_SOC,cf_median,,Great Lakes Basin desert steppe,13.0,Deserts & Xeric Shrublands,Palearctic
210,Apple_irr_2030y_SOC,cf_median,14.011519,Great Sandy-Tanami desert,13.0,Deserts & Xeric Shrublands,Australasia
211,Apple_irr_2030y_SOC,cf_median,21.611254,Great Victoria desert,13.0,Deserts & Xeric Shrublands,Australasia
231,Apple_irr_2030y_SOC,cf_median,,Greater Negros-Panay rain forests,1.0,Tropical & Subtropical Moist Broadleaf Forests,Indomalayan
602,Apple_irr_2030y_SOC,cf_median,31.765503,Guajira-Barranquilla xeric scrub,13.0,Deserts & Xeric Shrublands,Neotropic
582,Apple_irr_2030y_SOC,cf_median,37.463978,Guayaquil flooded grasslands,9.0,Flooded Grasslands & Savannas,Neotropic
463,Apple_irr_2030y_SOC,cf_median,,Guianan freshwater swamp forests,1.0,Tropical & Subtropical Moist Broadleaf Forests,Neotropic
464,Apple_irr_2030y_SOC,cf_median,36.19275,Guianan Highlands moist forests,1.0,Tropical & Subtropical Moist Broadleaf Forests,Neotropic
465,Apple_irr_2030y_SOC,cf_median,31.905485,Guianan lowland moist forests,1.0,Tropical & Subtropical Moist Broadleaf Forests,Neotropic
466,Apple_irr_2030y_SOC,cf_median,29.76658,Guianan piedmont moist forests,1.0,Tropical & Subtropical Moist Broadleaf Forests,Neotropic
570,Apple_irr_2030y_SOC,cf_median,25.423382,Guianan savanna,7.0,"Tropical & Subtropical Grasslands, Savannas & Shrublands",Neotropic
44,Apple_irr_2030y_SOC,cf_median,,Guinean forest-savanna,7.0,"Tropical & Subtropical Grasslands, Savannas & Shrublands",Afrotropic
113,Apple_irr_2030y_SOC,cf_median,,Guinean mangroves,14.0,Mangroves,Afrotropic
14,Apple_irr_2030y_SOC,cf_median,,Guinean montane forests,1.0,Tropical & Subtropical Moist Broadleaf Forests,Afrotropic
642,Apple_irr_2030y_SOC,cf_median,41.80511,Guizhou Plateau broadleaf and mixed forests,1.0,Tropical & Subtropical Moist Broadleaf Forests,Palearctic
431,Apple_irr_2030y_SOC,cf_median,30.44407,Gulf of California xeric scrub,13.0,Deserts & Xeric Shrublands,Nearctic
335,Apple_irr_2030y_SOC,cf_median,,Gulf of St. Lawrence lowland forests,4.0,Temperate Broadleaf & Mixed Forests,Nearctic
467,Apple_irr_2030y_SOC,cf_median,22.985851,Gurupa várzea,1.0,Tropical & Subtropical Moist Broadleaf Forests,Neotropic
232,Apple_irr_2030y_SOC,cf_median,42.857605,Hainan Island monsoon rain forests,1.0,Tropical & Subtropical Moist Broadleaf Forests,Indomalayan
140,Apple_irr_2030y_SOC,cf_median,,Halmahera rain forests,1.0,Tropical & Subtropical Moist Broadleaf Forests,Australasia
201,Apple_irr_2030y_SOC,cf_median,31.137348,Hampton mallee and woodlands,12.0,"Mediterranean Forests, Woodlands & Scrub",Australasia
636,Apple_irr_2030y_SOC,cf_median,41.47831,Hawai'i tropical dry forests,2.0,Tropical & Subtropical Dry Broadleaf Forests,Oceania
639,Apple_irr_2030y_SOC,cf_median,33.947163,Hawai'i tropical high shrublands,7.0,"Tropical & Subtropical Grasslands, Savannas & Shrublands",Oceania
640,Apple_irr_2030y_SOC,cf_median,73.29799,Hawai'i tropical low shrublands,7.0,"Tropical & Subtropical Grasslands, Savannas & Shrublands",Oceania
623,Apple_irr_2030y_SOC,cf_median,78.09481,Hawai'i tropical moist forests,1.0,Tropical & Subtropical Moist Broadleaf Forests,Oceania
696,Apple_irr_2030y_SOC,cf_median,,Helanshan montane conifer forests,5.0,Temperate Conifer Forests,Palearctic
697,Apple_irr_2030y_SOC,cf_median,79.81391,Hengduan Mountains subalpine conifer forests,5.0,Temperate Conifer Forests,Palearctic
412,Apple_irr_2030y_SOC,cf_median,,Canadian High Arctic tundra,11.0,Tundra,Nearctic
592,Apple_irr_2030y_SOC,cf_median,29.954865,High Monte,10.0,Montane Grasslands & Shrublands,Neotropic
81,Apple_irr_2030y_SOC,cf_median,26.32236,Highveld grasslands,10.0,Montane Grasslands & Shrublands,Afrotropic
233,Apple_irr_2030y_SOC,cf_median,31.431053,Himalayan subtropical broadleaf forests,1.0,Tropical & Subtropical Moist Broadleaf Forests,Indomalayan
302,Apple_irr_2030y_SOC,cf_median,35.561306,Himalayan subtropical pine forests,3.0,Tropical & Subtropical Coniferous Forests,Indomalayan
753,Apple_irr_2030y_SOC,cf_median,57.17458,Hindu Kush alpine meadow,10.0,Montane Grasslands & Shrublands,Palearctic
532,Apple_irr_2030y_SOC,cf_median,,Hispaniolan dry forests,2.0,Tropical & Subtropical Dry Broadleaf Forests,Neotropic
468,Apple_irr_2030y_SOC,cf_median,,Hispaniolan moist forests,1.0,Tropical & Subtropical Moist Broadleaf Forests,Neotropic
555,Apple_irr_2030y_SOC,cf_median,,Hispaniolan pine forests,3.0,Tropical & Subtropical Coniferous Forests,Neotropic
95,Apple_irr_2030y_SOC,cf_median,,Hobyo grasslands and shrublands,13.0,Deserts & Xeric Shrublands,Afrotropic
666,Apple_irr_2030y_SOC,cf_median,,Hokkaido deciduous forests,4.0,Temperate Broadleaf & Mixed Forests,Palearctic
698,Apple_irr_2030y_SOC,cf_median,,Hokkaido montane conifer forests,5.0,Temperate Conifer Forests,Palearctic
699,Apple_irr_2030y_SOC,cf_median,,Honshu alpine conifer forests,5.0,Temperate Conifer Forests,Palearctic
45,Apple_irr_2030y_SOC,cf_median,,Horn of Africa xeric bushlands,7.0,"Tropical & Subtropical Grasslands, Savannas & Shrublands",Afrotropic
667,Apple_irr_2030y_SOC,cf_median,44.68341,Huang He Plain mixed forests,4.0,Temperate Broadleaf & Mixed Forests,Palearctic
571,Apple_irr_2030y_SOC,cf_median,27.998684,Humid Chaco,7.0,"Tropical & Subtropical Grasslands, Savannas & Shrublands",Neotropic
576,Apple_irr_2030y_SOC,cf_median,43.192314,Humid Pampas,8.0,"Temperate Grasslands, Savannas & Shrublands",Neotropic
141,Apple_irr_2030y_SOC,cf_median,,Huon Peninsula montane rain forests,1.0,Tropical & Subtropical Moist Broadleaf Forests,Australasia
792,Apple_irr_2030y_SOC,cf_median,32.560383,Iberian conifer forests,12.0,"Mediterranean Forests, Woodlands & Scrub",Palearctic
793,Apple_irr_2030y_SOC,cf_median,27.396893,Iberian sclerophyllous and semi-deciduous forests,12.0,"Mediterranean Forests, Woodlands & Scrub",Palearctic
711,Apple_irr_2030y_SOC,cf_median,,Iceland boreal birch forests and alpine tundra,6.0,Boreal Forests/Taiga,Palearctic
794,Apple_irr_2030y_SOC,cf_median,48.00364,Illyrian deciduous forests,12.0,"Mediterranean Forests, Woodlands & Scrub",Palearctic
319,Apple_irr_2030y_SOC,cf_median,,Indochina mangroves,14.0,Mangroves,Indomalayan
320,Apple_irr_2030y_SOC,cf_median,17.493343,Indus River Delta-Arabian Sea mangroves,14.0,Mangroves,Indomalayan
317,Apple_irr_2030y_SOC,cf_median,,Indus Valley desert,13.0,Deserts & Xeric Shrublands,Indomalayan
71,Apple_irr_2030y_SOC,cf_median,,Inner Niger Delta flooded savanna,9.0,Flooded Grasslands & Savannas,Afrotropic
375,Apple_irr_2030y_SOC,cf_median,,Interior Alaska-Yukon lowland taiga,6.0,Boreal Forests/Taiga,Nearctic
336,Apple_irr_2030y_SOC,cf_median,30.705854,Interior Plateau US Hardwood Forests,4.0,Temperate Broadleaf & Mixed Forests,Nearctic
416,Apple_irr_2030y_SOC,cf_median,,Interior Yukon-Alaska alpine tundra,11.0,Tundra,Nearctic
469,Apple_irr_2030y_SOC,cf_median,30.941774,Iquitos várzea,1.0,Tropical & Subtropical Moist Broadleaf Forests,Neotropic
294,Apple_irr_2030y_SOC,cf_median,,Irrawaddy dry forests,2.0,Tropical & Subtropical Dry Broadleaf Forests,Indomalayan
234,Apple_irr_2030y_SOC,cf_median,,Irrawaddy freshwater swamp forests,1.0,Tropical & Subtropical Moist Broadleaf Forests,Indomalayan
235,Apple_irr_2030y_SOC,cf_median,,Irrawaddy moist deciduous forests,1.0,Tropical & Subtropical Moist Broadleaf Forests,Indomalayan
533,Apple_irr_2030y_SOC,cf_median,,Islas Revillagigedo dry forests,2.0,Tropical & Subtropical Dry Broadleaf Forests,Neotropic
470,Apple_irr_2030y_SOC,cf_median,,Isthmian-Atlantic moist forests,1.0,Tropical & Subtropical Moist Broadleaf Forests,Neotropic
471,Apple_irr_2030y_SOC,cf_median,,Isthmian-Pacific moist forests,1.0,Tropical & Subtropical Moist Broadleaf Forests,Neotropic
795,Apple_irr_2030y_SOC,cf_median,42.474228,Italian sclerophyllous and semi-deciduous forests,12.0,"Mediterranean Forests, Woodlands & Scrub",Palearctic
46,Apple_irr_2030y_SOC,cf_median,,Itigi-Sumbu thicket,7.0,"Tropical & Subtropical Grasslands, Savannas & Shrublands",Afrotropic
534,Apple_irr_2030y_SOC,cf_median,30.889944,Jalisco dry forests,2.0,Tropical & Subtropical Dry Broadleaf Forests,Neotropic
535,Apple_irr_2030y_SOC,cf_median,,Jamaican dry forests,2.0,Tropical & Subtropical Dry Broadleaf Forests,Neotropic
472,Apple_irr_2030y_SOC,cf_median,,Jamaican moist forests,1.0,Tropical & Subtropical Moist Broadleaf Forests,Neotropic
473,Apple_irr_2030y_SOC,cf_median,33.822483,Japurá-Solimões-Negro moist forests,1.0,Tropical & Subtropical Moist Broadleaf Forests,Neotropic
202,Apple_irr_2030y_SOC,cf_median,61.071865,Jarrah-Karri forest and shrublands,12.0,"Mediterranean Forests, Woodlands & Scrub",Australasia
236,Apple_irr_2030y_SOC,cf_median,35.894302,Jian Nan subtropical evergreen forests,1.0,Tropical & Subtropical Moist Broadleaf Forests,Indomalayan
82,Apple_irr_2030y_SOC,cf_median,,Jos Plateau forest-grassland,10.0,Montane Grasslands & Shrublands,Afrotropic
560,Apple_irr_2030y_SOC,cf_median,,Juan Fernández Islands temperate forests,4.0,Temperate Broadleaf & Mixed Forests,Neotropic
827,Apple_irr_2030y_SOC,cf_median,,Junggar Basin semi-desert,13.0,Deserts & Xeric Shrublands,Palearctic
474,Apple_irr_2030y_SOC,cf_median,35.041904,Juruá-Purus moist forests,1.0,Tropical & Subtropical Moist Broadleaf Forests,Neotropic
418,Apple_irr_2030y_SOC,cf_median,,Kalaallit Nunaat High Arctic tundra,11.0,Tundra,Nearctic
47,Apple_irr_2030y_SOC,cf_median,,Kalahari Acacia woodlands,7.0,"Tropical & Subtropical Grasslands, Savannas & Shrublands",Afrotropic
97,Apple_irr_2030y_SOC,cf_median,19.763481,Kalahari xeric savanna,13.0,Deserts & Xeric Shrublands,Afrotropic
713,Apple_irr_2030y_SOC,cf_median,,Kamchatka-Kurile meadows and sparse forests,6.0,Boreal Forests/Taiga,Palearctic
712,Apple_irr_2030y_SOC,cf_median,,Kamchatka taiga,6.0,Boreal Forests/Taiga,Palearctic
98,Apple_irr_2030y_SOC,cf_median,,Kaokoveld desert,13.0,Deserts & Xeric Shrublands,Afrotropic
754,Apple_irr_2030y_SOC,cf_median,50.287434,Karakoram-West Tibetan Plateau alpine steppe,10.0,Montane Grasslands & Shrublands,Palearctic
237,Apple_irr_2030y_SOC,cf_median,,Kayah-Karen montane rain forests,1.0,Tropical & Subtropical Moist Broadleaf Forests,Indomalayan
731,Apple_irr_2030y_SOC,cf_median,,Kazakh forest steppe,8.0,"Temperate Grasslands, Savannas & Shrublands",Palearctic
828,Apple_irr_2030y_SOC,cf_median,,Kazakh semi-desert,13.0,Deserts & Xeric Shrublands,Palearctic
732,Apple_irr_2030y_SOC,cf_median,,Kazakh steppe,8.0,"Temperate Grasslands, Savannas & Shrublands",Palearctic
733,Apple_irr_2030y_SOC,cf_median,,Kazakh upland steppe,8.0,"Temperate Grasslands, Savannas & Shrublands",Palearctic
624,Apple_irr_2030y_SOC,cf_median,,Kermadec Islands subtropical moist forests,1.0,Tropical & Subtropical Moist Broadleaf Forests,Oceania
755,Apple_irr_2030y_SOC,cf_median,,Khangai Mountains alpine meadow,10.0,Montane Grasslands & Shrublands,Palearctic
700,Apple_irr_2030y_SOC,cf_median,,Khangai Mountains conifer forests,5.0,Temperate Conifer Forests,Palearctic
295,Apple_irr_2030y_SOC,cf_median,15.769091,Khathiar-Gir dry deciduous forests,2.0,Tropical & Subtropical Dry Broadleaf Forests,Indomalayan
186,Apple_irr_2030y_SOC,cf_median,16.25833,Kimberly tropical savanna,7.0,"Tropical & Subtropical Grasslands, Savannas & Shrublands",Australasia
357,Apple_irr_2030y_SOC,cf_median,51.175377,Klamath-Siskiyou forests,5.0,Temperate Conifer Forests,Nearctic
15,Apple_irr_2030y_SOC,cf_median,42.40062,Knysna-Amatole montane forests,1.0,Tropical & Subtropical Moist Broadleaf Forests,Afrotropic
774,Apple_irr_2030y_SOC,cf_median,,Kola Peninsula tundra,11.0,Tundra,Palearctic
829,Apple_irr_2030y_SOC,cf_median,,Kopet Dag semi-desert,13.0,Deserts & Xeric Shrublands,Palearctic
756,Apple_irr_2030y_SOC,cf_median,,Kopet Dag woodlands and forest steppe,10.0,Montane Grasslands & Shrublands,Palearctic
757,Apple_irr_2030y_SOC,cf_median,,Kuh Rud and Eastern Iran montane woodlands,10.0,Montane Grasslands & Shrublands,Palearctic
16,Apple_irr_2030y_SOC,cf_median,40.278294,Kwazulu Natal-Cape coastal forests,1.0,Tropical & Subtropical Moist Broadleaf Forests,Afrotropic
603,Apple_irr_2030y_SOC,cf_median,,La Costa xeric shrublands,13.0,Deserts & Xeric Shrublands,Neotropic
72,Apple_irr_2030y_SOC,cf_median,,Lake Chad flooded savanna,9.0,Flooded Grasslands & Savannas,Afrotropic
536,Apple_irr_2030y_SOC,cf_median,,Lara-Falcón dry forests,2.0,Tropical & Subtropical Dry Broadleaf Forests,Neotropic
475,Apple_irr_2030y_SOC,cf_median,,Leeward Islands moist forests,1.0,Tropical & Subtropical Moist Broadleaf Forests,Neotropic
163,Apple_irr_2030y_SOC,cf_median,,Lesser Sundas deciduous forests,2.0,Tropical & Subtropical Dry Broadleaf Forests,Australasia
48,Apple_irr_2030y_SOC,cf_median,26.636526,Limpopo lowveld,7.0,"Tropical & Subtropical Grasslands, Savannas & Shrublands",Afrotropic
572,Apple_irr_2030y_SOC,cf_median,27.788279,Llanos,7.0,"Tropical & Subtropical Grasslands, Savannas & Shrublands",Neotropic
142,Apple_irr_2030y_SOC,cf_median,,Lord Howe Island subtropical forests,1.0,Tropical & Subtropical Moist Broadleaf Forests,Australasia
143,Apple_irr_2030y_SOC,cf_median,,Louisiade Archipelago rain forests,1.0,Tropical & Subtropical Moist Broadleaf Forests,Australasia
577,Apple_irr_2030y_SOC,cf_median,19.471607,Low Monte,8.0,"Temperate Grasslands, Savannas & Shrublands",Neotropic
238,Apple_irr_2030y_SOC,cf_median,22.557596,Lower Gangetic Plains moist deciduous forests,1.0,Tropical & Subtropical Moist Broadleaf Forests,Indomalayan
239,Apple_irr_2030y_SOC,cf_median,,Luang Prabang montane rain forests,1.0,Tropical & Subtropical Moist Broadleaf Forests,Indomalayan
240,Apple_irr_2030y_SOC,cf_median,,Luzon montane rain forests,1.0,Tropical & Subtropical Moist Broadleaf Forests,Indomalayan
241,Apple_irr_2030y_SOC,cf_median,,Luzon rain forests,1.0,Tropical & Subtropical Moist Broadleaf Forests,Indomalayan
303,Apple_irr_2030y_SOC,cf_median,,Luzon tropical pine forests,3.0,Tropical & Subtropical Coniferous Forests,Indomalayan
32,Apple_irr_2030y_SOC,cf_median,24.199673,Madagascar dry deciduous forests,2.0,Tropical & Subtropical Dry Broadleaf Forests,Afrotropic
83,Apple_irr_2030y_SOC,cf_median,44.67605,Madagascar ericoid thickets,10.0,Montane Grasslands & Shrublands,Afrotropic
17,Apple_irr_2030y_SOC,cf_median,43.529305,Madagascar humid forests,1.0,Tropical & Subtropical Moist Broadleaf Forests,Afrotropic
114,Apple_irr_2030y_SOC,cf_median,40.924503,Madagascar mangroves,14.0,Mangroves,Afrotropic
99,Apple_irr_2030y_SOC,cf_median,20.575184,Madagascar spiny thickets,13.0,Deserts & Xeric Shrublands,Afrotropic
18,Apple_irr_2030y_SOC,cf_median,31.071701,Madagascar subhumid forests,1.0,Tropical & Subtropical Moist Broadleaf Forests,Afrotropic
100,Apple_irr_2030y_SOC,cf_median,22.082794,Madagascar succulent woodlands,13.0,Deserts & Xeric Shrublands,Afrotropic
476,Apple_irr_2030y_SOC,cf_median,27.514507,Madeira-Tapajós moist forests,1.0,Tropical & Subtropical Moist Broadleaf Forests,Neotropic
668,Apple_irr_2030y_SOC,cf_median,,Madeira evergreen forests,4.0,Temperate Broadleaf & Mixed Forests,Palearctic
478,Apple_irr_2030y_SOC,cf_median,31.982662,Magdalena-Urabá moist forests,1.0,Tropical & Subtropical Moist Broadleaf Forests,Neotropic
538,Apple_irr_2030y_SOC,cf_median,44.383503,Magdalena Valley dry forests,2.0,Tropical & Subtropical Dry Broadleaf Forests,Neotropic
477,Apple_irr_2030y_SOC,cf_median,61.43578,Magdalena Valley montane forests,1.0,Tropical & Subtropical Moist Broadleaf Forests,Neotropic
561,Apple_irr_2030y_SOC,cf_median,,Magellanic subpolar forests,4.0,Temperate Broadleaf & Mixed Forests,Neotropic
73,Apple_irr_2030y_SOC,cf_median,,Makgadikgadi halophytics,9.0,Flooded Grasslands & Savannas,Afrotropic
242,Apple_irr_2030y_SOC,cf_median,33.26026,Malabar Coast moist forests,1.0,Tropical & Subtropical Moist Broadleaf Forests,Indomalayan
243,Apple_irr_2030y_SOC,cf_median,,Maldives-Lakshadweep-Chagos Archipelago tropical moist forests,1.0,Tropical & Subtropical Moist Broadleaf Forests,Indomalayan
604,Apple_irr_2030y_SOC,cf_median,,Malpelo Island xeric scrub,13.0,Deserts & Xeric Shrublands,Neotropic
669,Apple_irr_2030y_SOC,cf_median,,Manchurian mixed forests,4.0,Temperate Broadleaf & Mixed Forests,Palearctic
49,Apple_irr_2030y_SOC,cf_median,,Mandara Plateau woodlands,7.0,"Tropical & Subtropical Grasslands, Savannas & Shrublands",Afrotropic
19,Apple_irr_2030y_SOC,cf_median,27.791094,Maputaland coastal forests and woodlands,1.0,Tropical & Subtropical Moist Broadleaf Forests,Afrotropic
539,Apple_irr_2030y_SOC,cf_median,,Maracaibo dry forests,2.0,Tropical & Subtropical Dry Broadleaf Forests,Neotropic
480,Apple_irr_2030y_SOC,cf_median,29.640316,Marajó várzea,1.0,Tropical & Subtropical Moist Broadleaf Forests,Neotropic
540,Apple_irr_2030y_SOC,cf_median,19.12295,Maranhão Babaçu forests,2.0,Tropical & Subtropical Dry Broadleaf Forests,Neotropic
479,Apple_irr_2030y_SOC,cf_median,49.686085,Marañón dry forests,1.0,Tropical & Subtropical Moist Broadleaf Forests,Neotropic
637,Apple_irr_2030y_SOC,cf_median,,Marianas tropical dry forests,2.0,Tropical & Subtropical Dry Broadleaf Forests,Oceania
625,Apple_irr_2030y_SOC,cf_median,,Marquesas tropical moist forests,1.0,Tropical & Subtropical Moist Broadleaf Forests,Oceania
50,Apple_irr_2030y_SOC,cf_median,12.386976,Masai xeric grasslands and shrublands,7.0,"Tropical & Subtropical Grasslands, Savannas & Shrublands",Afrotropic
20,Apple_irr_2030y_SOC,cf_median,,Mascarene forests,1.0,Tropical & Subtropical Moist Broadleaf Forests,Afrotropic
481,Apple_irr_2030y_SOC,cf_median,27.57707,Mato Grosso tropical dry forests,1.0,Tropical & Subtropical Moist Broadleaf Forests,Neotropic
796,Apple_irr_2030y_SOC,cf_median,21.31979,Mediterranean Acacia-Argania dry woodlands and succulent thickets,12.0,"Mediterranean Forests, Woodlands & Scrub",Palearctic
701,Apple_irr_2030y_SOC,cf_median,34.445507,Mediterranean conifer and mixed forests,5.0,Temperate Conifer Forests,Palearctic
797,Apple_irr_2030y_SOC,cf_median,17.50887,Mediterranean dry woodlands and steppe,12.0,"Mediterranean Forests, Woodlands & Scrub",Palearctic
758,Apple_irr_2030y_SOC,cf_median,23.93401,Mediterranean High Atlas juniper steppe,10.0,Montane Grasslands & Shrublands,Palearctic
798,Apple_irr_2030y_SOC,cf_median,26.118153,Mediterranean woodlands and forests,12.0,"Mediterranean Forests, Woodlands & Scrub",Palearctic
244,Apple_irr_2030y_SOC,cf_median,34.54448,Meghalaya subtropical forests,1.0,Tropical & Subtropical Moist Broadleaf Forests,Indomalayan
245,Apple_irr_2030y_SOC,cf_median,,Mentawai Islands rain forests,1.0,Tropical & Subtropical Moist Broadleaf Forests,Indomalayan
432,Apple_irr_2030y_SOC,cf_median,24.536722,Meseta Central matorral,13.0,Deserts & Xeric Shrublands,Nearctic
613,Apple_irr_2030y_SOC,cf_median,45.749416,Mesoamerican Gulf-Caribbean mangroves,14.0,Mangroves,Neotropic
830,Apple_irr_2030y_SOC,cf_median,18.50877,Mesopotamian shrub desert,13.0,Deserts & Xeric Shrublands,Palearctic
376,Apple_irr_2030y_SOC,cf_median,,Mid-Canada Boreal Plains forests,6.0,Boreal Forests/Taiga,Nearctic
414,Apple_irr_2030y_SOC,cf_median,,Canadian Middle Arctic Tundra,11.0,Tundra,Nearctic
393,Apple_irr_2030y_SOC,cf_median,39.843178,Mid-Atlantic US coastal savannas,8.0,"Temperate Grasslands, Savannas & Shrublands",Nearctic
377,Apple_irr_2030y_SOC,cf_median,,Midwest Canadian Shield forests,6.0,Boreal Forests/Taiga,Nearctic
247,Apple_irr_2030y_SOC,cf_median,,Mindanao-Eastern Visayas rain forests,1.0,Tropical & Subtropical Moist Broadleaf Forests,Indomalayan
246,Apple_irr_2030y_SOC,cf_median,,Mindanao montane rain forests,1.0,Tropical & Subtropical Moist Broadleaf Forests,Indomalayan
248,Apple_irr_2030y_SOC,cf_median,,Mindoro rain forests,1.0,Tropical & Subtropical Moist Broadleaf Forests,Indomalayan
573,Apple_irr_2030y_SOC,cf_median,34.36528,Miskito pine forests,7.0,"Tropical & Subtropical Grasslands, Savannas & Shrublands",Neotropic
337,Apple_irr_2030y_SOC,cf_median,31.831491,Mississippi lowland forests,4.0,Temperate Broadleaf & Mixed Forests,Nearctic
187,Apple_irr_2030y_SOC,cf_median,13.235456,Mitchell Grass Downs,7.0,"Tropical & Subtropical Grasslands, Savannas & Shrublands",Australasia
249,Apple_irr_2030y_SOC,cf_median,38.036423,Mizoram-Manipur-Kachin rain forests,1.0,Tropical & Subtropical Moist Broadleaf Forests,Indomalayan
433,Apple_irr_2030y_SOC,cf_median,18.443079,Mojave desert,13.0,Deserts & Xeric Shrublands,Nearctic
734,Apple_irr_2030y_SOC,cf_median,,Mongolian-Manchurian grassland,8.0,"Temperate Grasslands, Savannas & Shrublands",Palearctic
394,Apple_irr_2030y_SOC,cf_median,55.765198,Montana Valley and Foothill grasslands,8.0,"Temperate Grasslands, Savannas & Shrublands",Nearctic
482,Apple_irr_2030y_SOC,cf_median,28.618345,Monte Alegre várzea,1.0,Tropical & Subtropical Moist Broadleaf Forests,Neotropic
605,Apple_irr_2030y_SOC,cf_median,35.666607,Motagua Valley thornscrub,13.0,Deserts & Xeric Shrublands,Neotropic
21,Apple_irr_2030y_SOC,cf_median,,Mount Cameroon and Bioko montane forests,1.0,Tropical & Subtropical Moist Broadleaf Forests,Afrotropic
84,Apple_irr_2030y_SOC,cf_median,,Mulanje Montane forest-grassland,10.0,Montane Grasslands & Shrublands,Afrotropic
203,Apple_irr_2030y_SOC,cf_median,23.352383,Murray-Darling woodlands and mallee,12.0,"Mediterranean Forests, Woodlands & Scrub",Australasia
378,Apple_irr_2030y_SOC,cf_median,,Muskwa-Slave Lake taiga,6.0,Boreal Forests/Taiga,Nearctic
321,Apple_irr_2030y_SOC,cf_median,,Myanmar Coast mangroves,14.0,Mangroves,Indomalayan
250,Apple_irr_2030y_SOC,cf_median,,Myanmar coastal rain forests,1.0,Tropical & Subtropical Moist Broadleaf Forests,Indomalayan
101,Apple_irr_2030y_SOC,cf_median,21.350763,Nama Karoo shrublands,13.0,Deserts & Xeric Shrublands,Afrotropic
102,Apple_irr_2030y_SOC,cf_median,,Namaqualand-Richtersveld steppe,13.0,Deserts & Xeric Shrublands,Afrotropic
103,Apple_irr_2030y_SOC,cf_median,,Namib Desert,13.0,Deserts & Xeric Shrublands,Afrotropic
104,Apple_irr_2030y_SOC,cf_median,,Namibian savanna woodlands,13.0,Deserts & Xeric Shrublands,Afrotropic
251,Apple_irr_2030y_SOC,cf_median,95.06958,Nansei Islands subtropical evergreen forests,1.0,Tropical & Subtropical Moist Broadleaf Forests,Indomalayan
483,Apple_irr_2030y_SOC,cf_median,33.99555,Napo moist forests,1.0,Tropical & Subtropical Moist Broadleaf Forests,Neotropic
204,Apple_irr_2030y_SOC,cf_median,44.416306,Naracoorte woodlands,12.0,"Mediterranean Forests, Woodlands & Scrub",Australasia
296,Apple_irr_2030y_SOC,cf_median,18.202019,Narmada Valley dry deciduous forests,2.0,Tropical & Subtropical Dry Broadleaf Forests,Indomalayan
395,Apple_irr_2030y_SOC,cf_median,,Nebraska Sand Hills mixed grasslands,8.0,"Temperate Grasslands, Savannas & Shrublands",Nearctic
484,Apple_irr_2030y_SOC,cf_median,28.475601,Negro-Branco moist forests,1.0,Tropical & Subtropical Moist Broadleaf Forests,Neotropic
170,Apple_irr_2030y_SOC,cf_median,102.71638,Nelson Coast temperate forests,4.0,Temperate Broadleaf & Mixed Forests,Australasia
743,Apple_irr_2030y_SOC,cf_median,,Nenjiang River grassland,9.0,Flooded Grasslands & Savannas,Palearctic
144,Apple_irr_2030y_SOC,cf_median,,New Britain-New Ireland lowland rain forests,1.0,Tropical & Subtropical Moist Broadleaf Forests,Australasia
145,Apple_irr_2030y_SOC,cf_median,,New Britain-New Ireland montane rain forests,1.0,Tropical & Subtropical Moist Broadleaf Forests,Australasia
164,Apple_irr_2030y_SOC,cf_median,,New Caledonia dry forests,2.0,Tropical & Subtropical Dry Broadleaf Forests,Australasia
146,Apple_irr_2030y_SOC,cf_median,,New Caledonia rain forests,1.0,Tropical & Subtropical Moist Broadleaf Forests,Australasia
338,Apple_irr_2030y_SOC,cf_median,,New England-Acadian forests,4.0,Temperate Broadleaf & Mixed Forests,Nearctic
217,Apple_irr_2030y_SOC,cf_median,,New Guinea mangroves,14.0,Mangroves,Australasia
252,Apple_irr_2030y_SOC,cf_median,66.794556,Nicobar Islands rain forests,1.0,Tropical & Subtropical Moist Broadleaf Forests,Indomalayan
22,Apple_irr_2030y_SOC,cf_median,,Niger Delta swamp forests,1.0,Tropical & Subtropical Moist Broadleaf Forests,Afrotropic
23,Apple_irr_2030y_SOC,cf_median,,Nigerian lowland forests,1.0,Tropical & Subtropical Moist Broadleaf Forests,Afrotropic
670,Apple_irr_2030y_SOC,cf_median,,Nihonkai evergreen forests,4.0,Temperate Broadleaf & Mixed Forests,Palearctic
671,Apple_irr_2030y_SOC,cf_median,53.34707,Nihonkai montane deciduous forests,4.0,Temperate Broadleaf & Mixed Forests,Palearctic
744,Apple_irr_2030y_SOC,cf_median,,Nile Delta flooded savanna,9.0,Flooded Grasslands & Savannas,Palearctic
147,Apple_irr_2030y_SOC,cf_median,,Norfolk Island subtropical forests,1.0,Tropical & Subtropical Moist Broadleaf Forests,Australasia
126,Apple_irr_2030y_SOC,cf_median,,Northeast Antarctic Peninsula tundra,11.0,Tundra,Antarctica
127,Apple_irr_2030y_SOC,cf_median,,Northwest Antarctic Peninsula tundra,11.0,Tundra,Antarctica
831,Apple_irr_2030y_SOC,cf_median,,North Arabian desert,13.0,Deserts & Xeric Shrublands,Palearctic
832,Apple_irr_2030y_SOC,cf_median,,North Arabian highland shrublands,13.0,Deserts & Xeric Shrublands,Palearctic
171,Apple_irr_2030y_SOC,cf_median,83.84117,New Zealand North Island temperate forests,4.0,Temperate Broadleaf & Mixed Forests,Australasia
833,Apple_irr_2030y_SOC,cf_median,19.981937,North Saharan Xeric Steppe and Woodland,13.0,Deserts & Xeric Shrublands,Palearctic
106,Apple_irr_2030y_SOC,cf_median,,Somali montane xeric woodlands,13.0,Deserts & Xeric Shrublands,Afrotropic
759,Apple_irr_2030y_SOC,cf_median,55.707195,North Tibetan Plateau-Kunlun Mountains alpine desert,10.0,Montane Grasslands & Shrublands,Palearctic
125,Apple_irr_2030y_SOC,cf_median,,North Victoria Land tundra,11.0,Tundra,Antarctica
253,Apple_irr_2030y_SOC,cf_median,30.03072,North Western Ghats moist deciduous forests,1.0,Tropical & Subtropical Moist Broadleaf Forests,Indomalayan
254,Apple_irr_2030y_SOC,cf_median,35.196087,North Western Ghats montane rain forests,1.0,Tropical & Subtropical Moist Broadleaf Forests,Indomalayan
673,Apple_irr_2030y_SOC,cf_median,,Northeast China Plain deciduous forests,4.0,Temperate Broadleaf & Mixed Forests,Palearctic
304,Apple_irr_2030y_SOC,cf_median,40.852264,Northeast India-Myanmar pine forests,3.0,Tropical & Subtropical Coniferous Forests,Indomalayan
775,Apple_irr_2030y_SOC,cf_median,,Northeast Siberian coastal tundra,11.0,Tundra,Palearctic
714,Apple_irr_2030y_SOC,cf_median,,Northeast Siberian taiga,6.0,Boreal Forests/Taiga,Palearctic
485,Apple_irr_2030y_SOC,cf_median,23.398733,Northeast Brazil restingas,1.0,Tropical & Subtropical Moist Broadleaf Forests,Neotropic
24,Apple_irr_2030y_SOC,cf_median,,Northeast Congolian lowland forests,1.0,Tropical & Subtropical Moist Broadleaf Forests,Afrotropic
702,Apple_irr_2030y_SOC,cf_median,78.55694,Northeast Himalayan subalpine conifer forests,5.0,Temperate Conifer Forests,Palearctic
799,Apple_irr_2030y_SOC,cf_median,42.521027,Northeast Spain and Southern France Mediterranean forests,12.0,"Mediterranean Forests, Woodlands & Scrub",Palearctic
339,Apple_irr_2030y_SOC,cf_median,,Northeast US Coastal forests,4.0,Temperate Broadleaf & Mixed Forests,Nearctic
51,Apple_irr_2030y_SOC,cf_median,17.65185,Northern Acacia-Commiphora bushlands and thickets,7.0,"Tropical & Subtropical Grasslands, Savannas & Shrublands",Afrotropic
703,Apple_irr_2030y_SOC,cf_median,,Northern Anatolian conifer and deciduous forests,5.0,Temperate Conifer Forests,Palearctic
593,Apple_irr_2030y_SOC,cf_median,66.83136,Northern Andean páramo,10.0,Montane Grasslands & Shrublands,Neotropic
255,Apple_irr_2030y_SOC,cf_median,,Northern Annamites rain forests,1.0,Tropical & Subtropical Moist Broadleaf Forests,Indomalayan
359,Apple_irr_2030y_SOC,cf_median,67.622185,Northern California coastal forests,5.0,Temperate Conifer Forests,Nearctic
379,Apple_irr_2030y_SOC,cf_median,,Northern Canadian Shield taiga,6.0,Boreal Forests/Taiga,Nearctic
52,Apple_irr_2030y_SOC,cf_median,,Northern Congolian Forest-Savanna,7.0,"Tropical & Subtropical Grasslands, Savannas & Shrublands",Afrotropic
297,Apple_irr_2030y_SOC,cf_median,23.728354,North Deccan dry deciduous forests,2.0,Tropical & Subtropical Dry Broadleaf Forests,Indomalayan
256,Apple_irr_2030y_SOC,cf_median,44.196808,Northern Indochina subtropical forests,1.0,Tropical & Subtropical Moist Broadleaf Forests,Indomalayan
257,Apple_irr_2030y_SOC,cf_median,,Northern Khorat Plateau moist deciduous forests,1.0,Tropical & Subtropical Moist Broadleaf Forests,Indomalayan
614,Apple_irr_2030y_SOC,cf_median,22.468367,Northern Mesoamerican Pacific mangroves,14.0,Mangroves,Neotropic
148,Apple_irr_2030y_SOC,cf_median,,Northern New Guinea lowland rain and freshwater swamp forests,1.0,Tropical & Subtropical Moist Broadleaf Forests,Australasia
149,Apple_irr_2030y_SOC,cf_median,,Northern New Guinea montane rain forests,1.0,Tropical & Subtropical Moist Broadleaf Forests,Australasia
396,Apple_irr_2030y_SOC,cf_median,36.75099,Northern Shortgrass prairie,8.0,"Temperate Grasslands, Savannas & Shrublands",Nearctic
25,Apple_irr_2030y_SOC,cf_median,20.279661,Northern Swahili coastal forests,1.0,Tropical & Subtropical Moist Broadleaf Forests,Afrotropic
397,Apple_irr_2030y_SOC,cf_median,,Northern Tallgrass prairie,8.0,"Temperate Grasslands, Savannas & Shrublands",Nearctic
258,Apple_irr_2030y_SOC,cf_median,,Northern Thailand-Laos moist deciduous forests,1.0,Tropical & Subtropical Moist Broadleaf Forests,Indomalayan
259,Apple_irr_2030y_SOC,cf_median,56.303604,Northern Triangle subtropical forests,1.0,Tropical & Subtropical Moist Broadleaf Forests,Indomalayan
307,Apple_irr_2030y_SOC,cf_median,44.287544,Northern Triangle temperate forests,4.0,Temperate Broadleaf & Mixed Forests,Indomalayan
260,Apple_irr_2030y_SOC,cf_median,,Northern Vietnam lowland rain forests,1.0,Tropical & Subtropical Moist Broadleaf Forests,Indomalayan
173,Apple_irr_2030y_SOC,cf_median,74.64184,Northland temperate kauri forests,4.0,Temperate Broadleaf & Mixed Forests,Australasia
800,Apple_irr_2030y_SOC,cf_median,36.68044,Northwest Iberian montane forests,12.0,"Mediterranean Forests, Woodlands & Scrub",Palearctic
776,Apple_irr_2030y_SOC,cf_median,,Northwest Russian-Novaya Zemlya tundra,11.0,Tundra,Palearctic
486,Apple_irr_2030y_SOC,cf_median,56.470768,Northwest Andean montane forests,1.0,Tropical & Subtropical Moist Broadleaf Forests,Neotropic
26,Apple_irr_2030y_SOC,cf_median,,Northwest Congolian lowland forests,1.0,Tropical & Subtropical Moist Broadleaf Forests,Afrotropic
641,Apple_irr_2030y_SOC,cf_median,,Northwest Hawai'i scrub,7.0,"Tropical & Subtropical Grasslands, Savannas & Shrublands",Oceania
760,Apple_irr_2030y_SOC,cf_median,57.15584,Northwestern Himalayan alpine shrub and meadows,10.0,Montane Grasslands & Shrublands,Palearctic
314,Apple_irr_2030y_SOC,cf_median,15.514627,Aravalli west thorn scrub forests,13.0,Deserts & Xeric Shrublands,Indomalayan
777,Apple_irr_2030y_SOC,cf_median,,Novosibirsk Islands Arctic desert,11.0,Tundra,Palearctic
704,Apple_irr_2030y_SOC,cf_median,77.08199,Nujiang Langcang Gorge alpine conifer and mixed forests,5.0,Temperate Conifer Forests,Palearctic
212,Apple_irr_2030y_SOC,cf_median,26.133947,Nullarbor Plains xeric shrublands,13.0,Deserts & Xeric Shrublands,Australasia
85,Apple_irr_2030y_SOC,cf_median,30.822622,Nyanga-Chimanimani Montane forest-grassland,10.0,Montane Grasslands & Shrublands,Afrotropic
487,Apple_irr_2030y_SOC,cf_median,53.353107,Oaxacan montane forests,1.0,Tropical & Subtropical Moist Broadleaf Forests,Neotropic
626,Apple_irr_2030y_SOC,cf_median,,Ogasawara subtropical moist forests,1.0,Tropical & Subtropical Moist Broadleaf Forests,Oceania
419,Apple_irr_2030y_SOC,cf_median,,Ogilvie-MacKenzie alpine tundra,11.0,Tundra,Nearctic
362,Apple_irr_2030y_SOC,cf_median,,Okanogan dry forests,5.0,Temperate Conifer Forests,Nearctic
715,Apple_irr_2030y_SOC,cf_median,,Okhotsk-Manchurian taiga,6.0,Boreal Forests/Taiga,Palearctic
761,Apple_irr_2030y_SOC,cf_median,41.157825,Ordos Plateau steppe,10.0,Montane Grasslands & Shrublands,Palearctic
488,Apple_irr_2030y_SOC,cf_median,,Orinoco Delta swamp forests,1.0,Tropical & Subtropical Moist Broadleaf Forests,Neotropic
583,Apple_irr_2030y_SOC,cf_median,,Orinoco wetlands,9.0,Flooded Grasslands & Savannas,Neotropic
261,Apple_irr_2030y_SOC,cf_median,26.188679,Orissa semi-evergreen forests,1.0,Tropical & Subtropical Moist Broadleaf Forests,Indomalayan
340,Apple_irr_2030y_SOC,cf_median,,Ozark Highlands mixed forests,4.0,Temperate Broadleaf & Mixed Forests,Nearctic
341,Apple_irr_2030y_SOC,cf_median,36.29487,Ozark Mountain forests,4.0,Temperate Broadleaf & Mixed Forests,Nearctic
420,Apple_irr_2030y_SOC,cf_median,,Pacific Coastal Mountain icefields and tundra,11.0,Tundra,Nearctic
627,Apple_irr_2030y_SOC,cf_median,,Palau tropical moist forests,1.0,Tropical & Subtropical Moist Broadleaf Forests,Oceania
262,Apple_irr_2030y_SOC,cf_median,,Palawan rain forests,1.0,Tropical & Subtropical Moist Broadleaf Forests,Indomalayan
398,Apple_irr_2030y_SOC,cf_median,,Palouse prairie,8.0,"Temperate Grasslands, Savannas & Shrublands",Nearctic
762,Apple_irr_2030y_SOC,cf_median,,Pamir alpine desert and tundra,10.0,Montane Grasslands & Shrublands,Palearctic
541,Apple_irr_2030y_SOC,cf_median,,Panamanian dry forests,2.0,Tropical & Subtropical Dry Broadleaf Forests,Neotropic
674,Apple_irr_2030y_SOC,cf_median,,Pannonian mixed forests,4.0,Temperate Broadleaf & Mixed Forests,Palearctic
584,Apple_irr_2030y_SOC,cf_median,22.376657,Pantanal,9.0,Flooded Grasslands & Savannas,Neotropic
489,Apple_irr_2030y_SOC,cf_median,33.740383,Pantanos de Centla,1.0,Tropical & Subtropical Moist Broadleaf Forests,Neotropic
490,Apple_irr_2030y_SOC,cf_median,47.74638,Pantepui forests & shrublands,1.0,Tropical & Subtropical Moist Broadleaf Forests,Neotropic
606,Apple_irr_2030y_SOC,cf_median,,Paraguaná xeric scrub,13.0,Deserts & Xeric Shrublands,Neotropic
585,Apple_irr_2030y_SOC,cf_median,42.464066,Paraná flooded savanna,9.0,Flooded Grasslands & Savannas,Neotropic
834,Apple_irr_2030y_SOC,cf_median,,Paropamisus xeric woodlands,13.0,Deserts & Xeric Shrublands,Palearctic
578,Apple_irr_2030y_SOC,cf_median,35.463295,Patagonian steppe,8.0,"Temperate Grasslands, Savannas & Shrublands",Neotropic
542,Apple_irr_2030y_SOC,cf_median,52.16171,Patía valley dry forests,2.0,Tropical & Subtropical Dry Broadleaf Forests,Neotropic
263,Apple_irr_2030y_SOC,cf_median,,Peninsular Malaysian montane rain forests,1.0,Tropical & Subtropical Moist Broadleaf Forests,Indomalayan
264,Apple_irr_2030y_SOC,cf_median,,Peninsular Malaysian peat swamp forests,1.0,Tropical & Subtropical Moist Broadleaf Forests,Indomalayan
265,Apple_irr_2030y_SOC,cf_median,,Peninsular Malaysian rain forests,1.0,Tropical & Subtropical Moist Broadleaf Forests,Indomalayan
491,Apple_irr_2030y_SOC,cf_median,29.153124,Pernambuco coastal forests,1.0,Tropical & Subtropical Moist Broadleaf Forests,Neotropic
492,Apple_irr_2030y_SOC,cf_median,25.957016,Pernambuco interior forests,1.0,Tropical & Subtropical Moist Broadleaf Forests,Neotropic
493,Apple_irr_2030y_SOC,cf_median,58.51298,Peruvian Yungas,1.0,Tropical & Subtropical Moist Broadleaf Forests,Neotropic
494,Apple_irr_2030y_SOC,cf_median,37.283638,Petén-Veracruz moist forests,1.0,Tropical & Subtropical Moist Broadleaf Forests,Neotropic
213,Apple_irr_2030y_SOC,cf_median,13.444839,Pilbara shrublands,13.0,Deserts & Xeric Shrublands,Australasia
801,Apple_irr_2030y_SOC,cf_median,42.93413,Pindus Mountains mixed forests,12.0,"Mediterranean Forests, Woodlands & Scrub",Palearctic
363,Apple_irr_2030y_SOC,cf_median,27.255724,Piney Woods,5.0,Temperate Conifer Forests,Nearctic
675,Apple_irr_2030y_SOC,cf_median,37.780293,Po Basin mixed forests,4.0,Temperate Broadleaf & Mixed Forests,Palearctic
735,Apple_irr_2030y_SOC,cf_median,,Pontic steppe,8.0,"Temperate Grasslands, Savannas & Shrublands",Palearctic
128,Apple_irr_2030y_SOC,cf_median,,Prince Charles Mountains tundra,11.0,Tundra,Antarctica
543,Apple_irr_2030y_SOC,cf_median,,Puerto Rican dry forests,2.0,Tropical & Subtropical Dry Broadleaf Forests,Neotropic
495,Apple_irr_2030y_SOC,cf_median,,Puerto Rican moist forests,1.0,Tropical & Subtropical Moist Broadleaf Forests,Neotropic
364,Apple_irr_2030y_SOC,cf_median,,Puget lowland forests,5.0,Temperate Conifer Forests,Nearctic
497,Apple_irr_2030y_SOC,cf_median,29.6481,Purus-Madeira moist forests,1.0,Tropical & Subtropical Moist Broadleaf Forests,Neotropic
496,Apple_irr_2030y_SOC,cf_median,32.868496,Purus várzea,1.0,Tropical & Subtropical Moist Broadleaf Forests,Neotropic
676,Apple_irr_2030y_SOC,cf_median,54.924786,Pyrenees conifer and mixed forests,4.0,Temperate Broadleaf & Mixed Forests,Palearctic
835,Apple_irr_2030y_SOC,cf_median,,Qaidam Basin semi-desert,13.0,Deserts & Xeric Shrublands,Palearctic
705,Apple_irr_2030y_SOC,cf_median,77.816086,Qilian Mountains conifer forests,5.0,Temperate Conifer Forests,Palearctic
763,Apple_irr_2030y_SOC,cf_median,,Qilian Mountains subalpine meadows,10.0,Montane Grasslands & Shrublands,Palearctic
677,Apple_irr_2030y_SOC,cf_median,44.71642,Qin Ling Mountains deciduous forests,4.0,Temperate Broadleaf & Mixed Forests,Palearctic
706,Apple_irr_2030y_SOC,cf_median,65.95065,Qionglai-Minshan conifer forests,5.0,Temperate Conifer Forests,Palearctic
150,Apple_irr_2030y_SOC,cf_median,39.874462,Queensland tropical rain forests,1.0,Tropical & Subtropical Moist Broadleaf Forests,Australasia
174,Apple_irr_2030y_SOC,cf_median,,Rakiura Island temperate forests,4.0,Temperate Broadleaf & Mixed Forests,Australasia
312,Apple_irr_2030y_SOC,cf_median,13.647228,Rann of Kutch seasonal salt marsh,9.0,Flooded Grasslands & Savannas,Indomalayan
628,Apple_irr_2030y_SOC,cf_median,,Rapa Nui and Sala y Gómez subtropical forests,1.0,Tropical & Subtropical Moist Broadleaf Forests,Oceania
266,Apple_irr_2030y_SOC,cf_median,,Red River freshwater swamp forests,1.0,Tropical & Subtropical Moist Broadleaf Forests,Indomalayan
837,Apple_irr_2030y_SOC,cf_median,17.824446,Red Sea-Arabian Desert shrublands,13.0,Deserts & Xeric Shrublands,Palearctic
836,Apple_irr_2030y_SOC,cf_median,,Red Sea coastal desert,13.0,Deserts & Xeric Shrublands,Palearctic
115,Apple_irr_2030y_SOC,cf_median,,Red Sea mangroves,14.0,Mangroves,Afrotropic
838,Apple_irr_2030y_SOC,cf_median,,Registan-North Pakistan sandy desert,13.0,Deserts & Xeric Shrublands,Palearctic
90,Apple_irr_2030y_SOC,cf_median,34.838074,Renosterveld shrubland,12.0,"Mediterranean Forests, Woodlands & Scrub",Afrotropic
175,Apple_irr_2030y_SOC,cf_median,98.71766,Richmond temperate forests,4.0,Temperate Broadleaf & Mixed Forests,Australasia
498,Apple_irr_2030y_SOC,cf_median,29.308691,Rio Negro campinarana,1.0,Tropical & Subtropical Moist Broadleaf Forests,Neotropic
678,Apple_irr_2030y_SOC,cf_median,,Rodope montane mixed forests,4.0,Temperate Broadleaf & Mixed Forests,Palearctic
86,Apple_irr_2030y_SOC,cf_median,,Rwenzori-Virunga montane moorlands,10.0,Montane Grasslands & Shrublands,Afrotropic
745,Apple_irr_2030y_SOC,cf_median,17.211208,Saharan halophytics,9.0,Flooded Grasslands & Savannas,Palearctic
53,Apple_irr_2030y_SOC,cf_median,,Sahelian Acacia savanna,7.0,"Tropical & Subtropical Grasslands, Savannas & Shrublands",Afrotropic
716,Apple_irr_2030y_SOC,cf_median,,Sakhalin Island taiga,6.0,Boreal Forests/Taiga,Palearctic
629,Apple_irr_2030y_SOC,cf_median,,Samoan tropical moist forests,1.0,Tropical & Subtropical Moist Broadleaf Forests,Oceania
562,Apple_irr_2030y_SOC,cf_median,,San Félix-San Ambrosio Islands temperate forests,4.0,Temperate Broadleaf & Mixed Forests,Neotropic
607,Apple_irr_2030y_SOC,cf_median,35.103397,San Lucan xeric scrub,13.0,Deserts & Xeric Shrublands,Neotropic
425,Apple_irr_2030y_SOC,cf_median,47.98018,Santa Lucia Montane Chaparral & Woodlands,12.0,"Mediterranean Forests, Woodlands & Scrub",Nearctic
499,Apple_irr_2030y_SOC,cf_median,41.88236,Santa Marta montane forests,1.0,Tropical & Subtropical Moist Broadleaf Forests,Neotropic
594,Apple_irr_2030y_SOC,cf_median,43.361244,Santa Marta páramo,10.0,Montane Grasslands & Shrublands,Neotropic
27,Apple_irr_2030y_SOC,cf_median,,"São Tomé, Príncipe, and Annobón forests",1.0,Tropical & Subtropical Moist Broadleaf Forests,Afrotropic
679,Apple_irr_2030y_SOC,cf_median,,Sarmatic mixed forests,4.0,Temperate Broadleaf & Mixed Forests,Palearctic
764,Apple_irr_2030y_SOC,cf_median,,Sayan alpine meadows and tundra,10.0,Montane Grasslands & Shrublands,Palearctic
736,Apple_irr_2030y_SOC,cf_median,,Sayan Intermontane steppe,8.0,"Temperate Grasslands, Savannas & Shrublands",Palearctic
707,Apple_irr_2030y_SOC,cf_median,,Sayan montane conifer forests,5.0,Temperate Conifer Forests,Palearctic
717,Apple_irr_2030y_SOC,cf_median,,Scandinavian and Russian taiga,6.0,Boreal Forests/Taiga,Palearctic
708,Apple_irr_2030y_SOC,cf_median,,Scandinavian coastal conifer forests,5.0,Temperate Conifer Forests,Palearctic
780,Apple_irr_2030y_SOC,cf_median,,Scandinavian Montane Birch forest and grasslands,11.0,Tundra,Palearctic
129,Apple_irr_2030y_SOC,cf_median,,Scotia Sea Islands tundra,11.0,Tundra,Antarctica
608,Apple_irr_2030y_SOC,cf_median,37.26404,Sechura desert,13.0,Deserts & Xeric Shrublands,Neotropic
737,Apple_irr_2030y_SOC,cf_median,,Selenge-Orkhon forest steppe,8.0,"Temperate Grasslands, Savannas & Shrublands",Palearctic
151,Apple_irr_2030y_SOC,cf_median,,Seram rain forests,1.0,Tropical & Subtropical Moist Broadleaf Forests,Australasia
54,Apple_irr_2030y_SOC,cf_median,,Serengeti volcanic grasslands,7.0,"Tropical & Subtropical Grasslands, Savannas & Shrublands",Afrotropic
500,Apple_irr_2030y_SOC,cf_median,43.30319,Serra do Mar coastal forests,1.0,Tropical & Subtropical Moist Broadleaf Forests,Neotropic
680,Apple_irr_2030y_SOC,cf_median,31.881002,Sichuan Basin evergreen broadleaf forests,4.0,Temperate Broadleaf & Mixed Forests,Palearctic
544,Apple_irr_2030y_SOC,cf_median,41.987312,Sierra de la Laguna dry forests,2.0,Tropical & Subtropical Dry Broadleaf Forests,Neotropic
556,Apple_irr_2030y_SOC,cf_median,54.021587,Sierra de la Laguna pine-oak forests,3.0,Tropical & Subtropical Coniferous Forests,Neotropic
501,Apple_irr_2030y_SOC,cf_median,60.180996,Sierra de los Tuxtlas,1.0,Tropical & Subtropical Moist Broadleaf Forests,Neotropic
502,Apple_irr_2030y_SOC,cf_median,40.158066,Sierra Madre de Chiapas moist forests,1.0,Tropical & Subtropical Moist Broadleaf Forests,Neotropic
557,Apple_irr_2030y_SOC,cf_median,39.456165,Sierra Madre de Oaxaca pine-oak forests,3.0,Tropical & Subtropical Coniferous Forests,Neotropic
558,Apple_irr_2030y_SOC,cf_median,34.931923,Sierra Madre del Sur pine-oak forests,3.0,Tropical & Subtropical Coniferous Forests,Neotropic
326,Apple_irr_2030y_SOC,cf_median,30.533941,Sierra Madre Occidental pine-oak forests,3.0,Tropical & Subtropical Coniferous Forests,Nearctic
327,Apple_irr_2030y_SOC,cf_median,35.845577,Sierra Madre Oriental pine-oak forests,3.0,Tropical & Subtropical Coniferous Forests,Nearctic
366,Apple_irr_2030y_SOC,cf_median,46.72627,Sierra Nevada forests,5.0,Temperate Conifer Forests,Nearctic
214,Apple_irr_2030y_SOC,cf_median,12.739585,Simpson desert,13.0,Deserts & Xeric Shrublands,Australasia
545,Apple_irr_2030y_SOC,cf_median,26.219316,Sinaloan dry forests,2.0,Tropical & Subtropical Dry Broadleaf Forests,Neotropic
546,Apple_irr_2030y_SOC,cf_median,32.03207,Sinú Valley dry forests,2.0,Tropical & Subtropical Dry Broadleaf Forests,Neotropic
434,Apple_irr_2030y_SOC,cf_median,36.51859,Snake-Columbia shrub steppe,13.0,Deserts & Xeric Shrublands,Nearctic
630,Apple_irr_2030y_SOC,cf_median,,Society Islands tropical moist forests,1.0,Tropical & Subtropical Moist Broadleaf Forests,Oceania
105,Apple_irr_2030y_SOC,cf_median,,Socotra Island xeric shrublands,13.0,Deserts & Xeric Shrublands,Afrotropic
503,Apple_irr_2030y_SOC,cf_median,33.09176,Solimões-Japurá moist forests,1.0,Tropical & Subtropical Moist Broadleaf Forests,Neotropic
152,Apple_irr_2030y_SOC,cf_median,,Solomon Islands rain forests,1.0,Tropical & Subtropical Moist Broadleaf Forests,Australasia
55,Apple_irr_2030y_SOC,cf_median,15.793164,Somali Acacia-Commiphora bushlands and thickets,7.0,"Tropical & Subtropical Grasslands, Savannas & Shrublands",Afrotropic
324,Apple_irr_2030y_SOC,cf_median,18.562122,Sonoran-Sinaloan subtropical dry forest,2.0,Tropical & Subtropical Dry Broadleaf Forests,Nearctic
435,Apple_irr_2030y_SOC,cf_median,13.81744,Sonoran desert,13.0,Deserts & Xeric Shrublands,Nearctic
615,Apple_irr_2030y_SOC,cf_median,46.425674,South American Pacific mangroves,14.0,Mangroves,Neotropic
130,Apple_irr_2030y_SOC,cf_median,,South Antarctic Peninsula tundra,11.0,Tundra,Antarctica
802,Apple_irr_2030y_SOC,cf_median,42.917316,South Apennine mixed montane forests,12.0,"Mediterranean Forests, Woodlands & Scrub",Palearctic
367,Apple_irr_2030y_SOC,cf_median,59.43791,South Central Rockies forests,5.0,Temperate Conifer Forests,Nearctic
268,Apple_irr_2030y_SOC,cf_median,32.374023,South China-Vietnam subtropical evergreen forests,1.0,Tropical & Subtropical Moist Broadleaf Forests,Indomalayan
267,Apple_irr_2030y_SOC,cf_median,,South China Sea Islands,1.0,Tropical & Subtropical Moist Broadleaf Forests,Indomalayan
298,Apple_irr_2030y_SOC,cf_median,23.860914,South Deccan Plateau dry deciduous forests,2.0,Tropical & Subtropical Dry Broadleaf Forests,Indomalayan
841,Apple_irr_2030y_SOC,cf_median,,South Iran Nubo-Sindian desert and semi-desert,13.0,Deserts & Xeric Shrublands,Palearctic
194,Apple_irr_2030y_SOC,cf_median,102.71638,New Zealand South Island montane grasslands,10.0,Montane Grasslands & Shrublands,Australasia
172,Apple_irr_2030y_SOC,cf_median,,New Zealand South Island temperate forests,4.0,Temperate Broadleaf & Mixed Forests,Australasia
131,Apple_irr_2030y_SOC,cf_median,,South Orkney Islands tundra,11.0,Tundra,Antarctica
842,Apple_irr_2030y_SOC,cf_median,,South Sahara desert,13.0,Deserts & Xeric Shrublands,Palearctic
738,Apple_irr_2030y_SOC,cf_median,,South Siberian forest steppe,8.0,"Temperate Grasslands, Savannas & Shrublands",Palearctic
269,Apple_irr_2030y_SOC,cf_median,,South Taiwan monsoon rain forests,1.0,Tropical & Subtropical Moist Broadleaf Forests,Indomalayan
132,Apple_irr_2030y_SOC,cf_median,,South Victoria Land tundra,11.0,Tundra,Antarctica
270,Apple_irr_2030y_SOC,cf_median,31.712673,South Western Ghats moist deciduous forests,1.0,Tropical & Subtropical Moist Broadleaf Forests,Indomalayan
271,Apple_irr_2030y_SOC,cf_median,37.17103,South Western Ghats montane rain forests,1.0,Tropical & Subtropical Moist Broadleaf Forests,Indomalayan
176,Apple_irr_2030y_SOC,cf_median,38.80047,Southeast Australia temperate forests,4.0,Temperate Broadleaf & Mixed Forests,Australasia
192,Apple_irr_2030y_SOC,cf_median,21.190958,Southeast Australia temperate savanna,8.0,"Temperate Grasslands, Savannas & Shrublands",Australasia
765,Apple_irr_2030y_SOC,cf_median,83.889435,Southeast Tibet shrublands and meadows,10.0,Montane Grasslands & Shrublands,Palearctic
400,Apple_irr_2030y_SOC,cf_median,,Southeast US mixed woodlands and savannas,8.0,"Temperate Grasslands, Savannas & Shrublands",Nearctic
399,Apple_irr_2030y_SOC,cf_median,27.917051,Southeast US conifer savannas,8.0,"Temperate Grasslands, Savannas & Shrublands",Nearctic
803,Apple_irr_2030y_SOC,cf_median,38.746063,Southeast Iberian shrubs and woodlands,12.0,"Mediterranean Forests, Woodlands & Scrub",Palearctic
299,Apple_irr_2030y_SOC,cf_median,,Southeast Indochina dry evergreen forests,2.0,Tropical & Subtropical Dry Broadleaf Forests,Indomalayan
153,Apple_irr_2030y_SOC,cf_median,,Southeast Papuan rain forests,1.0,Tropical & Subtropical Moist Broadleaf Forests,Australasia
57,Apple_irr_2030y_SOC,cf_median,34.42754,Southern Acacia-Commiphora bushlands and thickets,7.0,"Tropical & Subtropical Grasslands, Savannas & Shrublands",Afrotropic
116,Apple_irr_2030y_SOC,cf_median,42.982914,Southern Africa mangroves,14.0,Mangroves,Afrotropic
804,Apple_irr_2030y_SOC,cf_median,27.892515,Southern Anatolian montane conifer and deciduous forests,12.0,"Mediterranean Forests, Woodlands & Scrub",Palearctic
595,Apple_irr_2030y_SOC,cf_median,45.082466,Southern Andean steppe,10.0,Montane Grasslands & Shrublands,Neotropic
504,Apple_irr_2030y_SOC,cf_median,41.480835,Southern Andean Yungas,1.0,Tropical & Subtropical Moist Broadleaf Forests,Neotropic
272,Apple_irr_2030y_SOC,cf_median,,Southern Annamites montane rain forests,1.0,Tropical & Subtropical Moist Broadleaf Forests,Indomalayan
616,Apple_irr_2030y_SOC,cf_median,55.85249,Southern Atlantic Brazilian mangroves,14.0,Mangroves,Neotropic
586,Apple_irr_2030y_SOC,cf_median,32.703217,Southern Cone Mesopotamian savanna,9.0,Flooded Grasslands & Savannas,Neotropic
58,Apple_irr_2030y_SOC,cf_median,,Southern Congolian forest-savanna,7.0,"Tropical & Subtropical Grasslands, Savannas & Shrublands",Afrotropic
342,Apple_irr_2030y_SOC,cf_median,,Southern Great Lakes forests,4.0,Temperate Broadleaf & Mixed Forests,Nearctic
382,Apple_irr_2030y_SOC,cf_median,,Southern Hudson Bay taiga,6.0,Boreal Forests/Taiga,Nearctic
133,Apple_irr_2030y_SOC,cf_median,,Southern Indian Ocean Islands tundra,11.0,Tundra,Antarctica
681,Apple_irr_2030y_SOC,cf_median,,Southern Korea evergreen forests,4.0,Temperate Broadleaf & Mixed Forests,Palearctic
617,Apple_irr_2030y_SOC,cf_median,33.842007,Southern Mesoamerican Pacific mangroves,14.0,Mangroves,Neotropic
154,Apple_irr_2030y_SOC,cf_median,,Southern New Guinea freshwater swamp forests,1.0,Tropical & Subtropical Moist Broadleaf Forests,Australasia
155,Apple_irr_2030y_SOC,cf_median,,Southern New Guinea lowland rain forests,1.0,Tropical & Subtropical Moist Broadleaf Forests,Australasia
547,Apple_irr_2030y_SOC,cf_median,28.910011,Southern Pacific dry forests,2.0,Tropical & Subtropical Dry Broadleaf Forests,Neotropic
87,Apple_irr_2030y_SOC,cf_median,,Southern Rift Montane forest-grassland,10.0,Montane Grasslands & Shrublands,Afrotropic
28,Apple_irr_2030y_SOC,cf_median,34.761063,Southern Swahili coastal forests and woodlands,1.0,Tropical & Subtropical Moist Broadleaf Forests,Afrotropic
300,Apple_irr_2030y_SOC,cf_median,,Southern Vietnam lowland dry forests,2.0,Tropical & Subtropical Dry Broadleaf Forests,Indomalayan
505,Apple_irr_2030y_SOC,cf_median,28.59716,Southwest Amazon moist forests,1.0,Tropical & Subtropical Moist Broadleaf Forests,Neotropic
108,Apple_irr_2030y_SOC,cf_median,,Southwest Arabian Escarpment shrublands and woodlands,13.0,Deserts & Xeric Shrublands,Afrotropic
109,Apple_irr_2030y_SOC,cf_median,,Southwest Arabian highland xeric scrub,13.0,Deserts & Xeric Shrublands,Afrotropic
205,Apple_irr_2030y_SOC,cf_median,22.69226,Southwest Australia savanna,12.0,"Mediterranean Forests, Woodlands & Scrub",Australasia
206,Apple_irr_2030y_SOC,cf_median,44.35014,Southwest Australia woodlands,12.0,"Mediterranean Forests, Woodlands & Scrub",Australasia
273,Apple_irr_2030y_SOC,cf_median,,Southwest Borneo freshwater swamp forests,1.0,Tropical & Subtropical Moist Broadleaf Forests,Indomalayan
805,Apple_irr_2030y_SOC,cf_median,31.625538,Southwest Iberian Mediterranean sclerophyllous and mixed forests,12.0,"Mediterranean Forests, Woodlands & Scrub",Palearctic
301,Apple_irr_2030y_SOC,cf_median,,Sri Lanka dry-zone dry evergreen forests,2.0,Tropical & Subtropical Dry Broadleaf Forests,Indomalayan
274,Apple_irr_2030y_SOC,cf_median,,Sri Lanka lowland rain forests,1.0,Tropical & Subtropical Moist Broadleaf Forests,Indomalayan
275,Apple_irr_2030y_SOC,cf_median,,Sri Lanka montane rain forests,1.0,Tropical & Subtropical Moist Broadleaf Forests,Indomalayan
609,Apple_irr_2030y_SOC,cf_median,,St. Peter and St. Paul Rocks,13.0,Deserts & Xeric Shrublands,Neotropic
110,Apple_irr_2030y_SOC,cf_median,27.105564,Succulent Karoo xeric shrublands,13.0,Deserts & Xeric Shrublands,Afrotropic
74,Apple_irr_2030y_SOC,cf_median,,Sudd flooded grasslands,9.0,Flooded Grasslands & Savannas,Afrotropic
746,Apple_irr_2030y_SOC,cf_median,,Suiphun-Khanka meadows and forest meadows,9.0,Flooded Grasslands & Savannas,Palearctic
766,Apple_irr_2030y_SOC,cf_median,29.463402,Sulaiman Range alpine meadows,10.0,Montane Grasslands & Shrublands,Palearctic
157,Apple_irr_2030y_SOC,cf_median,,Sulawesi montane rain forests,1.0,Tropical & Subtropical Moist Broadleaf Forests,Australasia
276,Apple_irr_2030y_SOC,cf_median,,Sulu Archipelago rain forests,1.0,Tropical & Subtropical Moist Broadleaf Forests,Indomalayan
277,Apple_irr_2030y_SOC,cf_median,,Sumatran freshwater swamp forests,1.0,Tropical & Subtropical Moist Broadleaf Forests,Indomalayan
278,Apple_irr_2030y_SOC,cf_median,,Sumatran lowland rain forests,1.0,Tropical & Subtropical Moist Broadleaf Forests,Indomalayan
279,Apple_irr_2030y_SOC,cf_median,,Sumatran montane rain forests,1.0,Tropical & Subtropical Moist Broadleaf Forests,Indomalayan
280,Apple_irr_2030y_SOC,cf_median,,Sumatran peat swamp forests,1.0,Tropical & Subtropical Moist Broadleaf Forests,Indomalayan
305,Apple_irr_2030y_SOC,cf_median,,Sumatran tropical pine forests,3.0,Tropical & Subtropical Coniferous Forests,Indomalayan
165,Apple_irr_2030y_SOC,cf_median,,Sumba deciduous forests,2.0,Tropical & Subtropical Dry Broadleaf Forests,Australasia
322,Apple_irr_2030y_SOC,cf_median,,Sunda Shelf mangroves,14.0,Mangroves,Indomalayan
281,Apple_irr_2030y_SOC,cf_median,,Sundaland heath forests,1.0,Tropical & Subtropical Moist Broadleaf Forests,Indomalayan
282,Apple_irr_2030y_SOC,cf_median,25.398214,Sundarbans freshwater swamp forests,1.0,Tropical & Subtropical Moist Broadleaf Forests,Indomalayan
323,Apple_irr_2030y_SOC,cf_median,58.671894,Sundarbans mangroves,14.0,Mangroves,Indomalayan
739,Apple_irr_2030y_SOC,cf_median,15.723947,Syrian xeric grasslands and shrublands,8.0,"Temperate Grasslands, Savannas & Shrublands",Palearctic
682,Apple_irr_2030y_SOC,cf_median,53.127804,Taiheiyo evergreen forests,4.0,Temperate Broadleaf & Mixed Forests,Palearctic
683,Apple_irr_2030y_SOC,cf_median,59.218628,Taiheiyo montane deciduous forests,4.0,Temperate Broadleaf & Mixed Forests,Palearctic
781,Apple_irr_2030y_SOC,cf_median,,Taimyr-Central Siberian tundra,11.0,Tundra,Palearctic
283,Apple_irr_2030y_SOC,cf_median,,Taiwan subtropical evergreen forests,1.0,Tropical & Subtropical Moist Broadleaf Forests,Indomalayan
843,Apple_irr_2030y_SOC,cf_median,,Taklimakan desert,13.0,Deserts & Xeric Shrublands,Palearctic
506,Apple_irr_2030y_SOC,cf_median,,Talamancan montane forests,1.0,Tropical & Subtropical Moist Broadleaf Forests,Neotropic
436,Apple_irr_2030y_SOC,cf_median,28.752556,Tamaulipan matorral,13.0,Deserts & Xeric Shrublands,Nearctic
437,Apple_irr_2030y_SOC,cf_median,21.836414,Tamaulipan mezquital,13.0,Deserts & Xeric Shrublands,Nearctic
507,Apple_irr_2030y_SOC,cf_median,28.543941,Tapajós-Xingu moist forests,1.0,Tropical & Subtropical Moist Broadleaf Forests,Neotropic
684,Apple_irr_2030y_SOC,cf_median,,Tarim Basin deciduous forests and steppe,4.0,Temperate Broadleaf & Mixed Forests,Palearctic
177,Apple_irr_2030y_SOC,cf_median,80.024124,Tasmanian Central Highland forests,4.0,Temperate Broadleaf & Mixed Forests,Australasia
178,Apple_irr_2030y_SOC,cf_median,71.62706,Tasmanian temperate forests,4.0,Temperate Broadleaf & Mixed Forests,Australasia
179,Apple_irr_2030y_SOC,cf_median,101.31807,Tasmanian temperate rain forests,4.0,Temperate Broadleaf & Mixed Forests,Australasia
610,Apple_irr_2030y_SOC,cf_median,33.27766,Tehuacán Valley matorral,13.0,Deserts & Xeric Shrublands,Neotropic
284,Apple_irr_2030y_SOC,cf_median,,Tenasserim-South Thailand semi-evergreen rain forests,1.0,Tropical & Subtropical Moist Broadleaf Forests,Indomalayan
311,Apple_irr_2030y_SOC,cf_median,25.628048,Terai-Duar savanna and grasslands,7.0,"Tropical & Subtropical Grasslands, Savannas & Shrublands",Indomalayan
401,Apple_irr_2030y_SOC,cf_median,29.75413,Texas blackland prairies,8.0,"Temperate Grasslands, Savannas & Shrublands",Nearctic
318,Apple_irr_2030y_SOC,cf_median,13.13684,Thar desert,13.0,Deserts & Xeric Shrublands,Indomalayan
740,Apple_irr_2030y_SOC,cf_median,,Tian Shan foothill arid steppe,8.0,"Temperate Grasslands, Savannas & Shrublands",Palearctic
709,Apple_irr_2030y_SOC,cf_median,,Tian Shan montane conifer forests,5.0,Temperate Conifer Forests,Palearctic
767,Apple_irr_2030y_SOC,cf_median,,Tian Shan montane steppe and meadows,10.0,Montane Grasslands & Shrublands,Palearctic
844,Apple_irr_2030y_SOC,cf_median,,Tibesti-Jebel Uweinat montane xeric woodlands,13.0,Deserts & Xeric Shrublands,Palearctic
768,Apple_irr_2030y_SOC,cf_median,69.81557,Tibetan Plateau alpine shrublands and meadows,10.0,Montane Grasslands & Shrublands,Palearctic
747,Apple_irr_2030y_SOC,cf_median,,Tigris-Euphrates alluvial salt marsh,9.0,Flooded Grasslands & Savannas,Palearctic
166,Apple_irr_2030y_SOC,cf_median,,Timor and Wetar deciduous forests,2.0,Tropical & Subtropical Dry Broadleaf Forests,Australasia
215,Apple_irr_2030y_SOC,cf_median,25.654202,Tirari-Sturt stony desert,13.0,Deserts & Xeric Shrublands,Australasia
631,Apple_irr_2030y_SOC,cf_median,,Tongan tropical moist forests,1.0,Tropical & Subtropical Moist Broadleaf Forests,Oceania
286,Apple_irr_2030y_SOC,cf_median,,Tonle Sap-Mekong peat swamp forests,1.0,Tropical & Subtropical Moist Broadleaf Forests,Indomalayan
285,Apple_irr_2030y_SOC,cf_median,,Tonle Sap freshwater swamp forests,1.0,Tropical & Subtropical Moist Broadleaf Forests,Indomalayan
421,Apple_irr_2030y_SOC,cf_median,,Torngat Mountain tundra,11.0,Tundra,Nearctic
782,Apple_irr_2030y_SOC,cf_median,,Trans-Baikal Bald Mountain tundra,11.0,Tundra,Palearctic
718,Apple_irr_2030y_SOC,cf_median,,Trans-Baikal conifer forests,6.0,Boreal Forests/Taiga,Palearctic
559,Apple_irr_2030y_SOC,cf_median,36.45884,Trans-Mexican Volcanic Belt pine-oak forests,3.0,Tropical & Subtropical Coniferous Forests,Neotropic
188,Apple_irr_2030y_SOC,cf_median,,Trans Fly savanna and grasslands,7.0,"Tropical & Subtropical Grasslands, Savannas & Shrublands",Australasia
134,Apple_irr_2030y_SOC,cf_median,,Transantarctic Mountains tundra,11.0,Tundra,Antarctica
510,Apple_irr_2030y_SOC,cf_median,,Trinidad and Tobago moist forest,1.0,Tropical & Subtropical Moist Broadleaf Forests,Neotropic
68,Apple_irr_2030y_SOC,cf_median,,Tristan Da Cunha-Gough Islands shrub and grasslands,8.0,"Temperate Grasslands, Savannas & Shrublands",Afrotropic
158,Apple_irr_2030y_SOC,cf_median,,Trobriand Islands rain forests,1.0,Tropical & Subtropical Moist Broadleaf Forests,Australasia
632,Apple_irr_2030y_SOC,cf_median,,Tuamotu tropical moist forests,1.0,Tropical & Subtropical Moist Broadleaf Forests,Oceania
633,Apple_irr_2030y_SOC,cf_median,,Tubuai tropical moist forests,1.0,Tropical & Subtropical Moist Broadleaf Forests,Oceania
549,Apple_irr_2030y_SOC,cf_median,33.57914,Tumbes-Piura dry forests,2.0,Tropical & Subtropical Dry Broadleaf Forests,Neotropic
806,Apple_irr_2030y_SOC,cf_median,39.836777,Tyrrhenian-Adriatic sclerophyllous and mixed forests,12.0,"Mediterranean Forests, Woodlands & Scrub",Palearctic
511,Apple_irr_2030y_SOC,cf_median,29.904438,Uatumã-Trombetas moist forests,1.0,Tropical & Subtropical Moist Broadleaf Forests,Neotropic
512,Apple_irr_2030y_SOC,cf_median,37.19239,Ucayali moist forests,1.0,Tropical & Subtropical Moist Broadleaf Forests,Neotropic
287,Apple_irr_2030y_SOC,cf_median,20.71044,Upper Gangetic Plains moist deciduous forests,1.0,Tropical & Subtropical Moist Broadleaf Forests,Indomalayan
343,Apple_irr_2030y_SOC,cf_median,,Upper Midwest US forest-savanna transition,4.0,Temperate Broadleaf & Mixed Forests,Nearctic
719,Apple_irr_2030y_SOC,cf_median,,Urals montane forest and taiga,6.0,Boreal Forests/Taiga,Palearctic
574,Apple_irr_2030y_SOC,cf_median,42.43177,Uruguayan savanna,7.0,"Tropical & Subtropical Grasslands, Savannas & Shrublands",Neotropic
685,Apple_irr_2030y_SOC,cf_median,,Ussuri broadleaf and mixed forests,4.0,Temperate Broadleaf & Mixed Forests,Palearctic
563,Apple_irr_2030y_SOC,cf_median,75.58212,Valdivian temperate forests,4.0,Temperate Broadleaf & Mixed Forests,Neotropic
159,Apple_irr_2030y_SOC,cf_median,,Vanuatu rain forests,1.0,Tropical & Subtropical Moist Broadleaf Forests,Australasia
513,Apple_irr_2030y_SOC,cf_median,35.009018,Venezuelan Andes montane forests,1.0,Tropical & Subtropical Moist Broadleaf Forests,Neotropic
550,Apple_irr_2030y_SOC,cf_median,34.79011,Veracruz dry forests,2.0,Tropical & Subtropical Dry Broadleaf Forests,Neotropic
514,Apple_irr_2030y_SOC,cf_median,37.386314,Veracruz moist forests,1.0,Tropical & Subtropical Moist Broadleaf Forests,Neotropic
515,Apple_irr_2030y_SOC,cf_median,49.058495,Veracruz montane forests,1.0,Tropical & Subtropical Moist Broadleaf Forests,Neotropic
189,Apple_irr_2030y_SOC,cf_median,15.074006,Victoria Plains tropical savanna,7.0,"Tropical & Subtropical Grasslands, Savannas & Shrublands",Australasia
161,Apple_irr_2030y_SOC,cf_median,,Vogelkop-Aru lowland rain forests,1.0,Tropical & Subtropical Moist Broadleaf Forests,Australasia
160,Apple_irr_2030y_SOC,cf_median,,Vogelkop montane rain forests,1.0,Tropical & Subtropical Moist Broadleaf Forests,Australasia
368,Apple_irr_2030y_SOC,cf_median,52.881844,Wasatch and Uinta montane forests,5.0,Temperate Conifer Forests,Nearctic
383,Apple_irr_2030y_SOC,cf_median,,Watson Highlands taiga,6.0,Boreal Forests/Taiga,Nearctic
845,Apple_irr_2030y_SOC,cf_median,,West Sahara desert,13.0,Deserts & Xeric Shrublands,Palearctic
846,Apple_irr_2030y_SOC,cf_median,,West Saharan montane xeric woodlands,13.0,Deserts & Xeric Shrublands,Palearctic
720,Apple_irr_2030y_SOC,cf_median,,West Siberian taiga,6.0,Boreal Forests/Taiga,Palearctic
62,Apple_irr_2030y_SOC,cf_median,,West Sudanian savanna,7.0,"Tropical & Subtropical Grasslands, Savannas & Shrublands",Afrotropic
216,Apple_irr_2030y_SOC,cf_median,14.742768,Western Australian Mulga shrublands,13.0,Deserts & Xeric Shrublands,Australasia
29,Apple_irr_2030y_SOC,cf_median,,Western Congolian swamp forests,1.0,Tropical & Subtropical Moist Broadleaf Forests,Afrotropic
516,Apple_irr_2030y_SOC,cf_median,37.165886,Western Ecuador moist forests,1.0,Tropical & Subtropical Moist Broadleaf Forests,Neotropic
686,Apple_irr_2030y_SOC,cf_median,47.798824,Western European broadleaf forests,4.0,Temperate Broadleaf & Mixed Forests,Palearctic
344,Apple_irr_2030y_SOC,cf_median,,Western Great Lakes forests,4.0,Temperate Broadleaf & Mixed Forests,Nearctic
30,Apple_irr_2030y_SOC,cf_median,,Western Guinean lowland forests,1.0,Tropical & Subtropical Moist Broadleaf Forests,Afrotropic
384,Apple_irr_2030y_SOC,cf_median,27.11799,Western Gulf coastal grasslands,7.0,"Tropical & Subtropical Grasslands, Savannas & Shrublands",Nearctic
769,Apple_irr_2030y_SOC,cf_median,60.056126,Western Himalayan alpine shrub and meadows,10.0,Montane Grasslands & Shrublands,Palearctic
308,Apple_irr_2030y_SOC,cf_median,49.82369,Western Himalayan broadleaf forests,4.0,Temperate Broadleaf & Mixed Forests,Indomalayan
310,Apple_irr_2030y_SOC,cf_median,50.755585,Western Himalayan subalpine conifer forests,5.0,Temperate Conifer Forests,Indomalayan
288,Apple_irr_2030y_SOC,cf_median,,Western Java montane rain forests,1.0,Tropical & Subtropical Moist Broadleaf Forests,Indomalayan
289,Apple_irr_2030y_SOC,cf_median,,Western Java rain forests,1.0,Tropical & Subtropical Moist Broadleaf Forests,Indomalayan
634,Apple_irr_2030y_SOC,cf_median,,Western Polynesian tropical moist forests,1.0,Tropical & Subtropical Moist Broadleaf Forests,Oceania
402,Apple_irr_2030y_SOC,cf_median,28.281855,Western shortgrass prairie,8.0,"Temperate Grasslands, Savannas & Shrublands",Nearctic
687,Apple_irr_2030y_SOC,cf_median,,Western Siberian hemiboreal forests,4.0,Temperate Broadleaf & Mixed Forests,Palearctic
180,Apple_irr_2030y_SOC,cf_median,102.71638,Westland temperate forests,4.0,Temperate Broadleaf & Mixed Forests,Australasia
403,Apple_irr_2030y_SOC,cf_median,,Willamette Valley oak savanna,8.0,"Temperate Grasslands, Savannas & Shrublands",Nearctic
517,Apple_irr_2030y_SOC,cf_median,,Windward Islands moist forests,1.0,Tropical & Subtropical Moist Broadleaf Forests,Neotropic
783,Apple_irr_2030y_SOC,cf_median,,Wrangel Island Arctic desert,11.0,Tundra,Palearctic
438,Apple_irr_2030y_SOC,cf_median,40.493813,Wyoming Basin shrub steppe,13.0,Deserts & Xeric Shrublands,Nearctic
518,Apple_irr_2030y_SOC,cf_median,28.151884,Xingu-Tocantins-Araguaia moist forests,1.0,Tropical & Subtropical Moist Broadleaf Forests,Neotropic
784,Apple_irr_2030y_SOC,cf_median,,Yamal-Gydan tundra,11.0,Tundra,Palearctic
638,Apple_irr_2030y_SOC,cf_median,,Yap tropical dry forests,2.0,Tropical & Subtropical Dry Broadleaf Forests,Oceania
162,Apple_irr_2030y_SOC,cf_median,,Yapen rain forests,1.0,Tropical & Subtropical Moist Broadleaf Forests,Australasia
770,Apple_irr_2030y_SOC,cf_median,50.422844,Yarlung Zanbo arid steppe,10.0,Montane Grasslands & Shrublands,Palearctic
748,Apple_irr_2030y_SOC,cf_median,,Yellow Sea saline meadow,9.0,Flooded Grasslands & Savannas,Palearctic
551,Apple_irr_2030y_SOC,cf_median,47.713177,Yucatán dry forests,2.0,Tropical & Subtropical Dry Broadleaf Forests,Neotropic
519,Apple_irr_2030y_SOC,cf_median,42.923943,Yucatán moist forests,1.0,Tropical & Subtropical Moist Broadleaf Forests,Neotropic
643,Apple_irr_2030y_SOC,cf_median,43.345783,Yunnan Plateau subtropical evergreen forests,1.0,Tropical & Subtropical Moist Broadleaf Forests,Palearctic
688,Apple_irr_2030y_SOC,cf_median,,Zagros Mountains forest steppe,4.0,Temperate Broadleaf & Mixed Forests,Palearctic
66,Apple_irr_2030y_SOC,cf_median,21.643896,Zambezian-Limpopo mixed woodlands,7.0,"Tropical & Subtropical Grasslands, Savannas & Shrublands",Afrotropic
64,Apple_irr_2030y_SOC,cf_median,18.564724,Zambezian Baikiaea woodlands,7.0,"Tropical & Subtropical Grasslands, Savannas & Shrublands",Afrotropic
75,Apple_irr_2030y_SOC,cf_median,,Zambezian coastal flooded savanna,9.0,Flooded Grasslands & Savannas,Afrotropic
42,Apple_irr_2030y_SOC,cf_median,24.359213,Dry miombo woodlands,7.0,"Tropical & Subtropical Grasslands, Savannas & Shrublands",Afrotropic
33,Apple_irr_2030y_SOC,cf_median,,Zambezian evergreen dry forests,2.0,Tropical & Subtropical Dry Broadleaf Forests,Afrotropic
76,Apple_irr_2030y_SOC,cf_median,,Zambezian flooded grasslands,9.0,Flooded Grasslands & Savannas,Afrotropic
65,Apple_irr_2030y_SOC,cf_median,20.334362,Zambezian mopane woodlands,7.0,"Tropical & Subtropical Grasslands, Savannas & Shrublands",Afrotropic
524,Apple_irr_2030y_SOC,cf_median,23.772655,Brazilian Atlantic dry forests,2.0,Tropical & Subtropical Dry Broadleaf Forests,Neotropic
380,Apple_irr_2030y_SOC,cf_median,,Northern Cordillera forests,6.0,Boreal Forests/Taiga,Nearctic
60,Apple_irr_2030y_SOC,cf_median,,St. Helena scrub and woodlands,7.0,"Tropical & Subtropical Grasslands, Savannas & Shrublands",Afrotropic
61,Apple_irr_2030y_SOC,cf_median,36.61907,Victoria Basin forest-savanna,7.0,"Tropical & Subtropical Grasslands, Savannas & Shrublands",Afrotropic
63,Apple_irr_2030y_SOC,cf_median,,Western Congolian forest-savanna,7.0,"Tropical & Subtropical Grasslands, Savannas & Shrublands",Afrotropic
78,Apple_irr_2030y_SOC,cf_median,55.6179,East African montane moorlands,10.0,Montane Grasslands & Shrublands,Afrotropic
365,Apple_irr_2030y_SOC,cf_median,,Queen Charlotte Islands conifer forests,5.0,Temperate Conifer Forests,Nearctic
360,Apple_irr_2030y_SOC,cf_median,,Northern Pacific Alaskan coastal forests,5.0,Temperate Conifer Forests,Nearctic
381,Apple_irr_2030y_SOC,cf_median,,Northwest Territories taiga,6.0,Boreal Forests/Taiga,Nearctic
107,Apple_irr_2030y_SOC,cf_median,,Southwest Arabian coastal xeric shrublands,13.0,Deserts & Xeric Shrublands,Afrotropic
811,Apple_irr_2030y_SOC,cf_median,,Arabian-Persian Gulf coastal plain desert,13.0,Deserts & Xeric Shrublands,Palearctic
840,Apple_irr_2030y_SOC,cf_median,,South Arabian plains and plateau desert,13.0,Deserts & Xeric Shrublands,Palearctic
809,Apple_irr_2030y_SOC,cf_median,20.027424,Arabian desert,13.0,Deserts & Xeric Shrublands,Palearctic
552,Apple_irr_2030y_SOC,cf_median,,Bahamian pineyards,3.0,Tropical & Subtropical Coniferous Forests,Neotropic
96,Apple_irr_2030y_SOC,cf_median,,Ile Europa and Bassas da India xeric scrub,13.0,Deserts & Xeric Shrublands,Afrotropic
773,Apple_irr_2030y_SOC,cf_median,,Kamchatka tundra,11.0,Tundra,Palearctic
508,Apple_irr_2030y_SOC,cf_median,24.64761,Tocantins/Pindare moist forests,1.0,Tropical & Subtropical Moist Broadleaf Forests,Neotropic
417,Apple_irr_2030y_SOC,cf_median,,Kalaallit Nunaat Arctic steppe,11.0,Tundra,Nearctic
358,Apple_irr_2030y_SOC,cf_median,,North Cascades conifer forests,5.0,Temperate Conifer Forests,Nearctic
361,Apple_irr_2030y_SOC,cf_median,,Northern Rockies conifer forests,5.0,Temperate Conifer Forests,Nearctic
509,Apple_irr_2030y_SOC,cf_median,,Trindade-Martin Vaz Islands tropical forests,1.0,Tropical & Subtropical Moist Broadleaf Forests,Neotropic
59,Apple_irr_2030y_SOC,cf_median,,Southwest Arabian montane woodlands and grasslands,7.0,"Tropical & Subtropical Grasslands, Savannas & Shrublands",Afrotropic
56,Apple_irr_2030y_SOC,cf_median,,"South Arabian fog woodlands, shrublands, and dune",7.0,"Tropical & Subtropical Grasslands, Savannas & Shrublands",Afrotropic
548,Apple_irr_2030y_SOC,cf_median,,Trinidad and Tobago dry forest,2.0,Tropical & Subtropical Dry Broadleaf Forests,Neotropic
537,Apple_irr_2030y_SOC,cf_median,,Lesser Antillean dry forests,2.0,Tropical & Subtropical Dry Broadleaf Forests,Neotropic
672,Apple_irr_2030y_SOC,cf_median,,North Atlantic moist mixed forests,4.0,Temperate Broadleaf & Mixed Forests,Palearctic
119,Apple_irr_2030y_SOC,cf_median,,Dronning Maud Land tundra,11.0,Tundra,Antarctica
124,Apple_irr_2030y_SOC,cf_median,,Marie Byrd Land tundra,11.0,Tundra,Antarctica
156,Apple_irr_2030y_SOC,cf_median,,Sulawesi lowland rain forests,1.0,Tropical & Subtropical Moist Broadleaf Forests,Australasia
8,Apple_irr_2030y_SOC,cf_median,46.674202,East African montane forests,1.0,Tropical & Subtropical Moist Broadleaf Forests,Afrotropic
9,Apple_irr_2030y_SOC,cf_median,33.592228,Eastern Arc forests,1.0,Tropical & Subtropical Moist Broadleaf Forests,Afrotropic
220,Apple_irr_2030y_SOC,cf_median,,Borneo montane rain forests,1.0,Tropical & Subtropical Moist Broadleaf Forests,Indomalayan
313,Apple_irr_2030y_SOC,cf_median,,Kinabalu montane alpine meadows,10.0,Montane Grasslands & Shrublands,Indomalayan
117,Apple_irr_2030y_SOC,cf_std,,Adelie Land tundra,11.0,Tundra,Antarctica
135,Apple_irr_2030y_SOC,cf_std,,Admiralty Islands lowland rain forests,1.0,Tropical & Subtropical Moist Broadleaf Forests,Australasia
785,Apple_irr_2030y_SOC,cf_std,13.905883,Aegean and Western Turkey sclerophyllous and mixed forests,12.0,"Mediterranean Forests, Woodlands & Scrub",Palearctic
807,Apple_irr_2030y_SOC,cf_std,,Afghan Mountains semi-desert,13.0,Deserts & Xeric Shrublands,Palearctic
404,Apple_irr_2030y_SOC,cf_std,,Ahklun and Kilbuck Upland Tundra,11.0,Tundra,Nearctic
722,Apple_irr_2030y_SOC,cf_std,,Al-Hajar foothill xeric woodlands and shrublands,8.0,"Temperate Grasslands, Savannas & Shrublands",Palearctic
723,Apple_irr_2030y_SOC,cf_std,,Al-Hajar montane woodlands and shrublands,8.0,"Temperate Grasslands, Savannas & Shrublands",Palearctic
721,Apple_irr_2030y_SOC,cf_std,,Alai-Western Tian Shan steppe,8.0,"Temperate Grasslands, Savannas & Shrublands",Palearctic
808,Apple_irr_2030y_SOC,cf_std,4.9822335,Alashan Plateau semi-desert,13.0,Deserts & Xeric Shrublands,Palearctic
405,Apple_irr_2030y_SOC,cf_std,,Alaska-St. Elias Range tundra,11.0,Tundra,Nearctic
369,Apple_irr_2030y_SOC,cf_std,,Alaska Peninsula montane taiga,6.0,Boreal Forests/Taiga,Nearctic
88,Apple_irr_2030y_SOC,cf_std,10.138388,Albany thickets,12.0,"Mediterranean Forests, Woodlands & Scrub",Afrotropic
345,Apple_irr_2030y_SOC,cf_std,,Alberta-British Columbia foothills forests,5.0,Temperate Conifer Forests,Nearctic
1,Apple_irr_2030y_SOC,cf_std,,Albertine Rift montane forests,1.0,Tropical & Subtropical Moist Broadleaf Forests,Afrotropic
91,Apple_irr_2030y_SOC,cf_std,,Aldabra Island xeric scrub,13.0,Deserts & Xeric Shrublands,Afrotropic
406,Apple_irr_2030y_SOC,cf_std,,Aleutian Islands tundra,11.0,Tundra,Nearctic
328,Apple_irr_2030y_SOC,cf_std,,Allegheny Highlands forests,4.0,Temperate Broadleaf & Mixed Forests,Nearctic
689,Apple_irr_2030y_SOC,cf_std,11.359116,Alps conifer and mixed forests,5.0,Temperate Conifer Forests,Palearctic
749,Apple_irr_2030y_SOC,cf_std,,Altai alpine meadow and tundra,10.0,Montane Grasslands & Shrublands,Palearctic
690,Apple_irr_2030y_SOC,cf_std,,Altai montane forest and forest steppe,5.0,Temperate Conifer Forests,Palearctic
724,Apple_irr_2030y_SOC,cf_std,,Altai steppe and semi-desert,8.0,"Temperate Grasslands, Savannas & Shrublands",Palearctic
439,Apple_irr_2030y_SOC,cf_std,8.385264,Alto Paraná Atlantic forests,1.0,Tropical & Subtropical Moist Broadleaf Forests,Neotropic
611,Apple_irr_2030y_SOC,cf_std,17.199167,Amazon-Orinoco-Southern Caribbean mangroves,14.0,Mangroves,Neotropic
67,Apple_irr_2030y_SOC,cf_std,,Amsterdam-Saint Paul Islands temperate grasslands,8.0,"Temperate Grasslands, Savannas & Shrublands",Afrotropic
741,Apple_irr_2030y_SOC,cf_std,,Amur meadow steppe,9.0,Flooded Grasslands & Savannas,Palearctic
786,Apple_irr_2030y_SOC,cf_std,,Anatolian conifer and deciduous mixed forests,12.0,"Mediterranean Forests, Woodlands & Scrub",Palearctic
218,Apple_irr_2030y_SOC,cf_std,2.0560787,Andaman Islands rain forests,1.0,Tropical & Subtropical Moist Broadleaf Forests,Indomalayan
77,Apple_irr_2030y_SOC,cf_std,,Angolan montane forest-grassland,10.0,Montane Grasslands & Shrublands,Afrotropic
34,Apple_irr_2030y_SOC,cf_std,,Angolan mopane woodlands,7.0,"Tropical & Subtropical Grasslands, Savannas & Shrublands",Afrotropic
35,Apple_irr_2030y_SOC,cf_std,,Angolan scarp savanna and woodlands,7.0,"Tropical & Subtropical Grasslands, Savannas & Shrublands",Afrotropic
36,Apple_irr_2030y_SOC,cf_std,,Angolan wet miombo woodlands,7.0,"Tropical & Subtropical Grasslands, Savannas & Shrublands",Afrotropic
196,Apple_irr_2030y_SOC,cf_std,,Antipodes Subantarctic Islands tundra,11.0,Tundra,Australasia
331,Apple_irr_2030y_SOC,cf_std,12.184956,Appalachian-Blue Ridge forests,4.0,Temperate Broadleaf & Mixed Forests,Nearctic
329,Apple_irr_2030y_SOC,cf_std,1.6463958,Appalachian mixed mesophytic forests,4.0,Temperate Broadleaf & Mixed Forests,Nearctic
330,Apple_irr_2030y_SOC,cf_std,2.7489028,Appalachian Piedmont forests,4.0,Temperate Broadleaf & Mixed Forests,Nearctic
644,Apple_irr_2030y_SOC,cf_std,9.959671,Appenine deciduous montane forests,4.0,Temperate Broadleaf & Mixed Forests,Palearctic
520,Apple_irr_2030y_SOC,cf_std,4.8211565,Apure-Villavicencio dry forests,2.0,Tropical & Subtropical Dry Broadleaf Forests,Neotropic
810,Apple_irr_2030y_SOC,cf_std,,Arabian sand desert,13.0,Deserts & Xeric Shrublands,Palearctic
440,Apple_irr_2030y_SOC,cf_std,8.248933,Araucaria moist forests,1.0,Tropical & Subtropical Moist Broadleaf Forests,Neotropic
597,Apple_irr_2030y_SOC,cf_std,,Araya and Paria xeric scrub,13.0,Deserts & Xeric Shrublands,Neotropic
407,Apple_irr_2030y_SOC,cf_std,,Arctic coastal tundra,11.0,Tundra,Nearctic
778,Apple_irr_2030y_SOC,cf_std,,Russian Arctic desert,11.0,Tundra,Palearctic
408,Apple_irr_2030y_SOC,cf_std,,Arctic foothills tundra,11.0,Tundra,Nearctic
346,Apple_irr_2030y_SOC,cf_std,5.448914,Arizona Mountains forests,5.0,Temperate Conifer Forests,Nearctic
181,Apple_irr_2030y_SOC,cf_std,14.564209,Arnhem Land tropical savanna,7.0,"Tropical & Subtropical Grasslands, Savannas & Shrublands",Australasia
37,Apple_irr_2030y_SOC,cf_std,,Ascension scrub and grasslands,7.0,"Tropical & Subtropical Grasslands, Savannas & Shrublands",Afrotropic
598,Apple_irr_2030y_SOC,cf_std,,Atacama desert,13.0,Deserts & Xeric Shrublands,Neotropic
441,Apple_irr_2030y_SOC,cf_std,21.629385,Atlantic Coast restingas,1.0,Tropical & Subtropical Moist Broadleaf Forests,Neotropic
839,Apple_irr_2030y_SOC,cf_std,,Saharan Atlantic coastal desert,13.0,Deserts & Xeric Shrublands,Palearctic
347,Apple_irr_2030y_SOC,cf_std,,Atlantic coastal pine barrens,5.0,Temperate Conifer Forests,Nearctic
5,Apple_irr_2030y_SOC,cf_std,,Congolian coastal forests,1.0,Tropical & Subtropical Moist Broadleaf Forests,Afrotropic
664,Apple_irr_2030y_SOC,cf_std,10.014595,European Atlantic mixed forests,4.0,Temperate Broadleaf & Mixed Forests,Palearctic
193,Apple_irr_2030y_SOC,cf_std,5.552188,Australian Alps montane grasslands,10.0,Montane Grasslands & Shrublands,Australasia
812,Apple_irr_2030y_SOC,cf_std,,Azerbaijan shrub desert and steppe,13.0,Deserts & Xeric Shrublands,Palearctic
645,Apple_irr_2030y_SOC,cf_std,,Azores temperate mixed forests,4.0,Temperate Broadleaf & Mixed Forests,Palearctic
813,Apple_irr_2030y_SOC,cf_std,,Badghyz and Karabil semi-desert,13.0,Deserts & Xeric Shrublands,Palearctic
612,Apple_irr_2030y_SOC,cf_std,24.018879,Bahamian-Antillean mangroves,14.0,Mangroves,Neotropic
442,Apple_irr_2030y_SOC,cf_std,8.393691,Bahia coastal forests,1.0,Tropical & Subtropical Moist Broadleaf Forests,Neotropic
443,Apple_irr_2030y_SOC,cf_std,2.7815104,Bahia interior forests,1.0,Tropical & Subtropical Moist Broadleaf Forests,Neotropic
426,Apple_irr_2030y_SOC,cf_std,6.0272956,Baja California desert,13.0,Deserts & Xeric Shrublands,Nearctic
521,Apple_irr_2030y_SOC,cf_std,2.2219167,Bajío dry forests,2.0,Tropical & Subtropical Dry Broadleaf Forests,Neotropic
646,Apple_irr_2030y_SOC,cf_std,13.93594,Balkan mixed forests,4.0,Temperate Broadleaf & Mixed Forests,Palearctic
522,Apple_irr_2030y_SOC,cf_std,4.4740047,Balsas dry forests,2.0,Tropical & Subtropical Dry Broadleaf Forests,Neotropic
647,Apple_irr_2030y_SOC,cf_std,,Baltic mixed forests,4.0,Temperate Broadleaf & Mixed Forests,Palearctic
814,Apple_irr_2030y_SOC,cf_std,6.4945865,Baluchistan xeric woodlands,13.0,Deserts & Xeric Shrublands,Palearctic
136,Apple_irr_2030y_SOC,cf_std,,Banda Sea Islands moist deciduous forests,1.0,Tropical & Subtropical Moist Broadleaf Forests,Australasia
564,Apple_irr_2030y_SOC,cf_std,,Belizian pine savannas,7.0,"Tropical & Subtropical Grasslands, Savannas & Shrublands",Neotropic
565,Apple_irr_2030y_SOC,cf_std,,Beni savanna,7.0,"Tropical & Subtropical Grasslands, Savannas & Shrublands",Neotropic
779,Apple_irr_2030y_SOC,cf_std,,Russian Bering tundra,11.0,Tundra,Palearctic
409,Apple_irr_2030y_SOC,cf_std,,Beringia lowland tundra,11.0,Tundra,Nearctic
410,Apple_irr_2030y_SOC,cf_std,,Beringia upland tundra,11.0,Tundra,Nearctic
325,Apple_irr_2030y_SOC,cf_std,,Bermuda subtropical conifer forests,3.0,Tropical & Subtropical Coniferous Forests,Nearctic
137,Apple_irr_2030y_SOC,cf_std,,Biak-Numfoor rain forests,1.0,Tropical & Subtropical Moist Broadleaf Forests,Australasia
348,Apple_irr_2030y_SOC,cf_std,,Blue Mountains forests,5.0,Temperate Conifer Forests,Nearctic
742,Apple_irr_2030y_SOC,cf_std,,Bohai Sea saline meadow,9.0,Flooded Grasslands & Savannas,Palearctic
523,Apple_irr_2030y_SOC,cf_std,,Bolivian montane dry forests,2.0,Tropical & Subtropical Dry Broadleaf Forests,Neotropic
444,Apple_irr_2030y_SOC,cf_std,6.392392,Bolivian Yungas,1.0,Tropical & Subtropical Moist Broadleaf Forests,Neotropic
219,Apple_irr_2030y_SOC,cf_std,,Borneo lowland rain forests,1.0,Tropical & Subtropical Moist Broadleaf Forests,Indomalayan
221,Apple_irr_2030y_SOC,cf_std,,Borneo peat swamp forests,1.0,Tropical & Subtropical Moist Broadleaf Forests,Indomalayan
222,Apple_irr_2030y_SOC,cf_std,4.4079957,Brahmaputra Valley semi-evergreen forests,1.0,Tropical & Subtropical Moist Broadleaf Forests,Indomalayan
182,Apple_irr_2030y_SOC,cf_std,7.24746,Brigalow tropical savanna,7.0,"Tropical & Subtropical Grasslands, Savannas & Shrublands",Australasia
349,Apple_irr_2030y_SOC,cf_std,,British Columbia coastal conifer forests,5.0,Temperate Conifer Forests,Nearctic
411,Apple_irr_2030y_SOC,cf_std,,Brooks-British Range tundra,11.0,Tundra,Nearctic
138,Apple_irr_2030y_SOC,cf_std,,Buru rain forests,1.0,Tropical & Subtropical Moist Broadleaf Forests,Australasia
525,Apple_irr_2030y_SOC,cf_std,4.764089,Caatinga,2.0,Tropical & Subtropical Dry Broadleaf Forests,Neotropic
445,Apple_irr_2030y_SOC,cf_std,3.338201,Caatinga Enclaves moist forests,1.0,Tropical & Subtropical Moist Broadleaf Forests,Neotropic
691,Apple_irr_2030y_SOC,cf_std,,Caledon conifer forests,5.0,Temperate Conifer Forests,Palearctic
385,Apple_irr_2030y_SOC,cf_std,8.103233,California Central Valley grasslands,8.0,"Temperate Grasslands, Savannas & Shrublands",Nearctic
422,Apple_irr_2030y_SOC,cf_std,13.79027,California coastal sage and chaparral,12.0,"Mediterranean Forests, Woodlands & Scrub",Nearctic
423,Apple_irr_2030y_SOC,cf_std,11.626888,California interior chaparral and woodlands,12.0,"Mediterranean Forests, Woodlands & Scrub",Nearctic
424,Apple_irr_2030y_SOC,cf_std,7.4573026,California montane chaparral and woodlands,12.0,"Mediterranean Forests, Woodlands & Scrub",Nearctic
2,Apple_irr_2030y_SOC,cf_std,,Cameroon Highlands forests,1.0,Tropical & Subtropical Moist Broadleaf Forests,Afrotropic
566,Apple_irr_2030y_SOC,cf_std,7.1147256,Campos Rupestres montane savanna,7.0,"Tropical & Subtropical Grasslands, Savannas & Shrublands",Neotropic
386,Apple_irr_2030y_SOC,cf_std,,Canadian Aspen forests and parklands,8.0,"Temperate Grasslands, Savannas & Shrublands",Nearctic
413,Apple_irr_2030y_SOC,cf_std,,Canadian Low Arctic tundra,11.0,Tundra,Nearctic
787,Apple_irr_2030y_SOC,cf_std,8.0016985,Canary Islands dry woodlands and forests,12.0,"Mediterranean Forests, Woodlands & Scrub",Palearctic
648,Apple_irr_2030y_SOC,cf_std,16.381891,Cantabrian mixed forests,4.0,Temperate Broadleaf & Mixed Forests,Palearctic
190,Apple_irr_2030y_SOC,cf_std,10.815772,Canterbury-Otago tussock grasslands,8.0,"Temperate Grasslands, Savannas & Shrublands",Australasia
31,Apple_irr_2030y_SOC,cf_std,,Cape Verde Islands dry forests,2.0,Tropical & Subtropical Dry Broadleaf Forests,Afrotropic
183,Apple_irr_2030y_SOC,cf_std,13.3222885,Cape York Peninsula tropical savanna,7.0,"Tropical & Subtropical Grasslands, Savannas & Shrublands",Australasia
446,Apple_irr_2030y_SOC,cf_std,3.0069268,Caqueta moist forests,1.0,Tropical & Subtropical Moist Broadleaf Forests,Neotropic
223,Apple_irr_2030y_SOC,cf_std,,Cardamom Mountains rain forests,1.0,Tropical & Subtropical Moist Broadleaf Forests,Indomalayan
599,Apple_irr_2030y_SOC,cf_std,,Caribbean shrublands,13.0,Deserts & Xeric Shrublands,Neotropic
207,Apple_irr_2030y_SOC,cf_std,11.937642,Carnarvon xeric shrublands,13.0,Deserts & Xeric Shrublands,Australasia
618,Apple_irr_2030y_SOC,cf_std,,Carolines tropical moist forests,1.0,Tropical & Subtropical Moist Broadleaf Forests,Oceania
692,Apple_irr_2030y_SOC,cf_std,,Carpathian montane forests,5.0,Temperate Conifer Forests,Palearctic
184,Apple_irr_2030y_SOC,cf_std,5.8084908,Carpentaria tropical savanna,7.0,"Tropical & Subtropical Grasslands, Savannas & Shrublands",Australasia
649,Apple_irr_2030y_SOC,cf_std,,Caspian Hyrcanian mixed forests,4.0,Temperate Broadleaf & Mixed Forests,Palearctic
815,Apple_irr_2030y_SOC,cf_std,,Caspian lowland desert,13.0,Deserts & Xeric Shrublands,Palearctic
447,Apple_irr_2030y_SOC,cf_std,2.6632774,Catatumbo moist forests,1.0,Tropical & Subtropical Moist Broadleaf Forests,Neotropic
526,Apple_irr_2030y_SOC,cf_std,6.378115,Cauca Valley dry forests,2.0,Tropical & Subtropical Dry Broadleaf Forests,Neotropic
448,Apple_irr_2030y_SOC,cf_std,14.201757,Cauca Valley montane forests,1.0,Tropical & Subtropical Moist Broadleaf Forests,Neotropic
650,Apple_irr_2030y_SOC,cf_std,9.670592,Caucasus mixed forests,4.0,Temperate Broadleaf & Mixed Forests,Palearctic
449,Apple_irr_2030y_SOC,cf_std,,Cayos Miskitos-San Andrés and Providencia moist forests,1.0,Tropical & Subtropical Moist Broadleaf Forests,Neotropic
651,Apple_irr_2030y_SOC,cf_std,,Celtic broadleaf forests,4.0,Temperate Broadleaf & Mixed Forests,Palearctic
816,Apple_irr_2030y_SOC,cf_std,,Central Afghan Mountains xeric woodlands,13.0,Deserts & Xeric Shrublands,Palearctic
111,Apple_irr_2030y_SOC,cf_std,,Central African mangroves,14.0,Mangroves,Afrotropic
450,Apple_irr_2030y_SOC,cf_std,4.5640683,Central American Atlantic moist forests,1.0,Tropical & Subtropical Moist Broadleaf Forests,Neotropic
527,Apple_irr_2030y_SOC,cf_std,9.275639,Central American dry forests,2.0,Tropical & Subtropical Dry Broadleaf Forests,Neotropic
451,Apple_irr_2030y_SOC,cf_std,3.0314515,Central American montane forests,1.0,Tropical & Subtropical Moist Broadleaf Forests,Neotropic
553,Apple_irr_2030y_SOC,cf_std,4.080163,Central American pine-oak forests,3.0,Tropical & Subtropical Coniferous Forests,Neotropic
725,Apple_irr_2030y_SOC,cf_std,,Central Anatolian steppe,8.0,"Temperate Grasslands, Savannas & Shrublands",Palearctic
652,Apple_irr_2030y_SOC,cf_std,,Central Anatolian steppe and woodlands,4.0,Temperate Broadleaf & Mixed Forests,Palearctic
352,Apple_irr_2030y_SOC,cf_std,7.0382166,Central-Southern Cascades Forests,5.0,Temperate Conifer Forests,Nearctic
389,Apple_irr_2030y_SOC,cf_std,2.530236,Central-Southern US mixed grasslands,8.0,"Temperate Grasslands, Savannas & Shrublands",Nearctic
587,Apple_irr_2030y_SOC,cf_std,2.960028,Central Andean dry puna,10.0,Montane Grasslands & Shrublands,Neotropic
588,Apple_irr_2030y_SOC,cf_std,8.429241,Central Andean puna,10.0,Montane Grasslands & Shrublands,Neotropic
589,Apple_irr_2030y_SOC,cf_std,7.693583,Central Andean wet puna,10.0,Montane Grasslands & Shrublands,Neotropic
817,Apple_irr_2030y_SOC,cf_std,,Central Asian northern desert,13.0,Deserts & Xeric Shrublands,Palearctic
818,Apple_irr_2030y_SOC,cf_std,,Central Asian riparian woodlands,13.0,Deserts & Xeric Shrublands,Palearctic
819,Apple_irr_2030y_SOC,cf_std,,Central Asian southern desert,13.0,Deserts & Xeric Shrublands,Palearctic
350,Apple_irr_2030y_SOC,cf_std,,Central British Columbia Mountain forests,5.0,Temperate Conifer Forests,Nearctic
38,Apple_irr_2030y_SOC,cf_std,3.0834312,Central bushveld,7.0,"Tropical & Subtropical Grasslands, Savannas & Shrublands",Afrotropic
370,Apple_irr_2030y_SOC,cf_std,,Central Canadian Shield forests,6.0,Boreal Forests/Taiga,Nearctic
653,Apple_irr_2030y_SOC,cf_std,5.361708,Central China Loess Plateau mixed forests,4.0,Temperate Broadleaf & Mixed Forests,Palearctic
3,Apple_irr_2030y_SOC,cf_std,,Central Congolian lowland forests,1.0,Tropical & Subtropical Moist Broadleaf Forests,Afrotropic
290,Apple_irr_2030y_SOC,cf_std,3.0141332,Central Deccan Plateau dry deciduous forests,2.0,Tropical & Subtropical Dry Broadleaf Forests,Indomalayan
654,Apple_irr_2030y_SOC,cf_std,,Central European mixed forests,4.0,Temperate Broadleaf & Mixed Forests,Palearctic
387,Apple_irr_2030y_SOC,cf_std,,Central US forest-grasslands transition,8.0,"Temperate Grasslands, Savannas & Shrublands",Nearctic
291,Apple_irr_2030y_SOC,cf_std,,Central Indochina dry forests,2.0,Tropical & Subtropical Dry Broadleaf Forests,Indomalayan
655,Apple_irr_2030y_SOC,cf_std,,Central Korean deciduous forests,4.0,Temperate Broadleaf & Mixed Forests,Palearctic
427,Apple_irr_2030y_SOC,cf_std,4.7347345,Central Mexican matorral,13.0,Deserts & Xeric Shrublands,Nearctic
351,Apple_irr_2030y_SOC,cf_std,16.281578,Central Pacific Northwest coastal forests,5.0,Temperate Conifer Forests,Nearctic
820,Apple_irr_2030y_SOC,cf_std,,Central Persian desert basins,13.0,Deserts & Xeric Shrublands,Palearctic
619,Apple_irr_2030y_SOC,cf_std,,Central Polynesian tropical moist forests,1.0,Tropical & Subtropical Moist Broadleaf Forests,Oceania
139,Apple_irr_2030y_SOC,cf_std,,Central Range Papuan montane rain forests,1.0,Tropical & Subtropical Moist Broadleaf Forests,Australasia
195,Apple_irr_2030y_SOC,cf_std,,Papuan Central Range sub-alpine grasslands,10.0,Montane Grasslands & Shrublands,Australasia
208,Apple_irr_2030y_SOC,cf_std,1.1177249,Central Ranges xeric scrub,13.0,Deserts & Xeric Shrublands,Australasia
118,Apple_irr_2030y_SOC,cf_std,,Central South Antarctic Peninsula tundra,11.0,Tundra,Antarctica
388,Apple_irr_2030y_SOC,cf_std,,Central Tallgrass prairie,8.0,"Temperate Grasslands, Savannas & Shrublands",Nearctic
750,Apple_irr_2030y_SOC,cf_std,13.174574,Central Tibetan Plateau alpine steppe,10.0,Montane Grasslands & Shrublands,Palearctic
39,Apple_irr_2030y_SOC,cf_std,,Central Zambezian wet miombo woodlands,7.0,"Tropical & Subtropical Grasslands, Savannas & Shrublands",Afrotropic
567,Apple_irr_2030y_SOC,cf_std,4.169008,Cerrado,7.0,"Tropical & Subtropical Grasslands, Savannas & Shrublands",Neotropic
656,Apple_irr_2030y_SOC,cf_std,,Changbai Mountains mixed forests,4.0,Temperate Broadleaf & Mixed Forests,Palearctic
657,Apple_irr_2030y_SOC,cf_std,5.446622,Changjiang Plain evergreen forests,4.0,Temperate Broadleaf & Mixed Forests,Palearctic
224,Apple_irr_2030y_SOC,cf_std,,Chao Phraya freshwater swamp forests,1.0,Tropical & Subtropical Moist Broadleaf Forests,Indomalayan
225,Apple_irr_2030y_SOC,cf_std,,Chao Phraya lowland moist deciduous forests,1.0,Tropical & Subtropical Moist Broadleaf Forests,Indomalayan
167,Apple_irr_2030y_SOC,cf_std,,Chatham Island temperate forests,4.0,Temperate Broadleaf & Mixed Forests,Australasia
771,Apple_irr_2030y_SOC,cf_std,,Cherskii-Kolyma mountain tundra,11.0,Tundra,Palearctic
292,Apple_irr_2030y_SOC,cf_std,2.1750052,Chhota-Nagpur dry deciduous forests,2.0,Tropical & Subtropical Dry Broadleaf Forests,Indomalayan
528,Apple_irr_2030y_SOC,cf_std,3.6401117,Chiapas Depression dry forests,2.0,Tropical & Subtropical Dry Broadleaf Forests,Neotropic
452,Apple_irr_2030y_SOC,cf_std,2.4297245,Chiapas montane forests,1.0,Tropical & Subtropical Moist Broadleaf Forests,Neotropic
428,Apple_irr_2030y_SOC,cf_std,4.8652077,Chihuahuan desert,13.0,Deserts & Xeric Shrublands,Nearctic
596,Apple_irr_2030y_SOC,cf_std,15.283129,Chilean Matorral,12.0,"Mediterranean Forests, Woodlands & Scrub",Neotropic
453,Apple_irr_2030y_SOC,cf_std,3.3575237,Chimalapas montane forests,1.0,Tropical & Subtropical Moist Broadleaf Forests,Neotropic
226,Apple_irr_2030y_SOC,cf_std,1.6739888,Chin Hills-Arakan Yoma montane forests,1.0,Tropical & Subtropical Moist Broadleaf Forests,Indomalayan
529,Apple_irr_2030y_SOC,cf_std,2.2684789,Chiquitano dry forests,2.0,Tropical & Subtropical Dry Broadleaf Forests,Neotropic
454,Apple_irr_2030y_SOC,cf_std,20.1173,Chocó-Darién moist forests,1.0,Tropical & Subtropical Moist Broadleaf Forests,Neotropic
227,Apple_irr_2030y_SOC,cf_std,,Christmas and Cocos Islands tropical forests,1.0,Tropical & Subtropical Moist Broadleaf Forests,Indomalayan
772,Apple_irr_2030y_SOC,cf_std,,Chukchi Peninsula tundra,11.0,Tundra,Palearctic
568,Apple_irr_2030y_SOC,cf_std,,Clipperton Island shrub and grasslands,7.0,"Tropical & Subtropical Grasslands, Savannas & Shrublands",Neotropic
455,Apple_irr_2030y_SOC,cf_std,,Cocos Island moist forests,1.0,Tropical & Subtropical Moist Broadleaf Forests,Neotropic
429,Apple_irr_2030y_SOC,cf_std,8.841926,Colorado Plateau shrublands,13.0,Deserts & Xeric Shrublands,Nearctic
353,Apple_irr_2030y_SOC,cf_std,9.242161,Colorado Rockies forests,5.0,Temperate Conifer Forests,Nearctic
4,Apple_irr_2030y_SOC,cf_std,,Comoros forests,1.0,Tropical & Subtropical Moist Broadleaf Forests,Afrotropic
371,Apple_irr_2030y_SOC,cf_std,,Cook Inlet taiga,6.0,Boreal Forests/Taiga,Nearctic
620,Apple_irr_2030y_SOC,cf_std,,Cook Islands tropical moist forests,1.0,Tropical & Subtropical Moist Broadleaf Forests,Oceania
197,Apple_irr_2030y_SOC,cf_std,5.270205,Coolgardie woodlands,12.0,"Mediterranean Forests, Woodlands & Scrub",Australasia
372,Apple_irr_2030y_SOC,cf_std,,Copper Plateau taiga,6.0,Boreal Forests/Taiga,Nearctic
590,Apple_irr_2030y_SOC,cf_std,6.347689,Cordillera Central páramo,10.0,Montane Grasslands & Shrublands,Neotropic
591,Apple_irr_2030y_SOC,cf_std,,Cordillera de Merida páramo,10.0,Montane Grasslands & Shrublands,Neotropic
456,Apple_irr_2030y_SOC,cf_std,,Cordillera La Costa montane forests,1.0,Tropical & Subtropical Moist Broadleaf Forests,Neotropic
457,Apple_irr_2030y_SOC,cf_std,12.912678,Cordillera Oriental montane forests,1.0,Tropical & Subtropical Moist Broadleaf Forests,Neotropic
788,Apple_irr_2030y_SOC,cf_std,10.307277,Corsican montane broadleaf and mixed forests,12.0,"Mediterranean Forests, Woodlands & Scrub",Palearctic
458,Apple_irr_2030y_SOC,cf_std,,Costa Rican seasonal moist forests,1.0,Tropical & Subtropical Moist Broadleaf Forests,Neotropic
789,Apple_irr_2030y_SOC,cf_std,5.941905,Crete Mediterranean forests,12.0,"Mediterranean Forests, Woodlands & Scrub",Palearctic
658,Apple_irr_2030y_SOC,cf_std,,Crimean Submediterranean forest complex,4.0,Temperate Broadleaf & Mixed Forests,Palearctic
6,Apple_irr_2030y_SOC,cf_std,,Cross-Niger transition forests,1.0,Tropical & Subtropical Moist Broadleaf Forests,Afrotropic
7,Apple_irr_2030y_SOC,cf_std,,Cross-Sanaga-Bioko coastal forests,1.0,Tropical & Subtropical Moist Broadleaf Forests,Afrotropic
390,Apple_irr_2030y_SOC,cf_std,2.3961642,Cross-Timbers savanna-woodland,8.0,"Temperate Grasslands, Savannas & Shrublands",Nearctic
600,Apple_irr_2030y_SOC,cf_std,,Cuban cactus scrub,13.0,Deserts & Xeric Shrublands,Neotropic
530,Apple_irr_2030y_SOC,cf_std,,Cuban dry forests,2.0,Tropical & Subtropical Dry Broadleaf Forests,Neotropic
459,Apple_irr_2030y_SOC,cf_std,,Cuban moist forests,1.0,Tropical & Subtropical Moist Broadleaf Forests,Neotropic
554,Apple_irr_2030y_SOC,cf_std,,Cuban pine forests,3.0,Tropical & Subtropical Coniferous Forests,Neotropic
579,Apple_irr_2030y_SOC,cf_std,,Cuban wetlands,9.0,Flooded Grasslands & Savannas,Neotropic
790,Apple_irr_2030y_SOC,cf_std,4.559628,Cyprus Mediterranean forests,12.0,"Mediterranean Forests, Woodlands & Scrub",Palearctic
693,Apple_irr_2030y_SOC,cf_std,,Da Hinggan-Dzhagdy Mountains conifer forests,5.0,Temperate Conifer Forests,Palearctic
659,Apple_irr_2030y_SOC,cf_std,6.1242504,Daba Mountains evergreen forests,4.0,Temperate Broadleaf & Mixed Forests,Palearctic
726,Apple_irr_2030y_SOC,cf_std,,Daurian forest steppe,8.0,"Temperate Grasslands, Savannas & Shrublands",Palearctic
415,Apple_irr_2030y_SOC,cf_std,,Davis Highlands tundra,11.0,Tundra,Nearctic
315,Apple_irr_2030y_SOC,cf_std,3.9524605,Deccan thorn scrub forests,13.0,Deserts & Xeric Shrublands,Indomalayan
660,Apple_irr_2030y_SOC,cf_std,4.5940905,Dinaric Mountains mixed forests,4.0,Temperate Broadleaf & Mixed Forests,Palearctic
92,Apple_irr_2030y_SOC,cf_std,,Djibouti xeric shrublands,13.0,Deserts & Xeric Shrublands,Afrotropic
40,Apple_irr_2030y_SOC,cf_std,6.9975023,Drakensberg Escarpment savanna and thicket,7.0,"Tropical & Subtropical Grasslands, Savannas & Shrublands",Afrotropic
41,Apple_irr_2030y_SOC,cf_std,6.992885,Drakensberg grasslands,7.0,"Tropical & Subtropical Grasslands, Savannas & Shrublands",Afrotropic
0,Apple_irr_2030y_SOC,cf_std,9.53442,Rock and Ice,11.0,N/A,N/A
569,Apple_irr_2030y_SOC,cf_std,4.7543592,Dry Chaco,7.0,"Tropical & Subtropical Grasslands, Savannas & Shrublands",Neotropic
694,Apple_irr_2030y_SOC,cf_std,0.0,East Afghan montane conifer forests,5.0,Temperate Conifer Forests,Palearctic
69,Apple_irr_2030y_SOC,cf_std,0.1549439,East African halophytics,9.0,Flooded Grasslands & Savannas,Afrotropic
112,Apple_irr_2030y_SOC,cf_std,12.237251,East African mangroves,14.0,Mangroves,Afrotropic
120,Apple_irr_2030y_SOC,cf_std,,East Antarctic tundra,11.0,Tundra,Antarctica
821,Apple_irr_2030y_SOC,cf_std,,East Arabian fog shrublands and sand desert,13.0,Deserts & Xeric Shrublands,Palearctic
332,Apple_irr_2030y_SOC,cf_std,2.5117803,East Central Texas forests,4.0,Temperate Broadleaf & Mixed Forests,Nearctic
293,Apple_irr_2030y_SOC,cf_std,11.413192,East Deccan dry-evergreen forests,2.0,Tropical & Subtropical Dry Broadleaf Forests,Indomalayan
661,Apple_irr_2030y_SOC,cf_std,,East European forest steppe,4.0,Temperate Broadleaf & Mixed Forests,Palearctic
822,Apple_irr_2030y_SOC,cf_std,,East Sahara Desert,13.0,Deserts & Xeric Shrublands,Palearctic
823,Apple_irr_2030y_SOC,cf_std,,East Saharan montane xeric woodlands,13.0,Deserts & Xeric Shrublands,Palearctic
710,Apple_irr_2030y_SOC,cf_std,,East Siberian taiga,6.0,Boreal Forests/Taiga,Palearctic
43,Apple_irr_2030y_SOC,cf_std,3.9790556,East Sudanian savanna,7.0,"Tropical & Subtropical Grasslands, Savannas & Shrublands",Afrotropic
662,Apple_irr_2030y_SOC,cf_std,,Eastern Anatolian deciduous forests,4.0,Temperate Broadleaf & Mixed Forests,Palearctic
727,Apple_irr_2030y_SOC,cf_std,,Eastern Anatolian montane steppe,8.0,"Temperate Grasslands, Savannas & Shrublands",Palearctic
191,Apple_irr_2030y_SOC,cf_std,3.590299,Eastern Australia mulga shrublands,8.0,"Temperate Grasslands, Savannas & Shrublands",Australasia
168,Apple_irr_2030y_SOC,cf_std,14.827926,Eastern Australian temperate forests,4.0,Temperate Broadleaf & Mixed Forests,Australasia
373,Apple_irr_2030y_SOC,cf_std,,Eastern Canadian forests,6.0,Boreal Forests/Taiga,Nearctic
374,Apple_irr_2030y_SOC,cf_std,,Eastern Canadian Shield taiga,6.0,Boreal Forests/Taiga,Nearctic
354,Apple_irr_2030y_SOC,cf_std,6.0015383,Eastern Cascades forests,5.0,Temperate Conifer Forests,Nearctic
10,Apple_irr_2030y_SOC,cf_std,,Eastern Congolian swamp forests,1.0,Tropical & Subtropical Moist Broadleaf Forests,Afrotropic
460,Apple_irr_2030y_SOC,cf_std,12.487378,Eastern Cordillera Real montane forests,1.0,Tropical & Subtropical Moist Broadleaf Forests,Neotropic
333,Apple_irr_2030y_SOC,cf_std,,Eastern Canadian Forest-Boreal transition,4.0,Temperate Broadleaf & Mixed Forests,Nearctic
824,Apple_irr_2030y_SOC,cf_std,,Eastern Gobi desert steppe,13.0,Deserts & Xeric Shrublands,Palearctic
334,Apple_irr_2030y_SOC,cf_std,,Eastern Great Lakes lowland forests,4.0,Temperate Broadleaf & Mixed Forests,Nearctic
11,Apple_irr_2030y_SOC,cf_std,,Eastern Guinean forests,1.0,Tropical & Subtropical Moist Broadleaf Forests,Afrotropic
228,Apple_irr_2030y_SOC,cf_std,6.5423913,East Deccan moist deciduous forests,1.0,Tropical & Subtropical Moist Broadleaf Forests,Indomalayan
751,Apple_irr_2030y_SOC,cf_std,10.3687105,Eastern Himalayan alpine shrub and meadows,10.0,Montane Grasslands & Shrublands,Palearctic
306,Apple_irr_2030y_SOC,cf_std,8.946376,Eastern Himalayan broadleaf forests,4.0,Temperate Broadleaf & Mixed Forests,Indomalayan
309,Apple_irr_2030y_SOC,cf_std,6.9125404,Eastern Himalayan subalpine conifer forests,5.0,Temperate Conifer Forests,Indomalayan
229,Apple_irr_2030y_SOC,cf_std,,Eastern Java-Bali montane rain forests,1.0,Tropical & Subtropical Moist Broadleaf Forests,Indomalayan
230,Apple_irr_2030y_SOC,cf_std,,Eastern Java-Bali rain forests,1.0,Tropical & Subtropical Moist Broadleaf Forests,Indomalayan
791,Apple_irr_2030y_SOC,cf_std,10.532868,Eastern Mediterranean conifer-broadleaf forests,12.0,"Mediterranean Forests, Woodlands & Scrub",Palearctic
621,Apple_irr_2030y_SOC,cf_std,,Eastern Micronesia tropical moist forests,1.0,Tropical & Subtropical Moist Broadleaf Forests,Oceania
461,Apple_irr_2030y_SOC,cf_std,3.804344,Eastern Panamanian montane forests,1.0,Tropical & Subtropical Moist Broadleaf Forests,Neotropic
531,Apple_irr_2030y_SOC,cf_std,11.908195,Ecuadorian dry forests,2.0,Tropical & Subtropical Dry Broadleaf Forests,Neotropic
391,Apple_irr_2030y_SOC,cf_std,3.4723709,Edwards Plateau savanna,8.0,"Temperate Grasslands, Savannas & Shrublands",Nearctic
185,Apple_irr_2030y_SOC,cf_std,4.282627,Einasleigh upland savanna,7.0,"Tropical & Subtropical Grasslands, Savannas & Shrublands",Australasia
695,Apple_irr_2030y_SOC,cf_std,,Elburz Range forest steppe,5.0,Temperate Conifer Forests,Palearctic
121,Apple_irr_2030y_SOC,cf_std,,Ellsworth Land tundra,11.0,Tundra,Antarctica
122,Apple_irr_2030y_SOC,cf_std,,Ellsworth Mountains tundra,11.0,Tundra,Antarctica
728,Apple_irr_2030y_SOC,cf_std,,Emin Valley steppe,8.0,"Temperate Grasslands, Savannas & Shrublands",Palearctic
123,Apple_irr_2030y_SOC,cf_std,,Enderby Land tundra,11.0,Tundra,Antarctica
663,Apple_irr_2030y_SOC,cf_std,,English Lowlands beech forests,4.0,Temperate Broadleaf & Mixed Forests,Palearctic
580,Apple_irr_2030y_SOC,cf_std,,Enriquillo wetlands,9.0,Flooded Grasslands & Savannas,Neotropic
93,Apple_irr_2030y_SOC,cf_std,,Eritrean coastal desert,13.0,Deserts & Xeric Shrublands,Afrotropic
198,Apple_irr_2030y_SOC,cf_std,7.5229936,Esperance mallee,12.0,"Mediterranean Forests, Woodlands & Scrub",Australasia
575,Apple_irr_2030y_SOC,cf_std,9.047595,Espinal,8.0,"Temperate Grasslands, Savannas & Shrublands",Neotropic
12,Apple_irr_2030y_SOC,cf_std,,Ethiopian montane forests,1.0,Tropical & Subtropical Moist Broadleaf Forests,Afrotropic
79,Apple_irr_2030y_SOC,cf_std,,Ethiopian montane grasslands and woodlands,10.0,Montane Grasslands & Shrublands,Afrotropic
80,Apple_irr_2030y_SOC,cf_std,,Ethiopian montane moorlands,10.0,Montane Grasslands & Shrublands,Afrotropic
70,Apple_irr_2030y_SOC,cf_std,,Etosha Pan halophytics,9.0,Flooded Grasslands & Savannas,Afrotropic
665,Apple_irr_2030y_SOC,cf_std,6.192855,Euxine-Colchic broadleaf forests,4.0,Temperate Broadleaf & Mixed Forests,Palearctic
581,Apple_irr_2030y_SOC,cf_std,15.169745,Everglades flooded grasslands,9.0,Flooded Grasslands & Savannas,Neotropic
199,Apple_irr_2030y_SOC,cf_std,16.557154,Eyre and York mallee,12.0,"Mediterranean Forests, Woodlands & Scrub",Australasia
729,Apple_irr_2030y_SOC,cf_std,,Faroe Islands boreal grasslands,8.0,"Temperate Grasslands, Savannas & Shrublands",Palearctic
462,Apple_irr_2030y_SOC,cf_std,,Fernando de Noronha-Atol das Rocas moist forests,1.0,Tropical & Subtropical Moist Broadleaf Forests,Neotropic
635,Apple_irr_2030y_SOC,cf_std,,Fiji tropical dry forests,2.0,Tropical & Subtropical Dry Broadleaf Forests,Oceania
622,Apple_irr_2030y_SOC,cf_std,,Fiji tropical moist forests,1.0,Tropical & Subtropical Moist Broadleaf Forests,Oceania
169,Apple_irr_2030y_SOC,cf_std,,Fiordland temperate forests,4.0,Temperate Broadleaf & Mixed Forests,Australasia
200,Apple_irr_2030y_SOC,cf_std,7.6873245,Flinders-Lofty montane woodlands,12.0,"Mediterranean Forests, Woodlands & Scrub",Australasia
392,Apple_irr_2030y_SOC,cf_std,,Flint Hills tallgrass prairie,8.0,"Temperate Grasslands, Savannas & Shrublands",Nearctic
355,Apple_irr_2030y_SOC,cf_std,,Fraser Plateau and Basin conifer forests,5.0,Temperate Conifer Forests,Nearctic
89,Apple_irr_2030y_SOC,cf_std,11.040383,Fynbos shrubland,12.0,"Mediterranean Forests, Woodlands & Scrub",Afrotropic
601,Apple_irr_2030y_SOC,cf_std,7.5380287,Galápagos Islands xeric scrub,13.0,Deserts & Xeric Shrublands,Neotropic
94,Apple_irr_2030y_SOC,cf_std,0.9361033,Gariep Karoo,13.0,Deserts & Xeric Shrublands,Afrotropic
752,Apple_irr_2030y_SOC,cf_std,,Ghorat-Hazarajat alpine meadow,10.0,Montane Grasslands & Shrublands,Palearctic
209,Apple_irr_2030y_SOC,cf_std,0.7502324,Gibson desert,13.0,Deserts & Xeric Shrublands,Australasia
730,Apple_irr_2030y_SOC,cf_std,,Gissaro-Alai open woodlands,8.0,"Temperate Grasslands, Savannas & Shrublands",Palearctic
316,Apple_irr_2030y_SOC,cf_std,17.101706,Godavari-Krishna mangroves,13.0,Deserts & Xeric Shrublands,Indomalayan
825,Apple_irr_2030y_SOC,cf_std,,Gobi Lakes Valley desert steppe,13.0,Deserts & Xeric Shrublands,Palearctic
13,Apple_irr_2030y_SOC,cf_std,,Granitic Seychelles forests,1.0,Tropical & Subtropical Moist Broadleaf Forests,Afrotropic
356,Apple_irr_2030y_SOC,cf_std,6.6866875,Great Basin montane forests,5.0,Temperate Conifer Forests,Nearctic
430,Apple_irr_2030y_SOC,cf_std,7.3013334,Great Basin shrub steppe,13.0,Deserts & Xeric Shrublands,Nearctic
826,Apple_irr_2030y_SOC,cf_std,,Great Lakes Basin desert steppe,13.0,Deserts & Xeric Shrublands,Palearctic
210,Apple_irr_2030y_SOC,cf_std,1.959958,Great Sandy-Tanami desert,13.0,Deserts & Xeric Shrublands,Australasia
211,Apple_irr_2030y_SOC,cf_std,2.4375484,Great Victoria desert,13.0,Deserts & Xeric Shrublands,Australasia
231,Apple_irr_2030y_SOC,cf_std,,Greater Negros-Panay rain forests,1.0,Tropical & Subtropical Moist Broadleaf Forests,Indomalayan
602,Apple_irr_2030y_SOC,cf_std,18.267227,Guajira-Barranquilla xeric scrub,13.0,Deserts & Xeric Shrublands,Neotropic
582,Apple_irr_2030y_SOC,cf_std,2.805421,Guayaquil flooded grasslands,9.0,Flooded Grasslands & Savannas,Neotropic
463,Apple_irr_2030y_SOC,cf_std,,Guianan freshwater swamp forests,1.0,Tropical & Subtropical Moist Broadleaf Forests,Neotropic
464,Apple_irr_2030y_SOC,cf_std,5.027596,Guianan Highlands moist forests,1.0,Tropical & Subtropical Moist Broadleaf Forests,Neotropic
465,Apple_irr_2030y_SOC,cf_std,1.873306,Guianan lowland moist forests,1.0,Tropical & Subtropical Moist Broadleaf Forests,Neotropic
466,Apple_irr_2030y_SOC,cf_std,4.534375,Guianan piedmont moist forests,1.0,Tropical & Subtropical Moist Broadleaf Forests,Neotropic
570,Apple_irr_2030y_SOC,cf_std,4.752049,Guianan savanna,7.0,"Tropical & Subtropical Grasslands, Savannas & Shrublands",Neotropic
44,Apple_irr_2030y_SOC,cf_std,,Guinean forest-savanna,7.0,"Tropical & Subtropical Grasslands, Savannas & Shrublands",Afrotropic
113,Apple_irr_2030y_SOC,cf_std,,Guinean mangroves,14.0,Mangroves,Afrotropic
14,Apple_irr_2030y_SOC,cf_std,,Guinean montane forests,1.0,Tropical & Subtropical Moist Broadleaf Forests,Afrotropic
642,Apple_irr_2030y_SOC,cf_std,5.3697844,Guizhou Plateau broadleaf and mixed forests,1.0,Tropical & Subtropical Moist Broadleaf Forests,Palearctic
431,Apple_irr_2030y_SOC,cf_std,7.488284,Gulf of California xeric scrub,13.0,Deserts & Xeric Shrublands,Nearctic
335,Apple_irr_2030y_SOC,cf_std,,Gulf of St. Lawrence lowland forests,4.0,Temperate Broadleaf & Mixed Forests,Nearctic
467,Apple_irr_2030y_SOC,cf_std,2.9077287,Gurupa várzea,1.0,Tropical & Subtropical Moist Broadleaf Forests,Neotropic
232,Apple_irr_2030y_SOC,cf_std,15.462285,Hainan Island monsoon rain forests,1.0,Tropical & Subtropical Moist Broadleaf Forests,Indomalayan
140,Apple_irr_2030y_SOC,cf_std,,Halmahera rain forests,1.0,Tropical & Subtropical Moist Broadleaf Forests,Australasia
201,Apple_irr_2030y_SOC,cf_std,18.882652,Hampton mallee and woodlands,12.0,"Mediterranean Forests, Woodlands & Scrub",Australasia
636,Apple_irr_2030y_SOC,cf_std,24.764204,Hawai'i tropical dry forests,2.0,Tropical & Subtropical Dry Broadleaf Forests,Oceania
639,Apple_irr_2030y_SOC,cf_std,15.358316,Hawai'i tropical high shrublands,7.0,"Tropical & Subtropical Grasslands, Savannas & Shrublands",Oceania
640,Apple_irr_2030y_SOC,cf_std,25.66628,Hawai'i tropical low shrublands,7.0,"Tropical & Subtropical Grasslands, Savannas & Shrublands",Oceania
623,Apple_irr_2030y_SOC,cf_std,26.88142,Hawai'i tropical moist forests,1.0,Tropical & Subtropical Moist Broadleaf Forests,Oceania
696,Apple_irr_2030y_SOC,cf_std,,Helanshan montane conifer forests,5.0,Temperate Conifer Forests,Palearctic
697,Apple_irr_2030y_SOC,cf_std,11.461778,Hengduan Mountains subalpine conifer forests,5.0,Temperate Conifer Forests,Palearctic
412,Apple_irr_2030y_SOC,cf_std,,Canadian High Arctic tundra,11.0,Tundra,Nearctic
592,Apple_irr_2030y_SOC,cf_std,5.5123096,High Monte,10.0,Montane Grasslands & Shrublands,Neotropic
81,Apple_irr_2030y_SOC,cf_std,5.432122,Highveld grasslands,10.0,Montane Grasslands & Shrublands,Afrotropic
233,Apple_irr_2030y_SOC,cf_std,6.7876496,Himalayan subtropical broadleaf forests,1.0,Tropical & Subtropical Moist Broadleaf Forests,Indomalayan
302,Apple_irr_2030y_SOC,cf_std,6.2522573,Himalayan subtropical pine forests,3.0,Tropical & Subtropical Coniferous Forests,Indomalayan
753,Apple_irr_2030y_SOC,cf_std,7.1054274e-15,Hindu Kush alpine meadow,10.0,Montane Grasslands & Shrublands,Palearctic
532,Apple_irr_2030y_SOC,cf_std,,Hispaniolan dry forests,2.0,Tropical & Subtropical Dry Broadleaf Forests,Neotropic
468,Apple_irr_2030y_SOC,cf_std,,Hispaniolan moist forests,1.0,Tropical & Subtropical Moist Broadleaf Forests,Neotropic
555,Apple_irr_2030y_SOC,cf_std,,Hispaniolan pine forests,3.0,Tropical & Subtropical Coniferous Forests,Neotropic
95,Apple_irr_2030y_SOC,cf_std,,Hobyo grasslands and shrublands,13.0,Deserts & Xeric Shrublands,Afrotropic
666,Apple_irr_2030y_SOC,cf_std,,Hokkaido deciduous forests,4.0,Temperate Broadleaf & Mixed Forests,Palearctic
698,Apple_irr_2030y_SOC,cf_std,,Hokkaido montane conifer forests,5.0,Temperate Conifer Forests,Palearctic
699,Apple_irr_2030y_SOC,cf_std,,Honshu alpine conifer forests,5.0,Temperate Conifer Forests,Palearctic
45,Apple_irr_2030y_SOC,cf_std,,Horn of Africa xeric bushlands,7.0,"Tropical & Subtropical Grasslands, Savannas & Shrublands",Afrotropic
667,Apple_irr_2030y_SOC,cf_std,3.5342574,Huang He Plain mixed forests,4.0,Temperate Broadleaf & Mixed Forests,Palearctic
571,Apple_irr_2030y_SOC,cf_std,4.2591214,Humid Chaco,7.0,"Tropical & Subtropical Grasslands, Savannas & Shrublands",Neotropic
576,Apple_irr_2030y_SOC,cf_std,9.775039,Humid Pampas,8.0,"Temperate Grasslands, Savannas & Shrublands",Neotropic
141,Apple_irr_2030y_SOC,cf_std,,Huon Peninsula montane rain forests,1.0,Tropical & Subtropical Moist Broadleaf Forests,Australasia
792,Apple_irr_2030y_SOC,cf_std,6.0426445,Iberian conifer forests,12.0,"Mediterranean Forests, Woodlands & Scrub",Palearctic
793,Apple_irr_2030y_SOC,cf_std,4.6609225,Iberian sclerophyllous and semi-deciduous forests,12.0,"Mediterranean Forests, Woodlands & Scrub",Palearctic
711,Apple_irr_2030y_SOC,cf_std,,Iceland boreal birch forests and alpine tundra,6.0,Boreal Forests/Taiga,Palearctic
794,Apple_irr_2030y_SOC,cf_std,9.621687,Illyrian deciduous forests,12.0,"Mediterranean Forests, Woodlands & Scrub",Palearctic
319,Apple_irr_2030y_SOC,cf_std,,Indochina mangroves,14.0,Mangroves,Indomalayan
320,Apple_irr_2030y_SOC,cf_std,15.866634,Indus River Delta-Arabian Sea mangroves,14.0,Mangroves,Indomalayan
317,Apple_irr_2030y_SOC,cf_std,,Indus Valley desert,13.0,Deserts & Xeric Shrublands,Indomalayan
71,Apple_irr_2030y_SOC,cf_std,,Inner Niger Delta flooded savanna,9.0,Flooded Grasslands & Savannas,Afrotropic
375,Apple_irr_2030y_SOC,cf_std,,Interior Alaska-Yukon lowland taiga,6.0,Boreal Forests/Taiga,Nearctic
336,Apple_irr_2030y_SOC,cf_std,1.6877967,Interior Plateau US Hardwood Forests,4.0,Temperate Broadleaf & Mixed Forests,Nearctic
416,Apple_irr_2030y_SOC,cf_std,,Interior Yukon-Alaska alpine tundra,11.0,Tundra,Nearctic
469,Apple_irr_2030y_SOC,cf_std,3.9537075,Iquitos várzea,1.0,Tropical & Subtropical Moist Broadleaf Forests,Neotropic
294,Apple_irr_2030y_SOC,cf_std,,Irrawaddy dry forests,2.0,Tropical & Subtropical Dry Broadleaf Forests,Indomalayan
234,Apple_irr_2030y_SOC,cf_std,,Irrawaddy freshwater swamp forests,1.0,Tropical & Subtropical Moist Broadleaf Forests,Indomalayan
235,Apple_irr_2030y_SOC,cf_std,,Irrawaddy moist deciduous forests,1.0,Tropical & Subtropical Moist Broadleaf Forests,Indomalayan
533,Apple_irr_2030y_SOC,cf_std,,Islas Revillagigedo dry forests,2.0,Tropical & Subtropical Dry Broadleaf Forests,Neotropic
470,Apple_irr_2030y_SOC,cf_std,,Isthmian-Atlantic moist forests,1.0,Tropical & Subtropical Moist Broadleaf Forests,Neotropic
471,Apple_irr_2030y_SOC,cf_std,,Isthmian-Pacific moist forests,1.0,Tropical & Subtropical Moist Broadleaf Forests,Neotropic
795,Apple_irr_2030y_SOC,cf_std,13.091289,Italian sclerophyllous and semi-deciduous forests,12.0,"Mediterranean Forests, Woodlands & Scrub",Palearctic
46,Apple_irr_2030y_SOC,cf_std,,Itigi-Sumbu thicket,7.0,"Tropical & Subtropical Grasslands, Savannas & Shrublands",Afrotropic
534,Apple_irr_2030y_SOC,cf_std,12.853142,Jalisco dry forests,2.0,Tropical & Subtropical Dry Broadleaf Forests,Neotropic
535,Apple_irr_2030y_SOC,cf_std,,Jamaican dry forests,2.0,Tropical & Subtropical Dry Broadleaf Forests,Neotropic
472,Apple_irr_2030y_SOC,cf_std,,Jamaican moist forests,1.0,Tropical & Subtropical Moist Broadleaf Forests,Neotropic
473,Apple_irr_2030y_SOC,cf_std,3.361786,Japurá-Solimões-Negro moist forests,1.0,Tropical & Subtropical Moist Broadleaf Forests,Neotropic
202,Apple_irr_2030y_SOC,cf_std,25.523224,Jarrah-Karri forest and shrublands,12.0,"Mediterranean Forests, Woodlands & Scrub",Australasia
236,Apple_irr_2030y_SOC,cf_std,5.8778706,Jian Nan subtropical evergreen forests,1.0,Tropical & Subtropical Moist Broadleaf Forests,Indomalayan
82,Apple_irr_2030y_SOC,cf_std,,Jos Plateau forest-grassland,10.0,Montane Grasslands & Shrublands,Afrotropic
560,Apple_irr_2030y_SOC,cf_std,,Juan Fernández Islands temperate forests,4.0,Temperate Broadleaf & Mixed Forests,Neotropic
827,Apple_irr_2030y_SOC,cf_std,,Junggar Basin semi-desert,13.0,Deserts & Xeric Shrublands,Palearctic
474,Apple_irr_2030y_SOC,cf_std,3.3336024,Juruá-Purus moist forests,1.0,Tropical & Subtropical Moist Broadleaf Forests,Neotropic
418,Apple_irr_2030y_SOC,cf_std,,Kalaallit Nunaat High Arctic tundra,11.0,Tundra,Nearctic
47,Apple_irr_2030y_SOC,cf_std,,Kalahari Acacia woodlands,7.0,"Tropical & Subtropical Grasslands, Savannas & Shrublands",Afrotropic
97,Apple_irr_2030y_SOC,cf_std,2.3540046,Kalahari xeric savanna,13.0,Deserts & Xeric Shrublands,Afrotropic
713,Apple_irr_2030y_SOC,cf_std,,Kamchatka-Kurile meadows and sparse forests,6.0,Boreal Forests/Taiga,Palearctic
712,Apple_irr_2030y_SOC,cf_std,,Kamchatka taiga,6.0,Boreal Forests/Taiga,Palearctic
98,Apple_irr_2030y_SOC,cf_std,,Kaokoveld desert,13.0,Deserts & Xeric Shrublands,Afrotropic
754,Apple_irr_2030y_SOC,cf_std,4.6950216,Karakoram-West Tibetan Plateau alpine steppe,10.0,Montane Grasslands & Shrublands,Palearctic
237,Apple_irr_2030y_SOC,cf_std,,Kayah-Karen montane rain forests,1.0,Tropical & Subtropical Moist Broadleaf Forests,Indomalayan
731,Apple_irr_2030y_SOC,cf_std,,Kazakh forest steppe,8.0,"Temperate Grasslands, Savannas & Shrublands",Palearctic
828,Apple_irr_2030y_SOC,cf_std,,Kazakh semi-desert,13.0,Deserts & Xeric Shrublands,Palearctic
732,Apple_irr_2030y_SOC,cf_std,,Kazakh steppe,8.0,"Temperate Grasslands, Savannas & Shrublands",Palearctic
733,Apple_irr_2030y_SOC,cf_std,,Kazakh upland steppe,8.0,"Temperate Grasslands, Savannas & Shrublands",Palearctic
624,Apple_irr_2030y_SOC,cf_std,,Kermadec Islands subtropical moist forests,1.0,Tropical & Subtropical Moist Broadleaf Forests,Oceania
755,Apple_irr_2030y_SOC,cf_std,,Khangai Mountains alpine meadow,10.0,Montane Grasslands & Shrublands,Palearctic
700,Apple_irr_2030y_SOC,cf_std,,Khangai Mountains conifer forests,5.0,Temperate Conifer Forests,Palearctic
295,Apple_irr_2030y_SOC,cf_std,1.340846,Khathiar-Gir dry deciduous forests,2.0,Tropical & Subtropical Dry Broadleaf Forests,Indomalayan
186,Apple_irr_2030y_SOC,cf_std,7.2545,Kimberly tropical savanna,7.0,"Tropical & Subtropical Grasslands, Savannas & Shrublands",Australasia
357,Apple_irr_2030y_SOC,cf_std,8.670631,Klamath-Siskiyou forests,5.0,Temperate Conifer Forests,Nearctic
15,Apple_irr_2030y_SOC,cf_std,14.314373,Knysna-Amatole montane forests,1.0,Tropical & Subtropical Moist Broadleaf Forests,Afrotropic
774,Apple_irr_2030y_SOC,cf_std,,Kola Peninsula tundra,11.0,Tundra,Palearctic
829,Apple_irr_2030y_SOC,cf_std,,Kopet Dag semi-desert,13.0,Deserts & Xeric Shrublands,Palearctic
756,Apple_irr_2030y_SOC,cf_std,,Kopet Dag woodlands and forest steppe,10.0,Montane Grasslands & Shrublands,Palearctic
757,Apple_irr_2030y_SOC,cf_std,,Kuh Rud and Eastern Iran montane woodlands,10.0,Montane Grasslands & Shrublands,Palearctic
16,Apple_irr_2030y_SOC,cf_std,14.518272,Kwazulu Natal-Cape coastal forests,1.0,Tropical & Subtropical Moist Broadleaf Forests,Afrotropic
603,Apple_irr_2030y_SOC,cf_std,,La Costa xeric shrublands,13.0,Deserts & Xeric Shrublands,Neotropic
72,Apple_irr_2030y_SOC,cf_std,,Lake Chad flooded savanna,9.0,Flooded Grasslands & Savannas,Afrotropic
536,Apple_irr_2030y_SOC,cf_std,,Lara-Falcón dry forests,2.0,Tropical & Subtropical Dry Broadleaf Forests,Neotropic
475,Apple_irr_2030y_SOC,cf_std,,Leeward Islands moist forests,1.0,Tropical & Subtropical Moist Broadleaf Forests,Neotropic
163,Apple_irr_2030y_SOC,cf_std,,Lesser Sundas deciduous forests,2.0,Tropical & Subtropical Dry Broadleaf Forests,Australasia
48,Apple_irr_2030y_SOC,cf_std,7.277424,Limpopo lowveld,7.0,"Tropical & Subtropical Grasslands, Savannas & Shrublands",Afrotropic
572,Apple_irr_2030y_SOC,cf_std,2.2465472,Llanos,7.0,"Tropical & Subtropical Grasslands, Savannas & Shrublands",Neotropic
142,Apple_irr_2030y_SOC,cf_std,,Lord Howe Island subtropical forests,1.0,Tropical & Subtropical Moist Broadleaf Forests,Australasia
143,Apple_irr_2030y_SOC,cf_std,,Louisiade Archipelago rain forests,1.0,Tropical & Subtropical Moist Broadleaf Forests,Australasia
577,Apple_irr_2030y_SOC,cf_std,3.7773635,Low Monte,8.0,"Temperate Grasslands, Savannas & Shrublands",Neotropic
238,Apple_irr_2030y_SOC,cf_std,5.819711,Lower Gangetic Plains moist deciduous forests,1.0,Tropical & Subtropical Moist Broadleaf Forests,Indomalayan
239,Apple_irr_2030y_SOC,cf_std,,Luang Prabang montane rain forests,1.0,Tropical & Subtropical Moist Broadleaf Forests,Indomalayan
240,Apple_irr_2030y_SOC,cf_std,,Luzon montane rain forests,1.0,Tropical & Subtropical Moist Broadleaf Forests,Indomalayan
241,Apple_irr_2030y_SOC,cf_std,,Luzon rain forests,1.0,Tropical & Subtropical Moist Broadleaf Forests,Indomalayan
303,Apple_irr_2030y_SOC,cf_std,,Luzon tropical pine forests,3.0,Tropical & Subtropical Coniferous Forests,Indomalayan
32,Apple_irr_2030y_SOC,cf_std,7.050306,Madagascar dry deciduous forests,2.0,Tropical & Subtropical Dry Broadleaf Forests,Afrotropic
83,Apple_irr_2030y_SOC,cf_std,4.5112977,Madagascar ericoid thickets,10.0,Montane Grasslands & Shrublands,Afrotropic
17,Apple_irr_2030y_SOC,cf_std,10.809208,Madagascar humid forests,1.0,Tropical & Subtropical Moist Broadleaf Forests,Afrotropic
114,Apple_irr_2030y_SOC,cf_std,9.796928,Madagascar mangroves,14.0,Mangroves,Afrotropic
99,Apple_irr_2030y_SOC,cf_std,7.507041,Madagascar spiny thickets,13.0,Deserts & Xeric Shrublands,Afrotropic
18,Apple_irr_2030y_SOC,cf_std,7.4143934,Madagascar subhumid forests,1.0,Tropical & Subtropical Moist Broadleaf Forests,Afrotropic
100,Apple_irr_2030y_SOC,cf_std,5.1655746,Madagascar succulent woodlands,13.0,Deserts & Xeric Shrublands,Afrotropic
476,Apple_irr_2030y_SOC,cf_std,4.0600257,Madeira-Tapajós moist forests,1.0,Tropical & Subtropical Moist Broadleaf Forests,Neotropic
668,Apple_irr_2030y_SOC,cf_std,,Madeira evergreen forests,4.0,Temperate Broadleaf & Mixed Forests,Palearctic
478,Apple_irr_2030y_SOC,cf_std,4.5218463,Magdalena-Urabá moist forests,1.0,Tropical & Subtropical Moist Broadleaf Forests,Neotropic
538,Apple_irr_2030y_SOC,cf_std,6.570258,Magdalena Valley dry forests,2.0,Tropical & Subtropical Dry Broadleaf Forests,Neotropic
477,Apple_irr_2030y_SOC,cf_std,14.115599,Magdalena Valley montane forests,1.0,Tropical & Subtropical Moist Broadleaf Forests,Neotropic
561,Apple_irr_2030y_SOC,cf_std,,Magellanic subpolar forests,4.0,Temperate Broadleaf & Mixed Forests,Neotropic
73,Apple_irr_2030y_SOC,cf_std,,Makgadikgadi halophytics,9.0,Flooded Grasslands & Savannas,Afrotropic
242,Apple_irr_2030y_SOC,cf_std,15.679448,Malabar Coast moist forests,1.0,Tropical & Subtropical Moist Broadleaf Forests,Indomalayan
243,Apple_irr_2030y_SOC,cf_std,,Maldives-Lakshadweep-Chagos Archipelago tropical moist forests,1.0,Tropical & Subtropical Moist Broadleaf Forests,Indomalayan
604,Apple_irr_2030y_SOC,cf_std,,Malpelo Island xeric scrub,13.0,Deserts & Xeric Shrublands,Neotropic
669,Apple_irr_2030y_SOC,cf_std,,Manchurian mixed forests,4.0,Temperate Broadleaf & Mixed Forests,Palearctic
49,Apple_irr_2030y_SOC,cf_std,,Mandara Plateau woodlands,7.0,"Tropical & Subtropical Grasslands, Savannas & Shrublands",Afrotropic
19,Apple_irr_2030y_SOC,cf_std,15.6800995,Maputaland coastal forests and woodlands,1.0,Tropical & Subtropical Moist Broadleaf Forests,Afrotropic
539,Apple_irr_2030y_SOC,cf_std,,Maracaibo dry forests,2.0,Tropical & Subtropical Dry Broadleaf Forests,Neotropic
480,Apple_irr_2030y_SOC,cf_std,13.003486,Marajó várzea,1.0,Tropical & Subtropical Moist Broadleaf Forests,Neotropic
540,Apple_irr_2030y_SOC,cf_std,2.9921064,Maranhão Babaçu forests,2.0,Tropical & Subtropical Dry Broadleaf Forests,Neotropic
479,Apple_irr_2030y_SOC,cf_std,5.42352,Marañón dry forests,1.0,Tropical & Subtropical Moist Broadleaf Forests,Neotropic
637,Apple_irr_2030y_SOC,cf_std,,Marianas tropical dry forests,2.0,Tropical & Subtropical Dry Broadleaf Forests,Oceania
625,Apple_irr_2030y_SOC,cf_std,,Marquesas tropical moist forests,1.0,Tropical & Subtropical Moist Broadleaf Forests,Oceania
50,Apple_irr_2030y_SOC,cf_std,3.3419187,Masai xeric grasslands and shrublands,7.0,"Tropical & Subtropical Grasslands, Savannas & Shrublands",Afrotropic
20,Apple_irr_2030y_SOC,cf_std,,Mascarene forests,1.0,Tropical & Subtropical Moist Broadleaf Forests,Afrotropic
481,Apple_irr_2030y_SOC,cf_std,3.9268968,Mato Grosso tropical dry forests,1.0,Tropical & Subtropical Moist Broadleaf Forests,Neotropic
796,Apple_irr_2030y_SOC,cf_std,4.1000853,Mediterranean Acacia-Argania dry woodlands and succulent thickets,12.0,"Mediterranean Forests, Woodlands & Scrub",Palearctic
701,Apple_irr_2030y_SOC,cf_std,9.066203,Mediterranean conifer and mixed forests,5.0,Temperate Conifer Forests,Palearctic
797,Apple_irr_2030y_SOC,cf_std,3.9532428,Mediterranean dry woodlands and steppe,12.0,"Mediterranean Forests, Woodlands & Scrub",Palearctic
758,Apple_irr_2030y_SOC,cf_std,2.6483798,Mediterranean High Atlas juniper steppe,10.0,Montane Grasslands & Shrublands,Palearctic
798,Apple_irr_2030y_SOC,cf_std,9.777799,Mediterranean woodlands and forests,12.0,"Mediterranean Forests, Woodlands & Scrub",Palearctic
244,Apple_irr_2030y_SOC,cf_std,5.2598667,Meghalaya subtropical forests,1.0,Tropical & Subtropical Moist Broadleaf Forests,Indomalayan
245,Apple_irr_2030y_SOC,cf_std,,Mentawai Islands rain forests,1.0,Tropical & Subtropical Moist Broadleaf Forests,Indomalayan
432,Apple_irr_2030y_SOC,cf_std,4.9875064,Meseta Central matorral,13.0,Deserts & Xeric Shrublands,Nearctic
613,Apple_irr_2030y_SOC,cf_std,20.461843,Mesoamerican Gulf-Caribbean mangroves,14.0,Mangroves,Neotropic
830,Apple_irr_2030y_SOC,cf_std,5.0039525,Mesopotamian shrub desert,13.0,Deserts & Xeric Shrublands,Palearctic
376,Apple_irr_2030y_SOC,cf_std,,Mid-Canada Boreal Plains forests,6.0,Boreal Forests/Taiga,Nearctic
414,Apple_irr_2030y_SOC,cf_std,,Canadian Middle Arctic Tundra,11.0,Tundra,Nearctic
393,Apple_irr_2030y_SOC,cf_std,14.7036705,Mid-Atlantic US coastal savannas,8.0,"Temperate Grasslands, Savannas & Shrublands",Nearctic
377,Apple_irr_2030y_SOC,cf_std,,Midwest Canadian Shield forests,6.0,Boreal Forests/Taiga,Nearctic
247,Apple_irr_2030y_SOC,cf_std,,Mindanao-Eastern Visayas rain forests,1.0,Tropical & Subtropical Moist Broadleaf Forests,Indomalayan
246,Apple_irr_2030y_SOC,cf_std,,Mindanao montane rain forests,1.0,Tropical & Subtropical Moist Broadleaf Forests,Indomalayan
248,Apple_irr_2030y_SOC,cf_std,,Mindoro rain forests,1.0,Tropical & Subtropical Moist Broadleaf Forests,Indomalayan
573,Apple_irr_2030y_SOC,cf_std,10.723067,Miskito pine forests,7.0,"Tropical & Subtropical Grasslands, Savannas & Shrublands",Neotropic
337,Apple_irr_2030y_SOC,cf_std,21.59941,Mississippi lowland forests,4.0,Temperate Broadleaf & Mixed Forests,Nearctic
187,Apple_irr_2030y_SOC,cf_std,3.3695965,Mitchell Grass Downs,7.0,"Tropical & Subtropical Grasslands, Savannas & Shrublands",Australasia
249,Apple_irr_2030y_SOC,cf_std,3.6282248,Mizoram-Manipur-Kachin rain forests,1.0,Tropical & Subtropical Moist Broadleaf Forests,Indomalayan
433,Apple_irr_2030y_SOC,cf_std,5.1432295,Mojave desert,13.0,Deserts & Xeric Shrublands,Nearctic
734,Apple_irr_2030y_SOC,cf_std,,Mongolian-Manchurian grassland,8.0,"Temperate Grasslands, Savannas & Shrublands",Palearctic
394,Apple_irr_2030y_SOC,cf_std,4.3860226,Montana Valley and Foothill grasslands,8.0,"Temperate Grasslands, Savannas & Shrublands",Nearctic
482,Apple_irr_2030y_SOC,cf_std,2.9793952,Monte Alegre várzea,1.0,Tropical & Subtropical Moist Broadleaf Forests,Neotropic
605,Apple_irr_2030y_SOC,cf_std,4.47079,Motagua Valley thornscrub,13.0,Deserts & Xeric Shrublands,Neotropic
21,Apple_irr_2030y_SOC,cf_std,,Mount Cameroon and Bioko montane forests,1.0,Tropical & Subtropical Moist Broadleaf Forests,Afrotropic
84,Apple_irr_2030y_SOC,cf_std,,Mulanje Montane forest-grassland,10.0,Montane Grasslands & Shrublands,Afrotropic
203,Apple_irr_2030y_SOC,cf_std,10.28243,Murray-Darling woodlands and mallee,12.0,"Mediterranean Forests, Woodlands & Scrub",Australasia
378,Apple_irr_2030y_SOC,cf_std,,Muskwa-Slave Lake taiga,6.0,Boreal Forests/Taiga,Nearctic
321,Apple_irr_2030y_SOC,cf_std,,Myanmar Coast mangroves,14.0,Mangroves,Indomalayan
250,Apple_irr_2030y_SOC,cf_std,,Myanmar coastal rain forests,1.0,Tropical & Subtropical Moist Broadleaf Forests,Indomalayan
101,Apple_irr_2030y_SOC,cf_std,3.7908566,Nama Karoo shrublands,13.0,Deserts & Xeric Shrublands,Afrotropic
102,Apple_irr_2030y_SOC,cf_std,,Namaqualand-Richtersveld steppe,13.0,Deserts & Xeric Shrublands,Afrotropic
103,Apple_irr_2030y_SOC,cf_std,,Namib Desert,13.0,Deserts & Xeric Shrublands,Afrotropic
104,Apple_irr_2030y_SOC,cf_std,,Namibian savanna woodlands,13.0,Deserts & Xeric Shrublands,Afrotropic
251,Apple_irr_2030y_SOC,cf_std,5.8230658,Nansei Islands subtropical evergreen forests,1.0,Tropical & Subtropical Moist Broadleaf Forests,Indomalayan
483,Apple_irr_2030y_SOC,cf_std,3.15452,Napo moist forests,1.0,Tropical & Subtropical Moist Broadleaf Forests,Neotropic
204,Apple_irr_2030y_SOC,cf_std,23.438034,Naracoorte woodlands,12.0,"Mediterranean Forests, Woodlands & Scrub",Australasia
296,Apple_irr_2030y_SOC,cf_std,2.7211022,Narmada Valley dry deciduous forests,2.0,Tropical & Subtropical Dry Broadleaf Forests,Indomalayan
395,Apple_irr_2030y_SOC,cf_std,,Nebraska Sand Hills mixed grasslands,8.0,"Temperate Grasslands, Savannas & Shrublands",Nearctic
484,Apple_irr_2030y_SOC,cf_std,2.736604,Negro-Branco moist forests,1.0,Tropical & Subtropical Moist Broadleaf Forests,Neotropic
170,Apple_irr_2030y_SOC,cf_std,0.87058663,Nelson Coast temperate forests,4.0,Temperate Broadleaf & Mixed Forests,Australasia
743,Apple_irr_2030y_SOC,cf_std,,Nenjiang River grassland,9.0,Flooded Grasslands & Savannas,Palearctic
144,Apple_irr_2030y_SOC,cf_std,,New Britain-New Ireland lowland rain forests,1.0,Tropical & Subtropical Moist Broadleaf Forests,Australasia
145,Apple_irr_2030y_SOC,cf_std,,New Britain-New Ireland montane rain forests,1.0,Tropical & Subtropical Moist Broadleaf Forests,Australasia
164,Apple_irr_2030y_SOC,cf_std,,New Caledonia dry forests,2.0,Tropical & Subtropical Dry Broadleaf Forests,Australasia
146,Apple_irr_2030y_SOC,cf_std,,New Caledonia rain forests,1.0,Tropical & Subtropical Moist Broadleaf Forests,Australasia
338,Apple_irr_2030y_SOC,cf_std,,New England-Acadian forests,4.0,Temperate Broadleaf & Mixed Forests,Nearctic
217,Apple_irr_2030y_SOC,cf_std,,New Guinea mangroves,14.0,Mangroves,Australasia
252,Apple_irr_2030y_SOC,cf_std,4.4491415,Nicobar Islands rain forests,1.0,Tropical & Subtropical Moist Broadleaf Forests,Indomalayan
22,Apple_irr_2030y_SOC,cf_std,,Niger Delta swamp forests,1.0,Tropical & Subtropical Moist Broadleaf Forests,Afrotropic
23,Apple_irr_2030y_SOC,cf_std,,Nigerian lowland forests,1.0,Tropical & Subtropical Moist Broadleaf Forests,Afrotropic
670,Apple_irr_2030y_SOC,cf_std,,Nihonkai evergreen forests,4.0,Temperate Broadleaf & Mixed Forests,Palearctic
671,Apple_irr_2030y_SOC,cf_std,0.0,Nihonkai montane deciduous forests,4.0,Temperate Broadleaf & Mixed Forests,Palearctic
744,Apple_irr_2030y_SOC,cf_std,,Nile Delta flooded savanna,9.0,Flooded Grasslands & Savannas,Palearctic
147,Apple_irr_2030y_SOC,cf_std,,Norfolk Island subtropical forests,1.0,Tropical & Subtropical Moist Broadleaf Forests,Australasia
126,Apple_irr_2030y_SOC,cf_std,,Northeast Antarctic Peninsula tundra,11.0,Tundra,Antarctica
127,Apple_irr_2030y_SOC,cf_std,,Northwest Antarctic Peninsula tundra,11.0,Tundra,Antarctica
831,Apple_irr_2030y_SOC,cf_std,,North Arabian desert,13.0,Deserts & Xeric Shrublands,Palearctic
832,Apple_irr_2030y_SOC,cf_std,,North Arabian highland shrublands,13.0,Deserts & Xeric Shrublands,Palearctic
171,Apple_irr_2030y_SOC,cf_std,10.610654,New Zealand North Island temperate forests,4.0,Temperate Broadleaf & Mixed Forests,Australasia
833,Apple_irr_2030y_SOC,cf_std,3.314754,North Saharan Xeric Steppe and Woodland,13.0,Deserts & Xeric Shrublands,Palearctic
106,Apple_irr_2030y_SOC,cf_std,,Somali montane xeric woodlands,13.0,Deserts & Xeric Shrublands,Afrotropic
759,Apple_irr_2030y_SOC,cf_std,4.2890186,North Tibetan Plateau-Kunlun Mountains alpine desert,10.0,Montane Grasslands & Shrublands,Palearctic
125,Apple_irr_2030y_SOC,cf_std,,North Victoria Land tundra,11.0,Tundra,Antarctica
253,Apple_irr_2030y_SOC,cf_std,8.041419,North Western Ghats moist deciduous forests,1.0,Tropical & Subtropical Moist Broadleaf Forests,Indomalayan
254,Apple_irr_2030y_SOC,cf_std,7.845016,North Western Ghats montane rain forests,1.0,Tropical & Subtropical Moist Broadleaf Forests,Indomalayan
673,Apple_irr_2030y_SOC,cf_std,,Northeast China Plain deciduous forests,4.0,Temperate Broadleaf & Mixed Forests,Palearctic
304,Apple_irr_2030y_SOC,cf_std,2.38978,Northeast India-Myanmar pine forests,3.0,Tropical & Subtropical Coniferous Forests,Indomalayan
775,Apple_irr_2030y_SOC,cf_std,,Northeast Siberian coastal tundra,11.0,Tundra,Palearctic
714,Apple_irr_2030y_SOC,cf_std,,Northeast Siberian taiga,6.0,Boreal Forests/Taiga,Palearctic
485,Apple_irr_2030y_SOC,cf_std,13.44879,Northeast Brazil restingas,1.0,Tropical & Subtropical Moist Broadleaf Forests,Neotropic
24,Apple_irr_2030y_SOC,cf_std,,Northeast Congolian lowland forests,1.0,Tropical & Subtropical Moist Broadleaf Forests,Afrotropic
702,Apple_irr_2030y_SOC,cf_std,8.327257,Northeast Himalayan subalpine conifer forests,5.0,Temperate Conifer Forests,Palearctic
799,Apple_irr_2030y_SOC,cf_std,10.421487,Northeast Spain and Southern France Mediterranean forests,12.0,"Mediterranean Forests, Woodlands & Scrub",Palearctic
339,Apple_irr_2030y_SOC,cf_std,,Northeast US Coastal forests,4.0,Temperate Broadleaf & Mixed Forests,Nearctic
51,Apple_irr_2030y_SOC,cf_std,6.727075,Northern Acacia-Commiphora bushlands and thickets,7.0,"Tropical & Subtropical Grasslands, Savannas & Shrublands",Afrotropic
703,Apple_irr_2030y_SOC,cf_std,,Northern Anatolian conifer and deciduous forests,5.0,Temperate Conifer Forests,Palearctic
593,Apple_irr_2030y_SOC,cf_std,7.4160094,Northern Andean páramo,10.0,Montane Grasslands & Shrublands,Neotropic
255,Apple_irr_2030y_SOC,cf_std,,Northern Annamites rain forests,1.0,Tropical & Subtropical Moist Broadleaf Forests,Indomalayan
359,Apple_irr_2030y_SOC,cf_std,19.407978,Northern California coastal forests,5.0,Temperate Conifer Forests,Nearctic
379,Apple_irr_2030y_SOC,cf_std,,Northern Canadian Shield taiga,6.0,Boreal Forests/Taiga,Nearctic
52,Apple_irr_2030y_SOC,cf_std,,Northern Congolian Forest-Savanna,7.0,"Tropical & Subtropical Grasslands, Savannas & Shrublands",Afrotropic
297,Apple_irr_2030y_SOC,cf_std,2.5917912,North Deccan dry deciduous forests,2.0,Tropical & Subtropical Dry Broadleaf Forests,Indomalayan
256,Apple_irr_2030y_SOC,cf_std,4.6578574,Northern Indochina subtropical forests,1.0,Tropical & Subtropical Moist Broadleaf Forests,Indomalayan
257,Apple_irr_2030y_SOC,cf_std,,Northern Khorat Plateau moist deciduous forests,1.0,Tropical & Subtropical Moist Broadleaf Forests,Indomalayan
614,Apple_irr_2030y_SOC,cf_std,14.139875,Northern Mesoamerican Pacific mangroves,14.0,Mangroves,Neotropic
148,Apple_irr_2030y_SOC,cf_std,,Northern New Guinea lowland rain and freshwater swamp forests,1.0,Tropical & Subtropical Moist Broadleaf Forests,Australasia
149,Apple_irr_2030y_SOC,cf_std,,Northern New Guinea montane rain forests,1.0,Tropical & Subtropical Moist Broadleaf Forests,Australasia
396,Apple_irr_2030y_SOC,cf_std,4.650512,Northern Shortgrass prairie,8.0,"Temperate Grasslands, Savannas & Shrublands",Nearctic
25,Apple_irr_2030y_SOC,cf_std,11.553091,Northern Swahili coastal forests,1.0,Tropical & Subtropical Moist Broadleaf Forests,Afrotropic
397,Apple_irr_2030y_SOC,cf_std,,Northern Tallgrass prairie,8.0,"Temperate Grasslands, Savannas & Shrublands",Nearctic
258,Apple_irr_2030y_SOC,cf_std,,Northern Thailand-Laos moist deciduous forests,1.0,Tropical & Subtropical Moist Broadleaf Forests,Indomalayan
259,Apple_irr_2030y_SOC,cf_std,3.8307598,Northern Triangle subtropical forests,1.0,Tropical & Subtropical Moist Broadleaf Forests,Indomalayan
307,Apple_irr_2030y_SOC,cf_std,5.6170673,Northern Triangle temperate forests,4.0,Temperate Broadleaf & Mixed Forests,Indomalayan
260,Apple_irr_2030y_SOC,cf_std,,Northern Vietnam lowland rain forests,1.0,Tropical & Subtropical Moist Broadleaf Forests,Indomalayan
173,Apple_irr_2030y_SOC,cf_std,15.905118,Northland temperate kauri forests,4.0,Temperate Broadleaf & Mixed Forests,Australasia
800,Apple_irr_2030y_SOC,cf_std,8.6216755,Northwest Iberian montane forests,12.0,"Mediterranean Forests, Woodlands & Scrub",Palearctic
776,Apple_irr_2030y_SOC,cf_std,,Northwest Russian-Novaya Zemlya tundra,11.0,Tundra,Palearctic
486,Apple_irr_2030y_SOC,cf_std,14.355904,Northwest Andean montane forests,1.0,Tropical & Subtropical Moist Broadleaf Forests,Neotropic
26,Apple_irr_2030y_SOC,cf_std,,Northwest Congolian lowland forests,1.0,Tropical & Subtropical Moist Broadleaf Forests,Afrotropic
641,Apple_irr_2030y_SOC,cf_std,,Northwest Hawai'i scrub,7.0,"Tropical & Subtropical Grasslands, Savannas & Shrublands",Oceania
760,Apple_irr_2030y_SOC,cf_std,5.1493616,Northwestern Himalayan alpine shrub and meadows,10.0,Montane Grasslands & Shrublands,Palearctic
314,Apple_irr_2030y_SOC,cf_std,4.4852514,Aravalli west thorn scrub forests,13.0,Deserts & Xeric Shrublands,Indomalayan
777,Apple_irr_2030y_SOC,cf_std,,Novosibirsk Islands Arctic desert,11.0,Tundra,Palearctic
704,Apple_irr_2030y_SOC,cf_std,11.61154,Nujiang Langcang Gorge alpine conifer and mixed forests,5.0,Temperate Conifer Forests,Palearctic
212,Apple_irr_2030y_SOC,cf_std,4.652692,Nullarbor Plains xeric shrublands,13.0,Deserts & Xeric Shrublands,Australasia
85,Apple_irr_2030y_SOC,cf_std,4.150488,Nyanga-Chimanimani Montane forest-grassland,10.0,Montane Grasslands & Shrublands,Afrotropic
487,Apple_irr_2030y_SOC,cf_std,5.5327077,Oaxacan montane forests,1.0,Tropical & Subtropical Moist Broadleaf Forests,Neotropic
626,Apple_irr_2030y_SOC,cf_std,,Ogasawara subtropical moist forests,1.0,Tropical & Subtropical Moist Broadleaf Forests,Oceania
419,Apple_irr_2030y_SOC,cf_std,,Ogilvie-MacKenzie alpine tundra,11.0,Tundra,Nearctic
362,Apple_irr_2030y_SOC,cf_std,,Okanogan dry forests,5.0,Temperate Conifer Forests,Nearctic
715,Apple_irr_2030y_SOC,cf_std,,Okhotsk-Manchurian taiga,6.0,Boreal Forests/Taiga,Palearctic
761,Apple_irr_2030y_SOC,cf_std,4.357945,Ordos Plateau steppe,10.0,Montane Grasslands & Shrublands,Palearctic
488,Apple_irr_2030y_SOC,cf_std,,Orinoco Delta swamp forests,1.0,Tropical & Subtropical Moist Broadleaf Forests,Neotropic
583,Apple_irr_2030y_SOC,cf_std,,Orinoco wetlands,9.0,Flooded Grasslands & Savannas,Neotropic
261,Apple_irr_2030y_SOC,cf_std,13.1655655,Orissa semi-evergreen forests,1.0,Tropical & Subtropical Moist Broadleaf Forests,Indomalayan
340,Apple_irr_2030y_SOC,cf_std,,Ozark Highlands mixed forests,4.0,Temperate Broadleaf & Mixed Forests,Nearctic
341,Apple_irr_2030y_SOC,cf_std,3.280122,Ozark Mountain forests,4.0,Temperate Broadleaf & Mixed Forests,Nearctic
420,Apple_irr_2030y_SOC,cf_std,,Pacific Coastal Mountain icefields and tundra,11.0,Tundra,Nearctic
627,Apple_irr_2030y_SOC,cf_std,,Palau tropical moist forests,1.0,Tropical & Subtropical Moist Broadleaf Forests,Oceania
262,Apple_irr_2030y_SOC,cf_std,,Palawan rain forests,1.0,Tropical & Subtropical Moist Broadleaf Forests,Indomalayan
398,Apple_irr_2030y_SOC,cf_std,,Palouse prairie,8.0,"Temperate Grasslands, Savannas & Shrublands",Nearctic
762,Apple_irr_2030y_SOC,cf_std,,Pamir alpine desert and tundra,10.0,Montane Grasslands & Shrublands,Palearctic
541,Apple_irr_2030y_SOC,cf_std,,Panamanian dry forests,2.0,Tropical & Subtropical Dry Broadleaf Forests,Neotropic
674,Apple_irr_2030y_SOC,cf_std,,Pannonian mixed forests,4.0,Temperate Broadleaf & Mixed Forests,Palearctic
584,Apple_irr_2030y_SOC,cf_std,3.0236964,Pantanal,9.0,Flooded Grasslands & Savannas,Neotropic
489,Apple_irr_2030y_SOC,cf_std,11.566793,Pantanos de Centla,1.0,Tropical & Subtropical Moist Broadleaf Forests,Neotropic
490,Apple_irr_2030y_SOC,cf_std,8.215915,Pantepui forests & shrublands,1.0,Tropical & Subtropical Moist Broadleaf Forests,Neotropic
606,Apple_irr_2030y_SOC,cf_std,,Paraguaná xeric scrub,13.0,Deserts & Xeric Shrublands,Neotropic
585,Apple_irr_2030y_SOC,cf_std,9.261917,Paraná flooded savanna,9.0,Flooded Grasslands & Savannas,Neotropic
834,Apple_irr_2030y_SOC,cf_std,,Paropamisus xeric woodlands,13.0,Deserts & Xeric Shrublands,Palearctic
578,Apple_irr_2030y_SOC,cf_std,9.798201,Patagonian steppe,8.0,"Temperate Grasslands, Savannas & Shrublands",Neotropic
542,Apple_irr_2030y_SOC,cf_std,6.816402,Patía valley dry forests,2.0,Tropical & Subtropical Dry Broadleaf Forests,Neotropic
263,Apple_irr_2030y_SOC,cf_std,,Peninsular Malaysian montane rain forests,1.0,Tropical & Subtropical Moist Broadleaf Forests,Indomalayan
264,Apple_irr_2030y_SOC,cf_std,,Peninsular Malaysian peat swamp forests,1.0,Tropical & Subtropical Moist Broadleaf Forests,Indomalayan
265,Apple_irr_2030y_SOC,cf_std,,Peninsular Malaysian rain forests,1.0,Tropical & Subtropical Moist Broadleaf Forests,Indomalayan
491,Apple_irr_2030y_SOC,cf_std,14.281498,Pernambuco coastal forests,1.0,Tropical & Subtropical Moist Broadleaf Forests,Neotropic
492,Apple_irr_2030y_SOC,cf_std,9.146287,Pernambuco interior forests,1.0,Tropical & Subtropical Moist Broadleaf Forests,Neotropic
493,Apple_irr_2030y_SOC,cf_std,8.295949,Peruvian Yungas,1.0,Tropical & Subtropical Moist Broadleaf Forests,Neotropic
494,Apple_irr_2030y_SOC,cf_std,7.4467807,Petén-Veracruz moist forests,1.0,Tropical & Subtropical Moist Broadleaf Forests,Neotropic
213,Apple_irr_2030y_SOC,cf_std,8.154807,Pilbara shrublands,13.0,Deserts & Xeric Shrublands,Australasia
801,Apple_irr_2030y_SOC,cf_std,7.837698,Pindus Mountains mixed forests,12.0,"Mediterranean Forests, Woodlands & Scrub",Palearctic
363,Apple_irr_2030y_SOC,cf_std,2.9148092,Piney Woods,5.0,Temperate Conifer Forests,Nearctic
675,Apple_irr_2030y_SOC,cf_std,2.9398797,Po Basin mixed forests,4.0,Temperate Broadleaf & Mixed Forests,Palearctic
735,Apple_irr_2030y_SOC,cf_std,,Pontic steppe,8.0,"Temperate Grasslands, Savannas & Shrublands",Palearctic
128,Apple_irr_2030y_SOC,cf_std,,Prince Charles Mountains tundra,11.0,Tundra,Antarctica
543,Apple_irr_2030y_SOC,cf_std,,Puerto Rican dry forests,2.0,Tropical & Subtropical Dry Broadleaf Forests,Neotropic
495,Apple_irr_2030y_SOC,cf_std,,Puerto Rican moist forests,1.0,Tropical & Subtropical Moist Broadleaf Forests,Neotropic
364,Apple_irr_2030y_SOC,cf_std,,Puget lowland forests,5.0,Temperate Conifer Forests,Nearctic
497,Apple_irr_2030y_SOC,cf_std,3.3985143,Purus-Madeira moist forests,1.0,Tropical & Subtropical Moist Broadleaf Forests,Neotropic
496,Apple_irr_2030y_SOC,cf_std,3.8054137,Purus várzea,1.0,Tropical & Subtropical Moist Broadleaf Forests,Neotropic
676,Apple_irr_2030y_SOC,cf_std,9.378241,Pyrenees conifer and mixed forests,4.0,Temperate Broadleaf & Mixed Forests,Palearctic
835,Apple_irr_2030y_SOC,cf_std,,Qaidam Basin semi-desert,13.0,Deserts & Xeric Shrublands,Palearctic
705,Apple_irr_2030y_SOC,cf_std,9.318881,Qilian Mountains conifer forests,5.0,Temperate Conifer Forests,Palearctic
763,Apple_irr_2030y_SOC,cf_std,,Qilian Mountains subalpine meadows,10.0,Montane Grasslands & Shrublands,Palearctic
677,Apple_irr_2030y_SOC,cf_std,8.890468,Qin Ling Mountains deciduous forests,4.0,Temperate Broadleaf & Mixed Forests,Palearctic
706,Apple_irr_2030y_SOC,cf_std,18.218922,Qionglai-Minshan conifer forests,5.0,Temperate Conifer Forests,Palearctic
150,Apple_irr_2030y_SOC,cf_std,17.493244,Queensland tropical rain forests,1.0,Tropical & Subtropical Moist Broadleaf Forests,Australasia
174,Apple_irr_2030y_SOC,cf_std,,Rakiura Island temperate forests,4.0,Temperate Broadleaf & Mixed Forests,Australasia
312,Apple_irr_2030y_SOC,cf_std,2.9540386,Rann of Kutch seasonal salt marsh,9.0,Flooded Grasslands & Savannas,Indomalayan
628,Apple_irr_2030y_SOC,cf_std,,Rapa Nui and Sala y Gómez subtropical forests,1.0,Tropical & Subtropical Moist Broadleaf Forests,Oceania
266,Apple_irr_2030y_SOC,cf_std,,Red River freshwater swamp forests,1.0,Tropical & Subtropical Moist Broadleaf Forests,Indomalayan
837,Apple_irr_2030y_SOC,cf_std,5.7050176,Red Sea-Arabian Desert shrublands,13.0,Deserts & Xeric Shrublands,Palearctic
836,Apple_irr_2030y_SOC,cf_std,,Red Sea coastal desert,13.0,Deserts & Xeric Shrublands,Palearctic
115,Apple_irr_2030y_SOC,cf_std,,Red Sea mangroves,14.0,Mangroves,Afrotropic
838,Apple_irr_2030y_SOC,cf_std,,Registan-North Pakistan sandy desert,13.0,Deserts & Xeric Shrublands,Palearctic
90,Apple_irr_2030y_SOC,cf_std,10.256774,Renosterveld shrubland,12.0,"Mediterranean Forests, Woodlands & Scrub",Afrotropic
175,Apple_irr_2030y_SOC,cf_std,8.842421,Richmond temperate forests,4.0,Temperate Broadleaf & Mixed Forests,Australasia
498,Apple_irr_2030y_SOC,cf_std,3.410266,Rio Negro campinarana,1.0,Tropical & Subtropical Moist Broadleaf Forests,Neotropic
678,Apple_irr_2030y_SOC,cf_std,,Rodope montane mixed forests,4.0,Temperate Broadleaf & Mixed Forests,Palearctic
86,Apple_irr_2030y_SOC,cf_std,,Rwenzori-Virunga montane moorlands,10.0,Montane Grasslands & Shrublands,Afrotropic
745,Apple_irr_2030y_SOC,cf_std,1.4074963,Saharan halophytics,9.0,Flooded Grasslands & Savannas,Palearctic
53,Apple_irr_2030y_SOC,cf_std,,Sahelian Acacia savanna,7.0,"Tropical & Subtropical Grasslands, Savannas & Shrublands",Afrotropic
716,Apple_irr_2030y_SOC,cf_std,,Sakhalin Island taiga,6.0,Boreal Forests/Taiga,Palearctic
629,Apple_irr_2030y_SOC,cf_std,,Samoan tropical moist forests,1.0,Tropical & Subtropical Moist Broadleaf Forests,Oceania
562,Apple_irr_2030y_SOC,cf_std,,San Félix-San Ambrosio Islands temperate forests,4.0,Temperate Broadleaf & Mixed Forests,Neotropic
607,Apple_irr_2030y_SOC,cf_std,4.8212175,San Lucan xeric scrub,13.0,Deserts & Xeric Shrublands,Neotropic
425,Apple_irr_2030y_SOC,cf_std,15.22991,Santa Lucia Montane Chaparral & Woodlands,12.0,"Mediterranean Forests, Woodlands & Scrub",Nearctic
499,Apple_irr_2030y_SOC,cf_std,17.415024,Santa Marta montane forests,1.0,Tropical & Subtropical Moist Broadleaf Forests,Neotropic
594,Apple_irr_2030y_SOC,cf_std,1.655601,Santa Marta páramo,10.0,Montane Grasslands & Shrublands,Neotropic
27,Apple_irr_2030y_SOC,cf_std,,"São Tomé, Príncipe, and Annobón forests",1.0,Tropical & Subtropical Moist Broadleaf Forests,Afrotropic
679,Apple_irr_2030y_SOC,cf_std,,Sarmatic mixed forests,4.0,Temperate Broadleaf & Mixed Forests,Palearctic
764,Apple_irr_2030y_SOC,cf_std,,Sayan alpine meadows and tundra,10.0,Montane Grasslands & Shrublands,Palearctic
736,Apple_irr_2030y_SOC,cf_std,,Sayan Intermontane steppe,8.0,"Temperate Grasslands, Savannas & Shrublands",Palearctic
707,Apple_irr_2030y_SOC,cf_std,,Sayan montane conifer forests,5.0,Temperate Conifer Forests,Palearctic
717,Apple_irr_2030y_SOC,cf_std,,Scandinavian and Russian taiga,6.0,Boreal Forests/Taiga,Palearctic
708,Apple_irr_2030y_SOC,cf_std,,Scandinavian coastal conifer forests,5.0,Temperate Conifer Forests,Palearctic
780,Apple_irr_2030y_SOC,cf_std,,Scandinavian Montane Birch forest and grasslands,11.0,Tundra,Palearctic
129,Apple_irr_2030y_SOC,cf_std,,Scotia Sea Islands tundra,11.0,Tundra,Antarctica
608,Apple_irr_2030y_SOC,cf_std,9.446113,Sechura desert,13.0,Deserts & Xeric Shrublands,Neotropic
737,Apple_irr_2030y_SOC,cf_std,,Selenge-Orkhon forest steppe,8.0,"Temperate Grasslands, Savannas & Shrublands",Palearctic
151,Apple_irr_2030y_SOC,cf_std,,Seram rain forests,1.0,Tropical & Subtropical Moist Broadleaf Forests,Australasia
54,Apple_irr_2030y_SOC,cf_std,,Serengeti volcanic grasslands,7.0,"Tropical & Subtropical Grasslands, Savannas & Shrublands",Afrotropic
500,Apple_irr_2030y_SOC,cf_std,14.599533,Serra do Mar coastal forests,1.0,Tropical & Subtropical Moist Broadleaf Forests,Neotropic
680,Apple_irr_2030y_SOC,cf_std,3.1924474,Sichuan Basin evergreen broadleaf forests,4.0,Temperate Broadleaf & Mixed Forests,Palearctic
544,Apple_irr_2030y_SOC,cf_std,5.981295,Sierra de la Laguna dry forests,2.0,Tropical & Subtropical Dry Broadleaf Forests,Neotropic
556,Apple_irr_2030y_SOC,cf_std,4.3226457,Sierra de la Laguna pine-oak forests,3.0,Tropical & Subtropical Coniferous Forests,Neotropic
501,Apple_irr_2030y_SOC,cf_std,18.430473,Sierra de los Tuxtlas,1.0,Tropical & Subtropical Moist Broadleaf Forests,Neotropic
502,Apple_irr_2030y_SOC,cf_std,11.978793,Sierra Madre de Chiapas moist forests,1.0,Tropical & Subtropical Moist Broadleaf Forests,Neotropic
557,Apple_irr_2030y_SOC,cf_std,6.912037,Sierra Madre de Oaxaca pine-oak forests,3.0,Tropical & Subtropical Coniferous Forests,Neotropic
558,Apple_irr_2030y_SOC,cf_std,7.4284177,Sierra Madre del Sur pine-oak forests,3.0,Tropical & Subtropical Coniferous Forests,Neotropic
326,Apple_irr_2030y_SOC,cf_std,4.5663195,Sierra Madre Occidental pine-oak forests,3.0,Tropical & Subtropical Coniferous Forests,Nearctic
327,Apple_irr_2030y_SOC,cf_std,6.5537996,Sierra Madre Oriental pine-oak forests,3.0,Tropical & Subtropical Coniferous Forests,Nearctic
366,Apple_irr_2030y_SOC,cf_std,10.286243,Sierra Nevada forests,5.0,Temperate Conifer Forests,Nearctic
214,Apple_irr_2030y_SOC,cf_std,2.447677,Simpson desert,13.0,Deserts & Xeric Shrublands,Australasia
545,Apple_irr_2030y_SOC,cf_std,6.706316,Sinaloan dry forests,2.0,Tropical & Subtropical Dry Broadleaf Forests,Neotropic
546,Apple_irr_2030y_SOC,cf_std,13.119255,Sinú Valley dry forests,2.0,Tropical & Subtropical Dry Broadleaf Forests,Neotropic
434,Apple_irr_2030y_SOC,cf_std,6.8056526,Snake-Columbia shrub steppe,13.0,Deserts & Xeric Shrublands,Nearctic
630,Apple_irr_2030y_SOC,cf_std,,Society Islands tropical moist forests,1.0,Tropical & Subtropical Moist Broadleaf Forests,Oceania
105,Apple_irr_2030y_SOC,cf_std,,Socotra Island xeric shrublands,13.0,Deserts & Xeric Shrublands,Afrotropic
503,Apple_irr_2030y_SOC,cf_std,1.953545,Solimões-Japurá moist forests,1.0,Tropical & Subtropical Moist Broadleaf Forests,Neotropic
152,Apple_irr_2030y_SOC,cf_std,,Solomon Islands rain forests,1.0,Tropical & Subtropical Moist Broadleaf Forests,Australasia
55,Apple_irr_2030y_SOC,cf_std,2.6025932,Somali Acacia-Commiphora bushlands and thickets,7.0,"Tropical & Subtropical Grasslands, Savannas & Shrublands",Afrotropic
324,Apple_irr_2030y_SOC,cf_std,7.778779,Sonoran-Sinaloan subtropical dry forest,2.0,Tropical & Subtropical Dry Broadleaf Forests,Nearctic
435,Apple_irr_2030y_SOC,cf_std,4.48619,Sonoran desert,13.0,Deserts & Xeric Shrublands,Nearctic
615,Apple_irr_2030y_SOC,cf_std,21.392681,South American Pacific mangroves,14.0,Mangroves,Neotropic
130,Apple_irr_2030y_SOC,cf_std,,South Antarctic Peninsula tundra,11.0,Tundra,Antarctica
802,Apple_irr_2030y_SOC,cf_std,15.92933,South Apennine mixed montane forests,12.0,"Mediterranean Forests, Woodlands & Scrub",Palearctic
367,Apple_irr_2030y_SOC,cf_std,5.795544,South Central Rockies forests,5.0,Temperate Conifer Forests,Nearctic
268,Apple_irr_2030y_SOC,cf_std,13.72889,South China-Vietnam subtropical evergreen forests,1.0,Tropical & Subtropical Moist Broadleaf Forests,Indomalayan
267,Apple_irr_2030y_SOC,cf_std,,South China Sea Islands,1.0,Tropical & Subtropical Moist Broadleaf Forests,Indomalayan
298,Apple_irr_2030y_SOC,cf_std,3.525578,South Deccan Plateau dry deciduous forests,2.0,Tropical & Subtropical Dry Broadleaf Forests,Indomalayan
841,Apple_irr_2030y_SOC,cf_std,,South Iran Nubo-Sindian desert and semi-desert,13.0,Deserts & Xeric Shrublands,Palearctic
194,Apple_irr_2030y_SOC,cf_std,2.3417566,New Zealand South Island montane grasslands,10.0,Montane Grasslands & Shrublands,Australasia
172,Apple_irr_2030y_SOC,cf_std,,New Zealand South Island temperate forests,4.0,Temperate Broadleaf & Mixed Forests,Australasia
131,Apple_irr_2030y_SOC,cf_std,,South Orkney Islands tundra,11.0,Tundra,Antarctica
842,Apple_irr_2030y_SOC,cf_std,,South Sahara desert,13.0,Deserts & Xeric Shrublands,Palearctic
738,Apple_irr_2030y_SOC,cf_std,,South Siberian forest steppe,8.0,"Temperate Grasslands, Savannas & Shrublands",Palearctic
269,Apple_irr_2030y_SOC,cf_std,,South Taiwan monsoon rain forests,1.0,Tropical & Subtropical Moist Broadleaf Forests,Indomalayan
132,Apple_irr_2030y_SOC,cf_std,,South Victoria Land tundra,11.0,Tundra,Antarctica
270,Apple_irr_2030y_SOC,cf_std,7.470409,South Western Ghats moist deciduous forests,1.0,Tropical & Subtropical Moist Broadleaf Forests,Indomalayan
271,Apple_irr_2030y_SOC,cf_std,11.673012,South Western Ghats montane rain forests,1.0,Tropical & Subtropical Moist Broadleaf Forests,Indomalayan
176,Apple_irr_2030y_SOC,cf_std,19.493284,Southeast Australia temperate forests,4.0,Temperate Broadleaf & Mixed Forests,Australasia
192,Apple_irr_2030y_SOC,cf_std,4.725495,Southeast Australia temperate savanna,8.0,"Temperate Grasslands, Savannas & Shrublands",Australasia
765,Apple_irr_2030y_SOC,cf_std,10.69296,Southeast Tibet shrublands and meadows,10.0,Montane Grasslands & Shrublands,Palearctic
400,Apple_irr_2030y_SOC,cf_std,,Southeast US mixed woodlands and savannas,8.0,"Temperate Grasslands, Savannas & Shrublands",Nearctic
399,Apple_irr_2030y_SOC,cf_std,6.9686985,Southeast US conifer savannas,8.0,"Temperate Grasslands, Savannas & Shrublands",Nearctic
803,Apple_irr_2030y_SOC,cf_std,10.13538,Southeast Iberian shrubs and woodlands,12.0,"Mediterranean Forests, Woodlands & Scrub",Palearctic
299,Apple_irr_2030y_SOC,cf_std,,Southeast Indochina dry evergreen forests,2.0,Tropical & Subtropical Dry Broadleaf Forests,Indomalayan
153,Apple_irr_2030y_SOC,cf_std,,Southeast Papuan rain forests,1.0,Tropical & Subtropical Moist Broadleaf Forests,Australasia
57,Apple_irr_2030y_SOC,cf_std,5.4564204,Southern Acacia-Commiphora bushlands and thickets,7.0,"Tropical & Subtropical Grasslands, Savannas & Shrublands",Afrotropic
116,Apple_irr_2030y_SOC,cf_std,21.44073,Southern Africa mangroves,14.0,Mangroves,Afrotropic
804,Apple_irr_2030y_SOC,cf_std,10.902869,Southern Anatolian montane conifer and deciduous forests,12.0,"Mediterranean Forests, Woodlands & Scrub",Palearctic
595,Apple_irr_2030y_SOC,cf_std,8.82554,Southern Andean steppe,10.0,Montane Grasslands & Shrublands,Neotropic
504,Apple_irr_2030y_SOC,cf_std,8.08207,Southern Andean Yungas,1.0,Tropical & Subtropical Moist Broadleaf Forests,Neotropic
272,Apple_irr_2030y_SOC,cf_std,,Southern Annamites montane rain forests,1.0,Tropical & Subtropical Moist Broadleaf Forests,Indomalayan
616,Apple_irr_2030y_SOC,cf_std,17.337193,Southern Atlantic Brazilian mangroves,14.0,Mangroves,Neotropic
586,Apple_irr_2030y_SOC,cf_std,6.2014537,Southern Cone Mesopotamian savanna,9.0,Flooded Grasslands & Savannas,Neotropic
58,Apple_irr_2030y_SOC,cf_std,,Southern Congolian forest-savanna,7.0,"Tropical & Subtropical Grasslands, Savannas & Shrublands",Afrotropic
342,Apple_irr_2030y_SOC,cf_std,,Southern Great Lakes forests,4.0,Temperate Broadleaf & Mixed Forests,Nearctic
382,Apple_irr_2030y_SOC,cf_std,,Southern Hudson Bay taiga,6.0,Boreal Forests/Taiga,Nearctic
133,Apple_irr_2030y_SOC,cf_std,,Southern Indian Ocean Islands tundra,11.0,Tundra,Antarctica
681,Apple_irr_2030y_SOC,cf_std,,Southern Korea evergreen forests,4.0,Temperate Broadleaf & Mixed Forests,Palearctic
617,Apple_irr_2030y_SOC,cf_std,17.128708,Southern Mesoamerican Pacific mangroves,14.0,Mangroves,Neotropic
154,Apple_irr_2030y_SOC,cf_std,,Southern New Guinea freshwater swamp forests,1.0,Tropical & Subtropical Moist Broadleaf Forests,Australasia
155,Apple_irr_2030y_SOC,cf_std,,Southern New Guinea lowland rain forests,1.0,Tropical & Subtropical Moist Broadleaf Forests,Australasia
547,Apple_irr_2030y_SOC,cf_std,13.312929,Southern Pacific dry forests,2.0,Tropical & Subtropical Dry Broadleaf Forests,Neotropic
87,Apple_irr_2030y_SOC,cf_std,,Southern Rift Montane forest-grassland,10.0,Montane Grasslands & Shrublands,Afrotropic
28,Apple_irr_2030y_SOC,cf_std,3.7377918,Southern Swahili coastal forests and woodlands,1.0,Tropical & Subtropical Moist Broadleaf Forests,Afrotropic
300,Apple_irr_2030y_SOC,cf_std,,Southern Vietnam lowland dry forests,2.0,Tropical & Subtropical Dry Broadleaf Forests,Indomalayan
505,Apple_irr_2030y_SOC,cf_std,6.281715,Southwest Amazon moist forests,1.0,Tropical & Subtropical Moist Broadleaf Forests,Neotropic
108,Apple_irr_2030y_SOC,cf_std,,Southwest Arabian Escarpment shrublands and woodlands,13.0,Deserts & Xeric Shrublands,Afrotropic
109,Apple_irr_2030y_SOC,cf_std,,Southwest Arabian highland xeric scrub,13.0,Deserts & Xeric Shrublands,Afrotropic
205,Apple_irr_2030y_SOC,cf_std,7.6978464,Southwest Australia savanna,12.0,"Mediterranean Forests, Woodlands & Scrub",Australasia
206,Apple_irr_2030y_SOC,cf_std,19.307447,Southwest Australia woodlands,12.0,"Mediterranean Forests, Woodlands & Scrub",Australasia
273,Apple_irr_2030y_SOC,cf_std,,Southwest Borneo freshwater swamp forests,1.0,Tropical & Subtropical Moist Broadleaf Forests,Indomalayan
805,Apple_irr_2030y_SOC,cf_std,9.576476,Southwest Iberian Mediterranean sclerophyllous and mixed forests,12.0,"Mediterranean Forests, Woodlands & Scrub",Palearctic
301,Apple_irr_2030y_SOC,cf_std,,Sri Lanka dry-zone dry evergreen forests,2.0,Tropical & Subtropical Dry Broadleaf Forests,Indomalayan
274,Apple_irr_2030y_SOC,cf_std,,Sri Lanka lowland rain forests,1.0,Tropical & Subtropical Moist Broadleaf Forests,Indomalayan
275,Apple_irr_2030y_SOC,cf_std,,Sri Lanka montane rain forests,1.0,Tropical & Subtropical Moist Broadleaf Forests,Indomalayan
609,Apple_irr_2030y_SOC,cf_std,,St. Peter and St. Paul Rocks,13.0,Deserts & Xeric Shrublands,Neotropic
110,Apple_irr_2030y_SOC,cf_std,3.9400709,Succulent Karoo xeric shrublands,13.0,Deserts & Xeric Shrublands,Afrotropic
74,Apple_irr_2030y_SOC,cf_std,,Sudd flooded grasslands,9.0,Flooded Grasslands & Savannas,Afrotropic
746,Apple_irr_2030y_SOC,cf_std,,Suiphun-Khanka meadows and forest meadows,9.0,Flooded Grasslands & Savannas,Palearctic
766,Apple_irr_2030y_SOC,cf_std,8.634712,Sulaiman Range alpine meadows,10.0,Montane Grasslands & Shrublands,Palearctic
157,Apple_irr_2030y_SOC,cf_std,,Sulawesi montane rain forests,1.0,Tropical & Subtropical Moist Broadleaf Forests,Australasia
276,Apple_irr_2030y_SOC,cf_std,,Sulu Archipelago rain forests,1.0,Tropical & Subtropical Moist Broadleaf Forests,Indomalayan
277,Apple_irr_2030y_SOC,cf_std,,Sumatran freshwater swamp forests,1.0,Tropical & Subtropical Moist Broadleaf Forests,Indomalayan
278,Apple_irr_2030y_SOC,cf_std,,Sumatran lowland rain forests,1.0,Tropical & Subtropical Moist Broadleaf Forests,Indomalayan
279,Apple_irr_2030y_SOC,cf_std,,Sumatran montane rain forests,1.0,Tropical & Subtropical Moist Broadleaf Forests,Indomalayan
280,Apple_irr_2030y_SOC,cf_std,,Sumatran peat swamp forests,1.0,Tropical & Subtropical Moist Broadleaf Forests,Indomalayan
305,Apple_irr_2030y_SOC,cf_std,,Sumatran tropical pine forests,3.0,Tropical & Subtropical Coniferous Forests,Indomalayan
165,Apple_irr_2030y_SOC,cf_std,,Sumba deciduous forests,2.0,Tropical & Subtropical Dry Broadleaf Forests,Australasia
322,Apple_irr_2030y_SOC,cf_std,,Sunda Shelf mangroves,14.0,Mangroves,Indomalayan
281,Apple_irr_2030y_SOC,cf_std,,Sundaland heath forests,1.0,Tropical & Subtropical Moist Broadleaf Forests,Indomalayan
282,Apple_irr_2030y_SOC,cf_std,6.828879,Sundarbans freshwater swamp forests,1.0,Tropical & Subtropical Moist Broadleaf Forests,Indomalayan
323,Apple_irr_2030y_SOC,cf_std,15.87778,Sundarbans mangroves,14.0,Mangroves,Indomalayan
739,Apple_irr_2030y_SOC,cf_std,3.5351696,Syrian xeric grasslands and shrublands,8.0,"Temperate Grasslands, Savannas & Shrublands",Palearctic
682,Apple_irr_2030y_SOC,cf_std,17.115725,Taiheiyo evergreen forests,4.0,Temperate Broadleaf & Mixed Forests,Palearctic
683,Apple_irr_2030y_SOC,cf_std,12.148379,Taiheiyo montane deciduous forests,4.0,Temperate Broadleaf & Mixed Forests,Palearctic
781,Apple_irr_2030y_SOC,cf_std,,Taimyr-Central Siberian tundra,11.0,Tundra,Palearctic
283,Apple_irr_2030y_SOC,cf_std,,Taiwan subtropical evergreen forests,1.0,Tropical & Subtropical Moist Broadleaf Forests,Indomalayan
843,Apple_irr_2030y_SOC,cf_std,,Taklimakan desert,13.0,Deserts & Xeric Shrublands,Palearctic
506,Apple_irr_2030y_SOC,cf_std,,Talamancan montane forests,1.0,Tropical & Subtropical Moist Broadleaf Forests,Neotropic
436,Apple_irr_2030y_SOC,cf_std,5.4895763,Tamaulipan matorral,13.0,Deserts & Xeric Shrublands,Nearctic
437,Apple_irr_2030y_SOC,cf_std,3.9299858,Tamaulipan mezquital,13.0,Deserts & Xeric Shrublands,Nearctic
507,Apple_irr_2030y_SOC,cf_std,3.8361518,Tapajós-Xingu moist forests,1.0,Tropical & Subtropical Moist Broadleaf Forests,Neotropic
684,Apple_irr_2030y_SOC,cf_std,,Tarim Basin deciduous forests and steppe,4.0,Temperate Broadleaf & Mixed Forests,Palearctic
177,Apple_irr_2030y_SOC,cf_std,17.22481,Tasmanian Central Highland forests,4.0,Temperate Broadleaf & Mixed Forests,Australasia
178,Apple_irr_2030y_SOC,cf_std,15.335074,Tasmanian temperate forests,4.0,Temperate Broadleaf & Mixed Forests,Australasia
179,Apple_irr_2030y_SOC,cf_std,6.9457,Tasmanian temperate rain forests,4.0,Temperate Broadleaf & Mixed Forests,Australasia
610,Apple_irr_2030y_SOC,cf_std,3.8963292,Tehuacán Valley matorral,13.0,Deserts & Xeric Shrublands,Neotropic
284,Apple_irr_2030y_SOC,cf_std,,Tenasserim-South Thailand semi-evergreen rain forests,1.0,Tropical & Subtropical Moist Broadleaf Forests,Indomalayan
311,Apple_irr_2030y_SOC,cf_std,3.6805003,Terai-Duar savanna and grasslands,7.0,"Tropical & Subtropical Grasslands, Savannas & Shrublands",Indomalayan
401,Apple_irr_2030y_SOC,cf_std,3.238551,Texas blackland prairies,8.0,"Temperate Grasslands, Savannas & Shrublands",Nearctic
318,Apple_irr_2030y_SOC,cf_std,1.1258798,Thar desert,13.0,Deserts & Xeric Shrublands,Indomalayan
740,Apple_irr_2030y_SOC,cf_std,,Tian Shan foothill arid steppe,8.0,"Temperate Grasslands, Savannas & Shrublands",Palearctic
709,Apple_irr_2030y_SOC,cf_std,,Tian Shan montane conifer forests,5.0,Temperate Conifer Forests,Palearctic
767,Apple_irr_2030y_SOC,cf_std,,Tian Shan montane steppe and meadows,10.0,Montane Grasslands & Shrublands,Palearctic
844,Apple_irr_2030y_SOC,cf_std,,Tibesti-Jebel Uweinat montane xeric woodlands,13.0,Deserts & Xeric Shrublands,Palearctic
768,Apple_irr_2030y_SOC,cf_std,15.624561,Tibetan Plateau alpine shrublands and meadows,10.0,Montane Grasslands & Shrublands,Palearctic
747,Apple_irr_2030y_SOC,cf_std,,Tigris-Euphrates alluvial salt marsh,9.0,Flooded Grasslands & Savannas,Palearctic
166,Apple_irr_2030y_SOC,cf_std,,Timor and Wetar deciduous forests,2.0,Tropical & Subtropical Dry Broadleaf Forests,Australasia
215,Apple_irr_2030y_SOC,cf_std,6.7438498,Tirari-Sturt stony desert,13.0,Deserts & Xeric Shrublands,Australasia
631,Apple_irr_2030y_SOC,cf_std,,Tongan tropical moist forests,1.0,Tropical & Subtropical Moist Broadleaf Forests,Oceania
286,Apple_irr_2030y_SOC,cf_std,,Tonle Sap-Mekong peat swamp forests,1.0,Tropical & Subtropical Moist Broadleaf Forests,Indomalayan
285,Apple_irr_2030y_SOC,cf_std,,Tonle Sap freshwater swamp forests,1.0,Tropical & Subtropical Moist Broadleaf Forests,Indomalayan
421,Apple_irr_2030y_SOC,cf_std,,Torngat Mountain tundra,11.0,Tundra,Nearctic
782,Apple_irr_2030y_SOC,cf_std,,Trans-Baikal Bald Mountain tundra,11.0,Tundra,Palearctic
718,Apple_irr_2030y_SOC,cf_std,,Trans-Baikal conifer forests,6.0,Boreal Forests/Taiga,Palearctic
559,Apple_irr_2030y_SOC,cf_std,7.5379395,Trans-Mexican Volcanic Belt pine-oak forests,3.0,Tropical & Subtropical Coniferous Forests,Neotropic
188,Apple_irr_2030y_SOC,cf_std,,Trans Fly savanna and grasslands,7.0,"Tropical & Subtropical Grasslands, Savannas & Shrublands",Australasia
134,Apple_irr_2030y_SOC,cf_std,,Transantarctic Mountains tundra,11.0,Tundra,Antarctica
510,Apple_irr_2030y_SOC,cf_std,,Trinidad and Tobago moist forest,1.0,Tropical & Subtropical Moist Broadleaf Forests,Neotropic
68,Apple_irr_2030y_SOC,cf_std,,Tristan Da Cunha-Gough Islands shrub and grasslands,8.0,"Temperate Grasslands, Savannas & Shrublands",Afrotropic
158,Apple_irr_2030y_SOC,cf_std,,Trobriand Islands rain forests,1.0,Tropical & Subtropical Moist Broadleaf Forests,Australasia
632,Apple_irr_2030y_SOC,cf_std,,Tuamotu tropical moist forests,1.0,Tropical & Subtropical Moist Broadleaf Forests,Oceania
633,Apple_irr_2030y_SOC,cf_std,,Tubuai tropical moist forests,1.0,Tropical & Subtropical Moist Broadleaf Forests,Oceania
549,Apple_irr_2030y_SOC,cf_std,12.740139,Tumbes-Piura dry forests,2.0,Tropical & Subtropical Dry Broadleaf Forests,Neotropic
806,Apple_irr_2030y_SOC,cf_std,17.644682,Tyrrhenian-Adriatic sclerophyllous and mixed forests,12.0,"Mediterranean Forests, Woodlands & Scrub",Palearctic
511,Apple_irr_2030y_SOC,cf_std,3.3030257,Uatumã-Trombetas moist forests,1.0,Tropical & Subtropical Moist Broadleaf Forests,Neotropic
512,Apple_irr_2030y_SOC,cf_std,7.9102697,Ucayali moist forests,1.0,Tropical & Subtropical Moist Broadleaf Forests,Neotropic
287,Apple_irr_2030y_SOC,cf_std,3.1181328,Upper Gangetic Plains moist deciduous forests,1.0,Tropical & Subtropical Moist Broadleaf Forests,Indomalayan
343,Apple_irr_2030y_SOC,cf_std,,Upper Midwest US forest-savanna transition,4.0,Temperate Broadleaf & Mixed Forests,Nearctic
719,Apple_irr_2030y_SOC,cf_std,,Urals montane forest and taiga,6.0,Boreal Forests/Taiga,Palearctic
574,Apple_irr_2030y_SOC,cf_std,8.193669,Uruguayan savanna,7.0,"Tropical & Subtropical Grasslands, Savannas & Shrublands",Neotropic
685,Apple_irr_2030y_SOC,cf_std,,Ussuri broadleaf and mixed forests,4.0,Temperate Broadleaf & Mixed Forests,Palearctic
563,Apple_irr_2030y_SOC,cf_std,17.821825,Valdivian temperate forests,4.0,Temperate Broadleaf & Mixed Forests,Neotropic
159,Apple_irr_2030y_SOC,cf_std,,Vanuatu rain forests,1.0,Tropical & Subtropical Moist Broadleaf Forests,Australasia
513,Apple_irr_2030y_SOC,cf_std,0.0,Venezuelan Andes montane forests,1.0,Tropical & Subtropical Moist Broadleaf Forests,Neotropic
550,Apple_irr_2030y_SOC,cf_std,2.8475642,Veracruz dry forests,2.0,Tropical & Subtropical Dry Broadleaf Forests,Neotropic
514,Apple_irr_2030y_SOC,cf_std,13.4963255,Veracruz moist forests,1.0,Tropical & Subtropical Moist Broadleaf Forests,Neotropic
515,Apple_irr_2030y_SOC,cf_std,2.909345,Veracruz montane forests,1.0,Tropical & Subtropical Moist Broadleaf Forests,Neotropic
189,Apple_irr_2030y_SOC,cf_std,1.7146498,Victoria Plains tropical savanna,7.0,"Tropical & Subtropical Grasslands, Savannas & Shrublands",Australasia
161,Apple_irr_2030y_SOC,cf_std,,Vogelkop-Aru lowland rain forests,1.0,Tropical & Subtropical Moist Broadleaf Forests,Australasia
160,Apple_irr_2030y_SOC,cf_std,,Vogelkop montane rain forests,1.0,Tropical & Subtropical Moist Broadleaf Forests,Australasia
368,Apple_irr_2030y_SOC,cf_std,11.667268,Wasatch and Uinta montane forests,5.0,Temperate Conifer Forests,Nearctic
383,Apple_irr_2030y_SOC,cf_std,,Watson Highlands taiga,6.0,Boreal Forests/Taiga,Nearctic
845,Apple_irr_2030y_SOC,cf_std,,West Sahara desert,13.0,Deserts & Xeric Shrublands,Palearctic
846,Apple_irr_2030y_SOC,cf_std,,West Saharan montane xeric woodlands,13.0,Deserts & Xeric Shrublands,Palearctic
720,Apple_irr_2030y_SOC,cf_std,,West Siberian taiga,6.0,Boreal Forests/Taiga,Palearctic
62,Apple_irr_2030y_SOC,cf_std,,West Sudanian savanna,7.0,"Tropical & Subtropical Grasslands, Savannas & Shrublands",Afrotropic
216,Apple_irr_2030y_SOC,cf_std,5.2126427,Western Australian Mulga shrublands,13.0,Deserts & Xeric Shrublands,Australasia
29,Apple_irr_2030y_SOC,cf_std,,Western Congolian swamp forests,1.0,Tropical & Subtropical Moist Broadleaf Forests,Afrotropic
516,Apple_irr_2030y_SOC,cf_std,5.9877524,Western Ecuador moist forests,1.0,Tropical & Subtropical Moist Broadleaf Forests,Neotropic
686,Apple_irr_2030y_SOC,cf_std,11.464438,Western European broadleaf forests,4.0,Temperate Broadleaf & Mixed Forests,Palearctic
344,Apple_irr_2030y_SOC,cf_std,,Western Great Lakes forests,4.0,Temperate Broadleaf & Mixed Forests,Nearctic
30,Apple_irr_2030y_SOC,cf_std,,Western Guinean lowland forests,1.0,Tropical & Subtropical Moist Broadleaf Forests,Afrotropic
384,Apple_irr_2030y_SOC,cf_std,23.4564,Western Gulf coastal grasslands,7.0,"Tropical & Subtropical Grasslands, Savannas & Shrublands",Nearctic
769,Apple_irr_2030y_SOC,cf_std,6.355735,Western Himalayan alpine shrub and meadows,10.0,Montane Grasslands & Shrublands,Palearctic
308,Apple_irr_2030y_SOC,cf_std,9.239085,Western Himalayan broadleaf forests,4.0,Temperate Broadleaf & Mixed Forests,Indomalayan
310,Apple_irr_2030y_SOC,cf_std,10.295466,Western Himalayan subalpine conifer forests,5.0,Temperate Conifer Forests,Indomalayan
288,Apple_irr_2030y_SOC,cf_std,,Western Java montane rain forests,1.0,Tropical & Subtropical Moist Broadleaf Forests,Indomalayan
289,Apple_irr_2030y_SOC,cf_std,,Western Java rain forests,1.0,Tropical & Subtropical Moist Broadleaf Forests,Indomalayan
634,Apple_irr_2030y_SOC,cf_std,,Western Polynesian tropical moist forests,1.0,Tropical & Subtropical Moist Broadleaf Forests,Oceania
402,Apple_irr_2030y_SOC,cf_std,5.0506787,Western shortgrass prairie,8.0,"Temperate Grasslands, Savannas & Shrublands",Nearctic
687,Apple_irr_2030y_SOC,cf_std,,Western Siberian hemiboreal forests,4.0,Temperate Broadleaf & Mixed Forests,Palearctic
180,Apple_irr_2030y_SOC,cf_std,0.05705658,Westland temperate forests,4.0,Temperate Broadleaf & Mixed Forests,Australasia
403,Apple_irr_2030y_SOC,cf_std,,Willamette Valley oak savanna,8.0,"Temperate Grasslands, Savannas & Shrublands",Nearctic
517,Apple_irr_2030y_SOC,cf_std,,Windward Islands moist forests,1.0,Tropical & Subtropical Moist Broadleaf Forests,Neotropic
783,Apple_irr_2030y_SOC,cf_std,,Wrangel Island Arctic desert,11.0,Tundra,Palearctic
438,Apple_irr_2030y_SOC,cf_std,9.41634,Wyoming Basin shrub steppe,13.0,Deserts & Xeric Shrublands,Nearctic
518,Apple_irr_2030y_SOC,cf_std,3.958727,Xingu-Tocantins-Araguaia moist forests,1.0,Tropical & Subtropical Moist Broadleaf Forests,Neotropic
784,Apple_irr_2030y_SOC,cf_std,,Yamal-Gydan tundra,11.0,Tundra,Palearctic
638,Apple_irr_2030y_SOC,cf_std,,Yap tropical dry forests,2.0,Tropical & Subtropical Dry Broadleaf Forests,Oceania
162,Apple_irr_2030y_SOC,cf_std,,Yapen rain forests,1.0,Tropical & Subtropical Moist Broadleaf Forests,Australasia
770,Apple_irr_2030y_SOC,cf_std,7.1466694,Yarlung Zanbo arid steppe,10.0,Montane Grasslands & Shrublands,Palearctic
748,Apple_irr_2030y_SOC,cf_std,,Yellow Sea saline meadow,9.0,Flooded Grasslands & Savannas,Palearctic
551,Apple_irr_2030y_SOC,cf_std,17.476286,Yucatán dry forests,2.0,Tropical & Subtropical Dry Broadleaf Forests,Neotropic
519,Apple_irr_2030y_SOC,cf_std,10.859966,Yucatán moist forests,1.0,Tropical & Subtropical Moist Broadleaf Forests,Neotropic
643,Apple_irr_2030y_SOC,cf_std,6.0154586,Yunnan Plateau subtropical evergreen forests,1.0,Tropical & Subtropical Moist Broadleaf Forests,Palearctic
688,Apple_irr_2030y_SOC,cf_std,,Zagros Mountains forest steppe,4.0,Temperate Broadleaf & Mixed Forests,Palearctic
66,Apple_irr_2030y_SOC,cf_std,2.7907445,Zambezian-Limpopo mixed woodlands,7.0,"Tropical & Subtropical Grasslands, Savannas & Shrublands",Afrotropic
64,Apple_irr_2030y_SOC,cf_std,2.5961215,Zambezian Baikiaea woodlands,7.0,"Tropical & Subtropical Grasslands, Savannas & Shrublands",Afrotropic
75,Apple_irr_2030y_SOC,cf_std,,Zambezian coastal flooded savanna,9.0,Flooded Grasslands & Savannas,Afrotropic
42,Apple_irr_2030y_SOC,cf_std,2.7695029,Dry miombo woodlands,7.0,"Tropical & Subtropical Grasslands, Savannas & Shrublands",Afrotropic
33,Apple_irr_2030y_SOC,cf_std,,Zambezian evergreen dry forests,2.0,Tropical & Subtropical Dry Broadleaf Forests,Afrotropic
76,Apple_irr_2030y_SOC,cf_std,,Zambezian flooded grasslands,9.0,Flooded Grasslands & Savannas,Afrotropic
65,Apple_irr_2030y_SOC,cf_std,2.748375,Zambezian mopane woodlands,7.0,"Tropical & Subtropical Grasslands, Savannas & Shrublands",Afrotropic
524,Apple_irr_2030y_SOC,cf_std,3.1880996,Brazilian Atlantic dry forests,2.0,Tropical & Subtropical Dry Broadleaf Forests,Neotropic
380,Apple_irr_2030y_SOC,cf_std,,Northern Cordillera forests,6.0,Boreal Forests/Taiga,Nearctic
60,Apple_irr_2030y_SOC,cf_std,,St. Helena scrub and woodlands,7.0,"Tropical & Subtropical Grasslands, Savannas & Shrublands",Afrotropic
61,Apple_irr_2030y_SOC,cf_std,4.475482,Victoria Basin forest-savanna,7.0,"Tropical & Subtropical Grasslands, Savannas & Shrublands",Afrotropic
63,Apple_irr_2030y_SOC,cf_std,,Western Congolian forest-savanna,7.0,"Tropical & Subtropical Grasslands, Savannas & Shrublands",Afrotropic
78,Apple_irr_2030y_SOC,cf_std,4.778815,East African montane moorlands,10.0,Montane Grasslands & Shrublands,Afrotropic
365,Apple_irr_2030y_SOC,cf_std,,Queen Charlotte Islands conifer forests,5.0,Temperate Conifer Forests,Nearctic
360,Apple_irr_2030y_SOC,cf_std,,Northern Pacific Alaskan coastal forests,5.0,Temperate Conifer Forests,Nearctic
381,Apple_irr_2030y_SOC,cf_std,,Northwest Territories taiga,6.0,Boreal Forests/Taiga,Nearctic
107,Apple_irr_2030y_SOC,cf_std,,Southwest Arabian coastal xeric shrublands,13.0,Deserts & Xeric Shrublands,Afrotropic
811,Apple_irr_2030y_SOC,cf_std,,Arabian-Persian Gulf coastal plain desert,13.0,Deserts & Xeric Shrublands,Palearctic
840,Apple_irr_2030y_SOC,cf_std,,South Arabian plains and plateau desert,13.0,Deserts & Xeric Shrublands,Palearctic
809,Apple_irr_2030y_SOC,cf_std,1.9965477,Arabian desert,13.0,Deserts & Xeric Shrublands,Palearctic
552,Apple_irr_2030y_SOC,cf_std,,Bahamian pineyards,3.0,Tropical & Subtropical Coniferous Forests,Neotropic
96,Apple_irr_2030y_SOC,cf_std,,Ile Europa and Bassas da India xeric scrub,13.0,Deserts & Xeric Shrublands,Afrotropic
773,Apple_irr_2030y_SOC,cf_std,,Kamchatka tundra,11.0,Tundra,Palearctic
508,Apple_irr_2030y_SOC,cf_std,4.1854124,Tocantins/Pindare moist forests,1.0,Tropical & Subtropical Moist Broadleaf Forests,Neotropic
417,Apple_irr_2030y_SOC,cf_std,,Kalaallit Nunaat Arctic steppe,11.0,Tundra,Nearctic
358,Apple_irr_2030y_SOC,cf_std,,North Cascades conifer forests,5.0,Temperate Conifer Forests,Nearctic
361,Apple_irr_2030y_SOC,cf_std,,Northern Rockies conifer forests,5.0,Temperate Conifer Forests,Nearctic
509,Apple_irr_2030y_SOC,cf_std,,Trindade-Martin Vaz Islands tropical forests,1.0,Tropical & Subtropical Moist Broadleaf Forests,Neotropic
59,Apple_irr_2030y_SOC,cf_std,,Southwest Arabian montane woodlands and grasslands,7.0,"Tropical & Subtropical Grasslands, Savannas & Shrublands",Afrotropic
56,Apple_irr_2030y_SOC,cf_std,,"South Arabian fog woodlands, shrublands, and dune",7.0,"Tropical & Subtropical Grasslands, Savannas & Shrublands",Afrotropic
548,Apple_irr_2030y_SOC,cf_std,,Trinidad and Tobago dry forest,2.0,Tropical & Subtropical Dry Broadleaf Forests,Neotropic
537,Apple_irr_2030y_SOC,cf_std,,Lesser Antillean dry forests,2.0,Tropical & Subtropical Dry Broadleaf Forests,Neotropic
672,Apple_irr_2030y_SOC,cf_std,,North Atlantic moist mixed forests,4.0,Temperate Broadleaf & Mixed Forests,Palearctic
119,Apple_irr_2030y_SOC,cf_std,,Dronning Maud Land tundra,11.0,Tundra,Antarctica
124,Apple_irr_2030y_SOC,cf_std,,Marie Byrd Land tundra,11.0,Tundra,Antarctica
156,Apple_irr_2030y_SOC,cf_std,,Sulawesi lowland rain forests,1.0,Tropical & Subtropical Moist Broadleaf Forests,Australasia
8,Apple_irr_2030y_SOC,cf_std,11.909703,East African montane forests,1.0,Tropical & Subtropical Moist Broadleaf Forests,Afrotropic
9,Apple_irr_2030y_SOC,cf_std,1.4088818,Eastern Arc forests,1.0,Tropical & Subtropical Moist Broadleaf Forests,Afrotropic
220,Apple_irr_2030y_SOC,cf_std,,Borneo montane rain forests,1.0,Tropical & Subtropical Moist Broadleaf Forests,Indomalayan
313,Apple_irr_2030y_SOC,cf_std,,Kinabalu montane alpine meadows,10.0,Montane Grasslands & Shrublands,Indomalayan
117,Apple_rf_2030y_SOC,cf_mean,,Adelie Land tundra,11.0,Tundra,Antarctica
135,Apple_rf_2030y_SOC,cf_mean,,Admiralty Islands lowland rain forests,1.0,Tropical & Subtropical Moist Broadleaf Forests,Australasia
785,Apple_rf_2030y_SOC,cf_mean,43.341022,Aegean and Western Turkey sclerophyllous and mixed forests,12.0,"Mediterranean Forests, Woodlands & Scrub",Palearctic
807,Apple_rf_2030y_SOC,cf_mean,,Afghan Mountains semi-desert,13.0,Deserts & Xeric Shrublands,Palearctic
404,Apple_rf_2030y_SOC,cf_mean,,Ahklun and Kilbuck Upland Tundra,11.0,Tundra,Nearctic
722,Apple_rf_2030y_SOC,cf_mean,,Al-Hajar foothill xeric woodlands and shrublands,8.0,"Temperate Grasslands, Savannas & Shrublands",Palearctic
723,Apple_rf_2030y_SOC,cf_mean,,Al-Hajar montane woodlands and shrublands,8.0,"Temperate Grasslands, Savannas & Shrublands",Palearctic
721,Apple_rf_2030y_SOC,cf_mean,,Alai-Western Tian Shan steppe,8.0,"Temperate Grasslands, Savannas & Shrublands",Palearctic
808,Apple_rf_2030y_SOC,cf_mean,42.70968,Alashan Plateau semi-desert,13.0,Deserts & Xeric Shrublands,Palearctic
405,Apple_rf_2030y_SOC,cf_mean,,Alaska-St. Elias Range tundra,11.0,Tundra,Nearctic
369,Apple_rf_2030y_SOC,cf_mean,,Alaska Peninsula montane taiga,6.0,Boreal Forests/Taiga,Nearctic
88,Apple_rf_2030y_SOC,cf_mean,35.695175,Albany thickets,12.0,"Mediterranean Forests, Woodlands & Scrub",Afrotropic
345,Apple_rf_2030y_SOC,cf_mean,,Alberta-British Columbia foothills forests,5.0,Temperate Conifer Forests,Nearctic
1,Apple_rf_2030y_SOC,cf_mean,,Albertine Rift montane forests,1.0,Tropical & Subtropical Moist Broadleaf Forests,Afrotropic
91,Apple_rf_2030y_SOC,cf_mean,,Aldabra Island xeric scrub,13.0,Deserts & Xeric Shrublands,Afrotropic
406,Apple_rf_2030y_SOC,cf_mean,,Aleutian Islands tundra,11.0,Tundra,Nearctic
328,Apple_rf_2030y_SOC,cf_mean,,Allegheny Highlands forests,4.0,Temperate Broadleaf & Mixed Forests,Nearctic
689,Apple_rf_2030y_SOC,cf_mean,68.95643,Alps conifer and mixed forests,5.0,Temperate Conifer Forests,Palearctic
749,Apple_rf_2030y_SOC,cf_mean,,Altai alpine meadow and tundra,10.0,Montane Grasslands & Shrublands,Palearctic
690,Apple_rf_2030y_SOC,cf_mean,,Altai montane forest and forest steppe,5.0,Temperate Conifer Forests,Palearctic
724,Apple_rf_2030y_SOC,cf_mean,,Altai steppe and semi-desert,8.0,"Temperate Grasslands, Savannas & Shrublands",Palearctic
439,Apple_rf_2030y_SOC,cf_mean,30.641787,Alto Paraná Atlantic forests,1.0,Tropical & Subtropical Moist Broadleaf Forests,Neotropic
611,Apple_rf_2030y_SOC,cf_mean,40.792717,Amazon-Orinoco-Southern Caribbean mangroves,14.0,Mangroves,Neotropic
67,Apple_rf_2030y_SOC,cf_mean,,Amsterdam-Saint Paul Islands temperate grasslands,8.0,"Temperate Grasslands, Savannas & Shrublands",Afrotropic
741,Apple_rf_2030y_SOC,cf_mean,,Amur meadow steppe,9.0,Flooded Grasslands & Savannas,Palearctic
786,Apple_rf_2030y_SOC,cf_mean,,Anatolian conifer and deciduous mixed forests,12.0,"Mediterranean Forests, Woodlands & Scrub",Palearctic
218,Apple_rf_2030y_SOC,cf_mean,61.278854,Andaman Islands rain forests,1.0,Tropical & Subtropical Moist Broadleaf Forests,Indomalayan
77,Apple_rf_2030y_SOC,cf_mean,,Angolan montane forest-grassland,10.0,Montane Grasslands & Shrublands,Afrotropic
34,Apple_rf_2030y_SOC,cf_mean,,Angolan mopane woodlands,7.0,"Tropical & Subtropical Grasslands, Savannas & Shrublands",Afrotropic
35,Apple_rf_2030y_SOC,cf_mean,,Angolan scarp savanna and woodlands,7.0,"Tropical & Subtropical Grasslands, Savannas & Shrublands",Afrotropic
36,Apple_rf_2030y_SOC,cf_mean,,Angolan wet miombo woodlands,7.0,"Tropical & Subtropical Grasslands, Savannas & Shrublands",Afrotropic
196,Apple_rf_2030y_SOC,cf_mean,,Antipodes Subantarctic Islands tundra,11.0,Tundra,Australasia
331,Apple_rf_2030y_SOC,cf_mean,44.567776,Appalachian-Blue Ridge forests,4.0,Temperate Broadleaf & Mixed Forests,Nearctic
329,Apple_rf_2030y_SOC,cf_mean,32.59566,Appalachian mixed mesophytic forests,4.0,Temperate Broadleaf & Mixed Forests,Nearctic
330,Apple_rf_2030y_SOC,cf_mean,31.131516,Appalachian Piedmont forests,4.0,Temperate Broadleaf & Mixed Forests,Nearctic
644,Apple_rf_2030y_SOC,cf_mean,57.501003,Appenine deciduous montane forests,4.0,Temperate Broadleaf & Mixed Forests,Palearctic
520,Apple_rf_2030y_SOC,cf_mean,34.493427,Apure-Villavicencio dry forests,2.0,Tropical & Subtropical Dry Broadleaf Forests,Neotropic
810,Apple_rf_2030y_SOC,cf_mean,,Arabian sand desert,13.0,Deserts & Xeric Shrublands,Palearctic
440,Apple_rf_2030y_SOC,cf_mean,52.583126,Araucaria moist forests,1.0,Tropical & Subtropical Moist Broadleaf Forests,Neotropic
597,Apple_rf_2030y_SOC,cf_mean,,Araya and Paria xeric scrub,13.0,Deserts & Xeric Shrublands,Neotropic
407,Apple_rf_2030y_SOC,cf_mean,,Arctic coastal tundra,11.0,Tundra,Nearctic
778,Apple_rf_2030y_SOC,cf_mean,,Russian Arctic desert,11.0,Tundra,Palearctic
408,Apple_rf_2030y_SOC,cf_mean,,Arctic foothills tundra,11.0,Tundra,Nearctic
346,Apple_rf_2030y_SOC,cf_mean,38.988735,Arizona Mountains forests,5.0,Temperate Conifer Forests,Nearctic
181,Apple_rf_2030y_SOC,cf_mean,25.05827,Arnhem Land tropical savanna,7.0,"Tropical & Subtropical Grasslands, Savannas & Shrublands",Australasia
37,Apple_rf_2030y_SOC,cf_mean,,Ascension scrub and grasslands,7.0,"Tropical & Subtropical Grasslands, Savannas & Shrublands",Afrotropic
598,Apple_rf_2030y_SOC,cf_mean,,Atacama desert,13.0,Deserts & Xeric Shrublands,Neotropic
441,Apple_rf_2030y_SOC,cf_mean,50.759937,Atlantic Coast restingas,1.0,Tropical & Subtropical Moist Broadleaf Forests,Neotropic
839,Apple_rf_2030y_SOC,cf_mean,,Saharan Atlantic coastal desert,13.0,Deserts & Xeric Shrublands,Palearctic
347,Apple_rf_2030y_SOC,cf_mean,,Atlantic coastal pine barrens,5.0,Temperate Conifer Forests,Nearctic
5,Apple_rf_2030y_SOC,cf_mean,,Congolian coastal forests,1.0,Tropical & Subtropical Moist Broadleaf Forests,Afrotropic
664,Apple_rf_2030y_SOC,cf_mean,43.130993,European Atlantic mixed forests,4.0,Temperate Broadleaf & Mixed Forests,Palearctic
193,Apple_rf_2030y_SOC,cf_mean,62.013103,Australian Alps montane grasslands,10.0,Montane Grasslands & Shrublands,Australasia
812,Apple_rf_2030y_SOC,cf_mean,,Azerbaijan shrub desert and steppe,13.0,Deserts & Xeric Shrublands,Palearctic
645,Apple_rf_2030y_SOC,cf_mean,,Azores temperate mixed forests,4.0,Temperate Broadleaf & Mixed Forests,Palearctic
813,Apple_rf_2030y_SOC,cf_mean,,Badghyz and Karabil semi-desert,13.0,Deserts & Xeric Shrublands,Palearctic
612,Apple_rf_2030y_SOC,cf_mean,71.001724,Bahamian-Antillean mangroves,14.0,Mangroves,Neotropic
442,Apple_rf_2030y_SOC,cf_mean,32.9272,Bahia coastal forests,1.0,Tropical & Subtropical Moist Broadleaf Forests,Neotropic
443,Apple_rf_2030y_SOC,cf_mean,33.06913,Bahia interior forests,1.0,Tropical & Subtropical Moist Broadleaf Forests,Neotropic
426,Apple_rf_2030y_SOC,cf_mean,20.349495,Baja California desert,13.0,Deserts & Xeric Shrublands,Nearctic
521,Apple_rf_2030y_SOC,cf_mean,32.77474,Bajío dry forests,2.0,Tropical & Subtropical Dry Broadleaf Forests,Neotropic
646,Apple_rf_2030y_SOC,cf_mean,67.159035,Balkan mixed forests,4.0,Temperate Broadleaf & Mixed Forests,Palearctic
522,Apple_rf_2030y_SOC,cf_mean,31.485563,Balsas dry forests,2.0,Tropical & Subtropical Dry Broadleaf Forests,Neotropic
647,Apple_rf_2030y_SOC,cf_mean,,Baltic mixed forests,4.0,Temperate Broadleaf & Mixed Forests,Palearctic
814,Apple_rf_2030y_SOC,cf_mean,24.12244,Baluchistan xeric woodlands,13.0,Deserts & Xeric Shrublands,Palearctic
136,Apple_rf_2030y_SOC,cf_mean,,Banda Sea Islands moist deciduous forests,1.0,Tropical & Subtropical Moist Broadleaf Forests,Australasia
564,Apple_rf_2030y_SOC,cf_mean,,Belizian pine savannas,7.0,"Tropical & Subtropical Grasslands, Savannas & Shrublands",Neotropic
565,Apple_rf_2030y_SOC,cf_mean,,Beni savanna,7.0,"Tropical & Subtropical Grasslands, Savannas & Shrublands",Neotropic
779,Apple_rf_2030y_SOC,cf_mean,,Russian Bering tundra,11.0,Tundra,Palearctic
409,Apple_rf_2030y_SOC,cf_mean,,Beringia lowland tundra,11.0,Tundra,Nearctic
410,Apple_rf_2030y_SOC,cf_mean,,Beringia upland tundra,11.0,Tundra,Nearctic
325,Apple_rf_2030y_SOC,cf_mean,,Bermuda subtropical conifer forests,3.0,Tropical & Subtropical Coniferous Forests,Nearctic
137,Apple_rf_2030y_SOC,cf_mean,,Biak-Numfoor rain forests,1.0,Tropical & Subtropical Moist Broadleaf Forests,Australasia
348,Apple_rf_2030y_SOC,cf_mean,,Blue Mountains forests,5.0,Temperate Conifer Forests,Nearctic
742,Apple_rf_2030y_SOC,cf_mean,,Bohai Sea saline meadow,9.0,Flooded Grasslands & Savannas,Palearctic
523,Apple_rf_2030y_SOC,cf_mean,,Bolivian montane dry forests,2.0,Tropical & Subtropical Dry Broadleaf Forests,Neotropic
444,Apple_rf_2030y_SOC,cf_mean,64.17272,Bolivian Yungas,1.0,Tropical & Subtropical Moist Broadleaf Forests,Neotropic
219,Apple_rf_2030y_SOC,cf_mean,,Borneo lowland rain forests,1.0,Tropical & Subtropical Moist Broadleaf Forests,Indomalayan
221,Apple_rf_2030y_SOC,cf_mean,,Borneo peat swamp forests,1.0,Tropical & Subtropical Moist Broadleaf Forests,Indomalayan
222,Apple_rf_2030y_SOC,cf_mean,29.60465,Brahmaputra Valley semi-evergreen forests,1.0,Tropical & Subtropical Moist Broadleaf Forests,Indomalayan
182,Apple_rf_2030y_SOC,cf_mean,20.360668,Brigalow tropical savanna,7.0,"Tropical & Subtropical Grasslands, Savannas & Shrublands",Australasia
349,Apple_rf_2030y_SOC,cf_mean,,British Columbia coastal conifer forests,5.0,Temperate Conifer Forests,Nearctic
411,Apple_rf_2030y_SOC,cf_mean,,Brooks-British Range tundra,11.0,Tundra,Nearctic
138,Apple_rf_2030y_SOC,cf_mean,,Buru rain forests,1.0,Tropical & Subtropical Moist Broadleaf Forests,Australasia
525,Apple_rf_2030y_SOC,cf_mean,23.537897,Caatinga,2.0,Tropical & Subtropical Dry Broadleaf Forests,Neotropic
445,Apple_rf_2030y_SOC,cf_mean,26.461393,Caatinga Enclaves moist forests,1.0,Tropical & Subtropical Moist Broadleaf Forests,Neotropic
691,Apple_rf_2030y_SOC,cf_mean,,Caledon conifer forests,5.0,Temperate Conifer Forests,Palearctic
385,Apple_rf_2030y_SOC,cf_mean,35.251884,California Central Valley grasslands,8.0,"Temperate Grasslands, Savannas & Shrublands",Nearctic
422,Apple_rf_2030y_SOC,cf_mean,38.17943,California coastal sage and chaparral,12.0,"Mediterranean Forests, Woodlands & Scrub",Nearctic
423,Apple_rf_2030y_SOC,cf_mean,40.451,California interior chaparral and woodlands,12.0,"Mediterranean Forests, Woodlands & Scrub",Nearctic
424,Apple_rf_2030y_SOC,cf_mean,39.71274,California montane chaparral and woodlands,12.0,"Mediterranean Forests, Woodlands & Scrub",Nearctic
2,Apple_rf_2030y_SOC,cf_mean,,Cameroon Highlands forests,1.0,Tropical & Subtropical Moist Broadleaf Forests,Afrotropic
566,Apple_rf_2030y_SOC,cf_mean,37.07503,Campos Rupestres montane savanna,7.0,"Tropical & Subtropical Grasslands, Savannas & Shrublands",Neotropic
386,Apple_rf_2030y_SOC,cf_mean,,Canadian Aspen forests and parklands,8.0,"Temperate Grasslands, Savannas & Shrublands",Nearctic
413,Apple_rf_2030y_SOC,cf_mean,,Canadian Low Arctic tundra,11.0,Tundra,Nearctic
787,Apple_rf_2030y_SOC,cf_mean,61.579655,Canary Islands dry woodlands and forests,12.0,"Mediterranean Forests, Woodlands & Scrub",Palearctic
648,Apple_rf_2030y_SOC,cf_mean,64.23212,Cantabrian mixed forests,4.0,Temperate Broadleaf & Mixed Forests,Palearctic
190,Apple_rf_2030y_SOC,cf_mean,83.71209,Canterbury-Otago tussock grasslands,8.0,"Temperate Grasslands, Savannas & Shrublands",Australasia
31,Apple_rf_2030y_SOC,cf_mean,,Cape Verde Islands dry forests,2.0,Tropical & Subtropical Dry Broadleaf Forests,Afrotropic
183,Apple_rf_2030y_SOC,cf_mean,21.05473,Cape York Peninsula tropical savanna,7.0,"Tropical & Subtropical Grasslands, Savannas & Shrublands",Australasia
446,Apple_rf_2030y_SOC,cf_mean,28.750313,Caqueta moist forests,1.0,Tropical & Subtropical Moist Broadleaf Forests,Neotropic
223,Apple_rf_2030y_SOC,cf_mean,,Cardamom Mountains rain forests,1.0,Tropical & Subtropical Moist Broadleaf Forests,Indomalayan
599,Apple_rf_2030y_SOC,cf_mean,,Caribbean shrublands,13.0,Deserts & Xeric Shrublands,Neotropic
207,Apple_rf_2030y_SOC,cf_mean,24.930008,Carnarvon xeric shrublands,13.0,Deserts & Xeric Shrublands,Australasia
618,Apple_rf_2030y_SOC,cf_mean,,Carolines tropical moist forests,1.0,Tropical & Subtropical Moist Broadleaf Forests,Oceania
692,Apple_rf_2030y_SOC,cf_mean,,Carpathian montane forests,5.0,Temperate Conifer Forests,Palearctic
184,Apple_rf_2030y_SOC,cf_mean,24.307901,Carpentaria tropical savanna,7.0,"Tropical & Subtropical Grasslands, Savannas & Shrublands",Australasia
649,Apple_rf_2030y_SOC,cf_mean,,Caspian Hyrcanian mixed forests,4.0,Temperate Broadleaf & Mixed Forests,Palearctic
815,Apple_rf_2030y_SOC,cf_mean,,Caspian lowland desert,13.0,Deserts & Xeric Shrublands,Palearctic
447,Apple_rf_2030y_SOC,cf_mean,35.231503,Catatumbo moist forests,1.0,Tropical & Subtropical Moist Broadleaf Forests,Neotropic
526,Apple_rf_2030y_SOC,cf_mean,50.306644,Cauca Valley dry forests,2.0,Tropical & Subtropical Dry Broadleaf Forests,Neotropic
448,Apple_rf_2030y_SOC,cf_mean,68.17951,Cauca Valley montane forests,1.0,Tropical & Subtropical Moist Broadleaf Forests,Neotropic
650,Apple_rf_2030y_SOC,cf_mean,66.334175,Caucasus mixed forests,4.0,Temperate Broadleaf & Mixed Forests,Palearctic
449,Apple_rf_2030y_SOC,cf_mean,,Cayos Miskitos-San Andrés and Providencia moist forests,1.0,Tropical & Subtropical Moist Broadleaf Forests,Neotropic
651,Apple_rf_2030y_SOC,cf_mean,,Celtic broadleaf forests,4.0,Temperate Broadleaf & Mixed Forests,Palearctic
816,Apple_rf_2030y_SOC,cf_mean,,Central Afghan Mountains xeric woodlands,13.0,Deserts & Xeric Shrublands,Palearctic
111,Apple_rf_2030y_SOC,cf_mean,,Central African mangroves,14.0,Mangroves,Afrotropic
450,Apple_rf_2030y_SOC,cf_mean,40.566143,Central American Atlantic moist forests,1.0,Tropical & Subtropical Moist Broadleaf Forests,Neotropic
527,Apple_rf_2030y_SOC,cf_mean,40.653263,Central American dry forests,2.0,Tropical & Subtropical Dry Broadleaf Forests,Neotropic
451,Apple_rf_2030y_SOC,cf_mean,44.36719,Central American montane forests,1.0,Tropical & Subtropical Moist Broadleaf Forests,Neotropic
553,Apple_rf_2030y_SOC,cf_mean,41.014305,Central American pine-oak forests,3.0,Tropical & Subtropical Coniferous Forests,Neotropic
725,Apple_rf_2030y_SOC,cf_mean,,Central Anatolian steppe,8.0,"Temperate Grasslands, Savannas & Shrublands",Palearctic
652,Apple_rf_2030y_SOC,cf_mean,,Central Anatolian steppe and woodlands,4.0,Temperate Broadleaf & Mixed Forests,Palearctic
352,Apple_rf_2030y_SOC,cf_mean,58.26706,Central-Southern Cascades Forests,5.0,Temperate Conifer Forests,Nearctic
389,Apple_rf_2030y_SOC,cf_mean,31.260471,Central-Southern US mixed grasslands,8.0,"Temperate Grasslands, Savannas & Shrublands",Nearctic
587,Apple_rf_2030y_SOC,cf_mean,35.16578,Central Andean dry puna,10.0,Montane Grasslands & Shrublands,Neotropic
588,Apple_rf_2030y_SOC,cf_mean,41.199974,Central Andean puna,10.0,Montane Grasslands & Shrublands,Neotropic
589,Apple_rf_2030y_SOC,cf_mean,58.706295,Central Andean wet puna,10.0,Montane Grasslands & Shrublands,Neotropic
817,Apple_rf_2030y_SOC,cf_mean,,Central Asian northern desert,13.0,Deserts & Xeric Shrublands,Palearctic
818,Apple_rf_2030y_SOC,cf_mean,,Central Asian riparian woodlands,13.0,Deserts & Xeric Shrublands,Palearctic
819,Apple_rf_2030y_SOC,cf_mean,,Central Asian southern desert,13.0,Deserts & Xeric Shrublands,Palearctic
350,Apple_rf_2030y_SOC,cf_mean,,Central British Columbia Mountain forests,5.0,Temperate Conifer Forests,Nearctic
38,Apple_rf_2030y_SOC,cf_mean,26.337753,Central bushveld,7.0,"Tropical & Subtropical Grasslands, Savannas & Shrublands",Afrotropic
370,Apple_rf_2030y_SOC,cf_mean,,Central Canadian Shield forests,6.0,Boreal Forests/Taiga,Nearctic
653,Apple_rf_2030y_SOC,cf_mean,42.951332,Central China Loess Plateau mixed forests,4.0,Temperate Broadleaf & Mixed Forests,Palearctic
3,Apple_rf_2030y_SOC,cf_mean,,Central Congolian lowland forests,1.0,Tropical & Subtropical Moist Broadleaf Forests,Afrotropic
290,Apple_rf_2030y_SOC,cf_mean,24.821928,Central Deccan Plateau dry deciduous forests,2.0,Tropical & Subtropical Dry Broadleaf Forests,Indomalayan
654,Apple_rf_2030y_SOC,cf_mean,,Central European mixed forests,4.0,Temperate Broadleaf & Mixed Forests,Palearctic
387,Apple_rf_2030y_SOC,cf_mean,,Central US forest-grasslands transition,8.0,"Temperate Grasslands, Savannas & Shrublands",Nearctic
291,Apple_rf_2030y_SOC,cf_mean,,Central Indochina dry forests,2.0,Tropical & Subtropical Dry Broadleaf Forests,Indomalayan
655,Apple_rf_2030y_SOC,cf_mean,,Central Korean deciduous forests,4.0,Temperate Broadleaf & Mixed Forests,Palearctic
427,Apple_rf_2030y_SOC,cf_mean,30.452257,Central Mexican matorral,13.0,Deserts & Xeric Shrublands,Nearctic
351,Apple_rf_2030y_SOC,cf_mean,87.35729,Central Pacific Northwest coastal forests,5.0,Temperate Conifer Forests,Nearctic
820,Apple_rf_2030y_SOC,cf_mean,,Central Persian desert basins,13.0,Deserts & Xeric Shrublands,Palearctic
619,Apple_rf_2030y_SOC,cf_mean,,Central Polynesian tropical moist forests,1.0,Tropical & Subtropical Moist Broadleaf Forests,Oceania
139,Apple_rf_2030y_SOC,cf_mean,,Central Range Papuan montane rain forests,1.0,Tropical & Subtropical Moist Broadleaf Forests,Australasia
195,Apple_rf_2030y_SOC,cf_mean,,Papuan Central Range sub-alpine grasslands,10.0,Montane Grasslands & Shrublands,Australasia
208,Apple_rf_2030y_SOC,cf_mean,18.84269,Central Ranges xeric scrub,13.0,Deserts & Xeric Shrublands,Australasia
118,Apple_rf_2030y_SOC,cf_mean,,Central South Antarctic Peninsula tundra,11.0,Tundra,Antarctica
388,Apple_rf_2030y_SOC,cf_mean,,Central Tallgrass prairie,8.0,"Temperate Grasslands, Savannas & Shrublands",Nearctic
750,Apple_rf_2030y_SOC,cf_mean,42.566387,Central Tibetan Plateau alpine steppe,10.0,Montane Grasslands & Shrublands,Palearctic
39,Apple_rf_2030y_SOC,cf_mean,,Central Zambezian wet miombo woodlands,7.0,"Tropical & Subtropical Grasslands, Savannas & Shrublands",Afrotropic
567,Apple_rf_2030y_SOC,cf_mean,28.214575,Cerrado,7.0,"Tropical & Subtropical Grasslands, Savannas & Shrublands",Neotropic
656,Apple_rf_2030y_SOC,cf_mean,,Changbai Mountains mixed forests,4.0,Temperate Broadleaf & Mixed Forests,Palearctic
657,Apple_rf_2030y_SOC,cf_mean,34.90966,Changjiang Plain evergreen forests,4.0,Temperate Broadleaf & Mixed Forests,Palearctic
224,Apple_rf_2030y_SOC,cf_mean,,Chao Phraya freshwater swamp forests,1.0,Tropical & Subtropical Moist Broadleaf Forests,Indomalayan
225,Apple_rf_2030y_SOC,cf_mean,,Chao Phraya lowland moist deciduous forests,1.0,Tropical & Subtropical Moist Broadleaf Forests,Indomalayan
167,Apple_rf_2030y_SOC,cf_mean,,Chatham Island temperate forests,4.0,Temperate Broadleaf & Mixed Forests,Australasia
771,Apple_rf_2030y_SOC,cf_mean,,Cherskii-Kolyma mountain tundra,11.0,Tundra,Palearctic
292,Apple_rf_2030y_SOC,cf_mean,29.751068,Chhota-Nagpur dry deciduous forests,2.0,Tropical & Subtropical Dry Broadleaf Forests,Indomalayan
528,Apple_rf_2030y_SOC,cf_mean,31.504162,Chiapas Depression dry forests,2.0,Tropical & Subtropical Dry Broadleaf Forests,Neotropic
452,Apple_rf_2030y_SOC,cf_mean,42.355717,Chiapas montane forests,1.0,Tropical & Subtropical Moist Broadleaf Forests,Neotropic
428,Apple_rf_2030y_SOC,cf_mean,26.73645,Chihuahuan desert,13.0,Deserts & Xeric Shrublands,Nearctic
596,Apple_rf_2030y_SOC,cf_mean,67.600494,Chilean Matorral,12.0,"Mediterranean Forests, Woodlands & Scrub",Neotropic
453,Apple_rf_2030y_SOC,cf_mean,34.862755,Chimalapas montane forests,1.0,Tropical & Subtropical Moist Broadleaf Forests,Neotropic
226,Apple_rf_2030y_SOC,cf_mean,39.80425,Chin Hills-Arakan Yoma montane forests,1.0,Tropical & Subtropical Moist Broadleaf Forests,Indomalayan
529,Apple_rf_2030y_SOC,cf_mean,28.764635,Chiquitano dry forests,2.0,Tropical & Subtropical Dry Broadleaf Forests,Neotropic
454,Apple_rf_2030y_SOC,cf_mean,53.175858,Chocó-Darién moist forests,1.0,Tropical & Subtropical Moist Broadleaf Forests,Neotropic
227,Apple_rf_2030y_SOC,cf_mean,,Christmas and Cocos Islands tropical forests,1.0,Tropical & Subtropical Moist Broadleaf Forests,Indomalayan
772,Apple_rf_2030y_SOC,cf_mean,,Chukchi Peninsula tundra,11.0,Tundra,Palearctic
568,Apple_rf_2030y_SOC,cf_mean,,Clipperton Island shrub and grasslands,7.0,"Tropical & Subtropical Grasslands, Savannas & Shrublands",Neotropic
455,Apple_rf_2030y_SOC,cf_mean,,Cocos Island moist forests,1.0,Tropical & Subtropical Moist Broadleaf Forests,Neotropic
429,Apple_rf_2030y_SOC,cf_mean,32.77707,Colorado Plateau shrublands,13.0,Deserts & Xeric Shrublands,Nearctic
353,Apple_rf_2030y_SOC,cf_mean,58.944717,Colorado Rockies forests,5.0,Temperate Conifer Forests,Nearctic
4,Apple_rf_2030y_SOC,cf_mean,,Comoros forests,1.0,Tropical & Subtropical Moist Broadleaf Forests,Afrotropic
371,Apple_rf_2030y_SOC,cf_mean,,Cook Inlet taiga,6.0,Boreal Forests/Taiga,Nearctic
620,Apple_rf_2030y_SOC,cf_mean,,Cook Islands tropical moist forests,1.0,Tropical & Subtropical Moist Broadleaf Forests,Oceania
197,Apple_rf_2030y_SOC,cf_mean,37.72128,Coolgardie woodlands,12.0,"Mediterranean Forests, Woodlands & Scrub",Australasia
372,Apple_rf_2030y_SOC,cf_mean,,Copper Plateau taiga,6.0,Boreal Forests/Taiga,Nearctic
590,Apple_rf_2030y_SOC,cf_mean,65.46072,Cordillera Central páramo,10.0,Montane Grasslands & Shrublands,Neotropic
591,Apple_rf_2030y_SOC,cf_mean,,Cordillera de Merida páramo,10.0,Montane Grasslands & Shrublands,Neotropic
456,Apple_rf_2030y_SOC,cf_mean,,Cordillera La Costa montane forests,1.0,Tropical & Subtropical Moist Broadleaf Forests,Neotropic
457,Apple_rf_2030y_SOC,cf_mean,54.581326,Cordillera Oriental montane forests,1.0,Tropical & Subtropical Moist Broadleaf Forests,Neotropic
788,Apple_rf_2030y_SOC,cf_mean,77.458626,Corsican montane broadleaf and mixed forests,12.0,"Mediterranean Forests, Woodlands & Scrub",Palearctic
458,Apple_rf_2030y_SOC,cf_mean,,Costa Rican seasonal moist forests,1.0,Tropical & Subtropical Moist Broadleaf Forests,Neotropic
789,Apple_rf_2030y_SOC,cf_mean,63.399925,Crete Mediterranean forests,12.0,"Mediterranean Forests, Woodlands & Scrub",Palearctic
658,Apple_rf_2030y_SOC,cf_mean,,Crimean Submediterranean forest complex,4.0,Temperate Broadleaf & Mixed Forests,Palearctic
6,Apple_rf_2030y_SOC,cf_mean,,Cross-Niger transition forests,1.0,Tropical & Subtropical Moist Broadleaf Forests,Afrotropic
7,Apple_rf_2030y_SOC,cf_mean,,Cross-Sanaga-Bioko coastal forests,1.0,Tropical & Subtropical Moist Broadleaf Forests,Afrotropic
390,Apple_rf_2030y_SOC,cf_mean,36.98737,Cross-Timbers savanna-woodland,8.0,"Temperate Grasslands, Savannas & Shrublands",Nearctic
600,Apple_rf_2030y_SOC,cf_mean,,Cuban cactus scrub,13.0,Deserts & Xeric Shrublands,Neotropic
530,Apple_rf_2030y_SOC,cf_mean,,Cuban dry forests,2.0,Tropical & Subtropical Dry Broadleaf Forests,Neotropic
459,Apple_rf_2030y_SOC,cf_mean,,Cuban moist forests,1.0,Tropical & Subtropical Moist Broadleaf Forests,Neotropic
554,Apple_rf_2030y_SOC,cf_mean,,Cuban pine forests,3.0,Tropical & Subtropical Coniferous Forests,Neotropic
579,Apple_rf_2030y_SOC,cf_mean,,Cuban wetlands,9.0,Flooded Grasslands & Savannas,Neotropic
790,Apple_rf_2030y_SOC,cf_mean,46.01513,Cyprus Mediterranean forests,12.0,"Mediterranean Forests, Woodlands & Scrub",Palearctic
693,Apple_rf_2030y_SOC,cf_mean,,Da Hinggan-Dzhagdy Mountains conifer forests,5.0,Temperate Conifer Forests,Palearctic
659,Apple_rf_2030y_SOC,cf_mean,40.126354,Daba Mountains evergreen forests,4.0,Temperate Broadleaf & Mixed Forests,Palearctic
726,Apple_rf_2030y_SOC,cf_mean,,Daurian forest steppe,8.0,"Temperate Grasslands, Savannas & Shrublands",Palearctic
415,Apple_rf_2030y_SOC,cf_mean,,Davis Highlands tundra,11.0,Tundra,Nearctic
315,Apple_rf_2030y_SOC,cf_mean,25.280365,Deccan thorn scrub forests,13.0,Deserts & Xeric Shrublands,Indomalayan
660,Apple_rf_2030y_SOC,cf_mean,64.060684,Dinaric Mountains mixed forests,4.0,Temperate Broadleaf & Mixed Forests,Palearctic
92,Apple_rf_2030y_SOC,cf_mean,,Djibouti xeric shrublands,13.0,Deserts & Xeric Shrublands,Afrotropic
40,Apple_rf_2030y_SOC,cf_mean,39.732113,Drakensberg Escarpment savanna and thicket,7.0,"Tropical & Subtropical Grasslands, Savannas & Shrublands",Afrotropic
41,Apple_rf_2030y_SOC,cf_mean,38.79323,Drakensberg grasslands,7.0,"Tropical & Subtropical Grasslands, Savannas & Shrublands",Afrotropic
0,Apple_rf_2030y_SOC,cf_mean,58.657825,Rock and Ice,11.0,N/A,N/A
569,Apple_rf_2030y_SOC,cf_mean,29.300465,Dry Chaco,7.0,"Tropical & Subtropical Grasslands, Savannas & Shrublands",Neotropic
694,Apple_rf_2030y_SOC,cf_mean,42.979782,East Afghan montane conifer forests,5.0,Temperate Conifer Forests,Palearctic
69,Apple_rf_2030y_SOC,cf_mean,20.465895,East African halophytics,9.0,Flooded Grasslands & Savannas,Afrotropic
112,Apple_rf_2030y_SOC,cf_mean,34.057636,East African mangroves,14.0,Mangroves,Afrotropic
120,Apple_rf_2030y_SOC,cf_mean,,East Antarctic tundra,11.0,Tundra,Antarctica
821,Apple_rf_2030y_SOC,cf_mean,,East Arabian fog shrublands and sand desert,13.0,Deserts & Xeric Shrublands,Palearctic
332,Apple_rf_2030y_SOC,cf_mean,29.56804,East Central Texas forests,4.0,Temperate Broadleaf & Mixed Forests,Nearctic
293,Apple_rf_2030y_SOC,cf_mean,34.46963,East Deccan dry-evergreen forests,2.0,Tropical & Subtropical Dry Broadleaf Forests,Indomalayan
661,Apple_rf_2030y_SOC,cf_mean,,East European forest steppe,4.0,Temperate Broadleaf & Mixed Forests,Palearctic
822,Apple_rf_2030y_SOC,cf_mean,,East Sahara Desert,13.0,Deserts & Xeric Shrublands,Palearctic
823,Apple_rf_2030y_SOC,cf_mean,,East Saharan montane xeric woodlands,13.0,Deserts & Xeric Shrublands,Palearctic
710,Apple_rf_2030y_SOC,cf_mean,,East Siberian taiga,6.0,Boreal Forests/Taiga,Palearctic
43,Apple_rf_2030y_SOC,cf_mean,33.01503,East Sudanian savanna,7.0,"Tropical & Subtropical Grasslands, Savannas & Shrublands",Afrotropic
662,Apple_rf_2030y_SOC,cf_mean,,Eastern Anatolian deciduous forests,4.0,Temperate Broadleaf & Mixed Forests,Palearctic
727,Apple_rf_2030y_SOC,cf_mean,,Eastern Anatolian montane steppe,8.0,"Temperate Grasslands, Savannas & Shrublands",Palearctic
191,Apple_rf_2030y_SOC,cf_mean,20.612635,Eastern Australia mulga shrublands,8.0,"Temperate Grasslands, Savannas & Shrublands",Australasia
168,Apple_rf_2030y_SOC,cf_mean,43.763973,Eastern Australian temperate forests,4.0,Temperate Broadleaf & Mixed Forests,Australasia
373,Apple_rf_2030y_SOC,cf_mean,,Eastern Canadian forests,6.0,Boreal Forests/Taiga,Nearctic
374,Apple_rf_2030y_SOC,cf_mean,,Eastern Canadian Shield taiga,6.0,Boreal Forests/Taiga,Nearctic
354,Apple_rf_2030y_SOC,cf_mean,49.028557,Eastern Cascades forests,5.0,Temperate Conifer Forests,Nearctic
10,Apple_rf_2030y_SOC,cf_mean,,Eastern Congolian swamp forests,1.0,Tropical & Subtropical Moist Broadleaf Forests,Afrotropic
460,Apple_rf_2030y_SOC,cf_mean,59.04809,Eastern Cordillera Real montane forests,1.0,Tropical & Subtropical Moist Broadleaf Forests,Neotropic
333,Apple_rf_2030y_SOC,cf_mean,,Eastern Canadian Forest-Boreal transition,4.0,Temperate Broadleaf & Mixed Forests,Nearctic
824,Apple_rf_2030y_SOC,cf_mean,,Eastern Gobi desert steppe,13.0,Deserts & Xeric Shrublands,Palearctic
334,Apple_rf_2030y_SOC,cf_mean,,Eastern Great Lakes lowland forests,4.0,Temperate Broadleaf & Mixed Forests,Nearctic
11,Apple_rf_2030y_SOC,cf_mean,,Eastern Guinean forests,1.0,Tropical & Subtropical Moist Broadleaf Forests,Afrotropic
228,Apple_rf_2030y_SOC,cf_mean,30.853697,East Deccan moist deciduous forests,1.0,Tropical & Subtropical Moist Broadleaf Forests,Indomalayan
751,Apple_rf_2030y_SOC,cf_mean,58.564568,Eastern Himalayan alpine shrub and meadows,10.0,Montane Grasslands & Shrublands,Palearctic
306,Apple_rf_2030y_SOC,cf_mean,44.964863,Eastern Himalayan broadleaf forests,4.0,Temperate Broadleaf & Mixed Forests,Indomalayan
309,Apple_rf_2030y_SOC,cf_mean,55.518154,Eastern Himalayan subalpine conifer forests,5.0,Temperate Conifer Forests,Indomalayan
229,Apple_rf_2030y_SOC,cf_mean,,Eastern Java-Bali montane rain forests,1.0,Tropical & Subtropical Moist Broadleaf Forests,Indomalayan
230,Apple_rf_2030y_SOC,cf_mean,,Eastern Java-Bali rain forests,1.0,Tropical & Subtropical Moist Broadleaf Forests,Indomalayan
791,Apple_rf_2030y_SOC,cf_mean,32.8815,Eastern Mediterranean conifer-broadleaf forests,12.0,"Mediterranean Forests, Woodlands & Scrub",Palearctic
621,Apple_rf_2030y_SOC,cf_mean,,Eastern Micronesia tropical moist forests,1.0,Tropical & Subtropical Moist Broadleaf Forests,Oceania
461,Apple_rf_2030y_SOC,cf_mean,39.241367,Eastern Panamanian montane forests,1.0,Tropical & Subtropical Moist Broadleaf Forests,Neotropic
531,Apple_rf_2030y_SOC,cf_mean,39.58941,Ecuadorian dry forests,2.0,Tropical & Subtropical Dry Broadleaf Forests,Neotropic
391,Apple_rf_2030y_SOC,cf_mean,36.101868,Edwards Plateau savanna,8.0,"Temperate Grasslands, Savannas & Shrublands",Nearctic
185,Apple_rf_2030y_SOC,cf_mean,22.931576,Einasleigh upland savanna,7.0,"Tropical & Subtropical Grasslands, Savannas & Shrublands",Australasia
695,Apple_rf_2030y_SOC,cf_mean,,Elburz Range forest steppe,5.0,Temperate Conifer Forests,Palearctic
121,Apple_rf_2030y_SOC,cf_mean,,Ellsworth Land tundra,11.0,Tundra,Antarctica
122,Apple_rf_2030y_SOC,cf_mean,,Ellsworth Mountains tundra,11.0,Tundra,Antarctica
728,Apple_rf_2030y_SOC,cf_mean,,Emin Valley steppe,8.0,"Temperate Grasslands, Savannas & Shrublands",Palearctic
123,Apple_rf_2030y_SOC,cf_mean,,Enderby Land tundra,11.0,Tundra,Antarctica
663,Apple_rf_2030y_SOC,cf_mean,,English Lowlands beech forests,4.0,Temperate Broadleaf & Mixed Forests,Palearctic
580,Apple_rf_2030y_SOC,cf_mean,,Enriquillo wetlands,9.0,Flooded Grasslands & Savannas,Neotropic
93,Apple_rf_2030y_SOC,cf_mean,,Eritrean coastal desert,13.0,Deserts & Xeric Shrublands,Afrotropic
198,Apple_rf_2030y_SOC,cf_mean,37.84687,Esperance mallee,12.0,"Mediterranean Forests, Woodlands & Scrub",Australasia
575,Apple_rf_2030y_SOC,cf_mean,28.208546,Espinal,8.0,"Temperate Grasslands, Savannas & Shrublands",Neotropic
12,Apple_rf_2030y_SOC,cf_mean,,Ethiopian montane forests,1.0,Tropical & Subtropical Moist Broadleaf Forests,Afrotropic
79,Apple_rf_2030y_SOC,cf_mean,,Ethiopian montane grasslands and woodlands,10.0,Montane Grasslands & Shrublands,Afrotropic
80,Apple_rf_2030y_SOC,cf_mean,,Ethiopian montane moorlands,10.0,Montane Grasslands & Shrublands,Afrotropic
70,Apple_rf_2030y_SOC,cf_mean,,Etosha Pan halophytics,9.0,Flooded Grasslands & Savannas,Afrotropic
665,Apple_rf_2030y_SOC,cf_mean,60.036278,Euxine-Colchic broadleaf forests,4.0,Temperate Broadleaf & Mixed Forests,Palearctic
581,Apple_rf_2030y_SOC,cf_mean,41.296127,Everglades flooded grasslands,9.0,Flooded Grasslands & Savannas,Neotropic
199,Apple_rf_2030y_SOC,cf_mean,40.20443,Eyre and York mallee,12.0,"Mediterranean Forests, Woodlands & Scrub",Australasia
729,Apple_rf_2030y_SOC,cf_mean,,Faroe Islands boreal grasslands,8.0,"Temperate Grasslands, Savannas & Shrublands",Palearctic
462,Apple_rf_2030y_SOC,cf_mean,,Fernando de Noronha-Atol das Rocas moist forests,1.0,Tropical & Subtropical Moist Broadleaf Forests,Neotropic
635,Apple_rf_2030y_SOC,cf_mean,,Fiji tropical dry forests,2.0,Tropical & Subtropical Dry Broadleaf Forests,Oceania
622,Apple_rf_2030y_SOC,cf_mean,,Fiji tropical moist forests,1.0,Tropical & Subtropical Moist Broadleaf Forests,Oceania
169,Apple_rf_2030y_SOC,cf_mean,,Fiordland temperate forests,4.0,Temperate Broadleaf & Mixed Forests,Australasia
200,Apple_rf_2030y_SOC,cf_mean,34.69075,Flinders-Lofty montane woodlands,12.0,"Mediterranean Forests, Woodlands & Scrub",Australasia
392,Apple_rf_2030y_SOC,cf_mean,,Flint Hills tallgrass prairie,8.0,"Temperate Grasslands, Savannas & Shrublands",Nearctic
355,Apple_rf_2030y_SOC,cf_mean,,Fraser Plateau and Basin conifer forests,5.0,Temperate Conifer Forests,Nearctic
89,Apple_rf_2030y_SOC,cf_mean,43.556633,Fynbos shrubland,12.0,"Mediterranean Forests, Woodlands & Scrub",Afrotropic
601,Apple_rf_2030y_SOC,cf_mean,52.679394,Galápagos Islands xeric scrub,13.0,Deserts & Xeric Shrublands,Neotropic
94,Apple_rf_2030y_SOC,cf_mean,26.142822,Gariep Karoo,13.0,Deserts & Xeric Shrublands,Afrotropic
752,Apple_rf_2030y_SOC,cf_mean,,Ghorat-Hazarajat alpine meadow,10.0,Montane Grasslands & Shrublands,Palearctic
209,Apple_rf_2030y_SOC,cf_mean,16.10664,Gibson desert,13.0,Deserts & Xeric Shrublands,Australasia
730,Apple_rf_2030y_SOC,cf_mean,,Gissaro-Alai open woodlands,8.0,"Temperate Grasslands, Savannas & Shrublands",Palearctic
316,Apple_rf_2030y_SOC,cf_mean,45.345795,Godavari-Krishna mangroves,13.0,Deserts & Xeric Shrublands,Indomalayan
825,Apple_rf_2030y_SOC,cf_mean,,Gobi Lakes Valley desert steppe,13.0,Deserts & Xeric Shrublands,Palearctic
13,Apple_rf_2030y_SOC,cf_mean,,Granitic Seychelles forests,1.0,Tropical & Subtropical Moist Broadleaf Forests,Afrotropic
356,Apple_rf_2030y_SOC,cf_mean,52.92436,Great Basin montane forests,5.0,Temperate Conifer Forests,Nearctic
430,Apple_rf_2030y_SOC,cf_mean,36.30828,Great Basin shrub steppe,13.0,Deserts & Xeric Shrublands,Nearctic
826,Apple_rf_2030y_SOC,cf_mean,,Great Lakes Basin desert steppe,13.0,Deserts & Xeric Shrublands,Palearctic
210,Apple_rf_2030y_SOC,cf_mean,21.811333,Great Sandy-Tanami desert,13.0,Deserts & Xeric Shrublands,Australasia
211,Apple_rf_2030y_SOC,cf_mean,28.485222,Great Victoria desert,13.0,Deserts & Xeric Shrublands,Australasia
231,Apple_rf_2030y_SOC,cf_mean,,Greater Negros-Panay rain forests,1.0,Tropical & Subtropical Moist Broadleaf Forests,Indomalayan
602,Apple_rf_2030y_SOC,cf_mean,43.177795,Guajira-Barranquilla xeric scrub,13.0,Deserts & Xeric Shrublands,Neotropic
582,Apple_rf_2030y_SOC,cf_mean,40.97902,Guayaquil flooded grasslands,9.0,Flooded Grasslands & Savannas,Neotropic
463,Apple_rf_2030y_SOC,cf_mean,,Guianan freshwater swamp forests,1.0,Tropical & Subtropical Moist Broadleaf Forests,Neotropic
464,Apple_rf_2030y_SOC,cf_mean,35.04031,Guianan Highlands moist forests,1.0,Tropical & Subtropical Moist Broadleaf Forests,Neotropic
465,Apple_rf_2030y_SOC,cf_mean,32.92705,Guianan lowland moist forests,1.0,Tropical & Subtropical Moist Broadleaf Forests,Neotropic
466,Apple_rf_2030y_SOC,cf_mean,28.459915,Guianan piedmont moist forests,1.0,Tropical & Subtropical Moist Broadleaf Forests,Neotropic
570,Apple_rf_2030y_SOC,cf_mean,29.449392,Guianan savanna,7.0,"Tropical & Subtropical Grasslands, Savannas & Shrublands",Neotropic
44,Apple_rf_2030y_SOC,cf_mean,,Guinean forest-savanna,7.0,"Tropical & Subtropical Grasslands, Savannas & Shrublands",Afrotropic
113,Apple_rf_2030y_SOC,cf_mean,,Guinean mangroves,14.0,Mangroves,Afrotropic
14,Apple_rf_2030y_SOC,cf_mean,,Guinean montane forests,1.0,Tropical & Subtropical Moist Broadleaf Forests,Afrotropic
642,Apple_rf_2030y_SOC,cf_mean,41.92381,Guizhou Plateau broadleaf and mixed forests,1.0,Tropical & Subtropical Moist Broadleaf Forests,Palearctic
431,Apple_rf_2030y_SOC,cf_mean,28.889578,Gulf of California xeric scrub,13.0,Deserts & Xeric Shrublands,Nearctic
335,Apple_rf_2030y_SOC,cf_mean,,Gulf of St. Lawrence lowland forests,4.0,Temperate Broadleaf & Mixed Forests,Nearctic
467,Apple_rf_2030y_SOC,cf_mean,26.572714,Gurupa várzea,1.0,Tropical & Subtropical Moist Broadleaf Forests,Neotropic
232,Apple_rf_2030y_SOC,cf_mean,45.887756,Hainan Island monsoon rain forests,1.0,Tropical & Subtropical Moist Broadleaf Forests,Indomalayan
140,Apple_rf_2030y_SOC,cf_mean,,Halmahera rain forests,1.0,Tropical & Subtropical Moist Broadleaf Forests,Australasia
201,Apple_rf_2030y_SOC,cf_mean,48.146877,Hampton mallee and woodlands,12.0,"Mediterranean Forests, Woodlands & Scrub",Australasia
636,Apple_rf_2030y_SOC,cf_mean,59.993107,Hawai'i tropical dry forests,2.0,Tropical & Subtropical Dry Broadleaf Forests,Oceania
639,Apple_rf_2030y_SOC,cf_mean,44.831936,Hawai'i tropical high shrublands,7.0,"Tropical & Subtropical Grasslands, Savannas & Shrublands",Oceania
640,Apple_rf_2030y_SOC,cf_mean,69.288795,Hawai'i tropical low shrublands,7.0,"Tropical & Subtropical Grasslands, Savannas & Shrublands",Oceania
623,Apple_rf_2030y_SOC,cf_mean,75.42355,Hawai'i tropical moist forests,1.0,Tropical & Subtropical Moist Broadleaf Forests,Oceania
696,Apple_rf_2030y_SOC,cf_mean,,Helanshan montane conifer forests,5.0,Temperate Conifer Forests,Palearctic
697,Apple_rf_2030y_SOC,cf_mean,72.74205,Hengduan Mountains subalpine conifer forests,5.0,Temperate Conifer Forests,Palearctic
412,Apple_rf_2030y_SOC,cf_mean,,Canadian High Arctic tundra,11.0,Tundra,Nearctic
592,Apple_rf_2030y_SOC,cf_mean,31.772785,High Monte,10.0,Montane Grasslands & Shrublands,Neotropic
81,Apple_rf_2030y_SOC,cf_mean,28.162245,Highveld grasslands,10.0,Montane Grasslands & Shrublands,Afrotropic
233,Apple_rf_2030y_SOC,cf_mean,33.098316,Himalayan subtropical broadleaf forests,1.0,Tropical & Subtropical Moist Broadleaf Forests,Indomalayan
302,Apple_rf_2030y_SOC,cf_mean,37.116547,Himalayan subtropical pine forests,3.0,Tropical & Subtropical Coniferous Forests,Indomalayan
753,Apple_rf_2030y_SOC,cf_mean,62.65511,Hindu Kush alpine meadow,10.0,Montane Grasslands & Shrublands,Palearctic
532,Apple_rf_2030y_SOC,cf_mean,,Hispaniolan dry forests,2.0,Tropical & Subtropical Dry Broadleaf Forests,Neotropic
468,Apple_rf_2030y_SOC,cf_mean,,Hispaniolan moist forests,1.0,Tropical & Subtropical Moist Broadleaf Forests,Neotropic
555,Apple_rf_2030y_SOC,cf_mean,,Hispaniolan pine forests,3.0,Tropical & Subtropical Coniferous Forests,Neotropic
95,Apple_rf_2030y_SOC,cf_mean,,Hobyo grasslands and shrublands,13.0,Deserts & Xeric Shrublands,Afrotropic
666,Apple_rf_2030y_SOC,cf_mean,,Hokkaido deciduous forests,4.0,Temperate Broadleaf & Mixed Forests,Palearctic
698,Apple_rf_2030y_SOC,cf_mean,,Hokkaido montane conifer forests,5.0,Temperate Conifer Forests,Palearctic
699,Apple_rf_2030y_SOC,cf_mean,,Honshu alpine conifer forests,5.0,Temperate Conifer Forests,Palearctic
45,Apple_rf_2030y_SOC,cf_mean,,Horn of Africa xeric bushlands,7.0,"Tropical & Subtropical Grasslands, Savannas & Shrublands",Afrotropic
667,Apple_rf_2030y_SOC,cf_mean,44.708282,Huang He Plain mixed forests,4.0,Temperate Broadleaf & Mixed Forests,Palearctic
571,Apple_rf_2030y_SOC,cf_mean,27.67348,Humid Chaco,7.0,"Tropical & Subtropical Grasslands, Savannas & Shrublands",Neotropic
576,Apple_rf_2030y_SOC,cf_mean,41.162598,Humid Pampas,8.0,"Temperate Grasslands, Savannas & Shrublands",Neotropic
141,Apple_rf_2030y_SOC,cf_mean,,Huon Peninsula montane rain forests,1.0,Tropical & Subtropical Moist Broadleaf Forests,Australasia
792,Apple_rf_2030y_SOC,cf_mean,36.629204,Iberian conifer forests,12.0,"Mediterranean Forests, Woodlands & Scrub",Palearctic
793,Apple_rf_2030y_SOC,cf_mean,30.846512,Iberian sclerophyllous and semi-deciduous forests,12.0,"Mediterranean Forests, Woodlands & Scrub",Palearctic
711,Apple_rf_2030y_SOC,cf_mean,,Iceland boreal birch forests and alpine tundra,6.0,Boreal Forests/Taiga,Palearctic
794,Apple_rf_2030y_SOC,cf_mean,52.50886,Illyrian deciduous forests,12.0,"Mediterranean Forests, Woodlands & Scrub",Palearctic
319,Apple_rf_2030y_SOC,cf_mean,,Indochina mangroves,14.0,Mangroves,Indomalayan
320,Apple_rf_2030y_SOC,cf_mean,27.011625,Indus River Delta-Arabian Sea mangroves,14.0,Mangroves,Indomalayan
317,Apple_rf_2030y_SOC,cf_mean,,Indus Valley desert,13.0,Deserts & Xeric Shrublands,Indomalayan
71,Apple_rf_2030y_SOC,cf_mean,,Inner Niger Delta flooded savanna,9.0,Flooded Grasslands & Savannas,Afrotropic
375,Apple_rf_2030y_SOC,cf_mean,,Interior Alaska-Yukon lowland taiga,6.0,Boreal Forests/Taiga,Nearctic
336,Apple_rf_2030y_SOC,cf_mean,31.788782,Interior Plateau US Hardwood Forests,4.0,Temperate Broadleaf & Mixed Forests,Nearctic
416,Apple_rf_2030y_SOC,cf_mean,,Interior Yukon-Alaska alpine tundra,11.0,Tundra,Nearctic
469,Apple_rf_2030y_SOC,cf_mean,29.913721,Iquitos várzea,1.0,Tropical & Subtropical Moist Broadleaf Forests,Neotropic
294,Apple_rf_2030y_SOC,cf_mean,,Irrawaddy dry forests,2.0,Tropical & Subtropical Dry Broadleaf Forests,Indomalayan
234,Apple_rf_2030y_SOC,cf_mean,,Irrawaddy freshwater swamp forests,1.0,Tropical & Subtropical Moist Broadleaf Forests,Indomalayan
235,Apple_rf_2030y_SOC,cf_mean,,Irrawaddy moist deciduous forests,1.0,Tropical & Subtropical Moist Broadleaf Forests,Indomalayan
533,Apple_rf_2030y_SOC,cf_mean,,Islas Revillagigedo dry forests,2.0,Tropical & Subtropical Dry Broadleaf Forests,Neotropic
470,Apple_rf_2030y_SOC,cf_mean,,Isthmian-Atlantic moist forests,1.0,Tropical & Subtropical Moist Broadleaf Forests,Neotropic
471,Apple_rf_2030y_SOC,cf_mean,,Isthmian-Pacific moist forests,1.0,Tropical & Subtropical Moist Broadleaf Forests,Neotropic
795,Apple_rf_2030y_SOC,cf_mean,46.034206,Italian sclerophyllous and semi-deciduous forests,12.0,"Mediterranean Forests, Woodlands & Scrub",Palearctic
46,Apple_rf_2030y_SOC,cf_mean,,Itigi-Sumbu thicket,7.0,"Tropical & Subtropical Grasslands, Savannas & Shrublands",Afrotropic
534,Apple_rf_2030y_SOC,cf_mean,38.968113,Jalisco dry forests,2.0,Tropical & Subtropical Dry Broadleaf Forests,Neotropic
535,Apple_rf_2030y_SOC,cf_mean,,Jamaican dry forests,2.0,Tropical & Subtropical Dry Broadleaf Forests,Neotropic
472,Apple_rf_2030y_SOC,cf_mean,,Jamaican moist forests,1.0,Tropical & Subtropical Moist Broadleaf Forests,Neotropic
473,Apple_rf_2030y_SOC,cf_mean,31.98996,Japurá-Solimões-Negro moist forests,1.0,Tropical & Subtropical Moist Broadleaf Forests,Neotropic
202,Apple_rf_2030y_SOC,cf_mean,68.85482,Jarrah-Karri forest and shrublands,12.0,"Mediterranean Forests, Woodlands & Scrub",Australasia
236,Apple_rf_2030y_SOC,cf_mean,36.684772,Jian Nan subtropical evergreen forests,1.0,Tropical & Subtropical Moist Broadleaf Forests,Indomalayan
82,Apple_rf_2030y_SOC,cf_mean,,Jos Plateau forest-grassland,10.0,Montane Grasslands & Shrublands,Afrotropic
560,Apple_rf_2030y_SOC,cf_mean,,Juan Fernández Islands temperate forests,4.0,Temperate Broadleaf & Mixed Forests,Neotropic
827,Apple_rf_2030y_SOC,cf_mean,,Junggar Basin semi-desert,13.0,Deserts & Xeric Shrublands,Palearctic
474,Apple_rf_2030y_SOC,cf_mean,34.34743,Juruá-Purus moist forests,1.0,Tropical & Subtropical Moist Broadleaf Forests,Neotropic
418,Apple_rf_2030y_SOC,cf_mean,,Kalaallit Nunaat High Arctic tundra,11.0,Tundra,Nearctic
47,Apple_rf_2030y_SOC,cf_mean,,Kalahari Acacia woodlands,7.0,"Tropical & Subtropical Grasslands, Savannas & Shrublands",Afrotropic
97,Apple_rf_2030y_SOC,cf_mean,23.704157,Kalahari xeric savanna,13.0,Deserts & Xeric Shrublands,Afrotropic
713,Apple_rf_2030y_SOC,cf_mean,,Kamchatka-Kurile meadows and sparse forests,6.0,Boreal Forests/Taiga,Palearctic
712,Apple_rf_2030y_SOC,cf_mean,,Kamchatka taiga,6.0,Boreal Forests/Taiga,Palearctic
98,Apple_rf_2030y_SOC,cf_mean,,Kaokoveld desert,13.0,Deserts & Xeric Shrublands,Afrotropic
754,Apple_rf_2030y_SOC,cf_mean,54.718895,Karakoram-West Tibetan Plateau alpine steppe,10.0,Montane Grasslands & Shrublands,Palearctic
237,Apple_rf_2030y_SOC,cf_mean,,Kayah-Karen montane rain forests,1.0,Tropical & Subtropical Moist Broadleaf Forests,Indomalayan
731,Apple_rf_2030y_SOC,cf_mean,,Kazakh forest steppe,8.0,"Temperate Grasslands, Savannas & Shrublands",Palearctic
828,Apple_rf_2030y_SOC,cf_mean,,Kazakh semi-desert,13.0,Deserts & Xeric Shrublands,Palearctic
732,Apple_rf_2030y_SOC,cf_mean,,Kazakh steppe,8.0,"Temperate Grasslands, Savannas & Shrublands",Palearctic
733,Apple_rf_2030y_SOC,cf_mean,,Kazakh upland steppe,8.0,"Temperate Grasslands, Savannas & Shrublands",Palearctic
624,Apple_rf_2030y_SOC,cf_mean,,Kermadec Islands subtropical moist forests,1.0,Tropical & Subtropical Moist Broadleaf Forests,Oceania
755,Apple_rf_2030y_SOC,cf_mean,,Khangai Mountains alpine meadow,10.0,Montane Grasslands & Shrublands,Palearctic
700,Apple_rf_2030y_SOC,cf_mean,,Khangai Mountains conifer forests,5.0,Temperate Conifer Forests,Palearctic
295,Apple_rf_2030y_SOC,cf_mean,21.46674,Khathiar-Gir dry deciduous forests,2.0,Tropical & Subtropical Dry Broadleaf Forests,Indomalayan
186,Apple_rf_2030y_SOC,cf_mean,22.58535,Kimberly tropical savanna,7.0,"Tropical & Subtropical Grasslands, Savannas & Shrublands",Australasia
357,Apple_rf_2030y_SOC,cf_mean,56.212795,Klamath-Siskiyou forests,5.0,Temperate Conifer Forests,Nearctic
15,Apple_rf_2030y_SOC,cf_mean,51.35063,Knysna-Amatole montane forests,1.0,Tropical & Subtropical Moist Broadleaf Forests,Afrotropic
774,Apple_rf_2030y_SOC,cf_mean,,Kola Peninsula tundra,11.0,Tundra,Palearctic
829,Apple_rf_2030y_SOC,cf_mean,,Kopet Dag semi-desert,13.0,Deserts & Xeric Shrublands,Palearctic
756,Apple_rf_2030y_SOC,cf_mean,,Kopet Dag woodlands and forest steppe,10.0,Montane Grasslands & Shrublands,Palearctic
757,Apple_rf_2030y_SOC,cf_mean,,Kuh Rud and Eastern Iran montane woodlands,10.0,Montane Grasslands & Shrublands,Palearctic
16,Apple_rf_2030y_SOC,cf_mean,44.790127,Kwazulu Natal-Cape coastal forests,1.0,Tropical & Subtropical Moist Broadleaf Forests,Afrotropic
603,Apple_rf_2030y_SOC,cf_mean,,La Costa xeric shrublands,13.0,Deserts & Xeric Shrublands,Neotropic
72,Apple_rf_2030y_SOC,cf_mean,,Lake Chad flooded savanna,9.0,Flooded Grasslands & Savannas,Afrotropic
536,Apple_rf_2030y_SOC,cf_mean,,Lara-Falcón dry forests,2.0,Tropical & Subtropical Dry Broadleaf Forests,Neotropic
475,Apple_rf_2030y_SOC,cf_mean,,Leeward Islands moist forests,1.0,Tropical & Subtropical Moist Broadleaf Forests,Neotropic
163,Apple_rf_2030y_SOC,cf_mean,,Lesser Sundas deciduous forests,2.0,Tropical & Subtropical Dry Broadleaf Forests,Australasia
48,Apple_rf_2030y_SOC,cf_mean,31.014177,Limpopo lowveld,7.0,"Tropical & Subtropical Grasslands, Savannas & Shrublands",Afrotropic
572,Apple_rf_2030y_SOC,cf_mean,28.895836,Llanos,7.0,"Tropical & Subtropical Grasslands, Savannas & Shrublands",Neotropic
142,Apple_rf_2030y_SOC,cf_mean,,Lord Howe Island subtropical forests,1.0,Tropical & Subtropical Moist Broadleaf Forests,Australasia
143,Apple_rf_2030y_SOC,cf_mean,,Louisiade Archipelago rain forests,1.0,Tropical & Subtropical Moist Broadleaf Forests,Australasia
577,Apple_rf_2030y_SOC,cf_mean,22.642546,Low Monte,8.0,"Temperate Grasslands, Savannas & Shrublands",Neotropic
238,Apple_rf_2030y_SOC,cf_mean,28.829702,Lower Gangetic Plains moist deciduous forests,1.0,Tropical & Subtropical Moist Broadleaf Forests,Indomalayan
239,Apple_rf_2030y_SOC,cf_mean,,Luang Prabang montane rain forests,1.0,Tropical & Subtropical Moist Broadleaf Forests,Indomalayan
240,Apple_rf_2030y_SOC,cf_mean,,Luzon montane rain forests,1.0,Tropical & Subtropical Moist Broadleaf Forests,Indomalayan
241,Apple_rf_2030y_SOC,cf_mean,,Luzon rain forests,1.0,Tropical & Subtropical Moist Broadleaf Forests,Indomalayan
303,Apple_rf_2030y_SOC,cf_mean,,Luzon tropical pine forests,3.0,Tropical & Subtropical Coniferous Forests,Indomalayan
32,Apple_rf_2030y_SOC,cf_mean,30.133238,Madagascar dry deciduous forests,2.0,Tropical & Subtropical Dry Broadleaf Forests,Afrotropic
83,Apple_rf_2030y_SOC,cf_mean,44.340797,Madagascar ericoid thickets,10.0,Montane Grasslands & Shrublands,Afrotropic
17,Apple_rf_2030y_SOC,cf_mean,47.467457,Madagascar humid forests,1.0,Tropical & Subtropical Moist Broadleaf Forests,Afrotropic
114,Apple_rf_2030y_SOC,cf_mean,39.056835,Madagascar mangroves,14.0,Mangroves,Afrotropic
99,Apple_rf_2030y_SOC,cf_mean,26.095444,Madagascar spiny thickets,13.0,Deserts & Xeric Shrublands,Afrotropic
18,Apple_rf_2030y_SOC,cf_mean,33.840996,Madagascar subhumid forests,1.0,Tropical & Subtropical Moist Broadleaf Forests,Afrotropic
100,Apple_rf_2030y_SOC,cf_mean,27.40193,Madagascar succulent woodlands,13.0,Deserts & Xeric Shrublands,Afrotropic
476,Apple_rf_2030y_SOC,cf_mean,30.6559,Madeira-Tapajós moist forests,1.0,Tropical & Subtropical Moist Broadleaf Forests,Neotropic
668,Apple_rf_2030y_SOC,cf_mean,,Madeira evergreen forests,4.0,Temperate Broadleaf & Mixed Forests,Palearctic
478,Apple_rf_2030y_SOC,cf_mean,33.101337,Magdalena-Urabá moist forests,1.0,Tropical & Subtropical Moist Broadleaf Forests,Neotropic
538,Apple_rf_2030y_SOC,cf_mean,45.151752,Magdalena Valley dry forests,2.0,Tropical & Subtropical Dry Broadleaf Forests,Neotropic
477,Apple_rf_2030y_SOC,cf_mean,58.331608,Magdalena Valley montane forests,1.0,Tropical & Subtropical Moist Broadleaf Forests,Neotropic
561,Apple_rf_2030y_SOC,cf_mean,,Magellanic subpolar forests,4.0,Temperate Broadleaf & Mixed Forests,Neotropic
73,Apple_rf_2030y_SOC,cf_mean,,Makgadikgadi halophytics,9.0,Flooded Grasslands & Savannas,Afrotropic
242,Apple_rf_2030y_SOC,cf_mean,45.76871,Malabar Coast moist forests,1.0,Tropical & Subtropical Moist Broadleaf Forests,Indomalayan
243,Apple_rf_2030y_SOC,cf_mean,,Maldives-Lakshadweep-Chagos Archipelago tropical moist forests,1.0,Tropical & Subtropical Moist Broadleaf Forests,Indomalayan
604,Apple_rf_2030y_SOC,cf_mean,,Malpelo Island xeric scrub,13.0,Deserts & Xeric Shrublands,Neotropic
669,Apple_rf_2030y_SOC,cf_mean,,Manchurian mixed forests,4.0,Temperate Broadleaf & Mixed Forests,Palearctic
49,Apple_rf_2030y_SOC,cf_mean,,Mandara Plateau woodlands,7.0,"Tropical & Subtropical Grasslands, Savannas & Shrublands",Afrotropic
19,Apple_rf_2030y_SOC,cf_mean,34.12222,Maputaland coastal forests and woodlands,1.0,Tropical & Subtropical Moist Broadleaf Forests,Afrotropic
539,Apple_rf_2030y_SOC,cf_mean,,Maracaibo dry forests,2.0,Tropical & Subtropical Dry Broadleaf Forests,Neotropic
480,Apple_rf_2030y_SOC,cf_mean,34.829075,Marajó várzea,1.0,Tropical & Subtropical Moist Broadleaf Forests,Neotropic
540,Apple_rf_2030y_SOC,cf_mean,23.110289,Maranhão Babaçu forests,2.0,Tropical & Subtropical Dry Broadleaf Forests,Neotropic
479,Apple_rf_2030y_SOC,cf_mean,50.528595,Marañón dry forests,1.0,Tropical & Subtropical Moist Broadleaf Forests,Neotropic
637,Apple_rf_2030y_SOC,cf_mean,,Marianas tropical dry forests,2.0,Tropical & Subtropical Dry Broadleaf Forests,Oceania
625,Apple_rf_2030y_SOC,cf_mean,,Marquesas tropical moist forests,1.0,Tropical & Subtropical Moist Broadleaf Forests,Oceania
50,Apple_rf_2030y_SOC,cf_mean,20.010366,Masai xeric grasslands and shrublands,7.0,"Tropical & Subtropical Grasslands, Savannas & Shrublands",Afrotropic
20,Apple_rf_2030y_SOC,cf_mean,,Mascarene forests,1.0,Tropical & Subtropical Moist Broadleaf Forests,Afrotropic
481,Apple_rf_2030y_SOC,cf_mean,31.999897,Mato Grosso tropical dry forests,1.0,Tropical & Subtropical Moist Broadleaf Forests,Neotropic
796,Apple_rf_2030y_SOC,cf_mean,25.759031,Mediterranean Acacia-Argania dry woodlands and succulent thickets,12.0,"Mediterranean Forests, Woodlands & Scrub",Palearctic
701,Apple_rf_2030y_SOC,cf_mean,40.004257,Mediterranean conifer and mixed forests,5.0,Temperate Conifer Forests,Palearctic
797,Apple_rf_2030y_SOC,cf_mean,21.68707,Mediterranean dry woodlands and steppe,12.0,"Mediterranean Forests, Woodlands & Scrub",Palearctic
758,Apple_rf_2030y_SOC,cf_mean,27.937454,Mediterranean High Atlas juniper steppe,10.0,Montane Grasslands & Shrublands,Palearctic
798,Apple_rf_2030y_SOC,cf_mean,32.164185,Mediterranean woodlands and forests,12.0,"Mediterranean Forests, Woodlands & Scrub",Palearctic
244,Apple_rf_2030y_SOC,cf_mean,36.32308,Meghalaya subtropical forests,1.0,Tropical & Subtropical Moist Broadleaf Forests,Indomalayan
245,Apple_rf_2030y_SOC,cf_mean,,Mentawai Islands rain forests,1.0,Tropical & Subtropical Moist Broadleaf Forests,Indomalayan
432,Apple_rf_2030y_SOC,cf_mean,28.36791,Meseta Central matorral,13.0,Deserts & Xeric Shrublands,Nearctic
613,Apple_rf_2030y_SOC,cf_mean,54.86853,Mesoamerican Gulf-Caribbean mangroves,14.0,Mangroves,Neotropic
830,Apple_rf_2030y_SOC,cf_mean,22.253498,Mesopotamian shrub desert,13.0,Deserts & Xeric Shrublands,Palearctic
376,Apple_rf_2030y_SOC,cf_mean,,Mid-Canada Boreal Plains forests,6.0,Boreal Forests/Taiga,Nearctic
414,Apple_rf_2030y_SOC,cf_mean,,Canadian Middle Arctic Tundra,11.0,Tundra,Nearctic
393,Apple_rf_2030y_SOC,cf_mean,44.46379,Mid-Atlantic US coastal savannas,8.0,"Temperate Grasslands, Savannas & Shrublands",Nearctic
377,Apple_rf_2030y_SOC,cf_mean,,Midwest Canadian Shield forests,6.0,Boreal Forests/Taiga,Nearctic
247,Apple_rf_2030y_SOC,cf_mean,,Mindanao-Eastern Visayas rain forests,1.0,Tropical & Subtropical Moist Broadleaf Forests,Indomalayan
246,Apple_rf_2030y_SOC,cf_mean,,Mindanao montane rain forests,1.0,Tropical & Subtropical Moist Broadleaf Forests,Indomalayan
248,Apple_rf_2030y_SOC,cf_mean,,Mindoro rain forests,1.0,Tropical & Subtropical Moist Broadleaf Forests,Indomalayan
573,Apple_rf_2030y_SOC,cf_mean,37.970585,Miskito pine forests,7.0,"Tropical & Subtropical Grasslands, Savannas & Shrublands",Neotropic
337,Apple_rf_2030y_SOC,cf_mean,41.21331,Mississippi lowland forests,4.0,Temperate Broadleaf & Mixed Forests,Nearctic
187,Apple_rf_2030y_SOC,cf_mean,21.15768,Mitchell Grass Downs,7.0,"Tropical & Subtropical Grasslands, Savannas & Shrublands",Australasia
249,Apple_rf_2030y_SOC,cf_mean,37.672234,Mizoram-Manipur-Kachin rain forests,1.0,Tropical & Subtropical Moist Broadleaf Forests,Indomalayan
433,Apple_rf_2030y_SOC,cf_mean,25.066532,Mojave desert,13.0,Deserts & Xeric Shrublands,Nearctic
734,Apple_rf_2030y_SOC,cf_mean,,Mongolian-Manchurian grassland,8.0,"Temperate Grasslands, Savannas & Shrublands",Palearctic
394,Apple_rf_2030y_SOC,cf_mean,61.50926,Montana Valley and Foothill grasslands,8.0,"Temperate Grasslands, Savannas & Shrublands",Nearctic
482,Apple_rf_2030y_SOC,cf_mean,30.600462,Monte Alegre várzea,1.0,Tropical & Subtropical Moist Broadleaf Forests,Neotropic
605,Apple_rf_2030y_SOC,cf_mean,35.473377,Motagua Valley thornscrub,13.0,Deserts & Xeric Shrublands,Neotropic
21,Apple_rf_2030y_SOC,cf_mean,,Mount Cameroon and Bioko montane forests,1.0,Tropical & Subtropical Moist Broadleaf Forests,Afrotropic
84,Apple_rf_2030y_SOC,cf_mean,,Mulanje Montane forest-grassland,10.0,Montane Grasslands & Shrublands,Afrotropic
203,Apple_rf_2030y_SOC,cf_mean,28.7909,Murray-Darling woodlands and mallee,12.0,"Mediterranean Forests, Woodlands & Scrub",Australasia
378,Apple_rf_2030y_SOC,cf_mean,,Muskwa-Slave Lake taiga,6.0,Boreal Forests/Taiga,Nearctic
321,Apple_rf_2030y_SOC,cf_mean,,Myanmar Coast mangroves,14.0,Mangroves,Indomalayan
250,Apple_rf_2030y_SOC,cf_mean,,Myanmar coastal rain forests,1.0,Tropical & Subtropical Moist Broadleaf Forests,Indomalayan
101,Apple_rf_2030y_SOC,cf_mean,27.8509,Nama Karoo shrublands,13.0,Deserts & Xeric Shrublands,Afrotropic
102,Apple_rf_2030y_SOC,cf_mean,,Namaqualand-Richtersveld steppe,13.0,Deserts & Xeric Shrublands,Afrotropic
103,Apple_rf_2030y_SOC,cf_mean,,Namib Desert,13.0,Deserts & Xeric Shrublands,Afrotropic
104,Apple_rf_2030y_SOC,cf_mean,,Namibian savanna woodlands,13.0,Deserts & Xeric Shrublands,Afrotropic
251,Apple_rf_2030y_SOC,cf_mean,90.593765,Nansei Islands subtropical evergreen forests,1.0,Tropical & Subtropical Moist Broadleaf Forests,Indomalayan
483,Apple_rf_2030y_SOC,cf_mean,33.80451,Napo moist forests,1.0,Tropical & Subtropical Moist Broadleaf Forests,Neotropic
204,Apple_rf_2030y_SOC,cf_mean,52.718735,Naracoorte woodlands,12.0,"Mediterranean Forests, Woodlands & Scrub",Australasia
296,Apple_rf_2030y_SOC,cf_mean,23.077671,Narmada Valley dry deciduous forests,2.0,Tropical & Subtropical Dry Broadleaf Forests,Indomalayan
395,Apple_rf_2030y_SOC,cf_mean,,Nebraska Sand Hills mixed grasslands,8.0,"Temperate Grasslands, Savannas & Shrublands",Nearctic
484,Apple_rf_2030y_SOC,cf_mean,27.957687,Negro-Branco moist forests,1.0,Tropical & Subtropical Moist Broadleaf Forests,Neotropic
170,Apple_rf_2030y_SOC,cf_mean,98.9218,Nelson Coast temperate forests,4.0,Temperate Broadleaf & Mixed Forests,Australasia
743,Apple_rf_2030y_SOC,cf_mean,,Nenjiang River grassland,9.0,Flooded Grasslands & Savannas,Palearctic
144,Apple_rf_2030y_SOC,cf_mean,,New Britain-New Ireland lowland rain forests,1.0,Tropical & Subtropical Moist Broadleaf Forests,Australasia
145,Apple_rf_2030y_SOC,cf_mean,,New Britain-New Ireland montane rain forests,1.0,Tropical & Subtropical Moist Broadleaf Forests,Australasia
164,Apple_rf_2030y_SOC,cf_mean,,New Caledonia dry forests,2.0,Tropical & Subtropical Dry Broadleaf Forests,Australasia
146,Apple_rf_2030y_SOC,cf_mean,,New Caledonia rain forests,1.0,Tropical & Subtropical Moist Broadleaf Forests,Australasia
338,Apple_rf_2030y_SOC,cf_mean,,New England-Acadian forests,4.0,Temperate Broadleaf & Mixed Forests,Nearctic
217,Apple_rf_2030y_SOC,cf_mean,,New Guinea mangroves,14.0,Mangroves,Australasia
252,Apple_rf_2030y_SOC,cf_mean,63.64258,Nicobar Islands rain forests,1.0,Tropical & Subtropical Moist Broadleaf Forests,Indomalayan
22,Apple_rf_2030y_SOC,cf_mean,,Niger Delta swamp forests,1.0,Tropical & Subtropical Moist Broadleaf Forests,Afrotropic
23,Apple_rf_2030y_SOC,cf_mean,,Nigerian lowland forests,1.0,Tropical & Subtropical Moist Broadleaf Forests,Afrotropic
670,Apple_rf_2030y_SOC,cf_mean,,Nihonkai evergreen forests,4.0,Temperate Broadleaf & Mixed Forests,Palearctic
671,Apple_rf_2030y_SOC,cf_mean,53.19524,Nihonkai montane deciduous forests,4.0,Temperate Broadleaf & Mixed Forests,Palearctic
744,Apple_rf_2030y_SOC,cf_mean,,Nile Delta flooded savanna,9.0,Flooded Grasslands & Savannas,Palearctic
147,Apple_rf_2030y_SOC,cf_mean,,Norfolk Island subtropical forests,1.0,Tropical & Subtropical Moist Broadleaf Forests,Australasia
126,Apple_rf_2030y_SOC,cf_mean,,Northeast Antarctic Peninsula tundra,11.0,Tundra,Antarctica
127,Apple_rf_2030y_SOC,cf_mean,,Northwest Antarctic Peninsula tundra,11.0,Tundra,Antarctica
831,Apple_rf_2030y_SOC,cf_mean,,North Arabian desert,13.0,Deserts & Xeric Shrublands,Palearctic
832,Apple_rf_2030y_SOC,cf_mean,,North Arabian highland shrublands,13.0,Deserts & Xeric Shrublands,Palearctic
171,Apple_rf_2030y_SOC,cf_mean,84.97677,New Zealand North Island temperate forests,4.0,Temperate Broadleaf & Mixed Forests,Australasia
833,Apple_rf_2030y_SOC,cf_mean,25.427853,North Saharan Xeric Steppe and Woodland,13.0,Deserts & Xeric Shrublands,Palearctic
106,Apple_rf_2030y_SOC,cf_mean,,Somali montane xeric woodlands,13.0,Deserts & Xeric Shrublands,Afrotropic
759,Apple_rf_2030y_SOC,cf_mean,55.631424,North Tibetan Plateau-Kunlun Mountains alpine desert,10.0,Montane Grasslands & Shrublands,Palearctic
125,Apple_rf_2030y_SOC,cf_mean,,North Victoria Land tundra,11.0,Tundra,Antarctica
253,Apple_rf_2030y_SOC,cf_mean,35.407707,North Western Ghats moist deciduous forests,1.0,Tropical & Subtropical Moist Broadleaf Forests,Indomalayan
254,Apple_rf_2030y_SOC,cf_mean,43.048443,North Western Ghats montane rain forests,1.0,Tropical & Subtropical Moist Broadleaf Forests,Indomalayan
673,Apple_rf_2030y_SOC,cf_mean,,Northeast China Plain deciduous forests,4.0,Temperate Broadleaf & Mixed Forests,Palearctic
304,Apple_rf_2030y_SOC,cf_mean,40.992214,Northeast India-Myanmar pine forests,3.0,Tropical & Subtropical Coniferous Forests,Indomalayan
775,Apple_rf_2030y_SOC,cf_mean,,Northeast Siberian coastal tundra,11.0,Tundra,Palearctic
714,Apple_rf_2030y_SOC,cf_mean,,Northeast Siberian taiga,6.0,Boreal Forests/Taiga,Palearctic
485,Apple_rf_2030y_SOC,cf_mean,33.54141,Northeast Brazil restingas,1.0,Tropical & Subtropical Moist Broadleaf Forests,Neotropic
24,Apple_rf_2030y_SOC,cf_mean,,Northeast Congolian lowland forests,1.0,Tropical & Subtropical Moist Broadleaf Forests,Afrotropic
702,Apple_rf_2030y_SOC,cf_mean,74.95286,Northeast Himalayan subalpine conifer forests,5.0,Temperate Conifer Forests,Palearctic
799,Apple_rf_2030y_SOC,cf_mean,45.648254,Northeast Spain and Southern France Mediterranean forests,12.0,"Mediterranean Forests, Woodlands & Scrub",Palearctic
339,Apple_rf_2030y_SOC,cf_mean,,Northeast US Coastal forests,4.0,Temperate Broadleaf & Mixed Forests,Nearctic
51,Apple_rf_2030y_SOC,cf_mean,25.216026,Northern Acacia-Commiphora bushlands and thickets,7.0,"Tropical & Subtropical Grasslands, Savannas & Shrublands",Afrotropic
703,Apple_rf_2030y_SOC,cf_mean,,Northern Anatolian conifer and deciduous forests,5.0,Temperate Conifer Forests,Palearctic
593,Apple_rf_2030y_SOC,cf_mean,66.84149,Northern Andean páramo,10.0,Montane Grasslands & Shrublands,Neotropic
255,Apple_rf_2030y_SOC,cf_mean,,Northern Annamites rain forests,1.0,Tropical & Subtropical Moist Broadleaf Forests,Indomalayan
359,Apple_rf_2030y_SOC,cf_mean,66.43489,Northern California coastal forests,5.0,Temperate Conifer Forests,Nearctic
379,Apple_rf_2030y_SOC,cf_mean,,Northern Canadian Shield taiga,6.0,Boreal Forests/Taiga,Nearctic
52,Apple_rf_2030y_SOC,cf_mean,,Northern Congolian Forest-Savanna,7.0,"Tropical & Subtropical Grasslands, Savannas & Shrublands",Afrotropic
297,Apple_rf_2030y_SOC,cf_mean,29.613825,North Deccan dry deciduous forests,2.0,Tropical & Subtropical Dry Broadleaf Forests,Indomalayan
256,Apple_rf_2030y_SOC,cf_mean,43.897694,Northern Indochina subtropical forests,1.0,Tropical & Subtropical Moist Broadleaf Forests,Indomalayan
257,Apple_rf_2030y_SOC,cf_mean,,Northern Khorat Plateau moist deciduous forests,1.0,Tropical & Subtropical Moist Broadleaf Forests,Indomalayan
614,Apple_rf_2030y_SOC,cf_mean,32.81794,Northern Mesoamerican Pacific mangroves,14.0,Mangroves,Neotropic
148,Apple_rf_2030y_SOC,cf_mean,,Northern New Guinea lowland rain and freshwater swamp forests,1.0,Tropical & Subtropical Moist Broadleaf Forests,Australasia
149,Apple_rf_2030y_SOC,cf_mean,,Northern New Guinea montane rain forests,1.0,Tropical & Subtropical Moist Broadleaf Forests,Australasia
396,Apple_rf_2030y_SOC,cf_mean,45.287262,Northern Shortgrass prairie,8.0,"Temperate Grasslands, Savannas & Shrublands",Nearctic
25,Apple_rf_2030y_SOC,cf_mean,30.664476,Northern Swahili coastal forests,1.0,Tropical & Subtropical Moist Broadleaf Forests,Afrotropic
397,Apple_rf_2030y_SOC,cf_mean,,Northern Tallgrass prairie,8.0,"Temperate Grasslands, Savannas & Shrublands",Nearctic
258,Apple_rf_2030y_SOC,cf_mean,,Northern Thailand-Laos moist deciduous forests,1.0,Tropical & Subtropical Moist Broadleaf Forests,Indomalayan
259,Apple_rf_2030y_SOC,cf_mean,55.477093,Northern Triangle subtropical forests,1.0,Tropical & Subtropical Moist Broadleaf Forests,Indomalayan
307,Apple_rf_2030y_SOC,cf_mean,46.48199,Northern Triangle temperate forests,4.0,Temperate Broadleaf & Mixed Forests,Indomalayan
260,Apple_rf_2030y_SOC,cf_mean,,Northern Vietnam lowland rain forests,1.0,Tropical & Subtropical Moist Broadleaf Forests,Indomalayan
173,Apple_rf_2030y_SOC,cf_mean,77.94044,Northland temperate kauri forests,4.0,Temperate Broadleaf & Mixed Forests,Australasia
800,Apple_rf_2030y_SOC,cf_mean,41.074745,Northwest Iberian montane forests,12.0,"Mediterranean Forests, Woodlands & Scrub",Palearctic
776,Apple_rf_2030y_SOC,cf_mean,,Northwest Russian-Novaya Zemlya tundra,11.0,Tundra,Palearctic
486,Apple_rf_2030y_SOC,cf_mean,58.32995,Northwest Andean montane forests,1.0,Tropical & Subtropical Moist Broadleaf Forests,Neotropic
26,Apple_rf_2030y_SOC,cf_mean,,Northwest Congolian lowland forests,1.0,Tropical & Subtropical Moist Broadleaf Forests,Afrotropic
641,Apple_rf_2030y_SOC,cf_mean,,Northwest Hawai'i scrub,7.0,"Tropical & Subtropical Grasslands, Savannas & Shrublands",Oceania
760,Apple_rf_2030y_SOC,cf_mean,56.540424,Northwestern Himalayan alpine shrub and meadows,10.0,Montane Grasslands & Shrublands,Palearctic
314,Apple_rf_2030y_SOC,cf_mean,22.293528,Aravalli west thorn scrub forests,13.0,Deserts & Xeric Shrublands,Indomalayan
777,Apple_rf_2030y_SOC,cf_mean,,Novosibirsk Islands Arctic desert,11.0,Tundra,Palearctic
704,Apple_rf_2030y_SOC,cf_mean,71.56285,Nujiang Langcang Gorge alpine conifer and mixed forests,5.0,Temperate Conifer Forests,Palearctic
212,Apple_rf_2030y_SOC,cf_mean,36.297615,Nullarbor Plains xeric shrublands,13.0,Deserts & Xeric Shrublands,Australasia
85,Apple_rf_2030y_SOC,cf_mean,33.402252,Nyanga-Chimanimani Montane forest-grassland,10.0,Montane Grasslands & Shrublands,Afrotropic
487,Apple_rf_2030y_SOC,cf_mean,52.090836,Oaxacan montane forests,1.0,Tropical & Subtropical Moist Broadleaf Forests,Neotropic
626,Apple_rf_2030y_SOC,cf_mean,,Ogasawara subtropical moist forests,1.0,Tropical & Subtropical Moist Broadleaf Forests,Oceania
419,Apple_rf_2030y_SOC,cf_mean,,Ogilvie-MacKenzie alpine tundra,11.0,Tundra,Nearctic
362,Apple_rf_2030y_SOC,cf_mean,,Okanogan dry forests,5.0,Temperate Conifer Forests,Nearctic
715,Apple_rf_2030y_SOC,cf_mean,,Okhotsk-Manchurian taiga,6.0,Boreal Forests/Taiga,Palearctic
761,Apple_rf_2030y_SOC,cf_mean,41.342926,Ordos Plateau steppe,10.0,Montane Grasslands & Shrublands,Palearctic
488,Apple_rf_2030y_SOC,cf_mean,,Orinoco Delta swamp forests,1.0,Tropical & Subtropical Moist Broadleaf Forests,Neotropic
583,Apple_rf_2030y_SOC,cf_mean,,Orinoco wetlands,9.0,Flooded Grasslands & Savannas,Neotropic
261,Apple_rf_2030y_SOC,cf_mean,35.81904,Orissa semi-evergreen forests,1.0,Tropical & Subtropical Moist Broadleaf Forests,Indomalayan
340,Apple_rf_2030y_SOC,cf_mean,,Ozark Highlands mixed forests,4.0,Temperate Broadleaf & Mixed Forests,Nearctic
341,Apple_rf_2030y_SOC,cf_mean,36.19148,Ozark Mountain forests,4.0,Temperate Broadleaf & Mixed Forests,Nearctic
420,Apple_rf_2030y_SOC,cf_mean,,Pacific Coastal Mountain icefields and tundra,11.0,Tundra,Nearctic
627,Apple_rf_2030y_SOC,cf_mean,,Palau tropical moist forests,1.0,Tropical & Subtropical Moist Broadleaf Forests,Oceania
262,Apple_rf_2030y_SOC,cf_mean,,Palawan rain forests,1.0,Tropical & Subtropical Moist Broadleaf Forests,Indomalayan
398,Apple_rf_2030y_SOC,cf_mean,,Palouse prairie,8.0,"Temperate Grasslands, Savannas & Shrublands",Nearctic
762,Apple_rf_2030y_SOC,cf_mean,,Pamir alpine desert and tundra,10.0,Montane Grasslands & Shrublands,Palearctic
541,Apple_rf_2030y_SOC,cf_mean,,Panamanian dry forests,2.0,Tropical & Subtropical Dry Broadleaf Forests,Neotropic
674,Apple_rf_2030y_SOC,cf_mean,,Pannonian mixed forests,4.0,Temperate Broadleaf & Mixed Forests,Palearctic
584,Apple_rf_2030y_SOC,cf_mean,25.391726,Pantanal,9.0,Flooded Grasslands & Savannas,Neotropic
489,Apple_rf_2030y_SOC,cf_mean,37.716923,Pantanos de Centla,1.0,Tropical & Subtropical Moist Broadleaf Forests,Neotropic
490,Apple_rf_2030y_SOC,cf_mean,46.708607,Pantepui forests & shrublands,1.0,Tropical & Subtropical Moist Broadleaf Forests,Neotropic
606,Apple_rf_2030y_SOC,cf_mean,,Paraguaná xeric scrub,13.0,Deserts & Xeric Shrublands,Neotropic
585,Apple_rf_2030y_SOC,cf_mean,39.331028,Paraná flooded savanna,9.0,Flooded Grasslands & Savannas,Neotropic
834,Apple_rf_2030y_SOC,cf_mean,,Paropamisus xeric woodlands,13.0,Deserts & Xeric Shrublands,Palearctic
578,Apple_rf_2030y_SOC,cf_mean,41.691887,Patagonian steppe,8.0,"Temperate Grasslands, Savannas & Shrublands",Neotropic
542,Apple_rf_2030y_SOC,cf_mean,52.788235,Patía valley dry forests,2.0,Tropical & Subtropical Dry Broadleaf Forests,Neotropic
263,Apple_rf_2030y_SOC,cf_mean,,Peninsular Malaysian montane rain forests,1.0,Tropical & Subtropical Moist Broadleaf Forests,Indomalayan
264,Apple_rf_2030y_SOC,cf_mean,,Peninsular Malaysian peat swamp forests,1.0,Tropical & Subtropical Moist Broadleaf Forests,Indomalayan
265,Apple_rf_2030y_SOC,cf_mean,,Peninsular Malaysian rain forests,1.0,Tropical & Subtropical Moist Broadleaf Forests,Indomalayan
491,Apple_rf_2030y_SOC,cf_mean,38.687733,Pernambuco coastal forests,1.0,Tropical & Subtropical Moist Broadleaf Forests,Neotropic
492,Apple_rf_2030y_SOC,cf_mean,31.561136,Pernambuco interior forests,1.0,Tropical & Subtropical Moist Broadleaf Forests,Neotropic
493,Apple_rf_2030y_SOC,cf_mean,58.175625,Peruvian Yungas,1.0,Tropical & Subtropical Moist Broadleaf Forests,Neotropic
494,Apple_rf_2030y_SOC,cf_mean,38.472107,Petén-Veracruz moist forests,1.0,Tropical & Subtropical Moist Broadleaf Forests,Neotropic
213,Apple_rf_2030y_SOC,cf_mean,22.406107,Pilbara shrublands,13.0,Deserts & Xeric Shrublands,Australasia
801,Apple_rf_2030y_SOC,cf_mean,45.36303,Pindus Mountains mixed forests,12.0,"Mediterranean Forests, Woodlands & Scrub",Palearctic
363,Apple_rf_2030y_SOC,cf_mean,29.23143,Piney Woods,5.0,Temperate Conifer Forests,Nearctic
675,Apple_rf_2030y_SOC,cf_mean,39.9716,Po Basin mixed forests,4.0,Temperate Broadleaf & Mixed Forests,Palearctic
735,Apple_rf_2030y_SOC,cf_mean,,Pontic steppe,8.0,"Temperate Grasslands, Savannas & Shrublands",Palearctic
128,Apple_rf_2030y_SOC,cf_mean,,Prince Charles Mountains tundra,11.0,Tundra,Antarctica
543,Apple_rf_2030y_SOC,cf_mean,,Puerto Rican dry forests,2.0,Tropical & Subtropical Dry Broadleaf Forests,Neotropic
495,Apple_rf_2030y_SOC,cf_mean,,Puerto Rican moist forests,1.0,Tropical & Subtropical Moist Broadleaf Forests,Neotropic
364,Apple_rf_2030y_SOC,cf_mean,,Puget lowland forests,5.0,Temperate Conifer Forests,Nearctic
497,Apple_rf_2030y_SOC,cf_mean,31.432663,Purus-Madeira moist forests,1.0,Tropical & Subtropical Moist Broadleaf Forests,Neotropic
496,Apple_rf_2030y_SOC,cf_mean,32.54601,Purus várzea,1.0,Tropical & Subtropical Moist Broadleaf Forests,Neotropic
676,Apple_rf_2030y_SOC,cf_mean,57.974285,Pyrenees conifer and mixed forests,4.0,Temperate Broadleaf & Mixed Forests,Palearctic
835,Apple_rf_2030y_SOC,cf_mean,,Qaidam Basin semi-desert,13.0,Deserts & Xeric Shrublands,Palearctic
705,Apple_rf_2030y_SOC,cf_mean,74.81387,Qilian Mountains conifer forests,5.0,Temperate Conifer Forests,Palearctic
763,Apple_rf_2030y_SOC,cf_mean,,Qilian Mountains subalpine meadows,10.0,Montane Grasslands & Shrublands,Palearctic
677,Apple_rf_2030y_SOC,cf_mean,46.050797,Qin Ling Mountains deciduous forests,4.0,Temperate Broadleaf & Mixed Forests,Palearctic
706,Apple_rf_2030y_SOC,cf_mean,65.32754,Qionglai-Minshan conifer forests,5.0,Temperate Conifer Forests,Palearctic
150,Apple_rf_2030y_SOC,cf_mean,45.531578,Queensland tropical rain forests,1.0,Tropical & Subtropical Moist Broadleaf Forests,Australasia
174,Apple_rf_2030y_SOC,cf_mean,,Rakiura Island temperate forests,4.0,Temperate Broadleaf & Mixed Forests,Australasia
312,Apple_rf_2030y_SOC,cf_mean,20.890024,Rann of Kutch seasonal salt marsh,9.0,Flooded Grasslands & Savannas,Indomalayan
628,Apple_rf_2030y_SOC,cf_mean,,Rapa Nui and Sala y Gómez subtropical forests,1.0,Tropical & Subtropical Moist Broadleaf Forests,Oceania
266,Apple_rf_2030y_SOC,cf_mean,,Red River freshwater swamp forests,1.0,Tropical & Subtropical Moist Broadleaf Forests,Indomalayan
837,Apple_rf_2030y_SOC,cf_mean,24.305115,Red Sea-Arabian Desert shrublands,13.0,Deserts & Xeric Shrublands,Palearctic
836,Apple_rf_2030y_SOC,cf_mean,,Red Sea coastal desert,13.0,Deserts & Xeric Shrublands,Palearctic
115,Apple_rf_2030y_SOC,cf_mean,,Red Sea mangroves,14.0,Mangroves,Afrotropic
838,Apple_rf_2030y_SOC,cf_mean,,Registan-North Pakistan sandy desert,13.0,Deserts & Xeric Shrublands,Palearctic
90,Apple_rf_2030y_SOC,cf_mean,40.585552,Renosterveld shrubland,12.0,"Mediterranean Forests, Woodlands & Scrub",Afrotropic
175,Apple_rf_2030y_SOC,cf_mean,92.33104,Richmond temperate forests,4.0,Temperate Broadleaf & Mixed Forests,Australasia
498,Apple_rf_2030y_SOC,cf_mean,28.401434,Rio Negro campinarana,1.0,Tropical & Subtropical Moist Broadleaf Forests,Neotropic
678,Apple_rf_2030y_SOC,cf_mean,,Rodope montane mixed forests,4.0,Temperate Broadleaf & Mixed Forests,Palearctic
86,Apple_rf_2030y_SOC,cf_mean,,Rwenzori-Virunga montane moorlands,10.0,Montane Grasslands & Shrublands,Afrotropic
745,Apple_rf_2030y_SOC,cf_mean,22.341919,Saharan halophytics,9.0,Flooded Grasslands & Savannas,Palearctic
53,Apple_rf_2030y_SOC,cf_mean,,Sahelian Acacia savanna,7.0,"Tropical & Subtropical Grasslands, Savannas & Shrublands",Afrotropic
716,Apple_rf_2030y_SOC,cf_mean,,Sakhalin Island taiga,6.0,Boreal Forests/Taiga,Palearctic
629,Apple_rf_2030y_SOC,cf_mean,,Samoan tropical moist forests,1.0,Tropical & Subtropical Moist Broadleaf Forests,Oceania
562,Apple_rf_2030y_SOC,cf_mean,,San Félix-San Ambrosio Islands temperate forests,4.0,Temperate Broadleaf & Mixed Forests,Neotropic
607,Apple_rf_2030y_SOC,cf_mean,31.98708,San Lucan xeric scrub,13.0,Deserts & Xeric Shrublands,Neotropic
425,Apple_rf_2030y_SOC,cf_mean,51.530136,Santa Lucia Montane Chaparral & Woodlands,12.0,"Mediterranean Forests, Woodlands & Scrub",Nearctic
499,Apple_rf_2030y_SOC,cf_mean,51.847954,Santa Marta montane forests,1.0,Tropical & Subtropical Moist Broadleaf Forests,Neotropic
594,Apple_rf_2030y_SOC,cf_mean,42.25365,Santa Marta páramo,10.0,Montane Grasslands & Shrublands,Neotropic
27,Apple_rf_2030y_SOC,cf_mean,,"São Tomé, Príncipe, and Annobón forests",1.0,Tropical & Subtropical Moist Broadleaf Forests,Afrotropic
679,Apple_rf_2030y_SOC,cf_mean,,Sarmatic mixed forests,4.0,Temperate Broadleaf & Mixed Forests,Palearctic
764,Apple_rf_2030y_SOC,cf_mean,,Sayan alpine meadows and tundra,10.0,Montane Grasslands & Shrublands,Palearctic
736,Apple_rf_2030y_SOC,cf_mean,,Sayan Intermontane steppe,8.0,"Temperate Grasslands, Savannas & Shrublands",Palearctic
707,Apple_rf_2030y_SOC,cf_mean,,Sayan montane conifer forests,5.0,Temperate Conifer Forests,Palearctic
717,Apple_rf_2030y_SOC,cf_mean,,Scandinavian and Russian taiga,6.0,Boreal Forests/Taiga,Palearctic
708,Apple_rf_2030y_SOC,cf_mean,,Scandinavian coastal conifer forests,5.0,Temperate Conifer Forests,Palearctic
780,Apple_rf_2030y_SOC,cf_mean,,Scandinavian Montane Birch forest and grasslands,11.0,Tundra,Palearctic
129,Apple_rf_2030y_SOC,cf_mean,,Scotia Sea Islands tundra,11.0,Tundra,Antarctica
608,Apple_rf_2030y_SOC,cf_mean,41.4299,Sechura desert,13.0,Deserts & Xeric Shrublands,Neotropic
737,Apple_rf_2030y_SOC,cf_mean,,Selenge-Orkhon forest steppe,8.0,"Temperate Grasslands, Savannas & Shrublands",Palearctic
151,Apple_rf_2030y_SOC,cf_mean,,Seram rain forests,1.0,Tropical & Subtropical Moist Broadleaf Forests,Australasia
54,Apple_rf_2030y_SOC,cf_mean,,Serengeti volcanic grasslands,7.0,"Tropical & Subtropical Grasslands, Savannas & Shrublands",Afrotropic
500,Apple_rf_2030y_SOC,cf_mean,47.054886,Serra do Mar coastal forests,1.0,Tropical & Subtropical Moist Broadleaf Forests,Neotropic
680,Apple_rf_2030y_SOC,cf_mean,32.315445,Sichuan Basin evergreen broadleaf forests,4.0,Temperate Broadleaf & Mixed Forests,Palearctic
544,Apple_rf_2030y_SOC,cf_mean,37.248375,Sierra de la Laguna dry forests,2.0,Tropical & Subtropical Dry Broadleaf Forests,Neotropic
556,Apple_rf_2030y_SOC,cf_mean,50.709473,Sierra de la Laguna pine-oak forests,3.0,Tropical & Subtropical Coniferous Forests,Neotropic
501,Apple_rf_2030y_SOC,cf_mean,57.47271,Sierra de los Tuxtlas,1.0,Tropical & Subtropical Moist Broadleaf Forests,Neotropic
502,Apple_rf_2030y_SOC,cf_mean,45.778305,Sierra Madre de Chiapas moist forests,1.0,Tropical & Subtropical Moist Broadleaf Forests,Neotropic
557,Apple_rf_2030y_SOC,cf_mean,40.73233,Sierra Madre de Oaxaca pine-oak forests,3.0,Tropical & Subtropical Coniferous Forests,Neotropic
558,Apple_rf_2030y_SOC,cf_mean,40.104828,Sierra Madre del Sur pine-oak forests,3.0,Tropical & Subtropical Coniferous Forests,Neotropic
326,Apple_rf_2030y_SOC,cf_mean,32.223392,Sierra Madre Occidental pine-oak forests,3.0,Tropical & Subtropical Coniferous Forests,Nearctic
327,Apple_rf_2030y_SOC,cf_mean,40.40019,Sierra Madre Oriental pine-oak forests,3.0,Tropical & Subtropical Coniferous Forests,Nearctic
366,Apple_rf_2030y_SOC,cf_mean,54.48769,Sierra Nevada forests,5.0,Temperate Conifer Forests,Nearctic
214,Apple_rf_2030y_SOC,cf_mean,19.890043,Simpson desert,13.0,Deserts & Xeric Shrublands,Australasia
545,Apple_rf_2030y_SOC,cf_mean,29.99637,Sinaloan dry forests,2.0,Tropical & Subtropical Dry Broadleaf Forests,Neotropic
546,Apple_rf_2030y_SOC,cf_mean,37.658104,Sinú Valley dry forests,2.0,Tropical & Subtropical Dry Broadleaf Forests,Neotropic
434,Apple_rf_2030y_SOC,cf_mean,43.07281,Snake-Columbia shrub steppe,13.0,Deserts & Xeric Shrublands,Nearctic
630,Apple_rf_2030y_SOC,cf_mean,,Society Islands tropical moist forests,1.0,Tropical & Subtropical Moist Broadleaf Forests,Oceania
105,Apple_rf_2030y_SOC,cf_mean,,Socotra Island xeric shrublands,13.0,Deserts & Xeric Shrublands,Afrotropic
503,Apple_rf_2030y_SOC,cf_mean,32.086185,Solimões-Japurá moist forests,1.0,Tropical & Subtropical Moist Broadleaf Forests,Neotropic
152,Apple_rf_2030y_SOC,cf_mean,,Solomon Islands rain forests,1.0,Tropical & Subtropical Moist Broadleaf Forests,Australasia
55,Apple_rf_2030y_SOC,cf_mean,23.270021,Somali Acacia-Commiphora bushlands and thickets,7.0,"Tropical & Subtropical Grasslands, Savannas & Shrublands",Afrotropic
324,Apple_rf_2030y_SOC,cf_mean,24.770422,Sonoran-Sinaloan subtropical dry forest,2.0,Tropical & Subtropical Dry Broadleaf Forests,Nearctic
435,Apple_rf_2030y_SOC,cf_mean,20.216095,Sonoran desert,13.0,Deserts & Xeric Shrublands,Nearctic
615,Apple_rf_2030y_SOC,cf_mean,54.158226,South American Pacific mangroves,14.0,Mangroves,Neotropic
130,Apple_rf_2030y_SOC,cf_mean,,South Antarctic Peninsula tundra,11.0,Tundra,Antarctica
802,Apple_rf_2030y_SOC,cf_mean,48.60228,South Apennine mixed montane forests,12.0,"Mediterranean Forests, Woodlands & Scrub",Palearctic
367,Apple_rf_2030y_SOC,cf_mean,64.487206,South Central Rockies forests,5.0,Temperate Conifer Forests,Nearctic
268,Apple_rf_2030y_SOC,cf_mean,36.01011,South China-Vietnam subtropical evergreen forests,1.0,Tropical & Subtropical Moist Broadleaf Forests,Indomalayan
267,Apple_rf_2030y_SOC,cf_mean,,South China Sea Islands,1.0,Tropical & Subtropical Moist Broadleaf Forests,Indomalayan
298,Apple_rf_2030y_SOC,cf_mean,29.381647,South Deccan Plateau dry deciduous forests,2.0,Tropical & Subtropical Dry Broadleaf Forests,Indomalayan
841,Apple_rf_2030y_SOC,cf_mean,,South Iran Nubo-Sindian desert and semi-desert,13.0,Deserts & Xeric Shrublands,Palearctic
194,Apple_rf_2030y_SOC,cf_mean,98.23833,New Zealand South Island montane grasslands,10.0,Montane Grasslands & Shrublands,Australasia
172,Apple_rf_2030y_SOC,cf_mean,,New Zealand South Island temperate forests,4.0,Temperate Broadleaf & Mixed Forests,Australasia
131,Apple_rf_2030y_SOC,cf_mean,,South Orkney Islands tundra,11.0,Tundra,Antarctica
842,Apple_rf_2030y_SOC,cf_mean,,South Sahara desert,13.0,Deserts & Xeric Shrublands,Palearctic
738,Apple_rf_2030y_SOC,cf_mean,,South Siberian forest steppe,8.0,"Temperate Grasslands, Savannas & Shrublands",Palearctic
269,Apple_rf_2030y_SOC,cf_mean,,South Taiwan monsoon rain forests,1.0,Tropical & Subtropical Moist Broadleaf Forests,Indomalayan
132,Apple_rf_2030y_SOC,cf_mean,,South Victoria Land tundra,11.0,Tundra,Antarctica
270,Apple_rf_2030y_SOC,cf_mean,36.15838,South Western Ghats moist deciduous forests,1.0,Tropical & Subtropical Moist Broadleaf Forests,Indomalayan
271,Apple_rf_2030y_SOC,cf_mean,45.071774,South Western Ghats montane rain forests,1.0,Tropical & Subtropical Moist Broadleaf Forests,Indomalayan
176,Apple_rf_2030y_SOC,cf_mean,43.91898,Southeast Australia temperate forests,4.0,Temperate Broadleaf & Mixed Forests,Australasia
192,Apple_rf_2030y_SOC,cf_mean,26.014187,Southeast Australia temperate savanna,8.0,"Temperate Grasslands, Savannas & Shrublands",Australasia
765,Apple_rf_2030y_SOC,cf_mean,79.451,Southeast Tibet shrublands and meadows,10.0,Montane Grasslands & Shrublands,Palearctic
400,Apple_rf_2030y_SOC,cf_mean,,Southeast US mixed woodlands and savannas,8.0,"Temperate Grasslands, Savannas & Shrublands",Nearctic
399,Apple_rf_2030y_SOC,cf_mean,28.264645,Southeast US conifer savannas,8.0,"Temperate Grasslands, Savannas & Shrublands",Nearctic
803,Apple_rf_2030y_SOC,cf_mean,34.553616,Southeast Iberian shrubs and woodlands,12.0,"Mediterranean Forests, Woodlands & Scrub",Palearctic
299,Apple_rf_2030y_SOC,cf_mean,,Southeast Indochina dry evergreen forests,2.0,Tropical & Subtropical Dry Broadleaf Forests,Indomalayan
153,Apple_rf_2030y_SOC,cf_mean,,Southeast Papuan rain forests,1.0,Tropical & Subtropical Moist Broadleaf Forests,Australasia
57,Apple_rf_2030y_SOC,cf_mean,34.50531,Southern Acacia-Commiphora bushlands and thickets,7.0,"Tropical & Subtropical Grasslands, Savannas & Shrublands",Afrotropic
116,Apple_rf_2030y_SOC,cf_mean,44.634113,Southern Africa mangroves,14.0,Mangroves,Afrotropic
804,Apple_rf_2030y_SOC,cf_mean,33.00802,Southern Anatolian montane conifer and deciduous forests,12.0,"Mediterranean Forests, Woodlands & Scrub",Palearctic
595,Apple_rf_2030y_SOC,cf_mean,47.809353,Southern Andean steppe,10.0,Montane Grasslands & Shrublands,Neotropic
504,Apple_rf_2030y_SOC,cf_mean,44.79108,Southern Andean Yungas,1.0,Tropical & Subtropical Moist Broadleaf Forests,Neotropic
272,Apple_rf_2030y_SOC,cf_mean,,Southern Annamites montane rain forests,1.0,Tropical & Subtropical Moist Broadleaf Forests,Indomalayan
616,Apple_rf_2030y_SOC,cf_mean,52.95805,Southern Atlantic Brazilian mangroves,14.0,Mangroves,Neotropic
586,Apple_rf_2030y_SOC,cf_mean,32.58128,Southern Cone Mesopotamian savanna,9.0,Flooded Grasslands & Savannas,Neotropic
58,Apple_rf_2030y_SOC,cf_mean,,Southern Congolian forest-savanna,7.0,"Tropical & Subtropical Grasslands, Savannas & Shrublands",Afrotropic
342,Apple_rf_2030y_SOC,cf_mean,,Southern Great Lakes forests,4.0,Temperate Broadleaf & Mixed Forests,Nearctic
382,Apple_rf_2030y_SOC,cf_mean,,Southern Hudson Bay taiga,6.0,Boreal Forests/Taiga,Nearctic
133,Apple_rf_2030y_SOC,cf_mean,,Southern Indian Ocean Islands tundra,11.0,Tundra,Antarctica
681,Apple_rf_2030y_SOC,cf_mean,,Southern Korea evergreen forests,4.0,Temperate Broadleaf & Mixed Forests,Palearctic
617,Apple_rf_2030y_SOC,cf_mean,45.12383,Southern Mesoamerican Pacific mangroves,14.0,Mangroves,Neotropic
154,Apple_rf_2030y_SOC,cf_mean,,Southern New Guinea freshwater swamp forests,1.0,Tropical & Subtropical Moist Broadleaf Forests,Australasia
155,Apple_rf_2030y_SOC,cf_mean,,Southern New Guinea lowland rain forests,1.0,Tropical & Subtropical Moist Broadleaf Forests,Australasia
547,Apple_rf_2030y_SOC,cf_mean,36.060318,Southern Pacific dry forests,2.0,Tropical & Subtropical Dry Broadleaf Forests,Neotropic
87,Apple_rf_2030y_SOC,cf_mean,,Southern Rift Montane forest-grassland,10.0,Montane Grasslands & Shrublands,Afrotropic
28,Apple_rf_2030y_SOC,cf_mean,39.41558,Southern Swahili coastal forests and woodlands,1.0,Tropical & Subtropical Moist Broadleaf Forests,Afrotropic
300,Apple_rf_2030y_SOC,cf_mean,,Southern Vietnam lowland dry forests,2.0,Tropical & Subtropical Dry Broadleaf Forests,Indomalayan
505,Apple_rf_2030y_SOC,cf_mean,29.754705,Southwest Amazon moist forests,1.0,Tropical & Subtropical Moist Broadleaf Forests,Neotropic
108,Apple_rf_2030y_SOC,cf_mean,,Southwest Arabian Escarpment shrublands and woodlands,13.0,Deserts & Xeric Shrublands,Afrotropic
109,Apple_rf_2030y_SOC,cf_mean,,Southwest Arabian highland xeric scrub,13.0,Deserts & Xeric Shrublands,Afrotropic
205,Apple_rf_2030y_SOC,cf_mean,30.415922,Southwest Australia savanna,12.0,"Mediterranean Forests, Woodlands & Scrub",Australasia
206,Apple_rf_2030y_SOC,cf_mean,54.312508,Southwest Australia woodlands,12.0,"Mediterranean Forests, Woodlands & Scrub",Australasia
273,Apple_rf_2030y_SOC,cf_mean,,Southwest Borneo freshwater swamp forests,1.0,Tropical & Subtropical Moist Broadleaf Forests,Indomalayan
805,Apple_rf_2030y_SOC,cf_mean,36.927395,Southwest Iberian Mediterranean sclerophyllous and mixed forests,12.0,"Mediterranean Forests, Woodlands & Scrub",Palearctic
301,Apple_rf_2030y_SOC,cf_mean,,Sri Lanka dry-zone dry evergreen forests,2.0,Tropical & Subtropical Dry Broadleaf Forests,Indomalayan
274,Apple_rf_2030y_SOC,cf_mean,,Sri Lanka lowland rain forests,1.0,Tropical & Subtropical Moist Broadleaf Forests,Indomalayan
275,Apple_rf_2030y_SOC,cf_mean,,Sri Lanka montane rain forests,1.0,Tropical & Subtropical Moist Broadleaf Forests,Indomalayan
609,Apple_rf_2030y_SOC,cf_mean,,St. Peter and St. Paul Rocks,13.0,Deserts & Xeric Shrublands,Neotropic
110,Apple_rf_2030y_SOC,cf_mean,32.448296,Succulent Karoo xeric shrublands,13.0,Deserts & Xeric Shrublands,Afrotropic
74,Apple_rf_2030y_SOC,cf_mean,,Sudd flooded grasslands,9.0,Flooded Grasslands & Savannas,Afrotropic
746,Apple_rf_2030y_SOC,cf_mean,,Suiphun-Khanka meadows and forest meadows,9.0,Flooded Grasslands & Savannas,Palearctic
766,Apple_rf_2030y_SOC,cf_mean,35.490353,Sulaiman Range alpine meadows,10.0,Montane Grasslands & Shrublands,Palearctic
157,Apple_rf_2030y_SOC,cf_mean,,Sulawesi montane rain forests,1.0,Tropical & Subtropical Moist Broadleaf Forests,Australasia
276,Apple_rf_2030y_SOC,cf_mean,,Sulu Archipelago rain forests,1.0,Tropical & Subtropical Moist Broadleaf Forests,Indomalayan
277,Apple_rf_2030y_SOC,cf_mean,,Sumatran freshwater swamp forests,1.0,Tropical & Subtropical Moist Broadleaf Forests,Indomalayan
278,Apple_rf_2030y_SOC,cf_mean,,Sumatran lowland rain forests,1.0,Tropical & Subtropical Moist Broadleaf Forests,Indomalayan
279,Apple_rf_2030y_SOC,cf_mean,,Sumatran montane rain forests,1.0,Tropical & Subtropical Moist Broadleaf Forests,Indomalayan
280,Apple_rf_2030y_SOC,cf_mean,,Sumatran peat swamp forests,1.0,Tropical & Subtropical Moist Broadleaf Forests,Indomalayan
305,Apple_rf_2030y_SOC,cf_mean,,Sumatran tropical pine forests,3.0,Tropical & Subtropical Coniferous Forests,Indomalayan
165,Apple_rf_2030y_SOC,cf_mean,,Sumba deciduous forests,2.0,Tropical & Subtropical Dry Broadleaf Forests,Australasia
322,Apple_rf_2030y_SOC,cf_mean,,Sunda Shelf mangroves,14.0,Mangroves,Indomalayan
281,Apple_rf_2030y_SOC,cf_mean,,Sundaland heath forests,1.0,Tropical & Subtropical Moist Broadleaf Forests,Indomalayan
282,Apple_rf_2030y_SOC,cf_mean,31.862177,Sundarbans freshwater swamp forests,1.0,Tropical & Subtropical Moist Broadleaf Forests,Indomalayan
323,Apple_rf_2030y_SOC,cf_mean,49.717186,Sundarbans mangroves,14.0,Mangroves,Indomalayan
739,Apple_rf_2030y_SOC,cf_mean,20.662981,Syrian xeric grasslands and shrublands,8.0,"Temperate Grasslands, Savannas & Shrublands",Palearctic
682,Apple_rf_2030y_SOC,cf_mean,59.381134,Taiheiyo evergreen forests,4.0,Temperate Broadleaf & Mixed Forests,Palearctic
683,Apple_rf_2030y_SOC,cf_mean,62.129124,Taiheiyo montane deciduous forests,4.0,Temperate Broadleaf & Mixed Forests,Palearctic
781,Apple_rf_2030y_SOC,cf_mean,,Taimyr-Central Siberian tundra,11.0,Tundra,Palearctic
283,Apple_rf_2030y_SOC,cf_mean,,Taiwan subtropical evergreen forests,1.0,Tropical & Subtropical Moist Broadleaf Forests,Indomalayan
843,Apple_rf_2030y_SOC,cf_mean,,Taklimakan desert,13.0,Deserts & Xeric Shrublands,Palearctic
506,Apple_rf_2030y_SOC,cf_mean,,Talamancan montane forests,1.0,Tropical & Subtropical Moist Broadleaf Forests,Neotropic
436,Apple_rf_2030y_SOC,cf_mean,32.82969,Tamaulipan matorral,13.0,Deserts & Xeric Shrublands,Nearctic
437,Apple_rf_2030y_SOC,cf_mean,26.380136,Tamaulipan mezquital,13.0,Deserts & Xeric Shrublands,Nearctic
507,Apple_rf_2030y_SOC,cf_mean,31.522959,Tapajós-Xingu moist forests,1.0,Tropical & Subtropical Moist Broadleaf Forests,Neotropic
684,Apple_rf_2030y_SOC,cf_mean,,Tarim Basin deciduous forests and steppe,4.0,Temperate Broadleaf & Mixed Forests,Palearctic
177,Apple_rf_2030y_SOC,cf_mean,79.32526,Tasmanian Central Highland forests,4.0,Temperate Broadleaf & Mixed Forests,Australasia
178,Apple_rf_2030y_SOC,cf_mean,73.97803,Tasmanian temperate forests,4.0,Temperate Broadleaf & Mixed Forests,Australasia
179,Apple_rf_2030y_SOC,cf_mean,95.43128,Tasmanian temperate rain forests,4.0,Temperate Broadleaf & Mixed Forests,Australasia
610,Apple_rf_2030y_SOC,cf_mean,33.416748,Tehuacán Valley matorral,13.0,Deserts & Xeric Shrublands,Neotropic
284,Apple_rf_2030y_SOC,cf_mean,,Tenasserim-South Thailand semi-evergreen rain forests,1.0,Tropical & Subtropical Moist Broadleaf Forests,Indomalayan
311,Apple_rf_2030y_SOC,cf_mean,29.014528,Terai-Duar savanna and grasslands,7.0,"Tropical & Subtropical Grasslands, Savannas & Shrublands",Indomalayan
401,Apple_rf_2030y_SOC,cf_mean,32.584637,Texas blackland prairies,8.0,"Temperate Grasslands, Savannas & Shrublands",Nearctic
318,Apple_rf_2030y_SOC,cf_mean,21.359118,Thar desert,13.0,Deserts & Xeric Shrublands,Indomalayan
740,Apple_rf_2030y_SOC,cf_mean,,Tian Shan foothill arid steppe,8.0,"Temperate Grasslands, Savannas & Shrublands",Palearctic
709,Apple_rf_2030y_SOC,cf_mean,,Tian Shan montane conifer forests,5.0,Temperate Conifer Forests,Palearctic
767,Apple_rf_2030y_SOC,cf_mean,,Tian Shan montane steppe and meadows,10.0,Montane Grasslands & Shrublands,Palearctic
844,Apple_rf_2030y_SOC,cf_mean,,Tibesti-Jebel Uweinat montane xeric woodlands,13.0,Deserts & Xeric Shrublands,Palearctic
768,Apple_rf_2030y_SOC,cf_mean,65.81401,Tibetan Plateau alpine shrublands and meadows,10.0,Montane Grasslands & Shrublands,Palearctic
747,Apple_rf_2030y_SOC,cf_mean,,Tigris-Euphrates alluvial salt marsh,9.0,Flooded Grasslands & Savannas,Palearctic
166,Apple_rf_2030y_SOC,cf_mean,,Timor and Wetar deciduous forests,2.0,Tropical & Subtropical Dry Broadleaf Forests,Australasia
215,Apple_rf_2030y_SOC,cf_mean,35.121582,Tirari-Sturt stony desert,13.0,Deserts & Xeric Shrublands,Australasia
631,Apple_rf_2030y_SOC,cf_mean,,Tongan tropical moist forests,1.0,Tropical & Subtropical Moist Broadleaf Forests,Oceania
286,Apple_rf_2030y_SOC,cf_mean,,Tonle Sap-Mekong peat swamp forests,1.0,Tropical & Subtropical Moist Broadleaf Forests,Indomalayan
285,Apple_rf_2030y_SOC,cf_mean,,Tonle Sap freshwater swamp forests,1.0,Tropical & Subtropical Moist Broadleaf Forests,Indomalayan
421,Apple_rf_2030y_SOC,cf_mean,,Torngat Mountain tundra,11.0,Tundra,Nearctic
782,Apple_rf_2030y_SOC,cf_mean,,Trans-Baikal Bald Mountain tundra,11.0,Tundra,Palearctic
718,Apple_rf_2030y_SOC,cf_mean,,Trans-Baikal conifer forests,6.0,Boreal Forests/Taiga,Palearctic
559,Apple_rf_2030y_SOC,cf_mean,40.955254,Trans-Mexican Volcanic Belt pine-oak forests,3.0,Tropical & Subtropical Coniferous Forests,Neotropic
188,Apple_rf_2030y_SOC,cf_mean,,Trans Fly savanna and grasslands,7.0,"Tropical & Subtropical Grasslands, Savannas & Shrublands",Australasia
134,Apple_rf_2030y_SOC,cf_mean,,Transantarctic Mountains tundra,11.0,Tundra,Antarctica
510,Apple_rf_2030y_SOC,cf_mean,,Trinidad and Tobago moist forest,1.0,Tropical & Subtropical Moist Broadleaf Forests,Neotropic
68,Apple_rf_2030y_SOC,cf_mean,,Tristan Da Cunha-Gough Islands shrub and grasslands,8.0,"Temperate Grasslands, Savannas & Shrublands",Afrotropic
158,Apple_rf_2030y_SOC,cf_mean,,Trobriand Islands rain forests,1.0,Tropical & Subtropical Moist Broadleaf Forests,Australasia
632,Apple_rf_2030y_SOC,cf_mean,,Tuamotu tropical moist forests,1.0,Tropical & Subtropical Moist Broadleaf Forests,Oceania
633,Apple_rf_2030y_SOC,cf_mean,,Tubuai tropical moist forests,1.0,Tropical & Subtropical Moist Broadleaf Forests,Oceania
549,Apple_rf_2030y_SOC,cf_mean,40.37339,Tumbes-Piura dry forests,2.0,Tropical & Subtropical Dry Broadleaf Forests,Neotropic
806,Apple_rf_2030y_SOC,cf_mean,46.736427,Tyrrhenian-Adriatic sclerophyllous and mixed forests,12.0,"Mediterranean Forests, Woodlands & Scrub",Palearctic
511,Apple_rf_2030y_SOC,cf_mean,29.871185,Uatumã-Trombetas moist forests,1.0,Tropical & Subtropical Moist Broadleaf Forests,Neotropic
512,Apple_rf_2030y_SOC,cf_mean,37.670918,Ucayali moist forests,1.0,Tropical & Subtropical Moist Broadleaf Forests,Neotropic
287,Apple_rf_2030y_SOC,cf_mean,26.017048,Upper Gangetic Plains moist deciduous forests,1.0,Tropical & Subtropical Moist Broadleaf Forests,Indomalayan
343,Apple_rf_2030y_SOC,cf_mean,,Upper Midwest US forest-savanna transition,4.0,Temperate Broadleaf & Mixed Forests,Nearctic
719,Apple_rf_2030y_SOC,cf_mean,,Urals montane forest and taiga,6.0,Boreal Forests/Taiga,Palearctic
574,Apple_rf_2030y_SOC,cf_mean,42.898624,Uruguayan savanna,7.0,"Tropical & Subtropical Grasslands, Savannas & Shrublands",Neotropic
685,Apple_rf_2030y_SOC,cf_mean,,Ussuri broadleaf and mixed forests,4.0,Temperate Broadleaf & Mixed Forests,Palearctic
563,Apple_rf_2030y_SOC,cf_mean,80.594025,Valdivian temperate forests,4.0,Temperate Broadleaf & Mixed Forests,Neotropic
159,Apple_rf_2030y_SOC,cf_mean,,Vanuatu rain forests,1.0,Tropical & Subtropical Moist Broadleaf Forests,Australasia
513,Apple_rf_2030y_SOC,cf_mean,33.820866,Venezuelan Andes montane forests,1.0,Tropical & Subtropical Moist Broadleaf Forests,Neotropic
550,Apple_rf_2030y_SOC,cf_mean,35.243423,Veracruz dry forests,2.0,Tropical & Subtropical Dry Broadleaf Forests,Neotropic
514,Apple_rf_2030y_SOC,cf_mean,41.65718,Veracruz moist forests,1.0,Tropical & Subtropical Moist Broadleaf Forests,Neotropic
515,Apple_rf_2030y_SOC,cf_mean,49.55633,Veracruz montane forests,1.0,Tropical & Subtropical Moist Broadleaf Forests,Neotropic
189,Apple_rf_2030y_SOC,cf_mean,21.04856,Victoria Plains tropical savanna,7.0,"Tropical & Subtropical Grasslands, Savannas & Shrublands",Australasia
161,Apple_rf_2030y_SOC,cf_mean,,Vogelkop-Aru lowland rain forests,1.0,Tropical & Subtropical Moist Broadleaf Forests,Australasia
160,Apple_rf_2030y_SOC,cf_mean,,Vogelkop montane rain forests,1.0,Tropical & Subtropical Moist Broadleaf Forests,Australasia
368,Apple_rf_2030y_SOC,cf_mean,59.494823,Wasatch and Uinta montane forests,5.0,Temperate Conifer Forests,Nearctic
383,Apple_rf_2030y_SOC,cf_mean,,Watson Highlands taiga,6.0,Boreal Forests/Taiga,Nearctic
845,Apple_rf_2030y_SOC,cf_mean,,West Sahara desert,13.0,Deserts & Xeric Shrublands,Palearctic
846,Apple_rf_2030y_SOC,cf_mean,,West Saharan montane xeric woodlands,13.0,Deserts & Xeric Shrublands,Palearctic
720,Apple_rf_2030y_SOC,cf_mean,,West Siberian taiga,6.0,Boreal Forests/Taiga,Palearctic
62,Apple_rf_2030y_SOC,cf_mean,,West Sudanian savanna,7.0,"Tropical & Subtropical Grasslands, Savannas & Shrublands",Afrotropic
216,Apple_rf_2030y_SOC,cf_mean,24.516613,Western Australian Mulga shrublands,13.0,Deserts & Xeric Shrublands,Australasia
29,Apple_rf_2030y_SOC,cf_mean,,Western Congolian swamp forests,1.0,Tropical & Subtropical Moist Broadleaf Forests,Afrotropic
516,Apple_rf_2030y_SOC,cf_mean,39.354794,Western Ecuador moist forests,1.0,Tropical & Subtropical Moist Broadleaf Forests,Neotropic
686,Apple_rf_2030y_SOC,cf_mean,51.375126,Western European broadleaf forests,4.0,Temperate Broadleaf & Mixed Forests,Palearctic
344,Apple_rf_2030y_SOC,cf_mean,,Western Great Lakes forests,4.0,Temperate Broadleaf & Mixed Forests,Nearctic
30,Apple_rf_2030y_SOC,cf_mean,,Western Guinean lowland forests,1.0,Tropical & Subtropical Moist Broadleaf Forests,Afrotropic
384,Apple_rf_2030y_SOC,cf_mean,37.102665,Western Gulf coastal grasslands,7.0,"Tropical & Subtropical Grasslands, Savannas & Shrublands",Nearctic
769,Apple_rf_2030y_SOC,cf_mean,59.37793,Western Himalayan alpine shrub and meadows,10.0,Montane Grasslands & Shrublands,Palearctic
308,Apple_rf_2030y_SOC,cf_mean,48.521572,Western Himalayan broadleaf forests,4.0,Temperate Broadleaf & Mixed Forests,Indomalayan
310,Apple_rf_2030y_SOC,cf_mean,48.190727,Western Himalayan subalpine conifer forests,5.0,Temperate Conifer Forests,Indomalayan
288,Apple_rf_2030y_SOC,cf_mean,,Western Java montane rain forests,1.0,Tropical & Subtropical Moist Broadleaf Forests,Indomalayan
289,Apple_rf_2030y_SOC,cf_mean,,Western Java rain forests,1.0,Tropical & Subtropical Moist Broadleaf Forests,Indomalayan
634,Apple_rf_2030y_SOC,cf_mean,,Western Polynesian tropical moist forests,1.0,Tropical & Subtropical Moist Broadleaf Forests,Oceania
402,Apple_rf_2030y_SOC,cf_mean,33.206715,Western shortgrass prairie,8.0,"Temperate Grasslands, Savannas & Shrublands",Nearctic
687,Apple_rf_2030y_SOC,cf_mean,,Western Siberian hemiboreal forests,4.0,Temperate Broadleaf & Mixed Forests,Palearctic
180,Apple_rf_2030y_SOC,cf_mean,99.02193,Westland temperate forests,4.0,Temperate Broadleaf & Mixed Forests,Australasia
403,Apple_rf_2030y_SOC,cf_mean,,Willamette Valley oak savanna,8.0,"Temperate Grasslands, Savannas & Shrublands",Nearctic
517,Apple_rf_2030y_SOC,cf_mean,,Windward Islands moist forests,1.0,Tropical & Subtropical Moist Broadleaf Forests,Neotropic
783,Apple_rf_2030y_SOC,cf_mean,,Wrangel Island Arctic desert,11.0,Tundra,Palearctic
438,Apple_rf_2030y_SOC,cf_mean,49.133564,Wyoming Basin shrub steppe,13.0,Deserts & Xeric Shrublands,Nearctic
518,Apple_rf_2030y_SOC,cf_mean,31.83117,Xingu-Tocantins-Araguaia moist forests,1.0,Tropical & Subtropical Moist Broadleaf Forests,Neotropic
784,Apple_rf_2030y_SOC,cf_mean,,Yamal-Gydan tundra,11.0,Tundra,Palearctic
638,Apple_rf_2030y_SOC,cf_mean,,Yap tropical dry forests,2.0,Tropical & Subtropical Dry Broadleaf Forests,Oceania
162,Apple_rf_2030y_SOC,cf_mean,,Yapen rain forests,1.0,Tropical & Subtropical Moist Broadleaf Forests,Australasia
770,Apple_rf_2030y_SOC,cf_mean,48.273544,Yarlung Zanbo arid steppe,10.0,Montane Grasslands & Shrublands,Palearctic
748,Apple_rf_2030y_SOC,cf_mean,,Yellow Sea saline meadow,9.0,Flooded Grasslands & Savannas,Palearctic
551,Apple_rf_2030y_SOC,cf_mean,56.199047,Yucatán dry forests,2.0,Tropical & Subtropical Dry Broadleaf Forests,Neotropic
519,Apple_rf_2030y_SOC,cf_mean,47.370567,Yucatán moist forests,1.0,Tropical & Subtropical Moist Broadleaf Forests,Neotropic
643,Apple_rf_2030y_SOC,cf_mean,42.80034,Yunnan Plateau subtropical evergreen forests,1.0,Tropical & Subtropical Moist Broadleaf Forests,Palearctic
688,Apple_rf_2030y_SOC,cf_mean,,Zagros Mountains forest steppe,4.0,Temperate Broadleaf & Mixed Forests,Palearctic
66,Apple_rf_2030y_SOC,cf_mean,24.716272,Zambezian-Limpopo mixed woodlands,7.0,"Tropical & Subtropical Grasslands, Savannas & Shrublands",Afrotropic
64,Apple_rf_2030y_SOC,cf_mean,21.426947,Zambezian Baikiaea woodlands,7.0,"Tropical & Subtropical Grasslands, Savannas & Shrublands",Afrotropic
75,Apple_rf_2030y_SOC,cf_mean,,Zambezian coastal flooded savanna,9.0,Flooded Grasslands & Savannas,Afrotropic
42,Apple_rf_2030y_SOC,cf_mean,27.615835,Dry miombo woodlands,7.0,"Tropical & Subtropical Grasslands, Savannas & Shrublands",Afrotropic
33,Apple_rf_2030y_SOC,cf_mean,,Zambezian evergreen dry forests,2.0,Tropical & Subtropical Dry Broadleaf Forests,Afrotropic
76,Apple_rf_2030y_SOC,cf_mean,,Zambezian flooded grasslands,9.0,Flooded Grasslands & Savannas,Afrotropic
65,Apple_rf_2030y_SOC,cf_mean,23.759823,Zambezian mopane woodlands,7.0,"Tropical & Subtropical Grasslands, Savannas & Shrublands",Afrotropic
524,Apple_rf_2030y_SOC,cf_mean,26.470808,Brazilian Atlantic dry forests,2.0,Tropical & Subtropical Dry Broadleaf Forests,Neotropic
380,Apple_rf_2030y_SOC,cf_mean,,Northern Cordillera forests,6.0,Boreal Forests/Taiga,Nearctic
60,Apple_rf_2030y_SOC,cf_mean,,St. Helena scrub and woodlands,7.0,"Tropical & Subtropical Grasslands, Savannas & Shrublands",Afrotropic
61,Apple_rf_2030y_SOC,cf_mean,36.24595,Victoria Basin forest-savanna,7.0,"Tropical & Subtropical Grasslands, Savannas & Shrublands",Afrotropic
63,Apple_rf_2030y_SOC,cf_mean,,Western Congolian forest-savanna,7.0,"Tropical & Subtropical Grasslands, Savannas & Shrublands",Afrotropic
78,Apple_rf_2030y_SOC,cf_mean,56.744305,East African montane moorlands,10.0,Montane Grasslands & Shrublands,Afrotropic
365,Apple_rf_2030y_SOC,cf_mean,,Queen Charlotte Islands conifer forests,5.0,Temperate Conifer Forests,Nearctic
360,Apple_rf_2030y_SOC,cf_mean,,Northern Pacific Alaskan coastal forests,5.0,Temperate Conifer Forests,Nearctic
381,Apple_rf_2030y_SOC,cf_mean,,Northwest Territories taiga,6.0,Boreal Forests/Taiga,Nearctic
107,Apple_rf_2030y_SOC,cf_mean,,Southwest Arabian coastal xeric shrublands,13.0,Deserts & Xeric Shrublands,Afrotropic
811,Apple_rf_2030y_SOC,cf_mean,,Arabian-Persian Gulf coastal plain desert,13.0,Deserts & Xeric Shrublands,Palearctic
840,Apple_rf_2030y_SOC,cf_mean,,South Arabian plains and plateau desert,13.0,Deserts & Xeric Shrublands,Palearctic
809,Apple_rf_2030y_SOC,cf_mean,24.702066,Arabian desert,13.0,Deserts & Xeric Shrublands,Palearctic
552,Apple_rf_2030y_SOC,cf_mean,,Bahamian pineyards,3.0,Tropical & Subtropical Coniferous Forests,Neotropic
96,Apple_rf_2030y_SOC,cf_mean,,Ile Europa and Bassas da India xeric scrub,13.0,Deserts & Xeric Shrublands,Afrotropic
773,Apple_rf_2030y_SOC,cf_mean,,Kamchatka tundra,11.0,Tundra,Palearctic
508,Apple_rf_2030y_SOC,cf_mean,27.97645,Tocantins/Pindare moist forests,1.0,Tropical & Subtropical Moist Broadleaf Forests,Neotropic
417,Apple_rf_2030y_SOC,cf_mean,,Kalaallit Nunaat Arctic steppe,11.0,Tundra,Nearctic
358,Apple_rf_2030y_SOC,cf_mean,,North Cascades conifer forests,5.0,Temperate Conifer Forests,Nearctic
361,Apple_rf_2030y_SOC,cf_mean,,Northern Rockies conifer forests,5.0,Temperate Conifer Forests,Nearctic
509,Apple_rf_2030y_SOC,cf_mean,,Trindade-Martin Vaz Islands tropical forests,1.0,Tropical & Subtropical Moist Broadleaf Forests,Neotropic
59,Apple_rf_2030y_SOC,cf_mean,,Southwest Arabian montane woodlands and grasslands,7.0,"Tropical & Subtropical Grasslands, Savannas & Shrublands",Afrotropic
56,Apple_rf_2030y_SOC,cf_mean,,"South Arabian fog woodlands, shrublands, and dune",7.0,"Tropical & Subtropical Grasslands, Savannas & Shrublands",Afrotropic
548,Apple_rf_2030y_SOC,cf_mean,,Trinidad and Tobago dry forest,2.0,Tropical & Subtropical Dry Broadleaf Forests,Neotropic
537,Apple_rf_2030y_SOC,cf_mean,,Lesser Antillean dry forests,2.0,Tropical & Subtropical Dry Broadleaf Forests,Neotropic
672,Apple_rf_2030y_SOC,cf_mean,,North Atlantic moist mixed forests,4.0,Temperate Broadleaf & Mixed Forests,Palearctic
119,Apple_rf_2030y_SOC,cf_mean,,Dronning Maud Land tundra,11.0,Tundra,Antarctica
124,Apple_rf_2030y_SOC,cf_mean,,Marie Byrd Land tundra,11.0,Tundra,Antarctica
156,Apple_rf_2030y_SOC,cf_mean,,Sulawesi lowland rain forests,1.0,Tropical & Subtropical Moist Broadleaf Forests,Australasia
8,Apple_rf_2030y_SOC,cf_mean,47.48651,East African montane forests,1.0,Tropical & Subtropical Moist Broadleaf Forests,Afrotropic
9,Apple_rf_2030y_SOC,cf_mean,38.303364,Eastern Arc forests,1.0,Tropical & Subtropical Moist Broadleaf Forests,Afrotropic
220,Apple_rf_2030y_SOC,cf_mean,,Borneo montane rain forests,1.0,Tropical & Subtropical Moist Broadleaf Forests,Indomalayan
313,Apple_rf_2030y_SOC,cf_mean,,Kinabalu montane alpine meadows,10.0,Montane Grasslands & Shrublands,Indomalayan
117,Apple_rf_2030y_SOC,cf_median,,Adelie Land tundra,11.0,Tundra,Antarctica
135,Apple_rf_2030y_SOC,cf_median,,Admiralty Islands lowland rain forests,1.0,Tropical & Subtropical Moist Broadleaf Forests,Australasia
785,Apple_rf_2030y_SOC,cf_median,40.99332,Aegean and Western Turkey sclerophyllous and mixed forests,12.0,"Mediterranean Forests, Woodlands & Scrub",Palearctic
807,Apple_rf_2030y_SOC,cf_median,,Afghan Mountains semi-desert,13.0,Deserts & Xeric Shrublands,Palearctic
404,Apple_rf_2030y_SOC,cf_median,,Ahklun and Kilbuck Upland Tundra,11.0,Tundra,Nearctic
722,Apple_rf_2030y_SOC,cf_median,,Al-Hajar foothill xeric woodlands and shrublands,8.0,"Temperate Grasslands, Savannas & Shrublands",Palearctic
723,Apple_rf_2030y_SOC,cf_median,,Al-Hajar montane woodlands and shrublands,8.0,"Temperate Grasslands, Savannas & Shrublands",Palearctic
721,Apple_rf_2030y_SOC,cf_median,,Alai-Western Tian Shan steppe,8.0,"Temperate Grasslands, Savannas & Shrublands",Palearctic
808,Apple_rf_2030y_SOC,cf_median,39.567894,Alashan Plateau semi-desert,13.0,Deserts & Xeric Shrublands,Palearctic
405,Apple_rf_2030y_SOC,cf_median,,Alaska-St. Elias Range tundra,11.0,Tundra,Nearctic
369,Apple_rf_2030y_SOC,cf_median,,Alaska Peninsula montane taiga,6.0,Boreal Forests/Taiga,Nearctic
88,Apple_rf_2030y_SOC,cf_median,33.188057,Albany thickets,12.0,"Mediterranean Forests, Woodlands & Scrub",Afrotropic
345,Apple_rf_2030y_SOC,cf_median,,Alberta-British Columbia foothills forests,5.0,Temperate Conifer Forests,Nearctic
1,Apple_rf_2030y_SOC,cf_median,,Albertine Rift montane forests,1.0,Tropical & Subtropical Moist Broadleaf Forests,Afrotropic
91,Apple_rf_2030y_SOC,cf_median,,Aldabra Island xeric scrub,13.0,Deserts & Xeric Shrublands,Afrotropic
406,Apple_rf_2030y_SOC,cf_median,,Aleutian Islands tundra,11.0,Tundra,Nearctic
328,Apple_rf_2030y_SOC,cf_median,,Allegheny Highlands forests,4.0,Temperate Broadleaf & Mixed Forests,Nearctic
689,Apple_rf_2030y_SOC,cf_median,68.25137,Alps conifer and mixed forests,5.0,Temperate Conifer Forests,Palearctic
749,Apple_rf_2030y_SOC,cf_median,,Altai alpine meadow and tundra,10.0,Montane Grasslands & Shrublands,Palearctic
690,Apple_rf_2030y_SOC,cf_median,,Altai montane forest and forest steppe,5.0,Temperate Conifer Forests,Palearctic
724,Apple_rf_2030y_SOC,cf_median,,Altai steppe and semi-desert,8.0,"Temperate Grasslands, Savannas & Shrublands",Palearctic
439,Apple_rf_2030y_SOC,cf_median,30.396833,Alto Paraná Atlantic forests,1.0,Tropical & Subtropical Moist Broadleaf Forests,Neotropic
611,Apple_rf_2030y_SOC,cf_median,33.181553,Amazon-Orinoco-Southern Caribbean mangroves,14.0,Mangroves,Neotropic
67,Apple_rf_2030y_SOC,cf_median,,Amsterdam-Saint Paul Islands temperate grasslands,8.0,"Temperate Grasslands, Savannas & Shrublands",Afrotropic
741,Apple_rf_2030y_SOC,cf_median,,Amur meadow steppe,9.0,Flooded Grasslands & Savannas,Palearctic
786,Apple_rf_2030y_SOC,cf_median,,Anatolian conifer and deciduous mixed forests,12.0,"Mediterranean Forests, Woodlands & Scrub",Palearctic
218,Apple_rf_2030y_SOC,cf_median,61.70975,Andaman Islands rain forests,1.0,Tropical & Subtropical Moist Broadleaf Forests,Indomalayan
77,Apple_rf_2030y_SOC,cf_median,,Angolan montane forest-grassland,10.0,Montane Grasslands & Shrublands,Afrotropic
34,Apple_rf_2030y_SOC,cf_median,,Angolan mopane woodlands,7.0,"Tropical & Subtropical Grasslands, Savannas & Shrublands",Afrotropic
35,Apple_rf_2030y_SOC,cf_median,,Angolan scarp savanna and woodlands,7.0,"Tropical & Subtropical Grasslands, Savannas & Shrublands",Afrotropic
36,Apple_rf_2030y_SOC,cf_median,,Angolan wet miombo woodlands,7.0,"Tropical & Subtropical Grasslands, Savannas & Shrublands",Afrotropic
196,Apple_rf_2030y_SOC,cf_median,,Antipodes Subantarctic Islands tundra,11.0,Tundra,Australasia
331,Apple_rf_2030y_SOC,cf_median,42.80431,Appalachian-Blue Ridge forests,4.0,Temperate Broadleaf & Mixed Forests,Nearctic
329,Apple_rf_2030y_SOC,cf_median,32.54085,Appalachian mixed mesophytic forests,4.0,Temperate Broadleaf & Mixed Forests,Nearctic
330,Apple_rf_2030y_SOC,cf_median,30.52984,Appalachian Piedmont forests,4.0,Temperate Broadleaf & Mixed Forests,Nearctic
644,Apple_rf_2030y_SOC,cf_median,54.52718,Appenine deciduous montane forests,4.0,Temperate Broadleaf & Mixed Forests,Palearctic
520,Apple_rf_2030y_SOC,cf_median,33.546215,Apure-Villavicencio dry forests,2.0,Tropical & Subtropical Dry Broadleaf Forests,Neotropic
810,Apple_rf_2030y_SOC,cf_median,,Arabian sand desert,13.0,Deserts & Xeric Shrublands,Palearctic
440,Apple_rf_2030y_SOC,cf_median,53.074482,Araucaria moist forests,1.0,Tropical & Subtropical Moist Broadleaf Forests,Neotropic
597,Apple_rf_2030y_SOC,cf_median,,Araya and Paria xeric scrub,13.0,Deserts & Xeric Shrublands,Neotropic
407,Apple_rf_2030y_SOC,cf_median,,Arctic coastal tundra,11.0,Tundra,Nearctic
778,Apple_rf_2030y_SOC,cf_median,,Russian Arctic desert,11.0,Tundra,Palearctic
408,Apple_rf_2030y_SOC,cf_median,,Arctic foothills tundra,11.0,Tundra,Nearctic
346,Apple_rf_2030y_SOC,cf_median,39.443546,Arizona Mountains forests,5.0,Temperate Conifer Forests,Nearctic
181,Apple_rf_2030y_SOC,cf_median,20.223576,Arnhem Land tropical savanna,7.0,"Tropical & Subtropical Grasslands, Savannas & Shrublands",Australasia
37,Apple_rf_2030y_SOC,cf_median,,Ascension scrub and grasslands,7.0,"Tropical & Subtropical Grasslands, Savannas & Shrublands",Afrotropic
598,Apple_rf_2030y_SOC,cf_median,,Atacama desert,13.0,Deserts & Xeric Shrublands,Neotropic
441,Apple_rf_2030y_SOC,cf_median,46.23207,Atlantic Coast restingas,1.0,Tropical & Subtropical Moist Broadleaf Forests,Neotropic
839,Apple_rf_2030y_SOC,cf_median,,Saharan Atlantic coastal desert,13.0,Deserts & Xeric Shrublands,Palearctic
347,Apple_rf_2030y_SOC,cf_median,,Atlantic coastal pine barrens,5.0,Temperate Conifer Forests,Nearctic
5,Apple_rf_2030y_SOC,cf_median,,Congolian coastal forests,1.0,Tropical & Subtropical Moist Broadleaf Forests,Afrotropic
664,Apple_rf_2030y_SOC,cf_median,40.920197,European Atlantic mixed forests,4.0,Temperate Broadleaf & Mixed Forests,Palearctic
193,Apple_rf_2030y_SOC,cf_median,61.723568,Australian Alps montane grasslands,10.0,Montane Grasslands & Shrublands,Australasia
812,Apple_rf_2030y_SOC,cf_median,,Azerbaijan shrub desert and steppe,13.0,Deserts & Xeric Shrublands,Palearctic
645,Apple_rf_2030y_SOC,cf_median,,Azores temperate mixed forests,4.0,Temperate Broadleaf & Mixed Forests,Palearctic
813,Apple_rf_2030y_SOC,cf_median,,Badghyz and Karabil semi-desert,13.0,Deserts & Xeric Shrublands,Palearctic
612,Apple_rf_2030y_SOC,cf_median,76.554794,Bahamian-Antillean mangroves,14.0,Mangroves,Neotropic
442,Apple_rf_2030y_SOC,cf_median,31.423244,Bahia coastal forests,1.0,Tropical & Subtropical Moist Broadleaf Forests,Neotropic
443,Apple_rf_2030y_SOC,cf_median,33.239315,Bahia interior forests,1.0,Tropical & Subtropical Moist Broadleaf Forests,Neotropic
426,Apple_rf_2030y_SOC,cf_median,18.932426,Baja California desert,13.0,Deserts & Xeric Shrublands,Nearctic
521,Apple_rf_2030y_SOC,cf_median,32.804752,Bajío dry forests,2.0,Tropical & Subtropical Dry Broadleaf Forests,Neotropic
646,Apple_rf_2030y_SOC,cf_median,73.297806,Balkan mixed forests,4.0,Temperate Broadleaf & Mixed Forests,Palearctic
522,Apple_rf_2030y_SOC,cf_median,31.185005,Balsas dry forests,2.0,Tropical & Subtropical Dry Broadleaf Forests,Neotropic
647,Apple_rf_2030y_SOC,cf_median,,Baltic mixed forests,4.0,Temperate Broadleaf & Mixed Forests,Palearctic
814,Apple_rf_2030y_SOC,cf_median,22.01641,Baluchistan xeric woodlands,13.0,Deserts & Xeric Shrublands,Palearctic
136,Apple_rf_2030y_SOC,cf_median,,Banda Sea Islands moist deciduous forests,1.0,Tropical & Subtropical Moist Broadleaf Forests,Australasia
564,Apple_rf_2030y_SOC,cf_median,,Belizian pine savannas,7.0,"Tropical & Subtropical Grasslands, Savannas & Shrublands",Neotropic
565,Apple_rf_2030y_SOC,cf_median,,Beni savanna,7.0,"Tropical & Subtropical Grasslands, Savannas & Shrublands",Neotropic
779,Apple_rf_2030y_SOC,cf_median,,Russian Bering tundra,11.0,Tundra,Palearctic
409,Apple_rf_2030y_SOC,cf_median,,Beringia lowland tundra,11.0,Tundra,Nearctic
410,Apple_rf_2030y_SOC,cf_median,,Beringia upland tundra,11.0,Tundra,Nearctic
325,Apple_rf_2030y_SOC,cf_median,,Bermuda subtropical conifer forests,3.0,Tropical & Subtropical Coniferous Forests,Nearctic
137,Apple_rf_2030y_SOC,cf_median,,Biak-Numfoor rain forests,1.0,Tropical & Subtropical Moist Broadleaf Forests,Australasia
348,Apple_rf_2030y_SOC,cf_median,,Blue Mountains forests,5.0,Temperate Conifer Forests,Nearctic
742,Apple_rf_2030y_SOC,cf_median,,Bohai Sea saline meadow,9.0,Flooded Grasslands & Savannas,Palearctic
523,Apple_rf_2030y_SOC,cf_median,,Bolivian montane dry forests,2.0,Tropical & Subtropical Dry Broadleaf Forests,Neotropic
444,Apple_rf_2030y_SOC,cf_median,64.83302,Bolivian Yungas,1.0,Tropical & Subtropical Moist Broadleaf Forests,Neotropic
219,Apple_rf_2030y_SOC,cf_median,,Borneo lowland rain forests,1.0,Tropical & Subtropical Moist Broadleaf Forests,Indomalayan
221,Apple_rf_2030y_SOC,cf_median,,Borneo peat swamp forests,1.0,Tropical & Subtropical Moist Broadleaf Forests,Indomalayan
222,Apple_rf_2030y_SOC,cf_median,29.135149,Brahmaputra Valley semi-evergreen forests,1.0,Tropical & Subtropical Moist Broadleaf Forests,Indomalayan
182,Apple_rf_2030y_SOC,cf_median,18.725367,Brigalow tropical savanna,7.0,"Tropical & Subtropical Grasslands, Savannas & Shrublands",Australasia
349,Apple_rf_2030y_SOC,cf_median,,British Columbia coastal conifer forests,5.0,Temperate Conifer Forests,Nearctic
411,Apple_rf_2030y_SOC,cf_median,,Brooks-British Range tundra,11.0,Tundra,Nearctic
138,Apple_rf_2030y_SOC,cf_median,,Buru rain forests,1.0,Tropical & Subtropical Moist Broadleaf Forests,Australasia
525,Apple_rf_2030y_SOC,cf_median,22.991032,Caatinga,2.0,Tropical & Subtropical Dry Broadleaf Forests,Neotropic
445,Apple_rf_2030y_SOC,cf_median,26.264816,Caatinga Enclaves moist forests,1.0,Tropical & Subtropical Moist Broadleaf Forests,Neotropic
691,Apple_rf_2030y_SOC,cf_median,,Caledon conifer forests,5.0,Temperate Conifer Forests,Palearctic
385,Apple_rf_2030y_SOC,cf_median,33.54733,California Central Valley grasslands,8.0,"Temperate Grasslands, Savannas & Shrublands",Nearctic
422,Apple_rf_2030y_SOC,cf_median,36.15885,California coastal sage and chaparral,12.0,"Mediterranean Forests, Woodlands & Scrub",Nearctic
423,Apple_rf_2030y_SOC,cf_median,38.174946,California interior chaparral and woodlands,12.0,"Mediterranean Forests, Woodlands & Scrub",Nearctic
424,Apple_rf_2030y_SOC,cf_median,38.827934,California montane chaparral and woodlands,12.0,"Mediterranean Forests, Woodlands & Scrub",Nearctic
2,Apple_rf_2030y_SOC,cf_median,,Cameroon Highlands forests,1.0,Tropical & Subtropical Moist Broadleaf Forests,Afrotropic
566,Apple_rf_2030y_SOC,cf_median,37.124462,Campos Rupestres montane savanna,7.0,"Tropical & Subtropical Grasslands, Savannas & Shrublands",Neotropic
386,Apple_rf_2030y_SOC,cf_median,,Canadian Aspen forests and parklands,8.0,"Temperate Grasslands, Savannas & Shrublands",Nearctic
413,Apple_rf_2030y_SOC,cf_median,,Canadian Low Arctic tundra,11.0,Tundra,Nearctic
787,Apple_rf_2030y_SOC,cf_median,62.94218,Canary Islands dry woodlands and forests,12.0,"Mediterranean Forests, Woodlands & Scrub",Palearctic
648,Apple_rf_2030y_SOC,cf_median,64.83455,Cantabrian mixed forests,4.0,Temperate Broadleaf & Mixed Forests,Palearctic
190,Apple_rf_2030y_SOC,cf_median,82.503075,Canterbury-Otago tussock grasslands,8.0,"Temperate Grasslands, Savannas & Shrublands",Australasia
31,Apple_rf_2030y_SOC,cf_median,,Cape Verde Islands dry forests,2.0,Tropical & Subtropical Dry Broadleaf Forests,Afrotropic
183,Apple_rf_2030y_SOC,cf_median,16.42875,Cape York Peninsula tropical savanna,7.0,"Tropical & Subtropical Grasslands, Savannas & Shrublands",Australasia
446,Apple_rf_2030y_SOC,cf_median,28.38886,Caqueta moist forests,1.0,Tropical & Subtropical Moist Broadleaf Forests,Neotropic
223,Apple_rf_2030y_SOC,cf_median,,Cardamom Mountains rain forests,1.0,Tropical & Subtropical Moist Broadleaf Forests,Indomalayan
599,Apple_rf_2030y_SOC,cf_median,,Caribbean shrublands,13.0,Deserts & Xeric Shrublands,Neotropic
207,Apple_rf_2030y_SOC,cf_median,22.152533,Carnarvon xeric shrublands,13.0,Deserts & Xeric Shrublands,Australasia
618,Apple_rf_2030y_SOC,cf_median,,Carolines tropical moist forests,1.0,Tropical & Subtropical Moist Broadleaf Forests,Oceania
692,Apple_rf_2030y_SOC,cf_median,,Carpathian montane forests,5.0,Temperate Conifer Forests,Palearctic
184,Apple_rf_2030y_SOC,cf_median,23.090721,Carpentaria tropical savanna,7.0,"Tropical & Subtropical Grasslands, Savannas & Shrublands",Australasia
649,Apple_rf_2030y_SOC,cf_median,,Caspian Hyrcanian mixed forests,4.0,Temperate Broadleaf & Mixed Forests,Palearctic
815,Apple_rf_2030y_SOC,cf_median,,Caspian lowland desert,13.0,Deserts & Xeric Shrublands,Palearctic
447,Apple_rf_2030y_SOC,cf_median,35.139706,Catatumbo moist forests,1.0,Tropical & Subtropical Moist Broadleaf Forests,Neotropic
526,Apple_rf_2030y_SOC,cf_median,49.472748,Cauca Valley dry forests,2.0,Tropical & Subtropical Dry Broadleaf Forests,Neotropic
448,Apple_rf_2030y_SOC,cf_median,68.45475,Cauca Valley montane forests,1.0,Tropical & Subtropical Moist Broadleaf Forests,Neotropic
650,Apple_rf_2030y_SOC,cf_median,65.66565,Caucasus mixed forests,4.0,Temperate Broadleaf & Mixed Forests,Palearctic
449,Apple_rf_2030y_SOC,cf_median,,Cayos Miskitos-San Andrés and Providencia moist forests,1.0,Tropical & Subtropical Moist Broadleaf Forests,Neotropic
651,Apple_rf_2030y_SOC,cf_median,,Celtic broadleaf forests,4.0,Temperate Broadleaf & Mixed Forests,Palearctic
816,Apple_rf_2030y_SOC,cf_median,,Central Afghan Mountains xeric woodlands,13.0,Deserts & Xeric Shrublands,Palearctic
111,Apple_rf_2030y_SOC,cf_median,,Central African mangroves,14.0,Mangroves,Afrotropic
450,Apple_rf_2030y_SOC,cf_median,40.25685,Central American Atlantic moist forests,1.0,Tropical & Subtropical Moist Broadleaf Forests,Neotropic
527,Apple_rf_2030y_SOC,cf_median,38.33201,Central American dry forests,2.0,Tropical & Subtropical Dry Broadleaf Forests,Neotropic
451,Apple_rf_2030y_SOC,cf_median,44.289253,Central American montane forests,1.0,Tropical & Subtropical Moist Broadleaf Forests,Neotropic
553,Apple_rf_2030y_SOC,cf_median,40.95419,Central American pine-oak forests,3.0,Tropical & Subtropical Coniferous Forests,Neotropic
725,Apple_rf_2030y_SOC,cf_median,,Central Anatolian steppe,8.0,"Temperate Grasslands, Savannas & Shrublands",Palearctic
652,Apple_rf_2030y_SOC,cf_median,,Central Anatolian steppe and woodlands,4.0,Temperate Broadleaf & Mixed Forests,Palearctic
352,Apple_rf_2030y_SOC,cf_median,59.487347,Central-Southern Cascades Forests,5.0,Temperate Conifer Forests,Nearctic
389,Apple_rf_2030y_SOC,cf_median,30.703686,Central-Southern US mixed grasslands,8.0,"Temperate Grasslands, Savannas & Shrublands",Nearctic
587,Apple_rf_2030y_SOC,cf_median,34.546223,Central Andean dry puna,10.0,Montane Grasslands & Shrublands,Neotropic
588,Apple_rf_2030y_SOC,cf_median,37.98674,Central Andean puna,10.0,Montane Grasslands & Shrublands,Neotropic
589,Apple_rf_2030y_SOC,cf_median,58.917755,Central Andean wet puna,10.0,Montane Grasslands & Shrublands,Neotropic
817,Apple_rf_2030y_SOC,cf_median,,Central Asian northern desert,13.0,Deserts & Xeric Shrublands,Palearctic
818,Apple_rf_2030y_SOC,cf_median,,Central Asian riparian woodlands,13.0,Deserts & Xeric Shrublands,Palearctic
819,Apple_rf_2030y_SOC,cf_median,,Central Asian southern desert,13.0,Deserts & Xeric Shrublands,Palearctic
350,Apple_rf_2030y_SOC,cf_median,,Central British Columbia Mountain forests,5.0,Temperate Conifer Forests,Nearctic
38,Apple_rf_2030y_SOC,cf_median,25.927912,Central bushveld,7.0,"Tropical & Subtropical Grasslands, Savannas & Shrublands",Afrotropic
370,Apple_rf_2030y_SOC,cf_median,,Central Canadian Shield forests,6.0,Boreal Forests/Taiga,Nearctic
653,Apple_rf_2030y_SOC,cf_median,41.83392,Central China Loess Plateau mixed forests,4.0,Temperate Broadleaf & Mixed Forests,Palearctic
3,Apple_rf_2030y_SOC,cf_median,,Central Congolian lowland forests,1.0,Tropical & Subtropical Moist Broadleaf Forests,Afrotropic
290,Apple_rf_2030y_SOC,cf_median,23.767754,Central Deccan Plateau dry deciduous forests,2.0,Tropical & Subtropical Dry Broadleaf Forests,Indomalayan
654,Apple_rf_2030y_SOC,cf_median,,Central European mixed forests,4.0,Temperate Broadleaf & Mixed Forests,Palearctic
387,Apple_rf_2030y_SOC,cf_median,,Central US forest-grasslands transition,8.0,"Temperate Grasslands, Savannas & Shrublands",Nearctic
291,Apple_rf_2030y_SOC,cf_median,,Central Indochina dry forests,2.0,Tropical & Subtropical Dry Broadleaf Forests,Indomalayan
655,Apple_rf_2030y_SOC,cf_median,,Central Korean deciduous forests,4.0,Temperate Broadleaf & Mixed Forests,Palearctic
427,Apple_rf_2030y_SOC,cf_median,29.384542,Central Mexican matorral,13.0,Deserts & Xeric Shrublands,Nearctic
351,Apple_rf_2030y_SOC,cf_median,93.24983,Central Pacific Northwest coastal forests,5.0,Temperate Conifer Forests,Nearctic
820,Apple_rf_2030y_SOC,cf_median,,Central Persian desert basins,13.0,Deserts & Xeric Shrublands,Palearctic
619,Apple_rf_2030y_SOC,cf_median,,Central Polynesian tropical moist forests,1.0,Tropical & Subtropical Moist Broadleaf Forests,Oceania
139,Apple_rf_2030y_SOC,cf_median,,Central Range Papuan montane rain forests,1.0,Tropical & Subtropical Moist Broadleaf Forests,Australasia
195,Apple_rf_2030y_SOC,cf_median,,Papuan Central Range sub-alpine grasslands,10.0,Montane Grasslands & Shrublands,Australasia
208,Apple_rf_2030y_SOC,cf_median,18.721704,Central Ranges xeric scrub,13.0,Deserts & Xeric Shrublands,Australasia
118,Apple_rf_2030y_SOC,cf_median,,Central South Antarctic Peninsula tundra,11.0,Tundra,Antarctica
388,Apple_rf_2030y_SOC,cf_median,,Central Tallgrass prairie,8.0,"Temperate Grasslands, Savannas & Shrublands",Nearctic
750,Apple_rf_2030y_SOC,cf_median,40.372227,Central Tibetan Plateau alpine steppe,10.0,Montane Grasslands & Shrublands,Palearctic
39,Apple_rf_2030y_SOC,cf_median,,Central Zambezian wet miombo woodlands,7.0,"Tropical & Subtropical Grasslands, Savannas & Shrublands",Afrotropic
567,Apple_rf_2030y_SOC,cf_median,27.687727,Cerrado,7.0,"Tropical & Subtropical Grasslands, Savannas & Shrublands",Neotropic
656,Apple_rf_2030y_SOC,cf_median,,Changbai Mountains mixed forests,4.0,Temperate Broadleaf & Mixed Forests,Palearctic
657,Apple_rf_2030y_SOC,cf_median,33.36711,Changjiang Plain evergreen forests,4.0,Temperate Broadleaf & Mixed Forests,Palearctic
224,Apple_rf_2030y_SOC,cf_median,,Chao Phraya freshwater swamp forests,1.0,Tropical & Subtropical Moist Broadleaf Forests,Indomalayan
225,Apple_rf_2030y_SOC,cf_median,,Chao Phraya lowland moist deciduous forests,1.0,Tropical & Subtropical Moist Broadleaf Forests,Indomalayan
167,Apple_rf_2030y_SOC,cf_median,,Chatham Island temperate forests,4.0,Temperate Broadleaf & Mixed Forests,Australasia
771,Apple_rf_2030y_SOC,cf_median,,Cherskii-Kolyma mountain tundra,11.0,Tundra,Palearctic
292,Apple_rf_2030y_SOC,cf_median,30.293493,Chhota-Nagpur dry deciduous forests,2.0,Tropical & Subtropical Dry Broadleaf Forests,Indomalayan
528,Apple_rf_2030y_SOC,cf_median,31.504473,Chiapas Depression dry forests,2.0,Tropical & Subtropical Dry Broadleaf Forests,Neotropic
452,Apple_rf_2030y_SOC,cf_median,42.400517,Chiapas montane forests,1.0,Tropical & Subtropical Moist Broadleaf Forests,Neotropic
428,Apple_rf_2030y_SOC,cf_median,26.068983,Chihuahuan desert,13.0,Deserts & Xeric Shrublands,Nearctic
596,Apple_rf_2030y_SOC,cf_median,65.24384,Chilean Matorral,12.0,"Mediterranean Forests, Woodlands & Scrub",Neotropic
453,Apple_rf_2030y_SOC,cf_median,34.69893,Chimalapas montane forests,1.0,Tropical & Subtropical Moist Broadleaf Forests,Neotropic
226,Apple_rf_2030y_SOC,cf_median,39.21861,Chin Hills-Arakan Yoma montane forests,1.0,Tropical & Subtropical Moist Broadleaf Forests,Indomalayan
529,Apple_rf_2030y_SOC,cf_median,28.645061,Chiquitano dry forests,2.0,Tropical & Subtropical Dry Broadleaf Forests,Neotropic
454,Apple_rf_2030y_SOC,cf_median,45.065884,Chocó-Darién moist forests,1.0,Tropical & Subtropical Moist Broadleaf Forests,Neotropic
227,Apple_rf_2030y_SOC,cf_median,,Christmas and Cocos Islands tropical forests,1.0,Tropical & Subtropical Moist Broadleaf Forests,Indomalayan
772,Apple_rf_2030y_SOC,cf_median,,Chukchi Peninsula tundra,11.0,Tundra,Palearctic
568,Apple_rf_2030y_SOC,cf_median,,Clipperton Island shrub and grasslands,7.0,"Tropical & Subtropical Grasslands, Savannas & Shrublands",Neotropic
455,Apple_rf_2030y_SOC,cf_median,,Cocos Island moist forests,1.0,Tropical & Subtropical Moist Broadleaf Forests,Neotropic
429,Apple_rf_2030y_SOC,cf_median,30.441334,Colorado Plateau shrublands,13.0,Deserts & Xeric Shrublands,Nearctic
353,Apple_rf_2030y_SOC,cf_median,59.93316,Colorado Rockies forests,5.0,Temperate Conifer Forests,Nearctic
4,Apple_rf_2030y_SOC,cf_median,,Comoros forests,1.0,Tropical & Subtropical Moist Broadleaf Forests,Afrotropic
371,Apple_rf_2030y_SOC,cf_median,,Cook Inlet taiga,6.0,Boreal Forests/Taiga,Nearctic
620,Apple_rf_2030y_SOC,cf_median,,Cook Islands tropical moist forests,1.0,Tropical & Subtropical Moist Broadleaf Forests,Oceania
197,Apple_rf_2030y_SOC,cf_median,38.0252,Coolgardie woodlands,12.0,"Mediterranean Forests, Woodlands & Scrub",Australasia
372,Apple_rf_2030y_SOC,cf_median,,Copper Plateau taiga,6.0,Boreal Forests/Taiga,Nearctic
590,Apple_rf_2030y_SOC,cf_median,65.25286,Cordillera Central páramo,10.0,Montane Grasslands & Shrublands,Neotropic
591,Apple_rf_2030y_SOC,cf_median,,Cordillera de Merida páramo,10.0,Montane Grasslands & Shrublands,Neotropic
456,Apple_rf_2030y_SOC,cf_median,,Cordillera La Costa montane forests,1.0,Tropical & Subtropical Moist Broadleaf Forests,Neotropic
457,Apple_rf_2030y_SOC,cf_median,57.443893,Cordillera Oriental montane forests,1.0,Tropical & Subtropical Moist Broadleaf Forests,Neotropic
788,Apple_rf_2030y_SOC,cf_median,74.48062,Corsican montane broadleaf and mixed forests,12.0,"Mediterranean Forests, Woodlands & Scrub",Palearctic
458,Apple_rf_2030y_SOC,cf_median,,Costa Rican seasonal moist forests,1.0,Tropical & Subtropical Moist Broadleaf Forests,Neotropic
789,Apple_rf_2030y_SOC,cf_median,63.724422,Crete Mediterranean forests,12.0,"Mediterranean Forests, Woodlands & Scrub",Palearctic
658,Apple_rf_2030y_SOC,cf_median,,Crimean Submediterranean forest complex,4.0,Temperate Broadleaf & Mixed Forests,Palearctic
6,Apple_rf_2030y_SOC,cf_median,,Cross-Niger transition forests,1.0,Tropical & Subtropical Moist Broadleaf Forests,Afrotropic
7,Apple_rf_2030y_SOC,cf_median,,Cross-Sanaga-Bioko coastal forests,1.0,Tropical & Subtropical Moist Broadleaf Forests,Afrotropic
390,Apple_rf_2030y_SOC,cf_median,36.485924,Cross-Timbers savanna-woodland,8.0,"Temperate Grasslands, Savannas & Shrublands",Nearctic
600,Apple_rf_2030y_SOC,cf_median,,Cuban cactus scrub,13.0,Deserts & Xeric Shrublands,Neotropic
530,Apple_rf_2030y_SOC,cf_median,,Cuban dry forests,2.0,Tropical & Subtropical Dry Broadleaf Forests,Neotropic
459,Apple_rf_2030y_SOC,cf_median,,Cuban moist forests,1.0,Tropical & Subtropical Moist Broadleaf Forests,Neotropic
554,Apple_rf_2030y_SOC,cf_median,,Cuban pine forests,3.0,Tropical & Subtropical Coniferous Forests,Neotropic
579,Apple_rf_2030y_SOC,cf_median,,Cuban wetlands,9.0,Flooded Grasslands & Savannas,Neotropic
790,Apple_rf_2030y_SOC,cf_median,46.741676,Cyprus Mediterranean forests,12.0,"Mediterranean Forests, Woodlands & Scrub",Palearctic
693,Apple_rf_2030y_SOC,cf_median,,Da Hinggan-Dzhagdy Mountains conifer forests,5.0,Temperate Conifer Forests,Palearctic
659,Apple_rf_2030y_SOC,cf_median,39.222645,Daba Mountains evergreen forests,4.0,Temperate Broadleaf & Mixed Forests,Palearctic
726,Apple_rf_2030y_SOC,cf_median,,Daurian forest steppe,8.0,"Temperate Grasslands, Savannas & Shrublands",Palearctic
415,Apple_rf_2030y_SOC,cf_median,,Davis Highlands tundra,11.0,Tundra,Nearctic
315,Apple_rf_2030y_SOC,cf_median,24.584755,Deccan thorn scrub forests,13.0,Deserts & Xeric Shrublands,Indomalayan
660,Apple_rf_2030y_SOC,cf_median,65.31711,Dinaric Mountains mixed forests,4.0,Temperate Broadleaf & Mixed Forests,Palearctic
92,Apple_rf_2030y_SOC,cf_median,,Djibouti xeric shrublands,13.0,Deserts & Xeric Shrublands,Afrotropic
40,Apple_rf_2030y_SOC,cf_median,39.03473,Drakensberg Escarpment savanna and thicket,7.0,"Tropical & Subtropical Grasslands, Savannas & Shrublands",Afrotropic
41,Apple_rf_2030y_SOC,cf_median,38.578888,Drakensberg grasslands,7.0,"Tropical & Subtropical Grasslands, Savannas & Shrublands",Afrotropic
0,Apple_rf_2030y_SOC,cf_median,56.86878,Rock and Ice,11.0,N/A,N/A
569,Apple_rf_2030y_SOC,cf_median,29.100248,Dry Chaco,7.0,"Tropical & Subtropical Grasslands, Savannas & Shrublands",Neotropic
694,Apple_rf_2030y_SOC,cf_median,42.979782,East Afghan montane conifer forests,5.0,Temperate Conifer Forests,Palearctic
69,Apple_rf_2030y_SOC,cf_median,20.461014,East African halophytics,9.0,Flooded Grasslands & Savannas,Afrotropic
112,Apple_rf_2030y_SOC,cf_median,33.859436,East African mangroves,14.0,Mangroves,Afrotropic
120,Apple_rf_2030y_SOC,cf_median,,East Antarctic tundra,11.0,Tundra,Antarctica
821,Apple_rf_2030y_SOC,cf_median,,East Arabian fog shrublands and sand desert,13.0,Deserts & Xeric Shrublands,Palearctic
332,Apple_rf_2030y_SOC,cf_median,29.018574,East Central Texas forests,4.0,Temperate Broadleaf & Mixed Forests,Nearctic
293,Apple_rf_2030y_SOC,cf_median,32.373577,East Deccan dry-evergreen forests,2.0,Tropical & Subtropical Dry Broadleaf Forests,Indomalayan
661,Apple_rf_2030y_SOC,cf_median,,East European forest steppe,4.0,Temperate Broadleaf & Mixed Forests,Palearctic
822,Apple_rf_2030y_SOC,cf_median,,East Sahara Desert,13.0,Deserts & Xeric Shrublands,Palearctic
823,Apple_rf_2030y_SOC,cf_median,,East Saharan montane xeric woodlands,13.0,Deserts & Xeric Shrublands,Palearctic
710,Apple_rf_2030y_SOC,cf_median,,East Siberian taiga,6.0,Boreal Forests/Taiga,Palearctic
43,Apple_rf_2030y_SOC,cf_median,32.494164,East Sudanian savanna,7.0,"Tropical & Subtropical Grasslands, Savannas & Shrublands",Afrotropic
662,Apple_rf_2030y_SOC,cf_median,,Eastern Anatolian deciduous forests,4.0,Temperate Broadleaf & Mixed Forests,Palearctic
727,Apple_rf_2030y_SOC,cf_median,,Eastern Anatolian montane steppe,8.0,"Temperate Grasslands, Savannas & Shrublands",Palearctic
191,Apple_rf_2030y_SOC,cf_median,18.852322,Eastern Australia mulga shrublands,8.0,"Temperate Grasslands, Savannas & Shrublands",Australasia
168,Apple_rf_2030y_SOC,cf_median,41.081715,Eastern Australian temperate forests,4.0,Temperate Broadleaf & Mixed Forests,Australasia
373,Apple_rf_2030y_SOC,cf_median,,Eastern Canadian forests,6.0,Boreal Forests/Taiga,Nearctic
374,Apple_rf_2030y_SOC,cf_median,,Eastern Canadian Shield taiga,6.0,Boreal Forests/Taiga,Nearctic
354,Apple_rf_2030y_SOC,cf_median,49.35847,Eastern Cascades forests,5.0,Temperate Conifer Forests,Nearctic
10,Apple_rf_2030y_SOC,cf_median,,Eastern Congolian swamp forests,1.0,Tropical & Subtropical Moist Broadleaf Forests,Afrotropic
460,Apple_rf_2030y_SOC,cf_median,57.949318,Eastern Cordillera Real montane forests,1.0,Tropical & Subtropical Moist Broadleaf Forests,Neotropic
333,Apple_rf_2030y_SOC,cf_median,,Eastern Canadian Forest-Boreal transition,4.0,Temperate Broadleaf & Mixed Forests,Nearctic
824,Apple_rf_2030y_SOC,cf_median,,Eastern Gobi desert steppe,13.0,Deserts & Xeric Shrublands,Palearctic
334,Apple_rf_2030y_SOC,cf_median,,Eastern Great Lakes lowland forests,4.0,Temperate Broadleaf & Mixed Forests,Nearctic
11,Apple_rf_2030y_SOC,cf_median,,Eastern Guinean forests,1.0,Tropical & Subtropical Moist Broadleaf Forests,Afrotropic
228,Apple_rf_2030y_SOC,cf_median,30.354286,East Deccan moist deciduous forests,1.0,Tropical & Subtropical Moist Broadleaf Forests,Indomalayan
751,Apple_rf_2030y_SOC,cf_median,57.13296,Eastern Himalayan alpine shrub and meadows,10.0,Montane Grasslands & Shrublands,Palearctic
306,Apple_rf_2030y_SOC,cf_median,45.613125,Eastern Himalayan broadleaf forests,4.0,Temperate Broadleaf & Mixed Forests,Indomalayan
309,Apple_rf_2030y_SOC,cf_median,55.386627,Eastern Himalayan subalpine conifer forests,5.0,Temperate Conifer Forests,Indomalayan
229,Apple_rf_2030y_SOC,cf_median,,Eastern Java-Bali montane rain forests,1.0,Tropical & Subtropical Moist Broadleaf Forests,Indomalayan
230,Apple_rf_2030y_SOC,cf_median,,Eastern Java-Bali rain forests,1.0,Tropical & Subtropical Moist Broadleaf Forests,Indomalayan
791,Apple_rf_2030y_SOC,cf_median,31.101696,Eastern Mediterranean conifer-broadleaf forests,12.0,"Mediterranean Forests, Woodlands & Scrub",Palearctic
621,Apple_rf_2030y_SOC,cf_median,,Eastern Micronesia tropical moist forests,1.0,Tropical & Subtropical Moist Broadleaf Forests,Oceania
461,Apple_rf_2030y_SOC,cf_median,38.98483,Eastern Panamanian montane forests,1.0,Tropical & Subtropical Moist Broadleaf Forests,Neotropic
531,Apple_rf_2030y_SOC,cf_median,36.489887,Ecuadorian dry forests,2.0,Tropical & Subtropical Dry Broadleaf Forests,Neotropic
391,Apple_rf_2030y_SOC,cf_median,35.708336,Edwards Plateau savanna,8.0,"Temperate Grasslands, Savannas & Shrublands",Nearctic
185,Apple_rf_2030y_SOC,cf_median,22.38317,Einasleigh upland savanna,7.0,"Tropical & Subtropical Grasslands, Savannas & Shrublands",Australasia
695,Apple_rf_2030y_SOC,cf_median,,Elburz Range forest steppe,5.0,Temperate Conifer Forests,Palearctic
121,Apple_rf_2030y_SOC,cf_median,,Ellsworth Land tundra,11.0,Tundra,Antarctica
122,Apple_rf_2030y_SOC,cf_median,,Ellsworth Mountains tundra,11.0,Tundra,Antarctica
728,Apple_rf_2030y_SOC,cf_median,,Emin Valley steppe,8.0,"Temperate Grasslands, Savannas & Shrublands",Palearctic
123,Apple_rf_2030y_SOC,cf_median,,Enderby Land tundra,11.0,Tundra,Antarctica
663,Apple_rf_2030y_SOC,cf_median,,English Lowlands beech forests,4.0,Temperate Broadleaf & Mixed Forests,Palearctic
580,Apple_rf_2030y_SOC,cf_median,,Enriquillo wetlands,9.0,Flooded Grasslands & Savannas,Neotropic
93,Apple_rf_2030y_SOC,cf_median,,Eritrean coastal desert,13.0,Deserts & Xeric Shrublands,Afrotropic
198,Apple_rf_2030y_SOC,cf_median,37.053295,Esperance mallee,12.0,"Mediterranean Forests, Woodlands & Scrub",Australasia
575,Apple_rf_2030y_SOC,cf_median,26.902683,Espinal,8.0,"Temperate Grasslands, Savannas & Shrublands",Neotropic
12,Apple_rf_2030y_SOC,cf_median,,Ethiopian montane forests,1.0,Tropical & Subtropical Moist Broadleaf Forests,Afrotropic
79,Apple_rf_2030y_SOC,cf_median,,Ethiopian montane grasslands and woodlands,10.0,Montane Grasslands & Shrublands,Afrotropic
80,Apple_rf_2030y_SOC,cf_median,,Ethiopian montane moorlands,10.0,Montane Grasslands & Shrublands,Afrotropic
70,Apple_rf_2030y_SOC,cf_median,,Etosha Pan halophytics,9.0,Flooded Grasslands & Savannas,Afrotropic
665,Apple_rf_2030y_SOC,cf_median,58.62217,Euxine-Colchic broadleaf forests,4.0,Temperate Broadleaf & Mixed Forests,Palearctic
581,Apple_rf_2030y_SOC,cf_median,39.284435,Everglades flooded grasslands,9.0,Flooded Grasslands & Savannas,Neotropic
199,Apple_rf_2030y_SOC,cf_median,36.356968,Eyre and York mallee,12.0,"Mediterranean Forests, Woodlands & Scrub",Australasia
729,Apple_rf_2030y_SOC,cf_median,,Faroe Islands boreal grasslands,8.0,"Temperate Grasslands, Savannas & Shrublands",Palearctic
462,Apple_rf_2030y_SOC,cf_median,,Fernando de Noronha-Atol das Rocas moist forests,1.0,Tropical & Subtropical Moist Broadleaf Forests,Neotropic
635,Apple_rf_2030y_SOC,cf_median,,Fiji tropical dry forests,2.0,Tropical & Subtropical Dry Broadleaf Forests,Oceania
622,Apple_rf_2030y_SOC,cf_median,,Fiji tropical moist forests,1.0,Tropical & Subtropical Moist Broadleaf Forests,Oceania
169,Apple_rf_2030y_SOC,cf_median,,Fiordland temperate forests,4.0,Temperate Broadleaf & Mixed Forests,Australasia
200,Apple_rf_2030y_SOC,cf_median,33.26286,Flinders-Lofty montane woodlands,12.0,"Mediterranean Forests, Woodlands & Scrub",Australasia
392,Apple_rf_2030y_SOC,cf_median,,Flint Hills tallgrass prairie,8.0,"Temperate Grasslands, Savannas & Shrublands",Nearctic
355,Apple_rf_2030y_SOC,cf_median,,Fraser Plateau and Basin conifer forests,5.0,Temperate Conifer Forests,Nearctic
89,Apple_rf_2030y_SOC,cf_median,41.631325,Fynbos shrubland,12.0,"Mediterranean Forests, Woodlands & Scrub",Afrotropic
601,Apple_rf_2030y_SOC,cf_median,53.726864,Galápagos Islands xeric scrub,13.0,Deserts & Xeric Shrublands,Neotropic
94,Apple_rf_2030y_SOC,cf_median,26.01528,Gariep Karoo,13.0,Deserts & Xeric Shrublands,Afrotropic
752,Apple_rf_2030y_SOC,cf_median,,Ghorat-Hazarajat alpine meadow,10.0,Montane Grasslands & Shrublands,Palearctic
209,Apple_rf_2030y_SOC,cf_median,15.864119,Gibson desert,13.0,Deserts & Xeric Shrublands,Australasia
730,Apple_rf_2030y_SOC,cf_median,,Gissaro-Alai open woodlands,8.0,"Temperate Grasslands, Savannas & Shrublands",Palearctic
316,Apple_rf_2030y_SOC,cf_median,50.432285,Godavari-Krishna mangroves,13.0,Deserts & Xeric Shrublands,Indomalayan
825,Apple_rf_2030y_SOC,cf_median,,Gobi Lakes Valley desert steppe,13.0,Deserts & Xeric Shrublands,Palearctic
13,Apple_rf_2030y_SOC,cf_median,,Granitic Seychelles forests,1.0,Tropical & Subtropical Moist Broadleaf Forests,Afrotropic
356,Apple_rf_2030y_SOC,cf_median,52.735783,Great Basin montane forests,5.0,Temperate Conifer Forests,Nearctic
430,Apple_rf_2030y_SOC,cf_median,35.7116,Great Basin shrub steppe,13.0,Deserts & Xeric Shrublands,Nearctic
826,Apple_rf_2030y_SOC,cf_median,,Great Lakes Basin desert steppe,13.0,Deserts & Xeric Shrublands,Palearctic
210,Apple_rf_2030y_SOC,cf_median,21.540058,Great Sandy-Tanami desert,13.0,Deserts & Xeric Shrublands,Australasia
211,Apple_rf_2030y_SOC,cf_median,28.233192,Great Victoria desert,13.0,Deserts & Xeric Shrublands,Australasia
231,Apple_rf_2030y_SOC,cf_median,,Greater Negros-Panay rain forests,1.0,Tropical & Subtropical Moist Broadleaf Forests,Indomalayan
602,Apple_rf_2030y_SOC,cf_median,35.942623,Guajira-Barranquilla xeric scrub,13.0,Deserts & Xeric Shrublands,Neotropic
582,Apple_rf_2030y_SOC,cf_median,41.265625,Guayaquil flooded grasslands,9.0,Flooded Grasslands & Savannas,Neotropic
463,Apple_rf_2030y_SOC,cf_median,,Guianan freshwater swamp forests,1.0,Tropical & Subtropical Moist Broadleaf Forests,Neotropic
464,Apple_rf_2030y_SOC,cf_median,34.157246,Guianan Highlands moist forests,1.0,Tropical & Subtropical Moist Broadleaf Forests,Neotropic
465,Apple_rf_2030y_SOC,cf_median,32.688007,Guianan lowland moist forests,1.0,Tropical & Subtropical Moist Broadleaf Forests,Neotropic
466,Apple_rf_2030y_SOC,cf_median,27.815289,Guianan piedmont moist forests,1.0,Tropical & Subtropical Moist Broadleaf Forests,Neotropic
570,Apple_rf_2030y_SOC,cf_median,29.223124,Guianan savanna,7.0,"Tropical & Subtropical Grasslands, Savannas & Shrublands",Neotropic
44,Apple_rf_2030y_SOC,cf_median,,Guinean forest-savanna,7.0,"Tropical & Subtropical Grasslands, Savannas & Shrublands",Afrotropic
113,Apple_rf_2030y_SOC,cf_median,,Guinean mangroves,14.0,Mangroves,Afrotropic
14,Apple_rf_2030y_SOC,cf_median,,Guinean montane forests,1.0,Tropical & Subtropical Moist Broadleaf Forests,Afrotropic
642,Apple_rf_2030y_SOC,cf_median,41.279297,Guizhou Plateau broadleaf and mixed forests,1.0,Tropical & Subtropical Moist Broadleaf Forests,Palearctic
431,Apple_rf_2030y_SOC,cf_median,27.4611,Gulf of California xeric scrub,13.0,Deserts & Xeric Shrublands,Nearctic
335,Apple_rf_2030y_SOC,cf_median,,Gulf of St. Lawrence lowland forests,4.0,Temperate Broadleaf & Mixed Forests,Nearctic
467,Apple_rf_2030y_SOC,cf_median,25.915634,Gurupa várzea,1.0,Tropical & Subtropical Moist Broadleaf Forests,Neotropic
232,Apple_rf_2030y_SOC,cf_median,42.309242,Hainan Island monsoon rain forests,1.0,Tropical & Subtropical Moist Broadleaf Forests,Indomalayan
140,Apple_rf_2030y_SOC,cf_median,,Halmahera rain forests,1.0,Tropical & Subtropical Moist Broadleaf Forests,Australasia
201,Apple_rf_2030y_SOC,cf_median,42.58696,Hampton mallee and woodlands,12.0,"Mediterranean Forests, Woodlands & Scrub",Australasia
636,Apple_rf_2030y_SOC,cf_median,53.093292,Hawai'i tropical dry forests,2.0,Tropical & Subtropical Dry Broadleaf Forests,Oceania
639,Apple_rf_2030y_SOC,cf_median,41.02261,Hawai'i tropical high shrublands,7.0,"Tropical & Subtropical Grasslands, Savannas & Shrublands",Oceania
640,Apple_rf_2030y_SOC,cf_median,70.4356,Hawai'i tropical low shrublands,7.0,"Tropical & Subtropical Grasslands, Savannas & Shrublands",Oceania
623,Apple_rf_2030y_SOC,cf_median,75.971115,Hawai'i tropical moist forests,1.0,Tropical & Subtropical Moist Broadleaf Forests,Oceania
696,Apple_rf_2030y_SOC,cf_median,,Helanshan montane conifer forests,5.0,Temperate Conifer Forests,Palearctic
697,Apple_rf_2030y_SOC,cf_median,76.83075,Hengduan Mountains subalpine conifer forests,5.0,Temperate Conifer Forests,Palearctic
412,Apple_rf_2030y_SOC,cf_median,,Canadian High Arctic tundra,11.0,Tundra,Nearctic
592,Apple_rf_2030y_SOC,cf_median,32.140488,High Monte,10.0,Montane Grasslands & Shrublands,Neotropic
81,Apple_rf_2030y_SOC,cf_median,26.811865,Highveld grasslands,10.0,Montane Grasslands & Shrublands,Afrotropic
233,Apple_rf_2030y_SOC,cf_median,31.67786,Himalayan subtropical broadleaf forests,1.0,Tropical & Subtropical Moist Broadleaf Forests,Indomalayan
302,Apple_rf_2030y_SOC,cf_median,35.674057,Himalayan subtropical pine forests,3.0,Tropical & Subtropical Coniferous Forests,Indomalayan
753,Apple_rf_2030y_SOC,cf_median,62.65511,Hindu Kush alpine meadow,10.0,Montane Grasslands & Shrublands,Palearctic
532,Apple_rf_2030y_SOC,cf_median,,Hispaniolan dry forests,2.0,Tropical & Subtropical Dry Broadleaf Forests,Neotropic
468,Apple_rf_2030y_SOC,cf_median,,Hispaniolan moist forests,1.0,Tropical & Subtropical Moist Broadleaf Forests,Neotropic
555,Apple_rf_2030y_SOC,cf_median,,Hispaniolan pine forests,3.0,Tropical & Subtropical Coniferous Forests,Neotropic
95,Apple_rf_2030y_SOC,cf_median,,Hobyo grasslands and shrublands,13.0,Deserts & Xeric Shrublands,Afrotropic
666,Apple_rf_2030y_SOC,cf_median,,Hokkaido deciduous forests,4.0,Temperate Broadleaf & Mixed Forests,Palearctic
698,Apple_rf_2030y_SOC,cf_median,,Hokkaido montane conifer forests,5.0,Temperate Conifer Forests,Palearctic
699,Apple_rf_2030y_SOC,cf_median,,Honshu alpine conifer forests,5.0,Temperate Conifer Forests,Palearctic
45,Apple_rf_2030y_SOC,cf_median,,Horn of Africa xeric bushlands,7.0,"Tropical & Subtropical Grasslands, Savannas & Shrublands",Afrotropic
667,Apple_rf_2030y_SOC,cf_median,43.640453,Huang He Plain mixed forests,4.0,Temperate Broadleaf & Mixed Forests,Palearctic
571,Apple_rf_2030y_SOC,cf_median,28.060799,Humid Chaco,7.0,"Tropical & Subtropical Grasslands, Savannas & Shrublands",Neotropic
576,Apple_rf_2030y_SOC,cf_median,41.55709,Humid Pampas,8.0,"Temperate Grasslands, Savannas & Shrublands",Neotropic
141,Apple_rf_2030y_SOC,cf_median,,Huon Peninsula montane rain forests,1.0,Tropical & Subtropical Moist Broadleaf Forests,Australasia
792,Apple_rf_2030y_SOC,cf_median,36.31379,Iberian conifer forests,12.0,"Mediterranean Forests, Woodlands & Scrub",Palearctic
793,Apple_rf_2030y_SOC,cf_median,30.271719,Iberian sclerophyllous and semi-deciduous forests,12.0,"Mediterranean Forests, Woodlands & Scrub",Palearctic
711,Apple_rf_2030y_SOC,cf_median,,Iceland boreal birch forests and alpine tundra,6.0,Boreal Forests/Taiga,Palearctic
794,Apple_rf_2030y_SOC,cf_median,50.117496,Illyrian deciduous forests,12.0,"Mediterranean Forests, Woodlands & Scrub",Palearctic
319,Apple_rf_2030y_SOC,cf_median,,Indochina mangroves,14.0,Mangroves,Indomalayan
320,Apple_rf_2030y_SOC,cf_median,22.187357,Indus River Delta-Arabian Sea mangroves,14.0,Mangroves,Indomalayan
317,Apple_rf_2030y_SOC,cf_median,,Indus Valley desert,13.0,Deserts & Xeric Shrublands,Indomalayan
71,Apple_rf_2030y_SOC,cf_median,,Inner Niger Delta flooded savanna,9.0,Flooded Grasslands & Savannas,Afrotropic
375,Apple_rf_2030y_SOC,cf_median,,Interior Alaska-Yukon lowland taiga,6.0,Boreal Forests/Taiga,Nearctic
336,Apple_rf_2030y_SOC,cf_median,31.07998,Interior Plateau US Hardwood Forests,4.0,Temperate Broadleaf & Mixed Forests,Nearctic
416,Apple_rf_2030y_SOC,cf_median,,Interior Yukon-Alaska alpine tundra,11.0,Tundra,Nearctic
469,Apple_rf_2030y_SOC,cf_median,30.354792,Iquitos várzea,1.0,Tropical & Subtropical Moist Broadleaf Forests,Neotropic
294,Apple_rf_2030y_SOC,cf_median,,Irrawaddy dry forests,2.0,Tropical & Subtropical Dry Broadleaf Forests,Indomalayan
234,Apple_rf_2030y_SOC,cf_median,,Irrawaddy freshwater swamp forests,1.0,Tropical & Subtropical Moist Broadleaf Forests,Indomalayan
235,Apple_rf_2030y_SOC,cf_median,,Irrawaddy moist deciduous forests,1.0,Tropical & Subtropical Moist Broadleaf Forests,Indomalayan
533,Apple_rf_2030y_SOC,cf_median,,Islas Revillagigedo dry forests,2.0,Tropical & Subtropical Dry Broadleaf Forests,Neotropic
470,Apple_rf_2030y_SOC,cf_median,,Isthmian-Atlantic moist forests,1.0,Tropical & Subtropical Moist Broadleaf Forests,Neotropic
471,Apple_rf_2030y_SOC,cf_median,,Isthmian-Pacific moist forests,1.0,Tropical & Subtropical Moist Broadleaf Forests,Neotropic
795,Apple_rf_2030y_SOC,cf_median,44.544033,Italian sclerophyllous and semi-deciduous forests,12.0,"Mediterranean Forests, Woodlands & Scrub",Palearctic
46,Apple_rf_2030y_SOC,cf_median,,Itigi-Sumbu thicket,7.0,"Tropical & Subtropical Grasslands, Savannas & Shrublands",Afrotropic
534,Apple_rf_2030y_SOC,cf_median,35.172493,Jalisco dry forests,2.0,Tropical & Subtropical Dry Broadleaf Forests,Neotropic
535,Apple_rf_2030y_SOC,cf_median,,Jamaican dry forests,2.0,Tropical & Subtropical Dry Broadleaf Forests,Neotropic
472,Apple_rf_2030y_SOC,cf_median,,Jamaican moist forests,1.0,Tropical & Subtropical Moist Broadleaf Forests,Neotropic
473,Apple_rf_2030y_SOC,cf_median,32.126907,Japurá-Solimões-Negro moist forests,1.0,Tropical & Subtropical Moist Broadleaf Forests,Neotropic
202,Apple_rf_2030y_SOC,cf_median,66.17507,Jarrah-Karri forest and shrublands,12.0,"Mediterranean Forests, Woodlands & Scrub",Australasia
236,Apple_rf_2030y_SOC,cf_median,35.489964,Jian Nan subtropical evergreen forests,1.0,Tropical & Subtropical Moist Broadleaf Forests,Indomalayan
82,Apple_rf_2030y_SOC,cf_median,,Jos Plateau forest-grassland,10.0,Montane Grasslands & Shrublands,Afrotropic
560,Apple_rf_2030y_SOC,cf_median,,Juan Fernández Islands temperate forests,4.0,Temperate Broadleaf & Mixed Forests,Neotropic
827,Apple_rf_2030y_SOC,cf_median,,Junggar Basin semi-desert,13.0,Deserts & Xeric Shrublands,Palearctic
474,Apple_rf_2030y_SOC,cf_median,34.34153,Juruá-Purus moist forests,1.0,Tropical & Subtropical Moist Broadleaf Forests,Neotropic
418,Apple_rf_2030y_SOC,cf_median,,Kalaallit Nunaat High Arctic tundra,11.0,Tundra,Nearctic
47,Apple_rf_2030y_SOC,cf_median,,Kalahari Acacia woodlands,7.0,"Tropical & Subtropical Grasslands, Savannas & Shrublands",Afrotropic
97,Apple_rf_2030y_SOC,cf_median,23.510502,Kalahari xeric savanna,13.0,Deserts & Xeric Shrublands,Afrotropic
713,Apple_rf_2030y_SOC,cf_median,,Kamchatka-Kurile meadows and sparse forests,6.0,Boreal Forests/Taiga,Palearctic
712,Apple_rf_2030y_SOC,cf_median,,Kamchatka taiga,6.0,Boreal Forests/Taiga,Palearctic
98,Apple_rf_2030y_SOC,cf_median,,Kaokoveld desert,13.0,Deserts & Xeric Shrublands,Afrotropic
754,Apple_rf_2030y_SOC,cf_median,52.921497,Karakoram-West Tibetan Plateau alpine steppe,10.0,Montane Grasslands & Shrublands,Palearctic
237,Apple_rf_2030y_SOC,cf_median,,Kayah-Karen montane rain forests,1.0,Tropical & Subtropical Moist Broadleaf Forests,Indomalayan
731,Apple_rf_2030y_SOC,cf_median,,Kazakh forest steppe,8.0,"Temperate Grasslands, Savannas & Shrublands",Palearctic
828,Apple_rf_2030y_SOC,cf_median,,Kazakh semi-desert,13.0,Deserts & Xeric Shrublands,Palearctic
732,Apple_rf_2030y_SOC,cf_median,,Kazakh steppe,8.0,"Temperate Grasslands, Savannas & Shrublands",Palearctic
733,Apple_rf_2030y_SOC,cf_median,,Kazakh upland steppe,8.0,"Temperate Grasslands, Savannas & Shrublands",Palearctic
624,Apple_rf_2030y_SOC,cf_median,,Kermadec Islands subtropical moist forests,1.0,Tropical & Subtropical Moist Broadleaf Forests,Oceania
755,Apple_rf_2030y_SOC,cf_median,,Khangai Mountains alpine meadow,10.0,Montane Grasslands & Shrublands,Palearctic
700,Apple_rf_2030y_SOC,cf_median,,Khangai Mountains conifer forests,5.0,Temperate Conifer Forests,Palearctic
295,Apple_rf_2030y_SOC,cf_median,21.148825,Khathiar-Gir dry deciduous forests,2.0,Tropical & Subtropical Dry Broadleaf Forests,Indomalayan
186,Apple_rf_2030y_SOC,cf_median,21.727442,Kimberly tropical savanna,7.0,"Tropical & Subtropical Grasslands, Savannas & Shrublands",Australasia
357,Apple_rf_2030y_SOC,cf_median,55.682552,Klamath-Siskiyou forests,5.0,Temperate Conifer Forests,Nearctic
15,Apple_rf_2030y_SOC,cf_median,47.041,Knysna-Amatole montane forests,1.0,Tropical & Subtropical Moist Broadleaf Forests,Afrotropic
774,Apple_rf_2030y_SOC,cf_median,,Kola Peninsula tundra,11.0,Tundra,Palearctic
829,Apple_rf_2030y_SOC,cf_median,,Kopet Dag semi-desert,13.0,Deserts & Xeric Shrublands,Palearctic
756,Apple_rf_2030y_SOC,cf_median,,Kopet Dag woodlands and forest steppe,10.0,Montane Grasslands & Shrublands,Palearctic
757,Apple_rf_2030y_SOC,cf_median,,Kuh Rud and Eastern Iran montane woodlands,10.0,Montane Grasslands & Shrublands,Palearctic
16,Apple_rf_2030y_SOC,cf_median,39.233868,Kwazulu Natal-Cape coastal forests,1.0,Tropical & Subtropical Moist Broadleaf Forests,Afrotropic
603,Apple_rf_2030y_SOC,cf_median,,La Costa xeric shrublands,13.0,Deserts & Xeric Shrublands,Neotropic
72,Apple_rf_2030y_SOC,cf_median,,Lake Chad flooded savanna,9.0,Flooded Grasslands & Savannas,Afrotropic
536,Apple_rf_2030y_SOC,cf_median,,Lara-Falcón dry forests,2.0,Tropical & Subtropical Dry Broadleaf Forests,Neotropic
475,Apple_rf_2030y_SOC,cf_median,,Leeward Islands moist forests,1.0,Tropical & Subtropical Moist Broadleaf Forests,Neotropic
163,Apple_rf_2030y_SOC,cf_median,,Lesser Sundas deciduous forests,2.0,Tropical & Subtropical Dry Broadleaf Forests,Australasia
48,Apple_rf_2030y_SOC,cf_median,29.104774,Limpopo lowveld,7.0,"Tropical & Subtropical Grasslands, Savannas & Shrublands",Afrotropic
572,Apple_rf_2030y_SOC,cf_median,29.179495,Llanos,7.0,"Tropical & Subtropical Grasslands, Savannas & Shrublands",Neotropic
142,Apple_rf_2030y_SOC,cf_median,,Lord Howe Island subtropical forests,1.0,Tropical & Subtropical Moist Broadleaf Forests,Australasia
143,Apple_rf_2030y_SOC,cf_median,,Louisiade Archipelago rain forests,1.0,Tropical & Subtropical Moist Broadleaf Forests,Australasia
577,Apple_rf_2030y_SOC,cf_median,21.770237,Low Monte,8.0,"Temperate Grasslands, Savannas & Shrublands",Neotropic
238,Apple_rf_2030y_SOC,cf_median,28.45683,Lower Gangetic Plains moist deciduous forests,1.0,Tropical & Subtropical Moist Broadleaf Forests,Indomalayan
239,Apple_rf_2030y_SOC,cf_median,,Luang Prabang montane rain forests,1.0,Tropical & Subtropical Moist Broadleaf Forests,Indomalayan
240,Apple_rf_2030y_SOC,cf_median,,Luzon montane rain forests,1.0,Tropical & Subtropical Moist Broadleaf Forests,Indomalayan
241,Apple_rf_2030y_SOC,cf_median,,Luzon rain forests,1.0,Tropical & Subtropical Moist Broadleaf Forests,Indomalayan
303,Apple_rf_2030y_SOC,cf_median,,Luzon tropical pine forests,3.0,Tropical & Subtropical Coniferous Forests,Indomalayan
32,Apple_rf_2030y_SOC,cf_median,29.031136,Madagascar dry deciduous forests,2.0,Tropical & Subtropical Dry Broadleaf Forests,Afrotropic
83,Apple_rf_2030y_SOC,cf_median,44.39973,Madagascar ericoid thickets,10.0,Montane Grasslands & Shrublands,Afrotropic
17,Apple_rf_2030y_SOC,cf_median,43.32696,Madagascar humid forests,1.0,Tropical & Subtropical Moist Broadleaf Forests,Afrotropic
114,Apple_rf_2030y_SOC,cf_median,40.64128,Madagascar mangroves,14.0,Mangroves,Afrotropic
99,Apple_rf_2030y_SOC,cf_median,25.342087,Madagascar spiny thickets,13.0,Deserts & Xeric Shrublands,Afrotropic
18,Apple_rf_2030y_SOC,cf_median,32.86376,Madagascar subhumid forests,1.0,Tropical & Subtropical Moist Broadleaf Forests,Afrotropic
100,Apple_rf_2030y_SOC,cf_median,27.836391,Madagascar succulent woodlands,13.0,Deserts & Xeric Shrublands,Afrotropic
476,Apple_rf_2030y_SOC,cf_median,30.48091,Madeira-Tapajós moist forests,1.0,Tropical & Subtropical Moist Broadleaf Forests,Neotropic
668,Apple_rf_2030y_SOC,cf_median,,Madeira evergreen forests,4.0,Temperate Broadleaf & Mixed Forests,Palearctic
478,Apple_rf_2030y_SOC,cf_median,32.616245,Magdalena-Urabá moist forests,1.0,Tropical & Subtropical Moist Broadleaf Forests,Neotropic
538,Apple_rf_2030y_SOC,cf_median,43.28103,Magdalena Valley dry forests,2.0,Tropical & Subtropical Dry Broadleaf Forests,Neotropic
477,Apple_rf_2030y_SOC,cf_median,60.234367,Magdalena Valley montane forests,1.0,Tropical & Subtropical Moist Broadleaf Forests,Neotropic
561,Apple_rf_2030y_SOC,cf_median,,Magellanic subpolar forests,4.0,Temperate Broadleaf & Mixed Forests,Neotropic
73,Apple_rf_2030y_SOC,cf_median,,Makgadikgadi halophytics,9.0,Flooded Grasslands & Savannas,Afrotropic
242,Apple_rf_2030y_SOC,cf_median,40.1732,Malabar Coast moist forests,1.0,Tropical & Subtropical Moist Broadleaf Forests,Indomalayan
243,Apple_rf_2030y_SOC,cf_median,,Maldives-Lakshadweep-Chagos Archipelago tropical moist forests,1.0,Tropical & Subtropical Moist Broadleaf Forests,Indomalayan
604,Apple_rf_2030y_SOC,cf_median,,Malpelo Island xeric scrub,13.0,Deserts & Xeric Shrublands,Neotropic
669,Apple_rf_2030y_SOC,cf_median,,Manchurian mixed forests,4.0,Temperate Broadleaf & Mixed Forests,Palearctic
49,Apple_rf_2030y_SOC,cf_median,,Mandara Plateau woodlands,7.0,"Tropical & Subtropical Grasslands, Savannas & Shrublands",Afrotropic
19,Apple_rf_2030y_SOC,cf_median,29.122965,Maputaland coastal forests and woodlands,1.0,Tropical & Subtropical Moist Broadleaf Forests,Afrotropic
539,Apple_rf_2030y_SOC,cf_median,,Maracaibo dry forests,2.0,Tropical & Subtropical Dry Broadleaf Forests,Neotropic
480,Apple_rf_2030y_SOC,cf_median,30.441465,Marajó várzea,1.0,Tropical & Subtropical Moist Broadleaf Forests,Neotropic
540,Apple_rf_2030y_SOC,cf_median,22.92697,Maranhão Babaçu forests,2.0,Tropical & Subtropical Dry Broadleaf Forests,Neotropic
479,Apple_rf_2030y_SOC,cf_median,50.98376,Marañón dry forests,1.0,Tropical & Subtropical Moist Broadleaf Forests,Neotropic
637,Apple_rf_2030y_SOC,cf_median,,Marianas tropical dry forests,2.0,Tropical & Subtropical Dry Broadleaf Forests,Oceania
625,Apple_rf_2030y_SOC,cf_median,,Marquesas tropical moist forests,1.0,Tropical & Subtropical Moist Broadleaf Forests,Oceania
50,Apple_rf_2030y_SOC,cf_median,19.444437,Masai xeric grasslands and shrublands,7.0,"Tropical & Subtropical Grasslands, Savannas & Shrublands",Afrotropic
20,Apple_rf_2030y_SOC,cf_median,,Mascarene forests,1.0,Tropical & Subtropical Moist Broadleaf Forests,Afrotropic
481,Apple_rf_2030y_SOC,cf_median,31.575296,Mato Grosso tropical dry forests,1.0,Tropical & Subtropical Moist Broadleaf Forests,Neotropic
796,Apple_rf_2030y_SOC,cf_median,25.25576,Mediterranean Acacia-Argania dry woodlands and succulent thickets,12.0,"Mediterranean Forests, Woodlands & Scrub",Palearctic
701,Apple_rf_2030y_SOC,cf_median,39.584675,Mediterranean conifer and mixed forests,5.0,Temperate Conifer Forests,Palearctic
797,Apple_rf_2030y_SOC,cf_median,21.660444,Mediterranean dry woodlands and steppe,12.0,"Mediterranean Forests, Woodlands & Scrub",Palearctic
758,Apple_rf_2030y_SOC,cf_median,27.842663,Mediterranean High Atlas juniper steppe,10.0,Montane Grasslands & Shrublands,Palearctic
798,Apple_rf_2030y_SOC,cf_median,30.497583,Mediterranean woodlands and forests,12.0,"Mediterranean Forests, Woodlands & Scrub",Palearctic
244,Apple_rf_2030y_SOC,cf_median,36.777973,Meghalaya subtropical forests,1.0,Tropical & Subtropical Moist Broadleaf Forests,Indomalayan
245,Apple_rf_2030y_SOC,cf_median,,Mentawai Islands rain forests,1.0,Tropical & Subtropical Moist Broadleaf Forests,Indomalayan
432,Apple_rf_2030y_SOC,cf_median,27.501278,Meseta Central matorral,13.0,Deserts & Xeric Shrublands,Nearctic
613,Apple_rf_2030y_SOC,cf_median,49.163475,Mesoamerican Gulf-Caribbean mangroves,14.0,Mangroves,Neotropic
830,Apple_rf_2030y_SOC,cf_median,24.279175,Mesopotamian shrub desert,13.0,Deserts & Xeric Shrublands,Palearctic
376,Apple_rf_2030y_SOC,cf_median,,Mid-Canada Boreal Plains forests,6.0,Boreal Forests/Taiga,Nearctic
414,Apple_rf_2030y_SOC,cf_median,,Canadian Middle Arctic Tundra,11.0,Tundra,Nearctic
393,Apple_rf_2030y_SOC,cf_median,39.694157,Mid-Atlantic US coastal savannas,8.0,"Temperate Grasslands, Savannas & Shrublands",Nearctic
377,Apple_rf_2030y_SOC,cf_median,,Midwest Canadian Shield forests,6.0,Boreal Forests/Taiga,Nearctic
247,Apple_rf_2030y_SOC,cf_median,,Mindanao-Eastern Visayas rain forests,1.0,Tropical & Subtropical Moist Broadleaf Forests,Indomalayan
246,Apple_rf_2030y_SOC,cf_median,,Mindanao montane rain forests,1.0,Tropical & Subtropical Moist Broadleaf Forests,Indomalayan
248,Apple_rf_2030y_SOC,cf_median,,Mindoro rain forests,1.0,Tropical & Subtropical Moist Broadleaf Forests,Indomalayan
573,Apple_rf_2030y_SOC,cf_median,34.066433,Miskito pine forests,7.0,"Tropical & Subtropical Grasslands, Savannas & Shrublands",Neotropic
337,Apple_rf_2030y_SOC,cf_median,32.747295,Mississippi lowland forests,4.0,Temperate Broadleaf & Mixed Forests,Nearctic
187,Apple_rf_2030y_SOC,cf_median,19.515766,Mitchell Grass Downs,7.0,"Tropical & Subtropical Grasslands, Savannas & Shrublands",Australasia
249,Apple_rf_2030y_SOC,cf_median,38.08111,Mizoram-Manipur-Kachin rain forests,1.0,Tropical & Subtropical Moist Broadleaf Forests,Indomalayan
433,Apple_rf_2030y_SOC,cf_median,23.609,Mojave desert,13.0,Deserts & Xeric Shrublands,Nearctic
734,Apple_rf_2030y_SOC,cf_median,,Mongolian-Manchurian grassland,8.0,"Temperate Grasslands, Savannas & Shrublands",Palearctic
394,Apple_rf_2030y_SOC,cf_median,61.00304,Montana Valley and Foothill grasslands,8.0,"Temperate Grasslands, Savannas & Shrublands",Nearctic
482,Apple_rf_2030y_SOC,cf_median,30.327766,Monte Alegre várzea,1.0,Tropical & Subtropical Moist Broadleaf Forests,Neotropic
605,Apple_rf_2030y_SOC,cf_median,35.48295,Motagua Valley thornscrub,13.0,Deserts & Xeric Shrublands,Neotropic
21,Apple_rf_2030y_SOC,cf_median,,Mount Cameroon and Bioko montane forests,1.0,Tropical & Subtropical Moist Broadleaf Forests,Afrotropic
84,Apple_rf_2030y_SOC,cf_median,,Mulanje Montane forest-grassland,10.0,Montane Grasslands & Shrublands,Afrotropic
203,Apple_rf_2030y_SOC,cf_median,28.278114,Murray-Darling woodlands and mallee,12.0,"Mediterranean Forests, Woodlands & Scrub",Australasia
378,Apple_rf_2030y_SOC,cf_median,,Muskwa-Slave Lake taiga,6.0,Boreal Forests/Taiga,Nearctic
321,Apple_rf_2030y_SOC,cf_median,,Myanmar Coast mangroves,14.0,Mangroves,Indomalayan
250,Apple_rf_2030y_SOC,cf_median,,Myanmar coastal rain forests,1.0,Tropical & Subtropical Moist Broadleaf Forests,Indomalayan
101,Apple_rf_2030y_SOC,cf_median,27.573261,Nama Karoo shrublands,13.0,Deserts & Xeric Shrublands,Afrotropic
102,Apple_rf_2030y_SOC,cf_median,,Namaqualand-Richtersveld steppe,13.0,Deserts & Xeric Shrublands,Afrotropic
103,Apple_rf_2030y_SOC,cf_median,,Namib Desert,13.0,Deserts & Xeric Shrublands,Afrotropic
104,Apple_rf_2030y_SOC,cf_median,,Namibian savanna woodlands,13.0,Deserts & Xeric Shrublands,Afrotropic
251,Apple_rf_2030y_SOC,cf_median,88.90824,Nansei Islands subtropical evergreen forests,1.0,Tropical & Subtropical Moist Broadleaf Forests,Indomalayan
483,Apple_rf_2030y_SOC,cf_median,33.246063,Napo moist forests,1.0,Tropical & Subtropical Moist Broadleaf Forests,Neotropic
204,Apple_rf_2030y_SOC,cf_median,45.911526,Naracoorte woodlands,12.0,"Mediterranean Forests, Woodlands & Scrub",Australasia
296,Apple_rf_2030y_SOC,cf_median,22.410307,Narmada Valley dry deciduous forests,2.0,Tropical & Subtropical Dry Broadleaf Forests,Indomalayan
395,Apple_rf_2030y_SOC,cf_median,,Nebraska Sand Hills mixed grasslands,8.0,"Temperate Grasslands, Savannas & Shrublands",Nearctic
484,Apple_rf_2030y_SOC,cf_median,27.365093,Negro-Branco moist forests,1.0,Tropical & Subtropical Moist Broadleaf Forests,Neotropic
170,Apple_rf_2030y_SOC,cf_median,99.02193,Nelson Coast temperate forests,4.0,Temperate Broadleaf & Mixed Forests,Australasia
743,Apple_rf_2030y_SOC,cf_median,,Nenjiang River grassland,9.0,Flooded Grasslands & Savannas,Palearctic
144,Apple_rf_2030y_SOC,cf_median,,New Britain-New Ireland lowland rain forests,1.0,Tropical & Subtropical Moist Broadleaf Forests,Australasia
145,Apple_rf_2030y_SOC,cf_median,,New Britain-New Ireland montane rain forests,1.0,Tropical & Subtropical Moist Broadleaf Forests,Australasia
164,Apple_rf_2030y_SOC,cf_median,,New Caledonia dry forests,2.0,Tropical & Subtropical Dry Broadleaf Forests,Australasia
146,Apple_rf_2030y_SOC,cf_median,,New Caledonia rain forests,1.0,Tropical & Subtropical Moist Broadleaf Forests,Australasia
338,Apple_rf_2030y_SOC,cf_median,,New England-Acadian forests,4.0,Temperate Broadleaf & Mixed Forests,Nearctic
217,Apple_rf_2030y_SOC,cf_median,,New Guinea mangroves,14.0,Mangroves,Australasia
252,Apple_rf_2030y_SOC,cf_median,63.948647,Nicobar Islands rain forests,1.0,Tropical & Subtropical Moist Broadleaf Forests,Indomalayan
22,Apple_rf_2030y_SOC,cf_median,,Niger Delta swamp forests,1.0,Tropical & Subtropical Moist Broadleaf Forests,Afrotropic
23,Apple_rf_2030y_SOC,cf_median,,Nigerian lowland forests,1.0,Tropical & Subtropical Moist Broadleaf Forests,Afrotropic
670,Apple_rf_2030y_SOC,cf_median,,Nihonkai evergreen forests,4.0,Temperate Broadleaf & Mixed Forests,Palearctic
671,Apple_rf_2030y_SOC,cf_median,53.19524,Nihonkai montane deciduous forests,4.0,Temperate Broadleaf & Mixed Forests,Palearctic
744,Apple_rf_2030y_SOC,cf_median,,Nile Delta flooded savanna,9.0,Flooded Grasslands & Savannas,Palearctic
147,Apple_rf_2030y_SOC,cf_median,,Norfolk Island subtropical forests,1.0,Tropical & Subtropical Moist Broadleaf Forests,Australasia
126,Apple_rf_2030y_SOC,cf_median,,Northeast Antarctic Peninsula tundra,11.0,Tundra,Antarctica
127,Apple_rf_2030y_SOC,cf_median,,Northwest Antarctic Peninsula tundra,11.0,Tundra,Antarctica
831,Apple_rf_2030y_SOC,cf_median,,North Arabian desert,13.0,Deserts & Xeric Shrublands,Palearctic
832,Apple_rf_2030y_SOC,cf_median,,North Arabian highland shrublands,13.0,Deserts & Xeric Shrublands,Palearctic
171,Apple_rf_2030y_SOC,cf_median,82.981865,New Zealand North Island temperate forests,4.0,Temperate Broadleaf & Mixed Forests,Australasia
833,Apple_rf_2030y_SOC,cf_median,24.9363,North Saharan Xeric Steppe and Woodland,13.0,Deserts & Xeric Shrublands,Palearctic
106,Apple_rf_2030y_SOC,cf_median,,Somali montane xeric woodlands,13.0,Deserts & Xeric Shrublands,Afrotropic
759,Apple_rf_2030y_SOC,cf_median,55.8826,North Tibetan Plateau-Kunlun Mountains alpine desert,10.0,Montane Grasslands & Shrublands,Palearctic
125,Apple_rf_2030y_SOC,cf_median,,North Victoria Land tundra,11.0,Tundra,Antarctica
253,Apple_rf_2030y_SOC,cf_median,36.11238,North Western Ghats moist deciduous forests,1.0,Tropical & Subtropical Moist Broadleaf Forests,Indomalayan
254,Apple_rf_2030y_SOC,cf_median,42.697678,North Western Ghats montane rain forests,1.0,Tropical & Subtropical Moist Broadleaf Forests,Indomalayan
673,Apple_rf_2030y_SOC,cf_median,,Northeast China Plain deciduous forests,4.0,Temperate Broadleaf & Mixed Forests,Palearctic
304,Apple_rf_2030y_SOC,cf_median,40.860462,Northeast India-Myanmar pine forests,3.0,Tropical & Subtropical Coniferous Forests,Indomalayan
775,Apple_rf_2030y_SOC,cf_median,,Northeast Siberian coastal tundra,11.0,Tundra,Palearctic
714,Apple_rf_2030y_SOC,cf_median,,Northeast Siberian taiga,6.0,Boreal Forests/Taiga,Palearctic
485,Apple_rf_2030y_SOC,cf_median,28.28221,Northeast Brazil restingas,1.0,Tropical & Subtropical Moist Broadleaf Forests,Neotropic
24,Apple_rf_2030y_SOC,cf_median,,Northeast Congolian lowland forests,1.0,Tropical & Subtropical Moist Broadleaf Forests,Afrotropic
702,Apple_rf_2030y_SOC,cf_median,75.40921,Northeast Himalayan subalpine conifer forests,5.0,Temperate Conifer Forests,Palearctic
799,Apple_rf_2030y_SOC,cf_median,45.113674,Northeast Spain and Southern France Mediterranean forests,12.0,"Mediterranean Forests, Woodlands & Scrub",Palearctic
339,Apple_rf_2030y_SOC,cf_median,,Northeast US Coastal forests,4.0,Temperate Broadleaf & Mixed Forests,Nearctic
51,Apple_rf_2030y_SOC,cf_median,23.92325,Northern Acacia-Commiphora bushlands and thickets,7.0,"Tropical & Subtropical Grasslands, Savannas & Shrublands",Afrotropic
703,Apple_rf_2030y_SOC,cf_median,,Northern Anatolian conifer and deciduous forests,5.0,Temperate Conifer Forests,Palearctic
593,Apple_rf_2030y_SOC,cf_median,65.884865,Northern Andean páramo,10.0,Montane Grasslands & Shrublands,Neotropic
255,Apple_rf_2030y_SOC,cf_median,,Northern Annamites rain forests,1.0,Tropical & Subtropical Moist Broadleaf Forests,Indomalayan
359,Apple_rf_2030y_SOC,cf_median,65.377144,Northern California coastal forests,5.0,Temperate Conifer Forests,Nearctic
379,Apple_rf_2030y_SOC,cf_median,,Northern Canadian Shield taiga,6.0,Boreal Forests/Taiga,Nearctic
52,Apple_rf_2030y_SOC,cf_median,,Northern Congolian Forest-Savanna,7.0,"Tropical & Subtropical Grasslands, Savannas & Shrublands",Afrotropic
297,Apple_rf_2030y_SOC,cf_median,29.5484,North Deccan dry deciduous forests,2.0,Tropical & Subtropical Dry Broadleaf Forests,Indomalayan
256,Apple_rf_2030y_SOC,cf_median,43.244675,Northern Indochina subtropical forests,1.0,Tropical & Subtropical Moist Broadleaf Forests,Indomalayan
257,Apple_rf_2030y_SOC,cf_median,,Northern Khorat Plateau moist deciduous forests,1.0,Tropical & Subtropical Moist Broadleaf Forests,Indomalayan
614,Apple_rf_2030y_SOC,cf_median,30.069023,Northern Mesoamerican Pacific mangroves,14.0,Mangroves,Neotropic
148,Apple_rf_2030y_SOC,cf_median,,Northern New Guinea lowland rain and freshwater swamp forests,1.0,Tropical & Subtropical Moist Broadleaf Forests,Australasia
149,Apple_rf_2030y_SOC,cf_median,,Northern New Guinea montane rain forests,1.0,Tropical & Subtropical Moist Broadleaf Forests,Australasia
396,Apple_rf_2030y_SOC,cf_median,44.518005,Northern Shortgrass prairie,8.0,"Temperate Grasslands, Savannas & Shrublands",Nearctic
25,Apple_rf_2030y_SOC,cf_median,27.488537,Northern Swahili coastal forests,1.0,Tropical & Subtropical Moist Broadleaf Forests,Afrotropic
397,Apple_rf_2030y_SOC,cf_median,,Northern Tallgrass prairie,8.0,"Temperate Grasslands, Savannas & Shrublands",Nearctic
258,Apple_rf_2030y_SOC,cf_median,,Northern Thailand-Laos moist deciduous forests,1.0,Tropical & Subtropical Moist Broadleaf Forests,Indomalayan
259,Apple_rf_2030y_SOC,cf_median,55.395912,Northern Triangle subtropical forests,1.0,Tropical & Subtropical Moist Broadleaf Forests,Indomalayan
307,Apple_rf_2030y_SOC,cf_median,43.685696,Northern Triangle temperate forests,4.0,Temperate Broadleaf & Mixed Forests,Indomalayan
260,Apple_rf_2030y_SOC,cf_median,,Northern Vietnam lowland rain forests,1.0,Tropical & Subtropical Moist Broadleaf Forests,Indomalayan
173,Apple_rf_2030y_SOC,cf_median,73.70543,Northland temperate kauri forests,4.0,Temperate Broadleaf & Mixed Forests,Australasia
800,Apple_rf_2030y_SOC,cf_median,39.951885,Northwest Iberian montane forests,12.0,"Mediterranean Forests, Woodlands & Scrub",Palearctic
776,Apple_rf_2030y_SOC,cf_median,,Northwest Russian-Novaya Zemlya tundra,11.0,Tundra,Palearctic
486,Apple_rf_2030y_SOC,cf_median,55.9364,Northwest Andean montane forests,1.0,Tropical & Subtropical Moist Broadleaf Forests,Neotropic
26,Apple_rf_2030y_SOC,cf_median,,Northwest Congolian lowland forests,1.0,Tropical & Subtropical Moist Broadleaf Forests,Afrotropic
641,Apple_rf_2030y_SOC,cf_median,,Northwest Hawai'i scrub,7.0,"Tropical & Subtropical Grasslands, Savannas & Shrublands",Oceania
760,Apple_rf_2030y_SOC,cf_median,56.91946,Northwestern Himalayan alpine shrub and meadows,10.0,Montane Grasslands & Shrublands,Palearctic
314,Apple_rf_2030y_SOC,cf_median,22.068464,Aravalli west thorn scrub forests,13.0,Deserts & Xeric Shrublands,Indomalayan
777,Apple_rf_2030y_SOC,cf_median,,Novosibirsk Islands Arctic desert,11.0,Tundra,Palearctic
704,Apple_rf_2030y_SOC,cf_median,74.08463,Nujiang Langcang Gorge alpine conifer and mixed forests,5.0,Temperate Conifer Forests,Palearctic
212,Apple_rf_2030y_SOC,cf_median,34.133778,Nullarbor Plains xeric shrublands,13.0,Deserts & Xeric Shrublands,Australasia
85,Apple_rf_2030y_SOC,cf_median,32.14567,Nyanga-Chimanimani Montane forest-grassland,10.0,Montane Grasslands & Shrublands,Afrotropic
487,Apple_rf_2030y_SOC,cf_median,52.904297,Oaxacan montane forests,1.0,Tropical & Subtropical Moist Broadleaf Forests,Neotropic
626,Apple_rf_2030y_SOC,cf_median,,Ogasawara subtropical moist forests,1.0,Tropical & Subtropical Moist Broadleaf Forests,Oceania
419,Apple_rf_2030y_SOC,cf_median,,Ogilvie-MacKenzie alpine tundra,11.0,Tundra,Nearctic
362,Apple_rf_2030y_SOC,cf_median,,Okanogan dry forests,5.0,Temperate Conifer Forests,Nearctic
715,Apple_rf_2030y_SOC,cf_median,,Okhotsk-Manchurian taiga,6.0,Boreal Forests/Taiga,Palearctic
761,Apple_rf_2030y_SOC,cf_median,39.602932,Ordos Plateau steppe,10.0,Montane Grasslands & Shrublands,Palearctic
488,Apple_rf_2030y_SOC,cf_median,,Orinoco Delta swamp forests,1.0,Tropical & Subtropical Moist Broadleaf Forests,Neotropic
583,Apple_rf_2030y_SOC,cf_median,,Orinoco wetlands,9.0,Flooded Grasslands & Savannas,Neotropic
261,Apple_rf_2030y_SOC,cf_median,31.907791,Orissa semi-evergreen forests,1.0,Tropical & Subtropical Moist Broadleaf Forests,Indomalayan
340,Apple_rf_2030y_SOC,cf_median,,Ozark Highlands mixed forests,4.0,Temperate Broadleaf & Mixed Forests,Nearctic
341,Apple_rf_2030y_SOC,cf_median,36.036972,Ozark Mountain forests,4.0,Temperate Broadleaf & Mixed Forests,Nearctic
420,Apple_rf_2030y_SOC,cf_median,,Pacific Coastal Mountain icefields and tundra,11.0,Tundra,Nearctic
627,Apple_rf_2030y_SOC,cf_median,,Palau tropical moist forests,1.0,Tropical & Subtropical Moist Broadleaf Forests,Oceania
262,Apple_rf_2030y_SOC,cf_median,,Palawan rain forests,1.0,Tropical & Subtropical Moist Broadleaf Forests,Indomalayan
398,Apple_rf_2030y_SOC,cf_median,,Palouse prairie,8.0,"Temperate Grasslands, Savannas & Shrublands",Nearctic
762,Apple_rf_2030y_SOC,cf_median,,Pamir alpine desert and tundra,10.0,Montane Grasslands & Shrublands,Palearctic
541,Apple_rf_2030y_SOC,cf_median,,Panamanian dry forests,2.0,Tropical & Subtropical Dry Broadleaf Forests,Neotropic
674,Apple_rf_2030y_SOC,cf_median,,Pannonian mixed forests,4.0,Temperate Broadleaf & Mixed Forests,Palearctic
584,Apple_rf_2030y_SOC,cf_median,25.443832,Pantanal,9.0,Flooded Grasslands & Savannas,Neotropic
489,Apple_rf_2030y_SOC,cf_median,35.104004,Pantanos de Centla,1.0,Tropical & Subtropical Moist Broadleaf Forests,Neotropic
490,Apple_rf_2030y_SOC,cf_median,45.90282,Pantepui forests & shrublands,1.0,Tropical & Subtropical Moist Broadleaf Forests,Neotropic
606,Apple_rf_2030y_SOC,cf_median,,Paraguaná xeric scrub,13.0,Deserts & Xeric Shrublands,Neotropic
585,Apple_rf_2030y_SOC,cf_median,41.577873,Paraná flooded savanna,9.0,Flooded Grasslands & Savannas,Neotropic
834,Apple_rf_2030y_SOC,cf_median,,Paropamisus xeric woodlands,13.0,Deserts & Xeric Shrublands,Palearctic
578,Apple_rf_2030y_SOC,cf_median,40.101852,Patagonian steppe,8.0,"Temperate Grasslands, Savannas & Shrublands",Neotropic
542,Apple_rf_2030y_SOC,cf_median,51.12898,Patía valley dry forests,2.0,Tropical & Subtropical Dry Broadleaf Forests,Neotropic
263,Apple_rf_2030y_SOC,cf_median,,Peninsular Malaysian montane rain forests,1.0,Tropical & Subtropical Moist Broadleaf Forests,Indomalayan
264,Apple_rf_2030y_SOC,cf_median,,Peninsular Malaysian peat swamp forests,1.0,Tropical & Subtropical Moist Broadleaf Forests,Indomalayan
265,Apple_rf_2030y_SOC,cf_median,,Peninsular Malaysian rain forests,1.0,Tropical & Subtropical Moist Broadleaf Forests,Indomalayan
491,Apple_rf_2030y_SOC,cf_median,33.41608,Pernambuco coastal forests,1.0,Tropical & Subtropical Moist Broadleaf Forests,Neotropic
492,Apple_rf_2030y_SOC,cf_median,30.067663,Pernambuco interior forests,1.0,Tropical & Subtropical Moist Broadleaf Forests,Neotropic
493,Apple_rf_2030y_SOC,cf_median,58.744972,Peruvian Yungas,1.0,Tropical & Subtropical Moist Broadleaf Forests,Neotropic
494,Apple_rf_2030y_SOC,cf_median,37.365868,Petén-Veracruz moist forests,1.0,Tropical & Subtropical Moist Broadleaf Forests,Neotropic
213,Apple_rf_2030y_SOC,cf_median,20.848404,Pilbara shrublands,13.0,Deserts & Xeric Shrublands,Australasia
801,Apple_rf_2030y_SOC,cf_median,46.064587,Pindus Mountains mixed forests,12.0,"Mediterranean Forests, Woodlands & Scrub",Palearctic
363,Apple_rf_2030y_SOC,cf_median,29.173262,Piney Woods,5.0,Temperate Conifer Forests,Nearctic
675,Apple_rf_2030y_SOC,cf_median,40.270187,Po Basin mixed forests,4.0,Temperate Broadleaf & Mixed Forests,Palearctic
735,Apple_rf_2030y_SOC,cf_median,,Pontic steppe,8.0,"Temperate Grasslands, Savannas & Shrublands",Palearctic
128,Apple_rf_2030y_SOC,cf_median,,Prince Charles Mountains tundra,11.0,Tundra,Antarctica
543,Apple_rf_2030y_SOC,cf_median,,Puerto Rican dry forests,2.0,Tropical & Subtropical Dry Broadleaf Forests,Neotropic
495,Apple_rf_2030y_SOC,cf_median,,Puerto Rican moist forests,1.0,Tropical & Subtropical Moist Broadleaf Forests,Neotropic
364,Apple_rf_2030y_SOC,cf_median,,Puget lowland forests,5.0,Temperate Conifer Forests,Nearctic
497,Apple_rf_2030y_SOC,cf_median,31.568342,Purus-Madeira moist forests,1.0,Tropical & Subtropical Moist Broadleaf Forests,Neotropic
496,Apple_rf_2030y_SOC,cf_median,32.97535,Purus várzea,1.0,Tropical & Subtropical Moist Broadleaf Forests,Neotropic
676,Apple_rf_2030y_SOC,cf_median,58.62295,Pyrenees conifer and mixed forests,4.0,Temperate Broadleaf & Mixed Forests,Palearctic
835,Apple_rf_2030y_SOC,cf_median,,Qaidam Basin semi-desert,13.0,Deserts & Xeric Shrublands,Palearctic
705,Apple_rf_2030y_SOC,cf_median,74.88879,Qilian Mountains conifer forests,5.0,Temperate Conifer Forests,Palearctic
763,Apple_rf_2030y_SOC,cf_median,,Qilian Mountains subalpine meadows,10.0,Montane Grasslands & Shrublands,Palearctic
677,Apple_rf_2030y_SOC,cf_median,43.77433,Qin Ling Mountains deciduous forests,4.0,Temperate Broadleaf & Mixed Forests,Palearctic
706,Apple_rf_2030y_SOC,cf_median,64.387764,Qionglai-Minshan conifer forests,5.0,Temperate Conifer Forests,Palearctic
150,Apple_rf_2030y_SOC,cf_median,41.83117,Queensland tropical rain forests,1.0,Tropical & Subtropical Moist Broadleaf Forests,Australasia
174,Apple_rf_2030y_SOC,cf_median,,Rakiura Island temperate forests,4.0,Temperate Broadleaf & Mixed Forests,Australasia
312,Apple_rf_2030y_SOC,cf_median,20.72736,Rann of Kutch seasonal salt marsh,9.0,Flooded Grasslands & Savannas,Indomalayan
628,Apple_rf_2030y_SOC,cf_median,,Rapa Nui and Sala y Gómez subtropical forests,1.0,Tropical & Subtropical Moist Broadleaf Forests,Oceania
266,Apple_rf_2030y_SOC,cf_median,,Red River freshwater swamp forests,1.0,Tropical & Subtropical Moist Broadleaf Forests,Indomalayan
837,Apple_rf_2030y_SOC,cf_median,21.91578,Red Sea-Arabian Desert shrublands,13.0,Deserts & Xeric Shrublands,Palearctic
836,Apple_rf_2030y_SOC,cf_median,,Red Sea coastal desert,13.0,Deserts & Xeric Shrublands,Palearctic
115,Apple_rf_2030y_SOC,cf_median,,Red Sea mangroves,14.0,Mangroves,Afrotropic
838,Apple_rf_2030y_SOC,cf_median,,Registan-North Pakistan sandy desert,13.0,Deserts & Xeric Shrublands,Palearctic
90,Apple_rf_2030y_SOC,cf_median,39.460663,Renosterveld shrubland,12.0,"Mediterranean Forests, Woodlands & Scrub",Afrotropic
175,Apple_rf_2030y_SOC,cf_median,95.86144,Richmond temperate forests,4.0,Temperate Broadleaf & Mixed Forests,Australasia
498,Apple_rf_2030y_SOC,cf_median,27.69428,Rio Negro campinarana,1.0,Tropical & Subtropical Moist Broadleaf Forests,Neotropic
678,Apple_rf_2030y_SOC,cf_median,,Rodope montane mixed forests,4.0,Temperate Broadleaf & Mixed Forests,Palearctic
86,Apple_rf_2030y_SOC,cf_median,,Rwenzori-Virunga montane moorlands,10.0,Montane Grasslands & Shrublands,Afrotropic
745,Apple_rf_2030y_SOC,cf_median,22.19504,Saharan halophytics,9.0,Flooded Grasslands & Savannas,Palearctic
53,Apple_rf_2030y_SOC,cf_median,,Sahelian Acacia savanna,7.0,"Tropical & Subtropical Grasslands, Savannas & Shrublands",Afrotropic
716,Apple_rf_2030y_SOC,cf_median,,Sakhalin Island taiga,6.0,Boreal Forests/Taiga,Palearctic
629,Apple_rf_2030y_SOC,cf_median,,Samoan tropical moist forests,1.0,Tropical & Subtropical Moist Broadleaf Forests,Oceania
562,Apple_rf_2030y_SOC,cf_median,,San Félix-San Ambrosio Islands temperate forests,4.0,Temperate Broadleaf & Mixed Forests,Neotropic
607,Apple_rf_2030y_SOC,cf_median,32.466953,San Lucan xeric scrub,13.0,Deserts & Xeric Shrublands,Neotropic
425,Apple_rf_2030y_SOC,cf_median,51.19733,Santa Lucia Montane Chaparral & Woodlands,12.0,"Mediterranean Forests, Woodlands & Scrub",Nearctic
499,Apple_rf_2030y_SOC,cf_median,42.44431,Santa Marta montane forests,1.0,Tropical & Subtropical Moist Broadleaf Forests,Neotropic
594,Apple_rf_2030y_SOC,cf_median,42.677036,Santa Marta páramo,10.0,Montane Grasslands & Shrublands,Neotropic
27,Apple_rf_2030y_SOC,cf_median,,"São Tomé, Príncipe, and Annobón forests",1.0,Tropical & Subtropical Moist Broadleaf Forests,Afrotropic
679,Apple_rf_2030y_SOC,cf_median,,Sarmatic mixed forests,4.0,Temperate Broadleaf & Mixed Forests,Palearctic
764,Apple_rf_2030y_SOC,cf_median,,Sayan alpine meadows and tundra,10.0,Montane Grasslands & Shrublands,Palearctic
736,Apple_rf_2030y_SOC,cf_median,,Sayan Intermontane steppe,8.0,"Temperate Grasslands, Savannas & Shrublands",Palearctic
707,Apple_rf_2030y_SOC,cf_median,,Sayan montane conifer forests,5.0,Temperate Conifer Forests,Palearctic
717,Apple_rf_2030y_SOC,cf_median,,Scandinavian and Russian taiga,6.0,Boreal Forests/Taiga,Palearctic
708,Apple_rf_2030y_SOC,cf_median,,Scandinavian coastal conifer forests,5.0,Temperate Conifer Forests,Palearctic
780,Apple_rf_2030y_SOC,cf_median,,Scandinavian Montane Birch forest and grasslands,11.0,Tundra,Palearctic
129,Apple_rf_2030y_SOC,cf_median,,Scotia Sea Islands tundra,11.0,Tundra,Antarctica
608,Apple_rf_2030y_SOC,cf_median,40.94338,Sechura desert,13.0,Deserts & Xeric Shrublands,Neotropic
737,Apple_rf_2030y_SOC,cf_median,,Selenge-Orkhon forest steppe,8.0,"Temperate Grasslands, Savannas & Shrublands",Palearctic
151,Apple_rf_2030y_SOC,cf_median,,Seram rain forests,1.0,Tropical & Subtropical Moist Broadleaf Forests,Australasia
54,Apple_rf_2030y_SOC,cf_median,,Serengeti volcanic grasslands,7.0,"Tropical & Subtropical Grasslands, Savannas & Shrublands",Afrotropic
500,Apple_rf_2030y_SOC,cf_median,42.83127,Serra do Mar coastal forests,1.0,Tropical & Subtropical Moist Broadleaf Forests,Neotropic
680,Apple_rf_2030y_SOC,cf_median,31.394087,Sichuan Basin evergreen broadleaf forests,4.0,Temperate Broadleaf & Mixed Forests,Palearctic
544,Apple_rf_2030y_SOC,cf_median,37.474518,Sierra de la Laguna dry forests,2.0,Tropical & Subtropical Dry Broadleaf Forests,Neotropic
556,Apple_rf_2030y_SOC,cf_median,50.080307,Sierra de la Laguna pine-oak forests,3.0,Tropical & Subtropical Coniferous Forests,Neotropic
501,Apple_rf_2030y_SOC,cf_median,56.51168,Sierra de los Tuxtlas,1.0,Tropical & Subtropical Moist Broadleaf Forests,Neotropic
502,Apple_rf_2030y_SOC,cf_median,42.446224,Sierra Madre de Chiapas moist forests,1.0,Tropical & Subtropical Moist Broadleaf Forests,Neotropic
557,Apple_rf_2030y_SOC,cf_median,40.065166,Sierra Madre de Oaxaca pine-oak forests,3.0,Tropical & Subtropical Coniferous Forests,Neotropic
558,Apple_rf_2030y_SOC,cf_median,39.181866,Sierra Madre del Sur pine-oak forests,3.0,Tropical & Subtropical Coniferous Forests,Neotropic
326,Apple_rf_2030y_SOC,cf_median,32.237255,Sierra Madre Occidental pine-oak forests,3.0,Tropical & Subtropical Coniferous Forests,Nearctic
327,Apple_rf_2030y_SOC,cf_median,40.10522,Sierra Madre Oriental pine-oak forests,3.0,Tropical & Subtropical Coniferous Forests,Nearctic
366,Apple_rf_2030y_SOC,cf_median,53.23595,Sierra Nevada forests,5.0,Temperate Conifer Forests,Nearctic
214,Apple_rf_2030y_SOC,cf_median,19.229315,Simpson desert,13.0,Deserts & Xeric Shrublands,Australasia
545,Apple_rf_2030y_SOC,cf_median,29.335724,Sinaloan dry forests,2.0,Tropical & Subtropical Dry Broadleaf Forests,Neotropic
546,Apple_rf_2030y_SOC,cf_median,33.433605,Sinú Valley dry forests,2.0,Tropical & Subtropical Dry Broadleaf Forests,Neotropic
434,Apple_rf_2030y_SOC,cf_median,41.71536,Snake-Columbia shrub steppe,13.0,Deserts & Xeric Shrublands,Nearctic
630,Apple_rf_2030y_SOC,cf_median,,Society Islands tropical moist forests,1.0,Tropical & Subtropical Moist Broadleaf Forests,Oceania
105,Apple_rf_2030y_SOC,cf_median,,Socotra Island xeric shrublands,13.0,Deserts & Xeric Shrublands,Afrotropic
503,Apple_rf_2030y_SOC,cf_median,31.839521,Solimões-Japurá moist forests,1.0,Tropical & Subtropical Moist Broadleaf Forests,Neotropic
152,Apple_rf_2030y_SOC,cf_median,,Solomon Islands rain forests,1.0,Tropical & Subtropical Moist Broadleaf Forests,Australasia
55,Apple_rf_2030y_SOC,cf_median,23.363201,Somali Acacia-Commiphora bushlands and thickets,7.0,"Tropical & Subtropical Grasslands, Savannas & Shrublands",Afrotropic
324,Apple_rf_2030y_SOC,cf_median,22.806543,Sonoran-Sinaloan subtropical dry forest,2.0,Tropical & Subtropical Dry Broadleaf Forests,Nearctic
435,Apple_rf_2030y_SOC,cf_median,18.919569,Sonoran desert,13.0,Deserts & Xeric Shrublands,Nearctic
615,Apple_rf_2030y_SOC,cf_median,45.191605,South American Pacific mangroves,14.0,Mangroves,Neotropic
130,Apple_rf_2030y_SOC,cf_median,,South Antarctic Peninsula tundra,11.0,Tundra,Antarctica
802,Apple_rf_2030y_SOC,cf_median,46.779312,South Apennine mixed montane forests,12.0,"Mediterranean Forests, Woodlands & Scrub",Palearctic
367,Apple_rf_2030y_SOC,cf_median,65.166176,South Central Rockies forests,5.0,Temperate Conifer Forests,Nearctic
268,Apple_rf_2030y_SOC,cf_median,31.838678,South China-Vietnam subtropical evergreen forests,1.0,Tropical & Subtropical Moist Broadleaf Forests,Indomalayan
267,Apple_rf_2030y_SOC,cf_median,,South China Sea Islands,1.0,Tropical & Subtropical Moist Broadleaf Forests,Indomalayan
298,Apple_rf_2030y_SOC,cf_median,28.298426,South Deccan Plateau dry deciduous forests,2.0,Tropical & Subtropical Dry Broadleaf Forests,Indomalayan
841,Apple_rf_2030y_SOC,cf_median,,South Iran Nubo-Sindian desert and semi-desert,13.0,Deserts & Xeric Shrublands,Palearctic
194,Apple_rf_2030y_SOC,cf_median,99.02193,New Zealand South Island montane grasslands,10.0,Montane Grasslands & Shrublands,Australasia
172,Apple_rf_2030y_SOC,cf_median,,New Zealand South Island temperate forests,4.0,Temperate Broadleaf & Mixed Forests,Australasia
131,Apple_rf_2030y_SOC,cf_median,,South Orkney Islands tundra,11.0,Tundra,Antarctica
842,Apple_rf_2030y_SOC,cf_median,,South Sahara desert,13.0,Deserts & Xeric Shrublands,Palearctic
738,Apple_rf_2030y_SOC,cf_median,,South Siberian forest steppe,8.0,"Temperate Grasslands, Savannas & Shrublands",Palearctic
269,Apple_rf_2030y_SOC,cf_median,,South Taiwan monsoon rain forests,1.0,Tropical & Subtropical Moist Broadleaf Forests,Indomalayan
132,Apple_rf_2030y_SOC,cf_median,,South Victoria Land tundra,11.0,Tundra,Antarctica
270,Apple_rf_2030y_SOC,cf_median,35.9853,South Western Ghats moist deciduous forests,1.0,Tropical & Subtropical Moist Broadleaf Forests,Indomalayan
271,Apple_rf_2030y_SOC,cf_median,42.206757,South Western Ghats montane rain forests,1.0,Tropical & Subtropical Moist Broadleaf Forests,Indomalayan
176,Apple_rf_2030y_SOC,cf_median,40.10261,Southeast Australia temperate forests,4.0,Temperate Broadleaf & Mixed Forests,Australasia
192,Apple_rf_2030y_SOC,cf_median,25.330345,Southeast Australia temperate savanna,8.0,"Temperate Grasslands, Savannas & Shrublands",Australasia
765,Apple_rf_2030y_SOC,cf_median,80.659195,Southeast Tibet shrublands and meadows,10.0,Montane Grasslands & Shrublands,Palearctic
400,Apple_rf_2030y_SOC,cf_median,,Southeast US mixed woodlands and savannas,8.0,"Temperate Grasslands, Savannas & Shrublands",Nearctic
399,Apple_rf_2030y_SOC,cf_median,27.772552,Southeast US conifer savannas,8.0,"Temperate Grasslands, Savannas & Shrublands",Nearctic
803,Apple_rf_2030y_SOC,cf_median,37.333946,Southeast Iberian shrubs and woodlands,12.0,"Mediterranean Forests, Woodlands & Scrub",Palearctic
299,Apple_rf_2030y_SOC,cf_median,,Southeast Indochina dry evergreen forests,2.0,Tropical & Subtropical Dry Broadleaf Forests,Indomalayan
153,Apple_rf_2030y_SOC,cf_median,,Southeast Papuan rain forests,1.0,Tropical & Subtropical Moist Broadleaf Forests,Australasia
57,Apple_rf_2030y_SOC,cf_median,34.42291,Southern Acacia-Commiphora bushlands and thickets,7.0,"Tropical & Subtropical Grasslands, Savannas & Shrublands",Afrotropic
116,Apple_rf_2030y_SOC,cf_median,41.57639,Southern Africa mangroves,14.0,Mangroves,Afrotropic
804,Apple_rf_2030y_SOC,cf_median,33.475063,Southern Anatolian montane conifer and deciduous forests,12.0,"Mediterranean Forests, Woodlands & Scrub",Palearctic
595,Apple_rf_2030y_SOC,cf_median,49.111286,Southern Andean steppe,10.0,Montane Grasslands & Shrublands,Neotropic
504,Apple_rf_2030y_SOC,cf_median,44.350677,Southern Andean Yungas,1.0,Tropical & Subtropical Moist Broadleaf Forests,Neotropic
272,Apple_rf_2030y_SOC,cf_median,,Southern Annamites montane rain forests,1.0,Tropical & Subtropical Moist Broadleaf Forests,Indomalayan
616,Apple_rf_2030y_SOC,cf_median,52.796272,Southern Atlantic Brazilian mangroves,14.0,Mangroves,Neotropic
586,Apple_rf_2030y_SOC,cf_median,32.108654,Southern Cone Mesopotamian savanna,9.0,Flooded Grasslands & Savannas,Neotropic
58,Apple_rf_2030y_SOC,cf_median,,Southern Congolian forest-savanna,7.0,"Tropical & Subtropical Grasslands, Savannas & Shrublands",Afrotropic
342,Apple_rf_2030y_SOC,cf_median,,Southern Great Lakes forests,4.0,Temperate Broadleaf & Mixed Forests,Nearctic
382,Apple_rf_2030y_SOC,cf_median,,Southern Hudson Bay taiga,6.0,Boreal Forests/Taiga,Nearctic
133,Apple_rf_2030y_SOC,cf_median,,Southern Indian Ocean Islands tundra,11.0,Tundra,Antarctica
681,Apple_rf_2030y_SOC,cf_median,,Southern Korea evergreen forests,4.0,Temperate Broadleaf & Mixed Forests,Palearctic
617,Apple_rf_2030y_SOC,cf_median,37.80661,Southern Mesoamerican Pacific mangroves,14.0,Mangroves,Neotropic
154,Apple_rf_2030y_SOC,cf_median,,Southern New Guinea freshwater swamp forests,1.0,Tropical & Subtropical Moist Broadleaf Forests,Australasia
155,Apple_rf_2030y_SOC,cf_median,,Southern New Guinea lowland rain forests,1.0,Tropical & Subtropical Moist Broadleaf Forests,Australasia
547,Apple_rf_2030y_SOC,cf_median,31.81498,Southern Pacific dry forests,2.0,Tropical & Subtropical Dry Broadleaf Forests,Neotropic
87,Apple_rf_2030y_SOC,cf_median,,Southern Rift Montane forest-grassland,10.0,Montane Grasslands & Shrublands,Afrotropic
28,Apple_rf_2030y_SOC,cf_median,39.379562,Southern Swahili coastal forests and woodlands,1.0,Tropical & Subtropical Moist Broadleaf Forests,Afrotropic
300,Apple_rf_2030y_SOC,cf_median,,Southern Vietnam lowland dry forests,2.0,Tropical & Subtropical Dry Broadleaf Forests,Indomalayan
505,Apple_rf_2030y_SOC,cf_median,28.662075,Southwest Amazon moist forests,1.0,Tropical & Subtropical Moist Broadleaf Forests,Neotropic
108,Apple_rf_2030y_SOC,cf_median,,Southwest Arabian Escarpment shrublands and woodlands,13.0,Deserts & Xeric Shrublands,Afrotropic
109,Apple_rf_2030y_SOC,cf_median,,Southwest Arabian highland xeric scrub,13.0,Deserts & Xeric Shrublands,Afrotropic
205,Apple_rf_2030y_SOC,cf_median,28.637749,Southwest Australia savanna,12.0,"Mediterranean Forests, Woodlands & Scrub",Australasia
206,Apple_rf_2030y_SOC,cf_median,50.88304,Southwest Australia woodlands,12.0,"Mediterranean Forests, Woodlands & Scrub",Australasia
273,Apple_rf_2030y_SOC,cf_median,,Southwest Borneo freshwater swamp forests,1.0,Tropical & Subtropical Moist Broadleaf Forests,Indomalayan
805,Apple_rf_2030y_SOC,cf_median,34.948505,Southwest Iberian Mediterranean sclerophyllous and mixed forests,12.0,"Mediterranean Forests, Woodlands & Scrub",Palearctic
301,Apple_rf_2030y_SOC,cf_median,,Sri Lanka dry-zone dry evergreen forests,2.0,Tropical & Subtropical Dry Broadleaf Forests,Indomalayan
274,Apple_rf_2030y_SOC,cf_median,,Sri Lanka lowland rain forests,1.0,Tropical & Subtropical Moist Broadleaf Forests,Indomalayan
275,Apple_rf_2030y_SOC,cf_median,,Sri Lanka montane rain forests,1.0,Tropical & Subtropical Moist Broadleaf Forests,Indomalayan
609,Apple_rf_2030y_SOC,cf_median,,St. Peter and St. Paul Rocks,13.0,Deserts & Xeric Shrublands,Neotropic
110,Apple_rf_2030y_SOC,cf_median,32.53069,Succulent Karoo xeric shrublands,13.0,Deserts & Xeric Shrublands,Afrotropic
74,Apple_rf_2030y_SOC,cf_median,,Sudd flooded grasslands,9.0,Flooded Grasslands & Savannas,Afrotropic
746,Apple_rf_2030y_SOC,cf_median,,Suiphun-Khanka meadows and forest meadows,9.0,Flooded Grasslands & Savannas,Palearctic
766,Apple_rf_2030y_SOC,cf_median,36.69334,Sulaiman Range alpine meadows,10.0,Montane Grasslands & Shrublands,Palearctic
157,Apple_rf_2030y_SOC,cf_median,,Sulawesi montane rain forests,1.0,Tropical & Subtropical Moist Broadleaf Forests,Australasia
276,Apple_rf_2030y_SOC,cf_median,,Sulu Archipelago rain forests,1.0,Tropical & Subtropical Moist Broadleaf Forests,Indomalayan
277,Apple_rf_2030y_SOC,cf_median,,Sumatran freshwater swamp forests,1.0,Tropical & Subtropical Moist Broadleaf Forests,Indomalayan
278,Apple_rf_2030y_SOC,cf_median,,Sumatran lowland rain forests,1.0,Tropical & Subtropical Moist Broadleaf Forests,Indomalayan
279,Apple_rf_2030y_SOC,cf_median,,Sumatran montane rain forests,1.0,Tropical & Subtropical Moist Broadleaf Forests,Indomalayan
280,Apple_rf_2030y_SOC,cf_median,,Sumatran peat swamp forests,1.0,Tropical & Subtropical Moist Broadleaf Forests,Indomalayan
305,Apple_rf_2030y_SOC,cf_median,,Sumatran tropical pine forests,3.0,Tropical & Subtropical Coniferous Forests,Indomalayan
165,Apple_rf_2030y_SOC,cf_median,,Sumba deciduous forests,2.0,Tropical & Subtropical Dry Broadleaf Forests,Australasia
322,Apple_rf_2030y_SOC,cf_median,,Sunda Shelf mangroves,14.0,Mangroves,Indomalayan
281,Apple_rf_2030y_SOC,cf_median,,Sundaland heath forests,1.0,Tropical & Subtropical Moist Broadleaf Forests,Indomalayan
282,Apple_rf_2030y_SOC,cf_median,30.73476,Sundarbans freshwater swamp forests,1.0,Tropical & Subtropical Moist Broadleaf Forests,Indomalayan
323,Apple_rf_2030y_SOC,cf_median,54.180286,Sundarbans mangroves,14.0,Mangroves,Indomalayan
739,Apple_rf_2030y_SOC,cf_median,20.092066,Syrian xeric grasslands and shrublands,8.0,"Temperate Grasslands, Savannas & Shrublands",Palearctic
682,Apple_rf_2030y_SOC,cf_median,52.131355,Taiheiyo evergreen forests,4.0,Temperate Broadleaf & Mixed Forests,Palearctic
683,Apple_rf_2030y_SOC,cf_median,58.177116,Taiheiyo montane deciduous forests,4.0,Temperate Broadleaf & Mixed Forests,Palearctic
781,Apple_rf_2030y_SOC,cf_median,,Taimyr-Central Siberian tundra,11.0,Tundra,Palearctic
283,Apple_rf_2030y_SOC,cf_median,,Taiwan subtropical evergreen forests,1.0,Tropical & Subtropical Moist Broadleaf Forests,Indomalayan
843,Apple_rf_2030y_SOC,cf_median,,Taklimakan desert,13.0,Deserts & Xeric Shrublands,Palearctic
506,Apple_rf_2030y_SOC,cf_median,,Talamancan montane forests,1.0,Tropical & Subtropical Moist Broadleaf Forests,Neotropic
436,Apple_rf_2030y_SOC,cf_median,31.479765,Tamaulipan matorral,13.0,Deserts & Xeric Shrublands,Nearctic
437,Apple_rf_2030y_SOC,cf_median,25.617432,Tamaulipan mezquital,13.0,Deserts & Xeric Shrublands,Nearctic
507,Apple_rf_2030y_SOC,cf_median,31.432564,Tapajós-Xingu moist forests,1.0,Tropical & Subtropical Moist Broadleaf Forests,Neotropic
684,Apple_rf_2030y_SOC,cf_median,,Tarim Basin deciduous forests and steppe,4.0,Temperate Broadleaf & Mixed Forests,Palearctic
177,Apple_rf_2030y_SOC,cf_median,78.47055,Tasmanian Central Highland forests,4.0,Temperate Broadleaf & Mixed Forests,Australasia
178,Apple_rf_2030y_SOC,cf_median,70.51505,Tasmanian temperate forests,4.0,Temperate Broadleaf & Mixed Forests,Australasia
179,Apple_rf_2030y_SOC,cf_median,98.93358,Tasmanian temperate rain forests,4.0,Temperate Broadleaf & Mixed Forests,Australasia
610,Apple_rf_2030y_SOC,cf_median,33.110085,Tehuacán Valley matorral,13.0,Deserts & Xeric Shrublands,Neotropic
284,Apple_rf_2030y_SOC,cf_median,,Tenasserim-South Thailand semi-evergreen rain forests,1.0,Tropical & Subtropical Moist Broadleaf Forests,Indomalayan
311,Apple_rf_2030y_SOC,cf_median,28.150572,Terai-Duar savanna and grasslands,7.0,"Tropical & Subtropical Grasslands, Savannas & Shrublands",Indomalayan
401,Apple_rf_2030y_SOC,cf_median,32.94084,Texas blackland prairies,8.0,"Temperate Grasslands, Savannas & Shrublands",Nearctic
318,Apple_rf_2030y_SOC,cf_median,21.270359,Thar desert,13.0,Deserts & Xeric Shrublands,Indomalayan
740,Apple_rf_2030y_SOC,cf_median,,Tian Shan foothill arid steppe,8.0,"Temperate Grasslands, Savannas & Shrublands",Palearctic
709,Apple_rf_2030y_SOC,cf_median,,Tian Shan montane conifer forests,5.0,Temperate Conifer Forests,Palearctic
767,Apple_rf_2030y_SOC,cf_median,,Tian Shan montane steppe and meadows,10.0,Montane Grasslands & Shrublands,Palearctic
844,Apple_rf_2030y_SOC,cf_median,,Tibesti-Jebel Uweinat montane xeric woodlands,13.0,Deserts & Xeric Shrublands,Palearctic
768,Apple_rf_2030y_SOC,cf_median,66.37648,Tibetan Plateau alpine shrublands and meadows,10.0,Montane Grasslands & Shrublands,Palearctic
747,Apple_rf_2030y_SOC,cf_median,,Tigris-Euphrates alluvial salt marsh,9.0,Flooded Grasslands & Savannas,Palearctic
166,Apple_rf_2030y_SOC,cf_median,,Timor and Wetar deciduous forests,2.0,Tropical & Subtropical Dry Broadleaf Forests,Australasia
215,Apple_rf_2030y_SOC,cf_median,34.24263,Tirari-Sturt stony desert,13.0,Deserts & Xeric Shrublands,Australasia
631,Apple_rf_2030y_SOC,cf_median,,Tongan tropical moist forests,1.0,Tropical & Subtropical Moist Broadleaf Forests,Oceania
286,Apple_rf_2030y_SOC,cf_median,,Tonle Sap-Mekong peat swamp forests,1.0,Tropical & Subtropical Moist Broadleaf Forests,Indomalayan
285,Apple_rf_2030y_SOC,cf_median,,Tonle Sap freshwater swamp forests,1.0,Tropical & Subtropical Moist Broadleaf Forests,Indomalayan
421,Apple_rf_2030y_SOC,cf_median,,Torngat Mountain tundra,11.0,Tundra,Nearctic
782,Apple_rf_2030y_SOC,cf_median,,Trans-Baikal Bald Mountain tundra,11.0,Tundra,Palearctic
718,Apple_rf_2030y_SOC,cf_median,,Trans-Baikal conifer forests,6.0,Boreal Forests/Taiga,Palearctic
559,Apple_rf_2030y_SOC,cf_median,39.242516,Trans-Mexican Volcanic Belt pine-oak forests,3.0,Tropical & Subtropical Coniferous Forests,Neotropic
188,Apple_rf_2030y_SOC,cf_median,,Trans Fly savanna and grasslands,7.0,"Tropical & Subtropical Grasslands, Savannas & Shrublands",Australasia
134,Apple_rf_2030y_SOC,cf_median,,Transantarctic Mountains tundra,11.0,Tundra,Antarctica
510,Apple_rf_2030y_SOC,cf_median,,Trinidad and Tobago moist forest,1.0,Tropical & Subtropical Moist Broadleaf Forests,Neotropic
68,Apple_rf_2030y_SOC,cf_median,,Tristan Da Cunha-Gough Islands shrub and grasslands,8.0,"Temperate Grasslands, Savannas & Shrublands",Afrotropic
158,Apple_rf_2030y_SOC,cf_median,,Trobriand Islands rain forests,1.0,Tropical & Subtropical Moist Broadleaf Forests,Australasia
632,Apple_rf_2030y_SOC,cf_median,,Tuamotu tropical moist forests,1.0,Tropical & Subtropical Moist Broadleaf Forests,Oceania
633,Apple_rf_2030y_SOC,cf_median,,Tubuai tropical moist forests,1.0,Tropical & Subtropical Moist Broadleaf Forests,Oceania
549,Apple_rf_2030y_SOC,cf_median,39.320065,Tumbes-Piura dry forests,2.0,Tropical & Subtropical Dry Broadleaf Forests,Neotropic
806,Apple_rf_2030y_SOC,cf_median,42.33019,Tyrrhenian-Adriatic sclerophyllous and mixed forests,12.0,"Mediterranean Forests, Woodlands & Scrub",Palearctic
511,Apple_rf_2030y_SOC,cf_median,30.054272,Uatumã-Trombetas moist forests,1.0,Tropical & Subtropical Moist Broadleaf Forests,Neotropic
512,Apple_rf_2030y_SOC,cf_median,36.022068,Ucayali moist forests,1.0,Tropical & Subtropical Moist Broadleaf Forests,Neotropic
287,Apple_rf_2030y_SOC,cf_median,26.05478,Upper Gangetic Plains moist deciduous forests,1.0,Tropical & Subtropical Moist Broadleaf Forests,Indomalayan
343,Apple_rf_2030y_SOC,cf_median,,Upper Midwest US forest-savanna transition,4.0,Temperate Broadleaf & Mixed Forests,Nearctic
719,Apple_rf_2030y_SOC,cf_median,,Urals montane forest and taiga,6.0,Boreal Forests/Taiga,Palearctic
574,Apple_rf_2030y_SOC,cf_median,41.74665,Uruguayan savanna,7.0,"Tropical & Subtropical Grasslands, Savannas & Shrublands",Neotropic
685,Apple_rf_2030y_SOC,cf_median,,Ussuri broadleaf and mixed forests,4.0,Temperate Broadleaf & Mixed Forests,Palearctic
563,Apple_rf_2030y_SOC,cf_median,82.0072,Valdivian temperate forests,4.0,Temperate Broadleaf & Mixed Forests,Neotropic
159,Apple_rf_2030y_SOC,cf_median,,Vanuatu rain forests,1.0,Tropical & Subtropical Moist Broadleaf Forests,Australasia
513,Apple_rf_2030y_SOC,cf_median,33.820866,Venezuelan Andes montane forests,1.0,Tropical & Subtropical Moist Broadleaf Forests,Neotropic
550,Apple_rf_2030y_SOC,cf_median,35.378704,Veracruz dry forests,2.0,Tropical & Subtropical Dry Broadleaf Forests,Neotropic
514,Apple_rf_2030y_SOC,cf_median,38.1411,Veracruz moist forests,1.0,Tropical & Subtropical Moist Broadleaf Forests,Neotropic
515,Apple_rf_2030y_SOC,cf_median,48.97984,Veracruz montane forests,1.0,Tropical & Subtropical Moist Broadleaf Forests,Neotropic
189,Apple_rf_2030y_SOC,cf_median,20.998693,Victoria Plains tropical savanna,7.0,"Tropical & Subtropical Grasslands, Savannas & Shrublands",Australasia
161,Apple_rf_2030y_SOC,cf_median,,Vogelkop-Aru lowland rain forests,1.0,Tropical & Subtropical Moist Broadleaf Forests,Australasia
160,Apple_rf_2030y_SOC,cf_median,,Vogelkop montane rain forests,1.0,Tropical & Subtropical Moist Broadleaf Forests,Australasia
368,Apple_rf_2030y_SOC,cf_median,60.949913,Wasatch and Uinta montane forests,5.0,Temperate Conifer Forests,Nearctic
383,Apple_rf_2030y_SOC,cf_median,,Watson Highlands taiga,6.0,Boreal Forests/Taiga,Nearctic
845,Apple_rf_2030y_SOC,cf_median,,West Sahara desert,13.0,Deserts & Xeric Shrublands,Palearctic
846,Apple_rf_2030y_SOC,cf_median,,West Saharan montane xeric woodlands,13.0,Deserts & Xeric Shrublands,Palearctic
720,Apple_rf_2030y_SOC,cf_median,,West Siberian taiga,6.0,Boreal Forests/Taiga,Palearctic
62,Apple_rf_2030y_SOC,cf_median,,West Sudanian savanna,7.0,"Tropical & Subtropical Grasslands, Savannas & Shrublands",Afrotropic
216,Apple_rf_2030y_SOC,cf_median,22.351517,Western Australian Mulga shrublands,13.0,Deserts & Xeric Shrublands,Australasia
29,Apple_rf_2030y_SOC,cf_median,,Western Congolian swamp forests,1.0,Tropical & Subtropical Moist Broadleaf Forests,Afrotropic
516,Apple_rf_2030y_SOC,cf_median,38.73528,Western Ecuador moist forests,1.0,Tropical & Subtropical Moist Broadleaf Forests,Neotropic
686,Apple_rf_2030y_SOC,cf_median,49.572807,Western European broadleaf forests,4.0,Temperate Broadleaf & Mixed Forests,Palearctic
344,Apple_rf_2030y_SOC,cf_median,,Western Great Lakes forests,4.0,Temperate Broadleaf & Mixed Forests,Nearctic
30,Apple_rf_2030y_SOC,cf_median,,Western Guinean lowland forests,1.0,Tropical & Subtropical Moist Broadleaf Forests,Afrotropic
384,Apple_rf_2030y_SOC,cf_median,29.316715,Western Gulf coastal grasslands,7.0,"Tropical & Subtropical Grasslands, Savannas & Shrublands",Nearctic
769,Apple_rf_2030y_SOC,cf_median,58.657215,Western Himalayan alpine shrub and meadows,10.0,Montane Grasslands & Shrublands,Palearctic
308,Apple_rf_2030y_SOC,cf_median,48.812405,Western Himalayan broadleaf forests,4.0,Temperate Broadleaf & Mixed Forests,Indomalayan
310,Apple_rf_2030y_SOC,cf_median,49.113857,Western Himalayan subalpine conifer forests,5.0,Temperate Conifer Forests,Indomalayan
288,Apple_rf_2030y_SOC,cf_median,,Western Java montane rain forests,1.0,Tropical & Subtropical Moist Broadleaf Forests,Indomalayan
289,Apple_rf_2030y_SOC,cf_median,,Western Java rain forests,1.0,Tropical & Subtropical Moist Broadleaf Forests,Indomalayan
634,Apple_rf_2030y_SOC,cf_median,,Western Polynesian tropical moist forests,1.0,Tropical & Subtropical Moist Broadleaf Forests,Oceania
402,Apple_rf_2030y_SOC,cf_median,33.117382,Western shortgrass prairie,8.0,"Temperate Grasslands, Savannas & Shrublands",Nearctic
687,Apple_rf_2030y_SOC,cf_median,,Western Siberian hemiboreal forests,4.0,Temperate Broadleaf & Mixed Forests,Palearctic
180,Apple_rf_2030y_SOC,cf_median,99.02193,Westland temperate forests,4.0,Temperate Broadleaf & Mixed Forests,Australasia
403,Apple_rf_2030y_SOC,cf_median,,Willamette Valley oak savanna,8.0,"Temperate Grasslands, Savannas & Shrublands",Nearctic
517,Apple_rf_2030y_SOC,cf_median,,Windward Islands moist forests,1.0,Tropical & Subtropical Moist Broadleaf Forests,Neotropic
783,Apple_rf_2030y_SOC,cf_median,,Wrangel Island Arctic desert,11.0,Tundra,Palearctic
438,Apple_rf_2030y_SOC,cf_median,46.503292,Wyoming Basin shrub steppe,13.0,Deserts & Xeric Shrublands,Nearctic
518,Apple_rf_2030y_SOC,cf_median,31.052744,Xingu-Tocantins-Araguaia moist forests,1.0,Tropical & Subtropical Moist Broadleaf Forests,Neotropic
784,Apple_rf_2030y_SOC,cf_median,,Yamal-Gydan tundra,11.0,Tundra,Palearctic
638,Apple_rf_2030y_SOC,cf_median,,Yap tropical dry forests,2.0,Tropical & Subtropical Dry Broadleaf Forests,Oceania
162,Apple_rf_2030y_SOC,cf_median,,Yapen rain forests,1.0,Tropical & Subtropical Moist Broadleaf Forests,Australasia
770,Apple_rf_2030y_SOC,cf_median,48.076298,Yarlung Zanbo arid steppe,10.0,Montane Grasslands & Shrublands,Palearctic
748,Apple_rf_2030y_SOC,cf_median,,Yellow Sea saline meadow,9.0,Flooded Grasslands & Savannas,Palearctic
551,Apple_rf_2030y_SOC,cf_median,50.70117,Yucatán dry forests,2.0,Tropical & Subtropical Dry Broadleaf Forests,Neotropic
519,Apple_rf_2030y_SOC,cf_median,45.30289,Yucatán moist forests,1.0,Tropical & Subtropical Moist Broadleaf Forests,Neotropic
643,Apple_rf_2030y_SOC,cf_median,42.150482,Yunnan Plateau subtropical evergreen forests,1.0,Tropical & Subtropical Moist Broadleaf Forests,Palearctic
688,Apple_rf_2030y_SOC,cf_median,,Zagros Mountains forest steppe,4.0,Temperate Broadleaf & Mixed Forests,Palearctic
66,Apple_rf_2030y_SOC,cf_median,25.125956,Zambezian-Limpopo mixed woodlands,7.0,"Tropical & Subtropical Grasslands, Savannas & Shrublands",Afrotropic
64,Apple_rf_2030y_SOC,cf_median,21.74819,Zambezian Baikiaea woodlands,7.0,"Tropical & Subtropical Grasslands, Savannas & Shrublands",Afrotropic
75,Apple_rf_2030y_SOC,cf_median,,Zambezian coastal flooded savanna,9.0,Flooded Grasslands & Savannas,Afrotropic
42,Apple_rf_2030y_SOC,cf_median,27.439701,Dry miombo woodlands,7.0,"Tropical & Subtropical Grasslands, Savannas & Shrublands",Afrotropic
33,Apple_rf_2030y_SOC,cf_median,,Zambezian evergreen dry forests,2.0,Tropical & Subtropical Dry Broadleaf Forests,Afrotropic
76,Apple_rf_2030y_SOC,cf_median,,Zambezian flooded grasslands,9.0,Flooded Grasslands & Savannas,Afrotropic
65,Apple_rf_2030y_SOC,cf_median,23.817175,Zambezian mopane woodlands,7.0,"Tropical & Subtropical Grasslands, Savannas & Shrublands",Afrotropic
524,Apple_rf_2030y_SOC,cf_median,26.431808,Brazilian Atlantic dry forests,2.0,Tropical & Subtropical Dry Broadleaf Forests,Neotropic
380,Apple_rf_2030y_SOC,cf_median,,Northern Cordillera forests,6.0,Boreal Forests/Taiga,Nearctic
60,Apple_rf_2030y_SOC,cf_median,,St. Helena scrub and woodlands,7.0,"Tropical & Subtropical Grasslands, Savannas & Shrublands",Afrotropic
61,Apple_rf_2030y_SOC,cf_median,36.25814,Victoria Basin forest-savanna,7.0,"Tropical & Subtropical Grasslands, Savannas & Shrublands",Afrotropic
63,Apple_rf_2030y_SOC,cf_median,,Western Congolian forest-savanna,7.0,"Tropical & Subtropical Grasslands, Savannas & Shrublands",Afrotropic
78,Apple_rf_2030y_SOC,cf_median,57.04585,East African montane moorlands,10.0,Montane Grasslands & Shrublands,Afrotropic
365,Apple_rf_2030y_SOC,cf_median,,Queen Charlotte Islands conifer forests,5.0,Temperate Conifer Forests,Nearctic
360,Apple_rf_2030y_SOC,cf_median,,Northern Pacific Alaskan coastal forests,5.0,Temperate Conifer Forests,Nearctic
381,Apple_rf_2030y_SOC,cf_median,,Northwest Territories taiga,6.0,Boreal Forests/Taiga,Nearctic
107,Apple_rf_2030y_SOC,cf_median,,Southwest Arabian coastal xeric shrublands,13.0,Deserts & Xeric Shrublands,Afrotropic
811,Apple_rf_2030y_SOC,cf_median,,Arabian-Persian Gulf coastal plain desert,13.0,Deserts & Xeric Shrublands,Palearctic
840,Apple_rf_2030y_SOC,cf_median,,South Arabian plains and plateau desert,13.0,Deserts & Xeric Shrublands,Palearctic
809,Apple_rf_2030y_SOC,cf_median,25.014153,Arabian desert,13.0,Deserts & Xeric Shrublands,Palearctic
552,Apple_rf_2030y_SOC,cf_median,,Bahamian pineyards,3.0,Tropical & Subtropical Coniferous Forests,Neotropic
96,Apple_rf_2030y_SOC,cf_median,,Ile Europa and Bassas da India xeric scrub,13.0,Deserts & Xeric Shrublands,Afrotropic
773,Apple_rf_2030y_SOC,cf_median,,Kamchatka tundra,11.0,Tundra,Palearctic
508,Apple_rf_2030y_SOC,cf_median,28.001768,Tocantins/Pindare moist forests,1.0,Tropical & Subtropical Moist Broadleaf Forests,Neotropic
417,Apple_rf_2030y_SOC,cf_median,,Kalaallit Nunaat Arctic steppe,11.0,Tundra,Nearctic
358,Apple_rf_2030y_SOC,cf_median,,North Cascades conifer forests,5.0,Temperate Conifer Forests,Nearctic
361,Apple_rf_2030y_SOC,cf_median,,Northern Rockies conifer forests,5.0,Temperate Conifer Forests,Nearctic
509,Apple_rf_2030y_SOC,cf_median,,Trindade-Martin Vaz Islands tropical forests,1.0,Tropical & Subtropical Moist Broadleaf Forests,Neotropic
59,Apple_rf_2030y_SOC,cf_median,,Southwest Arabian montane woodlands and grasslands,7.0,"Tropical & Subtropical Grasslands, Savannas & Shrublands",Afrotropic
56,Apple_rf_2030y_SOC,cf_median,,"South Arabian fog woodlands, shrublands, and dune",7.0,"Tropical & Subtropical Grasslands, Savannas & Shrublands",Afrotropic
548,Apple_rf_2030y_SOC,cf_median,,Trinidad and Tobago dry forest,2.0,Tropical & Subtropical Dry Broadleaf Forests,Neotropic
537,Apple_rf_2030y_SOC,cf_median,,Lesser Antillean dry forests,2.0,Tropical & Subtropical Dry Broadleaf Forests,Neotropic
672,Apple_rf_2030y_SOC,cf_median,,North Atlantic moist mixed forests,4.0,Temperate Broadleaf & Mixed Forests,Palearctic
119,Apple_rf_2030y_SOC,cf_median,,Dronning Maud Land tundra,11.0,Tundra,Antarctica
124,Apple_rf_2030y_SOC,cf_median,,Marie Byrd Land tundra,11.0,Tundra,Antarctica
156,Apple_rf_2030y_SOC,cf_median,,Sulawesi lowland rain forests,1.0,Tropical & Subtropical Moist Broadleaf Forests,Australasia
8,Apple_rf_2030y_SOC,cf_median,46.486794,East African montane forests,1.0,Tropical & Subtropical Moist Broadleaf Forests,Afrotropic
9,Apple_rf_2030y_SOC,cf_median,38.790188,Eastern Arc forests,1.0,Tropical & Subtropical Moist Broadleaf Forests,Afrotropic
220,Apple_rf_2030y_SOC,cf_median,,Borneo montane rain forests,1.0,Tropical & Subtropical Moist Broadleaf Forests,Indomalayan
313,Apple_rf_2030y_SOC,cf_median,,Kinabalu montane alpine meadows,10.0,Montane Grasslands & Shrublands,Indomalayan
117,Apple_rf_2030y_SOC,cf_std,,Adelie Land tundra,11.0,Tundra,Antarctica
135,Apple_rf_2030y_SOC,cf_std,,Admiralty Islands lowland rain forests,1.0,Tropical & Subtropical Moist Broadleaf Forests,Australasia
785,Apple_rf_2030y_SOC,cf_std,10.129904,Aegean and Western Turkey sclerophyllous and mixed forests,12.0,"Mediterranean Forests, Woodlands & Scrub",Palearctic
807,Apple_rf_2030y_SOC,cf_std,,Afghan Mountains semi-desert,13.0,Deserts & Xeric Shrublands,Palearctic
404,Apple_rf_2030y_SOC,cf_std,,Ahklun and Kilbuck Upland Tundra,11.0,Tundra,Nearctic
722,Apple_rf_2030y_SOC,cf_std,,Al-Hajar foothill xeric woodlands and shrublands,8.0,"Temperate Grasslands, Savannas & Shrublands",Palearctic
723,Apple_rf_2030y_SOC,cf_std,,Al-Hajar montane woodlands and shrublands,8.0,"Temperate Grasslands, Savannas & Shrublands",Palearctic
721,Apple_rf_2030y_SOC,cf_std,,Alai-Western Tian Shan steppe,8.0,"Temperate Grasslands, Savannas & Shrublands",Palearctic
808,Apple_rf_2030y_SOC,cf_std,4.2866344,Alashan Plateau semi-desert,13.0,Deserts & Xeric Shrublands,Palearctic
405,Apple_rf_2030y_SOC,cf_std,,Alaska-St. Elias Range tundra,11.0,Tundra,Nearctic
369,Apple_rf_2030y_SOC,cf_std,,Alaska Peninsula montane taiga,6.0,Boreal Forests/Taiga,Nearctic
88,Apple_rf_2030y_SOC,cf_std,8.713182,Albany thickets,12.0,"Mediterranean Forests, Woodlands & Scrub",Afrotropic
345,Apple_rf_2030y_SOC,cf_std,,Alberta-British Columbia foothills forests,5.0,Temperate Conifer Forests,Nearctic
1,Apple_rf_2030y_SOC,cf_std,,Albertine Rift montane forests,1.0,Tropical & Subtropical Moist Broadleaf Forests,Afrotropic
91,Apple_rf_2030y_SOC,cf_std,,Aldabra Island xeric scrub,13.0,Deserts & Xeric Shrublands,Afrotropic
406,Apple_rf_2030y_SOC,cf_std,,Aleutian Islands tundra,11.0,Tundra,Nearctic
328,Apple_rf_2030y_SOC,cf_std,,Allegheny Highlands forests,4.0,Temperate Broadleaf & Mixed Forests,Nearctic
689,Apple_rf_2030y_SOC,cf_std,9.833227,Alps conifer and mixed forests,5.0,Temperate Conifer Forests,Palearctic
749,Apple_rf_2030y_SOC,cf_std,,Altai alpine meadow and tundra,10.0,Montane Grasslands & Shrublands,Palearctic
690,Apple_rf_2030y_SOC,cf_std,,Altai montane forest and forest steppe,5.0,Temperate Conifer Forests,Palearctic
724,Apple_rf_2030y_SOC,cf_std,,Altai steppe and semi-desert,8.0,"Temperate Grasslands, Savannas & Shrublands",Palearctic
439,Apple_rf_2030y_SOC,cf_std,8.297462,Alto Paraná Atlantic forests,1.0,Tropical & Subtropical Moist Broadleaf Forests,Neotropic
611,Apple_rf_2030y_SOC,cf_std,14.006779,Amazon-Orinoco-Southern Caribbean mangroves,14.0,Mangroves,Neotropic
67,Apple_rf_2030y_SOC,cf_std,,Amsterdam-Saint Paul Islands temperate grasslands,8.0,"Temperate Grasslands, Savannas & Shrublands",Afrotropic
741,Apple_rf_2030y_SOC,cf_std,,Amur meadow steppe,9.0,Flooded Grasslands & Savannas,Palearctic
786,Apple_rf_2030y_SOC,cf_std,,Anatolian conifer and deciduous mixed forests,12.0,"Mediterranean Forests, Woodlands & Scrub",Palearctic
218,Apple_rf_2030y_SOC,cf_std,2.0449233,Andaman Islands rain forests,1.0,Tropical & Subtropical Moist Broadleaf Forests,Indomalayan
77,Apple_rf_2030y_SOC,cf_std,,Angolan montane forest-grassland,10.0,Montane Grasslands & Shrublands,Afrotropic
34,Apple_rf_2030y_SOC,cf_std,,Angolan mopane woodlands,7.0,"Tropical & Subtropical Grasslands, Savannas & Shrublands",Afrotropic
35,Apple_rf_2030y_SOC,cf_std,,Angolan scarp savanna and woodlands,7.0,"Tropical & Subtropical Grasslands, Savannas & Shrublands",Afrotropic
36,Apple_rf_2030y_SOC,cf_std,,Angolan wet miombo woodlands,7.0,"Tropical & Subtropical Grasslands, Savannas & Shrublands",Afrotropic
196,Apple_rf_2030y_SOC,cf_std,,Antipodes Subantarctic Islands tundra,11.0,Tundra,Australasia
331,Apple_rf_2030y_SOC,cf_std,11.819764,Appalachian-Blue Ridge forests,4.0,Temperate Broadleaf & Mixed Forests,Nearctic
329,Apple_rf_2030y_SOC,cf_std,1.5465028,Appalachian mixed mesophytic forests,4.0,Temperate Broadleaf & Mixed Forests,Nearctic
330,Apple_rf_2030y_SOC,cf_std,2.6803083,Appalachian Piedmont forests,4.0,Temperate Broadleaf & Mixed Forests,Nearctic
644,Apple_rf_2030y_SOC,cf_std,11.189663,Appenine deciduous montane forests,4.0,Temperate Broadleaf & Mixed Forests,Palearctic
520,Apple_rf_2030y_SOC,cf_std,4.9498897,Apure-Villavicencio dry forests,2.0,Tropical & Subtropical Dry Broadleaf Forests,Neotropic
810,Apple_rf_2030y_SOC,cf_std,,Arabian sand desert,13.0,Deserts & Xeric Shrublands,Palearctic
440,Apple_rf_2030y_SOC,cf_std,8.255506,Araucaria moist forests,1.0,Tropical & Subtropical Moist Broadleaf Forests,Neotropic
597,Apple_rf_2030y_SOC,cf_std,,Araya and Paria xeric scrub,13.0,Deserts & Xeric Shrublands,Neotropic
407,Apple_rf_2030y_SOC,cf_std,,Arctic coastal tundra,11.0,Tundra,Nearctic
778,Apple_rf_2030y_SOC,cf_std,,Russian Arctic desert,11.0,Tundra,Palearctic
408,Apple_rf_2030y_SOC,cf_std,,Arctic foothills tundra,11.0,Tundra,Nearctic
346,Apple_rf_2030y_SOC,cf_std,6.0758834,Arizona Mountains forests,5.0,Temperate Conifer Forests,Nearctic
181,Apple_rf_2030y_SOC,cf_std,11.778134,Arnhem Land tropical savanna,7.0,"Tropical & Subtropical Grasslands, Savannas & Shrublands",Australasia
37,Apple_rf_2030y_SOC,cf_std,,Ascension scrub and grasslands,7.0,"Tropical & Subtropical Grasslands, Savannas & Shrublands",Afrotropic
598,Apple_rf_2030y_SOC,cf_std,,Atacama desert,13.0,Deserts & Xeric Shrublands,Neotropic
441,Apple_rf_2030y_SOC,cf_std,19.549196,Atlantic Coast restingas,1.0,Tropical & Subtropical Moist Broadleaf Forests,Neotropic
839,Apple_rf_2030y_SOC,cf_std,,Saharan Atlantic coastal desert,13.0,Deserts & Xeric Shrublands,Palearctic
347,Apple_rf_2030y_SOC,cf_std,,Atlantic coastal pine barrens,5.0,Temperate Conifer Forests,Nearctic
5,Apple_rf_2030y_SOC,cf_std,,Congolian coastal forests,1.0,Tropical & Subtropical Moist Broadleaf Forests,Afrotropic
664,Apple_rf_2030y_SOC,cf_std,9.51801,European Atlantic mixed forests,4.0,Temperate Broadleaf & Mixed Forests,Palearctic
193,Apple_rf_2030y_SOC,cf_std,5.5110993,Australian Alps montane grasslands,10.0,Montane Grasslands & Shrublands,Australasia
812,Apple_rf_2030y_SOC,cf_std,,Azerbaijan shrub desert and steppe,13.0,Deserts & Xeric Shrublands,Palearctic
645,Apple_rf_2030y_SOC,cf_std,,Azores temperate mixed forests,4.0,Temperate Broadleaf & Mixed Forests,Palearctic
813,Apple_rf_2030y_SOC,cf_std,,Badghyz and Karabil semi-desert,13.0,Deserts & Xeric Shrublands,Palearctic
612,Apple_rf_2030y_SOC,cf_std,22.414602,Bahamian-Antillean mangroves,14.0,Mangroves,Neotropic
442,Apple_rf_2030y_SOC,cf_std,7.697825,Bahia coastal forests,1.0,Tropical & Subtropical Moist Broadleaf Forests,Neotropic
443,Apple_rf_2030y_SOC,cf_std,3.0326183,Bahia interior forests,1.0,Tropical & Subtropical Moist Broadleaf Forests,Neotropic
426,Apple_rf_2030y_SOC,cf_std,5.334708,Baja California desert,13.0,Deserts & Xeric Shrublands,Nearctic
521,Apple_rf_2030y_SOC,cf_std,2.7021892,Bajío dry forests,2.0,Tropical & Subtropical Dry Broadleaf Forests,Neotropic
646,Apple_rf_2030y_SOC,cf_std,13.7267065,Balkan mixed forests,4.0,Temperate Broadleaf & Mixed Forests,Palearctic
522,Apple_rf_2030y_SOC,cf_std,4.583085,Balsas dry forests,2.0,Tropical & Subtropical Dry Broadleaf Forests,Neotropic
647,Apple_rf_2030y_SOC,cf_std,,Baltic mixed forests,4.0,Temperate Broadleaf & Mixed Forests,Palearctic
814,Apple_rf_2030y_SOC,cf_std,7.10288,Baluchistan xeric woodlands,13.0,Deserts & Xeric Shrublands,Palearctic
136,Apple_rf_2030y_SOC,cf_std,,Banda Sea Islands moist deciduous forests,1.0,Tropical & Subtropical Moist Broadleaf Forests,Australasia
564,Apple_rf_2030y_SOC,cf_std,,Belizian pine savannas,7.0,"Tropical & Subtropical Grasslands, Savannas & Shrublands",Neotropic
565,Apple_rf_2030y_SOC,cf_std,,Beni savanna,7.0,"Tropical & Subtropical Grasslands, Savannas & Shrublands",Neotropic
779,Apple_rf_2030y_SOC,cf_std,,Russian Bering tundra,11.0,Tundra,Palearctic
409,Apple_rf_2030y_SOC,cf_std,,Beringia lowland tundra,11.0,Tundra,Nearctic
410,Apple_rf_2030y_SOC,cf_std,,Beringia upland tundra,11.0,Tundra,Nearctic
325,Apple_rf_2030y_SOC,cf_std,,Bermuda subtropical conifer forests,3.0,Tropical & Subtropical Coniferous Forests,Nearctic
137,Apple_rf_2030y_SOC,cf_std,,Biak-Numfoor rain forests,1.0,Tropical & Subtropical Moist Broadleaf Forests,Australasia
348,Apple_rf_2030y_SOC,cf_std,,Blue Mountains forests,5.0,Temperate Conifer Forests,Nearctic
742,Apple_rf_2030y_SOC,cf_std,,Bohai Sea saline meadow,9.0,Flooded Grasslands & Savannas,Palearctic
523,Apple_rf_2030y_SOC,cf_std,,Bolivian montane dry forests,2.0,Tropical & Subtropical Dry Broadleaf Forests,Neotropic
444,Apple_rf_2030y_SOC,cf_std,6.4281635,Bolivian Yungas,1.0,Tropical & Subtropical Moist Broadleaf Forests,Neotropic
219,Apple_rf_2030y_SOC,cf_std,,Borneo lowland rain forests,1.0,Tropical & Subtropical Moist Broadleaf Forests,Indomalayan
221,Apple_rf_2030y_SOC,cf_std,,Borneo peat swamp forests,1.0,Tropical & Subtropical Moist Broadleaf Forests,Indomalayan
222,Apple_rf_2030y_SOC,cf_std,3.8596756,Brahmaputra Valley semi-evergreen forests,1.0,Tropical & Subtropical Moist Broadleaf Forests,Indomalayan
182,Apple_rf_2030y_SOC,cf_std,6.5823164,Brigalow tropical savanna,7.0,"Tropical & Subtropical Grasslands, Savannas & Shrublands",Australasia
349,Apple_rf_2030y_SOC,cf_std,,British Columbia coastal conifer forests,5.0,Temperate Conifer Forests,Nearctic
411,Apple_rf_2030y_SOC,cf_std,,Brooks-British Range tundra,11.0,Tundra,Nearctic
138,Apple_rf_2030y_SOC,cf_std,,Buru rain forests,1.0,Tropical & Subtropical Moist Broadleaf Forests,Australasia
525,Apple_rf_2030y_SOC,cf_std,5.177206,Caatinga,2.0,Tropical & Subtropical Dry Broadleaf Forests,Neotropic
445,Apple_rf_2030y_SOC,cf_std,4.831893,Caatinga Enclaves moist forests,1.0,Tropical & Subtropical Moist Broadleaf Forests,Neotropic
691,Apple_rf_2030y_SOC,cf_std,,Caledon conifer forests,5.0,Temperate Conifer Forests,Palearctic
385,Apple_rf_2030y_SOC,cf_std,8.657359,California Central Valley grasslands,8.0,"Temperate Grasslands, Savannas & Shrublands",Nearctic
422,Apple_rf_2030y_SOC,cf_std,10.734993,California coastal sage and chaparral,12.0,"Mediterranean Forests, Woodlands & Scrub",Nearctic
423,Apple_rf_2030y_SOC,cf_std,9.4007,California interior chaparral and woodlands,12.0,"Mediterranean Forests, Woodlands & Scrub",Nearctic
424,Apple_rf_2030y_SOC,cf_std,6.3939104,California montane chaparral and woodlands,12.0,"Mediterranean Forests, Woodlands & Scrub",Nearctic
2,Apple_rf_2030y_SOC,cf_std,,Cameroon Highlands forests,1.0,Tropical & Subtropical Moist Broadleaf Forests,Afrotropic
566,Apple_rf_2030y_SOC,cf_std,6.2926803,Campos Rupestres montane savanna,7.0,"Tropical & Subtropical Grasslands, Savannas & Shrublands",Neotropic
386,Apple_rf_2030y_SOC,cf_std,,Canadian Aspen forests and parklands,8.0,"Temperate Grasslands, Savannas & Shrublands",Nearctic
413,Apple_rf_2030y_SOC,cf_std,,Canadian Low Arctic tundra,11.0,Tundra,Nearctic
787,Apple_rf_2030y_SOC,cf_std,8.886831,Canary Islands dry woodlands and forests,12.0,"Mediterranean Forests, Woodlands & Scrub",Palearctic
648,Apple_rf_2030y_SOC,cf_std,15.130372,Cantabrian mixed forests,4.0,Temperate Broadleaf & Mixed Forests,Palearctic
190,Apple_rf_2030y_SOC,cf_std,9.348096,Canterbury-Otago tussock grasslands,8.0,"Temperate Grasslands, Savannas & Shrublands",Australasia
31,Apple_rf_2030y_SOC,cf_std,,Cape Verde Islands dry forests,2.0,Tropical & Subtropical Dry Broadleaf Forests,Afrotropic
183,Apple_rf_2030y_SOC,cf_std,10.886785,Cape York Peninsula tropical savanna,7.0,"Tropical & Subtropical Grasslands, Savannas & Shrublands",Australasia
446,Apple_rf_2030y_SOC,cf_std,2.9334946,Caqueta moist forests,1.0,Tropical & Subtropical Moist Broadleaf Forests,Neotropic
223,Apple_rf_2030y_SOC,cf_std,,Cardamom Mountains rain forests,1.0,Tropical & Subtropical Moist Broadleaf Forests,Indomalayan
599,Apple_rf_2030y_SOC,cf_std,,Caribbean shrublands,13.0,Deserts & Xeric Shrublands,Neotropic
207,Apple_rf_2030y_SOC,cf_std,7.315462,Carnarvon xeric shrublands,13.0,Deserts & Xeric Shrublands,Australasia
618,Apple_rf_2030y_SOC,cf_std,,Carolines tropical moist forests,1.0,Tropical & Subtropical Moist Broadleaf Forests,Oceania
692,Apple_rf_2030y_SOC,cf_std,,Carpathian montane forests,5.0,Temperate Conifer Forests,Palearctic
184,Apple_rf_2030y_SOC,cf_std,5.7599783,Carpentaria tropical savanna,7.0,"Tropical & Subtropical Grasslands, Savannas & Shrublands",Australasia
649,Apple_rf_2030y_SOC,cf_std,,Caspian Hyrcanian mixed forests,4.0,Temperate Broadleaf & Mixed Forests,Palearctic
815,Apple_rf_2030y_SOC,cf_std,,Caspian lowland desert,13.0,Deserts & Xeric Shrublands,Palearctic
447,Apple_rf_2030y_SOC,cf_std,2.707684,Catatumbo moist forests,1.0,Tropical & Subtropical Moist Broadleaf Forests,Neotropic
526,Apple_rf_2030y_SOC,cf_std,6.3481927,Cauca Valley dry forests,2.0,Tropical & Subtropical Dry Broadleaf Forests,Neotropic
448,Apple_rf_2030y_SOC,cf_std,14.037285,Cauca Valley montane forests,1.0,Tropical & Subtropical Moist Broadleaf Forests,Neotropic
650,Apple_rf_2030y_SOC,cf_std,8.196505,Caucasus mixed forests,4.0,Temperate Broadleaf & Mixed Forests,Palearctic
449,Apple_rf_2030y_SOC,cf_std,,Cayos Miskitos-San Andrés and Providencia moist forests,1.0,Tropical & Subtropical Moist Broadleaf Forests,Neotropic
651,Apple_rf_2030y_SOC,cf_std,,Celtic broadleaf forests,4.0,Temperate Broadleaf & Mixed Forests,Palearctic
816,Apple_rf_2030y_SOC,cf_std,,Central Afghan Mountains xeric woodlands,13.0,Deserts & Xeric Shrublands,Palearctic
111,Apple_rf_2030y_SOC,cf_std,,Central African mangroves,14.0,Mangroves,Afrotropic
450,Apple_rf_2030y_SOC,cf_std,4.4395633,Central American Atlantic moist forests,1.0,Tropical & Subtropical Moist Broadleaf Forests,Neotropic
527,Apple_rf_2030y_SOC,cf_std,7.795364,Central American dry forests,2.0,Tropical & Subtropical Dry Broadleaf Forests,Neotropic
451,Apple_rf_2030y_SOC,cf_std,2.98977,Central American montane forests,1.0,Tropical & Subtropical Moist Broadleaf Forests,Neotropic
553,Apple_rf_2030y_SOC,cf_std,4.171963,Central American pine-oak forests,3.0,Tropical & Subtropical Coniferous Forests,Neotropic
725,Apple_rf_2030y_SOC,cf_std,,Central Anatolian steppe,8.0,"Temperate Grasslands, Savannas & Shrublands",Palearctic
652,Apple_rf_2030y_SOC,cf_std,,Central Anatolian steppe and woodlands,4.0,Temperate Broadleaf & Mixed Forests,Palearctic
352,Apple_rf_2030y_SOC,cf_std,7.0318027,Central-Southern Cascades Forests,5.0,Temperate Conifer Forests,Nearctic
389,Apple_rf_2030y_SOC,cf_std,3.340064,Central-Southern US mixed grasslands,8.0,"Temperate Grasslands, Savannas & Shrublands",Nearctic
587,Apple_rf_2030y_SOC,cf_std,3.2571084,Central Andean dry puna,10.0,Montane Grasslands & Shrublands,Neotropic
588,Apple_rf_2030y_SOC,cf_std,9.036529,Central Andean puna,10.0,Montane Grasslands & Shrublands,Neotropic
589,Apple_rf_2030y_SOC,cf_std,7.5698657,Central Andean wet puna,10.0,Montane Grasslands & Shrublands,Neotropic
817,Apple_rf_2030y_SOC,cf_std,,Central Asian northern desert,13.0,Deserts & Xeric Shrublands,Palearctic
818,Apple_rf_2030y_SOC,cf_std,,Central Asian riparian woodlands,13.0,Deserts & Xeric Shrublands,Palearctic
819,Apple_rf_2030y_SOC,cf_std,,Central Asian southern desert,13.0,Deserts & Xeric Shrublands,Palearctic
350,Apple_rf_2030y_SOC,cf_std,,Central British Columbia Mountain forests,5.0,Temperate Conifer Forests,Nearctic
38,Apple_rf_2030y_SOC,cf_std,3.0894089,Central bushveld,7.0,"Tropical & Subtropical Grasslands, Savannas & Shrublands",Afrotropic
370,Apple_rf_2030y_SOC,cf_std,,Central Canadian Shield forests,6.0,Boreal Forests/Taiga,Nearctic
653,Apple_rf_2030y_SOC,cf_std,5.432334,Central China Loess Plateau mixed forests,4.0,Temperate Broadleaf & Mixed Forests,Palearctic
3,Apple_rf_2030y_SOC,cf_std,,Central Congolian lowland forests,1.0,Tropical & Subtropical Moist Broadleaf Forests,Afrotropic
290,Apple_rf_2030y_SOC,cf_std,3.6020114,Central Deccan Plateau dry deciduous forests,2.0,Tropical & Subtropical Dry Broadleaf Forests,Indomalayan
654,Apple_rf_2030y_SOC,cf_std,,Central European mixed forests,4.0,Temperate Broadleaf & Mixed Forests,Palearctic
387,Apple_rf_2030y_SOC,cf_std,,Central US forest-grasslands transition,8.0,"Temperate Grasslands, Savannas & Shrublands",Nearctic
291,Apple_rf_2030y_SOC,cf_std,,Central Indochina dry forests,2.0,Tropical & Subtropical Dry Broadleaf Forests,Indomalayan
655,Apple_rf_2030y_SOC,cf_std,,Central Korean deciduous forests,4.0,Temperate Broadleaf & Mixed Forests,Palearctic
427,Apple_rf_2030y_SOC,cf_std,4.7801538,Central Mexican matorral,13.0,Deserts & Xeric Shrublands,Nearctic
351,Apple_rf_2030y_SOC,cf_std,12.858699,Central Pacific Northwest coastal forests,5.0,Temperate Conifer Forests,Nearctic
820,Apple_rf_2030y_SOC,cf_std,,Central Persian desert basins,13.0,Deserts & Xeric Shrublands,Palearctic
619,Apple_rf_2030y_SOC,cf_std,,Central Polynesian tropical moist forests,1.0,Tropical & Subtropical Moist Broadleaf Forests,Oceania
139,Apple_rf_2030y_SOC,cf_std,,Central Range Papuan montane rain forests,1.0,Tropical & Subtropical Moist Broadleaf Forests,Australasia
195,Apple_rf_2030y_SOC,cf_std,,Papuan Central Range sub-alpine grasslands,10.0,Montane Grasslands & Shrublands,Australasia
208,Apple_rf_2030y_SOC,cf_std,1.5949702,Central Ranges xeric scrub,13.0,Deserts & Xeric Shrublands,Australasia
118,Apple_rf_2030y_SOC,cf_std,,Central South Antarctic Peninsula tundra,11.0,Tundra,Antarctica
388,Apple_rf_2030y_SOC,cf_std,,Central Tallgrass prairie,8.0,"Temperate Grasslands, Savannas & Shrublands",Nearctic
750,Apple_rf_2030y_SOC,cf_std,12.4973345,Central Tibetan Plateau alpine steppe,10.0,Montane Grasslands & Shrublands,Palearctic
39,Apple_rf_2030y_SOC,cf_std,,Central Zambezian wet miombo woodlands,7.0,"Tropical & Subtropical Grasslands, Savannas & Shrublands",Afrotropic
567,Apple_rf_2030y_SOC,cf_std,4.522676,Cerrado,7.0,"Tropical & Subtropical Grasslands, Savannas & Shrublands",Neotropic
656,Apple_rf_2030y_SOC,cf_std,,Changbai Mountains mixed forests,4.0,Temperate Broadleaf & Mixed Forests,Palearctic
657,Apple_rf_2030y_SOC,cf_std,5.2648015,Changjiang Plain evergreen forests,4.0,Temperate Broadleaf & Mixed Forests,Palearctic
224,Apple_rf_2030y_SOC,cf_std,,Chao Phraya freshwater swamp forests,1.0,Tropical & Subtropical Moist Broadleaf Forests,Indomalayan
225,Apple_rf_2030y_SOC,cf_std,,Chao Phraya lowland moist deciduous forests,1.0,Tropical & Subtropical Moist Broadleaf Forests,Indomalayan
167,Apple_rf_2030y_SOC,cf_std,,Chatham Island temperate forests,4.0,Temperate Broadleaf & Mixed Forests,Australasia
771,Apple_rf_2030y_SOC,cf_std,,Cherskii-Kolyma mountain tundra,11.0,Tundra,Palearctic
292,Apple_rf_2030y_SOC,cf_std,2.8153362,Chhota-Nagpur dry deciduous forests,2.0,Tropical & Subtropical Dry Broadleaf Forests,Indomalayan
528,Apple_rf_2030y_SOC,cf_std,3.5574808,Chiapas Depression dry forests,2.0,Tropical & Subtropical Dry Broadleaf Forests,Neotropic
452,Apple_rf_2030y_SOC,cf_std,2.318439,Chiapas montane forests,1.0,Tropical & Subtropical Moist Broadleaf Forests,Neotropic
428,Apple_rf_2030y_SOC,cf_std,5.5225105,Chihuahuan desert,13.0,Deserts & Xeric Shrublands,Nearctic
596,Apple_rf_2030y_SOC,cf_std,14.237704,Chilean Matorral,12.0,"Mediterranean Forests, Woodlands & Scrub",Neotropic
453,Apple_rf_2030y_SOC,cf_std,3.2291632,Chimalapas montane forests,1.0,Tropical & Subtropical Moist Broadleaf Forests,Neotropic
226,Apple_rf_2030y_SOC,cf_std,3.172953,Chin Hills-Arakan Yoma montane forests,1.0,Tropical & Subtropical Moist Broadleaf Forests,Indomalayan
529,Apple_rf_2030y_SOC,cf_std,2.5304024,Chiquitano dry forests,2.0,Tropical & Subtropical Dry Broadleaf Forests,Neotropic
454,Apple_rf_2030y_SOC,cf_std,18.53004,Chocó-Darién moist forests,1.0,Tropical & Subtropical Moist Broadleaf Forests,Neotropic
227,Apple_rf_2030y_SOC,cf_std,,Christmas and Cocos Islands tropical forests,1.0,Tropical & Subtropical Moist Broadleaf Forests,Indomalayan
772,Apple_rf_2030y_SOC,cf_std,,Chukchi Peninsula tundra,11.0,Tundra,Palearctic
568,Apple_rf_2030y_SOC,cf_std,,Clipperton Island shrub and grasslands,7.0,"Tropical & Subtropical Grasslands, Savannas & Shrublands",Neotropic
455,Apple_rf_2030y_SOC,cf_std,,Cocos Island moist forests,1.0,Tropical & Subtropical Moist Broadleaf Forests,Neotropic
429,Apple_rf_2030y_SOC,cf_std,9.775502,Colorado Plateau shrublands,13.0,Deserts & Xeric Shrublands,Nearctic
353,Apple_rf_2030y_SOC,cf_std,9.355187,Colorado Rockies forests,5.0,Temperate Conifer Forests,Nearctic
4,Apple_rf_2030y_SOC,cf_std,,Comoros forests,1.0,Tropical & Subtropical Moist Broadleaf Forests,Afrotropic
371,Apple_rf_2030y_SOC,cf_std,,Cook Inlet taiga,6.0,Boreal Forests/Taiga,Nearctic
620,Apple_rf_2030y_SOC,cf_std,,Cook Islands tropical moist forests,1.0,Tropical & Subtropical Moist Broadleaf Forests,Oceania
197,Apple_rf_2030y_SOC,cf_std,6.3064413,Coolgardie woodlands,12.0,"Mediterranean Forests, Woodlands & Scrub",Australasia
372,Apple_rf_2030y_SOC,cf_std,,Copper Plateau taiga,6.0,Boreal Forests/Taiga,Nearctic
590,Apple_rf_2030y_SOC,cf_std,5.196702,Cordillera Central páramo,10.0,Montane Grasslands & Shrublands,Neotropic
591,Apple_rf_2030y_SOC,cf_std,,Cordillera de Merida páramo,10.0,Montane Grasslands & Shrublands,Neotropic
456,Apple_rf_2030y_SOC,cf_std,,Cordillera La Costa montane forests,1.0,Tropical & Subtropical Moist Broadleaf Forests,Neotropic
457,Apple_rf_2030y_SOC,cf_std,12.520857,Cordillera Oriental montane forests,1.0,Tropical & Subtropical Moist Broadleaf Forests,Neotropic
788,Apple_rf_2030y_SOC,cf_std,8.697039,Corsican montane broadleaf and mixed forests,12.0,"Mediterranean Forests, Woodlands & Scrub",Palearctic
458,Apple_rf_2030y_SOC,cf_std,,Costa Rican seasonal moist forests,1.0,Tropical & Subtropical Moist Broadleaf Forests,Neotropic
789,Apple_rf_2030y_SOC,cf_std,7.363099,Crete Mediterranean forests,12.0,"Mediterranean Forests, Woodlands & Scrub",Palearctic
658,Apple_rf_2030y_SOC,cf_std,,Crimean Submediterranean forest complex,4.0,Temperate Broadleaf & Mixed Forests,Palearctic
6,Apple_rf_2030y_SOC,cf_std,,Cross-Niger transition forests,1.0,Tropical & Subtropical Moist Broadleaf Forests,Afrotropic
7,Apple_rf_2030y_SOC,cf_std,,Cross-Sanaga-Bioko coastal forests,1.0,Tropical & Subtropical Moist Broadleaf Forests,Afrotropic
390,Apple_rf_2030y_SOC,cf_std,2.9030268,Cross-Timbers savanna-woodland,8.0,"Temperate Grasslands, Savannas & Shrublands",Nearctic
600,Apple_rf_2030y_SOC,cf_std,,Cuban cactus scrub,13.0,Deserts & Xeric Shrublands,Neotropic
530,Apple_rf_2030y_SOC,cf_std,,Cuban dry forests,2.0,Tropical & Subtropical Dry Broadleaf Forests,Neotropic
459,Apple_rf_2030y_SOC,cf_std,,Cuban moist forests,1.0,Tropical & Subtropical Moist Broadleaf Forests,Neotropic
554,Apple_rf_2030y_SOC,cf_std,,Cuban pine forests,3.0,Tropical & Subtropical Coniferous Forests,Neotropic
579,Apple_rf_2030y_SOC,cf_std,,Cuban wetlands,9.0,Flooded Grasslands & Savannas,Neotropic
790,Apple_rf_2030y_SOC,cf_std,5.137072,Cyprus Mediterranean forests,12.0,"Mediterranean Forests, Woodlands & Scrub",Palearctic
693,Apple_rf_2030y_SOC,cf_std,,Da Hinggan-Dzhagdy Mountains conifer forests,5.0,Temperate Conifer Forests,Palearctic
659,Apple_rf_2030y_SOC,cf_std,6.0497603,Daba Mountains evergreen forests,4.0,Temperate Broadleaf & Mixed Forests,Palearctic
726,Apple_rf_2030y_SOC,cf_std,,Daurian forest steppe,8.0,"Temperate Grasslands, Savannas & Shrublands",Palearctic
415,Apple_rf_2030y_SOC,cf_std,,Davis Highlands tundra,11.0,Tundra,Nearctic
315,Apple_rf_2030y_SOC,cf_std,3.7228649,Deccan thorn scrub forests,13.0,Deserts & Xeric Shrublands,Indomalayan
660,Apple_rf_2030y_SOC,cf_std,5.132179,Dinaric Mountains mixed forests,4.0,Temperate Broadleaf & Mixed Forests,Palearctic
92,Apple_rf_2030y_SOC,cf_std,,Djibouti xeric shrublands,13.0,Deserts & Xeric Shrublands,Afrotropic
40,Apple_rf_2030y_SOC,cf_std,6.382026,Drakensberg Escarpment savanna and thicket,7.0,"Tropical & Subtropical Grasslands, Savannas & Shrublands",Afrotropic
41,Apple_rf_2030y_SOC,cf_std,6.9796815,Drakensberg grasslands,7.0,"Tropical & Subtropical Grasslands, Savannas & Shrublands",Afrotropic
0,Apple_rf_2030y_SOC,cf_std,8.857885,Rock and Ice,11.0,N/A,N/A
569,Apple_rf_2030y_SOC,cf_std,4.032962,Dry Chaco,7.0,"Tropical & Subtropical Grasslands, Savannas & Shrublands",Neotropic
694,Apple_rf_2030y_SOC,cf_std,0.0,East Afghan montane conifer forests,5.0,Temperate Conifer Forests,Palearctic
69,Apple_rf_2030y_SOC,cf_std,0.0255656,East African halophytics,9.0,Flooded Grasslands & Savannas,Afrotropic
112,Apple_rf_2030y_SOC,cf_std,8.826746,East African mangroves,14.0,Mangroves,Afrotropic
120,Apple_rf_2030y_SOC,cf_std,,East Antarctic tundra,11.0,Tundra,Antarctica
821,Apple_rf_2030y_SOC,cf_std,,East Arabian fog shrublands and sand desert,13.0,Deserts & Xeric Shrublands,Palearctic
332,Apple_rf_2030y_SOC,cf_std,2.8949907,East Central Texas forests,4.0,Temperate Broadleaf & Mixed Forests,Nearctic
293,Apple_rf_2030y_SOC,cf_std,7.04114,East Deccan dry-evergreen forests,2.0,Tropical & Subtropical Dry Broadleaf Forests,Indomalayan
661,Apple_rf_2030y_SOC,cf_std,,East European forest steppe,4.0,Temperate Broadleaf & Mixed Forests,Palearctic
822,Apple_rf_2030y_SOC,cf_std,,East Sahara Desert,13.0,Deserts & Xeric Shrublands,Palearctic
823,Apple_rf_2030y_SOC,cf_std,,East Saharan montane xeric woodlands,13.0,Deserts & Xeric Shrublands,Palearctic
710,Apple_rf_2030y_SOC,cf_std,,East Siberian taiga,6.0,Boreal Forests/Taiga,Palearctic
43,Apple_rf_2030y_SOC,cf_std,1.4996336,East Sudanian savanna,7.0,"Tropical & Subtropical Grasslands, Savannas & Shrublands",Afrotropic
662,Apple_rf_2030y_SOC,cf_std,,Eastern Anatolian deciduous forests,4.0,Temperate Broadleaf & Mixed Forests,Palearctic
727,Apple_rf_2030y_SOC,cf_std,,Eastern Anatolian montane steppe,8.0,"Temperate Grasslands, Savannas & Shrublands",Palearctic
191,Apple_rf_2030y_SOC,cf_std,4.867181,Eastern Australia mulga shrublands,8.0,"Temperate Grasslands, Savannas & Shrublands",Australasia
168,Apple_rf_2030y_SOC,cf_std,14.118283,Eastern Australian temperate forests,4.0,Temperate Broadleaf & Mixed Forests,Australasia
373,Apple_rf_2030y_SOC,cf_std,,Eastern Canadian forests,6.0,Boreal Forests/Taiga,Nearctic
374,Apple_rf_2030y_SOC,cf_std,,Eastern Canadian Shield taiga,6.0,Boreal Forests/Taiga,Nearctic
354,Apple_rf_2030y_SOC,cf_std,6.323847,Eastern Cascades forests,5.0,Temperate Conifer Forests,Nearctic
10,Apple_rf_2030y_SOC,cf_std,,Eastern Congolian swamp forests,1.0,Tropical & Subtropical Moist Broadleaf Forests,Afrotropic
460,Apple_rf_2030y_SOC,cf_std,11.593019,Eastern Cordillera Real montane forests,1.0,Tropical & Subtropical Moist Broadleaf Forests,Neotropic
333,Apple_rf_2030y_SOC,cf_std,,Eastern Canadian Forest-Boreal transition,4.0,Temperate Broadleaf & Mixed Forests,Nearctic
824,Apple_rf_2030y_SOC,cf_std,,Eastern Gobi desert steppe,13.0,Deserts & Xeric Shrublands,Palearctic
334,Apple_rf_2030y_SOC,cf_std,,Eastern Great Lakes lowland forests,4.0,Temperate Broadleaf & Mixed Forests,Nearctic
11,Apple_rf_2030y_SOC,cf_std,,Eastern Guinean forests,1.0,Tropical & Subtropical Moist Broadleaf Forests,Afrotropic
228,Apple_rf_2030y_SOC,cf_std,5.9899087,East Deccan moist deciduous forests,1.0,Tropical & Subtropical Moist Broadleaf Forests,Indomalayan
751,Apple_rf_2030y_SOC,cf_std,10.151203,Eastern Himalayan alpine shrub and meadows,10.0,Montane Grasslands & Shrublands,Palearctic
306,Apple_rf_2030y_SOC,cf_std,8.769061,Eastern Himalayan broadleaf forests,4.0,Temperate Broadleaf & Mixed Forests,Indomalayan
309,Apple_rf_2030y_SOC,cf_std,6.5396457,Eastern Himalayan subalpine conifer forests,5.0,Temperate Conifer Forests,Indomalayan
229,Apple_rf_2030y_SOC,cf_std,,Eastern Java-Bali montane rain forests,1.0,Tropical & Subtropical Moist Broadleaf Forests,Indomalayan
230,Apple_rf_2030y_SOC,cf_std,,Eastern Java-Bali rain forests,1.0,Tropical & Subtropical Moist Broadleaf Forests,Indomalayan
791,Apple_rf_2030y_SOC,cf_std,9.195029,Eastern Mediterranean conifer-broadleaf forests,12.0,"Mediterranean Forests, Woodlands & Scrub",Palearctic
621,Apple_rf_2030y_SOC,cf_std,,Eastern Micronesia tropical moist forests,1.0,Tropical & Subtropical Moist Broadleaf Forests,Oceania
461,Apple_rf_2030y_SOC,cf_std,3.8415463,Eastern Panamanian montane forests,1.0,Tropical & Subtropical Moist Broadleaf Forests,Neotropic
531,Apple_rf_2030y_SOC,cf_std,7.2566266,Ecuadorian dry forests,2.0,Tropical & Subtropical Dry Broadleaf Forests,Neotropic
391,Apple_rf_2030y_SOC,cf_std,4.0188637,Edwards Plateau savanna,8.0,"Temperate Grasslands, Savannas & Shrublands",Nearctic
185,Apple_rf_2030y_SOC,cf_std,5.0948806,Einasleigh upland savanna,7.0,"Tropical & Subtropical Grasslands, Savannas & Shrublands",Australasia
695,Apple_rf_2030y_SOC,cf_std,,Elburz Range forest steppe,5.0,Temperate Conifer Forests,Palearctic
121,Apple_rf_2030y_SOC,cf_std,,Ellsworth Land tundra,11.0,Tundra,Antarctica
122,Apple_rf_2030y_SOC,cf_std,,Ellsworth Mountains tundra,11.0,Tundra,Antarctica
728,Apple_rf_2030y_SOC,cf_std,,Emin Valley steppe,8.0,"Temperate Grasslands, Savannas & Shrublands",Palearctic
123,Apple_rf_2030y_SOC,cf_std,,Enderby Land tundra,11.0,Tundra,Antarctica
663,Apple_rf_2030y_SOC,cf_std,,English Lowlands beech forests,4.0,Temperate Broadleaf & Mixed Forests,Palearctic
580,Apple_rf_2030y_SOC,cf_std,,Enriquillo wetlands,9.0,Flooded Grasslands & Savannas,Neotropic
93,Apple_rf_2030y_SOC,cf_std,,Eritrean coastal desert,13.0,Deserts & Xeric Shrublands,Afrotropic
198,Apple_rf_2030y_SOC,cf_std,7.851668,Esperance mallee,12.0,"Mediterranean Forests, Woodlands & Scrub",Australasia
575,Apple_rf_2030y_SOC,cf_std,8.322456,Espinal,8.0,"Temperate Grasslands, Savannas & Shrublands",Neotropic
12,Apple_rf_2030y_SOC,cf_std,,Ethiopian montane forests,1.0,Tropical & Subtropical Moist Broadleaf Forests,Afrotropic
79,Apple_rf_2030y_SOC,cf_std,,Ethiopian montane grasslands and woodlands,10.0,Montane Grasslands & Shrublands,Afrotropic
80,Apple_rf_2030y_SOC,cf_std,,Ethiopian montane moorlands,10.0,Montane Grasslands & Shrublands,Afrotropic
70,Apple_rf_2030y_SOC,cf_std,,Etosha Pan halophytics,9.0,Flooded Grasslands & Savannas,Afrotropic
665,Apple_rf_2030y_SOC,cf_std,6.2659435,Euxine-Colchic broadleaf forests,4.0,Temperate Broadleaf & Mixed Forests,Palearctic
581,Apple_rf_2030y_SOC,cf_std,14.363556,Everglades flooded grasslands,9.0,Flooded Grasslands & Savannas,Neotropic
199,Apple_rf_2030y_SOC,cf_std,15.352875,Eyre and York mallee,12.0,"Mediterranean Forests, Woodlands & Scrub",Australasia
729,Apple_rf_2030y_SOC,cf_std,,Faroe Islands boreal grasslands,8.0,"Temperate Grasslands, Savannas & Shrublands",Palearctic
462,Apple_rf_2030y_SOC,cf_std,,Fernando de Noronha-Atol das Rocas moist forests,1.0,Tropical & Subtropical Moist Broadleaf Forests,Neotropic
635,Apple_rf_2030y_SOC,cf_std,,Fiji tropical dry forests,2.0,Tropical & Subtropical Dry Broadleaf Forests,Oceania
622,Apple_rf_2030y_SOC,cf_std,,Fiji tropical moist forests,1.0,Tropical & Subtropical Moist Broadleaf Forests,Oceania
169,Apple_rf_2030y_SOC,cf_std,,Fiordland temperate forests,4.0,Temperate Broadleaf & Mixed Forests,Australasia
200,Apple_rf_2030y_SOC,cf_std,6.8445225,Flinders-Lofty montane woodlands,12.0,"Mediterranean Forests, Woodlands & Scrub",Australasia
392,Apple_rf_2030y_SOC,cf_std,,Flint Hills tallgrass prairie,8.0,"Temperate Grasslands, Savannas & Shrublands",Nearctic
355,Apple_rf_2030y_SOC,cf_std,,Fraser Plateau and Basin conifer forests,5.0,Temperate Conifer Forests,Nearctic
89,Apple_rf_2030y_SOC,cf_std,8.614686,Fynbos shrubland,12.0,"Mediterranean Forests, Woodlands & Scrub",Afrotropic
601,Apple_rf_2030y_SOC,cf_std,6.2465196,Galápagos Islands xeric scrub,13.0,Deserts & Xeric Shrublands,Neotropic
94,Apple_rf_2030y_SOC,cf_std,1.4295238,Gariep Karoo,13.0,Deserts & Xeric Shrublands,Afrotropic
752,Apple_rf_2030y_SOC,cf_std,,Ghorat-Hazarajat alpine meadow,10.0,Montane Grasslands & Shrublands,Palearctic
209,Apple_rf_2030y_SOC,cf_std,1.0171279,Gibson desert,13.0,Deserts & Xeric Shrublands,Australasia
730,Apple_rf_2030y_SOC,cf_std,,Gissaro-Alai open woodlands,8.0,"Temperate Grasslands, Savannas & Shrublands",Palearctic
316,Apple_rf_2030y_SOC,cf_std,10.8778715,Godavari-Krishna mangroves,13.0,Deserts & Xeric Shrublands,Indomalayan
825,Apple_rf_2030y_SOC,cf_std,,Gobi Lakes Valley desert steppe,13.0,Deserts & Xeric Shrublands,Palearctic
13,Apple_rf_2030y_SOC,cf_std,,Granitic Seychelles forests,1.0,Tropical & Subtropical Moist Broadleaf Forests,Afrotropic
356,Apple_rf_2030y_SOC,cf_std,7.441971,Great Basin montane forests,5.0,Temperate Conifer Forests,Nearctic
430,Apple_rf_2030y_SOC,cf_std,7.952407,Great Basin shrub steppe,13.0,Deserts & Xeric Shrublands,Nearctic
826,Apple_rf_2030y_SOC,cf_std,,Great Lakes Basin desert steppe,13.0,Deserts & Xeric Shrublands,Palearctic
210,Apple_rf_2030y_SOC,cf_std,3.1028578,Great Sandy-Tanami desert,13.0,Deserts & Xeric Shrublands,Australasia
211,Apple_rf_2030y_SOC,cf_std,2.8297675,Great Victoria desert,13.0,Deserts & Xeric Shrublands,Australasia
231,Apple_rf_2030y_SOC,cf_std,,Greater Negros-Panay rain forests,1.0,Tropical & Subtropical Moist Broadleaf Forests,Indomalayan
602,Apple_rf_2030y_SOC,cf_std,13.153172,Guajira-Barranquilla xeric scrub,13.0,Deserts & Xeric Shrublands,Neotropic
582,Apple_rf_2030y_SOC,cf_std,2.8086061,Guayaquil flooded grasslands,9.0,Flooded Grasslands & Savannas,Neotropic
463,Apple_rf_2030y_SOC,cf_std,,Guianan freshwater swamp forests,1.0,Tropical & Subtropical Moist Broadleaf Forests,Neotropic
464,Apple_rf_2030y_SOC,cf_std,5.0061593,Guianan Highlands moist forests,1.0,Tropical & Subtropical Moist Broadleaf Forests,Neotropic
465,Apple_rf_2030y_SOC,cf_std,2.258992,Guianan lowland moist forests,1.0,Tropical & Subtropical Moist Broadleaf Forests,Neotropic
466,Apple_rf_2030y_SOC,cf_std,4.3789124,Guianan piedmont moist forests,1.0,Tropical & Subtropical Moist Broadleaf Forests,Neotropic
570,Apple_rf_2030y_SOC,cf_std,4.251761,Guianan savanna,7.0,"Tropical & Subtropical Grasslands, Savannas & Shrublands",Neotropic
44,Apple_rf_2030y_SOC,cf_std,,Guinean forest-savanna,7.0,"Tropical & Subtropical Grasslands, Savannas & Shrublands",Afrotropic
113,Apple_rf_2030y_SOC,cf_std,,Guinean mangroves,14.0,Mangroves,Afrotropic
14,Apple_rf_2030y_SOC,cf_std,,Guinean montane forests,1.0,Tropical & Subtropical Moist Broadleaf Forests,Afrotropic
642,Apple_rf_2030y_SOC,cf_std,5.2965055,Guizhou Plateau broadleaf and mixed forests,1.0,Tropical & Subtropical Moist Broadleaf Forests,Palearctic
431,Apple_rf_2030y_SOC,cf_std,5.673543,Gulf of California xeric scrub,13.0,Deserts & Xeric Shrublands,Nearctic
335,Apple_rf_2030y_SOC,cf_std,,Gulf of St. Lawrence lowland forests,4.0,Temperate Broadleaf & Mixed Forests,Nearctic
467,Apple_rf_2030y_SOC,cf_std,3.0378196,Gurupa várzea,1.0,Tropical & Subtropical Moist Broadleaf Forests,Neotropic
232,Apple_rf_2030y_SOC,cf_std,13.596966,Hainan Island monsoon rain forests,1.0,Tropical & Subtropical Moist Broadleaf Forests,Indomalayan
140,Apple_rf_2030y_SOC,cf_std,,Halmahera rain forests,1.0,Tropical & Subtropical Moist Broadleaf Forests,Australasia
201,Apple_rf_2030y_SOC,cf_std,13.48673,Hampton mallee and woodlands,12.0,"Mediterranean Forests, Woodlands & Scrub",Australasia
636,Apple_rf_2030y_SOC,cf_std,17.263859,Hawai'i tropical dry forests,2.0,Tropical & Subtropical Dry Broadleaf Forests,Oceania
639,Apple_rf_2030y_SOC,cf_std,13.478572,Hawai'i tropical high shrublands,7.0,"Tropical & Subtropical Grasslands, Savannas & Shrublands",Oceania
640,Apple_rf_2030y_SOC,cf_std,17.483868,Hawai'i tropical low shrublands,7.0,"Tropical & Subtropical Grasslands, Savannas & Shrublands",Oceania
623,Apple_rf_2030y_SOC,cf_std,18.785763,Hawai'i tropical moist forests,1.0,Tropical & Subtropical Moist Broadleaf Forests,Oceania
696,Apple_rf_2030y_SOC,cf_std,,Helanshan montane conifer forests,5.0,Temperate Conifer Forests,Palearctic
697,Apple_rf_2030y_SOC,cf_std,10.738728,Hengduan Mountains subalpine conifer forests,5.0,Temperate Conifer Forests,Palearctic
412,Apple_rf_2030y_SOC,cf_std,,Canadian High Arctic tundra,11.0,Tundra,Nearctic
592,Apple_rf_2030y_SOC,cf_std,5.150464,High Monte,10.0,Montane Grasslands & Shrublands,Neotropic
81,Apple_rf_2030y_SOC,cf_std,5.312971,Highveld grasslands,10.0,Montane Grasslands & Shrublands,Afrotropic
233,Apple_rf_2030y_SOC,cf_std,5.965868,Himalayan subtropical broadleaf forests,1.0,Tropical & Subtropical Moist Broadleaf Forests,Indomalayan
302,Apple_rf_2030y_SOC,cf_std,5.847033,Himalayan subtropical pine forests,3.0,Tropical & Subtropical Coniferous Forests,Indomalayan
753,Apple_rf_2030y_SOC,cf_std,0.0,Hindu Kush alpine meadow,10.0,Montane Grasslands & Shrublands,Palearctic
532,Apple_rf_2030y_SOC,cf_std,,Hispaniolan dry forests,2.0,Tropical & Subtropical Dry Broadleaf Forests,Neotropic
468,Apple_rf_2030y_SOC,cf_std,,Hispaniolan moist forests,1.0,Tropical & Subtropical Moist Broadleaf Forests,Neotropic
555,Apple_rf_2030y_SOC,cf_std,,Hispaniolan pine forests,3.0,Tropical & Subtropical Coniferous Forests,Neotropic
95,Apple_rf_2030y_SOC,cf_std,,Hobyo grasslands and shrublands,13.0,Deserts & Xeric Shrublands,Afrotropic
666,Apple_rf_2030y_SOC,cf_std,,Hokkaido deciduous forests,4.0,Temperate Broadleaf & Mixed Forests,Palearctic
698,Apple_rf_2030y_SOC,cf_std,,Hokkaido montane conifer forests,5.0,Temperate Conifer Forests,Palearctic
699,Apple_rf_2030y_SOC,cf_std,,Honshu alpine conifer forests,5.0,Temperate Conifer Forests,Palearctic
45,Apple_rf_2030y_SOC,cf_std,,Horn of Africa xeric bushlands,7.0,"Tropical & Subtropical Grasslands, Savannas & Shrublands",Afrotropic
667,Apple_rf_2030y_SOC,cf_std,3.435919,Huang He Plain mixed forests,4.0,Temperate Broadleaf & Mixed Forests,Palearctic
571,Apple_rf_2030y_SOC,cf_std,4.1461067,Humid Chaco,7.0,"Tropical & Subtropical Grasslands, Savannas & Shrublands",Neotropic
576,Apple_rf_2030y_SOC,cf_std,9.58473,Humid Pampas,8.0,"Temperate Grasslands, Savannas & Shrublands",Neotropic
141,Apple_rf_2030y_SOC,cf_std,,Huon Peninsula montane rain forests,1.0,Tropical & Subtropical Moist Broadleaf Forests,Australasia
792,Apple_rf_2030y_SOC,cf_std,6.547349,Iberian conifer forests,12.0,"Mediterranean Forests, Woodlands & Scrub",Palearctic
793,Apple_rf_2030y_SOC,cf_std,4.7881293,Iberian sclerophyllous and semi-deciduous forests,12.0,"Mediterranean Forests, Woodlands & Scrub",Palearctic
711,Apple_rf_2030y_SOC,cf_std,,Iceland boreal birch forests and alpine tundra,6.0,Boreal Forests/Taiga,Palearctic
794,Apple_rf_2030y_SOC,cf_std,8.484746,Illyrian deciduous forests,12.0,"Mediterranean Forests, Woodlands & Scrub",Palearctic
319,Apple_rf_2030y_SOC,cf_std,,Indochina mangroves,14.0,Mangroves,Indomalayan
320,Apple_rf_2030y_SOC,cf_std,10.278382,Indus River Delta-Arabian Sea mangroves,14.0,Mangroves,Indomalayan
317,Apple_rf_2030y_SOC,cf_std,,Indus Valley desert,13.0,Deserts & Xeric Shrublands,Indomalayan
71,Apple_rf_2030y_SOC,cf_std,,Inner Niger Delta flooded savanna,9.0,Flooded Grasslands & Savannas,Afrotropic
375,Apple_rf_2030y_SOC,cf_std,,Interior Alaska-Yukon lowland taiga,6.0,Boreal Forests/Taiga,Nearctic
336,Apple_rf_2030y_SOC,cf_std,1.6729709,Interior Plateau US Hardwood Forests,4.0,Temperate Broadleaf & Mixed Forests,Nearctic
416,Apple_rf_2030y_SOC,cf_std,,Interior Yukon-Alaska alpine tundra,11.0,Tundra,Nearctic
469,Apple_rf_2030y_SOC,cf_std,3.2281203,Iquitos várzea,1.0,Tropical & Subtropical Moist Broadleaf Forests,Neotropic
294,Apple_rf_2030y_SOC,cf_std,,Irrawaddy dry forests,2.0,Tropical & Subtropical Dry Broadleaf Forests,Indomalayan
234,Apple_rf_2030y_SOC,cf_std,,Irrawaddy freshwater swamp forests,1.0,Tropical & Subtropical Moist Broadleaf Forests,Indomalayan
235,Apple_rf_2030y_SOC,cf_std,,Irrawaddy moist deciduous forests,1.0,Tropical & Subtropical Moist Broadleaf Forests,Indomalayan
533,Apple_rf_2030y_SOC,cf_std,,Islas Revillagigedo dry forests,2.0,Tropical & Subtropical Dry Broadleaf Forests,Neotropic
470,Apple_rf_2030y_SOC,cf_std,,Isthmian-Atlantic moist forests,1.0,Tropical & Subtropical Moist Broadleaf Forests,Neotropic
471,Apple_rf_2030y_SOC,cf_std,,Isthmian-Pacific moist forests,1.0,Tropical & Subtropical Moist Broadleaf Forests,Neotropic
795,Apple_rf_2030y_SOC,cf_std,11.637223,Italian sclerophyllous and semi-deciduous forests,12.0,"Mediterranean Forests, Woodlands & Scrub",Palearctic
46,Apple_rf_2030y_SOC,cf_std,,Itigi-Sumbu thicket,7.0,"Tropical & Subtropical Grasslands, Savannas & Shrublands",Afrotropic
534,Apple_rf_2030y_SOC,cf_std,9.535447,Jalisco dry forests,2.0,Tropical & Subtropical Dry Broadleaf Forests,Neotropic
535,Apple_rf_2030y_SOC,cf_std,,Jamaican dry forests,2.0,Tropical & Subtropical Dry Broadleaf Forests,Neotropic
472,Apple_rf_2030y_SOC,cf_std,,Jamaican moist forests,1.0,Tropical & Subtropical Moist Broadleaf Forests,Neotropic
473,Apple_rf_2030y_SOC,cf_std,2.9063861,Japurá-Solimões-Negro moist forests,1.0,Tropical & Subtropical Moist Broadleaf Forests,Neotropic
202,Apple_rf_2030y_SOC,cf_std,23.041958,Jarrah-Karri forest and shrublands,12.0,"Mediterranean Forests, Woodlands & Scrub",Australasia
236,Apple_rf_2030y_SOC,cf_std,5.7394214,Jian Nan subtropical evergreen forests,1.0,Tropical & Subtropical Moist Broadleaf Forests,Indomalayan
82,Apple_rf_2030y_SOC,cf_std,,Jos Plateau forest-grassland,10.0,Montane Grasslands & Shrublands,Afrotropic
560,Apple_rf_2030y_SOC,cf_std,,Juan Fernández Islands temperate forests,4.0,Temperate Broadleaf & Mixed Forests,Neotropic
827,Apple_rf_2030y_SOC,cf_std,,Junggar Basin semi-desert,13.0,Deserts & Xeric Shrublands,Palearctic
474,Apple_rf_2030y_SOC,cf_std,3.4454865,Juruá-Purus moist forests,1.0,Tropical & Subtropical Moist Broadleaf Forests,Neotropic
418,Apple_rf_2030y_SOC,cf_std,,Kalaallit Nunaat High Arctic tundra,11.0,Tundra,Nearctic
47,Apple_rf_2030y_SOC,cf_std,,Kalahari Acacia woodlands,7.0,"Tropical & Subtropical Grasslands, Savannas & Shrublands",Afrotropic
97,Apple_rf_2030y_SOC,cf_std,2.522235,Kalahari xeric savanna,13.0,Deserts & Xeric Shrublands,Afrotropic
713,Apple_rf_2030y_SOC,cf_std,,Kamchatka-Kurile meadows and sparse forests,6.0,Boreal Forests/Taiga,Palearctic
712,Apple_rf_2030y_SOC,cf_std,,Kamchatka taiga,6.0,Boreal Forests/Taiga,Palearctic
98,Apple_rf_2030y_SOC,cf_std,,Kaokoveld desert,13.0,Deserts & Xeric Shrublands,Afrotropic
754,Apple_rf_2030y_SOC,cf_std,4.999587,Karakoram-West Tibetan Plateau alpine steppe,10.0,Montane Grasslands & Shrublands,Palearctic
237,Apple_rf_2030y_SOC,cf_std,,Kayah-Karen montane rain forests,1.0,Tropical & Subtropical Moist Broadleaf Forests,Indomalayan
731,Apple_rf_2030y_SOC,cf_std,,Kazakh forest steppe,8.0,"Temperate Grasslands, Savannas & Shrublands",Palearctic
828,Apple_rf_2030y_SOC,cf_std,,Kazakh semi-desert,13.0,Deserts & Xeric Shrublands,Palearctic
732,Apple_rf_2030y_SOC,cf_std,,Kazakh steppe,8.0,"Temperate Grasslands, Savannas & Shrublands",Palearctic
733,Apple_rf_2030y_SOC,cf_std,,Kazakh upland steppe,8.0,"Temperate Grasslands, Savannas & Shrublands",Palearctic
624,Apple_rf_2030y_SOC,cf_std,,Kermadec Islands subtropical moist forests,1.0,Tropical & Subtropical Moist Broadleaf Forests,Oceania
755,Apple_rf_2030y_SOC,cf_std,,Khangai Mountains alpine meadow,10.0,Montane Grasslands & Shrublands,Palearctic
700,Apple_rf_2030y_SOC,cf_std,,Khangai Mountains conifer forests,5.0,Temperate Conifer Forests,Palearctic
295,Apple_rf_2030y_SOC,cf_std,2.1437514,Khathiar-Gir dry deciduous forests,2.0,Tropical & Subtropical Dry Broadleaf Forests,Indomalayan
186,Apple_rf_2030y_SOC,cf_std,5.487524,Kimberly tropical savanna,7.0,"Tropical & Subtropical Grasslands, Savannas & Shrublands",Australasia
357,Apple_rf_2030y_SOC,cf_std,7.891402,Klamath-Siskiyou forests,5.0,Temperate Conifer Forests,Nearctic
15,Apple_rf_2030y_SOC,cf_std,10.293345,Knysna-Amatole montane forests,1.0,Tropical & Subtropical Moist Broadleaf Forests,Afrotropic
774,Apple_rf_2030y_SOC,cf_std,,Kola Peninsula tundra,11.0,Tundra,Palearctic
829,Apple_rf_2030y_SOC,cf_std,,Kopet Dag semi-desert,13.0,Deserts & Xeric Shrublands,Palearctic
756,Apple_rf_2030y_SOC,cf_std,,Kopet Dag woodlands and forest steppe,10.0,Montane Grasslands & Shrublands,Palearctic
757,Apple_rf_2030y_SOC,cf_std,,Kuh Rud and Eastern Iran montane woodlands,10.0,Montane Grasslands & Shrublands,Palearctic
16,Apple_rf_2030y_SOC,cf_std,12.509545,Kwazulu Natal-Cape coastal forests,1.0,Tropical & Subtropical Moist Broadleaf Forests,Afrotropic
603,Apple_rf_2030y_SOC,cf_std,,La Costa xeric shrublands,13.0,Deserts & Xeric Shrublands,Neotropic
72,Apple_rf_2030y_SOC,cf_std,,Lake Chad flooded savanna,9.0,Flooded Grasslands & Savannas,Afrotropic
536,Apple_rf_2030y_SOC,cf_std,,Lara-Falcón dry forests,2.0,Tropical & Subtropical Dry Broadleaf Forests,Neotropic
475,Apple_rf_2030y_SOC,cf_std,,Leeward Islands moist forests,1.0,Tropical & Subtropical Moist Broadleaf Forests,Neotropic
163,Apple_rf_2030y_SOC,cf_std,,Lesser Sundas deciduous forests,2.0,Tropical & Subtropical Dry Broadleaf Forests,Australasia
48,Apple_rf_2030y_SOC,cf_std,6.000691,Limpopo lowveld,7.0,"Tropical & Subtropical Grasslands, Savannas & Shrublands",Afrotropic
572,Apple_rf_2030y_SOC,cf_std,2.1131072,Llanos,7.0,"Tropical & Subtropical Grasslands, Savannas & Shrublands",Neotropic
142,Apple_rf_2030y_SOC,cf_std,,Lord Howe Island subtropical forests,1.0,Tropical & Subtropical Moist Broadleaf Forests,Australasia
143,Apple_rf_2030y_SOC,cf_std,,Louisiade Archipelago rain forests,1.0,Tropical & Subtropical Moist Broadleaf Forests,Australasia
577,Apple_rf_2030y_SOC,cf_std,4.4165688,Low Monte,8.0,"Temperate Grasslands, Savannas & Shrublands",Neotropic
238,Apple_rf_2030y_SOC,cf_std,4.5439734,Lower Gangetic Plains moist deciduous forests,1.0,Tropical & Subtropical Moist Broadleaf Forests,Indomalayan
239,Apple_rf_2030y_SOC,cf_std,,Luang Prabang montane rain forests,1.0,Tropical & Subtropical Moist Broadleaf Forests,Indomalayan
240,Apple_rf_2030y_SOC,cf_std,,Luzon montane rain forests,1.0,Tropical & Subtropical Moist Broadleaf Forests,Indomalayan
241,Apple_rf_2030y_SOC,cf_std,,Luzon rain forests,1.0,Tropical & Subtropical Moist Broadleaf Forests,Indomalayan
303,Apple_rf_2030y_SOC,cf_std,,Luzon tropical pine forests,3.0,Tropical & Subtropical Coniferous Forests,Indomalayan
32,Apple_rf_2030y_SOC,cf_std,5.8273697,Madagascar dry deciduous forests,2.0,Tropical & Subtropical Dry Broadleaf Forests,Afrotropic
83,Apple_rf_2030y_SOC,cf_std,4.7569976,Madagascar ericoid thickets,10.0,Montane Grasslands & Shrublands,Afrotropic
17,Apple_rf_2030y_SOC,cf_std,10.366232,Madagascar humid forests,1.0,Tropical & Subtropical Moist Broadleaf Forests,Afrotropic
114,Apple_rf_2030y_SOC,cf_std,6.990002,Madagascar mangroves,14.0,Mangroves,Afrotropic
99,Apple_rf_2030y_SOC,cf_std,6.8090425,Madagascar spiny thickets,13.0,Deserts & Xeric Shrublands,Afrotropic
18,Apple_rf_2030y_SOC,cf_std,7.0059395,Madagascar subhumid forests,1.0,Tropical & Subtropical Moist Broadleaf Forests,Afrotropic
100,Apple_rf_2030y_SOC,cf_std,5.3974485,Madagascar succulent woodlands,13.0,Deserts & Xeric Shrublands,Afrotropic
476,Apple_rf_2030y_SOC,cf_std,4.022527,Madeira-Tapajós moist forests,1.0,Tropical & Subtropical Moist Broadleaf Forests,Neotropic
668,Apple_rf_2030y_SOC,cf_std,,Madeira evergreen forests,4.0,Temperate Broadleaf & Mixed Forests,Palearctic
478,Apple_rf_2030y_SOC,cf_std,3.728098,Magdalena-Urabá moist forests,1.0,Tropical & Subtropical Moist Broadleaf Forests,Neotropic
538,Apple_rf_2030y_SOC,cf_std,6.572019,Magdalena Valley dry forests,2.0,Tropical & Subtropical Dry Broadleaf Forests,Neotropic
477,Apple_rf_2030y_SOC,cf_std,13.878825,Magdalena Valley montane forests,1.0,Tropical & Subtropical Moist Broadleaf Forests,Neotropic
561,Apple_rf_2030y_SOC,cf_std,,Magellanic subpolar forests,4.0,Temperate Broadleaf & Mixed Forests,Neotropic
73,Apple_rf_2030y_SOC,cf_std,,Makgadikgadi halophytics,9.0,Flooded Grasslands & Savannas,Afrotropic
242,Apple_rf_2030y_SOC,cf_std,12.437165,Malabar Coast moist forests,1.0,Tropical & Subtropical Moist Broadleaf Forests,Indomalayan
243,Apple_rf_2030y_SOC,cf_std,,Maldives-Lakshadweep-Chagos Archipelago tropical moist forests,1.0,Tropical & Subtropical Moist Broadleaf Forests,Indomalayan
604,Apple_rf_2030y_SOC,cf_std,,Malpelo Island xeric scrub,13.0,Deserts & Xeric Shrublands,Neotropic
669,Apple_rf_2030y_SOC,cf_std,,Manchurian mixed forests,4.0,Temperate Broadleaf & Mixed Forests,Palearctic
49,Apple_rf_2030y_SOC,cf_std,,Mandara Plateau woodlands,7.0,"Tropical & Subtropical Grasslands, Savannas & Shrublands",Afrotropic
19,Apple_rf_2030y_SOC,cf_std,11.798544,Maputaland coastal forests and woodlands,1.0,Tropical & Subtropical Moist Broadleaf Forests,Afrotropic
539,Apple_rf_2030y_SOC,cf_std,,Maracaibo dry forests,2.0,Tropical & Subtropical Dry Broadleaf Forests,Neotropic
480,Apple_rf_2030y_SOC,cf_std,11.674313,Marajó várzea,1.0,Tropical & Subtropical Moist Broadleaf Forests,Neotropic
540,Apple_rf_2030y_SOC,cf_std,3.112816,Maranhão Babaçu forests,2.0,Tropical & Subtropical Dry Broadleaf Forests,Neotropic
479,Apple_rf_2030y_SOC,cf_std,6.150627,Marañón dry forests,1.0,Tropical & Subtropical Moist Broadleaf Forests,Neotropic
637,Apple_rf_2030y_SOC,cf_std,,Marianas tropical dry forests,2.0,Tropical & Subtropical Dry Broadleaf Forests,Oceania
625,Apple_rf_2030y_SOC,cf_std,,Marquesas tropical moist forests,1.0,Tropical & Subtropical Moist Broadleaf Forests,Oceania
50,Apple_rf_2030y_SOC,cf_std,4.5517025,Masai xeric grasslands and shrublands,7.0,"Tropical & Subtropical Grasslands, Savannas & Shrublands",Afrotropic
20,Apple_rf_2030y_SOC,cf_std,,Mascarene forests,1.0,Tropical & Subtropical Moist Broadleaf Forests,Afrotropic
481,Apple_rf_2030y_SOC,cf_std,4.032295,Mato Grosso tropical dry forests,1.0,Tropical & Subtropical Moist Broadleaf Forests,Neotropic
796,Apple_rf_2030y_SOC,cf_std,4.811594,Mediterranean Acacia-Argania dry woodlands and succulent thickets,12.0,"Mediterranean Forests, Woodlands & Scrub",Palearctic
701,Apple_rf_2030y_SOC,cf_std,9.555466,Mediterranean conifer and mixed forests,5.0,Temperate Conifer Forests,Palearctic
797,Apple_rf_2030y_SOC,cf_std,4.662219,Mediterranean dry woodlands and steppe,12.0,"Mediterranean Forests, Woodlands & Scrub",Palearctic
758,Apple_rf_2030y_SOC,cf_std,3.2465076,Mediterranean High Atlas juniper steppe,10.0,Montane Grasslands & Shrublands,Palearctic
798,Apple_rf_2030y_SOC,cf_std,8.751608,Mediterranean woodlands and forests,12.0,"Mediterranean Forests, Woodlands & Scrub",Palearctic
244,Apple_rf_2030y_SOC,cf_std,5.4286427,Meghalaya subtropical forests,1.0,Tropical & Subtropical Moist Broadleaf Forests,Indomalayan
245,Apple_rf_2030y_SOC,cf_std,,Mentawai Islands rain forests,1.0,Tropical & Subtropical Moist Broadleaf Forests,Indomalayan
432,Apple_rf_2030y_SOC,cf_std,4.899398,Meseta Central matorral,13.0,Deserts & Xeric Shrublands,Nearctic
613,Apple_rf_2030y_SOC,cf_std,18.474445,Mesoamerican Gulf-Caribbean mangroves,14.0,Mangroves,Neotropic
830,Apple_rf_2030y_SOC,cf_std,6.2945223,Mesopotamian shrub desert,13.0,Deserts & Xeric Shrublands,Palearctic
376,Apple_rf_2030y_SOC,cf_std,,Mid-Canada Boreal Plains forests,6.0,Boreal Forests/Taiga,Nearctic
414,Apple_rf_2030y_SOC,cf_std,,Canadian Middle Arctic Tundra,11.0,Tundra,Nearctic
393,Apple_rf_2030y_SOC,cf_std,14.354521,Mid-Atlantic US coastal savannas,8.0,"Temperate Grasslands, Savannas & Shrublands",Nearctic
377,Apple_rf_2030y_SOC,cf_std,,Midwest Canadian Shield forests,6.0,Boreal Forests/Taiga,Nearctic
247,Apple_rf_2030y_SOC,cf_std,,Mindanao-Eastern Visayas rain forests,1.0,Tropical & Subtropical Moist Broadleaf Forests,Indomalayan
246,Apple_rf_2030y_SOC,cf_std,,Mindanao montane rain forests,1.0,Tropical & Subtropical Moist Broadleaf Forests,Indomalayan
248,Apple_rf_2030y_SOC,cf_std,,Mindoro rain forests,1.0,Tropical & Subtropical Moist Broadleaf Forests,Indomalayan
573,Apple_rf_2030y_SOC,cf_std,10.2191,Miskito pine forests,7.0,"Tropical & Subtropical Grasslands, Savannas & Shrublands",Neotropic
337,Apple_rf_2030y_SOC,cf_std,19.888008,Mississippi lowland forests,4.0,Temperate Broadleaf & Mixed Forests,Nearctic
187,Apple_rf_2030y_SOC,cf_std,5.5494957,Mitchell Grass Downs,7.0,"Tropical & Subtropical Grasslands, Savannas & Shrublands",Australasia
249,Apple_rf_2030y_SOC,cf_std,3.7569585,Mizoram-Manipur-Kachin rain forests,1.0,Tropical & Subtropical Moist Broadleaf Forests,Indomalayan
433,Apple_rf_2030y_SOC,cf_std,5.8383546,Mojave desert,13.0,Deserts & Xeric Shrublands,Nearctic
734,Apple_rf_2030y_SOC,cf_std,,Mongolian-Manchurian grassland,8.0,"Temperate Grasslands, Savannas & Shrublands",Palearctic
394,Apple_rf_2030y_SOC,cf_std,3.7738426,Montana Valley and Foothill grasslands,8.0,"Temperate Grasslands, Savannas & Shrublands",Nearctic
482,Apple_rf_2030y_SOC,cf_std,2.892258,Monte Alegre várzea,1.0,Tropical & Subtropical Moist Broadleaf Forests,Neotropic
605,Apple_rf_2030y_SOC,cf_std,4.593263,Motagua Valley thornscrub,13.0,Deserts & Xeric Shrublands,Neotropic
21,Apple_rf_2030y_SOC,cf_std,,Mount Cameroon and Bioko montane forests,1.0,Tropical & Subtropical Moist Broadleaf Forests,Afrotropic
84,Apple_rf_2030y_SOC,cf_std,,Mulanje Montane forest-grassland,10.0,Montane Grasslands & Shrublands,Afrotropic
203,Apple_rf_2030y_SOC,cf_std,9.146624,Murray-Darling woodlands and mallee,12.0,"Mediterranean Forests, Woodlands & Scrub",Australasia
378,Apple_rf_2030y_SOC,cf_std,,Muskwa-Slave Lake taiga,6.0,Boreal Forests/Taiga,Nearctic
321,Apple_rf_2030y_SOC,cf_std,,Myanmar Coast mangroves,14.0,Mangroves,Indomalayan
250,Apple_rf_2030y_SOC,cf_std,,Myanmar coastal rain forests,1.0,Tropical & Subtropical Moist Broadleaf Forests,Indomalayan
101,Apple_rf_2030y_SOC,cf_std,3.3013406,Nama Karoo shrublands,13.0,Deserts & Xeric Shrublands,Afrotropic
102,Apple_rf_2030y_SOC,cf_std,,Namaqualand-Richtersveld steppe,13.0,Deserts & Xeric Shrublands,Afrotropic
103,Apple_rf_2030y_SOC,cf_std,,Namib Desert,13.0,Deserts & Xeric Shrublands,Afrotropic
104,Apple_rf_2030y_SOC,cf_std,,Namibian savanna woodlands,13.0,Deserts & Xeric Shrublands,Afrotropic
251,Apple_rf_2030y_SOC,cf_std,6.8197794,Nansei Islands subtropical evergreen forests,1.0,Tropical & Subtropical Moist Broadleaf Forests,Indomalayan
483,Apple_rf_2030y_SOC,cf_std,3.1668572,Napo moist forests,1.0,Tropical & Subtropical Moist Broadleaf Forests,Neotropic
204,Apple_rf_2030y_SOC,cf_std,23.44743,Naracoorte woodlands,12.0,"Mediterranean Forests, Woodlands & Scrub",Australasia
296,Apple_rf_2030y_SOC,cf_std,3.397376,Narmada Valley dry deciduous forests,2.0,Tropical & Subtropical Dry Broadleaf Forests,Indomalayan
395,Apple_rf_2030y_SOC,cf_std,,Nebraska Sand Hills mixed grasslands,8.0,"Temperate Grasslands, Savannas & Shrublands",Nearctic
484,Apple_rf_2030y_SOC,cf_std,2.3898957,Negro-Branco moist forests,1.0,Tropical & Subtropical Moist Broadleaf Forests,Neotropic
170,Apple_rf_2030y_SOC,cf_std,0.340971,Nelson Coast temperate forests,4.0,Temperate Broadleaf & Mixed Forests,Australasia
743,Apple_rf_2030y_SOC,cf_std,,Nenjiang River grassland,9.0,Flooded Grasslands & Savannas,Palearctic
144,Apple_rf_2030y_SOC,cf_std,,New Britain-New Ireland lowland rain forests,1.0,Tropical & Subtropical Moist Broadleaf Forests,Australasia
145,Apple_rf_2030y_SOC,cf_std,,New Britain-New Ireland montane rain forests,1.0,Tropical & Subtropical Moist Broadleaf Forests,Australasia
164,Apple_rf_2030y_SOC,cf_std,,New Caledonia dry forests,2.0,Tropical & Subtropical Dry Broadleaf Forests,Australasia
146,Apple_rf_2030y_SOC,cf_std,,New Caledonia rain forests,1.0,Tropical & Subtropical Moist Broadleaf Forests,Australasia
338,Apple_rf_2030y_SOC,cf_std,,New England-Acadian forests,4.0,Temperate Broadleaf & Mixed Forests,Nearctic
217,Apple_rf_2030y_SOC,cf_std,,New Guinea mangroves,14.0,Mangroves,Australasia
252,Apple_rf_2030y_SOC,cf_std,3.8929799,Nicobar Islands rain forests,1.0,Tropical & Subtropical Moist Broadleaf Forests,Indomalayan
22,Apple_rf_2030y_SOC,cf_std,,Niger Delta swamp forests,1.0,Tropical & Subtropical Moist Broadleaf Forests,Afrotropic
23,Apple_rf_2030y_SOC,cf_std,,Nigerian lowland forests,1.0,Tropical & Subtropical Moist Broadleaf Forests,Afrotropic
670,Apple_rf_2030y_SOC,cf_std,,Nihonkai evergreen forests,4.0,Temperate Broadleaf & Mixed Forests,Palearctic
671,Apple_rf_2030y_SOC,cf_std,0.0,Nihonkai montane deciduous forests,4.0,Temperate Broadleaf & Mixed Forests,Palearctic
744,Apple_rf_2030y_SOC,cf_std,,Nile Delta flooded savanna,9.0,Flooded Grasslands & Savannas,Palearctic
147,Apple_rf_2030y_SOC,cf_std,,Norfolk Island subtropical forests,1.0,Tropical & Subtropical Moist Broadleaf Forests,Australasia
126,Apple_rf_2030y_SOC,cf_std,,Northeast Antarctic Peninsula tundra,11.0,Tundra,Antarctica
127,Apple_rf_2030y_SOC,cf_std,,Northwest Antarctic Peninsula tundra,11.0,Tundra,Antarctica
831,Apple_rf_2030y_SOC,cf_std,,North Arabian desert,13.0,Deserts & Xeric Shrublands,Palearctic
832,Apple_rf_2030y_SOC,cf_std,,North Arabian highland shrublands,13.0,Deserts & Xeric Shrublands,Palearctic
171,Apple_rf_2030y_SOC,cf_std,9.500509,New Zealand North Island temperate forests,4.0,Temperate Broadleaf & Mixed Forests,Australasia
833,Apple_rf_2030y_SOC,cf_std,4.187684,North Saharan Xeric Steppe and Woodland,13.0,Deserts & Xeric Shrublands,Palearctic
106,Apple_rf_2030y_SOC,cf_std,,Somali montane xeric woodlands,13.0,Deserts & Xeric Shrublands,Afrotropic
759,Apple_rf_2030y_SOC,cf_std,4.7506275,North Tibetan Plateau-Kunlun Mountains alpine desert,10.0,Montane Grasslands & Shrublands,Palearctic
125,Apple_rf_2030y_SOC,cf_std,,North Victoria Land tundra,11.0,Tundra,Antarctica
253,Apple_rf_2030y_SOC,cf_std,7.7477365,North Western Ghats moist deciduous forests,1.0,Tropical & Subtropical Moist Broadleaf Forests,Indomalayan
254,Apple_rf_2030y_SOC,cf_std,6.7504525,North Western Ghats montane rain forests,1.0,Tropical & Subtropical Moist Broadleaf Forests,Indomalayan
673,Apple_rf_2030y_SOC,cf_std,,Northeast China Plain deciduous forests,4.0,Temperate Broadleaf & Mixed Forests,Palearctic
304,Apple_rf_2030y_SOC,cf_std,2.286693,Northeast India-Myanmar pine forests,3.0,Tropical & Subtropical Coniferous Forests,Indomalayan
775,Apple_rf_2030y_SOC,cf_std,,Northeast Siberian coastal tundra,11.0,Tundra,Palearctic
714,Apple_rf_2030y_SOC,cf_std,,Northeast Siberian taiga,6.0,Boreal Forests/Taiga,Palearctic
485,Apple_rf_2030y_SOC,cf_std,8.736121,Northeast Brazil restingas,1.0,Tropical & Subtropical Moist Broadleaf Forests,Neotropic
24,Apple_rf_2030y_SOC,cf_std,,Northeast Congolian lowland forests,1.0,Tropical & Subtropical Moist Broadleaf Forests,Afrotropic
702,Apple_rf_2030y_SOC,cf_std,7.8380733,Northeast Himalayan subalpine conifer forests,5.0,Temperate Conifer Forests,Palearctic
799,Apple_rf_2030y_SOC,cf_std,9.539913,Northeast Spain and Southern France Mediterranean forests,12.0,"Mediterranean Forests, Woodlands & Scrub",Palearctic
339,Apple_rf_2030y_SOC,cf_std,,Northeast US Coastal forests,4.0,Temperate Broadleaf & Mixed Forests,Nearctic
51,Apple_rf_2030y_SOC,cf_std,5.621961,Northern Acacia-Commiphora bushlands and thickets,7.0,"Tropical & Subtropical Grasslands, Savannas & Shrublands",Afrotropic
703,Apple_rf_2030y_SOC,cf_std,,Northern Anatolian conifer and deciduous forests,5.0,Temperate Conifer Forests,Palearctic
593,Apple_rf_2030y_SOC,cf_std,7.2691736,Northern Andean páramo,10.0,Montane Grasslands & Shrublands,Neotropic
255,Apple_rf_2030y_SOC,cf_std,,Northern Annamites rain forests,1.0,Tropical & Subtropical Moist Broadleaf Forests,Indomalayan
359,Apple_rf_2030y_SOC,cf_std,16.558445,Northern California coastal forests,5.0,Temperate Conifer Forests,Nearctic
379,Apple_rf_2030y_SOC,cf_std,,Northern Canadian Shield taiga,6.0,Boreal Forests/Taiga,Nearctic
52,Apple_rf_2030y_SOC,cf_std,,Northern Congolian Forest-Savanna,7.0,"Tropical & Subtropical Grasslands, Savannas & Shrublands",Afrotropic
297,Apple_rf_2030y_SOC,cf_std,3.099269,North Deccan dry deciduous forests,2.0,Tropical & Subtropical Dry Broadleaf Forests,Indomalayan
256,Apple_rf_2030y_SOC,cf_std,4.6666856,Northern Indochina subtropical forests,1.0,Tropical & Subtropical Moist Broadleaf Forests,Indomalayan
257,Apple_rf_2030y_SOC,cf_std,,Northern Khorat Plateau moist deciduous forests,1.0,Tropical & Subtropical Moist Broadleaf Forests,Indomalayan
614,Apple_rf_2030y_SOC,cf_std,10.032749,Northern Mesoamerican Pacific mangroves,14.0,Mangroves,Neotropic
148,Apple_rf_2030y_SOC,cf_std,,Northern New Guinea lowland rain and freshwater swamp forests,1.0,Tropical & Subtropical Moist Broadleaf Forests,Australasia
149,Apple_rf_2030y_SOC,cf_std,,Northern New Guinea montane rain forests,1.0,Tropical & Subtropical Moist Broadleaf Forests,Australasia
396,Apple_rf_2030y_SOC,cf_std,4.9136276,Northern Shortgrass prairie,8.0,"Temperate Grasslands, Savannas & Shrublands",Nearctic
25,Apple_rf_2030y_SOC,cf_std,8.372181,Northern Swahili coastal forests,1.0,Tropical & Subtropical Moist Broadleaf Forests,Afrotropic
397,Apple_rf_2030y_SOC,cf_std,,Northern Tallgrass prairie,8.0,"Temperate Grasslands, Savannas & Shrublands",Nearctic
258,Apple_rf_2030y_SOC,cf_std,,Northern Thailand-Laos moist deciduous forests,1.0,Tropical & Subtropical Moist Broadleaf Forests,Indomalayan
259,Apple_rf_2030y_SOC,cf_std,3.7949355,Northern Triangle subtropical forests,1.0,Tropical & Subtropical Moist Broadleaf Forests,Indomalayan
307,Apple_rf_2030y_SOC,cf_std,5.307002,Northern Triangle temperate forests,4.0,Temperate Broadleaf & Mixed Forests,Indomalayan
260,Apple_rf_2030y_SOC,cf_std,,Northern Vietnam lowland rain forests,1.0,Tropical & Subtropical Moist Broadleaf Forests,Indomalayan
173,Apple_rf_2030y_SOC,cf_std,14.613864,Northland temperate kauri forests,4.0,Temperate Broadleaf & Mixed Forests,Australasia
800,Apple_rf_2030y_SOC,cf_std,9.481819,Northwest Iberian montane forests,12.0,"Mediterranean Forests, Woodlands & Scrub",Palearctic
776,Apple_rf_2030y_SOC,cf_std,,Northwest Russian-Novaya Zemlya tundra,11.0,Tundra,Palearctic
486,Apple_rf_2030y_SOC,cf_std,14.056855,Northwest Andean montane forests,1.0,Tropical & Subtropical Moist Broadleaf Forests,Neotropic
26,Apple_rf_2030y_SOC,cf_std,,Northwest Congolian lowland forests,1.0,Tropical & Subtropical Moist Broadleaf Forests,Afrotropic
641,Apple_rf_2030y_SOC,cf_std,,Northwest Hawai'i scrub,7.0,"Tropical & Subtropical Grasslands, Savannas & Shrublands",Oceania
760,Apple_rf_2030y_SOC,cf_std,4.5599174,Northwestern Himalayan alpine shrub and meadows,10.0,Montane Grasslands & Shrublands,Palearctic
314,Apple_rf_2030y_SOC,cf_std,3.2723193,Aravalli west thorn scrub forests,13.0,Deserts & Xeric Shrublands,Indomalayan
777,Apple_rf_2030y_SOC,cf_std,,Novosibirsk Islands Arctic desert,11.0,Tundra,Palearctic
704,Apple_rf_2030y_SOC,cf_std,10.7701235,Nujiang Langcang Gorge alpine conifer and mixed forests,5.0,Temperate Conifer Forests,Palearctic
212,Apple_rf_2030y_SOC,cf_std,5.882186,Nullarbor Plains xeric shrublands,13.0,Deserts & Xeric Shrublands,Australasia
85,Apple_rf_2030y_SOC,cf_std,4.4486504,Nyanga-Chimanimani Montane forest-grassland,10.0,Montane Grasslands & Shrublands,Afrotropic
487,Apple_rf_2030y_SOC,cf_std,5.239218,Oaxacan montane forests,1.0,Tropical & Subtropical Moist Broadleaf Forests,Neotropic
626,Apple_rf_2030y_SOC,cf_std,,Ogasawara subtropical moist forests,1.0,Tropical & Subtropical Moist Broadleaf Forests,Oceania
419,Apple_rf_2030y_SOC,cf_std,,Ogilvie-MacKenzie alpine tundra,11.0,Tundra,Nearctic
362,Apple_rf_2030y_SOC,cf_std,,Okanogan dry forests,5.0,Temperate Conifer Forests,Nearctic
715,Apple_rf_2030y_SOC,cf_std,,Okhotsk-Manchurian taiga,6.0,Boreal Forests/Taiga,Palearctic
761,Apple_rf_2030y_SOC,cf_std,4.126993,Ordos Plateau steppe,10.0,Montane Grasslands & Shrublands,Palearctic
488,Apple_rf_2030y_SOC,cf_std,,Orinoco Delta swamp forests,1.0,Tropical & Subtropical Moist Broadleaf Forests,Neotropic
583,Apple_rf_2030y_SOC,cf_std,,Orinoco wetlands,9.0,Flooded Grasslands & Savannas,Neotropic
261,Apple_rf_2030y_SOC,cf_std,9.196522,Orissa semi-evergreen forests,1.0,Tropical & Subtropical Moist Broadleaf Forests,Indomalayan
340,Apple_rf_2030y_SOC,cf_std,,Ozark Highlands mixed forests,4.0,Temperate Broadleaf & Mixed Forests,Nearctic
341,Apple_rf_2030y_SOC,cf_std,2.7648058,Ozark Mountain forests,4.0,Temperate Broadleaf & Mixed Forests,Nearctic
420,Apple_rf_2030y_SOC,cf_std,,Pacific Coastal Mountain icefields and tundra,11.0,Tundra,Nearctic
627,Apple_rf_2030y_SOC,cf_std,,Palau tropical moist forests,1.0,Tropical & Subtropical Moist Broadleaf Forests,Oceania
262,Apple_rf_2030y_SOC,cf_std,,Palawan rain forests,1.0,Tropical & Subtropical Moist Broadleaf Forests,Indomalayan
398,Apple_rf_2030y_SOC,cf_std,,Palouse prairie,8.0,"Temperate Grasslands, Savannas & Shrublands",Nearctic
762,Apple_rf_2030y_SOC,cf_std,,Pamir alpine desert and tundra,10.0,Montane Grasslands & Shrublands,Palearctic
541,Apple_rf_2030y_SOC,cf_std,,Panamanian dry forests,2.0,Tropical & Subtropical Dry Broadleaf Forests,Neotropic
674,Apple_rf_2030y_SOC,cf_std,,Pannonian mixed forests,4.0,Temperate Broadleaf & Mixed Forests,Palearctic
584,Apple_rf_2030y_SOC,cf_std,3.0522094,Pantanal,9.0,Flooded Grasslands & Savannas,Neotropic
489,Apple_rf_2030y_SOC,cf_std,10.382165,Pantanos de Centla,1.0,Tropical & Subtropical Moist Broadleaf Forests,Neotropic
490,Apple_rf_2030y_SOC,cf_std,8.151226,Pantepui forests & shrublands,1.0,Tropical & Subtropical Moist Broadleaf Forests,Neotropic
606,Apple_rf_2030y_SOC,cf_std,,Paraguaná xeric scrub,13.0,Deserts & Xeric Shrublands,Neotropic
585,Apple_rf_2030y_SOC,cf_std,9.24718,Paraná flooded savanna,9.0,Flooded Grasslands & Savannas,Neotropic
834,Apple_rf_2030y_SOC,cf_std,,Paropamisus xeric woodlands,13.0,Deserts & Xeric Shrublands,Palearctic
578,Apple_rf_2030y_SOC,cf_std,9.587821,Patagonian steppe,8.0,"Temperate Grasslands, Savannas & Shrublands",Neotropic
542,Apple_rf_2030y_SOC,cf_std,6.857767,Patía valley dry forests,2.0,Tropical & Subtropical Dry Broadleaf Forests,Neotropic
263,Apple_rf_2030y_SOC,cf_std,,Peninsular Malaysian montane rain forests,1.0,Tropical & Subtropical Moist Broadleaf Forests,Indomalayan
264,Apple_rf_2030y_SOC,cf_std,,Peninsular Malaysian peat swamp forests,1.0,Tropical & Subtropical Moist Broadleaf Forests,Indomalayan
265,Apple_rf_2030y_SOC,cf_std,,Peninsular Malaysian rain forests,1.0,Tropical & Subtropical Moist Broadleaf Forests,Indomalayan
491,Apple_rf_2030y_SOC,cf_std,11.966947,Pernambuco coastal forests,1.0,Tropical & Subtropical Moist Broadleaf Forests,Neotropic
492,Apple_rf_2030y_SOC,cf_std,7.099383,Pernambuco interior forests,1.0,Tropical & Subtropical Moist Broadleaf Forests,Neotropic
493,Apple_rf_2030y_SOC,cf_std,8.451235,Peruvian Yungas,1.0,Tropical & Subtropical Moist Broadleaf Forests,Neotropic
494,Apple_rf_2030y_SOC,cf_std,6.9079766,Petén-Veracruz moist forests,1.0,Tropical & Subtropical Moist Broadleaf Forests,Neotropic
213,Apple_rf_2030y_SOC,cf_std,4.5812902,Pilbara shrublands,13.0,Deserts & Xeric Shrublands,Australasia
801,Apple_rf_2030y_SOC,cf_std,7.4239645,Pindus Mountains mixed forests,12.0,"Mediterranean Forests, Woodlands & Scrub",Palearctic
363,Apple_rf_2030y_SOC,cf_std,3.1969545,Piney Woods,5.0,Temperate Conifer Forests,Nearctic
675,Apple_rf_2030y_SOC,cf_std,3.537548,Po Basin mixed forests,4.0,Temperate Broadleaf & Mixed Forests,Palearctic
735,Apple_rf_2030y_SOC,cf_std,,Pontic steppe,8.0,"Temperate Grasslands, Savannas & Shrublands",Palearctic
128,Apple_rf_2030y_SOC,cf_std,,Prince Charles Mountains tundra,11.0,Tundra,Antarctica
543,Apple_rf_2030y_SOC,cf_std,,Puerto Rican dry forests,2.0,Tropical & Subtropical Dry Broadleaf Forests,Neotropic
495,Apple_rf_2030y_SOC,cf_std,,Puerto Rican moist forests,1.0,Tropical & Subtropical Moist Broadleaf Forests,Neotropic
364,Apple_rf_2030y_SOC,cf_std,,Puget lowland forests,5.0,Temperate Conifer Forests,Nearctic
497,Apple_rf_2030y_SOC,cf_std,3.4182527,Purus-Madeira moist forests,1.0,Tropical & Subtropical Moist Broadleaf Forests,Neotropic
496,Apple_rf_2030y_SOC,cf_std,3.7009265,Purus várzea,1.0,Tropical & Subtropical Moist Broadleaf Forests,Neotropic
676,Apple_rf_2030y_SOC,cf_std,9.251685,Pyrenees conifer and mixed forests,4.0,Temperate Broadleaf & Mixed Forests,Palearctic
835,Apple_rf_2030y_SOC,cf_std,,Qaidam Basin semi-desert,13.0,Deserts & Xeric Shrublands,Palearctic
705,Apple_rf_2030y_SOC,cf_std,9.104487,Qilian Mountains conifer forests,5.0,Temperate Conifer Forests,Palearctic
763,Apple_rf_2030y_SOC,cf_std,,Qilian Mountains subalpine meadows,10.0,Montane Grasslands & Shrublands,Palearctic
677,Apple_rf_2030y_SOC,cf_std,8.570322,Qin Ling Mountains deciduous forests,4.0,Temperate Broadleaf & Mixed Forests,Palearctic
706,Apple_rf_2030y_SOC,cf_std,17.306988,Qionglai-Minshan conifer forests,5.0,Temperate Conifer Forests,Palearctic
150,Apple_rf_2030y_SOC,cf_std,15.389316,Queensland tropical rain forests,1.0,Tropical & Subtropical Moist Broadleaf Forests,Australasia
174,Apple_rf_2030y_SOC,cf_std,,Rakiura Island temperate forests,4.0,Temperate Broadleaf & Mixed Forests,Australasia
312,Apple_rf_2030y_SOC,cf_std,2.0702794,Rann of Kutch seasonal salt marsh,9.0,Flooded Grasslands & Savannas,Indomalayan
628,Apple_rf_2030y_SOC,cf_std,,Rapa Nui and Sala y Gómez subtropical forests,1.0,Tropical & Subtropical Moist Broadleaf Forests,Oceania
266,Apple_rf_2030y_SOC,cf_std,,Red River freshwater swamp forests,1.0,Tropical & Subtropical Moist Broadleaf Forests,Indomalayan
837,Apple_rf_2030y_SOC,cf_std,6.670512,Red Sea-Arabian Desert shrublands,13.0,Deserts & Xeric Shrublands,Palearctic
836,Apple_rf_2030y_SOC,cf_std,,Red Sea coastal desert,13.0,Deserts & Xeric Shrublands,Palearctic
115,Apple_rf_2030y_SOC,cf_std,,Red Sea mangroves,14.0,Mangroves,Afrotropic
838,Apple_rf_2030y_SOC,cf_std,,Registan-North Pakistan sandy desert,13.0,Deserts & Xeric Shrublands,Palearctic
90,Apple_rf_2030y_SOC,cf_std,8.487001,Renosterveld shrubland,12.0,"Mediterranean Forests, Woodlands & Scrub",Afrotropic
175,Apple_rf_2030y_SOC,cf_std,7.6294436,Richmond temperate forests,4.0,Temperate Broadleaf & Mixed Forests,Australasia
498,Apple_rf_2030y_SOC,cf_std,3.2090538,Rio Negro campinarana,1.0,Tropical & Subtropical Moist Broadleaf Forests,Neotropic
678,Apple_rf_2030y_SOC,cf_std,,Rodope montane mixed forests,4.0,Temperate Broadleaf & Mixed Forests,Palearctic
86,Apple_rf_2030y_SOC,cf_std,,Rwenzori-Virunga montane moorlands,10.0,Montane Grasslands & Shrublands,Afrotropic
745,Apple_rf_2030y_SOC,cf_std,1.6554195,Saharan halophytics,9.0,Flooded Grasslands & Savannas,Palearctic
53,Apple_rf_2030y_SOC,cf_std,,Sahelian Acacia savanna,7.0,"Tropical & Subtropical Grasslands, Savannas & Shrublands",Afrotropic
716,Apple_rf_2030y_SOC,cf_std,,Sakhalin Island taiga,6.0,Boreal Forests/Taiga,Palearctic
629,Apple_rf_2030y_SOC,cf_std,,Samoan tropical moist forests,1.0,Tropical & Subtropical Moist Broadleaf Forests,Oceania
562,Apple_rf_2030y_SOC,cf_std,,San Félix-San Ambrosio Islands temperate forests,4.0,Temperate Broadleaf & Mixed Forests,Neotropic
607,Apple_rf_2030y_SOC,cf_std,3.5742304,San Lucan xeric scrub,13.0,Deserts & Xeric Shrublands,Neotropic
425,Apple_rf_2030y_SOC,cf_std,9.049915,Santa Lucia Montane Chaparral & Woodlands,12.0,"Mediterranean Forests, Woodlands & Scrub",Nearctic
499,Apple_rf_2030y_SOC,cf_std,15.55739,Santa Marta montane forests,1.0,Tropical & Subtropical Moist Broadleaf Forests,Neotropic
594,Apple_rf_2030y_SOC,cf_std,1.4630283,Santa Marta páramo,10.0,Montane Grasslands & Shrublands,Neotropic
27,Apple_rf_2030y_SOC,cf_std,,"São Tomé, Príncipe, and Annobón forests",1.0,Tropical & Subtropical Moist Broadleaf Forests,Afrotropic
679,Apple_rf_2030y_SOC,cf_std,,Sarmatic mixed forests,4.0,Temperate Broadleaf & Mixed Forests,Palearctic
764,Apple_rf_2030y_SOC,cf_std,,Sayan alpine meadows and tundra,10.0,Montane Grasslands & Shrublands,Palearctic
736,Apple_rf_2030y_SOC,cf_std,,Sayan Intermontane steppe,8.0,"Temperate Grasslands, Savannas & Shrublands",Palearctic
707,Apple_rf_2030y_SOC,cf_std,,Sayan montane conifer forests,5.0,Temperate Conifer Forests,Palearctic
717,Apple_rf_2030y_SOC,cf_std,,Scandinavian and Russian taiga,6.0,Boreal Forests/Taiga,Palearctic
708,Apple_rf_2030y_SOC,cf_std,,Scandinavian coastal conifer forests,5.0,Temperate Conifer Forests,Palearctic
780,Apple_rf_2030y_SOC,cf_std,,Scandinavian Montane Birch forest and grasslands,11.0,Tundra,Palearctic
129,Apple_rf_2030y_SOC,cf_std,,Scotia Sea Islands tundra,11.0,Tundra,Antarctica
608,Apple_rf_2030y_SOC,cf_std,8.463996,Sechura desert,13.0,Deserts & Xeric Shrublands,Neotropic
737,Apple_rf_2030y_SOC,cf_std,,Selenge-Orkhon forest steppe,8.0,"Temperate Grasslands, Savannas & Shrublands",Palearctic
151,Apple_rf_2030y_SOC,cf_std,,Seram rain forests,1.0,Tropical & Subtropical Moist Broadleaf Forests,Australasia
54,Apple_rf_2030y_SOC,cf_std,,Serengeti volcanic grasslands,7.0,"Tropical & Subtropical Grasslands, Savannas & Shrublands",Afrotropic
500,Apple_rf_2030y_SOC,cf_std,14.080783,Serra do Mar coastal forests,1.0,Tropical & Subtropical Moist Broadleaf Forests,Neotropic
680,Apple_rf_2030y_SOC,cf_std,3.1949203,Sichuan Basin evergreen broadleaf forests,4.0,Temperate Broadleaf & Mixed Forests,Palearctic
544,Apple_rf_2030y_SOC,cf_std,5.1068406,Sierra de la Laguna dry forests,2.0,Tropical & Subtropical Dry Broadleaf Forests,Neotropic
556,Apple_rf_2030y_SOC,cf_std,4.26414,Sierra de la Laguna pine-oak forests,3.0,Tropical & Subtropical Coniferous Forests,Neotropic
501,Apple_rf_2030y_SOC,cf_std,15.661948,Sierra de los Tuxtlas,1.0,Tropical & Subtropical Moist Broadleaf Forests,Neotropic
502,Apple_rf_2030y_SOC,cf_std,10.113077,Sierra Madre de Chiapas moist forests,1.0,Tropical & Subtropical Moist Broadleaf Forests,Neotropic
557,Apple_rf_2030y_SOC,cf_std,6.482753,Sierra Madre de Oaxaca pine-oak forests,3.0,Tropical & Subtropical Coniferous Forests,Neotropic
558,Apple_rf_2030y_SOC,cf_std,6.345425,Sierra Madre del Sur pine-oak forests,3.0,Tropical & Subtropical Coniferous Forests,Neotropic
326,Apple_rf_2030y_SOC,cf_std,4.1915836,Sierra Madre Occidental pine-oak forests,3.0,Tropical & Subtropical Coniferous Forests,Nearctic
327,Apple_rf_2030y_SOC,cf_std,5.675028,Sierra Madre Oriental pine-oak forests,3.0,Tropical & Subtropical Coniferous Forests,Nearctic
366,Apple_rf_2030y_SOC,cf_std,10.395058,Sierra Nevada forests,5.0,Temperate Conifer Forests,Nearctic
214,Apple_rf_2030y_SOC,cf_std,3.3184717,Simpson desert,13.0,Deserts & Xeric Shrublands,Australasia
545,Apple_rf_2030y_SOC,cf_std,4.5114794,Sinaloan dry forests,2.0,Tropical & Subtropical Dry Broadleaf Forests,Neotropic
546,Apple_rf_2030y_SOC,cf_std,11.012953,Sinú Valley dry forests,2.0,Tropical & Subtropical Dry Broadleaf Forests,Neotropic
434,Apple_rf_2030y_SOC,cf_std,7.655602,Snake-Columbia shrub steppe,13.0,Deserts & Xeric Shrublands,Nearctic
630,Apple_rf_2030y_SOC,cf_std,,Society Islands tropical moist forests,1.0,Tropical & Subtropical Moist Broadleaf Forests,Oceania
105,Apple_rf_2030y_SOC,cf_std,,Socotra Island xeric shrublands,13.0,Deserts & Xeric Shrublands,Afrotropic
503,Apple_rf_2030y_SOC,cf_std,1.8693266,Solimões-Japurá moist forests,1.0,Tropical & Subtropical Moist Broadleaf Forests,Neotropic
152,Apple_rf_2030y_SOC,cf_std,,Solomon Islands rain forests,1.0,Tropical & Subtropical Moist Broadleaf Forests,Australasia
55,Apple_rf_2030y_SOC,cf_std,2.6162016,Somali Acacia-Commiphora bushlands and thickets,7.0,"Tropical & Subtropical Grasslands, Savannas & Shrublands",Afrotropic
324,Apple_rf_2030y_SOC,cf_std,6.1314874,Sonoran-Sinaloan subtropical dry forest,2.0,Tropical & Subtropical Dry Broadleaf Forests,Nearctic
435,Apple_rf_2030y_SOC,cf_std,5.0346265,Sonoran desert,13.0,Deserts & Xeric Shrublands,Nearctic
615,Apple_rf_2030y_SOC,cf_std,18.530115,South American Pacific mangroves,14.0,Mangroves,Neotropic
130,Apple_rf_2030y_SOC,cf_std,,South Antarctic Peninsula tundra,11.0,Tundra,Antarctica
802,Apple_rf_2030y_SOC,cf_std,11.738266,South Apennine mixed montane forests,12.0,"Mediterranean Forests, Woodlands & Scrub",Palearctic
367,Apple_rf_2030y_SOC,cf_std,4.913155,South Central Rockies forests,5.0,Temperate Conifer Forests,Nearctic
268,Apple_rf_2030y_SOC,cf_std,12.417496,South China-Vietnam subtropical evergreen forests,1.0,Tropical & Subtropical Moist Broadleaf Forests,Indomalayan
267,Apple_rf_2030y_SOC,cf_std,,South China Sea Islands,1.0,Tropical & Subtropical Moist Broadleaf Forests,Indomalayan
298,Apple_rf_2030y_SOC,cf_std,4.8386974,South Deccan Plateau dry deciduous forests,2.0,Tropical & Subtropical Dry Broadleaf Forests,Indomalayan
841,Apple_rf_2030y_SOC,cf_std,,South Iran Nubo-Sindian desert and semi-desert,13.0,Deserts & Xeric Shrublands,Palearctic
194,Apple_rf_2030y_SOC,cf_std,2.1477985,New Zealand South Island montane grasslands,10.0,Montane Grasslands & Shrublands,Australasia
172,Apple_rf_2030y_SOC,cf_std,,New Zealand South Island temperate forests,4.0,Temperate Broadleaf & Mixed Forests,Australasia
131,Apple_rf_2030y_SOC,cf_std,,South Orkney Islands tundra,11.0,Tundra,Antarctica
842,Apple_rf_2030y_SOC,cf_std,,South Sahara desert,13.0,Deserts & Xeric Shrublands,Palearctic
738,Apple_rf_2030y_SOC,cf_std,,South Siberian forest steppe,8.0,"Temperate Grasslands, Savannas & Shrublands",Palearctic
269,Apple_rf_2030y_SOC,cf_std,,South Taiwan monsoon rain forests,1.0,Tropical & Subtropical Moist Broadleaf Forests,Indomalayan
132,Apple_rf_2030y_SOC,cf_std,,South Victoria Land tundra,11.0,Tundra,Antarctica
270,Apple_rf_2030y_SOC,cf_std,7.5514855,South Western Ghats moist deciduous forests,1.0,Tropical & Subtropical Moist Broadleaf Forests,Indomalayan
271,Apple_rf_2030y_SOC,cf_std,10.401796,South Western Ghats montane rain forests,1.0,Tropical & Subtropical Moist Broadleaf Forests,Indomalayan
176,Apple_rf_2030y_SOC,cf_std,18.374334,Southeast Australia temperate forests,4.0,Temperate Broadleaf & Mixed Forests,Australasia
192,Apple_rf_2030y_SOC,cf_std,5.5989847,Southeast Australia temperate savanna,8.0,"Temperate Grasslands, Savannas & Shrublands",Australasia
765,Apple_rf_2030y_SOC,cf_std,10.458855,Southeast Tibet shrublands and meadows,10.0,Montane Grasslands & Shrublands,Palearctic
400,Apple_rf_2030y_SOC,cf_std,,Southeast US mixed woodlands and savannas,8.0,"Temperate Grasslands, Savannas & Shrublands",Nearctic
399,Apple_rf_2030y_SOC,cf_std,6.64666,Southeast US conifer savannas,8.0,"Temperate Grasslands, Savannas & Shrublands",Nearctic
803,Apple_rf_2030y_SOC,cf_std,7.287403,Southeast Iberian shrubs and woodlands,12.0,"Mediterranean Forests, Woodlands & Scrub",Palearctic
299,Apple_rf_2030y_SOC,cf_std,,Southeast Indochina dry evergreen forests,2.0,Tropical & Subtropical Dry Broadleaf Forests,Indomalayan
153,Apple_rf_2030y_SOC,cf_std,,Southeast Papuan rain forests,1.0,Tropical & Subtropical Moist Broadleaf Forests,Australasia
57,Apple_rf_2030y_SOC,cf_std,4.5938735,Southern Acacia-Commiphora bushlands and thickets,7.0,"Tropical & Subtropical Grasslands, Savannas & Shrublands",Afrotropic
116,Apple_rf_2030y_SOC,cf_std,17.318085,Southern Africa mangroves,14.0,Mangroves,Afrotropic
804,Apple_rf_2030y_SOC,cf_std,10.575608,Southern Anatolian montane conifer and deciduous forests,12.0,"Mediterranean Forests, Woodlands & Scrub",Palearctic
595,Apple_rf_2030y_SOC,cf_std,9.738892,Southern Andean steppe,10.0,Montane Grasslands & Shrublands,Neotropic
504,Apple_rf_2030y_SOC,cf_std,8.2283745,Southern Andean Yungas,1.0,Tropical & Subtropical Moist Broadleaf Forests,Neotropic
272,Apple_rf_2030y_SOC,cf_std,,Southern Annamites montane rain forests,1.0,Tropical & Subtropical Moist Broadleaf Forests,Indomalayan
616,Apple_rf_2030y_SOC,cf_std,15.417463,Southern Atlantic Brazilian mangroves,14.0,Mangroves,Neotropic
586,Apple_rf_2030y_SOC,cf_std,6.2522984,Southern Cone Mesopotamian savanna,9.0,Flooded Grasslands & Savannas,Neotropic
58,Apple_rf_2030y_SOC,cf_std,,Southern Congolian forest-savanna,7.0,"Tropical & Subtropical Grasslands, Savannas & Shrublands",Afrotropic
342,Apple_rf_2030y_SOC,cf_std,,Southern Great Lakes forests,4.0,Temperate Broadleaf & Mixed Forests,Nearctic
382,Apple_rf_2030y_SOC,cf_std,,Southern Hudson Bay taiga,6.0,Boreal Forests/Taiga,Nearctic
133,Apple_rf_2030y_SOC,cf_std,,Southern Indian Ocean Islands tundra,11.0,Tundra,Antarctica
681,Apple_rf_2030y_SOC,cf_std,,Southern Korea evergreen forests,4.0,Temperate Broadleaf & Mixed Forests,Palearctic
617,Apple_rf_2030y_SOC,cf_std,14.404975,Southern Mesoamerican Pacific mangroves,14.0,Mangroves,Neotropic
154,Apple_rf_2030y_SOC,cf_std,,Southern New Guinea freshwater swamp forests,1.0,Tropical & Subtropical Moist Broadleaf Forests,Australasia
155,Apple_rf_2030y_SOC,cf_std,,Southern New Guinea lowland rain forests,1.0,Tropical & Subtropical Moist Broadleaf Forests,Australasia
547,Apple_rf_2030y_SOC,cf_std,10.524482,Southern Pacific dry forests,2.0,Tropical & Subtropical Dry Broadleaf Forests,Neotropic
87,Apple_rf_2030y_SOC,cf_std,,Southern Rift Montane forest-grassland,10.0,Montane Grasslands & Shrublands,Afrotropic
28,Apple_rf_2030y_SOC,cf_std,3.3808475,Southern Swahili coastal forests and woodlands,1.0,Tropical & Subtropical Moist Broadleaf Forests,Afrotropic
300,Apple_rf_2030y_SOC,cf_std,,Southern Vietnam lowland dry forests,2.0,Tropical & Subtropical Dry Broadleaf Forests,Indomalayan
505,Apple_rf_2030y_SOC,cf_std,5.566521,Southwest Amazon moist forests,1.0,Tropical & Subtropical Moist Broadleaf Forests,Neotropic
108,Apple_rf_2030y_SOC,cf_std,,Southwest Arabian Escarpment shrublands and woodlands,13.0,Deserts & Xeric Shrublands,Afrotropic
109,Apple_rf_2030y_SOC,cf_std,,Southwest Arabian highland xeric scrub,13.0,Deserts & Xeric Shrublands,Afrotropic
205,Apple_rf_2030y_SOC,cf_std,7.9304595,Southwest Australia savanna,12.0,"Mediterranean Forests, Woodlands & Scrub",Australasia
206,Apple_rf_2030y_SOC,cf_std,17.147238,Southwest Australia woodlands,12.0,"Mediterranean Forests, Woodlands & Scrub",Australasia
273,Apple_rf_2030y_SOC,cf_std,,Southwest Borneo freshwater swamp forests,1.0,Tropical & Subtropical Moist Broadleaf Forests,Indomalayan
805,Apple_rf_2030y_SOC,cf_std,8.194947,Southwest Iberian Mediterranean sclerophyllous and mixed forests,12.0,"Mediterranean Forests, Woodlands & Scrub",Palearctic
301,Apple_rf_2030y_SOC,cf_std,,Sri Lanka dry-zone dry evergreen forests,2.0,Tropical & Subtropical Dry Broadleaf Forests,Indomalayan
274,Apple_rf_2030y_SOC,cf_std,,Sri Lanka lowland rain forests,1.0,Tropical & Subtropical Moist Broadleaf Forests,Indomalayan
275,Apple_rf_2030y_SOC,cf_std,,Sri Lanka montane rain forests,1.0,Tropical & Subtropical Moist Broadleaf Forests,Indomalayan
609,Apple_rf_2030y_SOC,cf_std,,St. Peter and St. Paul Rocks,13.0,Deserts & Xeric Shrublands,Neotropic
110,Apple_rf_2030y_SOC,cf_std,4.4352326,Succulent Karoo xeric shrublands,13.0,Deserts & Xeric Shrublands,Afrotropic
74,Apple_rf_2030y_SOC,cf_std,,Sudd flooded grasslands,9.0,Flooded Grasslands & Savannas,Afrotropic
746,Apple_rf_2030y_SOC,cf_std,,Suiphun-Khanka meadows and forest meadows,9.0,Flooded Grasslands & Savannas,Palearctic
766,Apple_rf_2030y_SOC,cf_std,9.33941,Sulaiman Range alpine meadows,10.0,Montane Grasslands & Shrublands,Palearctic
157,Apple_rf_2030y_SOC,cf_std,,Sulawesi montane rain forests,1.0,Tropical & Subtropical Moist Broadleaf Forests,Australasia
276,Apple_rf_2030y_SOC,cf_std,,Sulu Archipelago rain forests,1.0,Tropical & Subtropical Moist Broadleaf Forests,Indomalayan
277,Apple_rf_2030y_SOC,cf_std,,Sumatran freshwater swamp forests,1.0,Tropical & Subtropical Moist Broadleaf Forests,Indomalayan
278,Apple_rf_2030y_SOC,cf_std,,Sumatran lowland rain forests,1.0,Tropical & Subtropical Moist Broadleaf Forests,Indomalayan
279,Apple_rf_2030y_SOC,cf_std,,Sumatran montane rain forests,1.0,Tropical & Subtropical Moist Broadleaf Forests,Indomalayan
280,Apple_rf_2030y_SOC,cf_std,,Sumatran peat swamp forests,1.0,Tropical & Subtropical Moist Broadleaf Forests,Indomalayan
305,Apple_rf_2030y_SOC,cf_std,,Sumatran tropical pine forests,3.0,Tropical & Subtropical Coniferous Forests,Indomalayan
165,Apple_rf_2030y_SOC,cf_std,,Sumba deciduous forests,2.0,Tropical & Subtropical Dry Broadleaf Forests,Australasia
322,Apple_rf_2030y_SOC,cf_std,,Sunda Shelf mangroves,14.0,Mangroves,Indomalayan
281,Apple_rf_2030y_SOC,cf_std,,Sundaland heath forests,1.0,Tropical & Subtropical Moist Broadleaf Forests,Indomalayan
282,Apple_rf_2030y_SOC,cf_std,4.857244,Sundarbans freshwater swamp forests,1.0,Tropical & Subtropical Moist Broadleaf Forests,Indomalayan
323,Apple_rf_2030y_SOC,cf_std,11.541952,Sundarbans mangroves,14.0,Mangroves,Indomalayan
739,Apple_rf_2030y_SOC,cf_std,4.5132136,Syrian xeric grasslands and shrublands,8.0,"Temperate Grasslands, Savannas & Shrublands",Palearctic
682,Apple_rf_2030y_SOC,cf_std,15.538434,Taiheiyo evergreen forests,4.0,Temperate Broadleaf & Mixed Forests,Palearctic
683,Apple_rf_2030y_SOC,cf_std,11.196683,Taiheiyo montane deciduous forests,4.0,Temperate Broadleaf & Mixed Forests,Palearctic
781,Apple_rf_2030y_SOC,cf_std,,Taimyr-Central Siberian tundra,11.0,Tundra,Palearctic
283,Apple_rf_2030y_SOC,cf_std,,Taiwan subtropical evergreen forests,1.0,Tropical & Subtropical Moist Broadleaf Forests,Indomalayan
843,Apple_rf_2030y_SOC,cf_std,,Taklimakan desert,13.0,Deserts & Xeric Shrublands,Palearctic
506,Apple_rf_2030y_SOC,cf_std,,Talamancan montane forests,1.0,Tropical & Subtropical Moist Broadleaf Forests,Neotropic
436,Apple_rf_2030y_SOC,cf_std,5.503947,Tamaulipan matorral,13.0,Deserts & Xeric Shrublands,Nearctic
437,Apple_rf_2030y_SOC,cf_std,3.971731,Tamaulipan mezquital,13.0,Deserts & Xeric Shrublands,Nearctic
507,Apple_rf_2030y_SOC,cf_std,3.8374712,Tapajós-Xingu moist forests,1.0,Tropical & Subtropical Moist Broadleaf Forests,Neotropic
684,Apple_rf_2030y_SOC,cf_std,,Tarim Basin deciduous forests and steppe,4.0,Temperate Broadleaf & Mixed Forests,Palearctic
177,Apple_rf_2030y_SOC,cf_std,16.285055,Tasmanian Central Highland forests,4.0,Temperate Broadleaf & Mixed Forests,Australasia
178,Apple_rf_2030y_SOC,cf_std,14.142475,Tasmanian temperate forests,4.0,Temperate Broadleaf & Mixed Forests,Australasia
179,Apple_rf_2030y_SOC,cf_std,5.978205,Tasmanian temperate rain forests,4.0,Temperate Broadleaf & Mixed Forests,Australasia
610,Apple_rf_2030y_SOC,cf_std,4.099492,Tehuacán Valley matorral,13.0,Deserts & Xeric Shrublands,Neotropic
284,Apple_rf_2030y_SOC,cf_std,,Tenasserim-South Thailand semi-evergreen rain forests,1.0,Tropical & Subtropical Moist Broadleaf Forests,Indomalayan
311,Apple_rf_2030y_SOC,cf_std,3.2687175,Terai-Duar savanna and grasslands,7.0,"Tropical & Subtropical Grasslands, Savannas & Shrublands",Indomalayan
401,Apple_rf_2030y_SOC,cf_std,3.6935475,Texas blackland prairies,8.0,"Temperate Grasslands, Savannas & Shrublands",Nearctic
318,Apple_rf_2030y_SOC,cf_std,1.5281034,Thar desert,13.0,Deserts & Xeric Shrublands,Indomalayan
740,Apple_rf_2030y_SOC,cf_std,,Tian Shan foothill arid steppe,8.0,"Temperate Grasslands, Savannas & Shrublands",Palearctic
709,Apple_rf_2030y_SOC,cf_std,,Tian Shan montane conifer forests,5.0,Temperate Conifer Forests,Palearctic
767,Apple_rf_2030y_SOC,cf_std,,Tian Shan montane steppe and meadows,10.0,Montane Grasslands & Shrublands,Palearctic
844,Apple_rf_2030y_SOC,cf_std,,Tibesti-Jebel Uweinat montane xeric woodlands,13.0,Deserts & Xeric Shrublands,Palearctic
768,Apple_rf_2030y_SOC,cf_std,15.28648,Tibetan Plateau alpine shrublands and meadows,10.0,Montane Grasslands & Shrublands,Palearctic
747,Apple_rf_2030y_SOC,cf_std,,Tigris-Euphrates alluvial salt marsh,9.0,Flooded Grasslands & Savannas,Palearctic
166,Apple_rf_2030y_SOC,cf_std,,Timor and Wetar deciduous forests,2.0,Tropical & Subtropical Dry Broadleaf Forests,Australasia
215,Apple_rf_2030y_SOC,cf_std,5.0682683,Tirari-Sturt stony desert,13.0,Deserts & Xeric Shrublands,Australasia
631,Apple_rf_2030y_SOC,cf_std,,Tongan tropical moist forests,1.0,Tropical & Subtropical Moist Broadleaf Forests,Oceania
286,Apple_rf_2030y_SOC,cf_std,,Tonle Sap-Mekong peat swamp forests,1.0,Tropical & Subtropical Moist Broadleaf Forests,Indomalayan
285,Apple_rf_2030y_SOC,cf_std,,Tonle Sap freshwater swamp forests,1.0,Tropical & Subtropical Moist Broadleaf Forests,Indomalayan
421,Apple_rf_2030y_SOC,cf_std,,Torngat Mountain tundra,11.0,Tundra,Nearctic
782,Apple_rf_2030y_SOC,cf_std,,Trans-Baikal Bald Mountain tundra,11.0,Tundra,Palearctic
718,Apple_rf_2030y_SOC,cf_std,,Trans-Baikal conifer forests,6.0,Boreal Forests/Taiga,Palearctic
559,Apple_rf_2030y_SOC,cf_std,7.403526,Trans-Mexican Volcanic Belt pine-oak forests,3.0,Tropical & Subtropical Coniferous Forests,Neotropic
188,Apple_rf_2030y_SOC,cf_std,,Trans Fly savanna and grasslands,7.0,"Tropical & Subtropical Grasslands, Savannas & Shrublands",Australasia
134,Apple_rf_2030y_SOC,cf_std,,Transantarctic Mountains tundra,11.0,Tundra,Antarctica
510,Apple_rf_2030y_SOC,cf_std,,Trinidad and Tobago moist forest,1.0,Tropical & Subtropical Moist Broadleaf Forests,Neotropic
68,Apple_rf_2030y_SOC,cf_std,,Tristan Da Cunha-Gough Islands shrub and grasslands,8.0,"Temperate Grasslands, Savannas & Shrublands",Afrotropic
158,Apple_rf_2030y_SOC,cf_std,,Trobriand Islands rain forests,1.0,Tropical & Subtropical Moist Broadleaf Forests,Australasia
632,Apple_rf_2030y_SOC,cf_std,,Tuamotu tropical moist forests,1.0,Tropical & Subtropical Moist Broadleaf Forests,Oceania
633,Apple_rf_2030y_SOC,cf_std,,Tubuai tropical moist forests,1.0,Tropical & Subtropical Moist Broadleaf Forests,Oceania
549,Apple_rf_2030y_SOC,cf_std,9.038371,Tumbes-Piura dry forests,2.0,Tropical & Subtropical Dry Broadleaf Forests,Neotropic
806,Apple_rf_2030y_SOC,cf_std,13.772639,Tyrrhenian-Adriatic sclerophyllous and mixed forests,12.0,"Mediterranean Forests, Woodlands & Scrub",Palearctic
511,Apple_rf_2030y_SOC,cf_std,3.3984408,Uatumã-Trombetas moist forests,1.0,Tropical & Subtropical Moist Broadleaf Forests,Neotropic
512,Apple_rf_2030y_SOC,cf_std,7.672956,Ucayali moist forests,1.0,Tropical & Subtropical Moist Broadleaf Forests,Neotropic
287,Apple_rf_2030y_SOC,cf_std,3.1137707,Upper Gangetic Plains moist deciduous forests,1.0,Tropical & Subtropical Moist Broadleaf Forests,Indomalayan
343,Apple_rf_2030y_SOC,cf_std,,Upper Midwest US forest-savanna transition,4.0,Temperate Broadleaf & Mixed Forests,Nearctic
719,Apple_rf_2030y_SOC,cf_std,,Urals montane forest and taiga,6.0,Boreal Forests/Taiga,Palearctic
574,Apple_rf_2030y_SOC,cf_std,7.7658057,Uruguayan savanna,7.0,"Tropical & Subtropical Grasslands, Savannas & Shrublands",Neotropic
685,Apple_rf_2030y_SOC,cf_std,,Ussuri broadleaf and mixed forests,4.0,Temperate Broadleaf & Mixed Forests,Palearctic
563,Apple_rf_2030y_SOC,cf_std,14.796698,Valdivian temperate forests,4.0,Temperate Broadleaf & Mixed Forests,Neotropic
159,Apple_rf_2030y_SOC,cf_std,,Vanuatu rain forests,1.0,Tropical & Subtropical Moist Broadleaf Forests,Australasia
513,Apple_rf_2030y_SOC,cf_std,0.0,Venezuelan Andes montane forests,1.0,Tropical & Subtropical Moist Broadleaf Forests,Neotropic
550,Apple_rf_2030y_SOC,cf_std,2.7200034,Veracruz dry forests,2.0,Tropical & Subtropical Dry Broadleaf Forests,Neotropic
514,Apple_rf_2030y_SOC,cf_std,12.170375,Veracruz moist forests,1.0,Tropical & Subtropical Moist Broadleaf Forests,Neotropic
515,Apple_rf_2030y_SOC,cf_std,2.598668,Veracruz montane forests,1.0,Tropical & Subtropical Moist Broadleaf Forests,Neotropic
189,Apple_rf_2030y_SOC,cf_std,2.7635217,Victoria Plains tropical savanna,7.0,"Tropical & Subtropical Grasslands, Savannas & Shrublands",Australasia
161,Apple_rf_2030y_SOC,cf_std,,Vogelkop-Aru lowland rain forests,1.0,Tropical & Subtropical Moist Broadleaf Forests,Australasia
160,Apple_rf_2030y_SOC,cf_std,,Vogelkop montane rain forests,1.0,Tropical & Subtropical Moist Broadleaf Forests,Australasia
368,Apple_rf_2030y_SOC,cf_std,11.932199,Wasatch and Uinta montane forests,5.0,Temperate Conifer Forests,Nearctic
383,Apple_rf_2030y_SOC,cf_std,,Watson Highlands taiga,6.0,Boreal Forests/Taiga,Nearctic
845,Apple_rf_2030y_SOC,cf_std,,West Sahara desert,13.0,Deserts & Xeric Shrublands,Palearctic
846,Apple_rf_2030y_SOC,cf_std,,West Saharan montane xeric woodlands,13.0,Deserts & Xeric Shrublands,Palearctic
720,Apple_rf_2030y_SOC,cf_std,,West Siberian taiga,6.0,Boreal Forests/Taiga,Palearctic
62,Apple_rf_2030y_SOC,cf_std,,West Sudanian savanna,7.0,"Tropical & Subtropical Grasslands, Savannas & Shrublands",Afrotropic
216,Apple_rf_2030y_SOC,cf_std,5.6939187,Western Australian Mulga shrublands,13.0,Deserts & Xeric Shrublands,Australasia
29,Apple_rf_2030y_SOC,cf_std,,Western Congolian swamp forests,1.0,Tropical & Subtropical Moist Broadleaf Forests,Afrotropic
516,Apple_rf_2030y_SOC,cf_std,5.08434,Western Ecuador moist forests,1.0,Tropical & Subtropical Moist Broadleaf Forests,Neotropic
686,Apple_rf_2030y_SOC,cf_std,10.952453,Western European broadleaf forests,4.0,Temperate Broadleaf & Mixed Forests,Palearctic
344,Apple_rf_2030y_SOC,cf_std,,Western Great Lakes forests,4.0,Temperate Broadleaf & Mixed Forests,Nearctic
30,Apple_rf_2030y_SOC,cf_std,,Western Guinean lowland forests,1.0,Tropical & Subtropical Moist Broadleaf Forests,Afrotropic
384,Apple_rf_2030y_SOC,cf_std,21.80507,Western Gulf coastal grasslands,7.0,"Tropical & Subtropical Grasslands, Savannas & Shrublands",Nearctic
769,Apple_rf_2030y_SOC,cf_std,6.3448215,Western Himalayan alpine shrub and meadows,10.0,Montane Grasslands & Shrublands,Palearctic
308,Apple_rf_2030y_SOC,cf_std,8.775873,Western Himalayan broadleaf forests,4.0,Temperate Broadleaf & Mixed Forests,Indomalayan
310,Apple_rf_2030y_SOC,cf_std,9.348721,Western Himalayan subalpine conifer forests,5.0,Temperate Conifer Forests,Indomalayan
288,Apple_rf_2030y_SOC,cf_std,,Western Java montane rain forests,1.0,Tropical & Subtropical Moist Broadleaf Forests,Indomalayan
289,Apple_rf_2030y_SOC,cf_std,,Western Java rain forests,1.0,Tropical & Subtropical Moist Broadleaf Forests,Indomalayan
634,Apple_rf_2030y_SOC,cf_std,,Western Polynesian tropical moist forests,1.0,Tropical & Subtropical Moist Broadleaf Forests,Oceania
402,Apple_rf_2030y_SOC,cf_std,5.4753313,Western shortgrass prairie,8.0,"Temperate Grasslands, Savannas & Shrublands",Nearctic
687,Apple_rf_2030y_SOC,cf_std,,Western Siberian hemiboreal forests,4.0,Temperate Broadleaf & Mixed Forests,Palearctic
180,Apple_rf_2030y_SOC,cf_std,0.0,Westland temperate forests,4.0,Temperate Broadleaf & Mixed Forests,Australasia
403,Apple_rf_2030y_SOC,cf_std,,Willamette Valley oak savanna,8.0,"Temperate Grasslands, Savannas & Shrublands",Nearctic
517,Apple_rf_2030y_SOC,cf_std,,Windward Islands moist forests,1.0,Tropical & Subtropical Moist Broadleaf Forests,Neotropic
783,Apple_rf_2030y_SOC,cf_std,,Wrangel Island Arctic desert,11.0,Tundra,Palearctic
438,Apple_rf_2030y_SOC,cf_std,9.396484,Wyoming Basin shrub steppe,13.0,Deserts & Xeric Shrublands,Nearctic
518,Apple_rf_2030y_SOC,cf_std,4.1152515,Xingu-Tocantins-Araguaia moist forests,1.0,Tropical & Subtropical Moist Broadleaf Forests,Neotropic
784,Apple_rf_2030y_SOC,cf_std,,Yamal-Gydan tundra,11.0,Tundra,Palearctic
638,Apple_rf_2030y_SOC,cf_std,,Yap tropical dry forests,2.0,Tropical & Subtropical Dry Broadleaf Forests,Oceania
162,Apple_rf_2030y_SOC,cf_std,,Yapen rain forests,1.0,Tropical & Subtropical Moist Broadleaf Forests,Australasia
770,Apple_rf_2030y_SOC,cf_std,6.8318224,Yarlung Zanbo arid steppe,10.0,Montane Grasslands & Shrublands,Palearctic
748,Apple_rf_2030y_SOC,cf_std,,Yellow Sea saline meadow,9.0,Flooded Grasslands & Savannas,Palearctic
551,Apple_rf_2030y_SOC,cf_std,15.582144,Yucatán dry forests,2.0,Tropical & Subtropical Dry Broadleaf Forests,Neotropic
519,Apple_rf_2030y_SOC,cf_std,10.32552,Yucatán moist forests,1.0,Tropical & Subtropical Moist Broadleaf Forests,Neotropic
643,Apple_rf_2030y_SOC,cf_std,5.9520965,Yunnan Plateau subtropical evergreen forests,1.0,Tropical & Subtropical Moist Broadleaf Forests,Palearctic
688,Apple_rf_2030y_SOC,cf_std,,Zagros Mountains forest steppe,4.0,Temperate Broadleaf & Mixed Forests,Palearctic
66,Apple_rf_2030y_SOC,cf_std,2.9792888,Zambezian-Limpopo mixed woodlands,7.0,"Tropical & Subtropical Grasslands, Savannas & Shrublands",Afrotropic
64,Apple_rf_2030y_SOC,cf_std,2.938829,Zambezian Baikiaea woodlands,7.0,"Tropical & Subtropical Grasslands, Savannas & Shrublands",Afrotropic
75,Apple_rf_2030y_SOC,cf_std,,Zambezian coastal flooded savanna,9.0,Flooded Grasslands & Savannas,Afrotropic
42,Apple_rf_2030y_SOC,cf_std,2.3964682,Dry miombo woodlands,7.0,"Tropical & Subtropical Grasslands, Savannas & Shrublands",Afrotropic
33,Apple_rf_2030y_SOC,cf_std,,Zambezian evergreen dry forests,2.0,Tropical & Subtropical Dry Broadleaf Forests,Afrotropic
76,Apple_rf_2030y_SOC,cf_std,,Zambezian flooded grasslands,9.0,Flooded Grasslands & Savannas,Afrotropic
65,Apple_rf_2030y_SOC,cf_std,3.0802982,Zambezian mopane woodlands,7.0,"Tropical & Subtropical Grasslands, Savannas & Shrublands",Afrotropic
524,Apple_rf_2030y_SOC,cf_std,2.9383812,Brazilian Atlantic dry forests,2.0,Tropical & Subtropical Dry Broadleaf Forests,Neotropic
380,Apple_rf_2030y_SOC,cf_std,,Northern Cordillera forests,6.0,Boreal Forests/Taiga,Nearctic
60,Apple_rf_2030y_SOC,cf_std,,St. Helena scrub and woodlands,7.0,"Tropical & Subtropical Grasslands, Savannas & Shrublands",Afrotropic
61,Apple_rf_2030y_SOC,cf_std,4.421992,Victoria Basin forest-savanna,7.0,"Tropical & Subtropical Grasslands, Savannas & Shrublands",Afrotropic
63,Apple_rf_2030y_SOC,cf_std,,Western Congolian forest-savanna,7.0,"Tropical & Subtropical Grasslands, Savannas & Shrublands",Afrotropic
78,Apple_rf_2030y_SOC,cf_std,5.7400875,East African montane moorlands,10.0,Montane Grasslands & Shrublands,Afrotropic
365,Apple_rf_2030y_SOC,cf_std,,Queen Charlotte Islands conifer forests,5.0,Temperate Conifer Forests,Nearctic
360,Apple_rf_2030y_SOC,cf_std,,Northern Pacific Alaskan coastal forests,5.0,Temperate Conifer Forests,Nearctic
381,Apple_rf_2030y_SOC,cf_std,,Northwest Territories taiga,6.0,Boreal Forests/Taiga,Nearctic
107,Apple_rf_2030y_SOC,cf_std,,Southwest Arabian coastal xeric shrublands,13.0,Deserts & Xeric Shrublands,Afrotropic
811,Apple_rf_2030y_SOC,cf_std,,Arabian-Persian Gulf coastal plain desert,13.0,Deserts & Xeric Shrublands,Palearctic
840,Apple_rf_2030y_SOC,cf_std,,South Arabian plains and plateau desert,13.0,Deserts & Xeric Shrublands,Palearctic
809,Apple_rf_2030y_SOC,cf_std,1.9586288,Arabian desert,13.0,Deserts & Xeric Shrublands,Palearctic
552,Apple_rf_2030y_SOC,cf_std,,Bahamian pineyards,3.0,Tropical & Subtropical Coniferous Forests,Neotropic
96,Apple_rf_2030y_SOC,cf_std,,Ile Europa and Bassas da India xeric scrub,13.0,Deserts & Xeric Shrublands,Afrotropic
773,Apple_rf_2030y_SOC,cf_std,,Kamchatka tundra,11.0,Tundra,Palearctic
508,Apple_rf_2030y_SOC,cf_std,3.7533157,Tocantins/Pindare moist forests,1.0,Tropical & Subtropical Moist Broadleaf Forests,Neotropic
417,Apple_rf_2030y_SOC,cf_std,,Kalaallit Nunaat Arctic steppe,11.0,Tundra,Nearctic
358,Apple_rf_2030y_SOC,cf_std,,North Cascades conifer forests,5.0,Temperate Conifer Forests,Nearctic
361,Apple_rf_2030y_SOC,cf_std,,Northern Rockies conifer forests,5.0,Temperate Conifer Forests,Nearctic
509,Apple_rf_2030y_SOC,cf_std,,Trindade-Martin Vaz Islands tropical forests,1.0,Tropical & Subtropical Moist Broadleaf Forests,Neotropic
59,Apple_rf_2030y_SOC,cf_std,,Southwest Arabian montane woodlands and grasslands,7.0,"Tropical & Subtropical Grasslands, Savannas & Shrublands",Afrotropic
56,Apple_rf_2030y_SOC,cf_std,,"South Arabian fog woodlands, shrublands, and dune",7.0,"Tropical & Subtropical Grasslands, Savannas & Shrublands",Afrotropic
548,Apple_rf_2030y_SOC,cf_std,,Trinidad and Tobago dry forest,2.0,Tropical & Subtropical Dry Broadleaf Forests,Neotropic
537,Apple_rf_2030y_SOC,cf_std,,Lesser Antillean dry forests,2.0,Tropical & Subtropical Dry Broadleaf Forests,Neotropic
672,Apple_rf_2030y_SOC,cf_std,,North Atlantic moist mixed forests,4.0,Temperate Broadleaf & Mixed Forests,Palearctic
119,Apple_rf_2030y_SOC,cf_std,,Dronning Maud Land tundra,11.0,Tundra,Antarctica
124,Apple_rf_2030y_SOC,cf_std,,Marie Byrd Land tundra,11.0,Tundra,Antarctica
156,Apple_rf_2030y_SOC,cf_std,,Sulawesi lowland rain forests,1.0,Tropical & Subtropical Moist Broadleaf Forests,Australasia
8,Apple_rf_2030y_SOC,cf_std,10.79183,East African montane forests,1.0,Tropical & Subtropical Moist Broadleaf Forests,Afrotropic
9,Apple_rf_2030y_SOC,cf_std,0.5962352,Eastern Arc forests,1.0,Tropical & Subtropical Moist Broadleaf Forests,Afrotropic
220,Apple_rf_2030y_SOC,cf_std,,Borneo montane rain forests,1.0,Tropical & Subtropical Moist Broadleaf Forests,Indomalayan
313,Apple_rf_2030y_SOC,cf_std,,Kinabalu montane alpine meadows,10.0,Montane Grasslands & Shrublands,Indomalayan
117,Banana_irr_2030y_SOC,cf_mean,,Adelie Land tundra,11.0,Tundra,Antarctica
135,Banana_irr_2030y_SOC,cf_mean,76.087776,Admiralty Islands lowland rain forests,1.0,Tropical & Subtropical Moist Broadleaf Forests,Australasia
785,Banana_irr_2030y_SOC,cf_mean,72.6143,Aegean and Western Turkey sclerophyllous and mixed forests,12.0,"Mediterranean Forests, Woodlands & Scrub",Palearctic
807,Banana_irr_2030y_SOC,cf_mean,,Afghan Mountains semi-desert,13.0,Deserts & Xeric Shrublands,Palearctic
404,Banana_irr_2030y_SOC,cf_mean,,Ahklun and Kilbuck Upland Tundra,11.0,Tundra,Nearctic
722,Banana_irr_2030y_SOC,cf_mean,14.398698,Al-Hajar foothill xeric woodlands and shrublands,8.0,"Temperate Grasslands, Savannas & Shrublands",Palearctic
723,Banana_irr_2030y_SOC,cf_mean,14.835203,Al-Hajar montane woodlands and shrublands,8.0,"Temperate Grasslands, Savannas & Shrublands",Palearctic
721,Banana_irr_2030y_SOC,cf_mean,,Alai-Western Tian Shan steppe,8.0,"Temperate Grasslands, Savannas & Shrublands",Palearctic
808,Banana_irr_2030y_SOC,cf_mean,,Alashan Plateau semi-desert,13.0,Deserts & Xeric Shrublands,Palearctic
405,Banana_irr_2030y_SOC,cf_mean,,Alaska-St. Elias Range tundra,11.0,Tundra,Nearctic
369,Banana_irr_2030y_SOC,cf_mean,,Alaska Peninsula montane taiga,6.0,Boreal Forests/Taiga,Nearctic
88,Banana_irr_2030y_SOC,cf_mean,44.698654,Albany thickets,12.0,"Mediterranean Forests, Woodlands & Scrub",Afrotropic
345,Banana_irr_2030y_SOC,cf_mean,,Alberta-British Columbia foothills forests,5.0,Temperate Conifer Forests,Nearctic
1,Banana_irr_2030y_SOC,cf_mean,43.362625,Albertine Rift montane forests,1.0,Tropical & Subtropical Moist Broadleaf Forests,Afrotropic
91,Banana_irr_2030y_SOC,cf_mean,,Aldabra Island xeric scrub,13.0,Deserts & Xeric Shrublands,Afrotropic
406,Banana_irr_2030y_SOC,cf_mean,,Aleutian Islands tundra,11.0,Tundra,Nearctic
328,Banana_irr_2030y_SOC,cf_mean,,Allegheny Highlands forests,4.0,Temperate Broadleaf & Mixed Forests,Nearctic
689,Banana_irr_2030y_SOC,cf_mean,,Alps conifer and mixed forests,5.0,Temperate Conifer Forests,Palearctic
749,Banana_irr_2030y_SOC,cf_mean,,Altai alpine meadow and tundra,10.0,Montane Grasslands & Shrublands,Palearctic
690,Banana_irr_2030y_SOC,cf_mean,,Altai montane forest and forest steppe,5.0,Temperate Conifer Forests,Palearctic
724,Banana_irr_2030y_SOC,cf_mean,,Altai steppe and semi-desert,8.0,"Temperate Grasslands, Savannas & Shrublands",Palearctic
439,Banana_irr_2030y_SOC,cf_mean,31.21769,Alto Paraná Atlantic forests,1.0,Tropical & Subtropical Moist Broadleaf Forests,Neotropic
611,Banana_irr_2030y_SOC,cf_mean,38.585426,Amazon-Orinoco-Southern Caribbean mangroves,14.0,Mangroves,Neotropic
67,Banana_irr_2030y_SOC,cf_mean,,Amsterdam-Saint Paul Islands temperate grasslands,8.0,"Temperate Grasslands, Savannas & Shrublands",Afrotropic
741,Banana_irr_2030y_SOC,cf_mean,,Amur meadow steppe,9.0,Flooded Grasslands & Savannas,Palearctic
786,Banana_irr_2030y_SOC,cf_mean,,Anatolian conifer and deciduous mixed forests,12.0,"Mediterranean Forests, Woodlands & Scrub",Palearctic
218,Banana_irr_2030y_SOC,cf_mean,96.63905,Andaman Islands rain forests,1.0,Tropical & Subtropical Moist Broadleaf Forests,Indomalayan
77,Banana_irr_2030y_SOC,cf_mean,25.558859,Angolan montane forest-grassland,10.0,Montane Grasslands & Shrublands,Afrotropic
34,Banana_irr_2030y_SOC,cf_mean,18.328703,Angolan mopane woodlands,7.0,"Tropical & Subtropical Grasslands, Savannas & Shrublands",Afrotropic
35,Banana_irr_2030y_SOC,cf_mean,29.215965,Angolan scarp savanna and woodlands,7.0,"Tropical & Subtropical Grasslands, Savannas & Shrublands",Afrotropic
36,Banana_irr_2030y_SOC,cf_mean,21.626574,Angolan wet miombo woodlands,7.0,"Tropical & Subtropical Grasslands, Savannas & Shrublands",Afrotropic
196,Banana_irr_2030y_SOC,cf_mean,,Antipodes Subantarctic Islands tundra,11.0,Tundra,Australasia
331,Banana_irr_2030y_SOC,cf_mean,,Appalachian-Blue Ridge forests,4.0,Temperate Broadleaf & Mixed Forests,Nearctic
329,Banana_irr_2030y_SOC,cf_mean,,Appalachian mixed mesophytic forests,4.0,Temperate Broadleaf & Mixed Forests,Nearctic
330,Banana_irr_2030y_SOC,cf_mean,,Appalachian Piedmont forests,4.0,Temperate Broadleaf & Mixed Forests,Nearctic
644,Banana_irr_2030y_SOC,cf_mean,,Appenine deciduous montane forests,4.0,Temperate Broadleaf & Mixed Forests,Palearctic
520,Banana_irr_2030y_SOC,cf_mean,32.99035,Apure-Villavicencio dry forests,2.0,Tropical & Subtropical Dry Broadleaf Forests,Neotropic
810,Banana_irr_2030y_SOC,cf_mean,16.46261,Arabian sand desert,13.0,Deserts & Xeric Shrublands,Palearctic
440,Banana_irr_2030y_SOC,cf_mean,53.567104,Araucaria moist forests,1.0,Tropical & Subtropical Moist Broadleaf Forests,Neotropic
597,Banana_irr_2030y_SOC,cf_mean,,Araya and Paria xeric scrub,13.0,Deserts & Xeric Shrublands,Neotropic
407,Banana_irr_2030y_SOC,cf_mean,,Arctic coastal tundra,11.0,Tundra,Nearctic
778,Banana_irr_2030y_SOC,cf_mean,,Russian Arctic desert,11.0,Tundra,Palearctic
408,Banana_irr_2030y_SOC,cf_mean,,Arctic foothills tundra,11.0,Tundra,Nearctic
346,Banana_irr_2030y_SOC,cf_mean,16.698456,Arizona Mountains forests,5.0,Temperate Conifer Forests,Nearctic
181,Banana_irr_2030y_SOC,cf_mean,35.065273,Arnhem Land tropical savanna,7.0,"Tropical & Subtropical Grasslands, Savannas & Shrublands",Australasia
37,Banana_irr_2030y_SOC,cf_mean,,Ascension scrub and grasslands,7.0,"Tropical & Subtropical Grasslands, Savannas & Shrublands",Afrotropic
598,Banana_irr_2030y_SOC,cf_mean,,Atacama desert,13.0,Deserts & Xeric Shrublands,Neotropic
441,Banana_irr_2030y_SOC,cf_mean,54.789722,Atlantic Coast restingas,1.0,Tropical & Subtropical Moist Broadleaf Forests,Neotropic
839,Banana_irr_2030y_SOC,cf_mean,,Saharan Atlantic coastal desert,13.0,Deserts & Xeric Shrublands,Palearctic
347,Banana_irr_2030y_SOC,cf_mean,,Atlantic coastal pine barrens,5.0,Temperate Conifer Forests,Nearctic
5,Banana_irr_2030y_SOC,cf_mean,31.62011,Congolian coastal forests,1.0,Tropical & Subtropical Moist Broadleaf Forests,Afrotropic
664,Banana_irr_2030y_SOC,cf_mean,,European Atlantic mixed forests,4.0,Temperate Broadleaf & Mixed Forests,Palearctic
193,Banana_irr_2030y_SOC,cf_mean,,Australian Alps montane grasslands,10.0,Montane Grasslands & Shrublands,Australasia
812,Banana_irr_2030y_SOC,cf_mean,,Azerbaijan shrub desert and steppe,13.0,Deserts & Xeric Shrublands,Palearctic
645,Banana_irr_2030y_SOC,cf_mean,,Azores temperate mixed forests,4.0,Temperate Broadleaf & Mixed Forests,Palearctic
813,Banana_irr_2030y_SOC,cf_mean,,Badghyz and Karabil semi-desert,13.0,Deserts & Xeric Shrublands,Palearctic
612,Banana_irr_2030y_SOC,cf_mean,68.99661,Bahamian-Antillean mangroves,14.0,Mangroves,Neotropic
442,Banana_irr_2030y_SOC,cf_mean,32.946903,Bahia coastal forests,1.0,Tropical & Subtropical Moist Broadleaf Forests,Neotropic
443,Banana_irr_2030y_SOC,cf_mean,31.526531,Bahia interior forests,1.0,Tropical & Subtropical Moist Broadleaf Forests,Neotropic
426,Banana_irr_2030y_SOC,cf_mean,23.19461,Baja California desert,13.0,Deserts & Xeric Shrublands,Nearctic
521,Banana_irr_2030y_SOC,cf_mean,34.615807,Bajío dry forests,2.0,Tropical & Subtropical Dry Broadleaf Forests,Neotropic
646,Banana_irr_2030y_SOC,cf_mean,,Balkan mixed forests,4.0,Temperate Broadleaf & Mixed Forests,Palearctic
522,Banana_irr_2030y_SOC,cf_mean,31.024693,Balsas dry forests,2.0,Tropical & Subtropical Dry Broadleaf Forests,Neotropic
647,Banana_irr_2030y_SOC,cf_mean,,Baltic mixed forests,4.0,Temperate Broadleaf & Mixed Forests,Palearctic
814,Banana_irr_2030y_SOC,cf_mean,10.988037,Baluchistan xeric woodlands,13.0,Deserts & Xeric Shrublands,Palearctic
136,Banana_irr_2030y_SOC,cf_mean,113.20512,Banda Sea Islands moist deciduous forests,1.0,Tropical & Subtropical Moist Broadleaf Forests,Australasia
564,Banana_irr_2030y_SOC,cf_mean,40.92824,Belizian pine savannas,7.0,"Tropical & Subtropical Grasslands, Savannas & Shrublands",Neotropic
565,Banana_irr_2030y_SOC,cf_mean,,Beni savanna,7.0,"Tropical & Subtropical Grasslands, Savannas & Shrublands",Neotropic
779,Banana_irr_2030y_SOC,cf_mean,,Russian Bering tundra,11.0,Tundra,Palearctic
409,Banana_irr_2030y_SOC,cf_mean,,Beringia lowland tundra,11.0,Tundra,Nearctic
410,Banana_irr_2030y_SOC,cf_mean,,Beringia upland tundra,11.0,Tundra,Nearctic
325,Banana_irr_2030y_SOC,cf_mean,,Bermuda subtropical conifer forests,3.0,Tropical & Subtropical Coniferous Forests,Nearctic
137,Banana_irr_2030y_SOC,cf_mean,133.12581,Biak-Numfoor rain forests,1.0,Tropical & Subtropical Moist Broadleaf Forests,Australasia
348,Banana_irr_2030y_SOC,cf_mean,,Blue Mountains forests,5.0,Temperate Conifer Forests,Nearctic
742,Banana_irr_2030y_SOC,cf_mean,,Bohai Sea saline meadow,9.0,Flooded Grasslands & Savannas,Palearctic
523,Banana_irr_2030y_SOC,cf_mean,,Bolivian montane dry forests,2.0,Tropical & Subtropical Dry Broadleaf Forests,Neotropic
444,Banana_irr_2030y_SOC,cf_mean,57.923405,Bolivian Yungas,1.0,Tropical & Subtropical Moist Broadleaf Forests,Neotropic
219,Banana_irr_2030y_SOC,cf_mean,44.488647,Borneo lowland rain forests,1.0,Tropical & Subtropical Moist Broadleaf Forests,Indomalayan
221,Banana_irr_2030y_SOC,cf_mean,46.44755,Borneo peat swamp forests,1.0,Tropical & Subtropical Moist Broadleaf Forests,Indomalayan
222,Banana_irr_2030y_SOC,cf_mean,36.784344,Brahmaputra Valley semi-evergreen forests,1.0,Tropical & Subtropical Moist Broadleaf Forests,Indomalayan
182,Banana_irr_2030y_SOC,cf_mean,21.830381,Brigalow tropical savanna,7.0,"Tropical & Subtropical Grasslands, Savannas & Shrublands",Australasia
349,Banana_irr_2030y_SOC,cf_mean,,British Columbia coastal conifer forests,5.0,Temperate Conifer Forests,Nearctic
411,Banana_irr_2030y_SOC,cf_mean,,Brooks-British Range tundra,11.0,Tundra,Nearctic
138,Banana_irr_2030y_SOC,cf_mean,58.844307,Buru rain forests,1.0,Tropical & Subtropical Moist Broadleaf Forests,Australasia
525,Banana_irr_2030y_SOC,cf_mean,18.735235,Caatinga,2.0,Tropical & Subtropical Dry Broadleaf Forests,Neotropic
445,Banana_irr_2030y_SOC,cf_mean,21.473063,Caatinga Enclaves moist forests,1.0,Tropical & Subtropical Moist Broadleaf Forests,Neotropic
691,Banana_irr_2030y_SOC,cf_mean,,Caledon conifer forests,5.0,Temperate Conifer Forests,Palearctic
385,Banana_irr_2030y_SOC,cf_mean,20.940002,California Central Valley grasslands,8.0,"Temperate Grasslands, Savannas & Shrublands",Nearctic
422,Banana_irr_2030y_SOC,cf_mean,29.086525,California coastal sage and chaparral,12.0,"Mediterranean Forests, Woodlands & Scrub",Nearctic
423,Banana_irr_2030y_SOC,cf_mean,39.85745,California interior chaparral and woodlands,12.0,"Mediterranean Forests, Woodlands & Scrub",Nearctic
424,Banana_irr_2030y_SOC,cf_mean,24.664782,California montane chaparral and woodlands,12.0,"Mediterranean Forests, Woodlands & Scrub",Nearctic
2,Banana_irr_2030y_SOC,cf_mean,42.70477,Cameroon Highlands forests,1.0,Tropical & Subtropical Moist Broadleaf Forests,Afrotropic
566,Banana_irr_2030y_SOC,cf_mean,34.82415,Campos Rupestres montane savanna,7.0,"Tropical & Subtropical Grasslands, Savannas & Shrublands",Neotropic
386,Banana_irr_2030y_SOC,cf_mean,,Canadian Aspen forests and parklands,8.0,"Temperate Grasslands, Savannas & Shrublands",Nearctic
413,Banana_irr_2030y_SOC,cf_mean,,Canadian Low Arctic tundra,11.0,Tundra,Nearctic
787,Banana_irr_2030y_SOC,cf_mean,89.74178,Canary Islands dry woodlands and forests,12.0,"Mediterranean Forests, Woodlands & Scrub",Palearctic
648,Banana_irr_2030y_SOC,cf_mean,,Cantabrian mixed forests,4.0,Temperate Broadleaf & Mixed Forests,Palearctic
190,Banana_irr_2030y_SOC,cf_mean,,Canterbury-Otago tussock grasslands,8.0,"Temperate Grasslands, Savannas & Shrublands",Australasia
31,Banana_irr_2030y_SOC,cf_mean,,Cape Verde Islands dry forests,2.0,Tropical & Subtropical Dry Broadleaf Forests,Afrotropic
183,Banana_irr_2030y_SOC,cf_mean,25.080519,Cape York Peninsula tropical savanna,7.0,"Tropical & Subtropical Grasslands, Savannas & Shrublands",Australasia
446,Banana_irr_2030y_SOC,cf_mean,29.5084,Caqueta moist forests,1.0,Tropical & Subtropical Moist Broadleaf Forests,Neotropic
223,Banana_irr_2030y_SOC,cf_mean,32.67628,Cardamom Mountains rain forests,1.0,Tropical & Subtropical Moist Broadleaf Forests,Indomalayan
599,Banana_irr_2030y_SOC,cf_mean,67.347664,Caribbean shrublands,13.0,Deserts & Xeric Shrublands,Neotropic
207,Banana_irr_2030y_SOC,cf_mean,26.16111,Carnarvon xeric shrublands,13.0,Deserts & Xeric Shrublands,Australasia
618,Banana_irr_2030y_SOC,cf_mean,93.74953,Carolines tropical moist forests,1.0,Tropical & Subtropical Moist Broadleaf Forests,Oceania
692,Banana_irr_2030y_SOC,cf_mean,,Carpathian montane forests,5.0,Temperate Conifer Forests,Palearctic
184,Banana_irr_2030y_SOC,cf_mean,23.165123,Carpentaria tropical savanna,7.0,"Tropical & Subtropical Grasslands, Savannas & Shrublands",Australasia
649,Banana_irr_2030y_SOC,cf_mean,,Caspian Hyrcanian mixed forests,4.0,Temperate Broadleaf & Mixed Forests,Palearctic
815,Banana_irr_2030y_SOC,cf_mean,,Caspian lowland desert,13.0,Deserts & Xeric Shrublands,Palearctic
447,Banana_irr_2030y_SOC,cf_mean,36.27764,Catatumbo moist forests,1.0,Tropical & Subtropical Moist Broadleaf Forests,Neotropic
526,Banana_irr_2030y_SOC,cf_mean,51.518982,Cauca Valley dry forests,2.0,Tropical & Subtropical Dry Broadleaf Forests,Neotropic
448,Banana_irr_2030y_SOC,cf_mean,57.479687,Cauca Valley montane forests,1.0,Tropical & Subtropical Moist Broadleaf Forests,Neotropic
650,Banana_irr_2030y_SOC,cf_mean,,Caucasus mixed forests,4.0,Temperate Broadleaf & Mixed Forests,Palearctic
449,Banana_irr_2030y_SOC,cf_mean,,Cayos Miskitos-San Andrés and Providencia moist forests,1.0,Tropical & Subtropical Moist Broadleaf Forests,Neotropic
651,Banana_irr_2030y_SOC,cf_mean,,Celtic broadleaf forests,4.0,Temperate Broadleaf & Mixed Forests,Palearctic
816,Banana_irr_2030y_SOC,cf_mean,,Central Afghan Mountains xeric woodlands,13.0,Deserts & Xeric Shrublands,Palearctic
111,Banana_irr_2030y_SOC,cf_mean,42.337906,Central African mangroves,14.0,Mangroves,Afrotropic
450,Banana_irr_2030y_SOC,cf_mean,43.42603,Central American Atlantic moist forests,1.0,Tropical & Subtropical Moist Broadleaf Forests,Neotropic
527,Banana_irr_2030y_SOC,cf_mean,43.43988,Central American dry forests,2.0,Tropical & Subtropical Dry Broadleaf Forests,Neotropic
451,Banana_irr_2030y_SOC,cf_mean,48.56464,Central American montane forests,1.0,Tropical & Subtropical Moist Broadleaf Forests,Neotropic
553,Banana_irr_2030y_SOC,cf_mean,44.129044,Central American pine-oak forests,3.0,Tropical & Subtropical Coniferous Forests,Neotropic
725,Banana_irr_2030y_SOC,cf_mean,,Central Anatolian steppe,8.0,"Temperate Grasslands, Savannas & Shrublands",Palearctic
652,Banana_irr_2030y_SOC,cf_mean,,Central Anatolian steppe and woodlands,4.0,Temperate Broadleaf & Mixed Forests,Palearctic
352,Banana_irr_2030y_SOC,cf_mean,,Central-Southern Cascades Forests,5.0,Temperate Conifer Forests,Nearctic
389,Banana_irr_2030y_SOC,cf_mean,,Central-Southern US mixed grasslands,8.0,"Temperate Grasslands, Savannas & Shrublands",Nearctic
587,Banana_irr_2030y_SOC,cf_mean,,Central Andean dry puna,10.0,Montane Grasslands & Shrublands,Neotropic
588,Banana_irr_2030y_SOC,cf_mean,,Central Andean puna,10.0,Montane Grasslands & Shrublands,Neotropic
589,Banana_irr_2030y_SOC,cf_mean,,Central Andean wet puna,10.0,Montane Grasslands & Shrublands,Neotropic
817,Banana_irr_2030y_SOC,cf_mean,,Central Asian northern desert,13.0,Deserts & Xeric Shrublands,Palearctic
818,Banana_irr_2030y_SOC,cf_mean,,Central Asian riparian woodlands,13.0,Deserts & Xeric Shrublands,Palearctic
819,Banana_irr_2030y_SOC,cf_mean,,Central Asian southern desert,13.0,Deserts & Xeric Shrublands,Palearctic
350,Banana_irr_2030y_SOC,cf_mean,,Central British Columbia Mountain forests,5.0,Temperate Conifer Forests,Nearctic
38,Banana_irr_2030y_SOC,cf_mean,33.29006,Central bushveld,7.0,"Tropical & Subtropical Grasslands, Savannas & Shrublands",Afrotropic
370,Banana_irr_2030y_SOC,cf_mean,,Central Canadian Shield forests,6.0,Boreal Forests/Taiga,Nearctic
653,Banana_irr_2030y_SOC,cf_mean,,Central China Loess Plateau mixed forests,4.0,Temperate Broadleaf & Mixed Forests,Palearctic
3,Banana_irr_2030y_SOC,cf_mean,24.075226,Central Congolian lowland forests,1.0,Tropical & Subtropical Moist Broadleaf Forests,Afrotropic
290,Banana_irr_2030y_SOC,cf_mean,26.347712,Central Deccan Plateau dry deciduous forests,2.0,Tropical & Subtropical Dry Broadleaf Forests,Indomalayan
654,Banana_irr_2030y_SOC,cf_mean,,Central European mixed forests,4.0,Temperate Broadleaf & Mixed Forests,Palearctic
387,Banana_irr_2030y_SOC,cf_mean,,Central US forest-grasslands transition,8.0,"Temperate Grasslands, Savannas & Shrublands",Nearctic
291,Banana_irr_2030y_SOC,cf_mean,26.47897,Central Indochina dry forests,2.0,Tropical & Subtropical Dry Broadleaf Forests,Indomalayan
655,Banana_irr_2030y_SOC,cf_mean,,Central Korean deciduous forests,4.0,Temperate Broadleaf & Mixed Forests,Palearctic
427,Banana_irr_2030y_SOC,cf_mean,30.320406,Central Mexican matorral,13.0,Deserts & Xeric Shrublands,Nearctic
351,Banana_irr_2030y_SOC,cf_mean,,Central Pacific Northwest coastal forests,5.0,Temperate Conifer Forests,Nearctic
820,Banana_irr_2030y_SOC,cf_mean,,Central Persian desert basins,13.0,Deserts & Xeric Shrublands,Palearctic
619,Banana_irr_2030y_SOC,cf_mean,,Central Polynesian tropical moist forests,1.0,Tropical & Subtropical Moist Broadleaf Forests,Oceania
139,Banana_irr_2030y_SOC,cf_mean,63.75448,Central Range Papuan montane rain forests,1.0,Tropical & Subtropical Moist Broadleaf Forests,Australasia
195,Banana_irr_2030y_SOC,cf_mean,70.98772,Papuan Central Range sub-alpine grasslands,10.0,Montane Grasslands & Shrublands,Australasia
208,Banana_irr_2030y_SOC,cf_mean,15.973671,Central Ranges xeric scrub,13.0,Deserts & Xeric Shrublands,Australasia
118,Banana_irr_2030y_SOC,cf_mean,,Central South Antarctic Peninsula tundra,11.0,Tundra,Antarctica
388,Banana_irr_2030y_SOC,cf_mean,,Central Tallgrass prairie,8.0,"Temperate Grasslands, Savannas & Shrublands",Nearctic
750,Banana_irr_2030y_SOC,cf_mean,,Central Tibetan Plateau alpine steppe,10.0,Montane Grasslands & Shrublands,Palearctic
39,Banana_irr_2030y_SOC,cf_mean,23.356142,Central Zambezian wet miombo woodlands,7.0,"Tropical & Subtropical Grasslands, Savannas & Shrublands",Afrotropic
567,Banana_irr_2030y_SOC,cf_mean,25.281475,Cerrado,7.0,"Tropical & Subtropical Grasslands, Savannas & Shrublands",Neotropic
656,Banana_irr_2030y_SOC,cf_mean,,Changbai Mountains mixed forests,4.0,Temperate Broadleaf & Mixed Forests,Palearctic
657,Banana_irr_2030y_SOC,cf_mean,,Changjiang Plain evergreen forests,4.0,Temperate Broadleaf & Mixed Forests,Palearctic
224,Banana_irr_2030y_SOC,cf_mean,25.964533,Chao Phraya freshwater swamp forests,1.0,Tropical & Subtropical Moist Broadleaf Forests,Indomalayan
225,Banana_irr_2030y_SOC,cf_mean,36.785995,Chao Phraya lowland moist deciduous forests,1.0,Tropical & Subtropical Moist Broadleaf Forests,Indomalayan
167,Banana_irr_2030y_SOC,cf_mean,,Chatham Island temperate forests,4.0,Temperate Broadleaf & Mixed Forests,Australasia
771,Banana_irr_2030y_SOC,cf_mean,,Cherskii-Kolyma mountain tundra,11.0,Tundra,Palearctic
292,Banana_irr_2030y_SOC,cf_mean,31.593382,Chhota-Nagpur dry deciduous forests,2.0,Tropical & Subtropical Dry Broadleaf Forests,Indomalayan
528,Banana_irr_2030y_SOC,cf_mean,33.857365,Chiapas Depression dry forests,2.0,Tropical & Subtropical Dry Broadleaf Forests,Neotropic
452,Banana_irr_2030y_SOC,cf_mean,46.308674,Chiapas montane forests,1.0,Tropical & Subtropical Moist Broadleaf Forests,Neotropic
428,Banana_irr_2030y_SOC,cf_mean,21.707064,Chihuahuan desert,13.0,Deserts & Xeric Shrublands,Nearctic
596,Banana_irr_2030y_SOC,cf_mean,,Chilean Matorral,12.0,"Mediterranean Forests, Woodlands & Scrub",Neotropic
453,Banana_irr_2030y_SOC,cf_mean,38.27287,Chimalapas montane forests,1.0,Tropical & Subtropical Moist Broadleaf Forests,Neotropic
226,Banana_irr_2030y_SOC,cf_mean,,Chin Hills-Arakan Yoma montane forests,1.0,Tropical & Subtropical Moist Broadleaf Forests,Indomalayan
529,Banana_irr_2030y_SOC,cf_mean,24.993637,Chiquitano dry forests,2.0,Tropical & Subtropical Dry Broadleaf Forests,Neotropic
454,Banana_irr_2030y_SOC,cf_mean,55.133015,Chocó-Darién moist forests,1.0,Tropical & Subtropical Moist Broadleaf Forests,Neotropic
227,Banana_irr_2030y_SOC,cf_mean,,Christmas and Cocos Islands tropical forests,1.0,Tropical & Subtropical Moist Broadleaf Forests,Indomalayan
772,Banana_irr_2030y_SOC,cf_mean,,Chukchi Peninsula tundra,11.0,Tundra,Palearctic
568,Banana_irr_2030y_SOC,cf_mean,,Clipperton Island shrub and grasslands,7.0,"Tropical & Subtropical Grasslands, Savannas & Shrublands",Neotropic
455,Banana_irr_2030y_SOC,cf_mean,,Cocos Island moist forests,1.0,Tropical & Subtropical Moist Broadleaf Forests,Neotropic
429,Banana_irr_2030y_SOC,cf_mean,,Colorado Plateau shrublands,13.0,Deserts & Xeric Shrublands,Nearctic
353,Banana_irr_2030y_SOC,cf_mean,,Colorado Rockies forests,5.0,Temperate Conifer Forests,Nearctic
4,Banana_irr_2030y_SOC,cf_mean,76.41208,Comoros forests,1.0,Tropical & Subtropical Moist Broadleaf Forests,Afrotropic
371,Banana_irr_2030y_SOC,cf_mean,,Cook Inlet taiga,6.0,Boreal Forests/Taiga,Nearctic
620,Banana_irr_2030y_SOC,cf_mean,,Cook Islands tropical moist forests,1.0,Tropical & Subtropical Moist Broadleaf Forests,Oceania
197,Banana_irr_2030y_SOC,cf_mean,32.703766,Coolgardie woodlands,12.0,"Mediterranean Forests, Woodlands & Scrub",Australasia
372,Banana_irr_2030y_SOC,cf_mean,,Copper Plateau taiga,6.0,Boreal Forests/Taiga,Nearctic
590,Banana_irr_2030y_SOC,cf_mean,44.541904,Cordillera Central páramo,10.0,Montane Grasslands & Shrublands,Neotropic
591,Banana_irr_2030y_SOC,cf_mean,,Cordillera de Merida páramo,10.0,Montane Grasslands & Shrublands,Neotropic
456,Banana_irr_2030y_SOC,cf_mean,,Cordillera La Costa montane forests,1.0,Tropical & Subtropical Moist Broadleaf Forests,Neotropic
457,Banana_irr_2030y_SOC,cf_mean,48.565308,Cordillera Oriental montane forests,1.0,Tropical & Subtropical Moist Broadleaf Forests,Neotropic
788,Banana_irr_2030y_SOC,cf_mean,,Corsican montane broadleaf and mixed forests,12.0,"Mediterranean Forests, Woodlands & Scrub",Palearctic
458,Banana_irr_2030y_SOC,cf_mean,69.75848,Costa Rican seasonal moist forests,1.0,Tropical & Subtropical Moist Broadleaf Forests,Neotropic
789,Banana_irr_2030y_SOC,cf_mean,78.651344,Crete Mediterranean forests,12.0,"Mediterranean Forests, Woodlands & Scrub",Palearctic
658,Banana_irr_2030y_SOC,cf_mean,,Crimean Submediterranean forest complex,4.0,Temperate Broadleaf & Mixed Forests,Palearctic
6,Banana_irr_2030y_SOC,cf_mean,26.071411,Cross-Niger transition forests,1.0,Tropical & Subtropical Moist Broadleaf Forests,Afrotropic
7,Banana_irr_2030y_SOC,cf_mean,34.18729,Cross-Sanaga-Bioko coastal forests,1.0,Tropical & Subtropical Moist Broadleaf Forests,Afrotropic
390,Banana_irr_2030y_SOC,cf_mean,,Cross-Timbers savanna-woodland,8.0,"Temperate Grasslands, Savannas & Shrublands",Nearctic
600,Banana_irr_2030y_SOC,cf_mean,61.57277,Cuban cactus scrub,13.0,Deserts & Xeric Shrublands,Neotropic
530,Banana_irr_2030y_SOC,cf_mean,42.67711,Cuban dry forests,2.0,Tropical & Subtropical Dry Broadleaf Forests,Neotropic
459,Banana_irr_2030y_SOC,cf_mean,54.516167,Cuban moist forests,1.0,Tropical & Subtropical Moist Broadleaf Forests,Neotropic
554,Banana_irr_2030y_SOC,cf_mean,53.4632,Cuban pine forests,3.0,Tropical & Subtropical Coniferous Forests,Neotropic
579,Banana_irr_2030y_SOC,cf_mean,46.18648,Cuban wetlands,9.0,Flooded Grasslands & Savannas,Neotropic
790,Banana_irr_2030y_SOC,cf_mean,58.19562,Cyprus Mediterranean forests,12.0,"Mediterranean Forests, Woodlands & Scrub",Palearctic
693,Banana_irr_2030y_SOC,cf_mean,,Da Hinggan-Dzhagdy Mountains conifer forests,5.0,Temperate Conifer Forests,Palearctic
659,Banana_irr_2030y_SOC,cf_mean,,Daba Mountains evergreen forests,4.0,Temperate Broadleaf & Mixed Forests,Palearctic
726,Banana_irr_2030y_SOC,cf_mean,,Daurian forest steppe,8.0,"Temperate Grasslands, Savannas & Shrublands",Palearctic
415,Banana_irr_2030y_SOC,cf_mean,,Davis Highlands tundra,11.0,Tundra,Nearctic
315,Banana_irr_2030y_SOC,cf_mean,28.004614,Deccan thorn scrub forests,13.0,Deserts & Xeric Shrublands,Indomalayan
660,Banana_irr_2030y_SOC,cf_mean,,Dinaric Mountains mixed forests,4.0,Temperate Broadleaf & Mixed Forests,Palearctic
92,Banana_irr_2030y_SOC,cf_mean,19.185503,Djibouti xeric shrublands,13.0,Deserts & Xeric Shrublands,Afrotropic
40,Banana_irr_2030y_SOC,cf_mean,47.492542,Drakensberg Escarpment savanna and thicket,7.0,"Tropical & Subtropical Grasslands, Savannas & Shrublands",Afrotropic
41,Banana_irr_2030y_SOC,cf_mean,44.825382,Drakensberg grasslands,7.0,"Tropical & Subtropical Grasslands, Savannas & Shrublands",Afrotropic
0,Banana_irr_2030y_SOC,cf_mean,,Rock and Ice,11.0,N/A,N/A
569,Banana_irr_2030y_SOC,cf_mean,26.155704,Dry Chaco,7.0,"Tropical & Subtropical Grasslands, Savannas & Shrublands",Neotropic
694,Banana_irr_2030y_SOC,cf_mean,9.779612,East Afghan montane conifer forests,5.0,Temperate Conifer Forests,Palearctic
69,Banana_irr_2030y_SOC,cf_mean,24.379305,East African halophytics,9.0,Flooded Grasslands & Savannas,Afrotropic
112,Banana_irr_2030y_SOC,cf_mean,36.00034,East African mangroves,14.0,Mangroves,Afrotropic
120,Banana_irr_2030y_SOC,cf_mean,,East Antarctic tundra,11.0,Tundra,Antarctica
821,Banana_irr_2030y_SOC,cf_mean,18.319592,East Arabian fog shrublands and sand desert,13.0,Deserts & Xeric Shrublands,Palearctic
332,Banana_irr_2030y_SOC,cf_mean,24.022987,East Central Texas forests,4.0,Temperate Broadleaf & Mixed Forests,Nearctic
293,Banana_irr_2030y_SOC,cf_mean,42.742146,East Deccan dry-evergreen forests,2.0,Tropical & Subtropical Dry Broadleaf Forests,Indomalayan
661,Banana_irr_2030y_SOC,cf_mean,,East European forest steppe,4.0,Temperate Broadleaf & Mixed Forests,Palearctic
822,Banana_irr_2030y_SOC,cf_mean,17.87301,East Sahara Desert,13.0,Deserts & Xeric Shrublands,Palearctic
823,Banana_irr_2030y_SOC,cf_mean,26.253176,East Saharan montane xeric woodlands,13.0,Deserts & Xeric Shrublands,Palearctic
710,Banana_irr_2030y_SOC,cf_mean,,East Siberian taiga,6.0,Boreal Forests/Taiga,Palearctic
43,Banana_irr_2030y_SOC,cf_mean,24.95322,East Sudanian savanna,7.0,"Tropical & Subtropical Grasslands, Savannas & Shrublands",Afrotropic
662,Banana_irr_2030y_SOC,cf_mean,,Eastern Anatolian deciduous forests,4.0,Temperate Broadleaf & Mixed Forests,Palearctic
727,Banana_irr_2030y_SOC,cf_mean,,Eastern Anatolian montane steppe,8.0,"Temperate Grasslands, Savannas & Shrublands",Palearctic
191,Banana_irr_2030y_SOC,cf_mean,18.509335,Eastern Australia mulga shrublands,8.0,"Temperate Grasslands, Savannas & Shrublands",Australasia
168,Banana_irr_2030y_SOC,cf_mean,44.069065,Eastern Australian temperate forests,4.0,Temperate Broadleaf & Mixed Forests,Australasia
373,Banana_irr_2030y_SOC,cf_mean,,Eastern Canadian forests,6.0,Boreal Forests/Taiga,Nearctic
374,Banana_irr_2030y_SOC,cf_mean,,Eastern Canadian Shield taiga,6.0,Boreal Forests/Taiga,Nearctic
354,Banana_irr_2030y_SOC,cf_mean,,Eastern Cascades forests,5.0,Temperate Conifer Forests,Nearctic
10,Banana_irr_2030y_SOC,cf_mean,22.72867,Eastern Congolian swamp forests,1.0,Tropical & Subtropical Moist Broadleaf Forests,Afrotropic
460,Banana_irr_2030y_SOC,cf_mean,55.381092,Eastern Cordillera Real montane forests,1.0,Tropical & Subtropical Moist Broadleaf Forests,Neotropic
333,Banana_irr_2030y_SOC,cf_mean,,Eastern Canadian Forest-Boreal transition,4.0,Temperate Broadleaf & Mixed Forests,Nearctic
824,Banana_irr_2030y_SOC,cf_mean,,Eastern Gobi desert steppe,13.0,Deserts & Xeric Shrublands,Palearctic
334,Banana_irr_2030y_SOC,cf_mean,,Eastern Great Lakes lowland forests,4.0,Temperate Broadleaf & Mixed Forests,Nearctic
11,Banana_irr_2030y_SOC,cf_mean,22.472572,Eastern Guinean forests,1.0,Tropical & Subtropical Moist Broadleaf Forests,Afrotropic
228,Banana_irr_2030y_SOC,cf_mean,33.697704,East Deccan moist deciduous forests,1.0,Tropical & Subtropical Moist Broadleaf Forests,Indomalayan
751,Banana_irr_2030y_SOC,cf_mean,,Eastern Himalayan alpine shrub and meadows,10.0,Montane Grasslands & Shrublands,Palearctic
306,Banana_irr_2030y_SOC,cf_mean,45.500668,Eastern Himalayan broadleaf forests,4.0,Temperate Broadleaf & Mixed Forests,Indomalayan
309,Banana_irr_2030y_SOC,cf_mean,39.837017,Eastern Himalayan subalpine conifer forests,5.0,Temperate Conifer Forests,Indomalayan
229,Banana_irr_2030y_SOC,cf_mean,106.55955,Eastern Java-Bali montane rain forests,1.0,Tropical & Subtropical Moist Broadleaf Forests,Indomalayan
230,Banana_irr_2030y_SOC,cf_mean,77.3084,Eastern Java-Bali rain forests,1.0,Tropical & Subtropical Moist Broadleaf Forests,Indomalayan
791,Banana_irr_2030y_SOC,cf_mean,48.18366,Eastern Mediterranean conifer-broadleaf forests,12.0,"Mediterranean Forests, Woodlands & Scrub",Palearctic
621,Banana_irr_2030y_SOC,cf_mean,,Eastern Micronesia tropical moist forests,1.0,Tropical & Subtropical Moist Broadleaf Forests,Oceania
461,Banana_irr_2030y_SOC,cf_mean,49.83301,Eastern Panamanian montane forests,1.0,Tropical & Subtropical Moist Broadleaf Forests,Neotropic
531,Banana_irr_2030y_SOC,cf_mean,43.974953,Ecuadorian dry forests,2.0,Tropical & Subtropical Dry Broadleaf Forests,Neotropic
391,Banana_irr_2030y_SOC,cf_mean,31.375225,Edwards Plateau savanna,8.0,"Temperate Grasslands, Savannas & Shrublands",Nearctic
185,Banana_irr_2030y_SOC,cf_mean,22.368885,Einasleigh upland savanna,7.0,"Tropical & Subtropical Grasslands, Savannas & Shrublands",Australasia
695,Banana_irr_2030y_SOC,cf_mean,,Elburz Range forest steppe,5.0,Temperate Conifer Forests,Palearctic
121,Banana_irr_2030y_SOC,cf_mean,,Ellsworth Land tundra,11.0,Tundra,Antarctica
122,Banana_irr_2030y_SOC,cf_mean,,Ellsworth Mountains tundra,11.0,Tundra,Antarctica
728,Banana_irr_2030y_SOC,cf_mean,,Emin Valley steppe,8.0,"Temperate Grasslands, Savannas & Shrublands",Palearctic
123,Banana_irr_2030y_SOC,cf_mean,,Enderby Land tundra,11.0,Tundra,Antarctica
663,Banana_irr_2030y_SOC,cf_mean,,English Lowlands beech forests,4.0,Temperate Broadleaf & Mixed Forests,Palearctic
580,Banana_irr_2030y_SOC,cf_mean,40.69932,Enriquillo wetlands,9.0,Flooded Grasslands & Savannas,Neotropic
93,Banana_irr_2030y_SOC,cf_mean,,Eritrean coastal desert,13.0,Deserts & Xeric Shrublands,Afrotropic
198,Banana_irr_2030y_SOC,cf_mean,37.809135,Esperance mallee,12.0,"Mediterranean Forests, Woodlands & Scrub",Australasia
575,Banana_irr_2030y_SOC,cf_mean,39.320602,Espinal,8.0,"Temperate Grasslands, Savannas & Shrublands",Neotropic
12,Banana_irr_2030y_SOC,cf_mean,45.413174,Ethiopian montane forests,1.0,Tropical & Subtropical Moist Broadleaf Forests,Afrotropic
79,Banana_irr_2030y_SOC,cf_mean,38.58925,Ethiopian montane grasslands and woodlands,10.0,Montane Grasslands & Shrublands,Afrotropic
80,Banana_irr_2030y_SOC,cf_mean,37.56273,Ethiopian montane moorlands,10.0,Montane Grasslands & Shrublands,Afrotropic
70,Banana_irr_2030y_SOC,cf_mean,,Etosha Pan halophytics,9.0,Flooded Grasslands & Savannas,Afrotropic
665,Banana_irr_2030y_SOC,cf_mean,,Euxine-Colchic broadleaf forests,4.0,Temperate Broadleaf & Mixed Forests,Palearctic
581,Banana_irr_2030y_SOC,cf_mean,40.742847,Everglades flooded grasslands,9.0,Flooded Grasslands & Savannas,Neotropic
199,Banana_irr_2030y_SOC,cf_mean,42.391033,Eyre and York mallee,12.0,"Mediterranean Forests, Woodlands & Scrub",Australasia
729,Banana_irr_2030y_SOC,cf_mean,,Faroe Islands boreal grasslands,8.0,"Temperate Grasslands, Savannas & Shrublands",Palearctic
462,Banana_irr_2030y_SOC,cf_mean,,Fernando de Noronha-Atol das Rocas moist forests,1.0,Tropical & Subtropical Moist Broadleaf Forests,Neotropic
635,Banana_irr_2030y_SOC,cf_mean,78.82772,Fiji tropical dry forests,2.0,Tropical & Subtropical Dry Broadleaf Forests,Oceania
622,Banana_irr_2030y_SOC,cf_mean,83.1301,Fiji tropical moist forests,1.0,Tropical & Subtropical Moist Broadleaf Forests,Oceania
169,Banana_irr_2030y_SOC,cf_mean,,Fiordland temperate forests,4.0,Temperate Broadleaf & Mixed Forests,Australasia
200,Banana_irr_2030y_SOC,cf_mean,28.434135,Flinders-Lofty montane woodlands,12.0,"Mediterranean Forests, Woodlands & Scrub",Australasia
392,Banana_irr_2030y_SOC,cf_mean,,Flint Hills tallgrass prairie,8.0,"Temperate Grasslands, Savannas & Shrublands",Nearctic
355,Banana_irr_2030y_SOC,cf_mean,,Fraser Plateau and Basin conifer forests,5.0,Temperate Conifer Forests,Nearctic
89,Banana_irr_2030y_SOC,cf_mean,50.25274,Fynbos shrubland,12.0,"Mediterranean Forests, Woodlands & Scrub",Afrotropic
601,Banana_irr_2030y_SOC,cf_mean,84.931114,Galápagos Islands xeric scrub,13.0,Deserts & Xeric Shrublands,Neotropic
94,Banana_irr_2030y_SOC,cf_mean,25.295824,Gariep Karoo,13.0,Deserts & Xeric Shrublands,Afrotropic
752,Banana_irr_2030y_SOC,cf_mean,,Ghorat-Hazarajat alpine meadow,10.0,Montane Grasslands & Shrublands,Palearctic
209,Banana_irr_2030y_SOC,cf_mean,15.206426,Gibson desert,13.0,Deserts & Xeric Shrublands,Australasia
730,Banana_irr_2030y_SOC,cf_mean,,Gissaro-Alai open woodlands,8.0,"Temperate Grasslands, Savannas & Shrublands",Palearctic
316,Banana_irr_2030y_SOC,cf_mean,75.900215,Godavari-Krishna mangroves,13.0,Deserts & Xeric Shrublands,Indomalayan
825,Banana_irr_2030y_SOC,cf_mean,,Gobi Lakes Valley desert steppe,13.0,Deserts & Xeric Shrublands,Palearctic
13,Banana_irr_2030y_SOC,cf_mean,,Granitic Seychelles forests,1.0,Tropical & Subtropical Moist Broadleaf Forests,Afrotropic
356,Banana_irr_2030y_SOC,cf_mean,,Great Basin montane forests,5.0,Temperate Conifer Forests,Nearctic
430,Banana_irr_2030y_SOC,cf_mean,14.213699,Great Basin shrub steppe,13.0,Deserts & Xeric Shrublands,Nearctic
826,Banana_irr_2030y_SOC,cf_mean,,Great Lakes Basin desert steppe,13.0,Deserts & Xeric Shrublands,Palearctic
210,Banana_irr_2030y_SOC,cf_mean,15.880916,Great Sandy-Tanami desert,13.0,Deserts & Xeric Shrublands,Australasia
211,Banana_irr_2030y_SOC,cf_mean,23.177465,Great Victoria desert,13.0,Deserts & Xeric Shrublands,Australasia
231,Banana_irr_2030y_SOC,cf_mean,62.141285,Greater Negros-Panay rain forests,1.0,Tropical & Subtropical Moist Broadleaf Forests,Indomalayan
602,Banana_irr_2030y_SOC,cf_mean,45.315575,Guajira-Barranquilla xeric scrub,13.0,Deserts & Xeric Shrublands,Neotropic
582,Banana_irr_2030y_SOC,cf_mean,41.031475,Guayaquil flooded grasslands,9.0,Flooded Grasslands & Savannas,Neotropic
463,Banana_irr_2030y_SOC,cf_mean,29.402344,Guianan freshwater swamp forests,1.0,Tropical & Subtropical Moist Broadleaf Forests,Neotropic
464,Banana_irr_2030y_SOC,cf_mean,36.641533,Guianan Highlands moist forests,1.0,Tropical & Subtropical Moist Broadleaf Forests,Neotropic
465,Banana_irr_2030y_SOC,cf_mean,32.0872,Guianan lowland moist forests,1.0,Tropical & Subtropical Moist Broadleaf Forests,Neotropic
466,Banana_irr_2030y_SOC,cf_mean,27.846064,Guianan piedmont moist forests,1.0,Tropical & Subtropical Moist Broadleaf Forests,Neotropic
570,Banana_irr_2030y_SOC,cf_mean,25.762136,Guianan savanna,7.0,"Tropical & Subtropical Grasslands, Savannas & Shrublands",Neotropic
44,Banana_irr_2030y_SOC,cf_mean,21.106892,Guinean forest-savanna,7.0,"Tropical & Subtropical Grasslands, Savannas & Shrublands",Afrotropic
113,Banana_irr_2030y_SOC,cf_mean,31.050764,Guinean mangroves,14.0,Mangroves,Afrotropic
14,Banana_irr_2030y_SOC,cf_mean,31.05469,Guinean montane forests,1.0,Tropical & Subtropical Moist Broadleaf Forests,Afrotropic
642,Banana_irr_2030y_SOC,cf_mean,43.095993,Guizhou Plateau broadleaf and mixed forests,1.0,Tropical & Subtropical Moist Broadleaf Forests,Palearctic
431,Banana_irr_2030y_SOC,cf_mean,39.518948,Gulf of California xeric scrub,13.0,Deserts & Xeric Shrublands,Nearctic
335,Banana_irr_2030y_SOC,cf_mean,,Gulf of St. Lawrence lowland forests,4.0,Temperate Broadleaf & Mixed Forests,Nearctic
467,Banana_irr_2030y_SOC,cf_mean,25.543861,Gurupa várzea,1.0,Tropical & Subtropical Moist Broadleaf Forests,Neotropic
232,Banana_irr_2030y_SOC,cf_mean,52.99945,Hainan Island monsoon rain forests,1.0,Tropical & Subtropical Moist Broadleaf Forests,Indomalayan
140,Banana_irr_2030y_SOC,cf_mean,134.6055,Halmahera rain forests,1.0,Tropical & Subtropical Moist Broadleaf Forests,Australasia
201,Banana_irr_2030y_SOC,cf_mean,59.021847,Hampton mallee and woodlands,12.0,"Mediterranean Forests, Woodlands & Scrub",Australasia
636,Banana_irr_2030y_SOC,cf_mean,58.21142,Hawai'i tropical dry forests,2.0,Tropical & Subtropical Dry Broadleaf Forests,Oceania
639,Banana_irr_2030y_SOC,cf_mean,40.87734,Hawai'i tropical high shrublands,7.0,"Tropical & Subtropical Grasslands, Savannas & Shrublands",Oceania
640,Banana_irr_2030y_SOC,cf_mean,65.732216,Hawai'i tropical low shrublands,7.0,"Tropical & Subtropical Grasslands, Savannas & Shrublands",Oceania
623,Banana_irr_2030y_SOC,cf_mean,72.32964,Hawai'i tropical moist forests,1.0,Tropical & Subtropical Moist Broadleaf Forests,Oceania
696,Banana_irr_2030y_SOC,cf_mean,,Helanshan montane conifer forests,5.0,Temperate Conifer Forests,Palearctic
697,Banana_irr_2030y_SOC,cf_mean,50.444225,Hengduan Mountains subalpine conifer forests,5.0,Temperate Conifer Forests,Palearctic
412,Banana_irr_2030y_SOC,cf_mean,,Canadian High Arctic tundra,11.0,Tundra,Nearctic
592,Banana_irr_2030y_SOC,cf_mean,25.425276,High Monte,10.0,Montane Grasslands & Shrublands,Neotropic
81,Banana_irr_2030y_SOC,cf_mean,36.127827,Highveld grasslands,10.0,Montane Grasslands & Shrublands,Afrotropic
233,Banana_irr_2030y_SOC,cf_mean,33.362274,Himalayan subtropical broadleaf forests,1.0,Tropical & Subtropical Moist Broadleaf Forests,Indomalayan
302,Banana_irr_2030y_SOC,cf_mean,38.690033,Himalayan subtropical pine forests,3.0,Tropical & Subtropical Coniferous Forests,Indomalayan
753,Banana_irr_2030y_SOC,cf_mean,,Hindu Kush alpine meadow,10.0,Montane Grasslands & Shrublands,Palearctic
532,Banana_irr_2030y_SOC,cf_mean,45.28369,Hispaniolan dry forests,2.0,Tropical & Subtropical Dry Broadleaf Forests,Neotropic
468,Banana_irr_2030y_SOC,cf_mean,52.858837,Hispaniolan moist forests,1.0,Tropical & Subtropical Moist Broadleaf Forests,Neotropic
555,Banana_irr_2030y_SOC,cf_mean,46.64549,Hispaniolan pine forests,3.0,Tropical & Subtropical Coniferous Forests,Neotropic
95,Banana_irr_2030y_SOC,cf_mean,25.746231,Hobyo grasslands and shrublands,13.0,Deserts & Xeric Shrublands,Afrotropic
666,Banana_irr_2030y_SOC,cf_mean,,Hokkaido deciduous forests,4.0,Temperate Broadleaf & Mixed Forests,Palearctic
698,Banana_irr_2030y_SOC,cf_mean,,Hokkaido montane conifer forests,5.0,Temperate Conifer Forests,Palearctic
699,Banana_irr_2030y_SOC,cf_mean,,Honshu alpine conifer forests,5.0,Temperate Conifer Forests,Palearctic
45,Banana_irr_2030y_SOC,cf_mean,17.66845,Horn of Africa xeric bushlands,7.0,"Tropical & Subtropical Grasslands, Savannas & Shrublands",Afrotropic
667,Banana_irr_2030y_SOC,cf_mean,,Huang He Plain mixed forests,4.0,Temperate Broadleaf & Mixed Forests,Palearctic
571,Banana_irr_2030y_SOC,cf_mean,29.031471,Humid Chaco,7.0,"Tropical & Subtropical Grasslands, Savannas & Shrublands",Neotropic
576,Banana_irr_2030y_SOC,cf_mean,42.509926,Humid Pampas,8.0,"Temperate Grasslands, Savannas & Shrublands",Neotropic
141,Banana_irr_2030y_SOC,cf_mean,60.931458,Huon Peninsula montane rain forests,1.0,Tropical & Subtropical Moist Broadleaf Forests,Australasia
792,Banana_irr_2030y_SOC,cf_mean,52.304317,Iberian conifer forests,12.0,"Mediterranean Forests, Woodlands & Scrub",Palearctic
793,Banana_irr_2030y_SOC,cf_mean,35.68058,Iberian sclerophyllous and semi-deciduous forests,12.0,"Mediterranean Forests, Woodlands & Scrub",Palearctic
711,Banana_irr_2030y_SOC,cf_mean,,Iceland boreal birch forests and alpine tundra,6.0,Boreal Forests/Taiga,Palearctic
794,Banana_irr_2030y_SOC,cf_mean,,Illyrian deciduous forests,12.0,"Mediterranean Forests, Woodlands & Scrub",Palearctic
319,Banana_irr_2030y_SOC,cf_mean,49.70717,Indochina mangroves,14.0,Mangroves,Indomalayan
320,Banana_irr_2030y_SOC,cf_mean,20.910103,Indus River Delta-Arabian Sea mangroves,14.0,Mangroves,Indomalayan
317,Banana_irr_2030y_SOC,cf_mean,10.570983,Indus Valley desert,13.0,Deserts & Xeric Shrublands,Indomalayan
71,Banana_irr_2030y_SOC,cf_mean,13.367673,Inner Niger Delta flooded savanna,9.0,Flooded Grasslands & Savannas,Afrotropic
375,Banana_irr_2030y_SOC,cf_mean,,Interior Alaska-Yukon lowland taiga,6.0,Boreal Forests/Taiga,Nearctic
336,Banana_irr_2030y_SOC,cf_mean,,Interior Plateau US Hardwood Forests,4.0,Temperate Broadleaf & Mixed Forests,Nearctic
416,Banana_irr_2030y_SOC,cf_mean,,Interior Yukon-Alaska alpine tundra,11.0,Tundra,Nearctic
469,Banana_irr_2030y_SOC,cf_mean,29.418867,Iquitos várzea,1.0,Tropical & Subtropical Moist Broadleaf Forests,Neotropic
294,Banana_irr_2030y_SOC,cf_mean,,Irrawaddy dry forests,2.0,Tropical & Subtropical Dry Broadleaf Forests,Indomalayan
234,Banana_irr_2030y_SOC,cf_mean,,Irrawaddy freshwater swamp forests,1.0,Tropical & Subtropical Moist Broadleaf Forests,Indomalayan
235,Banana_irr_2030y_SOC,cf_mean,,Irrawaddy moist deciduous forests,1.0,Tropical & Subtropical Moist Broadleaf Forests,Indomalayan
533,Banana_irr_2030y_SOC,cf_mean,,Islas Revillagigedo dry forests,2.0,Tropical & Subtropical Dry Broadleaf Forests,Neotropic
470,Banana_irr_2030y_SOC,cf_mean,46.61774,Isthmian-Atlantic moist forests,1.0,Tropical & Subtropical Moist Broadleaf Forests,Neotropic
471,Banana_irr_2030y_SOC,cf_mean,49.551212,Isthmian-Pacific moist forests,1.0,Tropical & Subtropical Moist Broadleaf Forests,Neotropic
795,Banana_irr_2030y_SOC,cf_mean,,Italian sclerophyllous and semi-deciduous forests,12.0,"Mediterranean Forests, Woodlands & Scrub",Palearctic
46,Banana_irr_2030y_SOC,cf_mean,19.170002,Itigi-Sumbu thicket,7.0,"Tropical & Subtropical Grasslands, Savannas & Shrublands",Afrotropic
534,Banana_irr_2030y_SOC,cf_mean,44.487675,Jalisco dry forests,2.0,Tropical & Subtropical Dry Broadleaf Forests,Neotropic
535,Banana_irr_2030y_SOC,cf_mean,78.23191,Jamaican dry forests,2.0,Tropical & Subtropical Dry Broadleaf Forests,Neotropic
472,Banana_irr_2030y_SOC,cf_mean,87.01202,Jamaican moist forests,1.0,Tropical & Subtropical Moist Broadleaf Forests,Neotropic
473,Banana_irr_2030y_SOC,cf_mean,30.380781,Japurá-Solimões-Negro moist forests,1.0,Tropical & Subtropical Moist Broadleaf Forests,Neotropic
202,Banana_irr_2030y_SOC,cf_mean,109.75778,Jarrah-Karri forest and shrublands,12.0,"Mediterranean Forests, Woodlands & Scrub",Australasia
236,Banana_irr_2030y_SOC,cf_mean,40.31645,Jian Nan subtropical evergreen forests,1.0,Tropical & Subtropical Moist Broadleaf Forests,Indomalayan
82,Banana_irr_2030y_SOC,cf_mean,18.141493,Jos Plateau forest-grassland,10.0,Montane Grasslands & Shrublands,Afrotropic
560,Banana_irr_2030y_SOC,cf_mean,,Juan Fernández Islands temperate forests,4.0,Temperate Broadleaf & Mixed Forests,Neotropic
827,Banana_irr_2030y_SOC,cf_mean,,Junggar Basin semi-desert,13.0,Deserts & Xeric Shrublands,Palearctic
474,Banana_irr_2030y_SOC,cf_mean,30.773949,Juruá-Purus moist forests,1.0,Tropical & Subtropical Moist Broadleaf Forests,Neotropic
418,Banana_irr_2030y_SOC,cf_mean,,Kalaallit Nunaat High Arctic tundra,11.0,Tundra,Nearctic
47,Banana_irr_2030y_SOC,cf_mean,,Kalahari Acacia woodlands,7.0,"Tropical & Subtropical Grasslands, Savannas & Shrublands",Afrotropic
97,Banana_irr_2030y_SOC,cf_mean,22.960499,Kalahari xeric savanna,13.0,Deserts & Xeric Shrublands,Afrotropic
713,Banana_irr_2030y_SOC,cf_mean,,Kamchatka-Kurile meadows and sparse forests,6.0,Boreal Forests/Taiga,Palearctic
712,Banana_irr_2030y_SOC,cf_mean,,Kamchatka taiga,6.0,Boreal Forests/Taiga,Palearctic
98,Banana_irr_2030y_SOC,cf_mean,20.283611,Kaokoveld desert,13.0,Deserts & Xeric Shrublands,Afrotropic
754,Banana_irr_2030y_SOC,cf_mean,,Karakoram-West Tibetan Plateau alpine steppe,10.0,Montane Grasslands & Shrublands,Palearctic
237,Banana_irr_2030y_SOC,cf_mean,36.51661,Kayah-Karen montane rain forests,1.0,Tropical & Subtropical Moist Broadleaf Forests,Indomalayan
731,Banana_irr_2030y_SOC,cf_mean,,Kazakh forest steppe,8.0,"Temperate Grasslands, Savannas & Shrublands",Palearctic
828,Banana_irr_2030y_SOC,cf_mean,,Kazakh semi-desert,13.0,Deserts & Xeric Shrublands,Palearctic
732,Banana_irr_2030y_SOC,cf_mean,,Kazakh steppe,8.0,"Temperate Grasslands, Savannas & Shrublands",Palearctic
733,Banana_irr_2030y_SOC,cf_mean,,Kazakh upland steppe,8.0,"Temperate Grasslands, Savannas & Shrublands",Palearctic
624,Banana_irr_2030y_SOC,cf_mean,,Kermadec Islands subtropical moist forests,1.0,Tropical & Subtropical Moist Broadleaf Forests,Oceania
755,Banana_irr_2030y_SOC,cf_mean,,Khangai Mountains alpine meadow,10.0,Montane Grasslands & Shrublands,Palearctic
700,Banana_irr_2030y_SOC,cf_mean,,Khangai Mountains conifer forests,5.0,Temperate Conifer Forests,Palearctic
295,Banana_irr_2030y_SOC,cf_mean,22.752174,Khathiar-Gir dry deciduous forests,2.0,Tropical & Subtropical Dry Broadleaf Forests,Indomalayan
186,Banana_irr_2030y_SOC,cf_mean,23.17921,Kimberly tropical savanna,7.0,"Tropical & Subtropical Grasslands, Savannas & Shrublands",Australasia
357,Banana_irr_2030y_SOC,cf_mean,,Klamath-Siskiyou forests,5.0,Temperate Conifer Forests,Nearctic
15,Banana_irr_2030y_SOC,cf_mean,54.367485,Knysna-Amatole montane forests,1.0,Tropical & Subtropical Moist Broadleaf Forests,Afrotropic
774,Banana_irr_2030y_SOC,cf_mean,,Kola Peninsula tundra,11.0,Tundra,Palearctic
829,Banana_irr_2030y_SOC,cf_mean,,Kopet Dag semi-desert,13.0,Deserts & Xeric Shrublands,Palearctic
756,Banana_irr_2030y_SOC,cf_mean,,Kopet Dag woodlands and forest steppe,10.0,Montane Grasslands & Shrublands,Palearctic
757,Banana_irr_2030y_SOC,cf_mean,8.386973,Kuh Rud and Eastern Iran montane woodlands,10.0,Montane Grasslands & Shrublands,Palearctic
16,Banana_irr_2030y_SOC,cf_mean,69.10867,Kwazulu Natal-Cape coastal forests,1.0,Tropical & Subtropical Moist Broadleaf Forests,Afrotropic
603,Banana_irr_2030y_SOC,cf_mean,,La Costa xeric shrublands,13.0,Deserts & Xeric Shrublands,Neotropic
72,Banana_irr_2030y_SOC,cf_mean,15.496931,Lake Chad flooded savanna,9.0,Flooded Grasslands & Savannas,Afrotropic
536,Banana_irr_2030y_SOC,cf_mean,,Lara-Falcón dry forests,2.0,Tropical & Subtropical Dry Broadleaf Forests,Neotropic
475,Banana_irr_2030y_SOC,cf_mean,,Leeward Islands moist forests,1.0,Tropical & Subtropical Moist Broadleaf Forests,Neotropic
163,Banana_irr_2030y_SOC,cf_mean,76.00059,Lesser Sundas deciduous forests,2.0,Tropical & Subtropical Dry Broadleaf Forests,Australasia
48,Banana_irr_2030y_SOC,cf_mean,33.05229,Limpopo lowveld,7.0,"Tropical & Subtropical Grasslands, Savannas & Shrublands",Afrotropic
572,Banana_irr_2030y_SOC,cf_mean,27.483856,Llanos,7.0,"Tropical & Subtropical Grasslands, Savannas & Shrublands",Neotropic
142,Banana_irr_2030y_SOC,cf_mean,,Lord Howe Island subtropical forests,1.0,Tropical & Subtropical Moist Broadleaf Forests,Australasia
143,Banana_irr_2030y_SOC,cf_mean,94.06789,Louisiade Archipelago rain forests,1.0,Tropical & Subtropical Moist Broadleaf Forests,Australasia
577,Banana_irr_2030y_SOC,cf_mean,18.68885,Low Monte,8.0,"Temperate Grasslands, Savannas & Shrublands",Neotropic
238,Banana_irr_2030y_SOC,cf_mean,29.089777,Lower Gangetic Plains moist deciduous forests,1.0,Tropical & Subtropical Moist Broadleaf Forests,Indomalayan
239,Banana_irr_2030y_SOC,cf_mean,36.646763,Luang Prabang montane rain forests,1.0,Tropical & Subtropical Moist Broadleaf Forests,Indomalayan
240,Banana_irr_2030y_SOC,cf_mean,66.295944,Luzon montane rain forests,1.0,Tropical & Subtropical Moist Broadleaf Forests,Indomalayan
241,Banana_irr_2030y_SOC,cf_mean,55.788105,Luzon rain forests,1.0,Tropical & Subtropical Moist Broadleaf Forests,Indomalayan
303,Banana_irr_2030y_SOC,cf_mean,50.7413,Luzon tropical pine forests,3.0,Tropical & Subtropical Coniferous Forests,Indomalayan
32,Banana_irr_2030y_SOC,cf_mean,26.739735,Madagascar dry deciduous forests,2.0,Tropical & Subtropical Dry Broadleaf Forests,Afrotropic
83,Banana_irr_2030y_SOC,cf_mean,42.321537,Madagascar ericoid thickets,10.0,Montane Grasslands & Shrublands,Afrotropic
17,Banana_irr_2030y_SOC,cf_mean,48.820374,Madagascar humid forests,1.0,Tropical & Subtropical Moist Broadleaf Forests,Afrotropic
114,Banana_irr_2030y_SOC,cf_mean,39.19673,Madagascar mangroves,14.0,Mangroves,Afrotropic
99,Banana_irr_2030y_SOC,cf_mean,25.223484,Madagascar spiny thickets,13.0,Deserts & Xeric Shrublands,Afrotropic
18,Banana_irr_2030y_SOC,cf_mean,31.969318,Madagascar subhumid forests,1.0,Tropical & Subtropical Moist Broadleaf Forests,Afrotropic
100,Banana_irr_2030y_SOC,cf_mean,23.856705,Madagascar succulent woodlands,13.0,Deserts & Xeric Shrublands,Afrotropic
476,Banana_irr_2030y_SOC,cf_mean,25.81368,Madeira-Tapajós moist forests,1.0,Tropical & Subtropical Moist Broadleaf Forests,Neotropic
668,Banana_irr_2030y_SOC,cf_mean,,Madeira evergreen forests,4.0,Temperate Broadleaf & Mixed Forests,Palearctic
478,Banana_irr_2030y_SOC,cf_mean,32.07358,Magdalena-Urabá moist forests,1.0,Tropical & Subtropical Moist Broadleaf Forests,Neotropic
538,Banana_irr_2030y_SOC,cf_mean,46.295593,Magdalena Valley dry forests,2.0,Tropical & Subtropical Dry Broadleaf Forests,Neotropic
477,Banana_irr_2030y_SOC,cf_mean,49.738533,Magdalena Valley montane forests,1.0,Tropical & Subtropical Moist Broadleaf Forests,Neotropic
561,Banana_irr_2030y_SOC,cf_mean,,Magellanic subpolar forests,4.0,Temperate Broadleaf & Mixed Forests,Neotropic
73,Banana_irr_2030y_SOC,cf_mean,,Makgadikgadi halophytics,9.0,Flooded Grasslands & Savannas,Afrotropic
242,Banana_irr_2030y_SOC,cf_mean,63.70776,Malabar Coast moist forests,1.0,Tropical & Subtropical Moist Broadleaf Forests,Indomalayan
243,Banana_irr_2030y_SOC,cf_mean,66.44559,Maldives-Lakshadweep-Chagos Archipelago tropical moist forests,1.0,Tropical & Subtropical Moist Broadleaf Forests,Indomalayan
604,Banana_irr_2030y_SOC,cf_mean,,Malpelo Island xeric scrub,13.0,Deserts & Xeric Shrublands,Neotropic
669,Banana_irr_2030y_SOC,cf_mean,,Manchurian mixed forests,4.0,Temperate Broadleaf & Mixed Forests,Palearctic
49,Banana_irr_2030y_SOC,cf_mean,15.697448,Mandara Plateau woodlands,7.0,"Tropical & Subtropical Grasslands, Savannas & Shrublands",Afrotropic
19,Banana_irr_2030y_SOC,cf_mean,33.310802,Maputaland coastal forests and woodlands,1.0,Tropical & Subtropical Moist Broadleaf Forests,Afrotropic
539,Banana_irr_2030y_SOC,cf_mean,,Maracaibo dry forests,2.0,Tropical & Subtropical Dry Broadleaf Forests,Neotropic
480,Banana_irr_2030y_SOC,cf_mean,32.9766,Marajó várzea,1.0,Tropical & Subtropical Moist Broadleaf Forests,Neotropic
540,Banana_irr_2030y_SOC,cf_mean,19.875034,Maranhão Babaçu forests,2.0,Tropical & Subtropical Dry Broadleaf Forests,Neotropic
479,Banana_irr_2030y_SOC,cf_mean,44.544193,Marañón dry forests,1.0,Tropical & Subtropical Moist Broadleaf Forests,Neotropic
637,Banana_irr_2030y_SOC,cf_mean,,Marianas tropical dry forests,2.0,Tropical & Subtropical Dry Broadleaf Forests,Oceania
625,Banana_irr_2030y_SOC,cf_mean,75.83324,Marquesas tropical moist forests,1.0,Tropical & Subtropical Moist Broadleaf Forests,Oceania
50,Banana_irr_2030y_SOC,cf_mean,16.920132,Masai xeric grasslands and shrublands,7.0,"Tropical & Subtropical Grasslands, Savannas & Shrublands",Afrotropic
20,Banana_irr_2030y_SOC,cf_mean,72.67463,Mascarene forests,1.0,Tropical & Subtropical Moist Broadleaf Forests,Afrotropic
481,Banana_irr_2030y_SOC,cf_mean,26.760406,Mato Grosso tropical dry forests,1.0,Tropical & Subtropical Moist Broadleaf Forests,Neotropic
796,Banana_irr_2030y_SOC,cf_mean,27.066029,Mediterranean Acacia-Argania dry woodlands and succulent thickets,12.0,"Mediterranean Forests, Woodlands & Scrub",Palearctic
701,Banana_irr_2030y_SOC,cf_mean,43.34918,Mediterranean conifer and mixed forests,5.0,Temperate Conifer Forests,Palearctic
797,Banana_irr_2030y_SOC,cf_mean,28.829075,Mediterranean dry woodlands and steppe,12.0,"Mediterranean Forests, Woodlands & Scrub",Palearctic
758,Banana_irr_2030y_SOC,cf_mean,,Mediterranean High Atlas juniper steppe,10.0,Montane Grasslands & Shrublands,Palearctic
798,Banana_irr_2030y_SOC,cf_mean,38.024754,Mediterranean woodlands and forests,12.0,"Mediterranean Forests, Woodlands & Scrub",Palearctic
244,Banana_irr_2030y_SOC,cf_mean,41.691483,Meghalaya subtropical forests,1.0,Tropical & Subtropical Moist Broadleaf Forests,Indomalayan
245,Banana_irr_2030y_SOC,cf_mean,137.43715,Mentawai Islands rain forests,1.0,Tropical & Subtropical Moist Broadleaf Forests,Indomalayan
432,Banana_irr_2030y_SOC,cf_mean,27.724232,Meseta Central matorral,13.0,Deserts & Xeric Shrublands,Nearctic
613,Banana_irr_2030y_SOC,cf_mean,65.372314,Mesoamerican Gulf-Caribbean mangroves,14.0,Mangroves,Neotropic
830,Banana_irr_2030y_SOC,cf_mean,25.936012,Mesopotamian shrub desert,13.0,Deserts & Xeric Shrublands,Palearctic
376,Banana_irr_2030y_SOC,cf_mean,,Mid-Canada Boreal Plains forests,6.0,Boreal Forests/Taiga,Nearctic
414,Banana_irr_2030y_SOC,cf_mean,,Canadian Middle Arctic Tundra,11.0,Tundra,Nearctic
393,Banana_irr_2030y_SOC,cf_mean,51.86144,Mid-Atlantic US coastal savannas,8.0,"Temperate Grasslands, Savannas & Shrublands",Nearctic
377,Banana_irr_2030y_SOC,cf_mean,,Midwest Canadian Shield forests,6.0,Boreal Forests/Taiga,Nearctic
247,Banana_irr_2030y_SOC,cf_mean,56.49637,Mindanao-Eastern Visayas rain forests,1.0,Tropical & Subtropical Moist Broadleaf Forests,Indomalayan
246,Banana_irr_2030y_SOC,cf_mean,52.488323,Mindanao montane rain forests,1.0,Tropical & Subtropical Moist Broadleaf Forests,Indomalayan
248,Banana_irr_2030y_SOC,cf_mean,90.940216,Mindoro rain forests,1.0,Tropical & Subtropical Moist Broadleaf Forests,Indomalayan
573,Banana_irr_2030y_SOC,cf_mean,52.794117,Miskito pine forests,7.0,"Tropical & Subtropical Grasslands, Savannas & Shrublands",Neotropic
337,Banana_irr_2030y_SOC,cf_mean,49.596542,Mississippi lowland forests,4.0,Temperate Broadleaf & Mixed Forests,Nearctic
187,Banana_irr_2030y_SOC,cf_mean,17.495367,Mitchell Grass Downs,7.0,"Tropical & Subtropical Grasslands, Savannas & Shrublands",Australasia
249,Banana_irr_2030y_SOC,cf_mean,43.738174,Mizoram-Manipur-Kachin rain forests,1.0,Tropical & Subtropical Moist Broadleaf Forests,Indomalayan
433,Banana_irr_2030y_SOC,cf_mean,10.821335,Mojave desert,13.0,Deserts & Xeric Shrublands,Nearctic
734,Banana_irr_2030y_SOC,cf_mean,,Mongolian-Manchurian grassland,8.0,"Temperate Grasslands, Savannas & Shrublands",Palearctic
394,Banana_irr_2030y_SOC,cf_mean,,Montana Valley and Foothill grasslands,8.0,"Temperate Grasslands, Savannas & Shrublands",Nearctic
482,Banana_irr_2030y_SOC,cf_mean,27.24114,Monte Alegre várzea,1.0,Tropical & Subtropical Moist Broadleaf Forests,Neotropic
605,Banana_irr_2030y_SOC,cf_mean,43.348766,Motagua Valley thornscrub,13.0,Deserts & Xeric Shrublands,Neotropic
21,Banana_irr_2030y_SOC,cf_mean,52.142097,Mount Cameroon and Bioko montane forests,1.0,Tropical & Subtropical Moist Broadleaf Forests,Afrotropic
84,Banana_irr_2030y_SOC,cf_mean,36.60267,Mulanje Montane forest-grassland,10.0,Montane Grasslands & Shrublands,Afrotropic
203,Banana_irr_2030y_SOC,cf_mean,26.210522,Murray-Darling woodlands and mallee,12.0,"Mediterranean Forests, Woodlands & Scrub",Australasia
378,Banana_irr_2030y_SOC,cf_mean,,Muskwa-Slave Lake taiga,6.0,Boreal Forests/Taiga,Nearctic
321,Banana_irr_2030y_SOC,cf_mean,39.259815,Myanmar Coast mangroves,14.0,Mangroves,Indomalayan
250,Banana_irr_2030y_SOC,cf_mean,,Myanmar coastal rain forests,1.0,Tropical & Subtropical Moist Broadleaf Forests,Indomalayan
101,Banana_irr_2030y_SOC,cf_mean,28.755695,Nama Karoo shrublands,13.0,Deserts & Xeric Shrublands,Afrotropic
102,Banana_irr_2030y_SOC,cf_mean,29.204092,Namaqualand-Richtersveld steppe,13.0,Deserts & Xeric Shrublands,Afrotropic
103,Banana_irr_2030y_SOC,cf_mean,,Namib Desert,13.0,Deserts & Xeric Shrublands,Afrotropic
104,Banana_irr_2030y_SOC,cf_mean,22.495762,Namibian savanna woodlands,13.0,Deserts & Xeric Shrublands,Afrotropic
251,Banana_irr_2030y_SOC,cf_mean,76.616066,Nansei Islands subtropical evergreen forests,1.0,Tropical & Subtropical Moist Broadleaf Forests,Indomalayan
483,Banana_irr_2030y_SOC,cf_mean,36.25699,Napo moist forests,1.0,Tropical & Subtropical Moist Broadleaf Forests,Neotropic
204,Banana_irr_2030y_SOC,cf_mean,27.497143,Naracoorte woodlands,12.0,"Mediterranean Forests, Woodlands & Scrub",Australasia
296,Banana_irr_2030y_SOC,cf_mean,26.103132,Narmada Valley dry deciduous forests,2.0,Tropical & Subtropical Dry Broadleaf Forests,Indomalayan
395,Banana_irr_2030y_SOC,cf_mean,,Nebraska Sand Hills mixed grasslands,8.0,"Temperate Grasslands, Savannas & Shrublands",Nearctic
484,Banana_irr_2030y_SOC,cf_mean,27.809654,Negro-Branco moist forests,1.0,Tropical & Subtropical Moist Broadleaf Forests,Neotropic
170,Banana_irr_2030y_SOC,cf_mean,,Nelson Coast temperate forests,4.0,Temperate Broadleaf & Mixed Forests,Australasia
743,Banana_irr_2030y_SOC,cf_mean,,Nenjiang River grassland,9.0,Flooded Grasslands & Savannas,Palearctic
144,Banana_irr_2030y_SOC,cf_mean,73.976074,New Britain-New Ireland lowland rain forests,1.0,Tropical & Subtropical Moist Broadleaf Forests,Australasia
145,Banana_irr_2030y_SOC,cf_mean,69.889015,New Britain-New Ireland montane rain forests,1.0,Tropical & Subtropical Moist Broadleaf Forests,Australasia
164,Banana_irr_2030y_SOC,cf_mean,51.531326,New Caledonia dry forests,2.0,Tropical & Subtropical Dry Broadleaf Forests,Australasia
146,Banana_irr_2030y_SOC,cf_mean,63.97985,New Caledonia rain forests,1.0,Tropical & Subtropical Moist Broadleaf Forests,Australasia
338,Banana_irr_2030y_SOC,cf_mean,,New England-Acadian forests,4.0,Temperate Broadleaf & Mixed Forests,Nearctic
217,Banana_irr_2030y_SOC,cf_mean,69.52038,New Guinea mangroves,14.0,Mangroves,Australasia
252,Banana_irr_2030y_SOC,cf_mean,118.94961,Nicobar Islands rain forests,1.0,Tropical & Subtropical Moist Broadleaf Forests,Indomalayan
22,Banana_irr_2030y_SOC,cf_mean,30.429873,Niger Delta swamp forests,1.0,Tropical & Subtropical Moist Broadleaf Forests,Afrotropic
23,Banana_irr_2030y_SOC,cf_mean,22.462315,Nigerian lowland forests,1.0,Tropical & Subtropical Moist Broadleaf Forests,Afrotropic
670,Banana_irr_2030y_SOC,cf_mean,,Nihonkai evergreen forests,4.0,Temperate Broadleaf & Mixed Forests,Palearctic
671,Banana_irr_2030y_SOC,cf_mean,,Nihonkai montane deciduous forests,4.0,Temperate Broadleaf & Mixed Forests,Palearctic
744,Banana_irr_2030y_SOC,cf_mean,31.99261,Nile Delta flooded savanna,9.0,Flooded Grasslands & Savannas,Palearctic
147,Banana_irr_2030y_SOC,cf_mean,,Norfolk Island subtropical forests,1.0,Tropical & Subtropical Moist Broadleaf Forests,Australasia
126,Banana_irr_2030y_SOC,cf_mean,,Northeast Antarctic Peninsula tundra,11.0,Tundra,Antarctica
127,Banana_irr_2030y_SOC,cf_mean,,Northwest Antarctic Peninsula tundra,11.0,Tundra,Antarctica
831,Banana_irr_2030y_SOC,cf_mean,18.502724,North Arabian desert,13.0,Deserts & Xeric Shrublands,Palearctic
832,Banana_irr_2030y_SOC,cf_mean,18.814188,North Arabian highland shrublands,13.0,Deserts & Xeric Shrublands,Palearctic
171,Banana_irr_2030y_SOC,cf_mean,,New Zealand North Island temperate forests,4.0,Temperate Broadleaf & Mixed Forests,Australasia
833,Banana_irr_2030y_SOC,cf_mean,15.982901,North Saharan Xeric Steppe and Woodland,13.0,Deserts & Xeric Shrublands,Palearctic
106,Banana_irr_2030y_SOC,cf_mean,25.542303,Somali montane xeric woodlands,13.0,Deserts & Xeric Shrublands,Afrotropic
759,Banana_irr_2030y_SOC,cf_mean,,North Tibetan Plateau-Kunlun Mountains alpine desert,10.0,Montane Grasslands & Shrublands,Palearctic
125,Banana_irr_2030y_SOC,cf_mean,,North Victoria Land tundra,11.0,Tundra,Antarctica
253,Banana_irr_2030y_SOC,cf_mean,38.982994,North Western Ghats moist deciduous forests,1.0,Tropical & Subtropical Moist Broadleaf Forests,Indomalayan
254,Banana_irr_2030y_SOC,cf_mean,44.3511,North Western Ghats montane rain forests,1.0,Tropical & Subtropical Moist Broadleaf Forests,Indomalayan
673,Banana_irr_2030y_SOC,cf_mean,,Northeast China Plain deciduous forests,4.0,Temperate Broadleaf & Mixed Forests,Palearctic
304,Banana_irr_2030y_SOC,cf_mean,49.51887,Northeast India-Myanmar pine forests,3.0,Tropical & Subtropical Coniferous Forests,Indomalayan
775,Banana_irr_2030y_SOC,cf_mean,,Northeast Siberian coastal tundra,11.0,Tundra,Palearctic
714,Banana_irr_2030y_SOC,cf_mean,,Northeast Siberian taiga,6.0,Boreal Forests/Taiga,Palearctic
485,Banana_irr_2030y_SOC,cf_mean,35.833122,Northeast Brazil restingas,1.0,Tropical & Subtropical Moist Broadleaf Forests,Neotropic
24,Banana_irr_2030y_SOC,cf_mean,27.976046,Northeast Congolian lowland forests,1.0,Tropical & Subtropical Moist Broadleaf Forests,Afrotropic
702,Banana_irr_2030y_SOC,cf_mean,,Northeast Himalayan subalpine conifer forests,5.0,Temperate Conifer Forests,Palearctic
799,Banana_irr_2030y_SOC,cf_mean,45.972416,Northeast Spain and Southern France Mediterranean forests,12.0,"Mediterranean Forests, Woodlands & Scrub",Palearctic
339,Banana_irr_2030y_SOC,cf_mean,,Northeast US Coastal forests,4.0,Temperate Broadleaf & Mixed Forests,Nearctic
51,Banana_irr_2030y_SOC,cf_mean,23.193544,Northern Acacia-Commiphora bushlands and thickets,7.0,"Tropical & Subtropical Grasslands, Savannas & Shrublands",Afrotropic
703,Banana_irr_2030y_SOC,cf_mean,,Northern Anatolian conifer and deciduous forests,5.0,Temperate Conifer Forests,Palearctic
593,Banana_irr_2030y_SOC,cf_mean,61.767365,Northern Andean páramo,10.0,Montane Grasslands & Shrublands,Neotropic
255,Banana_irr_2030y_SOC,cf_mean,38.483143,Northern Annamites rain forests,1.0,Tropical & Subtropical Moist Broadleaf Forests,Indomalayan
359,Banana_irr_2030y_SOC,cf_mean,,Northern California coastal forests,5.0,Temperate Conifer Forests,Nearctic
379,Banana_irr_2030y_SOC,cf_mean,,Northern Canadian Shield taiga,6.0,Boreal Forests/Taiga,Nearctic
52,Banana_irr_2030y_SOC,cf_mean,26.067427,Northern Congolian Forest-Savanna,7.0,"Tropical & Subtropical Grasslands, Savannas & Shrublands",Afrotropic
297,Banana_irr_2030y_SOC,cf_mean,30.93186,North Deccan dry deciduous forests,2.0,Tropical & Subtropical Dry Broadleaf Forests,Indomalayan
256,Banana_irr_2030y_SOC,cf_mean,43.5206,Northern Indochina subtropical forests,1.0,Tropical & Subtropical Moist Broadleaf Forests,Indomalayan
257,Banana_irr_2030y_SOC,cf_mean,28.422644,Northern Khorat Plateau moist deciduous forests,1.0,Tropical & Subtropical Moist Broadleaf Forests,Indomalayan
614,Banana_irr_2030y_SOC,cf_mean,37.49537,Northern Mesoamerican Pacific mangroves,14.0,Mangroves,Neotropic
148,Banana_irr_2030y_SOC,cf_mean,46.282337,Northern New Guinea lowland rain and freshwater swamp forests,1.0,Tropical & Subtropical Moist Broadleaf Forests,Australasia
149,Banana_irr_2030y_SOC,cf_mean,49.0447,Northern New Guinea montane rain forests,1.0,Tropical & Subtropical Moist Broadleaf Forests,Australasia
396,Banana_irr_2030y_SOC,cf_mean,,Northern Shortgrass prairie,8.0,"Temperate Grasslands, Savannas & Shrublands",Nearctic
25,Banana_irr_2030y_SOC,cf_mean,27.44279,Northern Swahili coastal forests,1.0,Tropical & Subtropical Moist Broadleaf Forests,Afrotropic
397,Banana_irr_2030y_SOC,cf_mean,,Northern Tallgrass prairie,8.0,"Temperate Grasslands, Savannas & Shrublands",Nearctic
258,Banana_irr_2030y_SOC,cf_mean,33.4399,Northern Thailand-Laos moist deciduous forests,1.0,Tropical & Subtropical Moist Broadleaf Forests,Indomalayan
259,Banana_irr_2030y_SOC,cf_mean,,Northern Triangle subtropical forests,1.0,Tropical & Subtropical Moist Broadleaf Forests,Indomalayan
307,Banana_irr_2030y_SOC,cf_mean,56.251743,Northern Triangle temperate forests,4.0,Temperate Broadleaf & Mixed Forests,Indomalayan
260,Banana_irr_2030y_SOC,cf_mean,37.628674,Northern Vietnam lowland rain forests,1.0,Tropical & Subtropical Moist Broadleaf Forests,Indomalayan
173,Banana_irr_2030y_SOC,cf_mean,,Northland temperate kauri forests,4.0,Temperate Broadleaf & Mixed Forests,Australasia
800,Banana_irr_2030y_SOC,cf_mean,,Northwest Iberian montane forests,12.0,"Mediterranean Forests, Woodlands & Scrub",Palearctic
776,Banana_irr_2030y_SOC,cf_mean,,Northwest Russian-Novaya Zemlya tundra,11.0,Tundra,Palearctic
486,Banana_irr_2030y_SOC,cf_mean,52.775616,Northwest Andean montane forests,1.0,Tropical & Subtropical Moist Broadleaf Forests,Neotropic
26,Banana_irr_2030y_SOC,cf_mean,28.243464,Northwest Congolian lowland forests,1.0,Tropical & Subtropical Moist Broadleaf Forests,Afrotropic
641,Banana_irr_2030y_SOC,cf_mean,,Northwest Hawai'i scrub,7.0,"Tropical & Subtropical Grasslands, Savannas & Shrublands",Oceania
760,Banana_irr_2030y_SOC,cf_mean,,Northwestern Himalayan alpine shrub and meadows,10.0,Montane Grasslands & Shrublands,Palearctic
314,Banana_irr_2030y_SOC,cf_mean,16.617918,Aravalli west thorn scrub forests,13.0,Deserts & Xeric Shrublands,Indomalayan
777,Banana_irr_2030y_SOC,cf_mean,,Novosibirsk Islands Arctic desert,11.0,Tundra,Palearctic
704,Banana_irr_2030y_SOC,cf_mean,55.572945,Nujiang Langcang Gorge alpine conifer and mixed forests,5.0,Temperate Conifer Forests,Palearctic
212,Banana_irr_2030y_SOC,cf_mean,27.063856,Nullarbor Plains xeric shrublands,13.0,Deserts & Xeric Shrublands,Australasia
85,Banana_irr_2030y_SOC,cf_mean,31.608297,Nyanga-Chimanimani Montane forest-grassland,10.0,Montane Grasslands & Shrublands,Afrotropic
487,Banana_irr_2030y_SOC,cf_mean,53.070824,Oaxacan montane forests,1.0,Tropical & Subtropical Moist Broadleaf Forests,Neotropic
626,Banana_irr_2030y_SOC,cf_mean,,Ogasawara subtropical moist forests,1.0,Tropical & Subtropical Moist Broadleaf Forests,Oceania
419,Banana_irr_2030y_SOC,cf_mean,,Ogilvie-MacKenzie alpine tundra,11.0,Tundra,Nearctic
362,Banana_irr_2030y_SOC,cf_mean,,Okanogan dry forests,5.0,Temperate Conifer Forests,Nearctic
715,Banana_irr_2030y_SOC,cf_mean,,Okhotsk-Manchurian taiga,6.0,Boreal Forests/Taiga,Palearctic
761,Banana_irr_2030y_SOC,cf_mean,,Ordos Plateau steppe,10.0,Montane Grasslands & Shrublands,Palearctic
488,Banana_irr_2030y_SOC,cf_mean,72.62083,Orinoco Delta swamp forests,1.0,Tropical & Subtropical Moist Broadleaf Forests,Neotropic
583,Banana_irr_2030y_SOC,cf_mean,,Orinoco wetlands,9.0,Flooded Grasslands & Savannas,Neotropic
261,Banana_irr_2030y_SOC,cf_mean,47.4295,Orissa semi-evergreen forests,1.0,Tropical & Subtropical Moist Broadleaf Forests,Indomalayan
340,Banana_irr_2030y_SOC,cf_mean,,Ozark Highlands mixed forests,4.0,Temperate Broadleaf & Mixed Forests,Nearctic
341,Banana_irr_2030y_SOC,cf_mean,,Ozark Mountain forests,4.0,Temperate Broadleaf & Mixed Forests,Nearctic
420,Banana_irr_2030y_SOC,cf_mean,,Pacific Coastal Mountain icefields and tundra,11.0,Tundra,Nearctic
627,Banana_irr_2030y_SOC,cf_mean,,Palau tropical moist forests,1.0,Tropical & Subtropical Moist Broadleaf Forests,Oceania
262,Banana_irr_2030y_SOC,cf_mean,84.3913,Palawan rain forests,1.0,Tropical & Subtropical Moist Broadleaf Forests,Indomalayan
398,Banana_irr_2030y_SOC,cf_mean,,Palouse prairie,8.0,"Temperate Grasslands, Savannas & Shrublands",Nearctic
762,Banana_irr_2030y_SOC,cf_mean,,Pamir alpine desert and tundra,10.0,Montane Grasslands & Shrublands,Palearctic
541,Banana_irr_2030y_SOC,cf_mean,32.55247,Panamanian dry forests,2.0,Tropical & Subtropical Dry Broadleaf Forests,Neotropic
674,Banana_irr_2030y_SOC,cf_mean,,Pannonian mixed forests,4.0,Temperate Broadleaf & Mixed Forests,Palearctic
584,Banana_irr_2030y_SOC,cf_mean,21.04728,Pantanal,9.0,Flooded Grasslands & Savannas,Neotropic
489,Banana_irr_2030y_SOC,cf_mean,41.06794,Pantanos de Centla,1.0,Tropical & Subtropical Moist Broadleaf Forests,Neotropic
490,Banana_irr_2030y_SOC,cf_mean,41.41156,Pantepui forests & shrublands,1.0,Tropical & Subtropical Moist Broadleaf Forests,Neotropic
606,Banana_irr_2030y_SOC,cf_mean,,Paraguaná xeric scrub,13.0,Deserts & Xeric Shrublands,Neotropic
585,Banana_irr_2030y_SOC,cf_mean,42.413616,Paraná flooded savanna,9.0,Flooded Grasslands & Savannas,Neotropic
834,Banana_irr_2030y_SOC,cf_mean,,Paropamisus xeric woodlands,13.0,Deserts & Xeric Shrublands,Palearctic
578,Banana_irr_2030y_SOC,cf_mean,,Patagonian steppe,8.0,"Temperate Grasslands, Savannas & Shrublands",Neotropic
542,Banana_irr_2030y_SOC,cf_mean,53.99264,Patía valley dry forests,2.0,Tropical & Subtropical Dry Broadleaf Forests,Neotropic
263,Banana_irr_2030y_SOC,cf_mean,45.37211,Peninsular Malaysian montane rain forests,1.0,Tropical & Subtropical Moist Broadleaf Forests,Indomalayan
264,Banana_irr_2030y_SOC,cf_mean,54.476643,Peninsular Malaysian peat swamp forests,1.0,Tropical & Subtropical Moist Broadleaf Forests,Indomalayan
265,Banana_irr_2030y_SOC,cf_mean,40.315346,Peninsular Malaysian rain forests,1.0,Tropical & Subtropical Moist Broadleaf Forests,Indomalayan
491,Banana_irr_2030y_SOC,cf_mean,37.237377,Pernambuco coastal forests,1.0,Tropical & Subtropical Moist Broadleaf Forests,Neotropic
492,Banana_irr_2030y_SOC,cf_mean,28.908468,Pernambuco interior forests,1.0,Tropical & Subtropical Moist Broadleaf Forests,Neotropic
493,Banana_irr_2030y_SOC,cf_mean,49.082935,Peruvian Yungas,1.0,Tropical & Subtropical Moist Broadleaf Forests,Neotropic
494,Banana_irr_2030y_SOC,cf_mean,43.56977,Petén-Veracruz moist forests,1.0,Tropical & Subtropical Moist Broadleaf Forests,Neotropic
213,Banana_irr_2030y_SOC,cf_mean,17.464376,Pilbara shrublands,13.0,Deserts & Xeric Shrublands,Australasia
801,Banana_irr_2030y_SOC,cf_mean,,Pindus Mountains mixed forests,12.0,"Mediterranean Forests, Woodlands & Scrub",Palearctic
363,Banana_irr_2030y_SOC,cf_mean,23.710384,Piney Woods,5.0,Temperate Conifer Forests,Nearctic
675,Banana_irr_2030y_SOC,cf_mean,,Po Basin mixed forests,4.0,Temperate Broadleaf & Mixed Forests,Palearctic
735,Banana_irr_2030y_SOC,cf_mean,,Pontic steppe,8.0,"Temperate Grasslands, Savannas & Shrublands",Palearctic
128,Banana_irr_2030y_SOC,cf_mean,,Prince Charles Mountains tundra,11.0,Tundra,Antarctica
543,Banana_irr_2030y_SOC,cf_mean,93.02793,Puerto Rican dry forests,2.0,Tropical & Subtropical Dry Broadleaf Forests,Neotropic
495,Banana_irr_2030y_SOC,cf_mean,105.699776,Puerto Rican moist forests,1.0,Tropical & Subtropical Moist Broadleaf Forests,Neotropic
364,Banana_irr_2030y_SOC,cf_mean,,Puget lowland forests,5.0,Temperate Conifer Forests,Nearctic
497,Banana_irr_2030y_SOC,cf_mean,26.48065,Purus-Madeira moist forests,1.0,Tropical & Subtropical Moist Broadleaf Forests,Neotropic
496,Banana_irr_2030y_SOC,cf_mean,30.6156,Purus várzea,1.0,Tropical & Subtropical Moist Broadleaf Forests,Neotropic
676,Banana_irr_2030y_SOC,cf_mean,,Pyrenees conifer and mixed forests,4.0,Temperate Broadleaf & Mixed Forests,Palearctic
835,Banana_irr_2030y_SOC,cf_mean,,Qaidam Basin semi-desert,13.0,Deserts & Xeric Shrublands,Palearctic
705,Banana_irr_2030y_SOC,cf_mean,,Qilian Mountains conifer forests,5.0,Temperate Conifer Forests,Palearctic
763,Banana_irr_2030y_SOC,cf_mean,,Qilian Mountains subalpine meadows,10.0,Montane Grasslands & Shrublands,Palearctic
677,Banana_irr_2030y_SOC,cf_mean,,Qin Ling Mountains deciduous forests,4.0,Temperate Broadleaf & Mixed Forests,Palearctic
706,Banana_irr_2030y_SOC,cf_mean,,Qionglai-Minshan conifer forests,5.0,Temperate Conifer Forests,Palearctic
150,Banana_irr_2030y_SOC,cf_mean,49.358124,Queensland tropical rain forests,1.0,Tropical & Subtropical Moist Broadleaf Forests,Australasia
174,Banana_irr_2030y_SOC,cf_mean,,Rakiura Island temperate forests,4.0,Temperate Broadleaf & Mixed Forests,Australasia
312,Banana_irr_2030y_SOC,cf_mean,18.30885,Rann of Kutch seasonal salt marsh,9.0,Flooded Grasslands & Savannas,Indomalayan
628,Banana_irr_2030y_SOC,cf_mean,,Rapa Nui and Sala y Gómez subtropical forests,1.0,Tropical & Subtropical Moist Broadleaf Forests,Oceania
266,Banana_irr_2030y_SOC,cf_mean,32.867737,Red River freshwater swamp forests,1.0,Tropical & Subtropical Moist Broadleaf Forests,Indomalayan
837,Banana_irr_2030y_SOC,cf_mean,19.128159,Red Sea-Arabian Desert shrublands,13.0,Deserts & Xeric Shrublands,Palearctic
836,Banana_irr_2030y_SOC,cf_mean,21.299036,Red Sea coastal desert,13.0,Deserts & Xeric Shrublands,Palearctic
115,Banana_irr_2030y_SOC,cf_mean,32.386745,Red Sea mangroves,14.0,Mangroves,Afrotropic
838,Banana_irr_2030y_SOC,cf_mean,8.353725,Registan-North Pakistan sandy desert,13.0,Deserts & Xeric Shrublands,Palearctic
90,Banana_irr_2030y_SOC,cf_mean,48.706974,Renosterveld shrubland,12.0,"Mediterranean Forests, Woodlands & Scrub",Afrotropic
175,Banana_irr_2030y_SOC,cf_mean,,Richmond temperate forests,4.0,Temperate Broadleaf & Mixed Forests,Australasia
498,Banana_irr_2030y_SOC,cf_mean,28.372723,Rio Negro campinarana,1.0,Tropical & Subtropical Moist Broadleaf Forests,Neotropic
678,Banana_irr_2030y_SOC,cf_mean,,Rodope montane mixed forests,4.0,Temperate Broadleaf & Mixed Forests,Palearctic
86,Banana_irr_2030y_SOC,cf_mean,,Rwenzori-Virunga montane moorlands,10.0,Montane Grasslands & Shrublands,Afrotropic
745,Banana_irr_2030y_SOC,cf_mean,18.452532,Saharan halophytics,9.0,Flooded Grasslands & Savannas,Palearctic
53,Banana_irr_2030y_SOC,cf_mean,13.8918295,Sahelian Acacia savanna,7.0,"Tropical & Subtropical Grasslands, Savannas & Shrublands",Afrotropic
716,Banana_irr_2030y_SOC,cf_mean,,Sakhalin Island taiga,6.0,Boreal Forests/Taiga,Palearctic
629,Banana_irr_2030y_SOC,cf_mean,87.281265,Samoan tropical moist forests,1.0,Tropical & Subtropical Moist Broadleaf Forests,Oceania
562,Banana_irr_2030y_SOC,cf_mean,,San Félix-San Ambrosio Islands temperate forests,4.0,Temperate Broadleaf & Mixed Forests,Neotropic
607,Banana_irr_2030y_SOC,cf_mean,53.993706,San Lucan xeric scrub,13.0,Deserts & Xeric Shrublands,Neotropic
425,Banana_irr_2030y_SOC,cf_mean,32.48565,Santa Lucia Montane Chaparral & Woodlands,12.0,"Mediterranean Forests, Woodlands & Scrub",Nearctic
499,Banana_irr_2030y_SOC,cf_mean,57.883053,Santa Marta montane forests,1.0,Tropical & Subtropical Moist Broadleaf Forests,Neotropic
594,Banana_irr_2030y_SOC,cf_mean,,Santa Marta páramo,10.0,Montane Grasslands & Shrublands,Neotropic
27,Banana_irr_2030y_SOC,cf_mean,81.85714,"São Tomé, Príncipe, and Annobón forests",1.0,Tropical & Subtropical Moist Broadleaf Forests,Afrotropic
679,Banana_irr_2030y_SOC,cf_mean,,Sarmatic mixed forests,4.0,Temperate Broadleaf & Mixed Forests,Palearctic
764,Banana_irr_2030y_SOC,cf_mean,,Sayan alpine meadows and tundra,10.0,Montane Grasslands & Shrublands,Palearctic
736,Banana_irr_2030y_SOC,cf_mean,,Sayan Intermontane steppe,8.0,"Temperate Grasslands, Savannas & Shrublands",Palearctic
707,Banana_irr_2030y_SOC,cf_mean,,Sayan montane conifer forests,5.0,Temperate Conifer Forests,Palearctic
717,Banana_irr_2030y_SOC,cf_mean,,Scandinavian and Russian taiga,6.0,Boreal Forests/Taiga,Palearctic
708,Banana_irr_2030y_SOC,cf_mean,,Scandinavian coastal conifer forests,5.0,Temperate Conifer Forests,Palearctic
780,Banana_irr_2030y_SOC,cf_mean,,Scandinavian Montane Birch forest and grasslands,11.0,Tundra,Palearctic
129,Banana_irr_2030y_SOC,cf_mean,,Scotia Sea Islands tundra,11.0,Tundra,Antarctica
608,Banana_irr_2030y_SOC,cf_mean,26.598492,Sechura desert,13.0,Deserts & Xeric Shrublands,Neotropic
737,Banana_irr_2030y_SOC,cf_mean,,Selenge-Orkhon forest steppe,8.0,"Temperate Grasslands, Savannas & Shrublands",Palearctic
151,Banana_irr_2030y_SOC,cf_mean,135.33298,Seram rain forests,1.0,Tropical & Subtropical Moist Broadleaf Forests,Australasia
54,Banana_irr_2030y_SOC,cf_mean,18.545736,Serengeti volcanic grasslands,7.0,"Tropical & Subtropical Grasslands, Savannas & Shrublands",Afrotropic
500,Banana_irr_2030y_SOC,cf_mean,48.090088,Serra do Mar coastal forests,1.0,Tropical & Subtropical Moist Broadleaf Forests,Neotropic
680,Banana_irr_2030y_SOC,cf_mean,,Sichuan Basin evergreen broadleaf forests,4.0,Temperate Broadleaf & Mixed Forests,Palearctic
544,Banana_irr_2030y_SOC,cf_mean,62.208046,Sierra de la Laguna dry forests,2.0,Tropical & Subtropical Dry Broadleaf Forests,Neotropic
556,Banana_irr_2030y_SOC,cf_mean,78.699394,Sierra de la Laguna pine-oak forests,3.0,Tropical & Subtropical Coniferous Forests,Neotropic
501,Banana_irr_2030y_SOC,cf_mean,71.05475,Sierra de los Tuxtlas,1.0,Tropical & Subtropical Moist Broadleaf Forests,Neotropic
502,Banana_irr_2030y_SOC,cf_mean,60.397438,Sierra Madre de Chiapas moist forests,1.0,Tropical & Subtropical Moist Broadleaf Forests,Neotropic
557,Banana_irr_2030y_SOC,cf_mean,39.76342,Sierra Madre de Oaxaca pine-oak forests,3.0,Tropical & Subtropical Coniferous Forests,Neotropic
558,Banana_irr_2030y_SOC,cf_mean,39.530235,Sierra Madre del Sur pine-oak forests,3.0,Tropical & Subtropical Coniferous Forests,Neotropic
326,Banana_irr_2030y_SOC,cf_mean,33.974915,Sierra Madre Occidental pine-oak forests,3.0,Tropical & Subtropical Coniferous Forests,Nearctic
327,Banana_irr_2030y_SOC,cf_mean,37.442253,Sierra Madre Oriental pine-oak forests,3.0,Tropical & Subtropical Coniferous Forests,Nearctic
366,Banana_irr_2030y_SOC,cf_mean,,Sierra Nevada forests,5.0,Temperate Conifer Forests,Nearctic
214,Banana_irr_2030y_SOC,cf_mean,18.710379,Simpson desert,13.0,Deserts & Xeric Shrublands,Australasia
545,Banana_irr_2030y_SOC,cf_mean,31.658836,Sinaloan dry forests,2.0,Tropical & Subtropical Dry Broadleaf Forests,Neotropic
546,Banana_irr_2030y_SOC,cf_mean,33.502056,Sinú Valley dry forests,2.0,Tropical & Subtropical Dry Broadleaf Forests,Neotropic
434,Banana_irr_2030y_SOC,cf_mean,,Snake-Columbia shrub steppe,13.0,Deserts & Xeric Shrublands,Nearctic
630,Banana_irr_2030y_SOC,cf_mean,79.991,Society Islands tropical moist forests,1.0,Tropical & Subtropical Moist Broadleaf Forests,Oceania
105,Banana_irr_2030y_SOC,cf_mean,47.247154,Socotra Island xeric shrublands,13.0,Deserts & Xeric Shrublands,Afrotropic
503,Banana_irr_2030y_SOC,cf_mean,32.071133,Solimões-Japurá moist forests,1.0,Tropical & Subtropical Moist Broadleaf Forests,Neotropic
152,Banana_irr_2030y_SOC,cf_mean,82.35833,Solomon Islands rain forests,1.0,Tropical & Subtropical Moist Broadleaf Forests,Australasia
55,Banana_irr_2030y_SOC,cf_mean,24.451588,Somali Acacia-Commiphora bushlands and thickets,7.0,"Tropical & Subtropical Grasslands, Savannas & Shrublands",Afrotropic
324,Banana_irr_2030y_SOC,cf_mean,25.094946,Sonoran-Sinaloan subtropical dry forest,2.0,Tropical & Subtropical Dry Broadleaf Forests,Nearctic
435,Banana_irr_2030y_SOC,cf_mean,14.556543,Sonoran desert,13.0,Deserts & Xeric Shrublands,Nearctic
615,Banana_irr_2030y_SOC,cf_mean,57.513126,South American Pacific mangroves,14.0,Mangroves,Neotropic
130,Banana_irr_2030y_SOC,cf_mean,,South Antarctic Peninsula tundra,11.0,Tundra,Antarctica
802,Banana_irr_2030y_SOC,cf_mean,88.12665,South Apennine mixed montane forests,12.0,"Mediterranean Forests, Woodlands & Scrub",Palearctic
367,Banana_irr_2030y_SOC,cf_mean,,South Central Rockies forests,5.0,Temperate Conifer Forests,Nearctic
268,Banana_irr_2030y_SOC,cf_mean,41.181805,South China-Vietnam subtropical evergreen forests,1.0,Tropical & Subtropical Moist Broadleaf Forests,Indomalayan
267,Banana_irr_2030y_SOC,cf_mean,,South China Sea Islands,1.0,Tropical & Subtropical Moist Broadleaf Forests,Indomalayan
298,Banana_irr_2030y_SOC,cf_mean,32.308186,South Deccan Plateau dry deciduous forests,2.0,Tropical & Subtropical Dry Broadleaf Forests,Indomalayan
841,Banana_irr_2030y_SOC,cf_mean,8.199827,South Iran Nubo-Sindian desert and semi-desert,13.0,Deserts & Xeric Shrublands,Palearctic
194,Banana_irr_2030y_SOC,cf_mean,,New Zealand South Island montane grasslands,10.0,Montane Grasslands & Shrublands,Australasia
172,Banana_irr_2030y_SOC,cf_mean,,New Zealand South Island temperate forests,4.0,Temperate Broadleaf & Mixed Forests,Australasia
131,Banana_irr_2030y_SOC,cf_mean,,South Orkney Islands tundra,11.0,Tundra,Antarctica
842,Banana_irr_2030y_SOC,cf_mean,12.901399,South Sahara desert,13.0,Deserts & Xeric Shrublands,Palearctic
738,Banana_irr_2030y_SOC,cf_mean,,South Siberian forest steppe,8.0,"Temperate Grasslands, Savannas & Shrublands",Palearctic
269,Banana_irr_2030y_SOC,cf_mean,,South Taiwan monsoon rain forests,1.0,Tropical & Subtropical Moist Broadleaf Forests,Indomalayan
132,Banana_irr_2030y_SOC,cf_mean,,South Victoria Land tundra,11.0,Tundra,Antarctica
270,Banana_irr_2030y_SOC,cf_mean,40.347534,South Western Ghats moist deciduous forests,1.0,Tropical & Subtropical Moist Broadleaf Forests,Indomalayan
271,Banana_irr_2030y_SOC,cf_mean,51.279663,South Western Ghats montane rain forests,1.0,Tropical & Subtropical Moist Broadleaf Forests,Indomalayan
176,Banana_irr_2030y_SOC,cf_mean,75.380135,Southeast Australia temperate forests,4.0,Temperate Broadleaf & Mixed Forests,Australasia
192,Banana_irr_2030y_SOC,cf_mean,23.962925,Southeast Australia temperate savanna,8.0,"Temperate Grasslands, Savannas & Shrublands",Australasia
765,Banana_irr_2030y_SOC,cf_mean,,Southeast Tibet shrublands and meadows,10.0,Montane Grasslands & Shrublands,Palearctic
400,Banana_irr_2030y_SOC,cf_mean,,Southeast US mixed woodlands and savannas,8.0,"Temperate Grasslands, Savannas & Shrublands",Nearctic
399,Banana_irr_2030y_SOC,cf_mean,24.859196,Southeast US conifer savannas,8.0,"Temperate Grasslands, Savannas & Shrublands",Nearctic
803,Banana_irr_2030y_SOC,cf_mean,47.69854,Southeast Iberian shrubs and woodlands,12.0,"Mediterranean Forests, Woodlands & Scrub",Palearctic
299,Banana_irr_2030y_SOC,cf_mean,31.715801,Southeast Indochina dry evergreen forests,2.0,Tropical & Subtropical Dry Broadleaf Forests,Indomalayan
153,Banana_irr_2030y_SOC,cf_mean,61.689507,Southeast Papuan rain forests,1.0,Tropical & Subtropical Moist Broadleaf Forests,Australasia
57,Banana_irr_2030y_SOC,cf_mean,24.292482,Southern Acacia-Commiphora bushlands and thickets,7.0,"Tropical & Subtropical Grasslands, Savannas & Shrublands",Afrotropic
116,Banana_irr_2030y_SOC,cf_mean,60.70805,Southern Africa mangroves,14.0,Mangroves,Afrotropic
804,Banana_irr_2030y_SOC,cf_mean,32.923378,Southern Anatolian montane conifer and deciduous forests,12.0,"Mediterranean Forests, Woodlands & Scrub",Palearctic
595,Banana_irr_2030y_SOC,cf_mean,,Southern Andean steppe,10.0,Montane Grasslands & Shrublands,Neotropic
504,Banana_irr_2030y_SOC,cf_mean,41.494987,Southern Andean Yungas,1.0,Tropical & Subtropical Moist Broadleaf Forests,Neotropic
272,Banana_irr_2030y_SOC,cf_mean,41.176754,Southern Annamites montane rain forests,1.0,Tropical & Subtropical Moist Broadleaf Forests,Indomalayan
616,Banana_irr_2030y_SOC,cf_mean,54.19118,Southern Atlantic Brazilian mangroves,14.0,Mangroves,Neotropic
586,Banana_irr_2030y_SOC,cf_mean,36.59945,Southern Cone Mesopotamian savanna,9.0,Flooded Grasslands & Savannas,Neotropic
58,Banana_irr_2030y_SOC,cf_mean,22.016764,Southern Congolian forest-savanna,7.0,"Tropical & Subtropical Grasslands, Savannas & Shrublands",Afrotropic
342,Banana_irr_2030y_SOC,cf_mean,,Southern Great Lakes forests,4.0,Temperate Broadleaf & Mixed Forests,Nearctic
382,Banana_irr_2030y_SOC,cf_mean,,Southern Hudson Bay taiga,6.0,Boreal Forests/Taiga,Nearctic
133,Banana_irr_2030y_SOC,cf_mean,,Southern Indian Ocean Islands tundra,11.0,Tundra,Antarctica
681,Banana_irr_2030y_SOC,cf_mean,,Southern Korea evergreen forests,4.0,Temperate Broadleaf & Mixed Forests,Palearctic
617,Banana_irr_2030y_SOC,cf_mean,64.779396,Southern Mesoamerican Pacific mangroves,14.0,Mangroves,Neotropic
154,Banana_irr_2030y_SOC,cf_mean,51.930595,Southern New Guinea freshwater swamp forests,1.0,Tropical & Subtropical Moist Broadleaf Forests,Australasia
155,Banana_irr_2030y_SOC,cf_mean,44.590645,Southern New Guinea lowland rain forests,1.0,Tropical & Subtropical Moist Broadleaf Forests,Australasia
547,Banana_irr_2030y_SOC,cf_mean,41.269653,Southern Pacific dry forests,2.0,Tropical & Subtropical Dry Broadleaf Forests,Neotropic
87,Banana_irr_2030y_SOC,cf_mean,34.66573,Southern Rift Montane forest-grassland,10.0,Montane Grasslands & Shrublands,Afrotropic
28,Banana_irr_2030y_SOC,cf_mean,25.787786,Southern Swahili coastal forests and woodlands,1.0,Tropical & Subtropical Moist Broadleaf Forests,Afrotropic
300,Banana_irr_2030y_SOC,cf_mean,50.25471,Southern Vietnam lowland dry forests,2.0,Tropical & Subtropical Dry Broadleaf Forests,Indomalayan
505,Banana_irr_2030y_SOC,cf_mean,28.256927,Southwest Amazon moist forests,1.0,Tropical & Subtropical Moist Broadleaf Forests,Neotropic
108,Banana_irr_2030y_SOC,cf_mean,18.516348,Southwest Arabian Escarpment shrublands and woodlands,13.0,Deserts & Xeric Shrublands,Afrotropic
109,Banana_irr_2030y_SOC,cf_mean,18.41706,Southwest Arabian highland xeric scrub,13.0,Deserts & Xeric Shrublands,Afrotropic
205,Banana_irr_2030y_SOC,cf_mean,27.361883,Southwest Australia savanna,12.0,"Mediterranean Forests, Woodlands & Scrub",Australasia
206,Banana_irr_2030y_SOC,cf_mean,59.79347,Southwest Australia woodlands,12.0,"Mediterranean Forests, Woodlands & Scrub",Australasia
273,Banana_irr_2030y_SOC,cf_mean,49.184994,Southwest Borneo freshwater swamp forests,1.0,Tropical & Subtropical Moist Broadleaf Forests,Indomalayan
805,Banana_irr_2030y_SOC,cf_mean,41.036594,Southwest Iberian Mediterranean sclerophyllous and mixed forests,12.0,"Mediterranean Forests, Woodlands & Scrub",Palearctic
301,Banana_irr_2030y_SOC,cf_mean,,Sri Lanka dry-zone dry evergreen forests,2.0,Tropical & Subtropical Dry Broadleaf Forests,Indomalayan
274,Banana_irr_2030y_SOC,cf_mean,,Sri Lanka lowland rain forests,1.0,Tropical & Subtropical Moist Broadleaf Forests,Indomalayan
275,Banana_irr_2030y_SOC,cf_mean,,Sri Lanka montane rain forests,1.0,Tropical & Subtropical Moist Broadleaf Forests,Indomalayan
609,Banana_irr_2030y_SOC,cf_mean,,St. Peter and St. Paul Rocks,13.0,Deserts & Xeric Shrublands,Neotropic
110,Banana_irr_2030y_SOC,cf_mean,30.424807,Succulent Karoo xeric shrublands,13.0,Deserts & Xeric Shrublands,Afrotropic
74,Banana_irr_2030y_SOC,cf_mean,21.719013,Sudd flooded grasslands,9.0,Flooded Grasslands & Savannas,Afrotropic
746,Banana_irr_2030y_SOC,cf_mean,,Suiphun-Khanka meadows and forest meadows,9.0,Flooded Grasslands & Savannas,Palearctic
766,Banana_irr_2030y_SOC,cf_mean,9.486407,Sulaiman Range alpine meadows,10.0,Montane Grasslands & Shrublands,Palearctic
157,Banana_irr_2030y_SOC,cf_mean,78.67984,Sulawesi montane rain forests,1.0,Tropical & Subtropical Moist Broadleaf Forests,Australasia
276,Banana_irr_2030y_SOC,cf_mean,76.41527,Sulu Archipelago rain forests,1.0,Tropical & Subtropical Moist Broadleaf Forests,Indomalayan
277,Banana_irr_2030y_SOC,cf_mean,55.200638,Sumatran freshwater swamp forests,1.0,Tropical & Subtropical Moist Broadleaf Forests,Indomalayan
278,Banana_irr_2030y_SOC,cf_mean,57.730625,Sumatran lowland rain forests,1.0,Tropical & Subtropical Moist Broadleaf Forests,Indomalayan
279,Banana_irr_2030y_SOC,cf_mean,67.18675,Sumatran montane rain forests,1.0,Tropical & Subtropical Moist Broadleaf Forests,Indomalayan
280,Banana_irr_2030y_SOC,cf_mean,52.69758,Sumatran peat swamp forests,1.0,Tropical & Subtropical Moist Broadleaf Forests,Indomalayan
305,Banana_irr_2030y_SOC,cf_mean,82.18524,Sumatran tropical pine forests,3.0,Tropical & Subtropical Coniferous Forests,Indomalayan
165,Banana_irr_2030y_SOC,cf_mean,99.31282,Sumba deciduous forests,2.0,Tropical & Subtropical Dry Broadleaf Forests,Australasia
322,Banana_irr_2030y_SOC,cf_mean,75.479744,Sunda Shelf mangroves,14.0,Mangroves,Indomalayan
281,Banana_irr_2030y_SOC,cf_mean,53.54088,Sundaland heath forests,1.0,Tropical & Subtropical Moist Broadleaf Forests,Indomalayan
282,Banana_irr_2030y_SOC,cf_mean,30.3608,Sundarbans freshwater swamp forests,1.0,Tropical & Subtropical Moist Broadleaf Forests,Indomalayan
323,Banana_irr_2030y_SOC,cf_mean,35.609142,Sundarbans mangroves,14.0,Mangroves,Indomalayan
739,Banana_irr_2030y_SOC,cf_mean,24.806398,Syrian xeric grasslands and shrublands,8.0,"Temperate Grasslands, Savannas & Shrublands",Palearctic
682,Banana_irr_2030y_SOC,cf_mean,50.567883,Taiheiyo evergreen forests,4.0,Temperate Broadleaf & Mixed Forests,Palearctic
683,Banana_irr_2030y_SOC,cf_mean,,Taiheiyo montane deciduous forests,4.0,Temperate Broadleaf & Mixed Forests,Palearctic
781,Banana_irr_2030y_SOC,cf_mean,,Taimyr-Central Siberian tundra,11.0,Tundra,Palearctic
283,Banana_irr_2030y_SOC,cf_mean,,Taiwan subtropical evergreen forests,1.0,Tropical & Subtropical Moist Broadleaf Forests,Indomalayan
843,Banana_irr_2030y_SOC,cf_mean,,Taklimakan desert,13.0,Deserts & Xeric Shrublands,Palearctic
506,Banana_irr_2030y_SOC,cf_mean,57.34876,Talamancan montane forests,1.0,Tropical & Subtropical Moist Broadleaf Forests,Neotropic
436,Banana_irr_2030y_SOC,cf_mean,32.648586,Tamaulipan matorral,13.0,Deserts & Xeric Shrublands,Nearctic
437,Banana_irr_2030y_SOC,cf_mean,23.371418,Tamaulipan mezquital,13.0,Deserts & Xeric Shrublands,Nearctic
507,Banana_irr_2030y_SOC,cf_mean,26.409721,Tapajós-Xingu moist forests,1.0,Tropical & Subtropical Moist Broadleaf Forests,Neotropic
684,Banana_irr_2030y_SOC,cf_mean,,Tarim Basin deciduous forests and steppe,4.0,Temperate Broadleaf & Mixed Forests,Palearctic
177,Banana_irr_2030y_SOC,cf_mean,,Tasmanian Central Highland forests,4.0,Temperate Broadleaf & Mixed Forests,Australasia
178,Banana_irr_2030y_SOC,cf_mean,,Tasmanian temperate forests,4.0,Temperate Broadleaf & Mixed Forests,Australasia
179,Banana_irr_2030y_SOC,cf_mean,,Tasmanian temperate rain forests,4.0,Temperate Broadleaf & Mixed Forests,Australasia
610,Banana_irr_2030y_SOC,cf_mean,34.29464,Tehuacán Valley matorral,13.0,Deserts & Xeric Shrublands,Neotropic
284,Banana_irr_2030y_SOC,cf_mean,40.378014,Tenasserim-South Thailand semi-evergreen rain forests,1.0,Tropical & Subtropical Moist Broadleaf Forests,Indomalayan
311,Banana_irr_2030y_SOC,cf_mean,28.452528,Terai-Duar savanna and grasslands,7.0,"Tropical & Subtropical Grasslands, Savannas & Shrublands",Indomalayan
401,Banana_irr_2030y_SOC,cf_mean,26.650072,Texas blackland prairies,8.0,"Temperate Grasslands, Savannas & Shrublands",Nearctic
318,Banana_irr_2030y_SOC,cf_mean,13.495223,Thar desert,13.0,Deserts & Xeric Shrublands,Indomalayan
740,Banana_irr_2030y_SOC,cf_mean,,Tian Shan foothill arid steppe,8.0,"Temperate Grasslands, Savannas & Shrublands",Palearctic
709,Banana_irr_2030y_SOC,cf_mean,,Tian Shan montane conifer forests,5.0,Temperate Conifer Forests,Palearctic
767,Banana_irr_2030y_SOC,cf_mean,,Tian Shan montane steppe and meadows,10.0,Montane Grasslands & Shrublands,Palearctic
844,Banana_irr_2030y_SOC,cf_mean,15.153092,Tibesti-Jebel Uweinat montane xeric woodlands,13.0,Deserts & Xeric Shrublands,Palearctic
768,Banana_irr_2030y_SOC,cf_mean,,Tibetan Plateau alpine shrublands and meadows,10.0,Montane Grasslands & Shrublands,Palearctic
747,Banana_irr_2030y_SOC,cf_mean,,Tigris-Euphrates alluvial salt marsh,9.0,Flooded Grasslands & Savannas,Palearctic
166,Banana_irr_2030y_SOC,cf_mean,67.79696,Timor and Wetar deciduous forests,2.0,Tropical & Subtropical Dry Broadleaf Forests,Australasia
215,Banana_irr_2030y_SOC,cf_mean,27.300753,Tirari-Sturt stony desert,13.0,Deserts & Xeric Shrublands,Australasia
631,Banana_irr_2030y_SOC,cf_mean,65.67174,Tongan tropical moist forests,1.0,Tropical & Subtropical Moist Broadleaf Forests,Oceania
286,Banana_irr_2030y_SOC,cf_mean,31.46475,Tonle Sap-Mekong peat swamp forests,1.0,Tropical & Subtropical Moist Broadleaf Forests,Indomalayan
285,Banana_irr_2030y_SOC,cf_mean,28.776024,Tonle Sap freshwater swamp forests,1.0,Tropical & Subtropical Moist Broadleaf Forests,Indomalayan
421,Banana_irr_2030y_SOC,cf_mean,,Torngat Mountain tundra,11.0,Tundra,Nearctic
782,Banana_irr_2030y_SOC,cf_mean,,Trans-Baikal Bald Mountain tundra,11.0,Tundra,Palearctic
718,Banana_irr_2030y_SOC,cf_mean,,Trans-Baikal conifer forests,6.0,Boreal Forests/Taiga,Palearctic
559,Banana_irr_2030y_SOC,cf_mean,38.961697,Trans-Mexican Volcanic Belt pine-oak forests,3.0,Tropical & Subtropical Coniferous Forests,Neotropic
188,Banana_irr_2030y_SOC,cf_mean,38.827,Trans Fly savanna and grasslands,7.0,"Tropical & Subtropical Grasslands, Savannas & Shrublands",Australasia
134,Banana_irr_2030y_SOC,cf_mean,,Transantarctic Mountains tundra,11.0,Tundra,Antarctica
510,Banana_irr_2030y_SOC,cf_mean,67.346405,Trinidad and Tobago moist forest,1.0,Tropical & Subtropical Moist Broadleaf Forests,Neotropic
68,Banana_irr_2030y_SOC,cf_mean,,Tristan Da Cunha-Gough Islands shrub and grasslands,8.0,"Temperate Grasslands, Savannas & Shrublands",Afrotropic
158,Banana_irr_2030y_SOC,cf_mean,103.46156,Trobriand Islands rain forests,1.0,Tropical & Subtropical Moist Broadleaf Forests,Australasia
632,Banana_irr_2030y_SOC,cf_mean,,Tuamotu tropical moist forests,1.0,Tropical & Subtropical Moist Broadleaf Forests,Oceania
633,Banana_irr_2030y_SOC,cf_mean,,Tubuai tropical moist forests,1.0,Tropical & Subtropical Moist Broadleaf Forests,Oceania
549,Banana_irr_2030y_SOC,cf_mean,31.307356,Tumbes-Piura dry forests,2.0,Tropical & Subtropical Dry Broadleaf Forests,Neotropic
806,Banana_irr_2030y_SOC,cf_mean,59.15335,Tyrrhenian-Adriatic sclerophyllous and mixed forests,12.0,"Mediterranean Forests, Woodlands & Scrub",Palearctic
511,Banana_irr_2030y_SOC,cf_mean,26.318272,Uatumã-Trombetas moist forests,1.0,Tropical & Subtropical Moist Broadleaf Forests,Neotropic
512,Banana_irr_2030y_SOC,cf_mean,37.544636,Ucayali moist forests,1.0,Tropical & Subtropical Moist Broadleaf Forests,Neotropic
287,Banana_irr_2030y_SOC,cf_mean,27.927765,Upper Gangetic Plains moist deciduous forests,1.0,Tropical & Subtropical Moist Broadleaf Forests,Indomalayan
343,Banana_irr_2030y_SOC,cf_mean,,Upper Midwest US forest-savanna transition,4.0,Temperate Broadleaf & Mixed Forests,Nearctic
719,Banana_irr_2030y_SOC,cf_mean,,Urals montane forest and taiga,6.0,Boreal Forests/Taiga,Palearctic
574,Banana_irr_2030y_SOC,cf_mean,41.7749,Uruguayan savanna,7.0,"Tropical & Subtropical Grasslands, Savannas & Shrublands",Neotropic
685,Banana_irr_2030y_SOC,cf_mean,,Ussuri broadleaf and mixed forests,4.0,Temperate Broadleaf & Mixed Forests,Palearctic
563,Banana_irr_2030y_SOC,cf_mean,,Valdivian temperate forests,4.0,Temperate Broadleaf & Mixed Forests,Neotropic
159,Banana_irr_2030y_SOC,cf_mean,85.54393,Vanuatu rain forests,1.0,Tropical & Subtropical Moist Broadleaf Forests,Australasia
513,Banana_irr_2030y_SOC,cf_mean,33.700535,Venezuelan Andes montane forests,1.0,Tropical & Subtropical Moist Broadleaf Forests,Neotropic
550,Banana_irr_2030y_SOC,cf_mean,37.651375,Veracruz dry forests,2.0,Tropical & Subtropical Dry Broadleaf Forests,Neotropic
514,Banana_irr_2030y_SOC,cf_mean,46.48282,Veracruz moist forests,1.0,Tropical & Subtropical Moist Broadleaf Forests,Neotropic
515,Banana_irr_2030y_SOC,cf_mean,52.86284,Veracruz montane forests,1.0,Tropical & Subtropical Moist Broadleaf Forests,Neotropic
189,Banana_irr_2030y_SOC,cf_mean,17.48754,Victoria Plains tropical savanna,7.0,"Tropical & Subtropical Grasslands, Savannas & Shrublands",Australasia
161,Banana_irr_2030y_SOC,cf_mean,72.81285,Vogelkop-Aru lowland rain forests,1.0,Tropical & Subtropical Moist Broadleaf Forests,Australasia
160,Banana_irr_2030y_SOC,cf_mean,83.680405,Vogelkop montane rain forests,1.0,Tropical & Subtropical Moist Broadleaf Forests,Australasia
368,Banana_irr_2030y_SOC,cf_mean,,Wasatch and Uinta montane forests,5.0,Temperate Conifer Forests,Nearctic
383,Banana_irr_2030y_SOC,cf_mean,,Watson Highlands taiga,6.0,Boreal Forests/Taiga,Nearctic
845,Banana_irr_2030y_SOC,cf_mean,13.156837,West Sahara desert,13.0,Deserts & Xeric Shrublands,Palearctic
846,Banana_irr_2030y_SOC,cf_mean,13.835568,West Saharan montane xeric woodlands,13.0,Deserts & Xeric Shrublands,Palearctic
720,Banana_irr_2030y_SOC,cf_mean,,West Siberian taiga,6.0,Boreal Forests/Taiga,Palearctic
62,Banana_irr_2030y_SOC,cf_mean,16.57868,West Sudanian savanna,7.0,"Tropical & Subtropical Grasslands, Savannas & Shrublands",Afrotropic
216,Banana_irr_2030y_SOC,cf_mean,23.91319,Western Australian Mulga shrublands,13.0,Deserts & Xeric Shrublands,Australasia
29,Banana_irr_2030y_SOC,cf_mean,22.877596,Western Congolian swamp forests,1.0,Tropical & Subtropical Moist Broadleaf Forests,Afrotropic
516,Banana_irr_2030y_SOC,cf_mean,40.586227,Western Ecuador moist forests,1.0,Tropical & Subtropical Moist Broadleaf Forests,Neotropic
686,Banana_irr_2030y_SOC,cf_mean,,Western European broadleaf forests,4.0,Temperate Broadleaf & Mixed Forests,Palearctic
344,Banana_irr_2030y_SOC,cf_mean,,Western Great Lakes forests,4.0,Temperate Broadleaf & Mixed Forests,Nearctic
30,Banana_irr_2030y_SOC,cf_mean,26.646933,Western Guinean lowland forests,1.0,Tropical & Subtropical Moist Broadleaf Forests,Afrotropic
384,Banana_irr_2030y_SOC,cf_mean,34.74486,Western Gulf coastal grasslands,7.0,"Tropical & Subtropical Grasslands, Savannas & Shrublands",Nearctic
769,Banana_irr_2030y_SOC,cf_mean,,Western Himalayan alpine shrub and meadows,10.0,Montane Grasslands & Shrublands,Palearctic
308,Banana_irr_2030y_SOC,cf_mean,45.147247,Western Himalayan broadleaf forests,4.0,Temperate Broadleaf & Mixed Forests,Indomalayan
310,Banana_irr_2030y_SOC,cf_mean,17.950823,Western Himalayan subalpine conifer forests,5.0,Temperate Conifer Forests,Indomalayan
288,Banana_irr_2030y_SOC,cf_mean,65.368645,Western Java montane rain forests,1.0,Tropical & Subtropical Moist Broadleaf Forests,Indomalayan
289,Banana_irr_2030y_SOC,cf_mean,73.941956,Western Java rain forests,1.0,Tropical & Subtropical Moist Broadleaf Forests,Indomalayan
634,Banana_irr_2030y_SOC,cf_mean,,Western Polynesian tropical moist forests,1.0,Tropical & Subtropical Moist Broadleaf Forests,Oceania
402,Banana_irr_2030y_SOC,cf_mean,,Western shortgrass prairie,8.0,"Temperate Grasslands, Savannas & Shrublands",Nearctic
687,Banana_irr_2030y_SOC,cf_mean,,Western Siberian hemiboreal forests,4.0,Temperate Broadleaf & Mixed Forests,Palearctic
180,Banana_irr_2030y_SOC,cf_mean,,Westland temperate forests,4.0,Temperate Broadleaf & Mixed Forests,Australasia
403,Banana_irr_2030y_SOC,cf_mean,,Willamette Valley oak savanna,8.0,"Temperate Grasslands, Savannas & Shrublands",Nearctic
517,Banana_irr_2030y_SOC,cf_mean,92.598206,Windward Islands moist forests,1.0,Tropical & Subtropical Moist Broadleaf Forests,Neotropic
783,Banana_irr_2030y_SOC,cf_mean,,Wrangel Island Arctic desert,11.0,Tundra,Palearctic
438,Banana_irr_2030y_SOC,cf_mean,,Wyoming Basin shrub steppe,13.0,Deserts & Xeric Shrublands,Nearctic
518,Banana_irr_2030y_SOC,cf_mean,26.600313,Xingu-Tocantins-Araguaia moist forests,1.0,Tropical & Subtropical Moist Broadleaf Forests,Neotropic
784,Banana_irr_2030y_SOC,cf_mean,,Yamal-Gydan tundra,11.0,Tundra,Palearctic
638,Banana_irr_2030y_SOC,cf_mean,,Yap tropical dry forests,2.0,Tropical & Subtropical Dry Broadleaf Forests,Oceania
162,Banana_irr_2030y_SOC,cf_mean,135.66614,Yapen rain forests,1.0,Tropical & Subtropical Moist Broadleaf Forests,Australasia
770,Banana_irr_2030y_SOC,cf_mean,,Yarlung Zanbo arid steppe,10.0,Montane Grasslands & Shrublands,Palearctic
748,Banana_irr_2030y_SOC,cf_mean,,Yellow Sea saline meadow,9.0,Flooded Grasslands & Savannas,Palearctic
551,Banana_irr_2030y_SOC,cf_mean,48.761536,Yucatán dry forests,2.0,Tropical & Subtropical Dry Broadleaf Forests,Neotropic
519,Banana_irr_2030y_SOC,cf_mean,51.80998,Yucatán moist forests,1.0,Tropical & Subtropical Moist Broadleaf Forests,Neotropic
643,Banana_irr_2030y_SOC,cf_mean,41.626648,Yunnan Plateau subtropical evergreen forests,1.0,Tropical & Subtropical Moist Broadleaf Forests,Palearctic
688,Banana_irr_2030y_SOC,cf_mean,,Zagros Mountains forest steppe,4.0,Temperate Broadleaf & Mixed Forests,Palearctic
66,Banana_irr_2030y_SOC,cf_mean,22.108791,Zambezian-Limpopo mixed woodlands,7.0,"Tropical & Subtropical Grasslands, Savannas & Shrublands",Afrotropic
64,Banana_irr_2030y_SOC,cf_mean,18.207962,Zambezian Baikiaea woodlands,7.0,"Tropical & Subtropical Grasslands, Savannas & Shrublands",Afrotropic
75,Banana_irr_2030y_SOC,cf_mean,25.960096,Zambezian coastal flooded savanna,9.0,Flooded Grasslands & Savannas,Afrotropic
42,Banana_irr_2030y_SOC,cf_mean,21.461176,Dry miombo woodlands,7.0,"Tropical & Subtropical Grasslands, Savannas & Shrublands",Afrotropic
33,Banana_irr_2030y_SOC,cf_mean,22.477528,Zambezian evergreen dry forests,2.0,Tropical & Subtropical Dry Broadleaf Forests,Afrotropic
76,Banana_irr_2030y_SOC,cf_mean,23.111843,Zambezian flooded grasslands,9.0,Flooded Grasslands & Savannas,Afrotropic
65,Banana_irr_2030y_SOC,cf_mean,21.11575,Zambezian mopane woodlands,7.0,"Tropical & Subtropical Grasslands, Savannas & Shrublands",Afrotropic
524,Banana_irr_2030y_SOC,cf_mean,23.735348,Brazilian Atlantic dry forests,2.0,Tropical & Subtropical Dry Broadleaf Forests,Neotropic
380,Banana_irr_2030y_SOC,cf_mean,,Northern Cordillera forests,6.0,Boreal Forests/Taiga,Nearctic
60,Banana_irr_2030y_SOC,cf_mean,,St. Helena scrub and woodlands,7.0,"Tropical & Subtropical Grasslands, Savannas & Shrublands",Afrotropic
61,Banana_irr_2030y_SOC,cf_mean,38.598595,Victoria Basin forest-savanna,7.0,"Tropical & Subtropical Grasslands, Savannas & Shrublands",Afrotropic
63,Banana_irr_2030y_SOC,cf_mean,26.945171,Western Congolian forest-savanna,7.0,"Tropical & Subtropical Grasslands, Savannas & Shrublands",Afrotropic
78,Banana_irr_2030y_SOC,cf_mean,,East African montane moorlands,10.0,Montane Grasslands & Shrublands,Afrotropic
365,Banana_irr_2030y_SOC,cf_mean,,Queen Charlotte Islands conifer forests,5.0,Temperate Conifer Forests,Nearctic
360,Banana_irr_2030y_SOC,cf_mean,,Northern Pacific Alaskan coastal forests,5.0,Temperate Conifer Forests,Nearctic
381,Banana_irr_2030y_SOC,cf_mean,,Northwest Territories taiga,6.0,Boreal Forests/Taiga,Nearctic
107,Banana_irr_2030y_SOC,cf_mean,21.794203,Southwest Arabian coastal xeric shrublands,13.0,Deserts & Xeric Shrublands,Afrotropic
811,Banana_irr_2030y_SOC,cf_mean,20.267254,Arabian-Persian Gulf coastal plain desert,13.0,Deserts & Xeric Shrublands,Palearctic
840,Banana_irr_2030y_SOC,cf_mean,13.409,South Arabian plains and plateau desert,13.0,Deserts & Xeric Shrublands,Palearctic
809,Banana_irr_2030y_SOC,cf_mean,17.139364,Arabian desert,13.0,Deserts & Xeric Shrublands,Palearctic
552,Banana_irr_2030y_SOC,cf_mean,95.89075,Bahamian pineyards,3.0,Tropical & Subtropical Coniferous Forests,Neotropic
96,Banana_irr_2030y_SOC,cf_mean,,Ile Europa and Bassas da India xeric scrub,13.0,Deserts & Xeric Shrublands,Afrotropic
773,Banana_irr_2030y_SOC,cf_mean,,Kamchatka tundra,11.0,Tundra,Palearctic
508,Banana_irr_2030y_SOC,cf_mean,24.924036,Tocantins/Pindare moist forests,1.0,Tropical & Subtropical Moist Broadleaf Forests,Neotropic
417,Banana_irr_2030y_SOC,cf_mean,,Kalaallit Nunaat Arctic steppe,11.0,Tundra,Nearctic
358,Banana_irr_2030y_SOC,cf_mean,,North Cascades conifer forests,5.0,Temperate Conifer Forests,Nearctic
361,Banana_irr_2030y_SOC,cf_mean,,Northern Rockies conifer forests,5.0,Temperate Conifer Forests,Nearctic
509,Banana_irr_2030y_SOC,cf_mean,,Trindade-Martin Vaz Islands tropical forests,1.0,Tropical & Subtropical Moist Broadleaf Forests,Neotropic
59,Banana_irr_2030y_SOC,cf_mean,20.117105,Southwest Arabian montane woodlands and grasslands,7.0,"Tropical & Subtropical Grasslands, Savannas & Shrublands",Afrotropic
56,Banana_irr_2030y_SOC,cf_mean,22.98662,"South Arabian fog woodlands, shrublands, and dune",7.0,"Tropical & Subtropical Grasslands, Savannas & Shrublands",Afrotropic
548,Banana_irr_2030y_SOC,cf_mean,64.86316,Trinidad and Tobago dry forest,2.0,Tropical & Subtropical Dry Broadleaf Forests,Neotropic
537,Banana_irr_2030y_SOC,cf_mean,89.622734,Lesser Antillean dry forests,2.0,Tropical & Subtropical Dry Broadleaf Forests,Neotropic
672,Banana_irr_2030y_SOC,cf_mean,,North Atlantic moist mixed forests,4.0,Temperate Broadleaf & Mixed Forests,Palearctic
119,Banana_irr_2030y_SOC,cf_mean,,Dronning Maud Land tundra,11.0,Tundra,Antarctica
124,Banana_irr_2030y_SOC,cf_mean,,Marie Byrd Land tundra,11.0,Tundra,Antarctica
156,Banana_irr_2030y_SOC,cf_mean,97.20534,Sulawesi lowland rain forests,1.0,Tropical & Subtropical Moist Broadleaf Forests,Australasia
8,Banana_irr_2030y_SOC,cf_mean,43.1438,East African montane forests,1.0,Tropical & Subtropical Moist Broadleaf Forests,Afrotropic
9,Banana_irr_2030y_SOC,cf_mean,37.331818,Eastern Arc forests,1.0,Tropical & Subtropical Moist Broadleaf Forests,Afrotropic
220,Banana_irr_2030y_SOC,cf_mean,54.5455,Borneo montane rain forests,1.0,Tropical & Subtropical Moist Broadleaf Forests,Indomalayan
313,Banana_irr_2030y_SOC,cf_mean,52.174778,Kinabalu montane alpine meadows,10.0,Montane Grasslands & Shrublands,Indomalayan
117,Banana_irr_2030y_SOC,cf_median,,Adelie Land tundra,11.0,Tundra,Antarctica
135,Banana_irr_2030y_SOC,cf_median,75.74523,Admiralty Islands lowland rain forests,1.0,Tropical & Subtropical Moist Broadleaf Forests,Australasia
785,Banana_irr_2030y_SOC,cf_median,74.95173,Aegean and Western Turkey sclerophyllous and mixed forests,12.0,"Mediterranean Forests, Woodlands & Scrub",Palearctic
807,Banana_irr_2030y_SOC,cf_median,,Afghan Mountains semi-desert,13.0,Deserts & Xeric Shrublands,Palearctic
404,Banana_irr_2030y_SOC,cf_median,,Ahklun and Kilbuck Upland Tundra,11.0,Tundra,Nearctic
722,Banana_irr_2030y_SOC,cf_median,10.053125,Al-Hajar foothill xeric woodlands and shrublands,8.0,"Temperate Grasslands, Savannas & Shrublands",Palearctic
723,Banana_irr_2030y_SOC,cf_median,13.620449,Al-Hajar montane woodlands and shrublands,8.0,"Temperate Grasslands, Savannas & Shrublands",Palearctic
721,Banana_irr_2030y_SOC,cf_median,,Alai-Western Tian Shan steppe,8.0,"Temperate Grasslands, Savannas & Shrublands",Palearctic
808,Banana_irr_2030y_SOC,cf_median,,Alashan Plateau semi-desert,13.0,Deserts & Xeric Shrublands,Palearctic
405,Banana_irr_2030y_SOC,cf_median,,Alaska-St. Elias Range tundra,11.0,Tundra,Nearctic
369,Banana_irr_2030y_SOC,cf_median,,Alaska Peninsula montane taiga,6.0,Boreal Forests/Taiga,Nearctic
88,Banana_irr_2030y_SOC,cf_median,41.09662,Albany thickets,12.0,"Mediterranean Forests, Woodlands & Scrub",Afrotropic
345,Banana_irr_2030y_SOC,cf_median,,Alberta-British Columbia foothills forests,5.0,Temperate Conifer Forests,Nearctic
1,Banana_irr_2030y_SOC,cf_median,43.29004,Albertine Rift montane forests,1.0,Tropical & Subtropical Moist Broadleaf Forests,Afrotropic
91,Banana_irr_2030y_SOC,cf_median,,Aldabra Island xeric scrub,13.0,Deserts & Xeric Shrublands,Afrotropic
406,Banana_irr_2030y_SOC,cf_median,,Aleutian Islands tundra,11.0,Tundra,Nearctic
328,Banana_irr_2030y_SOC,cf_median,,Allegheny Highlands forests,4.0,Temperate Broadleaf & Mixed Forests,Nearctic
689,Banana_irr_2030y_SOC,cf_median,,Alps conifer and mixed forests,5.0,Temperate Conifer Forests,Palearctic
749,Banana_irr_2030y_SOC,cf_median,,Altai alpine meadow and tundra,10.0,Montane Grasslands & Shrublands,Palearctic
690,Banana_irr_2030y_SOC,cf_median,,Altai montane forest and forest steppe,5.0,Temperate Conifer Forests,Palearctic
724,Banana_irr_2030y_SOC,cf_median,,Altai steppe and semi-desert,8.0,"Temperate Grasslands, Savannas & Shrublands",Palearctic
439,Banana_irr_2030y_SOC,cf_median,30.383282,Alto Paraná Atlantic forests,1.0,Tropical & Subtropical Moist Broadleaf Forests,Neotropic
611,Banana_irr_2030y_SOC,cf_median,30.66278,Amazon-Orinoco-Southern Caribbean mangroves,14.0,Mangroves,Neotropic
67,Banana_irr_2030y_SOC,cf_median,,Amsterdam-Saint Paul Islands temperate grasslands,8.0,"Temperate Grasslands, Savannas & Shrublands",Afrotropic
741,Banana_irr_2030y_SOC,cf_median,,Amur meadow steppe,9.0,Flooded Grasslands & Savannas,Palearctic
786,Banana_irr_2030y_SOC,cf_median,,Anatolian conifer and deciduous mixed forests,12.0,"Mediterranean Forests, Woodlands & Scrub",Palearctic
218,Banana_irr_2030y_SOC,cf_median,99.73719,Andaman Islands rain forests,1.0,Tropical & Subtropical Moist Broadleaf Forests,Indomalayan
77,Banana_irr_2030y_SOC,cf_median,25.372725,Angolan montane forest-grassland,10.0,Montane Grasslands & Shrublands,Afrotropic
34,Banana_irr_2030y_SOC,cf_median,17.737473,Angolan mopane woodlands,7.0,"Tropical & Subtropical Grasslands, Savannas & Shrublands",Afrotropic
35,Banana_irr_2030y_SOC,cf_median,26.20003,Angolan scarp savanna and woodlands,7.0,"Tropical & Subtropical Grasslands, Savannas & Shrublands",Afrotropic
36,Banana_irr_2030y_SOC,cf_median,21.587236,Angolan wet miombo woodlands,7.0,"Tropical & Subtropical Grasslands, Savannas & Shrublands",Afrotropic
196,Banana_irr_2030y_SOC,cf_median,,Antipodes Subantarctic Islands tundra,11.0,Tundra,Australasia
331,Banana_irr_2030y_SOC,cf_median,,Appalachian-Blue Ridge forests,4.0,Temperate Broadleaf & Mixed Forests,Nearctic
329,Banana_irr_2030y_SOC,cf_median,,Appalachian mixed mesophytic forests,4.0,Temperate Broadleaf & Mixed Forests,Nearctic
330,Banana_irr_2030y_SOC,cf_median,,Appalachian Piedmont forests,4.0,Temperate Broadleaf & Mixed Forests,Nearctic
644,Banana_irr_2030y_SOC,cf_median,,Appenine deciduous montane forests,4.0,Temperate Broadleaf & Mixed Forests,Palearctic
520,Banana_irr_2030y_SOC,cf_median,31.654621,Apure-Villavicencio dry forests,2.0,Tropical & Subtropical Dry Broadleaf Forests,Neotropic
810,Banana_irr_2030y_SOC,cf_median,15.477883,Arabian sand desert,13.0,Deserts & Xeric Shrublands,Palearctic
440,Banana_irr_2030y_SOC,cf_median,53.836597,Araucaria moist forests,1.0,Tropical & Subtropical Moist Broadleaf Forests,Neotropic
597,Banana_irr_2030y_SOC,cf_median,,Araya and Paria xeric scrub,13.0,Deserts & Xeric Shrublands,Neotropic
407,Banana_irr_2030y_SOC,cf_median,,Arctic coastal tundra,11.0,Tundra,Nearctic
778,Banana_irr_2030y_SOC,cf_median,,Russian Arctic desert,11.0,Tundra,Palearctic
408,Banana_irr_2030y_SOC,cf_median,,Arctic foothills tundra,11.0,Tundra,Nearctic
346,Banana_irr_2030y_SOC,cf_median,16.76181,Arizona Mountains forests,5.0,Temperate Conifer Forests,Nearctic
181,Banana_irr_2030y_SOC,cf_median,21.736029,Arnhem Land tropical savanna,7.0,"Tropical & Subtropical Grasslands, Savannas & Shrublands",Australasia
37,Banana_irr_2030y_SOC,cf_median,,Ascension scrub and grasslands,7.0,"Tropical & Subtropical Grasslands, Savannas & Shrublands",Afrotropic
598,Banana_irr_2030y_SOC,cf_median,,Atacama desert,13.0,Deserts & Xeric Shrublands,Neotropic
441,Banana_irr_2030y_SOC,cf_median,48.13742,Atlantic Coast restingas,1.0,Tropical & Subtropical Moist Broadleaf Forests,Neotropic
839,Banana_irr_2030y_SOC,cf_median,,Saharan Atlantic coastal desert,13.0,Deserts & Xeric Shrublands,Palearctic
347,Banana_irr_2030y_SOC,cf_median,,Atlantic coastal pine barrens,5.0,Temperate Conifer Forests,Nearctic
5,Banana_irr_2030y_SOC,cf_median,29.871311,Congolian coastal forests,1.0,Tropical & Subtropical Moist Broadleaf Forests,Afrotropic
664,Banana_irr_2030y_SOC,cf_median,,European Atlantic mixed forests,4.0,Temperate Broadleaf & Mixed Forests,Palearctic
193,Banana_irr_2030y_SOC,cf_median,,Australian Alps montane grasslands,10.0,Montane Grasslands & Shrublands,Australasia
812,Banana_irr_2030y_SOC,cf_median,,Azerbaijan shrub desert and steppe,13.0,Deserts & Xeric Shrublands,Palearctic
645,Banana_irr_2030y_SOC,cf_median,,Azores temperate mixed forests,4.0,Temperate Broadleaf & Mixed Forests,Palearctic
813,Banana_irr_2030y_SOC,cf_median,,Badghyz and Karabil semi-desert,13.0,Deserts & Xeric Shrublands,Palearctic
612,Banana_irr_2030y_SOC,cf_median,77.17646,Bahamian-Antillean mangroves,14.0,Mangroves,Neotropic
442,Banana_irr_2030y_SOC,cf_median,30.972404,Bahia coastal forests,1.0,Tropical & Subtropical Moist Broadleaf Forests,Neotropic
443,Banana_irr_2030y_SOC,cf_median,31.740837,Bahia interior forests,1.0,Tropical & Subtropical Moist Broadleaf Forests,Neotropic
426,Banana_irr_2030y_SOC,cf_median,16.187523,Baja California desert,13.0,Deserts & Xeric Shrublands,Nearctic
521,Banana_irr_2030y_SOC,cf_median,34.722046,Bajío dry forests,2.0,Tropical & Subtropical Dry Broadleaf Forests,Neotropic
646,Banana_irr_2030y_SOC,cf_median,,Balkan mixed forests,4.0,Temperate Broadleaf & Mixed Forests,Palearctic
522,Banana_irr_2030y_SOC,cf_median,31.148537,Balsas dry forests,2.0,Tropical & Subtropical Dry Broadleaf Forests,Neotropic
647,Banana_irr_2030y_SOC,cf_median,,Baltic mixed forests,4.0,Temperate Broadleaf & Mixed Forests,Palearctic
814,Banana_irr_2030y_SOC,cf_median,9.432021,Baluchistan xeric woodlands,13.0,Deserts & Xeric Shrublands,Palearctic
136,Banana_irr_2030y_SOC,cf_median,121.7604,Banda Sea Islands moist deciduous forests,1.0,Tropical & Subtropical Moist Broadleaf Forests,Australasia
564,Banana_irr_2030y_SOC,cf_median,42.208958,Belizian pine savannas,7.0,"Tropical & Subtropical Grasslands, Savannas & Shrublands",Neotropic
565,Banana_irr_2030y_SOC,cf_median,,Beni savanna,7.0,"Tropical & Subtropical Grasslands, Savannas & Shrublands",Neotropic
779,Banana_irr_2030y_SOC,cf_median,,Russian Bering tundra,11.0,Tundra,Palearctic
409,Banana_irr_2030y_SOC,cf_median,,Beringia lowland tundra,11.0,Tundra,Nearctic
410,Banana_irr_2030y_SOC,cf_median,,Beringia upland tundra,11.0,Tundra,Nearctic
325,Banana_irr_2030y_SOC,cf_median,,Bermuda subtropical conifer forests,3.0,Tropical & Subtropical Coniferous Forests,Nearctic
137,Banana_irr_2030y_SOC,cf_median,137.71645,Biak-Numfoor rain forests,1.0,Tropical & Subtropical Moist Broadleaf Forests,Australasia
348,Banana_irr_2030y_SOC,cf_median,,Blue Mountains forests,5.0,Temperate Conifer Forests,Nearctic
742,Banana_irr_2030y_SOC,cf_median,,Bohai Sea saline meadow,9.0,Flooded Grasslands & Savannas,Palearctic
523,Banana_irr_2030y_SOC,cf_median,,Bolivian montane dry forests,2.0,Tropical & Subtropical Dry Broadleaf Forests,Neotropic
444,Banana_irr_2030y_SOC,cf_median,58.18983,Bolivian Yungas,1.0,Tropical & Subtropical Moist Broadleaf Forests,Neotropic
219,Banana_irr_2030y_SOC,cf_median,41.28148,Borneo lowland rain forests,1.0,Tropical & Subtropical Moist Broadleaf Forests,Indomalayan
221,Banana_irr_2030y_SOC,cf_median,41.725082,Borneo peat swamp forests,1.0,Tropical & Subtropical Moist Broadleaf Forests,Indomalayan
222,Banana_irr_2030y_SOC,cf_median,36.95151,Brahmaputra Valley semi-evergreen forests,1.0,Tropical & Subtropical Moist Broadleaf Forests,Indomalayan
182,Banana_irr_2030y_SOC,cf_median,20.491144,Brigalow tropical savanna,7.0,"Tropical & Subtropical Grasslands, Savannas & Shrublands",Australasia
349,Banana_irr_2030y_SOC,cf_median,,British Columbia coastal conifer forests,5.0,Temperate Conifer Forests,Nearctic
411,Banana_irr_2030y_SOC,cf_median,,Brooks-British Range tundra,11.0,Tundra,Nearctic
138,Banana_irr_2030y_SOC,cf_median,49.50855,Buru rain forests,1.0,Tropical & Subtropical Moist Broadleaf Forests,Australasia
525,Banana_irr_2030y_SOC,cf_median,17.663818,Caatinga,2.0,Tropical & Subtropical Dry Broadleaf Forests,Neotropic
445,Banana_irr_2030y_SOC,cf_median,21.197803,Caatinga Enclaves moist forests,1.0,Tropical & Subtropical Moist Broadleaf Forests,Neotropic
691,Banana_irr_2030y_SOC,cf_median,,Caledon conifer forests,5.0,Temperate Conifer Forests,Palearctic
385,Banana_irr_2030y_SOC,cf_median,21.104898,California Central Valley grasslands,8.0,"Temperate Grasslands, Savannas & Shrublands",Nearctic
422,Banana_irr_2030y_SOC,cf_median,26.758736,California coastal sage and chaparral,12.0,"Mediterranean Forests, Woodlands & Scrub",Nearctic
423,Banana_irr_2030y_SOC,cf_median,33.188736,California interior chaparral and woodlands,12.0,"Mediterranean Forests, Woodlands & Scrub",Nearctic
424,Banana_irr_2030y_SOC,cf_median,24.115883,California montane chaparral and woodlands,12.0,"Mediterranean Forests, Woodlands & Scrub",Nearctic
2,Banana_irr_2030y_SOC,cf_median,41.423927,Cameroon Highlands forests,1.0,Tropical & Subtropical Moist Broadleaf Forests,Afrotropic
566,Banana_irr_2030y_SOC,cf_median,35.524986,Campos Rupestres montane savanna,7.0,"Tropical & Subtropical Grasslands, Savannas & Shrublands",Neotropic
386,Banana_irr_2030y_SOC,cf_median,,Canadian Aspen forests and parklands,8.0,"Temperate Grasslands, Savannas & Shrublands",Nearctic
413,Banana_irr_2030y_SOC,cf_median,,Canadian Low Arctic tundra,11.0,Tundra,Nearctic
787,Banana_irr_2030y_SOC,cf_median,91.04846,Canary Islands dry woodlands and forests,12.0,"Mediterranean Forests, Woodlands & Scrub",Palearctic
648,Banana_irr_2030y_SOC,cf_median,,Cantabrian mixed forests,4.0,Temperate Broadleaf & Mixed Forests,Palearctic
190,Banana_irr_2030y_SOC,cf_median,,Canterbury-Otago tussock grasslands,8.0,"Temperate Grasslands, Savannas & Shrublands",Australasia
31,Banana_irr_2030y_SOC,cf_median,,Cape Verde Islands dry forests,2.0,Tropical & Subtropical Dry Broadleaf Forests,Afrotropic
183,Banana_irr_2030y_SOC,cf_median,17.106281,Cape York Peninsula tropical savanna,7.0,"Tropical & Subtropical Grasslands, Savannas & Shrublands",Australasia
446,Banana_irr_2030y_SOC,cf_median,29.498852,Caqueta moist forests,1.0,Tropical & Subtropical Moist Broadleaf Forests,Neotropic
223,Banana_irr_2030y_SOC,cf_median,30.156113,Cardamom Mountains rain forests,1.0,Tropical & Subtropical Moist Broadleaf Forests,Indomalayan
599,Banana_irr_2030y_SOC,cf_median,64.85247,Caribbean shrublands,13.0,Deserts & Xeric Shrublands,Neotropic
207,Banana_irr_2030y_SOC,cf_median,21.314156,Carnarvon xeric shrublands,13.0,Deserts & Xeric Shrublands,Australasia
618,Banana_irr_2030y_SOC,cf_median,93.62716,Carolines tropical moist forests,1.0,Tropical & Subtropical Moist Broadleaf Forests,Oceania
692,Banana_irr_2030y_SOC,cf_median,,Carpathian montane forests,5.0,Temperate Conifer Forests,Palearctic
184,Banana_irr_2030y_SOC,cf_median,20.491068,Carpentaria tropical savanna,7.0,"Tropical & Subtropical Grasslands, Savannas & Shrublands",Australasia
649,Banana_irr_2030y_SOC,cf_median,,Caspian Hyrcanian mixed forests,4.0,Temperate Broadleaf & Mixed Forests,Palearctic
815,Banana_irr_2030y_SOC,cf_median,,Caspian lowland desert,13.0,Deserts & Xeric Shrublands,Palearctic
447,Banana_irr_2030y_SOC,cf_median,35.75731,Catatumbo moist forests,1.0,Tropical & Subtropical Moist Broadleaf Forests,Neotropic
526,Banana_irr_2030y_SOC,cf_median,50.708706,Cauca Valley dry forests,2.0,Tropical & Subtropical Dry Broadleaf Forests,Neotropic
448,Banana_irr_2030y_SOC,cf_median,55.670387,Cauca Valley montane forests,1.0,Tropical & Subtropical Moist Broadleaf Forests,Neotropic
650,Banana_irr_2030y_SOC,cf_median,,Caucasus mixed forests,4.0,Temperate Broadleaf & Mixed Forests,Palearctic
449,Banana_irr_2030y_SOC,cf_median,,Cayos Miskitos-San Andrés and Providencia moist forests,1.0,Tropical & Subtropical Moist Broadleaf Forests,Neotropic
651,Banana_irr_2030y_SOC,cf_median,,Celtic broadleaf forests,4.0,Temperate Broadleaf & Mixed Forests,Palearctic
816,Banana_irr_2030y_SOC,cf_median,,Central Afghan Mountains xeric woodlands,13.0,Deserts & Xeric Shrublands,Palearctic
111,Banana_irr_2030y_SOC,cf_median,32.45675,Central African mangroves,14.0,Mangroves,Afrotropic
450,Banana_irr_2030y_SOC,cf_median,40.851414,Central American Atlantic moist forests,1.0,Tropical & Subtropical Moist Broadleaf Forests,Neotropic
527,Banana_irr_2030y_SOC,cf_median,39.19642,Central American dry forests,2.0,Tropical & Subtropical Dry Broadleaf Forests,Neotropic
451,Banana_irr_2030y_SOC,cf_median,47.70887,Central American montane forests,1.0,Tropical & Subtropical Moist Broadleaf Forests,Neotropic
553,Banana_irr_2030y_SOC,cf_median,43.39411,Central American pine-oak forests,3.0,Tropical & Subtropical Coniferous Forests,Neotropic
725,Banana_irr_2030y_SOC,cf_median,,Central Anatolian steppe,8.0,"Temperate Grasslands, Savannas & Shrublands",Palearctic
652,Banana_irr_2030y_SOC,cf_median,,Central Anatolian steppe and woodlands,4.0,Temperate Broadleaf & Mixed Forests,Palearctic
352,Banana_irr_2030y_SOC,cf_median,,Central-Southern Cascades Forests,5.0,Temperate Conifer Forests,Nearctic
389,Banana_irr_2030y_SOC,cf_median,,Central-Southern US mixed grasslands,8.0,"Temperate Grasslands, Savannas & Shrublands",Nearctic
587,Banana_irr_2030y_SOC,cf_median,,Central Andean dry puna,10.0,Montane Grasslands & Shrublands,Neotropic
588,Banana_irr_2030y_SOC,cf_median,,Central Andean puna,10.0,Montane Grasslands & Shrublands,Neotropic
589,Banana_irr_2030y_SOC,cf_median,,Central Andean wet puna,10.0,Montane Grasslands & Shrublands,Neotropic
817,Banana_irr_2030y_SOC,cf_median,,Central Asian northern desert,13.0,Deserts & Xeric Shrublands,Palearctic
818,Banana_irr_2030y_SOC,cf_median,,Central Asian riparian woodlands,13.0,Deserts & Xeric Shrublands,Palearctic
819,Banana_irr_2030y_SOC,cf_median,,Central Asian southern desert,13.0,Deserts & Xeric Shrublands,Palearctic
350,Banana_irr_2030y_SOC,cf_median,,Central British Columbia Mountain forests,5.0,Temperate Conifer Forests,Nearctic
38,Banana_irr_2030y_SOC,cf_median,33.824207,Central bushveld,7.0,"Tropical & Subtropical Grasslands, Savannas & Shrublands",Afrotropic
370,Banana_irr_2030y_SOC,cf_median,,Central Canadian Shield forests,6.0,Boreal Forests/Taiga,Nearctic
653,Banana_irr_2030y_SOC,cf_median,,Central China Loess Plateau mixed forests,4.0,Temperate Broadleaf & Mixed Forests,Palearctic
3,Banana_irr_2030y_SOC,cf_median,24.520132,Central Congolian lowland forests,1.0,Tropical & Subtropical Moist Broadleaf Forests,Afrotropic
290,Banana_irr_2030y_SOC,cf_median,25.968287,Central Deccan Plateau dry deciduous forests,2.0,Tropical & Subtropical Dry Broadleaf Forests,Indomalayan
654,Banana_irr_2030y_SOC,cf_median,,Central European mixed forests,4.0,Temperate Broadleaf & Mixed Forests,Palearctic
387,Banana_irr_2030y_SOC,cf_median,,Central US forest-grasslands transition,8.0,"Temperate Grasslands, Savannas & Shrublands",Nearctic
291,Banana_irr_2030y_SOC,cf_median,25.921906,Central Indochina dry forests,2.0,Tropical & Subtropical Dry Broadleaf Forests,Indomalayan
655,Banana_irr_2030y_SOC,cf_median,,Central Korean deciduous forests,4.0,Temperate Broadleaf & Mixed Forests,Palearctic
427,Banana_irr_2030y_SOC,cf_median,30.377575,Central Mexican matorral,13.0,Deserts & Xeric Shrublands,Nearctic
351,Banana_irr_2030y_SOC,cf_median,,Central Pacific Northwest coastal forests,5.0,Temperate Conifer Forests,Nearctic
820,Banana_irr_2030y_SOC,cf_median,,Central Persian desert basins,13.0,Deserts & Xeric Shrublands,Palearctic
619,Banana_irr_2030y_SOC,cf_median,,Central Polynesian tropical moist forests,1.0,Tropical & Subtropical Moist Broadleaf Forests,Oceania
139,Banana_irr_2030y_SOC,cf_median,61.8921,Central Range Papuan montane rain forests,1.0,Tropical & Subtropical Moist Broadleaf Forests,Australasia
195,Banana_irr_2030y_SOC,cf_median,72.24885,Papuan Central Range sub-alpine grasslands,10.0,Montane Grasslands & Shrublands,Australasia
208,Banana_irr_2030y_SOC,cf_median,15.696545,Central Ranges xeric scrub,13.0,Deserts & Xeric Shrublands,Australasia
118,Banana_irr_2030y_SOC,cf_median,,Central South Antarctic Peninsula tundra,11.0,Tundra,Antarctica
388,Banana_irr_2030y_SOC,cf_median,,Central Tallgrass prairie,8.0,"Temperate Grasslands, Savannas & Shrublands",Nearctic
750,Banana_irr_2030y_SOC,cf_median,,Central Tibetan Plateau alpine steppe,10.0,Montane Grasslands & Shrublands,Palearctic
39,Banana_irr_2030y_SOC,cf_median,22.760798,Central Zambezian wet miombo woodlands,7.0,"Tropical & Subtropical Grasslands, Savannas & Shrublands",Afrotropic
567,Banana_irr_2030y_SOC,cf_median,24.476238,Cerrado,7.0,"Tropical & Subtropical Grasslands, Savannas & Shrublands",Neotropic
656,Banana_irr_2030y_SOC,cf_median,,Changbai Mountains mixed forests,4.0,Temperate Broadleaf & Mixed Forests,Palearctic
657,Banana_irr_2030y_SOC,cf_median,,Changjiang Plain evergreen forests,4.0,Temperate Broadleaf & Mixed Forests,Palearctic
224,Banana_irr_2030y_SOC,cf_median,25.671415,Chao Phraya freshwater swamp forests,1.0,Tropical & Subtropical Moist Broadleaf Forests,Indomalayan
225,Banana_irr_2030y_SOC,cf_median,29.338017,Chao Phraya lowland moist deciduous forests,1.0,Tropical & Subtropical Moist Broadleaf Forests,Indomalayan
167,Banana_irr_2030y_SOC,cf_median,,Chatham Island temperate forests,4.0,Temperate Broadleaf & Mixed Forests,Australasia
771,Banana_irr_2030y_SOC,cf_median,,Cherskii-Kolyma mountain tundra,11.0,Tundra,Palearctic
292,Banana_irr_2030y_SOC,cf_median,31.55445,Chhota-Nagpur dry deciduous forests,2.0,Tropical & Subtropical Dry Broadleaf Forests,Indomalayan
528,Banana_irr_2030y_SOC,cf_median,33.76002,Chiapas Depression dry forests,2.0,Tropical & Subtropical Dry Broadleaf Forests,Neotropic
452,Banana_irr_2030y_SOC,cf_median,46.90482,Chiapas montane forests,1.0,Tropical & Subtropical Moist Broadleaf Forests,Neotropic
428,Banana_irr_2030y_SOC,cf_median,20.57129,Chihuahuan desert,13.0,Deserts & Xeric Shrublands,Nearctic
596,Banana_irr_2030y_SOC,cf_median,,Chilean Matorral,12.0,"Mediterranean Forests, Woodlands & Scrub",Neotropic
453,Banana_irr_2030y_SOC,cf_median,38.871754,Chimalapas montane forests,1.0,Tropical & Subtropical Moist Broadleaf Forests,Neotropic
226,Banana_irr_2030y_SOC,cf_median,,Chin Hills-Arakan Yoma montane forests,1.0,Tropical & Subtropical Moist Broadleaf Forests,Indomalayan
529,Banana_irr_2030y_SOC,cf_median,24.88394,Chiquitano dry forests,2.0,Tropical & Subtropical Dry Broadleaf Forests,Neotropic
454,Banana_irr_2030y_SOC,cf_median,45.149284,Chocó-Darién moist forests,1.0,Tropical & Subtropical Moist Broadleaf Forests,Neotropic
227,Banana_irr_2030y_SOC,cf_median,,Christmas and Cocos Islands tropical forests,1.0,Tropical & Subtropical Moist Broadleaf Forests,Indomalayan
772,Banana_irr_2030y_SOC,cf_median,,Chukchi Peninsula tundra,11.0,Tundra,Palearctic
568,Banana_irr_2030y_SOC,cf_median,,Clipperton Island shrub and grasslands,7.0,"Tropical & Subtropical Grasslands, Savannas & Shrublands",Neotropic
455,Banana_irr_2030y_SOC,cf_median,,Cocos Island moist forests,1.0,Tropical & Subtropical Moist Broadleaf Forests,Neotropic
429,Banana_irr_2030y_SOC,cf_median,,Colorado Plateau shrublands,13.0,Deserts & Xeric Shrublands,Nearctic
353,Banana_irr_2030y_SOC,cf_median,,Colorado Rockies forests,5.0,Temperate Conifer Forests,Nearctic
4,Banana_irr_2030y_SOC,cf_median,76.1977,Comoros forests,1.0,Tropical & Subtropical Moist Broadleaf Forests,Afrotropic
371,Banana_irr_2030y_SOC,cf_median,,Cook Inlet taiga,6.0,Boreal Forests/Taiga,Nearctic
620,Banana_irr_2030y_SOC,cf_median,,Cook Islands tropical moist forests,1.0,Tropical & Subtropical Moist Broadleaf Forests,Oceania
197,Banana_irr_2030y_SOC,cf_median,32.58782,Coolgardie woodlands,12.0,"Mediterranean Forests, Woodlands & Scrub",Australasia
372,Banana_irr_2030y_SOC,cf_median,,Copper Plateau taiga,6.0,Boreal Forests/Taiga,Nearctic
590,Banana_irr_2030y_SOC,cf_median,35.634037,Cordillera Central páramo,10.0,Montane Grasslands & Shrublands,Neotropic
591,Banana_irr_2030y_SOC,cf_median,,Cordillera de Merida páramo,10.0,Montane Grasslands & Shrublands,Neotropic
456,Banana_irr_2030y_SOC,cf_median,,Cordillera La Costa montane forests,1.0,Tropical & Subtropical Moist Broadleaf Forests,Neotropic
457,Banana_irr_2030y_SOC,cf_median,47.509716,Cordillera Oriental montane forests,1.0,Tropical & Subtropical Moist Broadleaf Forests,Neotropic
788,Banana_irr_2030y_SOC,cf_median,,Corsican montane broadleaf and mixed forests,12.0,"Mediterranean Forests, Woodlands & Scrub",Palearctic
458,Banana_irr_2030y_SOC,cf_median,58.226955,Costa Rican seasonal moist forests,1.0,Tropical & Subtropical Moist Broadleaf Forests,Neotropic
789,Banana_irr_2030y_SOC,cf_median,76.94379,Crete Mediterranean forests,12.0,"Mediterranean Forests, Woodlands & Scrub",Palearctic
658,Banana_irr_2030y_SOC,cf_median,,Crimean Submediterranean forest complex,4.0,Temperate Broadleaf & Mixed Forests,Palearctic
6,Banana_irr_2030y_SOC,cf_median,24.684471,Cross-Niger transition forests,1.0,Tropical & Subtropical Moist Broadleaf Forests,Afrotropic
7,Banana_irr_2030y_SOC,cf_median,28.853199,Cross-Sanaga-Bioko coastal forests,1.0,Tropical & Subtropical Moist Broadleaf Forests,Afrotropic
390,Banana_irr_2030y_SOC,cf_median,,Cross-Timbers savanna-woodland,8.0,"Temperate Grasslands, Savannas & Shrublands",Nearctic
600,Banana_irr_2030y_SOC,cf_median,69.27399,Cuban cactus scrub,13.0,Deserts & Xeric Shrublands,Neotropic
530,Banana_irr_2030y_SOC,cf_median,35.926933,Cuban dry forests,2.0,Tropical & Subtropical Dry Broadleaf Forests,Neotropic
459,Banana_irr_2030y_SOC,cf_median,40.92782,Cuban moist forests,1.0,Tropical & Subtropical Moist Broadleaf Forests,Neotropic
554,Banana_irr_2030y_SOC,cf_median,41.056694,Cuban pine forests,3.0,Tropical & Subtropical Coniferous Forests,Neotropic
579,Banana_irr_2030y_SOC,cf_median,38.1462,Cuban wetlands,9.0,Flooded Grasslands & Savannas,Neotropic
790,Banana_irr_2030y_SOC,cf_median,58.216187,Cyprus Mediterranean forests,12.0,"Mediterranean Forests, Woodlands & Scrub",Palearctic
693,Banana_irr_2030y_SOC,cf_median,,Da Hinggan-Dzhagdy Mountains conifer forests,5.0,Temperate Conifer Forests,Palearctic
659,Banana_irr_2030y_SOC,cf_median,,Daba Mountains evergreen forests,4.0,Temperate Broadleaf & Mixed Forests,Palearctic
726,Banana_irr_2030y_SOC,cf_median,,Daurian forest steppe,8.0,"Temperate Grasslands, Savannas & Shrublands",Palearctic
415,Banana_irr_2030y_SOC,cf_median,,Davis Highlands tundra,11.0,Tundra,Nearctic
315,Banana_irr_2030y_SOC,cf_median,26.758759,Deccan thorn scrub forests,13.0,Deserts & Xeric Shrublands,Indomalayan
660,Banana_irr_2030y_SOC,cf_median,,Dinaric Mountains mixed forests,4.0,Temperate Broadleaf & Mixed Forests,Palearctic
92,Banana_irr_2030y_SOC,cf_median,16.103449,Djibouti xeric shrublands,13.0,Deserts & Xeric Shrublands,Afrotropic
40,Banana_irr_2030y_SOC,cf_median,47.16732,Drakensberg Escarpment savanna and thicket,7.0,"Tropical & Subtropical Grasslands, Savannas & Shrublands",Afrotropic
41,Banana_irr_2030y_SOC,cf_median,44.21292,Drakensberg grasslands,7.0,"Tropical & Subtropical Grasslands, Savannas & Shrublands",Afrotropic
0,Banana_irr_2030y_SOC,cf_median,,Rock and Ice,11.0,N/A,N/A
569,Banana_irr_2030y_SOC,cf_median,25.695913,Dry Chaco,7.0,"Tropical & Subtropical Grasslands, Savannas & Shrublands",Neotropic
694,Banana_irr_2030y_SOC,cf_median,9.445194,East Afghan montane conifer forests,5.0,Temperate Conifer Forests,Palearctic
69,Banana_irr_2030y_SOC,cf_median,22.709936,East African halophytics,9.0,Flooded Grasslands & Savannas,Afrotropic
112,Banana_irr_2030y_SOC,cf_median,28.009329,East African mangroves,14.0,Mangroves,Afrotropic
120,Banana_irr_2030y_SOC,cf_median,,East Antarctic tundra,11.0,Tundra,Antarctica
821,Banana_irr_2030y_SOC,cf_median,12.506172,East Arabian fog shrublands and sand desert,13.0,Deserts & Xeric Shrublands,Palearctic
332,Banana_irr_2030y_SOC,cf_median,24.206938,East Central Texas forests,4.0,Temperate Broadleaf & Mixed Forests,Nearctic
293,Banana_irr_2030y_SOC,cf_median,31.35946,East Deccan dry-evergreen forests,2.0,Tropical & Subtropical Dry Broadleaf Forests,Indomalayan
661,Banana_irr_2030y_SOC,cf_median,,East European forest steppe,4.0,Temperate Broadleaf & Mixed Forests,Palearctic
822,Banana_irr_2030y_SOC,cf_median,18.523668,East Sahara Desert,13.0,Deserts & Xeric Shrublands,Palearctic
823,Banana_irr_2030y_SOC,cf_median,25.833447,East Saharan montane xeric woodlands,13.0,Deserts & Xeric Shrublands,Palearctic
710,Banana_irr_2030y_SOC,cf_median,,East Siberian taiga,6.0,Boreal Forests/Taiga,Palearctic
43,Banana_irr_2030y_SOC,cf_median,20.765268,East Sudanian savanna,7.0,"Tropical & Subtropical Grasslands, Savannas & Shrublands",Afrotropic
662,Banana_irr_2030y_SOC,cf_median,,Eastern Anatolian deciduous forests,4.0,Temperate Broadleaf & Mixed Forests,Palearctic
727,Banana_irr_2030y_SOC,cf_median,,Eastern Anatolian montane steppe,8.0,"Temperate Grasslands, Savannas & Shrublands",Palearctic
191,Banana_irr_2030y_SOC,cf_median,16.64883,Eastern Australia mulga shrublands,8.0,"Temperate Grasslands, Savannas & Shrublands",Australasia
168,Banana_irr_2030y_SOC,cf_median,39.421265,Eastern Australian temperate forests,4.0,Temperate Broadleaf & Mixed Forests,Australasia
373,Banana_irr_2030y_SOC,cf_median,,Eastern Canadian forests,6.0,Boreal Forests/Taiga,Nearctic
374,Banana_irr_2030y_SOC,cf_median,,Eastern Canadian Shield taiga,6.0,Boreal Forests/Taiga,Nearctic
354,Banana_irr_2030y_SOC,cf_median,,Eastern Cascades forests,5.0,Temperate Conifer Forests,Nearctic
10,Banana_irr_2030y_SOC,cf_median,22.8152,Eastern Congolian swamp forests,1.0,Tropical & Subtropical Moist Broadleaf Forests,Afrotropic
460,Banana_irr_2030y_SOC,cf_median,55.20476,Eastern Cordillera Real montane forests,1.0,Tropical & Subtropical Moist Broadleaf Forests,Neotropic
333,Banana_irr_2030y_SOC,cf_median,,Eastern Canadian Forest-Boreal transition,4.0,Temperate Broadleaf & Mixed Forests,Nearctic
824,Banana_irr_2030y_SOC,cf_median,,Eastern Gobi desert steppe,13.0,Deserts & Xeric Shrublands,Palearctic
334,Banana_irr_2030y_SOC,cf_median,,Eastern Great Lakes lowland forests,4.0,Temperate Broadleaf & Mixed Forests,Nearctic
11,Banana_irr_2030y_SOC,cf_median,22.019072,Eastern Guinean forests,1.0,Tropical & Subtropical Moist Broadleaf Forests,Afrotropic
228,Banana_irr_2030y_SOC,cf_median,31.921694,East Deccan moist deciduous forests,1.0,Tropical & Subtropical Moist Broadleaf Forests,Indomalayan
751,Banana_irr_2030y_SOC,cf_median,,Eastern Himalayan alpine shrub and meadows,10.0,Montane Grasslands & Shrublands,Palearctic
306,Banana_irr_2030y_SOC,cf_median,48.001736,Eastern Himalayan broadleaf forests,4.0,Temperate Broadleaf & Mixed Forests,Indomalayan
309,Banana_irr_2030y_SOC,cf_median,44.248547,Eastern Himalayan subalpine conifer forests,5.0,Temperate Conifer Forests,Indomalayan
229,Banana_irr_2030y_SOC,cf_median,135.38307,Eastern Java-Bali montane rain forests,1.0,Tropical & Subtropical Moist Broadleaf Forests,Indomalayan
230,Banana_irr_2030y_SOC,cf_median,66.00854,Eastern Java-Bali rain forests,1.0,Tropical & Subtropical Moist Broadleaf Forests,Indomalayan
791,Banana_irr_2030y_SOC,cf_median,36.894444,Eastern Mediterranean conifer-broadleaf forests,12.0,"Mediterranean Forests, Woodlands & Scrub",Palearctic
621,Banana_irr_2030y_SOC,cf_median,,Eastern Micronesia tropical moist forests,1.0,Tropical & Subtropical Moist Broadleaf Forests,Oceania
461,Banana_irr_2030y_SOC,cf_median,40.947514,Eastern Panamanian montane forests,1.0,Tropical & Subtropical Moist Broadleaf Forests,Neotropic
531,Banana_irr_2030y_SOC,cf_median,34.662598,Ecuadorian dry forests,2.0,Tropical & Subtropical Dry Broadleaf Forests,Neotropic
391,Banana_irr_2030y_SOC,cf_median,31.09584,Edwards Plateau savanna,8.0,"Temperate Grasslands, Savannas & Shrublands",Nearctic
185,Banana_irr_2030y_SOC,cf_median,21.999249,Einasleigh upland savanna,7.0,"Tropical & Subtropical Grasslands, Savannas & Shrublands",Australasia
695,Banana_irr_2030y_SOC,cf_median,,Elburz Range forest steppe,5.0,Temperate Conifer Forests,Palearctic
121,Banana_irr_2030y_SOC,cf_median,,Ellsworth Land tundra,11.0,Tundra,Antarctica
122,Banana_irr_2030y_SOC,cf_median,,Ellsworth Mountains tundra,11.0,Tundra,Antarctica
728,Banana_irr_2030y_SOC,cf_median,,Emin Valley steppe,8.0,"Temperate Grasslands, Savannas & Shrublands",Palearctic
123,Banana_irr_2030y_SOC,cf_median,,Enderby Land tundra,11.0,Tundra,Antarctica
663,Banana_irr_2030y_SOC,cf_median,,English Lowlands beech forests,4.0,Temperate Broadleaf & Mixed Forests,Palearctic
580,Banana_irr_2030y_SOC,cf_median,40.288464,Enriquillo wetlands,9.0,Flooded Grasslands & Savannas,Neotropic
93,Banana_irr_2030y_SOC,cf_median,,Eritrean coastal desert,13.0,Deserts & Xeric Shrublands,Afrotropic
198,Banana_irr_2030y_SOC,cf_median,36.080578,Esperance mallee,12.0,"Mediterranean Forests, Woodlands & Scrub",Australasia
575,Banana_irr_2030y_SOC,cf_median,38.671017,Espinal,8.0,"Temperate Grasslands, Savannas & Shrublands",Neotropic
12,Banana_irr_2030y_SOC,cf_median,46.714573,Ethiopian montane forests,1.0,Tropical & Subtropical Moist Broadleaf Forests,Afrotropic
79,Banana_irr_2030y_SOC,cf_median,39.411896,Ethiopian montane grasslands and woodlands,10.0,Montane Grasslands & Shrublands,Afrotropic
80,Banana_irr_2030y_SOC,cf_median,43.459858,Ethiopian montane moorlands,10.0,Montane Grasslands & Shrublands,Afrotropic
70,Banana_irr_2030y_SOC,cf_median,,Etosha Pan halophytics,9.0,Flooded Grasslands & Savannas,Afrotropic
665,Banana_irr_2030y_SOC,cf_median,,Euxine-Colchic broadleaf forests,4.0,Temperate Broadleaf & Mixed Forests,Palearctic
581,Banana_irr_2030y_SOC,cf_median,38.149223,Everglades flooded grasslands,9.0,Flooded Grasslands & Savannas,Neotropic
199,Banana_irr_2030y_SOC,cf_median,35.046978,Eyre and York mallee,12.0,"Mediterranean Forests, Woodlands & Scrub",Australasia
729,Banana_irr_2030y_SOC,cf_median,,Faroe Islands boreal grasslands,8.0,"Temperate Grasslands, Savannas & Shrublands",Palearctic
462,Banana_irr_2030y_SOC,cf_median,,Fernando de Noronha-Atol das Rocas moist forests,1.0,Tropical & Subtropical Moist Broadleaf Forests,Neotropic
635,Banana_irr_2030y_SOC,cf_median,78.69883,Fiji tropical dry forests,2.0,Tropical & Subtropical Dry Broadleaf Forests,Oceania
622,Banana_irr_2030y_SOC,cf_median,82.44254,Fiji tropical moist forests,1.0,Tropical & Subtropical Moist Broadleaf Forests,Oceania
169,Banana_irr_2030y_SOC,cf_median,,Fiordland temperate forests,4.0,Temperate Broadleaf & Mixed Forests,Australasia
200,Banana_irr_2030y_SOC,cf_median,28.059639,Flinders-Lofty montane woodlands,12.0,"Mediterranean Forests, Woodlands & Scrub",Australasia
392,Banana_irr_2030y_SOC,cf_median,,Flint Hills tallgrass prairie,8.0,"Temperate Grasslands, Savannas & Shrublands",Nearctic
355,Banana_irr_2030y_SOC,cf_median,,Fraser Plateau and Basin conifer forests,5.0,Temperate Conifer Forests,Nearctic
89,Banana_irr_2030y_SOC,cf_median,44.830032,Fynbos shrubland,12.0,"Mediterranean Forests, Woodlands & Scrub",Afrotropic
601,Banana_irr_2030y_SOC,cf_median,84.275505,Galápagos Islands xeric scrub,13.0,Deserts & Xeric Shrublands,Neotropic
94,Banana_irr_2030y_SOC,cf_median,25.277765,Gariep Karoo,13.0,Deserts & Xeric Shrublands,Afrotropic
752,Banana_irr_2030y_SOC,cf_median,,Ghorat-Hazarajat alpine meadow,10.0,Montane Grasslands & Shrublands,Palearctic
209,Banana_irr_2030y_SOC,cf_median,15.326089,Gibson desert,13.0,Deserts & Xeric Shrublands,Australasia
730,Banana_irr_2030y_SOC,cf_median,,Gissaro-Alai open woodlands,8.0,"Temperate Grasslands, Savannas & Shrublands",Palearctic
316,Banana_irr_2030y_SOC,cf_median,96.248825,Godavari-Krishna mangroves,13.0,Deserts & Xeric Shrublands,Indomalayan
825,Banana_irr_2030y_SOC,cf_median,,Gobi Lakes Valley desert steppe,13.0,Deserts & Xeric Shrublands,Palearctic
13,Banana_irr_2030y_SOC,cf_median,,Granitic Seychelles forests,1.0,Tropical & Subtropical Moist Broadleaf Forests,Afrotropic
356,Banana_irr_2030y_SOC,cf_median,,Great Basin montane forests,5.0,Temperate Conifer Forests,Nearctic
430,Banana_irr_2030y_SOC,cf_median,14.213699,Great Basin shrub steppe,13.0,Deserts & Xeric Shrublands,Nearctic
826,Banana_irr_2030y_SOC,cf_median,,Great Lakes Basin desert steppe,13.0,Deserts & Xeric Shrublands,Palearctic
210,Banana_irr_2030y_SOC,cf_median,15.747256,Great Sandy-Tanami desert,13.0,Deserts & Xeric Shrublands,Australasia
211,Banana_irr_2030y_SOC,cf_median,22.758186,Great Victoria desert,13.0,Deserts & Xeric Shrublands,Australasia
231,Banana_irr_2030y_SOC,cf_median,71.397095,Greater Negros-Panay rain forests,1.0,Tropical & Subtropical Moist Broadleaf Forests,Indomalayan
602,Banana_irr_2030y_SOC,cf_median,32.08052,Guajira-Barranquilla xeric scrub,13.0,Deserts & Xeric Shrublands,Neotropic
582,Banana_irr_2030y_SOC,cf_median,41.241093,Guayaquil flooded grasslands,9.0,Flooded Grasslands & Savannas,Neotropic
463,Banana_irr_2030y_SOC,cf_median,29.248701,Guianan freshwater swamp forests,1.0,Tropical & Subtropical Moist Broadleaf Forests,Neotropic
464,Banana_irr_2030y_SOC,cf_median,36.95578,Guianan Highlands moist forests,1.0,Tropical & Subtropical Moist Broadleaf Forests,Neotropic
465,Banana_irr_2030y_SOC,cf_median,30.369858,Guianan lowland moist forests,1.0,Tropical & Subtropical Moist Broadleaf Forests,Neotropic
466,Banana_irr_2030y_SOC,cf_median,26.117004,Guianan piedmont moist forests,1.0,Tropical & Subtropical Moist Broadleaf Forests,Neotropic
570,Banana_irr_2030y_SOC,cf_median,24.953238,Guianan savanna,7.0,"Tropical & Subtropical Grasslands, Savannas & Shrublands",Neotropic
44,Banana_irr_2030y_SOC,cf_median,19.114523,Guinean forest-savanna,7.0,"Tropical & Subtropical Grasslands, Savannas & Shrublands",Afrotropic
113,Banana_irr_2030y_SOC,cf_median,26.965511,Guinean mangroves,14.0,Mangroves,Afrotropic
14,Banana_irr_2030y_SOC,cf_median,30.925007,Guinean montane forests,1.0,Tropical & Subtropical Moist Broadleaf Forests,Afrotropic
642,Banana_irr_2030y_SOC,cf_median,42.673798,Guizhou Plateau broadleaf and mixed forests,1.0,Tropical & Subtropical Moist Broadleaf Forests,Palearctic
431,Banana_irr_2030y_SOC,cf_median,48.044407,Gulf of California xeric scrub,13.0,Deserts & Xeric Shrublands,Nearctic
335,Banana_irr_2030y_SOC,cf_median,,Gulf of St. Lawrence lowland forests,4.0,Temperate Broadleaf & Mixed Forests,Nearctic
467,Banana_irr_2030y_SOC,cf_median,25.49038,Gurupa várzea,1.0,Tropical & Subtropical Moist Broadleaf Forests,Neotropic
232,Banana_irr_2030y_SOC,cf_median,47.04917,Hainan Island monsoon rain forests,1.0,Tropical & Subtropical Moist Broadleaf Forests,Indomalayan
140,Banana_irr_2030y_SOC,cf_median,137.70624,Halmahera rain forests,1.0,Tropical & Subtropical Moist Broadleaf Forests,Australasia
201,Banana_irr_2030y_SOC,cf_median,37.960297,Hampton mallee and woodlands,12.0,"Mediterranean Forests, Woodlands & Scrub",Australasia
636,Banana_irr_2030y_SOC,cf_median,51.55133,Hawai'i tropical dry forests,2.0,Tropical & Subtropical Dry Broadleaf Forests,Oceania
639,Banana_irr_2030y_SOC,cf_median,40.87734,Hawai'i tropical high shrublands,7.0,"Tropical & Subtropical Grasslands, Savannas & Shrublands",Oceania
640,Banana_irr_2030y_SOC,cf_median,68.06461,Hawai'i tropical low shrublands,7.0,"Tropical & Subtropical Grasslands, Savannas & Shrublands",Oceania
623,Banana_irr_2030y_SOC,cf_median,77.96956,Hawai'i tropical moist forests,1.0,Tropical & Subtropical Moist Broadleaf Forests,Oceania
696,Banana_irr_2030y_SOC,cf_median,,Helanshan montane conifer forests,5.0,Temperate Conifer Forests,Palearctic
697,Banana_irr_2030y_SOC,cf_median,51.931496,Hengduan Mountains subalpine conifer forests,5.0,Temperate Conifer Forests,Palearctic
412,Banana_irr_2030y_SOC,cf_median,,Canadian High Arctic tundra,11.0,Tundra,Nearctic
592,Banana_irr_2030y_SOC,cf_median,24.49571,High Monte,10.0,Montane Grasslands & Shrublands,Neotropic
81,Banana_irr_2030y_SOC,cf_median,35.25901,Highveld grasslands,10.0,Montane Grasslands & Shrublands,Afrotropic
233,Banana_irr_2030y_SOC,cf_median,31.401007,Himalayan subtropical broadleaf forests,1.0,Tropical & Subtropical Moist Broadleaf Forests,Indomalayan
302,Banana_irr_2030y_SOC,cf_median,36.264248,Himalayan subtropical pine forests,3.0,Tropical & Subtropical Coniferous Forests,Indomalayan
753,Banana_irr_2030y_SOC,cf_median,,Hindu Kush alpine meadow,10.0,Montane Grasslands & Shrublands,Palearctic
532,Banana_irr_2030y_SOC,cf_median,38.917023,Hispaniolan dry forests,2.0,Tropical & Subtropical Dry Broadleaf Forests,Neotropic
468,Banana_irr_2030y_SOC,cf_median,44.087536,Hispaniolan moist forests,1.0,Tropical & Subtropical Moist Broadleaf Forests,Neotropic
555,Banana_irr_2030y_SOC,cf_median,46.97953,Hispaniolan pine forests,3.0,Tropical & Subtropical Coniferous Forests,Neotropic
95,Banana_irr_2030y_SOC,cf_median,20.023691,Hobyo grasslands and shrublands,13.0,Deserts & Xeric Shrublands,Afrotropic
666,Banana_irr_2030y_SOC,cf_median,,Hokkaido deciduous forests,4.0,Temperate Broadleaf & Mixed Forests,Palearctic
698,Banana_irr_2030y_SOC,cf_median,,Hokkaido montane conifer forests,5.0,Temperate Conifer Forests,Palearctic
699,Banana_irr_2030y_SOC,cf_median,,Honshu alpine conifer forests,5.0,Temperate Conifer Forests,Palearctic
45,Banana_irr_2030y_SOC,cf_median,16.437973,Horn of Africa xeric bushlands,7.0,"Tropical & Subtropical Grasslands, Savannas & Shrublands",Afrotropic
667,Banana_irr_2030y_SOC,cf_median,,Huang He Plain mixed forests,4.0,Temperate Broadleaf & Mixed Forests,Palearctic
571,Banana_irr_2030y_SOC,cf_median,28.561657,Humid Chaco,7.0,"Tropical & Subtropical Grasslands, Savannas & Shrublands",Neotropic
576,Banana_irr_2030y_SOC,cf_median,42.0512,Humid Pampas,8.0,"Temperate Grasslands, Savannas & Shrublands",Neotropic
141,Banana_irr_2030y_SOC,cf_median,55.63,Huon Peninsula montane rain forests,1.0,Tropical & Subtropical Moist Broadleaf Forests,Australasia
792,Banana_irr_2030y_SOC,cf_median,57.433125,Iberian conifer forests,12.0,"Mediterranean Forests, Woodlands & Scrub",Palearctic
793,Banana_irr_2030y_SOC,cf_median,29.233263,Iberian sclerophyllous and semi-deciduous forests,12.0,"Mediterranean Forests, Woodlands & Scrub",Palearctic
711,Banana_irr_2030y_SOC,cf_median,,Iceland boreal birch forests and alpine tundra,6.0,Boreal Forests/Taiga,Palearctic
794,Banana_irr_2030y_SOC,cf_median,,Illyrian deciduous forests,12.0,"Mediterranean Forests, Woodlands & Scrub",Palearctic
319,Banana_irr_2030y_SOC,cf_median,34.924656,Indochina mangroves,14.0,Mangroves,Indomalayan
320,Banana_irr_2030y_SOC,cf_median,20.736563,Indus River Delta-Arabian Sea mangroves,14.0,Mangroves,Indomalayan
317,Banana_irr_2030y_SOC,cf_median,10.444516,Indus Valley desert,13.0,Deserts & Xeric Shrublands,Indomalayan
71,Banana_irr_2030y_SOC,cf_median,13.381408,Inner Niger Delta flooded savanna,9.0,Flooded Grasslands & Savannas,Afrotropic
375,Banana_irr_2030y_SOC,cf_median,,Interior Alaska-Yukon lowland taiga,6.0,Boreal Forests/Taiga,Nearctic
336,Banana_irr_2030y_SOC,cf_median,,Interior Plateau US Hardwood Forests,4.0,Temperate Broadleaf & Mixed Forests,Nearctic
416,Banana_irr_2030y_SOC,cf_median,,Interior Yukon-Alaska alpine tundra,11.0,Tundra,Nearctic
469,Banana_irr_2030y_SOC,cf_median,30.257732,Iquitos várzea,1.0,Tropical & Subtropical Moist Broadleaf Forests,Neotropic
294,Banana_irr_2030y_SOC,cf_median,,Irrawaddy dry forests,2.0,Tropical & Subtropical Dry Broadleaf Forests,Indomalayan
234,Banana_irr_2030y_SOC,cf_median,,Irrawaddy freshwater swamp forests,1.0,Tropical & Subtropical Moist Broadleaf Forests,Indomalayan
235,Banana_irr_2030y_SOC,cf_median,,Irrawaddy moist deciduous forests,1.0,Tropical & Subtropical Moist Broadleaf Forests,Indomalayan
533,Banana_irr_2030y_SOC,cf_median,,Islas Revillagigedo dry forests,2.0,Tropical & Subtropical Dry Broadleaf Forests,Neotropic
470,Banana_irr_2030y_SOC,cf_median,37.723225,Isthmian-Atlantic moist forests,1.0,Tropical & Subtropical Moist Broadleaf Forests,Neotropic
471,Banana_irr_2030y_SOC,cf_median,38.841305,Isthmian-Pacific moist forests,1.0,Tropical & Subtropical Moist Broadleaf Forests,Neotropic
795,Banana_irr_2030y_SOC,cf_median,,Italian sclerophyllous and semi-deciduous forests,12.0,"Mediterranean Forests, Woodlands & Scrub",Palearctic
46,Banana_irr_2030y_SOC,cf_median,18.888725,Itigi-Sumbu thicket,7.0,"Tropical & Subtropical Grasslands, Savannas & Shrublands",Afrotropic
534,Banana_irr_2030y_SOC,cf_median,34.347355,Jalisco dry forests,2.0,Tropical & Subtropical Dry Broadleaf Forests,Neotropic
535,Banana_irr_2030y_SOC,cf_median,78.73359,Jamaican dry forests,2.0,Tropical & Subtropical Dry Broadleaf Forests,Neotropic
472,Banana_irr_2030y_SOC,cf_median,85.598724,Jamaican moist forests,1.0,Tropical & Subtropical Moist Broadleaf Forests,Neotropic
473,Banana_irr_2030y_SOC,cf_median,30.20477,Japurá-Solimões-Negro moist forests,1.0,Tropical & Subtropical Moist Broadleaf Forests,Neotropic
202,Banana_irr_2030y_SOC,cf_median,116.83098,Jarrah-Karri forest and shrublands,12.0,"Mediterranean Forests, Woodlands & Scrub",Australasia
236,Banana_irr_2030y_SOC,cf_median,38.510662,Jian Nan subtropical evergreen forests,1.0,Tropical & Subtropical Moist Broadleaf Forests,Indomalayan
82,Banana_irr_2030y_SOC,cf_median,17.590942,Jos Plateau forest-grassland,10.0,Montane Grasslands & Shrublands,Afrotropic
560,Banana_irr_2030y_SOC,cf_median,,Juan Fernández Islands temperate forests,4.0,Temperate Broadleaf & Mixed Forests,Neotropic
827,Banana_irr_2030y_SOC,cf_median,,Junggar Basin semi-desert,13.0,Deserts & Xeric Shrublands,Palearctic
474,Banana_irr_2030y_SOC,cf_median,31.420088,Juruá-Purus moist forests,1.0,Tropical & Subtropical Moist Broadleaf Forests,Neotropic
418,Banana_irr_2030y_SOC,cf_median,,Kalaallit Nunaat High Arctic tundra,11.0,Tundra,Nearctic
47,Banana_irr_2030y_SOC,cf_median,,Kalahari Acacia woodlands,7.0,"Tropical & Subtropical Grasslands, Savannas & Shrublands",Afrotropic
97,Banana_irr_2030y_SOC,cf_median,22.694962,Kalahari xeric savanna,13.0,Deserts & Xeric Shrublands,Afrotropic
713,Banana_irr_2030y_SOC,cf_median,,Kamchatka-Kurile meadows and sparse forests,6.0,Boreal Forests/Taiga,Palearctic
712,Banana_irr_2030y_SOC,cf_median,,Kamchatka taiga,6.0,Boreal Forests/Taiga,Palearctic
98,Banana_irr_2030y_SOC,cf_median,13.191537,Kaokoveld desert,13.0,Deserts & Xeric Shrublands,Afrotropic
754,Banana_irr_2030y_SOC,cf_median,,Karakoram-West Tibetan Plateau alpine steppe,10.0,Montane Grasslands & Shrublands,Palearctic
237,Banana_irr_2030y_SOC,cf_median,36.94574,Kayah-Karen montane rain forests,1.0,Tropical & Subtropical Moist Broadleaf Forests,Indomalayan
731,Banana_irr_2030y_SOC,cf_median,,Kazakh forest steppe,8.0,"Temperate Grasslands, Savannas & Shrublands",Palearctic
828,Banana_irr_2030y_SOC,cf_median,,Kazakh semi-desert,13.0,Deserts & Xeric Shrublands,Palearctic
732,Banana_irr_2030y_SOC,cf_median,,Kazakh steppe,8.0,"Temperate Grasslands, Savannas & Shrublands",Palearctic
733,Banana_irr_2030y_SOC,cf_median,,Kazakh upland steppe,8.0,"Temperate Grasslands, Savannas & Shrublands",Palearctic
624,Banana_irr_2030y_SOC,cf_median,,Kermadec Islands subtropical moist forests,1.0,Tropical & Subtropical Moist Broadleaf Forests,Oceania
755,Banana_irr_2030y_SOC,cf_median,,Khangai Mountains alpine meadow,10.0,Montane Grasslands & Shrublands,Palearctic
700,Banana_irr_2030y_SOC,cf_median,,Khangai Mountains conifer forests,5.0,Temperate Conifer Forests,Palearctic
295,Banana_irr_2030y_SOC,cf_median,22.554625,Khathiar-Gir dry deciduous forests,2.0,Tropical & Subtropical Dry Broadleaf Forests,Indomalayan
186,Banana_irr_2030y_SOC,cf_median,18.947235,Kimberly tropical savanna,7.0,"Tropical & Subtropical Grasslands, Savannas & Shrublands",Australasia
357,Banana_irr_2030y_SOC,cf_median,,Klamath-Siskiyou forests,5.0,Temperate Conifer Forests,Nearctic
15,Banana_irr_2030y_SOC,cf_median,48.06825,Knysna-Amatole montane forests,1.0,Tropical & Subtropical Moist Broadleaf Forests,Afrotropic
774,Banana_irr_2030y_SOC,cf_median,,Kola Peninsula tundra,11.0,Tundra,Palearctic
829,Banana_irr_2030y_SOC,cf_median,,Kopet Dag semi-desert,13.0,Deserts & Xeric Shrublands,Palearctic
756,Banana_irr_2030y_SOC,cf_median,,Kopet Dag woodlands and forest steppe,10.0,Montane Grasslands & Shrublands,Palearctic
757,Banana_irr_2030y_SOC,cf_median,8.354958,Kuh Rud and Eastern Iran montane woodlands,10.0,Montane Grasslands & Shrublands,Palearctic
16,Banana_irr_2030y_SOC,cf_median,51.942116,Kwazulu Natal-Cape coastal forests,1.0,Tropical & Subtropical Moist Broadleaf Forests,Afrotropic
603,Banana_irr_2030y_SOC,cf_median,,La Costa xeric shrublands,13.0,Deserts & Xeric Shrublands,Neotropic
72,Banana_irr_2030y_SOC,cf_median,15.293618,Lake Chad flooded savanna,9.0,Flooded Grasslands & Savannas,Afrotropic
536,Banana_irr_2030y_SOC,cf_median,,Lara-Falcón dry forests,2.0,Tropical & Subtropical Dry Broadleaf Forests,Neotropic
475,Banana_irr_2030y_SOC,cf_median,,Leeward Islands moist forests,1.0,Tropical & Subtropical Moist Broadleaf Forests,Neotropic
163,Banana_irr_2030y_SOC,cf_median,57.26101,Lesser Sundas deciduous forests,2.0,Tropical & Subtropical Dry Broadleaf Forests,Australasia
48,Banana_irr_2030y_SOC,cf_median,32.65499,Limpopo lowveld,7.0,"Tropical & Subtropical Grasslands, Savannas & Shrublands",Afrotropic
572,Banana_irr_2030y_SOC,cf_median,27.351498,Llanos,7.0,"Tropical & Subtropical Grasslands, Savannas & Shrublands",Neotropic
142,Banana_irr_2030y_SOC,cf_median,,Lord Howe Island subtropical forests,1.0,Tropical & Subtropical Moist Broadleaf Forests,Australasia
143,Banana_irr_2030y_SOC,cf_median,93.910095,Louisiade Archipelago rain forests,1.0,Tropical & Subtropical Moist Broadleaf Forests,Australasia
577,Banana_irr_2030y_SOC,cf_median,18.457466,Low Monte,8.0,"Temperate Grasslands, Savannas & Shrublands",Neotropic
238,Banana_irr_2030y_SOC,cf_median,28.753712,Lower Gangetic Plains moist deciduous forests,1.0,Tropical & Subtropical Moist Broadleaf Forests,Indomalayan
239,Banana_irr_2030y_SOC,cf_median,36.502705,Luang Prabang montane rain forests,1.0,Tropical & Subtropical Moist Broadleaf Forests,Indomalayan
240,Banana_irr_2030y_SOC,cf_median,46.902008,Luzon montane rain forests,1.0,Tropical & Subtropical Moist Broadleaf Forests,Indomalayan
241,Banana_irr_2030y_SOC,cf_median,42.38852,Luzon rain forests,1.0,Tropical & Subtropical Moist Broadleaf Forests,Indomalayan
303,Banana_irr_2030y_SOC,cf_median,48.91865,Luzon tropical pine forests,3.0,Tropical & Subtropical Coniferous Forests,Indomalayan
32,Banana_irr_2030y_SOC,cf_median,24.691223,Madagascar dry deciduous forests,2.0,Tropical & Subtropical Dry Broadleaf Forests,Afrotropic
83,Banana_irr_2030y_SOC,cf_median,42.24894,Madagascar ericoid thickets,10.0,Montane Grasslands & Shrublands,Afrotropic
17,Banana_irr_2030y_SOC,cf_median,43.964165,Madagascar humid forests,1.0,Tropical & Subtropical Moist Broadleaf Forests,Afrotropic
114,Banana_irr_2030y_SOC,cf_median,40.230022,Madagascar mangroves,14.0,Mangroves,Afrotropic
99,Banana_irr_2030y_SOC,cf_median,21.542097,Madagascar spiny thickets,13.0,Deserts & Xeric Shrublands,Afrotropic
18,Banana_irr_2030y_SOC,cf_median,30.706686,Madagascar subhumid forests,1.0,Tropical & Subtropical Moist Broadleaf Forests,Afrotropic
100,Banana_irr_2030y_SOC,cf_median,22.84026,Madagascar succulent woodlands,13.0,Deserts & Xeric Shrublands,Afrotropic
476,Banana_irr_2030y_SOC,cf_median,25.411572,Madeira-Tapajós moist forests,1.0,Tropical & Subtropical Moist Broadleaf Forests,Neotropic
668,Banana_irr_2030y_SOC,cf_median,,Madeira evergreen forests,4.0,Temperate Broadleaf & Mixed Forests,Palearctic
478,Banana_irr_2030y_SOC,cf_median,31.828323,Magdalena-Urabá moist forests,1.0,Tropical & Subtropical Moist Broadleaf Forests,Neotropic
538,Banana_irr_2030y_SOC,cf_median,45.19204,Magdalena Valley dry forests,2.0,Tropical & Subtropical Dry Broadleaf Forests,Neotropic
477,Banana_irr_2030y_SOC,cf_median,47.70733,Magdalena Valley montane forests,1.0,Tropical & Subtropical Moist Broadleaf Forests,Neotropic
561,Banana_irr_2030y_SOC,cf_median,,Magellanic subpolar forests,4.0,Temperate Broadleaf & Mixed Forests,Neotropic
73,Banana_irr_2030y_SOC,cf_median,,Makgadikgadi halophytics,9.0,Flooded Grasslands & Savannas,Afrotropic
242,Banana_irr_2030y_SOC,cf_median,41.470425,Malabar Coast moist forests,1.0,Tropical & Subtropical Moist Broadleaf Forests,Indomalayan
243,Banana_irr_2030y_SOC,cf_median,66.10935,Maldives-Lakshadweep-Chagos Archipelago tropical moist forests,1.0,Tropical & Subtropical Moist Broadleaf Forests,Indomalayan
604,Banana_irr_2030y_SOC,cf_median,,Malpelo Island xeric scrub,13.0,Deserts & Xeric Shrublands,Neotropic
669,Banana_irr_2030y_SOC,cf_median,,Manchurian mixed forests,4.0,Temperate Broadleaf & Mixed Forests,Palearctic
49,Banana_irr_2030y_SOC,cf_median,15.326613,Mandara Plateau woodlands,7.0,"Tropical & Subtropical Grasslands, Savannas & Shrublands",Afrotropic
19,Banana_irr_2030y_SOC,cf_median,25.837353,Maputaland coastal forests and woodlands,1.0,Tropical & Subtropical Moist Broadleaf Forests,Afrotropic
539,Banana_irr_2030y_SOC,cf_median,,Maracaibo dry forests,2.0,Tropical & Subtropical Dry Broadleaf Forests,Neotropic
480,Banana_irr_2030y_SOC,cf_median,28.176916,Marajó várzea,1.0,Tropical & Subtropical Moist Broadleaf Forests,Neotropic
540,Banana_irr_2030y_SOC,cf_median,19.684132,Maranhão Babaçu forests,2.0,Tropical & Subtropical Dry Broadleaf Forests,Neotropic
479,Banana_irr_2030y_SOC,cf_median,44.77043,Marañón dry forests,1.0,Tropical & Subtropical Moist Broadleaf Forests,Neotropic
637,Banana_irr_2030y_SOC,cf_median,,Marianas tropical dry forests,2.0,Tropical & Subtropical Dry Broadleaf Forests,Oceania
625,Banana_irr_2030y_SOC,cf_median,76.2716,Marquesas tropical moist forests,1.0,Tropical & Subtropical Moist Broadleaf Forests,Oceania
50,Banana_irr_2030y_SOC,cf_median,16.092505,Masai xeric grasslands and shrublands,7.0,"Tropical & Subtropical Grasslands, Savannas & Shrublands",Afrotropic
20,Banana_irr_2030y_SOC,cf_median,71.794945,Mascarene forests,1.0,Tropical & Subtropical Moist Broadleaf Forests,Afrotropic
481,Banana_irr_2030y_SOC,cf_median,26.463928,Mato Grosso tropical dry forests,1.0,Tropical & Subtropical Moist Broadleaf Forests,Neotropic
796,Banana_irr_2030y_SOC,cf_median,24.583935,Mediterranean Acacia-Argania dry woodlands and succulent thickets,12.0,"Mediterranean Forests, Woodlands & Scrub",Palearctic
701,Banana_irr_2030y_SOC,cf_median,43.11473,Mediterranean conifer and mixed forests,5.0,Temperate Conifer Forests,Palearctic
797,Banana_irr_2030y_SOC,cf_median,14.0829735,Mediterranean dry woodlands and steppe,12.0,"Mediterranean Forests, Woodlands & Scrub",Palearctic
758,Banana_irr_2030y_SOC,cf_median,,Mediterranean High Atlas juniper steppe,10.0,Montane Grasslands & Shrublands,Palearctic
798,Banana_irr_2030y_SOC,cf_median,34.133236,Mediterranean woodlands and forests,12.0,"Mediterranean Forests, Woodlands & Scrub",Palearctic
244,Banana_irr_2030y_SOC,cf_median,42.59864,Meghalaya subtropical forests,1.0,Tropical & Subtropical Moist Broadleaf Forests,Indomalayan
245,Banana_irr_2030y_SOC,cf_median,137.71645,Mentawai Islands rain forests,1.0,Tropical & Subtropical Moist Broadleaf Forests,Indomalayan
432,Banana_irr_2030y_SOC,cf_median,27.141079,Meseta Central matorral,13.0,Deserts & Xeric Shrublands,Nearctic
613,Banana_irr_2030y_SOC,cf_median,46.921814,Mesoamerican Gulf-Caribbean mangroves,14.0,Mangroves,Neotropic
830,Banana_irr_2030y_SOC,cf_median,26.594223,Mesopotamian shrub desert,13.0,Deserts & Xeric Shrublands,Palearctic
376,Banana_irr_2030y_SOC,cf_median,,Mid-Canada Boreal Plains forests,6.0,Boreal Forests/Taiga,Nearctic
414,Banana_irr_2030y_SOC,cf_median,,Canadian Middle Arctic Tundra,11.0,Tundra,Nearctic
393,Banana_irr_2030y_SOC,cf_median,51.54275,Mid-Atlantic US coastal savannas,8.0,"Temperate Grasslands, Savannas & Shrublands",Nearctic
377,Banana_irr_2030y_SOC,cf_median,,Midwest Canadian Shield forests,6.0,Boreal Forests/Taiga,Nearctic
247,Banana_irr_2030y_SOC,cf_median,41.319656,Mindanao-Eastern Visayas rain forests,1.0,Tropical & Subtropical Moist Broadleaf Forests,Indomalayan
246,Banana_irr_2030y_SOC,cf_median,48.540543,Mindanao montane rain forests,1.0,Tropical & Subtropical Moist Broadleaf Forests,Indomalayan
248,Banana_irr_2030y_SOC,cf_median,90.317215,Mindoro rain forests,1.0,Tropical & Subtropical Moist Broadleaf Forests,Indomalayan
573,Banana_irr_2030y_SOC,cf_median,40.34049,Miskito pine forests,7.0,"Tropical & Subtropical Grasslands, Savannas & Shrublands",Neotropic
337,Banana_irr_2030y_SOC,cf_median,38.864185,Mississippi lowland forests,4.0,Temperate Broadleaf & Mixed Forests,Nearctic
187,Banana_irr_2030y_SOC,cf_median,16.659836,Mitchell Grass Downs,7.0,"Tropical & Subtropical Grasslands, Savannas & Shrublands",Australasia
249,Banana_irr_2030y_SOC,cf_median,44.52242,Mizoram-Manipur-Kachin rain forests,1.0,Tropical & Subtropical Moist Broadleaf Forests,Indomalayan
433,Banana_irr_2030y_SOC,cf_median,10.515723,Mojave desert,13.0,Deserts & Xeric Shrublands,Nearctic
734,Banana_irr_2030y_SOC,cf_median,,Mongolian-Manchurian grassland,8.0,"Temperate Grasslands, Savannas & Shrublands",Palearctic
394,Banana_irr_2030y_SOC,cf_median,,Montana Valley and Foothill grasslands,8.0,"Temperate Grasslands, Savannas & Shrublands",Nearctic
482,Banana_irr_2030y_SOC,cf_median,26.99985,Monte Alegre várzea,1.0,Tropical & Subtropical Moist Broadleaf Forests,Neotropic
605,Banana_irr_2030y_SOC,cf_median,41.588005,Motagua Valley thornscrub,13.0,Deserts & Xeric Shrublands,Neotropic
21,Banana_irr_2030y_SOC,cf_median,52.386993,Mount Cameroon and Bioko montane forests,1.0,Tropical & Subtropical Moist Broadleaf Forests,Afrotropic
84,Banana_irr_2030y_SOC,cf_median,35.74914,Mulanje Montane forest-grassland,10.0,Montane Grasslands & Shrublands,Afrotropic
203,Banana_irr_2030y_SOC,cf_median,26.546818,Murray-Darling woodlands and mallee,12.0,"Mediterranean Forests, Woodlands & Scrub",Australasia
378,Banana_irr_2030y_SOC,cf_median,,Muskwa-Slave Lake taiga,6.0,Boreal Forests/Taiga,Nearctic
321,Banana_irr_2030y_SOC,cf_median,31.33378,Myanmar Coast mangroves,14.0,Mangroves,Indomalayan
250,Banana_irr_2030y_SOC,cf_median,,Myanmar coastal rain forests,1.0,Tropical & Subtropical Moist Broadleaf Forests,Indomalayan
101,Banana_irr_2030y_SOC,cf_median,28.756992,Nama Karoo shrublands,13.0,Deserts & Xeric Shrublands,Afrotropic
102,Banana_irr_2030y_SOC,cf_median,25.994576,Namaqualand-Richtersveld steppe,13.0,Deserts & Xeric Shrublands,Afrotropic
103,Banana_irr_2030y_SOC,cf_median,,Namib Desert,13.0,Deserts & Xeric Shrublands,Afrotropic
104,Banana_irr_2030y_SOC,cf_median,18.19664,Namibian savanna woodlands,13.0,Deserts & Xeric Shrublands,Afrotropic
251,Banana_irr_2030y_SOC,cf_median,79.31238,Nansei Islands subtropical evergreen forests,1.0,Tropical & Subtropical Moist Broadleaf Forests,Indomalayan
483,Banana_irr_2030y_SOC,cf_median,35.761868,Napo moist forests,1.0,Tropical & Subtropical Moist Broadleaf Forests,Neotropic
204,Banana_irr_2030y_SOC,cf_median,27.117071,Naracoorte woodlands,12.0,"Mediterranean Forests, Woodlands & Scrub",Australasia
296,Banana_irr_2030y_SOC,cf_median,25.679085,Narmada Valley dry deciduous forests,2.0,Tropical & Subtropical Dry Broadleaf Forests,Indomalayan
395,Banana_irr_2030y_SOC,cf_median,,Nebraska Sand Hills mixed grasslands,8.0,"Temperate Grasslands, Savannas & Shrublands",Nearctic
484,Banana_irr_2030y_SOC,cf_median,27.597454,Negro-Branco moist forests,1.0,Tropical & Subtropical Moist Broadleaf Forests,Neotropic
170,Banana_irr_2030y_SOC,cf_median,,Nelson Coast temperate forests,4.0,Temperate Broadleaf & Mixed Forests,Australasia
743,Banana_irr_2030y_SOC,cf_median,,Nenjiang River grassland,9.0,Flooded Grasslands & Savannas,Palearctic
144,Banana_irr_2030y_SOC,cf_median,87.13354,New Britain-New Ireland lowland rain forests,1.0,Tropical & Subtropical Moist Broadleaf Forests,Australasia
145,Banana_irr_2030y_SOC,cf_median,60.010464,New Britain-New Ireland montane rain forests,1.0,Tropical & Subtropical Moist Broadleaf Forests,Australasia
164,Banana_irr_2030y_SOC,cf_median,54.834873,New Caledonia dry forests,2.0,Tropical & Subtropical Dry Broadleaf Forests,Australasia
146,Banana_irr_2030y_SOC,cf_median,67.82431,New Caledonia rain forests,1.0,Tropical & Subtropical Moist Broadleaf Forests,Australasia
338,Banana_irr_2030y_SOC,cf_median,,New England-Acadian forests,4.0,Temperate Broadleaf & Mixed Forests,Nearctic
217,Banana_irr_2030y_SOC,cf_median,49.573742,New Guinea mangroves,14.0,Mangroves,Australasia
252,Banana_irr_2030y_SOC,cf_median,120.06121,Nicobar Islands rain forests,1.0,Tropical & Subtropical Moist Broadleaf Forests,Indomalayan
22,Banana_irr_2030y_SOC,cf_median,27.351595,Niger Delta swamp forests,1.0,Tropical & Subtropical Moist Broadleaf Forests,Afrotropic
23,Banana_irr_2030y_SOC,cf_median,22.407986,Nigerian lowland forests,1.0,Tropical & Subtropical Moist Broadleaf Forests,Afrotropic
670,Banana_irr_2030y_SOC,cf_median,,Nihonkai evergreen forests,4.0,Temperate Broadleaf & Mixed Forests,Palearctic
671,Banana_irr_2030y_SOC,cf_median,,Nihonkai montane deciduous forests,4.0,Temperate Broadleaf & Mixed Forests,Palearctic
744,Banana_irr_2030y_SOC,cf_median,26.862644,Nile Delta flooded savanna,9.0,Flooded Grasslands & Savannas,Palearctic
147,Banana_irr_2030y_SOC,cf_median,,Norfolk Island subtropical forests,1.0,Tropical & Subtropical Moist Broadleaf Forests,Australasia
126,Banana_irr_2030y_SOC,cf_median,,Northeast Antarctic Peninsula tundra,11.0,Tundra,Antarctica
127,Banana_irr_2030y_SOC,cf_median,,Northwest Antarctic Peninsula tundra,11.0,Tundra,Antarctica
831,Banana_irr_2030y_SOC,cf_median,18.494133,North Arabian desert,13.0,Deserts & Xeric Shrublands,Palearctic
832,Banana_irr_2030y_SOC,cf_median,18.68877,North Arabian highland shrublands,13.0,Deserts & Xeric Shrublands,Palearctic
171,Banana_irr_2030y_SOC,cf_median,,New Zealand North Island temperate forests,4.0,Temperate Broadleaf & Mixed Forests,Australasia
833,Banana_irr_2030y_SOC,cf_median,15.218944,North Saharan Xeric Steppe and Woodland,13.0,Deserts & Xeric Shrublands,Palearctic
106,Banana_irr_2030y_SOC,cf_median,18.825718,Somali montane xeric woodlands,13.0,Deserts & Xeric Shrublands,Afrotropic
759,Banana_irr_2030y_SOC,cf_median,,North Tibetan Plateau-Kunlun Mountains alpine desert,10.0,Montane Grasslands & Shrublands,Palearctic
125,Banana_irr_2030y_SOC,cf_median,,North Victoria Land tundra,11.0,Tundra,Antarctica
253,Banana_irr_2030y_SOC,cf_median,38.164078,North Western Ghats moist deciduous forests,1.0,Tropical & Subtropical Moist Broadleaf Forests,Indomalayan
254,Banana_irr_2030y_SOC,cf_median,41.700577,North Western Ghats montane rain forests,1.0,Tropical & Subtropical Moist Broadleaf Forests,Indomalayan
673,Banana_irr_2030y_SOC,cf_median,,Northeast China Plain deciduous forests,4.0,Temperate Broadleaf & Mixed Forests,Palearctic
304,Banana_irr_2030y_SOC,cf_median,50.65011,Northeast India-Myanmar pine forests,3.0,Tropical & Subtropical Coniferous Forests,Indomalayan
775,Banana_irr_2030y_SOC,cf_median,,Northeast Siberian coastal tundra,11.0,Tundra,Palearctic
714,Banana_irr_2030y_SOC,cf_median,,Northeast Siberian taiga,6.0,Boreal Forests/Taiga,Palearctic
485,Banana_irr_2030y_SOC,cf_median,24.693819,Northeast Brazil restingas,1.0,Tropical & Subtropical Moist Broadleaf Forests,Neotropic
24,Banana_irr_2030y_SOC,cf_median,26.492687,Northeast Congolian lowland forests,1.0,Tropical & Subtropical Moist Broadleaf Forests,Afrotropic
702,Banana_irr_2030y_SOC,cf_median,,Northeast Himalayan subalpine conifer forests,5.0,Temperate Conifer Forests,Palearctic
799,Banana_irr_2030y_SOC,cf_median,35.12233,Northeast Spain and Southern France Mediterranean forests,12.0,"Mediterranean Forests, Woodlands & Scrub",Palearctic
339,Banana_irr_2030y_SOC,cf_median,,Northeast US Coastal forests,4.0,Temperate Broadleaf & Mixed Forests,Nearctic
51,Banana_irr_2030y_SOC,cf_median,21.470972,Northern Acacia-Commiphora bushlands and thickets,7.0,"Tropical & Subtropical Grasslands, Savannas & Shrublands",Afrotropic
703,Banana_irr_2030y_SOC,cf_median,,Northern Anatolian conifer and deciduous forests,5.0,Temperate Conifer Forests,Palearctic
593,Banana_irr_2030y_SOC,cf_median,62.01856,Northern Andean páramo,10.0,Montane Grasslands & Shrublands,Neotropic
255,Banana_irr_2030y_SOC,cf_median,39.08212,Northern Annamites rain forests,1.0,Tropical & Subtropical Moist Broadleaf Forests,Indomalayan
359,Banana_irr_2030y_SOC,cf_median,,Northern California coastal forests,5.0,Temperate Conifer Forests,Nearctic
379,Banana_irr_2030y_SOC,cf_median,,Northern Canadian Shield taiga,6.0,Boreal Forests/Taiga,Nearctic
52,Banana_irr_2030y_SOC,cf_median,25.15399,Northern Congolian Forest-Savanna,7.0,"Tropical & Subtropical Grasslands, Savannas & Shrublands",Afrotropic
297,Banana_irr_2030y_SOC,cf_median,31.20541,North Deccan dry deciduous forests,2.0,Tropical & Subtropical Dry Broadleaf Forests,Indomalayan
256,Banana_irr_2030y_SOC,cf_median,43.287235,Northern Indochina subtropical forests,1.0,Tropical & Subtropical Moist Broadleaf Forests,Indomalayan
257,Banana_irr_2030y_SOC,cf_median,28.347572,Northern Khorat Plateau moist deciduous forests,1.0,Tropical & Subtropical Moist Broadleaf Forests,Indomalayan
614,Banana_irr_2030y_SOC,cf_median,25.131859,Northern Mesoamerican Pacific mangroves,14.0,Mangroves,Neotropic
148,Banana_irr_2030y_SOC,cf_median,42.449783,Northern New Guinea lowland rain and freshwater swamp forests,1.0,Tropical & Subtropical Moist Broadleaf Forests,Australasia
149,Banana_irr_2030y_SOC,cf_median,47.30628,Northern New Guinea montane rain forests,1.0,Tropical & Subtropical Moist Broadleaf Forests,Australasia
396,Banana_irr_2030y_SOC,cf_median,,Northern Shortgrass prairie,8.0,"Temperate Grasslands, Savannas & Shrublands",Nearctic
25,Banana_irr_2030y_SOC,cf_median,21.861862,Northern Swahili coastal forests,1.0,Tropical & Subtropical Moist Broadleaf Forests,Afrotropic
397,Banana_irr_2030y_SOC,cf_median,,Northern Tallgrass prairie,8.0,"Temperate Grasslands, Savannas & Shrublands",Nearctic
258,Banana_irr_2030y_SOC,cf_median,32.73347,Northern Thailand-Laos moist deciduous forests,1.0,Tropical & Subtropical Moist Broadleaf Forests,Indomalayan
259,Banana_irr_2030y_SOC,cf_median,,Northern Triangle subtropical forests,1.0,Tropical & Subtropical Moist Broadleaf Forests,Indomalayan
307,Banana_irr_2030y_SOC,cf_median,56.421078,Northern Triangle temperate forests,4.0,Temperate Broadleaf & Mixed Forests,Indomalayan
260,Banana_irr_2030y_SOC,cf_median,35.45516,Northern Vietnam lowland rain forests,1.0,Tropical & Subtropical Moist Broadleaf Forests,Indomalayan
173,Banana_irr_2030y_SOC,cf_median,,Northland temperate kauri forests,4.0,Temperate Broadleaf & Mixed Forests,Australasia
800,Banana_irr_2030y_SOC,cf_median,,Northwest Iberian montane forests,12.0,"Mediterranean Forests, Woodlands & Scrub",Palearctic
776,Banana_irr_2030y_SOC,cf_median,,Northwest Russian-Novaya Zemlya tundra,11.0,Tundra,Palearctic
486,Banana_irr_2030y_SOC,cf_median,51.452457,Northwest Andean montane forests,1.0,Tropical & Subtropical Moist Broadleaf Forests,Neotropic
26,Banana_irr_2030y_SOC,cf_median,27.93109,Northwest Congolian lowland forests,1.0,Tropical & Subtropical Moist Broadleaf Forests,Afrotropic
641,Banana_irr_2030y_SOC,cf_median,,Northwest Hawai'i scrub,7.0,"Tropical & Subtropical Grasslands, Savannas & Shrublands",Oceania
760,Banana_irr_2030y_SOC,cf_median,,Northwestern Himalayan alpine shrub and meadows,10.0,Montane Grasslands & Shrublands,Palearctic
314,Banana_irr_2030y_SOC,cf_median,15.286523,Aravalli west thorn scrub forests,13.0,Deserts & Xeric Shrublands,Indomalayan
777,Banana_irr_2030y_SOC,cf_median,,Novosibirsk Islands Arctic desert,11.0,Tundra,Palearctic
704,Banana_irr_2030y_SOC,cf_median,55.66574,Nujiang Langcang Gorge alpine conifer and mixed forests,5.0,Temperate Conifer Forests,Palearctic
212,Banana_irr_2030y_SOC,cf_median,26.442572,Nullarbor Plains xeric shrublands,13.0,Deserts & Xeric Shrublands,Australasia
85,Banana_irr_2030y_SOC,cf_median,31.20069,Nyanga-Chimanimani Montane forest-grassland,10.0,Montane Grasslands & Shrublands,Afrotropic
487,Banana_irr_2030y_SOC,cf_median,53.203274,Oaxacan montane forests,1.0,Tropical & Subtropical Moist Broadleaf Forests,Neotropic
626,Banana_irr_2030y_SOC,cf_median,,Ogasawara subtropical moist forests,1.0,Tropical & Subtropical Moist Broadleaf Forests,Oceania
419,Banana_irr_2030y_SOC,cf_median,,Ogilvie-MacKenzie alpine tundra,11.0,Tundra,Nearctic
362,Banana_irr_2030y_SOC,cf_median,,Okanogan dry forests,5.0,Temperate Conifer Forests,Nearctic
715,Banana_irr_2030y_SOC,cf_median,,Okhotsk-Manchurian taiga,6.0,Boreal Forests/Taiga,Palearctic
761,Banana_irr_2030y_SOC,cf_median,,Ordos Plateau steppe,10.0,Montane Grasslands & Shrublands,Palearctic
488,Banana_irr_2030y_SOC,cf_median,88.905304,Orinoco Delta swamp forests,1.0,Tropical & Subtropical Moist Broadleaf Forests,Neotropic
583,Banana_irr_2030y_SOC,cf_median,,Orinoco wetlands,9.0,Flooded Grasslands & Savannas,Neotropic
261,Banana_irr_2030y_SOC,cf_median,33.46916,Orissa semi-evergreen forests,1.0,Tropical & Subtropical Moist Broadleaf Forests,Indomalayan
340,Banana_irr_2030y_SOC,cf_median,,Ozark Highlands mixed forests,4.0,Temperate Broadleaf & Mixed Forests,Nearctic
341,Banana_irr_2030y_SOC,cf_median,,Ozark Mountain forests,4.0,Temperate Broadleaf & Mixed Forests,Nearctic
420,Banana_irr_2030y_SOC,cf_median,,Pacific Coastal Mountain icefields and tundra,11.0,Tundra,Nearctic
627,Banana_irr_2030y_SOC,cf_median,,Palau tropical moist forests,1.0,Tropical & Subtropical Moist Broadleaf Forests,Oceania
262,Banana_irr_2030y_SOC,cf_median,84.10808,Palawan rain forests,1.0,Tropical & Subtropical Moist Broadleaf Forests,Indomalayan
398,Banana_irr_2030y_SOC,cf_median,,Palouse prairie,8.0,"Temperate Grasslands, Savannas & Shrublands",Nearctic
762,Banana_irr_2030y_SOC,cf_median,,Pamir alpine desert and tundra,10.0,Montane Grasslands & Shrublands,Palearctic
541,Banana_irr_2030y_SOC,cf_median,31.221596,Panamanian dry forests,2.0,Tropical & Subtropical Dry Broadleaf Forests,Neotropic
674,Banana_irr_2030y_SOC,cf_median,,Pannonian mixed forests,4.0,Temperate Broadleaf & Mixed Forests,Palearctic
584,Banana_irr_2030y_SOC,cf_median,21.194801,Pantanal,9.0,Flooded Grasslands & Savannas,Neotropic
489,Banana_irr_2030y_SOC,cf_median,37.41122,Pantanos de Centla,1.0,Tropical & Subtropical Moist Broadleaf Forests,Neotropic
490,Banana_irr_2030y_SOC,cf_median,40.74823,Pantepui forests & shrublands,1.0,Tropical & Subtropical Moist Broadleaf Forests,Neotropic
606,Banana_irr_2030y_SOC,cf_median,,Paraguaná xeric scrub,13.0,Deserts & Xeric Shrublands,Neotropic
585,Banana_irr_2030y_SOC,cf_median,44.726254,Paraná flooded savanna,9.0,Flooded Grasslands & Savannas,Neotropic
834,Banana_irr_2030y_SOC,cf_median,,Paropamisus xeric woodlands,13.0,Deserts & Xeric Shrublands,Palearctic
578,Banana_irr_2030y_SOC,cf_median,,Patagonian steppe,8.0,"Temperate Grasslands, Savannas & Shrublands",Neotropic
542,Banana_irr_2030y_SOC,cf_median,52.406254,Patía valley dry forests,2.0,Tropical & Subtropical Dry Broadleaf Forests,Neotropic
263,Banana_irr_2030y_SOC,cf_median,43.515244,Peninsular Malaysian montane rain forests,1.0,Tropical & Subtropical Moist Broadleaf Forests,Indomalayan
264,Banana_irr_2030y_SOC,cf_median,64.66061,Peninsular Malaysian peat swamp forests,1.0,Tropical & Subtropical Moist Broadleaf Forests,Indomalayan
265,Banana_irr_2030y_SOC,cf_median,33.3572,Peninsular Malaysian rain forests,1.0,Tropical & Subtropical Moist Broadleaf Forests,Indomalayan
491,Banana_irr_2030y_SOC,cf_median,29.373459,Pernambuco coastal forests,1.0,Tropical & Subtropical Moist Broadleaf Forests,Neotropic
492,Banana_irr_2030y_SOC,cf_median,25.904966,Pernambuco interior forests,1.0,Tropical & Subtropical Moist Broadleaf Forests,Neotropic
493,Banana_irr_2030y_SOC,cf_median,49.292107,Peruvian Yungas,1.0,Tropical & Subtropical Moist Broadleaf Forests,Neotropic
494,Banana_irr_2030y_SOC,cf_median,42.212753,Petén-Veracruz moist forests,1.0,Tropical & Subtropical Moist Broadleaf Forests,Neotropic
213,Banana_irr_2030y_SOC,cf_median,15.797358,Pilbara shrublands,13.0,Deserts & Xeric Shrublands,Australasia
801,Banana_irr_2030y_SOC,cf_median,,Pindus Mountains mixed forests,12.0,"Mediterranean Forests, Woodlands & Scrub",Palearctic
363,Banana_irr_2030y_SOC,cf_median,23.81046,Piney Woods,5.0,Temperate Conifer Forests,Nearctic
675,Banana_irr_2030y_SOC,cf_median,,Po Basin mixed forests,4.0,Temperate Broadleaf & Mixed Forests,Palearctic
735,Banana_irr_2030y_SOC,cf_median,,Pontic steppe,8.0,"Temperate Grasslands, Savannas & Shrublands",Palearctic
128,Banana_irr_2030y_SOC,cf_median,,Prince Charles Mountains tundra,11.0,Tundra,Antarctica
543,Banana_irr_2030y_SOC,cf_median,92.459724,Puerto Rican dry forests,2.0,Tropical & Subtropical Dry Broadleaf Forests,Neotropic
495,Banana_irr_2030y_SOC,cf_median,103.75234,Puerto Rican moist forests,1.0,Tropical & Subtropical Moist Broadleaf Forests,Neotropic
364,Banana_irr_2030y_SOC,cf_median,,Puget lowland forests,5.0,Temperate Conifer Forests,Nearctic
497,Banana_irr_2030y_SOC,cf_median,26.731884,Purus-Madeira moist forests,1.0,Tropical & Subtropical Moist Broadleaf Forests,Neotropic
496,Banana_irr_2030y_SOC,cf_median,30.915985,Purus várzea,1.0,Tropical & Subtropical Moist Broadleaf Forests,Neotropic
676,Banana_irr_2030y_SOC,cf_median,,Pyrenees conifer and mixed forests,4.0,Temperate Broadleaf & Mixed Forests,Palearctic
835,Banana_irr_2030y_SOC,cf_median,,Qaidam Basin semi-desert,13.0,Deserts & Xeric Shrublands,Palearctic
705,Banana_irr_2030y_SOC,cf_median,,Qilian Mountains conifer forests,5.0,Temperate Conifer Forests,Palearctic
763,Banana_irr_2030y_SOC,cf_median,,Qilian Mountains subalpine meadows,10.0,Montane Grasslands & Shrublands,Palearctic
677,Banana_irr_2030y_SOC,cf_median,,Qin Ling Mountains deciduous forests,4.0,Temperate Broadleaf & Mixed Forests,Palearctic
706,Banana_irr_2030y_SOC,cf_median,,Qionglai-Minshan conifer forests,5.0,Temperate Conifer Forests,Palearctic
150,Banana_irr_2030y_SOC,cf_median,42.287666,Queensland tropical rain forests,1.0,Tropical & Subtropical Moist Broadleaf Forests,Australasia
174,Banana_irr_2030y_SOC,cf_median,,Rakiura Island temperate forests,4.0,Temperate Broadleaf & Mixed Forests,Australasia
312,Banana_irr_2030y_SOC,cf_median,18.472658,Rann of Kutch seasonal salt marsh,9.0,Flooded Grasslands & Savannas,Indomalayan
628,Banana_irr_2030y_SOC,cf_median,,Rapa Nui and Sala y Gómez subtropical forests,1.0,Tropical & Subtropical Moist Broadleaf Forests,Oceania
266,Banana_irr_2030y_SOC,cf_median,32.609863,Red River freshwater swamp forests,1.0,Tropical & Subtropical Moist Broadleaf Forests,Indomalayan
837,Banana_irr_2030y_SOC,cf_median,16.3506,Red Sea-Arabian Desert shrublands,13.0,Deserts & Xeric Shrublands,Palearctic
836,Banana_irr_2030y_SOC,cf_median,17.225283,Red Sea coastal desert,13.0,Deserts & Xeric Shrublands,Palearctic
115,Banana_irr_2030y_SOC,cf_median,39.33762,Red Sea mangroves,14.0,Mangroves,Afrotropic
838,Banana_irr_2030y_SOC,cf_median,8.353083,Registan-North Pakistan sandy desert,13.0,Deserts & Xeric Shrublands,Palearctic
90,Banana_irr_2030y_SOC,cf_median,44.447075,Renosterveld shrubland,12.0,"Mediterranean Forests, Woodlands & Scrub",Afrotropic
175,Banana_irr_2030y_SOC,cf_median,,Richmond temperate forests,4.0,Temperate Broadleaf & Mixed Forests,Australasia
498,Banana_irr_2030y_SOC,cf_median,27.28446,Rio Negro campinarana,1.0,Tropical & Subtropical Moist Broadleaf Forests,Neotropic
678,Banana_irr_2030y_SOC,cf_median,,Rodope montane mixed forests,4.0,Temperate Broadleaf & Mixed Forests,Palearctic
86,Banana_irr_2030y_SOC,cf_median,,Rwenzori-Virunga montane moorlands,10.0,Montane Grasslands & Shrublands,Afrotropic
745,Banana_irr_2030y_SOC,cf_median,19.742834,Saharan halophytics,9.0,Flooded Grasslands & Savannas,Palearctic
53,Banana_irr_2030y_SOC,cf_median,13.070477,Sahelian Acacia savanna,7.0,"Tropical & Subtropical Grasslands, Savannas & Shrublands",Afrotropic
716,Banana_irr_2030y_SOC,cf_median,,Sakhalin Island taiga,6.0,Boreal Forests/Taiga,Palearctic
629,Banana_irr_2030y_SOC,cf_median,85.83692,Samoan tropical moist forests,1.0,Tropical & Subtropical Moist Broadleaf Forests,Oceania
562,Banana_irr_2030y_SOC,cf_median,,San Félix-San Ambrosio Islands temperate forests,4.0,Temperate Broadleaf & Mixed Forests,Neotropic
607,Banana_irr_2030y_SOC,cf_median,55.447437,San Lucan xeric scrub,13.0,Deserts & Xeric Shrublands,Neotropic
425,Banana_irr_2030y_SOC,cf_median,33.816387,Santa Lucia Montane Chaparral & Woodlands,12.0,"Mediterranean Forests, Woodlands & Scrub",Nearctic
499,Banana_irr_2030y_SOC,cf_median,42.09263,Santa Marta montane forests,1.0,Tropical & Subtropical Moist Broadleaf Forests,Neotropic
594,Banana_irr_2030y_SOC,cf_median,,Santa Marta páramo,10.0,Montane Grasslands & Shrublands,Neotropic
27,Banana_irr_2030y_SOC,cf_median,82.864204,"São Tomé, Príncipe, and Annobón forests",1.0,Tropical & Subtropical Moist Broadleaf Forests,Afrotropic
679,Banana_irr_2030y_SOC,cf_median,,Sarmatic mixed forests,4.0,Temperate Broadleaf & Mixed Forests,Palearctic
764,Banana_irr_2030y_SOC,cf_median,,Sayan alpine meadows and tundra,10.0,Montane Grasslands & Shrublands,Palearctic
736,Banana_irr_2030y_SOC,cf_median,,Sayan Intermontane steppe,8.0,"Temperate Grasslands, Savannas & Shrublands",Palearctic
707,Banana_irr_2030y_SOC,cf_median,,Sayan montane conifer forests,5.0,Temperate Conifer Forests,Palearctic
717,Banana_irr_2030y_SOC,cf_median,,Scandinavian and Russian taiga,6.0,Boreal Forests/Taiga,Palearctic
708,Banana_irr_2030y_SOC,cf_median,,Scandinavian coastal conifer forests,5.0,Temperate Conifer Forests,Palearctic
780,Banana_irr_2030y_SOC,cf_median,,Scandinavian Montane Birch forest and grasslands,11.0,Tundra,Palearctic
129,Banana_irr_2030y_SOC,cf_median,,Scotia Sea Islands tundra,11.0,Tundra,Antarctica
608,Banana_irr_2030y_SOC,cf_median,23.730267,Sechura desert,13.0,Deserts & Xeric Shrublands,Neotropic
737,Banana_irr_2030y_SOC,cf_median,,Selenge-Orkhon forest steppe,8.0,"Temperate Grasslands, Savannas & Shrublands",Palearctic
151,Banana_irr_2030y_SOC,cf_median,136.8289,Seram rain forests,1.0,Tropical & Subtropical Moist Broadleaf Forests,Australasia
54,Banana_irr_2030y_SOC,cf_median,18.343218,Serengeti volcanic grasslands,7.0,"Tropical & Subtropical Grasslands, Savannas & Shrublands",Afrotropic
500,Banana_irr_2030y_SOC,cf_median,43.689,Serra do Mar coastal forests,1.0,Tropical & Subtropical Moist Broadleaf Forests,Neotropic
680,Banana_irr_2030y_SOC,cf_median,,Sichuan Basin evergreen broadleaf forests,4.0,Temperate Broadleaf & Mixed Forests,Palearctic
544,Banana_irr_2030y_SOC,cf_median,66.60707,Sierra de la Laguna dry forests,2.0,Tropical & Subtropical Dry Broadleaf Forests,Neotropic
556,Banana_irr_2030y_SOC,cf_median,77.55651,Sierra de la Laguna pine-oak forests,3.0,Tropical & Subtropical Coniferous Forests,Neotropic
501,Banana_irr_2030y_SOC,cf_median,70.2845,Sierra de los Tuxtlas,1.0,Tropical & Subtropical Moist Broadleaf Forests,Neotropic
502,Banana_irr_2030y_SOC,cf_median,50.97595,Sierra Madre de Chiapas moist forests,1.0,Tropical & Subtropical Moist Broadleaf Forests,Neotropic
557,Banana_irr_2030y_SOC,cf_median,39.11952,Sierra Madre de Oaxaca pine-oak forests,3.0,Tropical & Subtropical Coniferous Forests,Neotropic
558,Banana_irr_2030y_SOC,cf_median,37.169888,Sierra Madre del Sur pine-oak forests,3.0,Tropical & Subtropical Coniferous Forests,Neotropic
326,Banana_irr_2030y_SOC,cf_median,34.193623,Sierra Madre Occidental pine-oak forests,3.0,Tropical & Subtropical Coniferous Forests,Nearctic
327,Banana_irr_2030y_SOC,cf_median,36.835308,Sierra Madre Oriental pine-oak forests,3.0,Tropical & Subtropical Coniferous Forests,Nearctic
366,Banana_irr_2030y_SOC,cf_median,,Sierra Nevada forests,5.0,Temperate Conifer Forests,Nearctic
214,Banana_irr_2030y_SOC,cf_median,17.237255,Simpson desert,13.0,Deserts & Xeric Shrublands,Australasia
545,Banana_irr_2030y_SOC,cf_median,30.608126,Sinaloan dry forests,2.0,Tropical & Subtropical Dry Broadleaf Forests,Neotropic
546,Banana_irr_2030y_SOC,cf_median,29.572512,Sinú Valley dry forests,2.0,Tropical & Subtropical Dry Broadleaf Forests,Neotropic
434,Banana_irr_2030y_SOC,cf_median,,Snake-Columbia shrub steppe,13.0,Deserts & Xeric Shrublands,Nearctic
630,Banana_irr_2030y_SOC,cf_median,78.97847,Society Islands tropical moist forests,1.0,Tropical & Subtropical Moist Broadleaf Forests,Oceania
105,Banana_irr_2030y_SOC,cf_median,47.404087,Socotra Island xeric shrublands,13.0,Deserts & Xeric Shrublands,Afrotropic
503,Banana_irr_2030y_SOC,cf_median,31.876963,Solimões-Japurá moist forests,1.0,Tropical & Subtropical Moist Broadleaf Forests,Neotropic
152,Banana_irr_2030y_SOC,cf_median,75.60733,Solomon Islands rain forests,1.0,Tropical & Subtropical Moist Broadleaf Forests,Australasia
55,Banana_irr_2030y_SOC,cf_median,21.901052,Somali Acacia-Commiphora bushlands and thickets,7.0,"Tropical & Subtropical Grasslands, Savannas & Shrublands",Afrotropic
324,Banana_irr_2030y_SOC,cf_median,21.826365,Sonoran-Sinaloan subtropical dry forest,2.0,Tropical & Subtropical Dry Broadleaf Forests,Nearctic
435,Banana_irr_2030y_SOC,cf_median,12.452823,Sonoran desert,13.0,Deserts & Xeric Shrublands,Nearctic
615,Banana_irr_2030y_SOC,cf_median,44.757828,South American Pacific mangroves,14.0,Mangroves,Neotropic
130,Banana_irr_2030y_SOC,cf_median,,South Antarctic Peninsula tundra,11.0,Tundra,Antarctica
802,Banana_irr_2030y_SOC,cf_median,88.12665,South Apennine mixed montane forests,12.0,"Mediterranean Forests, Woodlands & Scrub",Palearctic
367,Banana_irr_2030y_SOC,cf_median,,South Central Rockies forests,5.0,Temperate Conifer Forests,Nearctic
268,Banana_irr_2030y_SOC,cf_median,36.29362,South China-Vietnam subtropical evergreen forests,1.0,Tropical & Subtropical Moist Broadleaf Forests,Indomalayan
267,Banana_irr_2030y_SOC,cf_median,,South China Sea Islands,1.0,Tropical & Subtropical Moist Broadleaf Forests,Indomalayan
298,Banana_irr_2030y_SOC,cf_median,31.967104,South Deccan Plateau dry deciduous forests,2.0,Tropical & Subtropical Dry Broadleaf Forests,Indomalayan
841,Banana_irr_2030y_SOC,cf_median,8.07294,South Iran Nubo-Sindian desert and semi-desert,13.0,Deserts & Xeric Shrublands,Palearctic
194,Banana_irr_2030y_SOC,cf_median,,New Zealand South Island montane grasslands,10.0,Montane Grasslands & Shrublands,Australasia
172,Banana_irr_2030y_SOC,cf_median,,New Zealand South Island temperate forests,4.0,Temperate Broadleaf & Mixed Forests,Australasia
131,Banana_irr_2030y_SOC,cf_median,,South Orkney Islands tundra,11.0,Tundra,Antarctica
842,Banana_irr_2030y_SOC,cf_median,12.364499,South Sahara desert,13.0,Deserts & Xeric Shrublands,Palearctic
738,Banana_irr_2030y_SOC,cf_median,,South Siberian forest steppe,8.0,"Temperate Grasslands, Savannas & Shrublands",Palearctic
269,Banana_irr_2030y_SOC,cf_median,,South Taiwan monsoon rain forests,1.0,Tropical & Subtropical Moist Broadleaf Forests,Indomalayan
132,Banana_irr_2030y_SOC,cf_median,,South Victoria Land tundra,11.0,Tundra,Antarctica
270,Banana_irr_2030y_SOC,cf_median,38.71933,South Western Ghats moist deciduous forests,1.0,Tropical & Subtropical Moist Broadleaf Forests,Indomalayan
271,Banana_irr_2030y_SOC,cf_median,44.776188,South Western Ghats montane rain forests,1.0,Tropical & Subtropical Moist Broadleaf Forests,Indomalayan
176,Banana_irr_2030y_SOC,cf_median,72.9195,Southeast Australia temperate forests,4.0,Temperate Broadleaf & Mixed Forests,Australasia
192,Banana_irr_2030y_SOC,cf_median,23.703072,Southeast Australia temperate savanna,8.0,"Temperate Grasslands, Savannas & Shrublands",Australasia
765,Banana_irr_2030y_SOC,cf_median,,Southeast Tibet shrublands and meadows,10.0,Montane Grasslands & Shrublands,Palearctic
400,Banana_irr_2030y_SOC,cf_median,,Southeast US mixed woodlands and savannas,8.0,"Temperate Grasslands, Savannas & Shrublands",Nearctic
399,Banana_irr_2030y_SOC,cf_median,23.160793,Southeast US conifer savannas,8.0,"Temperate Grasslands, Savannas & Shrublands",Nearctic
803,Banana_irr_2030y_SOC,cf_median,49.945465,Southeast Iberian shrubs and woodlands,12.0,"Mediterranean Forests, Woodlands & Scrub",Palearctic
299,Banana_irr_2030y_SOC,cf_median,30.325611,Southeast Indochina dry evergreen forests,2.0,Tropical & Subtropical Dry Broadleaf Forests,Indomalayan
153,Banana_irr_2030y_SOC,cf_median,52.526146,Southeast Papuan rain forests,1.0,Tropical & Subtropical Moist Broadleaf Forests,Australasia
57,Banana_irr_2030y_SOC,cf_median,22.504875,Southern Acacia-Commiphora bushlands and thickets,7.0,"Tropical & Subtropical Grasslands, Savannas & Shrublands",Afrotropic
116,Banana_irr_2030y_SOC,cf_median,52.389732,Southern Africa mangroves,14.0,Mangroves,Afrotropic
804,Banana_irr_2030y_SOC,cf_median,32.923378,Southern Anatolian montane conifer and deciduous forests,12.0,"Mediterranean Forests, Woodlands & Scrub",Palearctic
595,Banana_irr_2030y_SOC,cf_median,,Southern Andean steppe,10.0,Montane Grasslands & Shrublands,Neotropic
504,Banana_irr_2030y_SOC,cf_median,41.279682,Southern Andean Yungas,1.0,Tropical & Subtropical Moist Broadleaf Forests,Neotropic
272,Banana_irr_2030y_SOC,cf_median,40.08485,Southern Annamites montane rain forests,1.0,Tropical & Subtropical Moist Broadleaf Forests,Indomalayan
616,Banana_irr_2030y_SOC,cf_median,56.804108,Southern Atlantic Brazilian mangroves,14.0,Mangroves,Neotropic
586,Banana_irr_2030y_SOC,cf_median,36.35535,Southern Cone Mesopotamian savanna,9.0,Flooded Grasslands & Savannas,Neotropic
58,Banana_irr_2030y_SOC,cf_median,21.692596,Southern Congolian forest-savanna,7.0,"Tropical & Subtropical Grasslands, Savannas & Shrublands",Afrotropic
342,Banana_irr_2030y_SOC,cf_median,,Southern Great Lakes forests,4.0,Temperate Broadleaf & Mixed Forests,Nearctic
382,Banana_irr_2030y_SOC,cf_median,,Southern Hudson Bay taiga,6.0,Boreal Forests/Taiga,Nearctic
133,Banana_irr_2030y_SOC,cf_median,,Southern Indian Ocean Islands tundra,11.0,Tundra,Antarctica
681,Banana_irr_2030y_SOC,cf_median,,Southern Korea evergreen forests,4.0,Temperate Broadleaf & Mixed Forests,Palearctic
617,Banana_irr_2030y_SOC,cf_median,46.706688,Southern Mesoamerican Pacific mangroves,14.0,Mangroves,Neotropic
154,Banana_irr_2030y_SOC,cf_median,42.266388,Southern New Guinea freshwater swamp forests,1.0,Tropical & Subtropical Moist Broadleaf Forests,Australasia
155,Banana_irr_2030y_SOC,cf_median,45.79751,Southern New Guinea lowland rain forests,1.0,Tropical & Subtropical Moist Broadleaf Forests,Australasia
547,Banana_irr_2030y_SOC,cf_median,31.69011,Southern Pacific dry forests,2.0,Tropical & Subtropical Dry Broadleaf Forests,Neotropic
87,Banana_irr_2030y_SOC,cf_median,33.8658,Southern Rift Montane forest-grassland,10.0,Montane Grasslands & Shrublands,Afrotropic
28,Banana_irr_2030y_SOC,cf_median,21.12356,Southern Swahili coastal forests and woodlands,1.0,Tropical & Subtropical Moist Broadleaf Forests,Afrotropic
300,Banana_irr_2030y_SOC,cf_median,45.127335,Southern Vietnam lowland dry forests,2.0,Tropical & Subtropical Dry Broadleaf Forests,Indomalayan
505,Banana_irr_2030y_SOC,cf_median,26.299896,Southwest Amazon moist forests,1.0,Tropical & Subtropical Moist Broadleaf Forests,Neotropic
108,Banana_irr_2030y_SOC,cf_median,18.129847,Southwest Arabian Escarpment shrublands and woodlands,13.0,Deserts & Xeric Shrublands,Afrotropic
109,Banana_irr_2030y_SOC,cf_median,18.366959,Southwest Arabian highland xeric scrub,13.0,Deserts & Xeric Shrublands,Afrotropic
205,Banana_irr_2030y_SOC,cf_median,25.261518,Southwest Australia savanna,12.0,"Mediterranean Forests, Woodlands & Scrub",Australasia
206,Banana_irr_2030y_SOC,cf_median,50.860153,Southwest Australia woodlands,12.0,"Mediterranean Forests, Woodlands & Scrub",Australasia
273,Banana_irr_2030y_SOC,cf_median,42.863495,Southwest Borneo freshwater swamp forests,1.0,Tropical & Subtropical Moist Broadleaf Forests,Indomalayan
805,Banana_irr_2030y_SOC,cf_median,34.614662,Southwest Iberian Mediterranean sclerophyllous and mixed forests,12.0,"Mediterranean Forests, Woodlands & Scrub",Palearctic
301,Banana_irr_2030y_SOC,cf_median,,Sri Lanka dry-zone dry evergreen forests,2.0,Tropical & Subtropical Dry Broadleaf Forests,Indomalayan
274,Banana_irr_2030y_SOC,cf_median,,Sri Lanka lowland rain forests,1.0,Tropical & Subtropical Moist Broadleaf Forests,Indomalayan
275,Banana_irr_2030y_SOC,cf_median,,Sri Lanka montane rain forests,1.0,Tropical & Subtropical Moist Broadleaf Forests,Indomalayan
609,Banana_irr_2030y_SOC,cf_median,,St. Peter and St. Paul Rocks,13.0,Deserts & Xeric Shrublands,Neotropic
110,Banana_irr_2030y_SOC,cf_median,29.769587,Succulent Karoo xeric shrublands,13.0,Deserts & Xeric Shrublands,Afrotropic
74,Banana_irr_2030y_SOC,cf_median,21.774109,Sudd flooded grasslands,9.0,Flooded Grasslands & Savannas,Afrotropic
746,Banana_irr_2030y_SOC,cf_median,,Suiphun-Khanka meadows and forest meadows,9.0,Flooded Grasslands & Savannas,Palearctic
766,Banana_irr_2030y_SOC,cf_median,9.533727,Sulaiman Range alpine meadows,10.0,Montane Grasslands & Shrublands,Palearctic
157,Banana_irr_2030y_SOC,cf_median,61.250935,Sulawesi montane rain forests,1.0,Tropical & Subtropical Moist Broadleaf Forests,Australasia
276,Banana_irr_2030y_SOC,cf_median,76.17697,Sulu Archipelago rain forests,1.0,Tropical & Subtropical Moist Broadleaf Forests,Indomalayan
277,Banana_irr_2030y_SOC,cf_median,41.151154,Sumatran freshwater swamp forests,1.0,Tropical & Subtropical Moist Broadleaf Forests,Indomalayan
278,Banana_irr_2030y_SOC,cf_median,44.30505,Sumatran lowland rain forests,1.0,Tropical & Subtropical Moist Broadleaf Forests,Indomalayan
279,Banana_irr_2030y_SOC,cf_median,62.513214,Sumatran montane rain forests,1.0,Tropical & Subtropical Moist Broadleaf Forests,Indomalayan
280,Banana_irr_2030y_SOC,cf_median,40.24007,Sumatran peat swamp forests,1.0,Tropical & Subtropical Moist Broadleaf Forests,Indomalayan
305,Banana_irr_2030y_SOC,cf_median,63.521618,Sumatran tropical pine forests,3.0,Tropical & Subtropical Coniferous Forests,Indomalayan
165,Banana_irr_2030y_SOC,cf_median,100.31542,Sumba deciduous forests,2.0,Tropical & Subtropical Dry Broadleaf Forests,Australasia
322,Banana_irr_2030y_SOC,cf_median,46.32914,Sunda Shelf mangroves,14.0,Mangroves,Indomalayan
281,Banana_irr_2030y_SOC,cf_median,40.419987,Sundaland heath forests,1.0,Tropical & Subtropical Moist Broadleaf Forests,Indomalayan
282,Banana_irr_2030y_SOC,cf_median,29.052853,Sundarbans freshwater swamp forests,1.0,Tropical & Subtropical Moist Broadleaf Forests,Indomalayan
323,Banana_irr_2030y_SOC,cf_median,27.786726,Sundarbans mangroves,14.0,Mangroves,Indomalayan
739,Banana_irr_2030y_SOC,cf_median,22.417921,Syrian xeric grasslands and shrublands,8.0,"Temperate Grasslands, Savannas & Shrublands",Palearctic
682,Banana_irr_2030y_SOC,cf_median,50.567883,Taiheiyo evergreen forests,4.0,Temperate Broadleaf & Mixed Forests,Palearctic
683,Banana_irr_2030y_SOC,cf_median,,Taiheiyo montane deciduous forests,4.0,Temperate Broadleaf & Mixed Forests,Palearctic
781,Banana_irr_2030y_SOC,cf_median,,Taimyr-Central Siberian tundra,11.0,Tundra,Palearctic
283,Banana_irr_2030y_SOC,cf_median,,Taiwan subtropical evergreen forests,1.0,Tropical & Subtropical Moist Broadleaf Forests,Indomalayan
843,Banana_irr_2030y_SOC,cf_median,,Taklimakan desert,13.0,Deserts & Xeric Shrublands,Palearctic
506,Banana_irr_2030y_SOC,cf_median,49.882786,Talamancan montane forests,1.0,Tropical & Subtropical Moist Broadleaf Forests,Neotropic
436,Banana_irr_2030y_SOC,cf_median,32.20161,Tamaulipan matorral,13.0,Deserts & Xeric Shrublands,Nearctic
437,Banana_irr_2030y_SOC,cf_median,22.499544,Tamaulipan mezquital,13.0,Deserts & Xeric Shrublands,Nearctic
507,Banana_irr_2030y_SOC,cf_median,26.151575,Tapajós-Xingu moist forests,1.0,Tropical & Subtropical Moist Broadleaf Forests,Neotropic
684,Banana_irr_2030y_SOC,cf_median,,Tarim Basin deciduous forests and steppe,4.0,Temperate Broadleaf & Mixed Forests,Palearctic
177,Banana_irr_2030y_SOC,cf_median,,Tasmanian Central Highland forests,4.0,Temperate Broadleaf & Mixed Forests,Australasia
178,Banana_irr_2030y_SOC,cf_median,,Tasmanian temperate forests,4.0,Temperate Broadleaf & Mixed Forests,Australasia
179,Banana_irr_2030y_SOC,cf_median,,Tasmanian temperate rain forests,4.0,Temperate Broadleaf & Mixed Forests,Australasia
610,Banana_irr_2030y_SOC,cf_median,34.13916,Tehuacán Valley matorral,13.0,Deserts & Xeric Shrublands,Neotropic
284,Banana_irr_2030y_SOC,cf_median,33.77806,Tenasserim-South Thailand semi-evergreen rain forests,1.0,Tropical & Subtropical Moist Broadleaf Forests,Indomalayan
311,Banana_irr_2030y_SOC,cf_median,26.650293,Terai-Duar savanna and grasslands,7.0,"Tropical & Subtropical Grasslands, Savannas & Shrublands",Indomalayan
401,Banana_irr_2030y_SOC,cf_median,26.357119,Texas blackland prairies,8.0,"Temperate Grasslands, Savannas & Shrublands",Nearctic
318,Banana_irr_2030y_SOC,cf_median,14.173191,Thar desert,13.0,Deserts & Xeric Shrublands,Indomalayan
740,Banana_irr_2030y_SOC,cf_median,,Tian Shan foothill arid steppe,8.0,"Temperate Grasslands, Savannas & Shrublands",Palearctic
709,Banana_irr_2030y_SOC,cf_median,,Tian Shan montane conifer forests,5.0,Temperate Conifer Forests,Palearctic
767,Banana_irr_2030y_SOC,cf_median,,Tian Shan montane steppe and meadows,10.0,Montane Grasslands & Shrublands,Palearctic
844,Banana_irr_2030y_SOC,cf_median,15.954598,Tibesti-Jebel Uweinat montane xeric woodlands,13.0,Deserts & Xeric Shrublands,Palearctic
768,Banana_irr_2030y_SOC,cf_median,,Tibetan Plateau alpine shrublands and meadows,10.0,Montane Grasslands & Shrublands,Palearctic
747,Banana_irr_2030y_SOC,cf_median,,Tigris-Euphrates alluvial salt marsh,9.0,Flooded Grasslands & Savannas,Palearctic
166,Banana_irr_2030y_SOC,cf_median,58.375446,Timor and Wetar deciduous forests,2.0,Tropical & Subtropical Dry Broadleaf Forests,Australasia
215,Banana_irr_2030y_SOC,cf_median,27.712635,Tirari-Sturt stony desert,13.0,Deserts & Xeric Shrublands,Australasia
631,Banana_irr_2030y_SOC,cf_median,63.625744,Tongan tropical moist forests,1.0,Tropical & Subtropical Moist Broadleaf Forests,Oceania
286,Banana_irr_2030y_SOC,cf_median,29.578571,Tonle Sap-Mekong peat swamp forests,1.0,Tropical & Subtropical Moist Broadleaf Forests,Indomalayan
285,Banana_irr_2030y_SOC,cf_median,27.332249,Tonle Sap freshwater swamp forests,1.0,Tropical & Subtropical Moist Broadleaf Forests,Indomalayan
421,Banana_irr_2030y_SOC,cf_median,,Torngat Mountain tundra,11.0,Tundra,Nearctic
782,Banana_irr_2030y_SOC,cf_median,,Trans-Baikal Bald Mountain tundra,11.0,Tundra,Palearctic
718,Banana_irr_2030y_SOC,cf_median,,Trans-Baikal conifer forests,6.0,Boreal Forests/Taiga,Palearctic
559,Banana_irr_2030y_SOC,cf_median,36.591114,Trans-Mexican Volcanic Belt pine-oak forests,3.0,Tropical & Subtropical Coniferous Forests,Neotropic
188,Banana_irr_2030y_SOC,cf_median,32.147636,Trans Fly savanna and grasslands,7.0,"Tropical & Subtropical Grasslands, Savannas & Shrublands",Australasia
134,Banana_irr_2030y_SOC,cf_median,,Transantarctic Mountains tundra,11.0,Tundra,Antarctica
510,Banana_irr_2030y_SOC,cf_median,66.223785,Trinidad and Tobago moist forest,1.0,Tropical & Subtropical Moist Broadleaf Forests,Neotropic
68,Banana_irr_2030y_SOC,cf_median,,Tristan Da Cunha-Gough Islands shrub and grasslands,8.0,"Temperate Grasslands, Savannas & Shrublands",Afrotropic
158,Banana_irr_2030y_SOC,cf_median,102.02819,Trobriand Islands rain forests,1.0,Tropical & Subtropical Moist Broadleaf Forests,Australasia
632,Banana_irr_2030y_SOC,cf_median,,Tuamotu tropical moist forests,1.0,Tropical & Subtropical Moist Broadleaf Forests,Oceania
633,Banana_irr_2030y_SOC,cf_median,,Tubuai tropical moist forests,1.0,Tropical & Subtropical Moist Broadleaf Forests,Oceania
549,Banana_irr_2030y_SOC,cf_median,28.079063,Tumbes-Piura dry forests,2.0,Tropical & Subtropical Dry Broadleaf Forests,Neotropic
806,Banana_irr_2030y_SOC,cf_median,69.39721,Tyrrhenian-Adriatic sclerophyllous and mixed forests,12.0,"Mediterranean Forests, Woodlands & Scrub",Palearctic
511,Banana_irr_2030y_SOC,cf_median,26.310364,Uatumã-Trombetas moist forests,1.0,Tropical & Subtropical Moist Broadleaf Forests,Neotropic
512,Banana_irr_2030y_SOC,cf_median,36.363018,Ucayali moist forests,1.0,Tropical & Subtropical Moist Broadleaf Forests,Neotropic
287,Banana_irr_2030y_SOC,cf_median,27.902185,Upper Gangetic Plains moist deciduous forests,1.0,Tropical & Subtropical Moist Broadleaf Forests,Indomalayan
343,Banana_irr_2030y_SOC,cf_median,,Upper Midwest US forest-savanna transition,4.0,Temperate Broadleaf & Mixed Forests,Nearctic
719,Banana_irr_2030y_SOC,cf_median,,Urals montane forest and taiga,6.0,Boreal Forests/Taiga,Palearctic
574,Banana_irr_2030y_SOC,cf_median,40.59817,Uruguayan savanna,7.0,"Tropical & Subtropical Grasslands, Savannas & Shrublands",Neotropic
685,Banana_irr_2030y_SOC,cf_median,,Ussuri broadleaf and mixed forests,4.0,Temperate Broadleaf & Mixed Forests,Palearctic
563,Banana_irr_2030y_SOC,cf_median,,Valdivian temperate forests,4.0,Temperate Broadleaf & Mixed Forests,Neotropic
159,Banana_irr_2030y_SOC,cf_median,84.117714,Vanuatu rain forests,1.0,Tropical & Subtropical Moist Broadleaf Forests,Australasia
513,Banana_irr_2030y_SOC,cf_median,33.700535,Venezuelan Andes montane forests,1.0,Tropical & Subtropical Moist Broadleaf Forests,Neotropic
550,Banana_irr_2030y_SOC,cf_median,36.98497,Veracruz dry forests,2.0,Tropical & Subtropical Dry Broadleaf Forests,Neotropic
514,Banana_irr_2030y_SOC,cf_median,39.941444,Veracruz moist forests,1.0,Tropical & Subtropical Moist Broadleaf Forests,Neotropic
515,Banana_irr_2030y_SOC,cf_median,52.87668,Veracruz montane forests,1.0,Tropical & Subtropical Moist Broadleaf Forests,Neotropic
189,Banana_irr_2030y_SOC,cf_median,17.443491,Victoria Plains tropical savanna,7.0,"Tropical & Subtropical Grasslands, Savannas & Shrublands",Australasia
161,Banana_irr_2030y_SOC,cf_median,48.996674,Vogelkop-Aru lowland rain forests,1.0,Tropical & Subtropical Moist Broadleaf Forests,Australasia
160,Banana_irr_2030y_SOC,cf_median,64.6963,Vogelkop montane rain forests,1.0,Tropical & Subtropical Moist Broadleaf Forests,Australasia
368,Banana_irr_2030y_SOC,cf_median,,Wasatch and Uinta montane forests,5.0,Temperate Conifer Forests,Nearctic
383,Banana_irr_2030y_SOC,cf_median,,Watson Highlands taiga,6.0,Boreal Forests/Taiga,Nearctic
845,Banana_irr_2030y_SOC,cf_median,13.168006,West Sahara desert,13.0,Deserts & Xeric Shrublands,Palearctic
846,Banana_irr_2030y_SOC,cf_median,13.860021,West Saharan montane xeric woodlands,13.0,Deserts & Xeric Shrublands,Palearctic
720,Banana_irr_2030y_SOC,cf_median,,West Siberian taiga,6.0,Boreal Forests/Taiga,Palearctic
62,Banana_irr_2030y_SOC,cf_median,15.784605,West Sudanian savanna,7.0,"Tropical & Subtropical Grasslands, Savannas & Shrublands",Afrotropic
216,Banana_irr_2030y_SOC,cf_median,24.060265,Western Australian Mulga shrublands,13.0,Deserts & Xeric Shrublands,Australasia
29,Banana_irr_2030y_SOC,cf_median,22.3398,Western Congolian swamp forests,1.0,Tropical & Subtropical Moist Broadleaf Forests,Afrotropic
516,Banana_irr_2030y_SOC,cf_median,40.209995,Western Ecuador moist forests,1.0,Tropical & Subtropical Moist Broadleaf Forests,Neotropic
686,Banana_irr_2030y_SOC,cf_median,,Western European broadleaf forests,4.0,Temperate Broadleaf & Mixed Forests,Palearctic
344,Banana_irr_2030y_SOC,cf_median,,Western Great Lakes forests,4.0,Temperate Broadleaf & Mixed Forests,Nearctic
30,Banana_irr_2030y_SOC,cf_median,25.894794,Western Guinean lowland forests,1.0,Tropical & Subtropical Moist Broadleaf Forests,Afrotropic
384,Banana_irr_2030y_SOC,cf_median,26.032667,Western Gulf coastal grasslands,7.0,"Tropical & Subtropical Grasslands, Savannas & Shrublands",Nearctic
769,Banana_irr_2030y_SOC,cf_median,,Western Himalayan alpine shrub and meadows,10.0,Montane Grasslands & Shrublands,Palearctic
308,Banana_irr_2030y_SOC,cf_median,44.09475,Western Himalayan broadleaf forests,4.0,Temperate Broadleaf & Mixed Forests,Indomalayan
310,Banana_irr_2030y_SOC,cf_median,16.01728,Western Himalayan subalpine conifer forests,5.0,Temperate Conifer Forests,Indomalayan
288,Banana_irr_2030y_SOC,cf_median,60.589645,Western Java montane rain forests,1.0,Tropical & Subtropical Moist Broadleaf Forests,Indomalayan
289,Banana_irr_2030y_SOC,cf_median,51.57661,Western Java rain forests,1.0,Tropical & Subtropical Moist Broadleaf Forests,Indomalayan
634,Banana_irr_2030y_SOC,cf_median,,Western Polynesian tropical moist forests,1.0,Tropical & Subtropical Moist Broadleaf Forests,Oceania
402,Banana_irr_2030y_SOC,cf_median,,Western shortgrass prairie,8.0,"Temperate Grasslands, Savannas & Shrublands",Nearctic
687,Banana_irr_2030y_SOC,cf_median,,Western Siberian hemiboreal forests,4.0,Temperate Broadleaf & Mixed Forests,Palearctic
180,Banana_irr_2030y_SOC,cf_median,,Westland temperate forests,4.0,Temperate Broadleaf & Mixed Forests,Australasia
403,Banana_irr_2030y_SOC,cf_median,,Willamette Valley oak savanna,8.0,"Temperate Grasslands, Savannas & Shrublands",Nearctic
517,Banana_irr_2030y_SOC,cf_median,93.87668,Windward Islands moist forests,1.0,Tropical & Subtropical Moist Broadleaf Forests,Neotropic
783,Banana_irr_2030y_SOC,cf_median,,Wrangel Island Arctic desert,11.0,Tundra,Palearctic
438,Banana_irr_2030y_SOC,cf_median,,Wyoming Basin shrub steppe,13.0,Deserts & Xeric Shrublands,Nearctic
518,Banana_irr_2030y_SOC,cf_median,25.730297,Xingu-Tocantins-Araguaia moist forests,1.0,Tropical & Subtropical Moist Broadleaf Forests,Neotropic
784,Banana_irr_2030y_SOC,cf_median,,Yamal-Gydan tundra,11.0,Tundra,Palearctic
638,Banana_irr_2030y_SOC,cf_median,,Yap tropical dry forests,2.0,Tropical & Subtropical Dry Broadleaf Forests,Oceania
162,Banana_irr_2030y_SOC,cf_median,137.71645,Yapen rain forests,1.0,Tropical & Subtropical Moist Broadleaf Forests,Australasia
770,Banana_irr_2030y_SOC,cf_median,,Yarlung Zanbo arid steppe,10.0,Montane Grasslands & Shrublands,Palearctic
748,Banana_irr_2030y_SOC,cf_median,,Yellow Sea saline meadow,9.0,Flooded Grasslands & Savannas,Palearctic
551,Banana_irr_2030y_SOC,cf_median,45.138123,Yucatán dry forests,2.0,Tropical & Subtropical Dry Broadleaf Forests,Neotropic
519,Banana_irr_2030y_SOC,cf_median,47.606045,Yucatán moist forests,1.0,Tropical & Subtropical Moist Broadleaf Forests,Neotropic
643,Banana_irr_2030y_SOC,cf_median,40.796654,Yunnan Plateau subtropical evergreen forests,1.0,Tropical & Subtropical Moist Broadleaf Forests,Palearctic
688,Banana_irr_2030y_SOC,cf_median,,Zagros Mountains forest steppe,4.0,Temperate Broadleaf & Mixed Forests,Palearctic
66,Banana_irr_2030y_SOC,cf_median,21.612946,Zambezian-Limpopo mixed woodlands,7.0,"Tropical & Subtropical Grasslands, Savannas & Shrublands",Afrotropic
64,Banana_irr_2030y_SOC,cf_median,17.891554,Zambezian Baikiaea woodlands,7.0,"Tropical & Subtropical Grasslands, Savannas & Shrublands",Afrotropic
75,Banana_irr_2030y_SOC,cf_median,25.944078,Zambezian coastal flooded savanna,9.0,Flooded Grasslands & Savannas,Afrotropic
42,Banana_irr_2030y_SOC,cf_median,20.427917,Dry miombo woodlands,7.0,"Tropical & Subtropical Grasslands, Savannas & Shrublands",Afrotropic
33,Banana_irr_2030y_SOC,cf_median,22.259823,Zambezian evergreen dry forests,2.0,Tropical & Subtropical Dry Broadleaf Forests,Afrotropic
76,Banana_irr_2030y_SOC,cf_median,23.255976,Zambezian flooded grasslands,9.0,Flooded Grasslands & Savannas,Afrotropic
65,Banana_irr_2030y_SOC,cf_median,19.969599,Zambezian mopane woodlands,7.0,"Tropical & Subtropical Grasslands, Savannas & Shrublands",Afrotropic
524,Banana_irr_2030y_SOC,cf_median,23.719427,Brazilian Atlantic dry forests,2.0,Tropical & Subtropical Dry Broadleaf Forests,Neotropic
380,Banana_irr_2030y_SOC,cf_median,,Northern Cordillera forests,6.0,Boreal Forests/Taiga,Nearctic
60,Banana_irr_2030y_SOC,cf_median,,St. Helena scrub and woodlands,7.0,"Tropical & Subtropical Grasslands, Savannas & Shrublands",Afrotropic
61,Banana_irr_2030y_SOC,cf_median,38.660507,Victoria Basin forest-savanna,7.0,"Tropical & Subtropical Grasslands, Savannas & Shrublands",Afrotropic
63,Banana_irr_2030y_SOC,cf_median,27.225248,Western Congolian forest-savanna,7.0,"Tropical & Subtropical Grasslands, Savannas & Shrublands",Afrotropic
78,Banana_irr_2030y_SOC,cf_median,,East African montane moorlands,10.0,Montane Grasslands & Shrublands,Afrotropic
365,Banana_irr_2030y_SOC,cf_median,,Queen Charlotte Islands conifer forests,5.0,Temperate Conifer Forests,Nearctic
360,Banana_irr_2030y_SOC,cf_median,,Northern Pacific Alaskan coastal forests,5.0,Temperate Conifer Forests,Nearctic
381,Banana_irr_2030y_SOC,cf_median,,Northwest Territories taiga,6.0,Boreal Forests/Taiga,Nearctic
107,Banana_irr_2030y_SOC,cf_median,14.886983,Southwest Arabian coastal xeric shrublands,13.0,Deserts & Xeric Shrublands,Afrotropic
811,Banana_irr_2030y_SOC,cf_median,14.761672,Arabian-Persian Gulf coastal plain desert,13.0,Deserts & Xeric Shrublands,Palearctic
840,Banana_irr_2030y_SOC,cf_median,12.853153,South Arabian plains and plateau desert,13.0,Deserts & Xeric Shrublands,Palearctic
809,Banana_irr_2030y_SOC,cf_median,17.440075,Arabian desert,13.0,Deserts & Xeric Shrublands,Palearctic
552,Banana_irr_2030y_SOC,cf_median,92.71124,Bahamian pineyards,3.0,Tropical & Subtropical Coniferous Forests,Neotropic
96,Banana_irr_2030y_SOC,cf_median,,Ile Europa and Bassas da India xeric scrub,13.0,Deserts & Xeric Shrublands,Afrotropic
773,Banana_irr_2030y_SOC,cf_median,,Kamchatka tundra,11.0,Tundra,Palearctic
508,Banana_irr_2030y_SOC,cf_median,24.636475,Tocantins/Pindare moist forests,1.0,Tropical & Subtropical Moist Broadleaf Forests,Neotropic
417,Banana_irr_2030y_SOC,cf_median,,Kalaallit Nunaat Arctic steppe,11.0,Tundra,Nearctic
358,Banana_irr_2030y_SOC,cf_median,,North Cascades conifer forests,5.0,Temperate Conifer Forests,Nearctic
361,Banana_irr_2030y_SOC,cf_median,,Northern Rockies conifer forests,5.0,Temperate Conifer Forests,Nearctic
509,Banana_irr_2030y_SOC,cf_median,,Trindade-Martin Vaz Islands tropical forests,1.0,Tropical & Subtropical Moist Broadleaf Forests,Neotropic
59,Banana_irr_2030y_SOC,cf_median,19.097033,Southwest Arabian montane woodlands and grasslands,7.0,"Tropical & Subtropical Grasslands, Savannas & Shrublands",Afrotropic
56,Banana_irr_2030y_SOC,cf_median,17.74255,"South Arabian fog woodlands, shrublands, and dune",7.0,"Tropical & Subtropical Grasslands, Savannas & Shrublands",Afrotropic
548,Banana_irr_2030y_SOC,cf_median,67.2869,Trinidad and Tobago dry forest,2.0,Tropical & Subtropical Dry Broadleaf Forests,Neotropic
537,Banana_irr_2030y_SOC,cf_median,95.91043,Lesser Antillean dry forests,2.0,Tropical & Subtropical Dry Broadleaf Forests,Neotropic
672,Banana_irr_2030y_SOC,cf_median,,North Atlantic moist mixed forests,4.0,Temperate Broadleaf & Mixed Forests,Palearctic
119,Banana_irr_2030y_SOC,cf_median,,Dronning Maud Land tundra,11.0,Tundra,Antarctica
124,Banana_irr_2030y_SOC,cf_median,,Marie Byrd Land tundra,11.0,Tundra,Antarctica
156,Banana_irr_2030y_SOC,cf_median,119.08934,Sulawesi lowland rain forests,1.0,Tropical & Subtropical Moist Broadleaf Forests,Australasia
8,Banana_irr_2030y_SOC,cf_median,43.67425,East African montane forests,1.0,Tropical & Subtropical Moist Broadleaf Forests,Afrotropic
9,Banana_irr_2030y_SOC,cf_median,37.358074,Eastern Arc forests,1.0,Tropical & Subtropical Moist Broadleaf Forests,Afrotropic
220,Banana_irr_2030y_SOC,cf_median,54.35819,Borneo montane rain forests,1.0,Tropical & Subtropical Moist Broadleaf Forests,Indomalayan
313,Banana_irr_2030y_SOC,cf_median,56.17264,Kinabalu montane alpine meadows,10.0,Montane Grasslands & Shrublands,Indomalayan
117,Banana_irr_2030y_SOC,cf_std,,Adelie Land tundra,11.0,Tundra,Antarctica
135,Banana_irr_2030y_SOC,cf_std,1.361654,Admiralty Islands lowland rain forests,1.0,Tropical & Subtropical Moist Broadleaf Forests,Australasia
785,Banana_irr_2030y_SOC,cf_std,19.777012,Aegean and Western Turkey sclerophyllous and mixed forests,12.0,"Mediterranean Forests, Woodlands & Scrub",Palearctic
807,Banana_irr_2030y_SOC,cf_std,,Afghan Mountains semi-desert,13.0,Deserts & Xeric Shrublands,Palearctic
404,Banana_irr_2030y_SOC,cf_std,,Ahklun and Kilbuck Upland Tundra,11.0,Tundra,Nearctic
722,Banana_irr_2030y_SOC,cf_std,14.4839525,Al-Hajar foothill xeric woodlands and shrublands,8.0,"Temperate Grasslands, Savannas & Shrublands",Palearctic
723,Banana_irr_2030y_SOC,cf_std,3.14531,Al-Hajar montane woodlands and shrublands,8.0,"Temperate Grasslands, Savannas & Shrublands",Palearctic
721,Banana_irr_2030y_SOC,cf_std,,Alai-Western Tian Shan steppe,8.0,"Temperate Grasslands, Savannas & Shrublands",Palearctic
808,Banana_irr_2030y_SOC,cf_std,,Alashan Plateau semi-desert,13.0,Deserts & Xeric Shrublands,Palearctic
405,Banana_irr_2030y_SOC,cf_std,,Alaska-St. Elias Range tundra,11.0,Tundra,Nearctic
369,Banana_irr_2030y_SOC,cf_std,,Alaska Peninsula montane taiga,6.0,Boreal Forests/Taiga,Nearctic
88,Banana_irr_2030y_SOC,cf_std,15.052902,Albany thickets,12.0,"Mediterranean Forests, Woodlands & Scrub",Afrotropic
345,Banana_irr_2030y_SOC,cf_std,,Alberta-British Columbia foothills forests,5.0,Temperate Conifer Forests,Nearctic
1,Banana_irr_2030y_SOC,cf_std,12.068627,Albertine Rift montane forests,1.0,Tropical & Subtropical Moist Broadleaf Forests,Afrotropic
91,Banana_irr_2030y_SOC,cf_std,,Aldabra Island xeric scrub,13.0,Deserts & Xeric Shrublands,Afrotropic
406,Banana_irr_2030y_SOC,cf_std,,Aleutian Islands tundra,11.0,Tundra,Nearctic
328,Banana_irr_2030y_SOC,cf_std,,Allegheny Highlands forests,4.0,Temperate Broadleaf & Mixed Forests,Nearctic
689,Banana_irr_2030y_SOC,cf_std,,Alps conifer and mixed forests,5.0,Temperate Conifer Forests,Palearctic
749,Banana_irr_2030y_SOC,cf_std,,Altai alpine meadow and tundra,10.0,Montane Grasslands & Shrublands,Palearctic
690,Banana_irr_2030y_SOC,cf_std,,Altai montane forest and forest steppe,5.0,Temperate Conifer Forests,Palearctic
724,Banana_irr_2030y_SOC,cf_std,,Altai steppe and semi-desert,8.0,"Temperate Grasslands, Savannas & Shrublands",Palearctic
439,Banana_irr_2030y_SOC,cf_std,8.810621,Alto Paraná Atlantic forests,1.0,Tropical & Subtropical Moist Broadleaf Forests,Neotropic
611,Banana_irr_2030y_SOC,cf_std,17.44991,Amazon-Orinoco-Southern Caribbean mangroves,14.0,Mangroves,Neotropic
67,Banana_irr_2030y_SOC,cf_std,,Amsterdam-Saint Paul Islands temperate grasslands,8.0,"Temperate Grasslands, Savannas & Shrublands",Afrotropic
741,Banana_irr_2030y_SOC,cf_std,,Amur meadow steppe,9.0,Flooded Grasslands & Savannas,Palearctic
786,Banana_irr_2030y_SOC,cf_std,,Anatolian conifer and deciduous mixed forests,12.0,"Mediterranean Forests, Woodlands & Scrub",Palearctic
218,Banana_irr_2030y_SOC,cf_std,9.288721,Andaman Islands rain forests,1.0,Tropical & Subtropical Moist Broadleaf Forests,Indomalayan
77,Banana_irr_2030y_SOC,cf_std,2.040049,Angolan montane forest-grassland,10.0,Montane Grasslands & Shrublands,Afrotropic
34,Banana_irr_2030y_SOC,cf_std,2.742221,Angolan mopane woodlands,7.0,"Tropical & Subtropical Grasslands, Savannas & Shrublands",Afrotropic
35,Banana_irr_2030y_SOC,cf_std,10.391605,Angolan scarp savanna and woodlands,7.0,"Tropical & Subtropical Grasslands, Savannas & Shrublands",Afrotropic
36,Banana_irr_2030y_SOC,cf_std,2.603881,Angolan wet miombo woodlands,7.0,"Tropical & Subtropical Grasslands, Savannas & Shrublands",Afrotropic
196,Banana_irr_2030y_SOC,cf_std,,Antipodes Subantarctic Islands tundra,11.0,Tundra,Australasia
331,Banana_irr_2030y_SOC,cf_std,,Appalachian-Blue Ridge forests,4.0,Temperate Broadleaf & Mixed Forests,Nearctic
329,Banana_irr_2030y_SOC,cf_std,,Appalachian mixed mesophytic forests,4.0,Temperate Broadleaf & Mixed Forests,Nearctic
330,Banana_irr_2030y_SOC,cf_std,,Appalachian Piedmont forests,4.0,Temperate Broadleaf & Mixed Forests,Nearctic
644,Banana_irr_2030y_SOC,cf_std,,Appenine deciduous montane forests,4.0,Temperate Broadleaf & Mixed Forests,Palearctic
520,Banana_irr_2030y_SOC,cf_std,4.7417154,Apure-Villavicencio dry forests,2.0,Tropical & Subtropical Dry Broadleaf Forests,Neotropic
810,Banana_irr_2030y_SOC,cf_std,7.8399925,Arabian sand desert,13.0,Deserts & Xeric Shrublands,Palearctic
440,Banana_irr_2030y_SOC,cf_std,8.030533,Araucaria moist forests,1.0,Tropical & Subtropical Moist Broadleaf Forests,Neotropic
597,Banana_irr_2030y_SOC,cf_std,,Araya and Paria xeric scrub,13.0,Deserts & Xeric Shrublands,Neotropic
407,Banana_irr_2030y_SOC,cf_std,,Arctic coastal tundra,11.0,Tundra,Nearctic
778,Banana_irr_2030y_SOC,cf_std,,Russian Arctic desert,11.0,Tundra,Palearctic
408,Banana_irr_2030y_SOC,cf_std,,Arctic foothills tundra,11.0,Tundra,Nearctic
346,Banana_irr_2030y_SOC,cf_std,2.349778,Arizona Mountains forests,5.0,Temperate Conifer Forests,Nearctic
181,Banana_irr_2030y_SOC,cf_std,23.140783,Arnhem Land tropical savanna,7.0,"Tropical & Subtropical Grasslands, Savannas & Shrublands",Australasia
37,Banana_irr_2030y_SOC,cf_std,,Ascension scrub and grasslands,7.0,"Tropical & Subtropical Grasslands, Savannas & Shrublands",Afrotropic
598,Banana_irr_2030y_SOC,cf_std,,Atacama desert,13.0,Deserts & Xeric Shrublands,Neotropic
441,Banana_irr_2030y_SOC,cf_std,25.659584,Atlantic Coast restingas,1.0,Tropical & Subtropical Moist Broadleaf Forests,Neotropic
839,Banana_irr_2030y_SOC,cf_std,,Saharan Atlantic coastal desert,13.0,Deserts & Xeric Shrublands,Palearctic
347,Banana_irr_2030y_SOC,cf_std,,Atlantic coastal pine barrens,5.0,Temperate Conifer Forests,Nearctic
5,Banana_irr_2030y_SOC,cf_std,8.227627,Congolian coastal forests,1.0,Tropical & Subtropical Moist Broadleaf Forests,Afrotropic
664,Banana_irr_2030y_SOC,cf_std,,European Atlantic mixed forests,4.0,Temperate Broadleaf & Mixed Forests,Palearctic
193,Banana_irr_2030y_SOC,cf_std,,Australian Alps montane grasslands,10.0,Montane Grasslands & Shrublands,Australasia
812,Banana_irr_2030y_SOC,cf_std,,Azerbaijan shrub desert and steppe,13.0,Deserts & Xeric Shrublands,Palearctic
645,Banana_irr_2030y_SOC,cf_std,,Azores temperate mixed forests,4.0,Temperate Broadleaf & Mixed Forests,Palearctic
813,Banana_irr_2030y_SOC,cf_std,,Badghyz and Karabil semi-desert,13.0,Deserts & Xeric Shrublands,Palearctic
612,Banana_irr_2030y_SOC,cf_std,24.921955,Bahamian-Antillean mangroves,14.0,Mangroves,Neotropic
442,Banana_irr_2030y_SOC,cf_std,8.659745,Bahia coastal forests,1.0,Tropical & Subtropical Moist Broadleaf Forests,Neotropic
443,Banana_irr_2030y_SOC,cf_std,2.7427707,Bahia interior forests,1.0,Tropical & Subtropical Moist Broadleaf Forests,Neotropic
426,Banana_irr_2030y_SOC,cf_std,15.38059,Baja California desert,13.0,Deserts & Xeric Shrublands,Nearctic
521,Banana_irr_2030y_SOC,cf_std,1.8399084,Bajío dry forests,2.0,Tropical & Subtropical Dry Broadleaf Forests,Neotropic
646,Banana_irr_2030y_SOC,cf_std,,Balkan mixed forests,4.0,Temperate Broadleaf & Mixed Forests,Palearctic
522,Banana_irr_2030y_SOC,cf_std,4.5919194,Balsas dry forests,2.0,Tropical & Subtropical Dry Broadleaf Forests,Neotropic
647,Banana_irr_2030y_SOC,cf_std,,Baltic mixed forests,4.0,Temperate Broadleaf & Mixed Forests,Palearctic
814,Banana_irr_2030y_SOC,cf_std,3.996991,Baluchistan xeric woodlands,13.0,Deserts & Xeric Shrublands,Palearctic
136,Banana_irr_2030y_SOC,cf_std,20.680012,Banda Sea Islands moist deciduous forests,1.0,Tropical & Subtropical Moist Broadleaf Forests,Australasia
564,Banana_irr_2030y_SOC,cf_std,5.3436203,Belizian pine savannas,7.0,"Tropical & Subtropical Grasslands, Savannas & Shrublands",Neotropic
565,Banana_irr_2030y_SOC,cf_std,,Beni savanna,7.0,"Tropical & Subtropical Grasslands, Savannas & Shrublands",Neotropic
779,Banana_irr_2030y_SOC,cf_std,,Russian Bering tundra,11.0,Tundra,Palearctic
409,Banana_irr_2030y_SOC,cf_std,,Beringia lowland tundra,11.0,Tundra,Nearctic
410,Banana_irr_2030y_SOC,cf_std,,Beringia upland tundra,11.0,Tundra,Nearctic
325,Banana_irr_2030y_SOC,cf_std,,Bermuda subtropical conifer forests,3.0,Tropical & Subtropical Coniferous Forests,Nearctic
137,Banana_irr_2030y_SOC,cf_std,9.068729,Biak-Numfoor rain forests,1.0,Tropical & Subtropical Moist Broadleaf Forests,Australasia
348,Banana_irr_2030y_SOC,cf_std,,Blue Mountains forests,5.0,Temperate Conifer Forests,Nearctic
742,Banana_irr_2030y_SOC,cf_std,,Bohai Sea saline meadow,9.0,Flooded Grasslands & Savannas,Palearctic
523,Banana_irr_2030y_SOC,cf_std,,Bolivian montane dry forests,2.0,Tropical & Subtropical Dry Broadleaf Forests,Neotropic
444,Banana_irr_2030y_SOC,cf_std,6.162688,Bolivian Yungas,1.0,Tropical & Subtropical Moist Broadleaf Forests,Neotropic
219,Banana_irr_2030y_SOC,cf_std,16.877783,Borneo lowland rain forests,1.0,Tropical & Subtropical Moist Broadleaf Forests,Indomalayan
221,Banana_irr_2030y_SOC,cf_std,24.131472,Borneo peat swamp forests,1.0,Tropical & Subtropical Moist Broadleaf Forests,Indomalayan
222,Banana_irr_2030y_SOC,cf_std,5.5679574,Brahmaputra Valley semi-evergreen forests,1.0,Tropical & Subtropical Moist Broadleaf Forests,Indomalayan
182,Banana_irr_2030y_SOC,cf_std,7.0307384,Brigalow tropical savanna,7.0,"Tropical & Subtropical Grasslands, Savannas & Shrublands",Australasia
349,Banana_irr_2030y_SOC,cf_std,,British Columbia coastal conifer forests,5.0,Temperate Conifer Forests,Nearctic
411,Banana_irr_2030y_SOC,cf_std,,Brooks-British Range tundra,11.0,Tundra,Nearctic
138,Banana_irr_2030y_SOC,cf_std,27.599758,Buru rain forests,1.0,Tropical & Subtropical Moist Broadleaf Forests,Australasia
525,Banana_irr_2030y_SOC,cf_std,4.8923006,Caatinga,2.0,Tropical & Subtropical Dry Broadleaf Forests,Neotropic
445,Banana_irr_2030y_SOC,cf_std,3.2914255,Caatinga Enclaves moist forests,1.0,Tropical & Subtropical Moist Broadleaf Forests,Neotropic
691,Banana_irr_2030y_SOC,cf_std,,Caledon conifer forests,5.0,Temperate Conifer Forests,Palearctic
385,Banana_irr_2030y_SOC,cf_std,1.5363487,California Central Valley grasslands,8.0,"Temperate Grasslands, Savannas & Shrublands",Nearctic
422,Banana_irr_2030y_SOC,cf_std,8.382608,California coastal sage and chaparral,12.0,"Mediterranean Forests, Woodlands & Scrub",Nearctic
423,Banana_irr_2030y_SOC,cf_std,14.417127,California interior chaparral and woodlands,12.0,"Mediterranean Forests, Woodlands & Scrub",Nearctic
424,Banana_irr_2030y_SOC,cf_std,9.125352,California montane chaparral and woodlands,12.0,"Mediterranean Forests, Woodlands & Scrub",Nearctic
2,Banana_irr_2030y_SOC,cf_std,13.288169,Cameroon Highlands forests,1.0,Tropical & Subtropical Moist Broadleaf Forests,Afrotropic
566,Banana_irr_2030y_SOC,cf_std,5.8514004,Campos Rupestres montane savanna,7.0,"Tropical & Subtropical Grasslands, Savannas & Shrublands",Neotropic
386,Banana_irr_2030y_SOC,cf_std,,Canadian Aspen forests and parklands,8.0,"Temperate Grasslands, Savannas & Shrublands",Nearctic
413,Banana_irr_2030y_SOC,cf_std,,Canadian Low Arctic tundra,11.0,Tundra,Nearctic
787,Banana_irr_2030y_SOC,cf_std,9.627406,Canary Islands dry woodlands and forests,12.0,"Mediterranean Forests, Woodlands & Scrub",Palearctic
648,Banana_irr_2030y_SOC,cf_std,,Cantabrian mixed forests,4.0,Temperate Broadleaf & Mixed Forests,Palearctic
190,Banana_irr_2030y_SOC,cf_std,,Canterbury-Otago tussock grasslands,8.0,"Temperate Grasslands, Savannas & Shrublands",Australasia
31,Banana_irr_2030y_SOC,cf_std,,Cape Verde Islands dry forests,2.0,Tropical & Subtropical Dry Broadleaf Forests,Afrotropic
183,Banana_irr_2030y_SOC,cf_std,18.078733,Cape York Peninsula tropical savanna,7.0,"Tropical & Subtropical Grasslands, Savannas & Shrublands",Australasia
446,Banana_irr_2030y_SOC,cf_std,2.4268248,Caqueta moist forests,1.0,Tropical & Subtropical Moist Broadleaf Forests,Neotropic
223,Banana_irr_2030y_SOC,cf_std,10.429916,Cardamom Mountains rain forests,1.0,Tropical & Subtropical Moist Broadleaf Forests,Indomalayan
599,Banana_irr_2030y_SOC,cf_std,10.217003,Caribbean shrublands,13.0,Deserts & Xeric Shrublands,Neotropic
207,Banana_irr_2030y_SOC,cf_std,14.600672,Carnarvon xeric shrublands,13.0,Deserts & Xeric Shrublands,Australasia
618,Banana_irr_2030y_SOC,cf_std,0.12757847,Carolines tropical moist forests,1.0,Tropical & Subtropical Moist Broadleaf Forests,Oceania
692,Banana_irr_2030y_SOC,cf_std,,Carpathian montane forests,5.0,Temperate Conifer Forests,Palearctic
184,Banana_irr_2030y_SOC,cf_std,10.216269,Carpentaria tropical savanna,7.0,"Tropical & Subtropical Grasslands, Savannas & Shrublands",Australasia
649,Banana_irr_2030y_SOC,cf_std,,Caspian Hyrcanian mixed forests,4.0,Temperate Broadleaf & Mixed Forests,Palearctic
815,Banana_irr_2030y_SOC,cf_std,,Caspian lowland desert,13.0,Deserts & Xeric Shrublands,Palearctic
447,Banana_irr_2030y_SOC,cf_std,3.2110226,Catatumbo moist forests,1.0,Tropical & Subtropical Moist Broadleaf Forests,Neotropic
526,Banana_irr_2030y_SOC,cf_std,6.2992325,Cauca Valley dry forests,2.0,Tropical & Subtropical Dry Broadleaf Forests,Neotropic
448,Banana_irr_2030y_SOC,cf_std,10.043984,Cauca Valley montane forests,1.0,Tropical & Subtropical Moist Broadleaf Forests,Neotropic
650,Banana_irr_2030y_SOC,cf_std,,Caucasus mixed forests,4.0,Temperate Broadleaf & Mixed Forests,Palearctic
449,Banana_irr_2030y_SOC,cf_std,,Cayos Miskitos-San Andrés and Providencia moist forests,1.0,Tropical & Subtropical Moist Broadleaf Forests,Neotropic
651,Banana_irr_2030y_SOC,cf_std,,Celtic broadleaf forests,4.0,Temperate Broadleaf & Mixed Forests,Palearctic
816,Banana_irr_2030y_SOC,cf_std,,Central Afghan Mountains xeric woodlands,13.0,Deserts & Xeric Shrublands,Palearctic
111,Banana_irr_2030y_SOC,cf_std,17.828077,Central African mangroves,14.0,Mangroves,Afrotropic
450,Banana_irr_2030y_SOC,cf_std,10.53929,Central American Atlantic moist forests,1.0,Tropical & Subtropical Moist Broadleaf Forests,Neotropic
527,Banana_irr_2030y_SOC,cf_std,15.875989,Central American dry forests,2.0,Tropical & Subtropical Dry Broadleaf Forests,Neotropic
451,Banana_irr_2030y_SOC,cf_std,5.5935907,Central American montane forests,1.0,Tropical & Subtropical Moist Broadleaf Forests,Neotropic
553,Banana_irr_2030y_SOC,cf_std,5.894954,Central American pine-oak forests,3.0,Tropical & Subtropical Coniferous Forests,Neotropic
725,Banana_irr_2030y_SOC,cf_std,,Central Anatolian steppe,8.0,"Temperate Grasslands, Savannas & Shrublands",Palearctic
652,Banana_irr_2030y_SOC,cf_std,,Central Anatolian steppe and woodlands,4.0,Temperate Broadleaf & Mixed Forests,Palearctic
352,Banana_irr_2030y_SOC,cf_std,,Central-Southern Cascades Forests,5.0,Temperate Conifer Forests,Nearctic
389,Banana_irr_2030y_SOC,cf_std,,Central-Southern US mixed grasslands,8.0,"Temperate Grasslands, Savannas & Shrublands",Nearctic
587,Banana_irr_2030y_SOC,cf_std,,Central Andean dry puna,10.0,Montane Grasslands & Shrublands,Neotropic
588,Banana_irr_2030y_SOC,cf_std,,Central Andean puna,10.0,Montane Grasslands & Shrublands,Neotropic
589,Banana_irr_2030y_SOC,cf_std,,Central Andean wet puna,10.0,Montane Grasslands & Shrublands,Neotropic
817,Banana_irr_2030y_SOC,cf_std,,Central Asian northern desert,13.0,Deserts & Xeric Shrublands,Palearctic
818,Banana_irr_2030y_SOC,cf_std,,Central Asian riparian woodlands,13.0,Deserts & Xeric Shrublands,Palearctic
819,Banana_irr_2030y_SOC,cf_std,,Central Asian southern desert,13.0,Deserts & Xeric Shrublands,Palearctic
350,Banana_irr_2030y_SOC,cf_std,,Central British Columbia Mountain forests,5.0,Temperate Conifer Forests,Nearctic
38,Banana_irr_2030y_SOC,cf_std,4.231701,Central bushveld,7.0,"Tropical & Subtropical Grasslands, Savannas & Shrublands",Afrotropic
370,Banana_irr_2030y_SOC,cf_std,,Central Canadian Shield forests,6.0,Boreal Forests/Taiga,Nearctic
653,Banana_irr_2030y_SOC,cf_std,,Central China Loess Plateau mixed forests,4.0,Temperate Broadleaf & Mixed Forests,Palearctic
3,Banana_irr_2030y_SOC,cf_std,2.4296522,Central Congolian lowland forests,1.0,Tropical & Subtropical Moist Broadleaf Forests,Afrotropic
290,Banana_irr_2030y_SOC,cf_std,3.275416,Central Deccan Plateau dry deciduous forests,2.0,Tropical & Subtropical Dry Broadleaf Forests,Indomalayan
654,Banana_irr_2030y_SOC,cf_std,,Central European mixed forests,4.0,Temperate Broadleaf & Mixed Forests,Palearctic
387,Banana_irr_2030y_SOC,cf_std,,Central US forest-grasslands transition,8.0,"Temperate Grasslands, Savannas & Shrublands",Nearctic
291,Banana_irr_2030y_SOC,cf_std,3.133802,Central Indochina dry forests,2.0,Tropical & Subtropical Dry Broadleaf Forests,Indomalayan
655,Banana_irr_2030y_SOC,cf_std,,Central Korean deciduous forests,4.0,Temperate Broadleaf & Mixed Forests,Palearctic
427,Banana_irr_2030y_SOC,cf_std,3.7034976,Central Mexican matorral,13.0,Deserts & Xeric Shrublands,Nearctic
351,Banana_irr_2030y_SOC,cf_std,,Central Pacific Northwest coastal forests,5.0,Temperate Conifer Forests,Nearctic
820,Banana_irr_2030y_SOC,cf_std,,Central Persian desert basins,13.0,Deserts & Xeric Shrublands,Palearctic
619,Banana_irr_2030y_SOC,cf_std,,Central Polynesian tropical moist forests,1.0,Tropical & Subtropical Moist Broadleaf Forests,Oceania
139,Banana_irr_2030y_SOC,cf_std,15.838754,Central Range Papuan montane rain forests,1.0,Tropical & Subtropical Moist Broadleaf Forests,Australasia
195,Banana_irr_2030y_SOC,cf_std,4.5342054,Papuan Central Range sub-alpine grasslands,10.0,Montane Grasslands & Shrublands,Australasia
208,Banana_irr_2030y_SOC,cf_std,1.39363,Central Ranges xeric scrub,13.0,Deserts & Xeric Shrublands,Australasia
118,Banana_irr_2030y_SOC,cf_std,,Central South Antarctic Peninsula tundra,11.0,Tundra,Antarctica
388,Banana_irr_2030y_SOC,cf_std,,Central Tallgrass prairie,8.0,"Temperate Grasslands, Savannas & Shrublands",Nearctic
750,Banana_irr_2030y_SOC,cf_std,,Central Tibetan Plateau alpine steppe,10.0,Montane Grasslands & Shrublands,Palearctic
39,Banana_irr_2030y_SOC,cf_std,3.593983,Central Zambezian wet miombo woodlands,7.0,"Tropical & Subtropical Grasslands, Savannas & Shrublands",Afrotropic
567,Banana_irr_2030y_SOC,cf_std,4.173052,Cerrado,7.0,"Tropical & Subtropical Grasslands, Savannas & Shrublands",Neotropic
656,Banana_irr_2030y_SOC,cf_std,,Changbai Mountains mixed forests,4.0,Temperate Broadleaf & Mixed Forests,Palearctic
657,Banana_irr_2030y_SOC,cf_std,,Changjiang Plain evergreen forests,4.0,Temperate Broadleaf & Mixed Forests,Palearctic
224,Banana_irr_2030y_SOC,cf_std,1.4076874,Chao Phraya freshwater swamp forests,1.0,Tropical & Subtropical Moist Broadleaf Forests,Indomalayan
225,Banana_irr_2030y_SOC,cf_std,16.082546,Chao Phraya lowland moist deciduous forests,1.0,Tropical & Subtropical Moist Broadleaf Forests,Indomalayan
167,Banana_irr_2030y_SOC,cf_std,,Chatham Island temperate forests,4.0,Temperate Broadleaf & Mixed Forests,Australasia
771,Banana_irr_2030y_SOC,cf_std,,Cherskii-Kolyma mountain tundra,11.0,Tundra,Palearctic
292,Banana_irr_2030y_SOC,cf_std,2.6540604,Chhota-Nagpur dry deciduous forests,2.0,Tropical & Subtropical Dry Broadleaf Forests,Indomalayan
528,Banana_irr_2030y_SOC,cf_std,5.0943236,Chiapas Depression dry forests,2.0,Tropical & Subtropical Dry Broadleaf Forests,Neotropic
452,Banana_irr_2030y_SOC,cf_std,3.8212342,Chiapas montane forests,1.0,Tropical & Subtropical Moist Broadleaf Forests,Neotropic
428,Banana_irr_2030y_SOC,cf_std,4.9696527,Chihuahuan desert,13.0,Deserts & Xeric Shrublands,Nearctic
596,Banana_irr_2030y_SOC,cf_std,,Chilean Matorral,12.0,"Mediterranean Forests, Woodlands & Scrub",Neotropic
453,Banana_irr_2030y_SOC,cf_std,3.726925,Chimalapas montane forests,1.0,Tropical & Subtropical Moist Broadleaf Forests,Neotropic
226,Banana_irr_2030y_SOC,cf_std,,Chin Hills-Arakan Yoma montane forests,1.0,Tropical & Subtropical Moist Broadleaf Forests,Indomalayan
529,Banana_irr_2030y_SOC,cf_std,2.302633,Chiquitano dry forests,2.0,Tropical & Subtropical Dry Broadleaf Forests,Neotropic
454,Banana_irr_2030y_SOC,cf_std,21.615372,Chocó-Darién moist forests,1.0,Tropical & Subtropical Moist Broadleaf Forests,Neotropic
227,Banana_irr_2030y_SOC,cf_std,,Christmas and Cocos Islands tropical forests,1.0,Tropical & Subtropical Moist Broadleaf Forests,Indomalayan
772,Banana_irr_2030y_SOC,cf_std,,Chukchi Peninsula tundra,11.0,Tundra,Palearctic
568,Banana_irr_2030y_SOC,cf_std,,Clipperton Island shrub and grasslands,7.0,"Tropical & Subtropical Grasslands, Savannas & Shrublands",Neotropic
455,Banana_irr_2030y_SOC,cf_std,,Cocos Island moist forests,1.0,Tropical & Subtropical Moist Broadleaf Forests,Neotropic
429,Banana_irr_2030y_SOC,cf_std,,Colorado Plateau shrublands,13.0,Deserts & Xeric Shrublands,Nearctic
353,Banana_irr_2030y_SOC,cf_std,,Colorado Rockies forests,5.0,Temperate Conifer Forests,Nearctic
4,Banana_irr_2030y_SOC,cf_std,5.7487273,Comoros forests,1.0,Tropical & Subtropical Moist Broadleaf Forests,Afrotropic
371,Banana_irr_2030y_SOC,cf_std,,Cook Inlet taiga,6.0,Boreal Forests/Taiga,Nearctic
620,Banana_irr_2030y_SOC,cf_std,,Cook Islands tropical moist forests,1.0,Tropical & Subtropical Moist Broadleaf Forests,Oceania
197,Banana_irr_2030y_SOC,cf_std,5.464434,Coolgardie woodlands,12.0,"Mediterranean Forests, Woodlands & Scrub",Australasia
372,Banana_irr_2030y_SOC,cf_std,,Copper Plateau taiga,6.0,Boreal Forests/Taiga,Nearctic
590,Banana_irr_2030y_SOC,cf_std,10.069351,Cordillera Central páramo,10.0,Montane Grasslands & Shrublands,Neotropic
591,Banana_irr_2030y_SOC,cf_std,,Cordillera de Merida páramo,10.0,Montane Grasslands & Shrublands,Neotropic
456,Banana_irr_2030y_SOC,cf_std,,Cordillera La Costa montane forests,1.0,Tropical & Subtropical Moist Broadleaf Forests,Neotropic
457,Banana_irr_2030y_SOC,cf_std,11.005136,Cordillera Oriental montane forests,1.0,Tropical & Subtropical Moist Broadleaf Forests,Neotropic
788,Banana_irr_2030y_SOC,cf_std,,Corsican montane broadleaf and mixed forests,12.0,"Mediterranean Forests, Woodlands & Scrub",Palearctic
458,Banana_irr_2030y_SOC,cf_std,29.297157,Costa Rican seasonal moist forests,1.0,Tropical & Subtropical Moist Broadleaf Forests,Neotropic
789,Banana_irr_2030y_SOC,cf_std,5.9002786,Crete Mediterranean forests,12.0,"Mediterranean Forests, Woodlands & Scrub",Palearctic
658,Banana_irr_2030y_SOC,cf_std,,Crimean Submediterranean forest complex,4.0,Temperate Broadleaf & Mixed Forests,Palearctic
6,Banana_irr_2030y_SOC,cf_std,7.414074,Cross-Niger transition forests,1.0,Tropical & Subtropical Moist Broadleaf Forests,Afrotropic
7,Banana_irr_2030y_SOC,cf_std,15.066156,Cross-Sanaga-Bioko coastal forests,1.0,Tropical & Subtropical Moist Broadleaf Forests,Afrotropic
390,Banana_irr_2030y_SOC,cf_std,,Cross-Timbers savanna-woodland,8.0,"Temperate Grasslands, Savannas & Shrublands",Nearctic
600,Banana_irr_2030y_SOC,cf_std,19.897223,Cuban cactus scrub,13.0,Deserts & Xeric Shrublands,Neotropic
530,Banana_irr_2030y_SOC,cf_std,14.284737,Cuban dry forests,2.0,Tropical & Subtropical Dry Broadleaf Forests,Neotropic
459,Banana_irr_2030y_SOC,cf_std,25.197948,Cuban moist forests,1.0,Tropical & Subtropical Moist Broadleaf Forests,Neotropic
554,Banana_irr_2030y_SOC,cf_std,22.24881,Cuban pine forests,3.0,Tropical & Subtropical Coniferous Forests,Neotropic
579,Banana_irr_2030y_SOC,cf_std,15.673985,Cuban wetlands,9.0,Flooded Grasslands & Savannas,Neotropic
790,Banana_irr_2030y_SOC,cf_std,5.514564,Cyprus Mediterranean forests,12.0,"Mediterranean Forests, Woodlands & Scrub",Palearctic
693,Banana_irr_2030y_SOC,cf_std,,Da Hinggan-Dzhagdy Mountains conifer forests,5.0,Temperate Conifer Forests,Palearctic
659,Banana_irr_2030y_SOC,cf_std,,Daba Mountains evergreen forests,4.0,Temperate Broadleaf & Mixed Forests,Palearctic
726,Banana_irr_2030y_SOC,cf_std,,Daurian forest steppe,8.0,"Temperate Grasslands, Savannas & Shrublands",Palearctic
415,Banana_irr_2030y_SOC,cf_std,,Davis Highlands tundra,11.0,Tundra,Nearctic
315,Banana_irr_2030y_SOC,cf_std,6.8137827,Deccan thorn scrub forests,13.0,Deserts & Xeric Shrublands,Indomalayan
660,Banana_irr_2030y_SOC,cf_std,,Dinaric Mountains mixed forests,4.0,Temperate Broadleaf & Mixed Forests,Palearctic
92,Banana_irr_2030y_SOC,cf_std,8.526012,Djibouti xeric shrublands,13.0,Deserts & Xeric Shrublands,Afrotropic
40,Banana_irr_2030y_SOC,cf_std,6.458143,Drakensberg Escarpment savanna and thicket,7.0,"Tropical & Subtropical Grasslands, Savannas & Shrublands",Afrotropic
41,Banana_irr_2030y_SOC,cf_std,6.554448,Drakensberg grasslands,7.0,"Tropical & Subtropical Grasslands, Savannas & Shrublands",Afrotropic
0,Banana_irr_2030y_SOC,cf_std,,Rock and Ice,11.0,N/A,N/A
569,Banana_irr_2030y_SOC,cf_std,4.415828,Dry Chaco,7.0,"Tropical & Subtropical Grasslands, Savannas & Shrublands",Neotropic
694,Banana_irr_2030y_SOC,cf_std,0.91788095,East Afghan montane conifer forests,5.0,Temperate Conifer Forests,Palearctic
69,Banana_irr_2030y_SOC,cf_std,6.6216655,East African halophytics,9.0,Flooded Grasslands & Savannas,Afrotropic
112,Banana_irr_2030y_SOC,cf_std,15.35966,East African mangroves,14.0,Mangroves,Afrotropic
120,Banana_irr_2030y_SOC,cf_std,,East Antarctic tundra,11.0,Tundra,Antarctica
821,Banana_irr_2030y_SOC,cf_std,9.327695,East Arabian fog shrublands and sand desert,13.0,Deserts & Xeric Shrublands,Palearctic
332,Banana_irr_2030y_SOC,cf_std,1.5512415,East Central Texas forests,4.0,Temperate Broadleaf & Mixed Forests,Nearctic
293,Banana_irr_2030y_SOC,cf_std,25.364458,East Deccan dry-evergreen forests,2.0,Tropical & Subtropical Dry Broadleaf Forests,Indomalayan
661,Banana_irr_2030y_SOC,cf_std,,East European forest steppe,4.0,Temperate Broadleaf & Mixed Forests,Palearctic
822,Banana_irr_2030y_SOC,cf_std,2.1208887,East Sahara Desert,13.0,Deserts & Xeric Shrublands,Palearctic
823,Banana_irr_2030y_SOC,cf_std,3.4699543,East Saharan montane xeric woodlands,13.0,Deserts & Xeric Shrublands,Palearctic
710,Banana_irr_2030y_SOC,cf_std,,East Siberian taiga,6.0,Boreal Forests/Taiga,Palearctic
43,Banana_irr_2030y_SOC,cf_std,10.452333,East Sudanian savanna,7.0,"Tropical & Subtropical Grasslands, Savannas & Shrublands",Afrotropic
662,Banana_irr_2030y_SOC,cf_std,,Eastern Anatolian deciduous forests,4.0,Temperate Broadleaf & Mixed Forests,Palearctic
727,Banana_irr_2030y_SOC,cf_std,,Eastern Anatolian montane steppe,8.0,"Temperate Grasslands, Savannas & Shrublands",Palearctic
191,Banana_irr_2030y_SOC,cf_std,4.17891,Eastern Australia mulga shrublands,8.0,"Temperate Grasslands, Savannas & Shrublands",Australasia
168,Banana_irr_2030y_SOC,cf_std,17.254242,Eastern Australian temperate forests,4.0,Temperate Broadleaf & Mixed Forests,Australasia
373,Banana_irr_2030y_SOC,cf_std,,Eastern Canadian forests,6.0,Boreal Forests/Taiga,Nearctic
374,Banana_irr_2030y_SOC,cf_std,,Eastern Canadian Shield taiga,6.0,Boreal Forests/Taiga,Nearctic
354,Banana_irr_2030y_SOC,cf_std,,Eastern Cascades forests,5.0,Temperate Conifer Forests,Nearctic
10,Banana_irr_2030y_SOC,cf_std,2.1007025,Eastern Congolian swamp forests,1.0,Tropical & Subtropical Moist Broadleaf Forests,Afrotropic
460,Banana_irr_2030y_SOC,cf_std,11.315783,Eastern Cordillera Real montane forests,1.0,Tropical & Subtropical Moist Broadleaf Forests,Neotropic
333,Banana_irr_2030y_SOC,cf_std,,Eastern Canadian Forest-Boreal transition,4.0,Temperate Broadleaf & Mixed Forests,Nearctic
824,Banana_irr_2030y_SOC,cf_std,,Eastern Gobi desert steppe,13.0,Deserts & Xeric Shrublands,Palearctic
334,Banana_irr_2030y_SOC,cf_std,,Eastern Great Lakes lowland forests,4.0,Temperate Broadleaf & Mixed Forests,Nearctic
11,Banana_irr_2030y_SOC,cf_std,2.7553773,Eastern Guinean forests,1.0,Tropical & Subtropical Moist Broadleaf Forests,Afrotropic
228,Banana_irr_2030y_SOC,cf_std,11.345681,East Deccan moist deciduous forests,1.0,Tropical & Subtropical Moist Broadleaf Forests,Indomalayan
751,Banana_irr_2030y_SOC,cf_std,,Eastern Himalayan alpine shrub and meadows,10.0,Montane Grasslands & Shrublands,Palearctic
306,Banana_irr_2030y_SOC,cf_std,11.769964,Eastern Himalayan broadleaf forests,4.0,Temperate Broadleaf & Mixed Forests,Indomalayan
309,Banana_irr_2030y_SOC,cf_std,5.234957,Eastern Himalayan subalpine conifer forests,5.0,Temperate Conifer Forests,Indomalayan
229,Banana_irr_2030y_SOC,cf_std,38.595467,Eastern Java-Bali montane rain forests,1.0,Tropical & Subtropical Moist Broadleaf Forests,Indomalayan
230,Banana_irr_2030y_SOC,cf_std,42.6705,Eastern Java-Bali rain forests,1.0,Tropical & Subtropical Moist Broadleaf Forests,Indomalayan
791,Banana_irr_2030y_SOC,cf_std,29.383656,Eastern Mediterranean conifer-broadleaf forests,12.0,"Mediterranean Forests, Woodlands & Scrub",Palearctic
621,Banana_irr_2030y_SOC,cf_std,,Eastern Micronesia tropical moist forests,1.0,Tropical & Subtropical Moist Broadleaf Forests,Oceania
461,Banana_irr_2030y_SOC,cf_std,22.574528,Eastern Panamanian montane forests,1.0,Tropical & Subtropical Moist Broadleaf Forests,Neotropic
531,Banana_irr_2030y_SOC,cf_std,17.897331,Ecuadorian dry forests,2.0,Tropical & Subtropical Dry Broadleaf Forests,Neotropic
391,Banana_irr_2030y_SOC,cf_std,2.557479,Edwards Plateau savanna,8.0,"Temperate Grasslands, Savannas & Shrublands",Nearctic
185,Banana_irr_2030y_SOC,cf_std,4.1564765,Einasleigh upland savanna,7.0,"Tropical & Subtropical Grasslands, Savannas & Shrublands",Australasia
695,Banana_irr_2030y_SOC,cf_std,,Elburz Range forest steppe,5.0,Temperate Conifer Forests,Palearctic
121,Banana_irr_2030y_SOC,cf_std,,Ellsworth Land tundra,11.0,Tundra,Antarctica
122,Banana_irr_2030y_SOC,cf_std,,Ellsworth Mountains tundra,11.0,Tundra,Antarctica
728,Banana_irr_2030y_SOC,cf_std,,Emin Valley steppe,8.0,"Temperate Grasslands, Savannas & Shrublands",Palearctic
123,Banana_irr_2030y_SOC,cf_std,,Enderby Land tundra,11.0,Tundra,Antarctica
663,Banana_irr_2030y_SOC,cf_std,,English Lowlands beech forests,4.0,Temperate Broadleaf & Mixed Forests,Palearctic
580,Banana_irr_2030y_SOC,cf_std,5.4213147,Enriquillo wetlands,9.0,Flooded Grasslands & Savannas,Neotropic
93,Banana_irr_2030y_SOC,cf_std,,Eritrean coastal desert,13.0,Deserts & Xeric Shrublands,Afrotropic
198,Banana_irr_2030y_SOC,cf_std,9.655215,Esperance mallee,12.0,"Mediterranean Forests, Woodlands & Scrub",Australasia
575,Banana_irr_2030y_SOC,cf_std,5.8408566,Espinal,8.0,"Temperate Grasslands, Savannas & Shrublands",Neotropic
12,Banana_irr_2030y_SOC,cf_std,8.414413,Ethiopian montane forests,1.0,Tropical & Subtropical Moist Broadleaf Forests,Afrotropic
79,Banana_irr_2030y_SOC,cf_std,7.6480494,Ethiopian montane grasslands and woodlands,10.0,Montane Grasslands & Shrublands,Afrotropic
80,Banana_irr_2030y_SOC,cf_std,6.7085314,Ethiopian montane moorlands,10.0,Montane Grasslands & Shrublands,Afrotropic
70,Banana_irr_2030y_SOC,cf_std,,Etosha Pan halophytics,9.0,Flooded Grasslands & Savannas,Afrotropic
665,Banana_irr_2030y_SOC,cf_std,,Euxine-Colchic broadleaf forests,4.0,Temperate Broadleaf & Mixed Forests,Palearctic
581,Banana_irr_2030y_SOC,cf_std,14.157659,Everglades flooded grasslands,9.0,Flooded Grasslands & Savannas,Neotropic
199,Banana_irr_2030y_SOC,cf_std,20.651335,Eyre and York mallee,12.0,"Mediterranean Forests, Woodlands & Scrub",Australasia
729,Banana_irr_2030y_SOC,cf_std,,Faroe Islands boreal grasslands,8.0,"Temperate Grasslands, Savannas & Shrublands",Palearctic
462,Banana_irr_2030y_SOC,cf_std,,Fernando de Noronha-Atol das Rocas moist forests,1.0,Tropical & Subtropical Moist Broadleaf Forests,Neotropic
635,Banana_irr_2030y_SOC,cf_std,5.8349433,Fiji tropical dry forests,2.0,Tropical & Subtropical Dry Broadleaf Forests,Oceania
622,Banana_irr_2030y_SOC,cf_std,7.1909623,Fiji tropical moist forests,1.0,Tropical & Subtropical Moist Broadleaf Forests,Oceania
169,Banana_irr_2030y_SOC,cf_std,,Fiordland temperate forests,4.0,Temperate Broadleaf & Mixed Forests,Australasia
200,Banana_irr_2030y_SOC,cf_std,3.5669034,Flinders-Lofty montane woodlands,12.0,"Mediterranean Forests, Woodlands & Scrub",Australasia
392,Banana_irr_2030y_SOC,cf_std,,Flint Hills tallgrass prairie,8.0,"Temperate Grasslands, Savannas & Shrublands",Nearctic
355,Banana_irr_2030y_SOC,cf_std,,Fraser Plateau and Basin conifer forests,5.0,Temperate Conifer Forests,Nearctic
89,Banana_irr_2030y_SOC,cf_std,21.872446,Fynbos shrubland,12.0,"Mediterranean Forests, Woodlands & Scrub",Afrotropic
601,Banana_irr_2030y_SOC,cf_std,6.2705226,Galápagos Islands xeric scrub,13.0,Deserts & Xeric Shrublands,Neotropic
94,Banana_irr_2030y_SOC,cf_std,3.591835,Gariep Karoo,13.0,Deserts & Xeric Shrublands,Afrotropic
752,Banana_irr_2030y_SOC,cf_std,,Ghorat-Hazarajat alpine meadow,10.0,Montane Grasslands & Shrublands,Palearctic
209,Banana_irr_2030y_SOC,cf_std,2.2398193,Gibson desert,13.0,Deserts & Xeric Shrublands,Australasia
730,Banana_irr_2030y_SOC,cf_std,,Gissaro-Alai open woodlands,8.0,"Temperate Grasslands, Savannas & Shrublands",Palearctic
316,Banana_irr_2030y_SOC,cf_std,36.59483,Godavari-Krishna mangroves,13.0,Deserts & Xeric Shrublands,Indomalayan
825,Banana_irr_2030y_SOC,cf_std,,Gobi Lakes Valley desert steppe,13.0,Deserts & Xeric Shrublands,Palearctic
13,Banana_irr_2030y_SOC,cf_std,,Granitic Seychelles forests,1.0,Tropical & Subtropical Moist Broadleaf Forests,Afrotropic
356,Banana_irr_2030y_SOC,cf_std,,Great Basin montane forests,5.0,Temperate Conifer Forests,Nearctic
430,Banana_irr_2030y_SOC,cf_std,0.0,Great Basin shrub steppe,13.0,Deserts & Xeric Shrublands,Nearctic
826,Banana_irr_2030y_SOC,cf_std,,Great Lakes Basin desert steppe,13.0,Deserts & Xeric Shrublands,Palearctic
210,Banana_irr_2030y_SOC,cf_std,1.7774664,Great Sandy-Tanami desert,13.0,Deserts & Xeric Shrublands,Australasia
211,Banana_irr_2030y_SOC,cf_std,2.8533869,Great Victoria desert,13.0,Deserts & Xeric Shrublands,Australasia
231,Banana_irr_2030y_SOC,cf_std,24.577534,Greater Negros-Panay rain forests,1.0,Tropical & Subtropical Moist Broadleaf Forests,Indomalayan
602,Banana_irr_2030y_SOC,cf_std,20.443108,Guajira-Barranquilla xeric scrub,13.0,Deserts & Xeric Shrublands,Neotropic
582,Banana_irr_2030y_SOC,cf_std,3.1260839,Guayaquil flooded grasslands,9.0,Flooded Grasslands & Savannas,Neotropic
463,Banana_irr_2030y_SOC,cf_std,1.2286233,Guianan freshwater swamp forests,1.0,Tropical & Subtropical Moist Broadleaf Forests,Neotropic
464,Banana_irr_2030y_SOC,cf_std,4.572791,Guianan Highlands moist forests,1.0,Tropical & Subtropical Moist Broadleaf Forests,Neotropic
465,Banana_irr_2030y_SOC,cf_std,10.584884,Guianan lowland moist forests,1.0,Tropical & Subtropical Moist Broadleaf Forests,Neotropic
466,Banana_irr_2030y_SOC,cf_std,6.1170926,Guianan piedmont moist forests,1.0,Tropical & Subtropical Moist Broadleaf Forests,Neotropic
570,Banana_irr_2030y_SOC,cf_std,4.093935,Guianan savanna,7.0,"Tropical & Subtropical Grasslands, Savannas & Shrublands",Neotropic
44,Banana_irr_2030y_SOC,cf_std,6.3425937,Guinean forest-savanna,7.0,"Tropical & Subtropical Grasslands, Savannas & Shrublands",Afrotropic
113,Banana_irr_2030y_SOC,cf_std,12.006655,Guinean mangroves,14.0,Mangroves,Afrotropic
14,Banana_irr_2030y_SOC,cf_std,3.6735594,Guinean montane forests,1.0,Tropical & Subtropical Moist Broadleaf Forests,Afrotropic
642,Banana_irr_2030y_SOC,cf_std,0.57841927,Guizhou Plateau broadleaf and mixed forests,1.0,Tropical & Subtropical Moist Broadleaf Forests,Palearctic
431,Banana_irr_2030y_SOC,cf_std,20.026888,Gulf of California xeric scrub,13.0,Deserts & Xeric Shrublands,Nearctic
335,Banana_irr_2030y_SOC,cf_std,,Gulf of St. Lawrence lowland forests,4.0,Temperate Broadleaf & Mixed Forests,Nearctic
467,Banana_irr_2030y_SOC,cf_std,2.1413617,Gurupa várzea,1.0,Tropical & Subtropical Moist Broadleaf Forests,Neotropic
232,Banana_irr_2030y_SOC,cf_std,20.53625,Hainan Island monsoon rain forests,1.0,Tropical & Subtropical Moist Broadleaf Forests,Indomalayan
140,Banana_irr_2030y_SOC,cf_std,7.7325745,Halmahera rain forests,1.0,Tropical & Subtropical Moist Broadleaf Forests,Australasia
201,Banana_irr_2030y_SOC,cf_std,32.65175,Hampton mallee and woodlands,12.0,"Mediterranean Forests, Woodlands & Scrub",Australasia
636,Banana_irr_2030y_SOC,cf_std,23.152882,Hawai'i tropical dry forests,2.0,Tropical & Subtropical Dry Broadleaf Forests,Oceania
639,Banana_irr_2030y_SOC,cf_std,0.0,Hawai'i tropical high shrublands,7.0,"Tropical & Subtropical Grasslands, Savannas & Shrublands",Oceania
640,Banana_irr_2030y_SOC,cf_std,15.34206,Hawai'i tropical low shrublands,7.0,"Tropical & Subtropical Grasslands, Savannas & Shrublands",Oceania
623,Banana_irr_2030y_SOC,cf_std,28.024252,Hawai'i tropical moist forests,1.0,Tropical & Subtropical Moist Broadleaf Forests,Oceania
696,Banana_irr_2030y_SOC,cf_std,,Helanshan montane conifer forests,5.0,Temperate Conifer Forests,Palearctic
697,Banana_irr_2030y_SOC,cf_std,4.0534043,Hengduan Mountains subalpine conifer forests,5.0,Temperate Conifer Forests,Palearctic
412,Banana_irr_2030y_SOC,cf_std,,Canadian High Arctic tundra,11.0,Tundra,Nearctic
592,Banana_irr_2030y_SOC,cf_std,5.212958,High Monte,10.0,Montane Grasslands & Shrublands,Neotropic
81,Banana_irr_2030y_SOC,cf_std,5.303982,Highveld grasslands,10.0,Montane Grasslands & Shrublands,Afrotropic
233,Banana_irr_2030y_SOC,cf_std,7.8158035,Himalayan subtropical broadleaf forests,1.0,Tropical & Subtropical Moist Broadleaf Forests,Indomalayan
302,Banana_irr_2030y_SOC,cf_std,9.231589,Himalayan subtropical pine forests,3.0,Tropical & Subtropical Coniferous Forests,Indomalayan
753,Banana_irr_2030y_SOC,cf_std,,Hindu Kush alpine meadow,10.0,Montane Grasslands & Shrublands,Palearctic
532,Banana_irr_2030y_SOC,cf_std,19.50871,Hispaniolan dry forests,2.0,Tropical & Subtropical Dry Broadleaf Forests,Neotropic
468,Banana_irr_2030y_SOC,cf_std,21.853045,Hispaniolan moist forests,1.0,Tropical & Subtropical Moist Broadleaf Forests,Neotropic
555,Banana_irr_2030y_SOC,cf_std,6.7691383,Hispaniolan pine forests,3.0,Tropical & Subtropical Coniferous Forests,Neotropic
95,Banana_irr_2030y_SOC,cf_std,14.196496,Hobyo grasslands and shrublands,13.0,Deserts & Xeric Shrublands,Afrotropic
666,Banana_irr_2030y_SOC,cf_std,,Hokkaido deciduous forests,4.0,Temperate Broadleaf & Mixed Forests,Palearctic
698,Banana_irr_2030y_SOC,cf_std,,Hokkaido montane conifer forests,5.0,Temperate Conifer Forests,Palearctic
699,Banana_irr_2030y_SOC,cf_std,,Honshu alpine conifer forests,5.0,Temperate Conifer Forests,Palearctic
45,Banana_irr_2030y_SOC,cf_std,5.6637864,Horn of Africa xeric bushlands,7.0,"Tropical & Subtropical Grasslands, Savannas & Shrublands",Afrotropic
667,Banana_irr_2030y_SOC,cf_std,,Huang He Plain mixed forests,4.0,Temperate Broadleaf & Mixed Forests,Palearctic
571,Banana_irr_2030y_SOC,cf_std,4.8093605,Humid Chaco,7.0,"Tropical & Subtropical Grasslands, Savannas & Shrublands",Neotropic
576,Banana_irr_2030y_SOC,cf_std,5.8648715,Humid Pampas,8.0,"Temperate Grasslands, Savannas & Shrublands",Neotropic
141,Banana_irr_2030y_SOC,cf_std,18.364882,Huon Peninsula montane rain forests,1.0,Tropical & Subtropical Moist Broadleaf Forests,Australasia
792,Banana_irr_2030y_SOC,cf_std,11.28661,Iberian conifer forests,12.0,"Mediterranean Forests, Woodlands & Scrub",Palearctic
793,Banana_irr_2030y_SOC,cf_std,16.8469,Iberian sclerophyllous and semi-deciduous forests,12.0,"Mediterranean Forests, Woodlands & Scrub",Palearctic
711,Banana_irr_2030y_SOC,cf_std,,Iceland boreal birch forests and alpine tundra,6.0,Boreal Forests/Taiga,Palearctic
794,Banana_irr_2030y_SOC,cf_std,,Illyrian deciduous forests,12.0,"Mediterranean Forests, Woodlands & Scrub",Palearctic
319,Banana_irr_2030y_SOC,cf_std,23.477766,Indochina mangroves,14.0,Mangroves,Indomalayan
320,Banana_irr_2030y_SOC,cf_std,16.790352,Indus River Delta-Arabian Sea mangroves,14.0,Mangroves,Indomalayan
317,Banana_irr_2030y_SOC,cf_std,1.1778184,Indus Valley desert,13.0,Deserts & Xeric Shrublands,Indomalayan
71,Banana_irr_2030y_SOC,cf_std,1.4498228,Inner Niger Delta flooded savanna,9.0,Flooded Grasslands & Savannas,Afrotropic
375,Banana_irr_2030y_SOC,cf_std,,Interior Alaska-Yukon lowland taiga,6.0,Boreal Forests/Taiga,Nearctic
336,Banana_irr_2030y_SOC,cf_std,,Interior Plateau US Hardwood Forests,4.0,Temperate Broadleaf & Mixed Forests,Nearctic
416,Banana_irr_2030y_SOC,cf_std,,Interior Yukon-Alaska alpine tundra,11.0,Tundra,Nearctic
469,Banana_irr_2030y_SOC,cf_std,3.9338026,Iquitos várzea,1.0,Tropical & Subtropical Moist Broadleaf Forests,Neotropic
294,Banana_irr_2030y_SOC,cf_std,,Irrawaddy dry forests,2.0,Tropical & Subtropical Dry Broadleaf Forests,Indomalayan
234,Banana_irr_2030y_SOC,cf_std,,Irrawaddy freshwater swamp forests,1.0,Tropical & Subtropical Moist Broadleaf Forests,Indomalayan
235,Banana_irr_2030y_SOC,cf_std,,Irrawaddy moist deciduous forests,1.0,Tropical & Subtropical Moist Broadleaf Forests,Indomalayan
533,Banana_irr_2030y_SOC,cf_std,,Islas Revillagigedo dry forests,2.0,Tropical & Subtropical Dry Broadleaf Forests,Neotropic
470,Banana_irr_2030y_SOC,cf_std,19.03359,Isthmian-Atlantic moist forests,1.0,Tropical & Subtropical Moist Broadleaf Forests,Neotropic
471,Banana_irr_2030y_SOC,cf_std,23.342182,Isthmian-Pacific moist forests,1.0,Tropical & Subtropical Moist Broadleaf Forests,Neotropic
795,Banana_irr_2030y_SOC,cf_std,,Italian sclerophyllous and semi-deciduous forests,12.0,"Mediterranean Forests, Woodlands & Scrub",Palearctic
46,Banana_irr_2030y_SOC,cf_std,1.7035073,Itigi-Sumbu thicket,7.0,"Tropical & Subtropical Grasslands, Savannas & Shrublands",Afrotropic
534,Banana_irr_2030y_SOC,cf_std,19.901798,Jalisco dry forests,2.0,Tropical & Subtropical Dry Broadleaf Forests,Neotropic
535,Banana_irr_2030y_SOC,cf_std,5.300104,Jamaican dry forests,2.0,Tropical & Subtropical Dry Broadleaf Forests,Neotropic
472,Banana_irr_2030y_SOC,cf_std,9.858194,Jamaican moist forests,1.0,Tropical & Subtropical Moist Broadleaf Forests,Neotropic
473,Banana_irr_2030y_SOC,cf_std,3.2502372,Japurá-Solimões-Negro moist forests,1.0,Tropical & Subtropical Moist Broadleaf Forests,Neotropic
202,Banana_irr_2030y_SOC,cf_std,23.194048,Jarrah-Karri forest and shrublands,12.0,"Mediterranean Forests, Woodlands & Scrub",Australasia
236,Banana_irr_2030y_SOC,cf_std,9.510669,Jian Nan subtropical evergreen forests,1.0,Tropical & Subtropical Moist Broadleaf Forests,Indomalayan
82,Banana_irr_2030y_SOC,cf_std,2.559855,Jos Plateau forest-grassland,10.0,Montane Grasslands & Shrublands,Afrotropic
560,Banana_irr_2030y_SOC,cf_std,,Juan Fernández Islands temperate forests,4.0,Temperate Broadleaf & Mixed Forests,Neotropic
827,Banana_irr_2030y_SOC,cf_std,,Junggar Basin semi-desert,13.0,Deserts & Xeric Shrublands,Palearctic
474,Banana_irr_2030y_SOC,cf_std,3.1183271,Juruá-Purus moist forests,1.0,Tropical & Subtropical Moist Broadleaf Forests,Neotropic
418,Banana_irr_2030y_SOC,cf_std,,Kalaallit Nunaat High Arctic tundra,11.0,Tundra,Nearctic
47,Banana_irr_2030y_SOC,cf_std,,Kalahari Acacia woodlands,7.0,"Tropical & Subtropical Grasslands, Savannas & Shrublands",Afrotropic
97,Banana_irr_2030y_SOC,cf_std,3.3728278,Kalahari xeric savanna,13.0,Deserts & Xeric Shrublands,Afrotropic
713,Banana_irr_2030y_SOC,cf_std,,Kamchatka-Kurile meadows and sparse forests,6.0,Boreal Forests/Taiga,Palearctic
712,Banana_irr_2030y_SOC,cf_std,,Kamchatka taiga,6.0,Boreal Forests/Taiga,Palearctic
98,Banana_irr_2030y_SOC,cf_std,14.308766,Kaokoveld desert,13.0,Deserts & Xeric Shrublands,Afrotropic
754,Banana_irr_2030y_SOC,cf_std,,Karakoram-West Tibetan Plateau alpine steppe,10.0,Montane Grasslands & Shrublands,Palearctic
237,Banana_irr_2030y_SOC,cf_std,2.809784,Kayah-Karen montane rain forests,1.0,Tropical & Subtropical Moist Broadleaf Forests,Indomalayan
731,Banana_irr_2030y_SOC,cf_std,,Kazakh forest steppe,8.0,"Temperate Grasslands, Savannas & Shrublands",Palearctic
828,Banana_irr_2030y_SOC,cf_std,,Kazakh semi-desert,13.0,Deserts & Xeric Shrublands,Palearctic
732,Banana_irr_2030y_SOC,cf_std,,Kazakh steppe,8.0,"Temperate Grasslands, Savannas & Shrublands",Palearctic
733,Banana_irr_2030y_SOC,cf_std,,Kazakh upland steppe,8.0,"Temperate Grasslands, Savannas & Shrublands",Palearctic
624,Banana_irr_2030y_SOC,cf_std,,Kermadec Islands subtropical moist forests,1.0,Tropical & Subtropical Moist Broadleaf Forests,Oceania
755,Banana_irr_2030y_SOC,cf_std,,Khangai Mountains alpine meadow,10.0,Montane Grasslands & Shrublands,Palearctic
700,Banana_irr_2030y_SOC,cf_std,,Khangai Mountains conifer forests,5.0,Temperate Conifer Forests,Palearctic
295,Banana_irr_2030y_SOC,cf_std,1.7606003,Khathiar-Gir dry deciduous forests,2.0,Tropical & Subtropical Dry Broadleaf Forests,Indomalayan
186,Banana_irr_2030y_SOC,cf_std,13.212716,Kimberly tropical savanna,7.0,"Tropical & Subtropical Grasslands, Savannas & Shrublands",Australasia
357,Banana_irr_2030y_SOC,cf_std,,Klamath-Siskiyou forests,5.0,Temperate Conifer Forests,Nearctic
15,Banana_irr_2030y_SOC,cf_std,17.368776,Knysna-Amatole montane forests,1.0,Tropical & Subtropical Moist Broadleaf Forests,Afrotropic
774,Banana_irr_2030y_SOC,cf_std,,Kola Peninsula tundra,11.0,Tundra,Palearctic
829,Banana_irr_2030y_SOC,cf_std,,Kopet Dag semi-desert,13.0,Deserts & Xeric Shrublands,Palearctic
756,Banana_irr_2030y_SOC,cf_std,,Kopet Dag woodlands and forest steppe,10.0,Montane Grasslands & Shrublands,Palearctic
757,Banana_irr_2030y_SOC,cf_std,0.37135145,Kuh Rud and Eastern Iran montane woodlands,10.0,Montane Grasslands & Shrublands,Palearctic
16,Banana_irr_2030y_SOC,cf_std,32.641747,Kwazulu Natal-Cape coastal forests,1.0,Tropical & Subtropical Moist Broadleaf Forests,Afrotropic
603,Banana_irr_2030y_SOC,cf_std,,La Costa xeric shrublands,13.0,Deserts & Xeric Shrublands,Neotropic
72,Banana_irr_2030y_SOC,cf_std,1.6285565,Lake Chad flooded savanna,9.0,Flooded Grasslands & Savannas,Afrotropic
536,Banana_irr_2030y_SOC,cf_std,,Lara-Falcón dry forests,2.0,Tropical & Subtropical Dry Broadleaf Forests,Neotropic
475,Banana_irr_2030y_SOC,cf_std,,Leeward Islands moist forests,1.0,Tropical & Subtropical Moist Broadleaf Forests,Neotropic
163,Banana_irr_2030y_SOC,cf_std,36.469543,Lesser Sundas deciduous forests,2.0,Tropical & Subtropical Dry Broadleaf Forests,Australasia
48,Banana_irr_2030y_SOC,cf_std,12.864405,Limpopo lowveld,7.0,"Tropical & Subtropical Grasslands, Savannas & Shrublands",Afrotropic
572,Banana_irr_2030y_SOC,cf_std,1.9956249,Llanos,7.0,"Tropical & Subtropical Grasslands, Savannas & Shrublands",Neotropic
142,Banana_irr_2030y_SOC,cf_std,,Lord Howe Island subtropical forests,1.0,Tropical & Subtropical Moist Broadleaf Forests,Australasia
143,Banana_irr_2030y_SOC,cf_std,1.4521176,Louisiade Archipelago rain forests,1.0,Tropical & Subtropical Moist Broadleaf Forests,Australasia
577,Banana_irr_2030y_SOC,cf_std,2.211084,Low Monte,8.0,"Temperate Grasslands, Savannas & Shrublands",Neotropic
238,Banana_irr_2030y_SOC,cf_std,7.832697,Lower Gangetic Plains moist deciduous forests,1.0,Tropical & Subtropical Moist Broadleaf Forests,Indomalayan
239,Banana_irr_2030y_SOC,cf_std,3.7098217,Luang Prabang montane rain forests,1.0,Tropical & Subtropical Moist Broadleaf Forests,Indomalayan
240,Banana_irr_2030y_SOC,cf_std,32.225163,Luzon montane rain forests,1.0,Tropical & Subtropical Moist Broadleaf Forests,Indomalayan
241,Banana_irr_2030y_SOC,cf_std,25.865385,Luzon rain forests,1.0,Tropical & Subtropical Moist Broadleaf Forests,Indomalayan
303,Banana_irr_2030y_SOC,cf_std,6.891101,Luzon tropical pine forests,3.0,Tropical & Subtropical Coniferous Forests,Indomalayan
32,Banana_irr_2030y_SOC,cf_std,7.260653,Madagascar dry deciduous forests,2.0,Tropical & Subtropical Dry Broadleaf Forests,Afrotropic
83,Banana_irr_2030y_SOC,cf_std,0.079110704,Madagascar ericoid thickets,10.0,Montane Grasslands & Shrublands,Afrotropic
17,Banana_irr_2030y_SOC,cf_std,11.801207,Madagascar humid forests,1.0,Tropical & Subtropical Moist Broadleaf Forests,Afrotropic
114,Banana_irr_2030y_SOC,cf_std,11.476544,Madagascar mangroves,14.0,Mangroves,Afrotropic
99,Banana_irr_2030y_SOC,cf_std,9.328604,Madagascar spiny thickets,13.0,Deserts & Xeric Shrublands,Afrotropic
18,Banana_irr_2030y_SOC,cf_std,6.351422,Madagascar subhumid forests,1.0,Tropical & Subtropical Moist Broadleaf Forests,Afrotropic
100,Banana_irr_2030y_SOC,cf_std,5.995408,Madagascar succulent woodlands,13.0,Deserts & Xeric Shrublands,Afrotropic
476,Banana_irr_2030y_SOC,cf_std,3.00333,Madeira-Tapajós moist forests,1.0,Tropical & Subtropical Moist Broadleaf Forests,Neotropic
668,Banana_irr_2030y_SOC,cf_std,,Madeira evergreen forests,4.0,Temperate Broadleaf & Mixed Forests,Palearctic
478,Banana_irr_2030y_SOC,cf_std,4.2350063,Magdalena-Urabá moist forests,1.0,Tropical & Subtropical Moist Broadleaf Forests,Neotropic
538,Banana_irr_2030y_SOC,cf_std,6.223606,Magdalena Valley dry forests,2.0,Tropical & Subtropical Dry Broadleaf Forests,Neotropic
477,Banana_irr_2030y_SOC,cf_std,11.420471,Magdalena Valley montane forests,1.0,Tropical & Subtropical Moist Broadleaf Forests,Neotropic
561,Banana_irr_2030y_SOC,cf_std,,Magellanic subpolar forests,4.0,Temperate Broadleaf & Mixed Forests,Neotropic
73,Banana_irr_2030y_SOC,cf_std,,Makgadikgadi halophytics,9.0,Flooded Grasslands & Savannas,Afrotropic
242,Banana_irr_2030y_SOC,cf_std,33.520638,Malabar Coast moist forests,1.0,Tropical & Subtropical Moist Broadleaf Forests,Indomalayan
243,Banana_irr_2030y_SOC,cf_std,1.1458249,Maldives-Lakshadweep-Chagos Archipelago tropical moist forests,1.0,Tropical & Subtropical Moist Broadleaf Forests,Indomalayan
604,Banana_irr_2030y_SOC,cf_std,,Malpelo Island xeric scrub,13.0,Deserts & Xeric Shrublands,Neotropic
669,Banana_irr_2030y_SOC,cf_std,,Manchurian mixed forests,4.0,Temperate Broadleaf & Mixed Forests,Palearctic
49,Banana_irr_2030y_SOC,cf_std,2.0015771,Mandara Plateau woodlands,7.0,"Tropical & Subtropical Grasslands, Savannas & Shrublands",Afrotropic
19,Banana_irr_2030y_SOC,cf_std,21.067959,Maputaland coastal forests and woodlands,1.0,Tropical & Subtropical Moist Broadleaf Forests,Afrotropic
539,Banana_irr_2030y_SOC,cf_std,,Maracaibo dry forests,2.0,Tropical & Subtropical Dry Broadleaf Forests,Neotropic
480,Banana_irr_2030y_SOC,cf_std,13.168076,Marajó várzea,1.0,Tropical & Subtropical Moist Broadleaf Forests,Neotropic
540,Banana_irr_2030y_SOC,cf_std,3.5356772,Maranhão Babaçu forests,2.0,Tropical & Subtropical Dry Broadleaf Forests,Neotropic
479,Banana_irr_2030y_SOC,cf_std,4.036539,Marañón dry forests,1.0,Tropical & Subtropical Moist Broadleaf Forests,Neotropic
637,Banana_irr_2030y_SOC,cf_std,,Marianas tropical dry forests,2.0,Tropical & Subtropical Dry Broadleaf Forests,Oceania
625,Banana_irr_2030y_SOC,cf_std,2.824641,Marquesas tropical moist forests,1.0,Tropical & Subtropical Moist Broadleaf Forests,Oceania
50,Banana_irr_2030y_SOC,cf_std,3.4288743,Masai xeric grasslands and shrublands,7.0,"Tropical & Subtropical Grasslands, Savannas & Shrublands",Afrotropic
20,Banana_irr_2030y_SOC,cf_std,6.5545235,Mascarene forests,1.0,Tropical & Subtropical Moist Broadleaf Forests,Afrotropic
481,Banana_irr_2030y_SOC,cf_std,2.8907452,Mato Grosso tropical dry forests,1.0,Tropical & Subtropical Moist Broadleaf Forests,Neotropic
796,Banana_irr_2030y_SOC,cf_std,12.99582,Mediterranean Acacia-Argania dry woodlands and succulent thickets,12.0,"Mediterranean Forests, Woodlands & Scrub",Palearctic
701,Banana_irr_2030y_SOC,cf_std,7.4146476,Mediterranean conifer and mixed forests,5.0,Temperate Conifer Forests,Palearctic
797,Banana_irr_2030y_SOC,cf_std,32.57129,Mediterranean dry woodlands and steppe,12.0,"Mediterranean Forests, Woodlands & Scrub",Palearctic
758,Banana_irr_2030y_SOC,cf_std,,Mediterranean High Atlas juniper steppe,10.0,Montane Grasslands & Shrublands,Palearctic
798,Banana_irr_2030y_SOC,cf_std,15.409026,Mediterranean woodlands and forests,12.0,"Mediterranean Forests, Woodlands & Scrub",Palearctic
244,Banana_irr_2030y_SOC,cf_std,5.410603,Meghalaya subtropical forests,1.0,Tropical & Subtropical Moist Broadleaf Forests,Indomalayan
245,Banana_irr_2030y_SOC,cf_std,0.5699055,Mentawai Islands rain forests,1.0,Tropical & Subtropical Moist Broadleaf Forests,Indomalayan
432,Banana_irr_2030y_SOC,cf_std,4.7582383,Meseta Central matorral,13.0,Deserts & Xeric Shrublands,Nearctic
613,Banana_irr_2030y_SOC,cf_std,31.400454,Mesoamerican Gulf-Caribbean mangroves,14.0,Mangroves,Neotropic
830,Banana_irr_2030y_SOC,cf_std,2.329481,Mesopotamian shrub desert,13.0,Deserts & Xeric Shrublands,Palearctic
376,Banana_irr_2030y_SOC,cf_std,,Mid-Canada Boreal Plains forests,6.0,Boreal Forests/Taiga,Nearctic
414,Banana_irr_2030y_SOC,cf_std,,Canadian Middle Arctic Tundra,11.0,Tundra,Nearctic
393,Banana_irr_2030y_SOC,cf_std,0.5204133,Mid-Atlantic US coastal savannas,8.0,"Temperate Grasslands, Savannas & Shrublands",Nearctic
377,Banana_irr_2030y_SOC,cf_std,,Midwest Canadian Shield forests,6.0,Boreal Forests/Taiga,Nearctic
247,Banana_irr_2030y_SOC,cf_std,25.108898,Mindanao-Eastern Visayas rain forests,1.0,Tropical & Subtropical Moist Broadleaf Forests,Indomalayan
246,Banana_irr_2030y_SOC,cf_std,15.11379,Mindanao montane rain forests,1.0,Tropical & Subtropical Moist Broadleaf Forests,Indomalayan
248,Banana_irr_2030y_SOC,cf_std,9.062459,Mindoro rain forests,1.0,Tropical & Subtropical Moist Broadleaf Forests,Indomalayan
573,Banana_irr_2030y_SOC,cf_std,23.974905,Miskito pine forests,7.0,"Tropical & Subtropical Grasslands, Savannas & Shrublands",Neotropic
337,Banana_irr_2030y_SOC,cf_std,22.919153,Mississippi lowland forests,4.0,Temperate Broadleaf & Mixed Forests,Nearctic
187,Banana_irr_2030y_SOC,cf_std,3.7684314,Mitchell Grass Downs,7.0,"Tropical & Subtropical Grasslands, Savannas & Shrublands",Australasia
249,Banana_irr_2030y_SOC,cf_std,5.332749,Mizoram-Manipur-Kachin rain forests,1.0,Tropical & Subtropical Moist Broadleaf Forests,Indomalayan
433,Banana_irr_2030y_SOC,cf_std,1.9936202,Mojave desert,13.0,Deserts & Xeric Shrublands,Nearctic
734,Banana_irr_2030y_SOC,cf_std,,Mongolian-Manchurian grassland,8.0,"Temperate Grasslands, Savannas & Shrublands",Palearctic
394,Banana_irr_2030y_SOC,cf_std,,Montana Valley and Foothill grasslands,8.0,"Temperate Grasslands, Savannas & Shrublands",Nearctic
482,Banana_irr_2030y_SOC,cf_std,1.988453,Monte Alegre várzea,1.0,Tropical & Subtropical Moist Broadleaf Forests,Neotropic
605,Banana_irr_2030y_SOC,cf_std,6.511816,Motagua Valley thornscrub,13.0,Deserts & Xeric Shrublands,Neotropic
21,Banana_irr_2030y_SOC,cf_std,15.534338,Mount Cameroon and Bioko montane forests,1.0,Tropical & Subtropical Moist Broadleaf Forests,Afrotropic
84,Banana_irr_2030y_SOC,cf_std,5.579998,Mulanje Montane forest-grassland,10.0,Montane Grasslands & Shrublands,Afrotropic
203,Banana_irr_2030y_SOC,cf_std,4.141799,Murray-Darling woodlands and mallee,12.0,"Mediterranean Forests, Woodlands & Scrub",Australasia
378,Banana_irr_2030y_SOC,cf_std,,Muskwa-Slave Lake taiga,6.0,Boreal Forests/Taiga,Nearctic
321,Banana_irr_2030y_SOC,cf_std,17.531406,Myanmar Coast mangroves,14.0,Mangroves,Indomalayan
250,Banana_irr_2030y_SOC,cf_std,,Myanmar coastal rain forests,1.0,Tropical & Subtropical Moist Broadleaf Forests,Indomalayan
101,Banana_irr_2030y_SOC,cf_std,4.2179294,Nama Karoo shrublands,13.0,Deserts & Xeric Shrublands,Afrotropic
102,Banana_irr_2030y_SOC,cf_std,14.02456,Namaqualand-Richtersveld steppe,13.0,Deserts & Xeric Shrublands,Afrotropic
103,Banana_irr_2030y_SOC,cf_std,,Namib Desert,13.0,Deserts & Xeric Shrublands,Afrotropic
104,Banana_irr_2030y_SOC,cf_std,12.014264,Namibian savanna woodlands,13.0,Deserts & Xeric Shrublands,Afrotropic
251,Banana_irr_2030y_SOC,cf_std,7.958358,Nansei Islands subtropical evergreen forests,1.0,Tropical & Subtropical Moist Broadleaf Forests,Indomalayan
483,Banana_irr_2030y_SOC,cf_std,4.3079505,Napo moist forests,1.0,Tropical & Subtropical Moist Broadleaf Forests,Neotropic
204,Banana_irr_2030y_SOC,cf_std,2.1754458,Naracoorte woodlands,12.0,"Mediterranean Forests, Woodlands & Scrub",Australasia
296,Banana_irr_2030y_SOC,cf_std,3.2473984,Narmada Valley dry deciduous forests,2.0,Tropical & Subtropical Dry Broadleaf Forests,Indomalayan
395,Banana_irr_2030y_SOC,cf_std,,Nebraska Sand Hills mixed grasslands,8.0,"Temperate Grasslands, Savannas & Shrublands",Nearctic
484,Banana_irr_2030y_SOC,cf_std,1.8367101,Negro-Branco moist forests,1.0,Tropical & Subtropical Moist Broadleaf Forests,Neotropic
170,Banana_irr_2030y_SOC,cf_std,,Nelson Coast temperate forests,4.0,Temperate Broadleaf & Mixed Forests,Australasia
743,Banana_irr_2030y_SOC,cf_std,,Nenjiang River grassland,9.0,Flooded Grasslands & Savannas,Palearctic
144,Banana_irr_2030y_SOC,cf_std,22.804134,New Britain-New Ireland lowland rain forests,1.0,Tropical & Subtropical Moist Broadleaf Forests,Australasia
145,Banana_irr_2030y_SOC,cf_std,24.353056,New Britain-New Ireland montane rain forests,1.0,Tropical & Subtropical Moist Broadleaf Forests,Australasia
164,Banana_irr_2030y_SOC,cf_std,12.906243,New Caledonia dry forests,2.0,Tropical & Subtropical Dry Broadleaf Forests,Australasia
146,Banana_irr_2030y_SOC,cf_std,15.094419,New Caledonia rain forests,1.0,Tropical & Subtropical Moist Broadleaf Forests,Australasia
338,Banana_irr_2030y_SOC,cf_std,,New England-Acadian forests,4.0,Temperate Broadleaf & Mixed Forests,Nearctic
217,Banana_irr_2030y_SOC,cf_std,37.84172,New Guinea mangroves,14.0,Mangroves,Australasia
252,Banana_irr_2030y_SOC,cf_std,3.5210698,Nicobar Islands rain forests,1.0,Tropical & Subtropical Moist Broadleaf Forests,Indomalayan
22,Banana_irr_2030y_SOC,cf_std,11.275556,Niger Delta swamp forests,1.0,Tropical & Subtropical Moist Broadleaf Forests,Afrotropic
23,Banana_irr_2030y_SOC,cf_std,3.2270758,Nigerian lowland forests,1.0,Tropical & Subtropical Moist Broadleaf Forests,Afrotropic
670,Banana_irr_2030y_SOC,cf_std,,Nihonkai evergreen forests,4.0,Temperate Broadleaf & Mixed Forests,Palearctic
671,Banana_irr_2030y_SOC,cf_std,,Nihonkai montane deciduous forests,4.0,Temperate Broadleaf & Mixed Forests,Palearctic
744,Banana_irr_2030y_SOC,cf_std,18.27526,Nile Delta flooded savanna,9.0,Flooded Grasslands & Savannas,Palearctic
147,Banana_irr_2030y_SOC,cf_std,,Norfolk Island subtropical forests,1.0,Tropical & Subtropical Moist Broadleaf Forests,Australasia
126,Banana_irr_2030y_SOC,cf_std,,Northeast Antarctic Peninsula tundra,11.0,Tundra,Antarctica
127,Banana_irr_2030y_SOC,cf_std,,Northwest Antarctic Peninsula tundra,11.0,Tundra,Antarctica
831,Banana_irr_2030y_SOC,cf_std,1.0981398,North Arabian desert,13.0,Deserts & Xeric Shrublands,Palearctic
832,Banana_irr_2030y_SOC,cf_std,0.87744397,North Arabian highland shrublands,13.0,Deserts & Xeric Shrublands,Palearctic
171,Banana_irr_2030y_SOC,cf_std,,New Zealand North Island temperate forests,4.0,Temperate Broadleaf & Mixed Forests,Australasia
833,Banana_irr_2030y_SOC,cf_std,3.5506122,North Saharan Xeric Steppe and Woodland,13.0,Deserts & Xeric Shrublands,Palearctic
106,Banana_irr_2030y_SOC,cf_std,14.333799,Somali montane xeric woodlands,13.0,Deserts & Xeric Shrublands,Afrotropic
759,Banana_irr_2030y_SOC,cf_std,,North Tibetan Plateau-Kunlun Mountains alpine desert,10.0,Montane Grasslands & Shrublands,Palearctic
125,Banana_irr_2030y_SOC,cf_std,,North Victoria Land tundra,11.0,Tundra,Antarctica
253,Banana_irr_2030y_SOC,cf_std,12.727365,North Western Ghats moist deciduous forests,1.0,Tropical & Subtropical Moist Broadleaf Forests,Indomalayan
254,Banana_irr_2030y_SOC,cf_std,13.217015,North Western Ghats montane rain forests,1.0,Tropical & Subtropical Moist Broadleaf Forests,Indomalayan
673,Banana_irr_2030y_SOC,cf_std,,Northeast China Plain deciduous forests,4.0,Temperate Broadleaf & Mixed Forests,Palearctic
304,Banana_irr_2030y_SOC,cf_std,3.9003332,Northeast India-Myanmar pine forests,3.0,Tropical & Subtropical Coniferous Forests,Indomalayan
775,Banana_irr_2030y_SOC,cf_std,,Northeast Siberian coastal tundra,11.0,Tundra,Palearctic
714,Banana_irr_2030y_SOC,cf_std,,Northeast Siberian taiga,6.0,Boreal Forests/Taiga,Palearctic
485,Banana_irr_2030y_SOC,cf_std,13.615557,Northeast Brazil restingas,1.0,Tropical & Subtropical Moist Broadleaf Forests,Neotropic
24,Banana_irr_2030y_SOC,cf_std,5.4044185,Northeast Congolian lowland forests,1.0,Tropical & Subtropical Moist Broadleaf Forests,Afrotropic
702,Banana_irr_2030y_SOC,cf_std,,Northeast Himalayan subalpine conifer forests,5.0,Temperate Conifer Forests,Palearctic
799,Banana_irr_2030y_SOC,cf_std,17.954693,Northeast Spain and Southern France Mediterranean forests,12.0,"Mediterranean Forests, Woodlands & Scrub",Palearctic
339,Banana_irr_2030y_SOC,cf_std,,Northeast US Coastal forests,4.0,Temperate Broadleaf & Mixed Forests,Nearctic
51,Banana_irr_2030y_SOC,cf_std,6.190426,Northern Acacia-Commiphora bushlands and thickets,7.0,"Tropical & Subtropical Grasslands, Savannas & Shrublands",Afrotropic
703,Banana_irr_2030y_SOC,cf_std,,Northern Anatolian conifer and deciduous forests,5.0,Temperate Conifer Forests,Palearctic
593,Banana_irr_2030y_SOC,cf_std,5.2123833,Northern Andean páramo,10.0,Montane Grasslands & Shrublands,Neotropic
255,Banana_irr_2030y_SOC,cf_std,3.574933,Northern Annamites rain forests,1.0,Tropical & Subtropical Moist Broadleaf Forests,Indomalayan
359,Banana_irr_2030y_SOC,cf_std,,Northern California coastal forests,5.0,Temperate Conifer Forests,Nearctic
379,Banana_irr_2030y_SOC,cf_std,,Northern Canadian Shield taiga,6.0,Boreal Forests/Taiga,Nearctic
52,Banana_irr_2030y_SOC,cf_std,4.946564,Northern Congolian Forest-Savanna,7.0,"Tropical & Subtropical Grasslands, Savannas & Shrublands",Afrotropic
297,Banana_irr_2030y_SOC,cf_std,2.6751857,North Deccan dry deciduous forests,2.0,Tropical & Subtropical Dry Broadleaf Forests,Indomalayan
256,Banana_irr_2030y_SOC,cf_std,5.279754,Northern Indochina subtropical forests,1.0,Tropical & Subtropical Moist Broadleaf Forests,Indomalayan
257,Banana_irr_2030y_SOC,cf_std,3.0254288,Northern Khorat Plateau moist deciduous forests,1.0,Tropical & Subtropical Moist Broadleaf Forests,Indomalayan
614,Banana_irr_2030y_SOC,cf_std,20.510136,Northern Mesoamerican Pacific mangroves,14.0,Mangroves,Neotropic
148,Banana_irr_2030y_SOC,cf_std,20.401741,Northern New Guinea lowland rain and freshwater swamp forests,1.0,Tropical & Subtropical Moist Broadleaf Forests,Australasia
149,Banana_irr_2030y_SOC,cf_std,12.445172,Northern New Guinea montane rain forests,1.0,Tropical & Subtropical Moist Broadleaf Forests,Australasia
396,Banana_irr_2030y_SOC,cf_std,,Northern Shortgrass prairie,8.0,"Temperate Grasslands, Savannas & Shrublands",Nearctic
25,Banana_irr_2030y_SOC,cf_std,12.302547,Northern Swahili coastal forests,1.0,Tropical & Subtropical Moist Broadleaf Forests,Afrotropic
397,Banana_irr_2030y_SOC,cf_std,,Northern Tallgrass prairie,8.0,"Temperate Grasslands, Savannas & Shrublands",Nearctic
258,Banana_irr_2030y_SOC,cf_std,4.033025,Northern Thailand-Laos moist deciduous forests,1.0,Tropical & Subtropical Moist Broadleaf Forests,Indomalayan
259,Banana_irr_2030y_SOC,cf_std,,Northern Triangle subtropical forests,1.0,Tropical & Subtropical Moist Broadleaf Forests,Indomalayan
307,Banana_irr_2030y_SOC,cf_std,0.18549655,Northern Triangle temperate forests,4.0,Temperate Broadleaf & Mixed Forests,Indomalayan
260,Banana_irr_2030y_SOC,cf_std,8.406943,Northern Vietnam lowland rain forests,1.0,Tropical & Subtropical Moist Broadleaf Forests,Indomalayan
173,Banana_irr_2030y_SOC,cf_std,,Northland temperate kauri forests,4.0,Temperate Broadleaf & Mixed Forests,Australasia
800,Banana_irr_2030y_SOC,cf_std,,Northwest Iberian montane forests,12.0,"Mediterranean Forests, Woodlands & Scrub",Palearctic
776,Banana_irr_2030y_SOC,cf_std,,Northwest Russian-Novaya Zemlya tundra,11.0,Tundra,Palearctic
486,Banana_irr_2030y_SOC,cf_std,10.566578,Northwest Andean montane forests,1.0,Tropical & Subtropical Moist Broadleaf Forests,Neotropic
26,Banana_irr_2030y_SOC,cf_std,2.9549475,Northwest Congolian lowland forests,1.0,Tropical & Subtropical Moist Broadleaf Forests,Afrotropic
641,Banana_irr_2030y_SOC,cf_std,,Northwest Hawai'i scrub,7.0,"Tropical & Subtropical Grasslands, Savannas & Shrublands",Oceania
760,Banana_irr_2030y_SOC,cf_std,,Northwestern Himalayan alpine shrub and meadows,10.0,Montane Grasslands & Shrublands,Palearctic
314,Banana_irr_2030y_SOC,cf_std,8.744686,Aravalli west thorn scrub forests,13.0,Deserts & Xeric Shrublands,Indomalayan
777,Banana_irr_2030y_SOC,cf_std,,Novosibirsk Islands Arctic desert,11.0,Tundra,Palearctic
704,Banana_irr_2030y_SOC,cf_std,3.0952067,Nujiang Langcang Gorge alpine conifer and mixed forests,5.0,Temperate Conifer Forests,Palearctic
212,Banana_irr_2030y_SOC,cf_std,2.9230444,Nullarbor Plains xeric shrublands,13.0,Deserts & Xeric Shrublands,Australasia
85,Banana_irr_2030y_SOC,cf_std,3.1007338,Nyanga-Chimanimani Montane forest-grassland,10.0,Montane Grasslands & Shrublands,Afrotropic
487,Banana_irr_2030y_SOC,cf_std,6.019025,Oaxacan montane forests,1.0,Tropical & Subtropical Moist Broadleaf Forests,Neotropic
626,Banana_irr_2030y_SOC,cf_std,,Ogasawara subtropical moist forests,1.0,Tropical & Subtropical Moist Broadleaf Forests,Oceania
419,Banana_irr_2030y_SOC,cf_std,,Ogilvie-MacKenzie alpine tundra,11.0,Tundra,Nearctic
362,Banana_irr_2030y_SOC,cf_std,,Okanogan dry forests,5.0,Temperate Conifer Forests,Nearctic
715,Banana_irr_2030y_SOC,cf_std,,Okhotsk-Manchurian taiga,6.0,Boreal Forests/Taiga,Palearctic
761,Banana_irr_2030y_SOC,cf_std,,Ordos Plateau steppe,10.0,Montane Grasslands & Shrublands,Palearctic
488,Banana_irr_2030y_SOC,cf_std,26.822802,Orinoco Delta swamp forests,1.0,Tropical & Subtropical Moist Broadleaf Forests,Neotropic
583,Banana_irr_2030y_SOC,cf_std,,Orinoco wetlands,9.0,Flooded Grasslands & Savannas,Neotropic
261,Banana_irr_2030y_SOC,cf_std,28.870049,Orissa semi-evergreen forests,1.0,Tropical & Subtropical Moist Broadleaf Forests,Indomalayan
340,Banana_irr_2030y_SOC,cf_std,,Ozark Highlands mixed forests,4.0,Temperate Broadleaf & Mixed Forests,Nearctic
341,Banana_irr_2030y_SOC,cf_std,,Ozark Mountain forests,4.0,Temperate Broadleaf & Mixed Forests,Nearctic
420,Banana_irr_2030y_SOC,cf_std,,Pacific Coastal Mountain icefields and tundra,11.0,Tundra,Nearctic
627,Banana_irr_2030y_SOC,cf_std,,Palau tropical moist forests,1.0,Tropical & Subtropical Moist Broadleaf Forests,Oceania
262,Banana_irr_2030y_SOC,cf_std,4.82734,Palawan rain forests,1.0,Tropical & Subtropical Moist Broadleaf Forests,Indomalayan
398,Banana_irr_2030y_SOC,cf_std,,Palouse prairie,8.0,"Temperate Grasslands, Savannas & Shrublands",Nearctic
762,Banana_irr_2030y_SOC,cf_std,,Pamir alpine desert and tundra,10.0,Montane Grasslands & Shrublands,Palearctic
541,Banana_irr_2030y_SOC,cf_std,6.074972,Panamanian dry forests,2.0,Tropical & Subtropical Dry Broadleaf Forests,Neotropic
674,Banana_irr_2030y_SOC,cf_std,,Pannonian mixed forests,4.0,Temperate Broadleaf & Mixed Forests,Palearctic
584,Banana_irr_2030y_SOC,cf_std,2.6854496,Pantanal,9.0,Flooded Grasslands & Savannas,Neotropic
489,Banana_irr_2030y_SOC,cf_std,13.971962,Pantanos de Centla,1.0,Tropical & Subtropical Moist Broadleaf Forests,Neotropic
490,Banana_irr_2030y_SOC,cf_std,5.309511,Pantepui forests & shrublands,1.0,Tropical & Subtropical Moist Broadleaf Forests,Neotropic
606,Banana_irr_2030y_SOC,cf_std,,Paraguaná xeric scrub,13.0,Deserts & Xeric Shrublands,Neotropic
585,Banana_irr_2030y_SOC,cf_std,9.144058,Paraná flooded savanna,9.0,Flooded Grasslands & Savannas,Neotropic
834,Banana_irr_2030y_SOC,cf_std,,Paropamisus xeric woodlands,13.0,Deserts & Xeric Shrublands,Palearctic
578,Banana_irr_2030y_SOC,cf_std,,Patagonian steppe,8.0,"Temperate Grasslands, Savannas & Shrublands",Neotropic
542,Banana_irr_2030y_SOC,cf_std,6.647918,Patía valley dry forests,2.0,Tropical & Subtropical Dry Broadleaf Forests,Neotropic
263,Banana_irr_2030y_SOC,cf_std,8.894375,Peninsular Malaysian montane rain forests,1.0,Tropical & Subtropical Moist Broadleaf Forests,Indomalayan
264,Banana_irr_2030y_SOC,cf_std,17.533636,Peninsular Malaysian peat swamp forests,1.0,Tropical & Subtropical Moist Broadleaf Forests,Indomalayan
265,Banana_irr_2030y_SOC,cf_std,19.243889,Peninsular Malaysian rain forests,1.0,Tropical & Subtropical Moist Broadleaf Forests,Indomalayan
491,Banana_irr_2030y_SOC,cf_std,15.320452,Pernambuco coastal forests,1.0,Tropical & Subtropical Moist Broadleaf Forests,Neotropic
492,Banana_irr_2030y_SOC,cf_std,9.653384,Pernambuco interior forests,1.0,Tropical & Subtropical Moist Broadleaf Forests,Neotropic
493,Banana_irr_2030y_SOC,cf_std,8.708934,Peruvian Yungas,1.0,Tropical & Subtropical Moist Broadleaf Forests,Neotropic
494,Banana_irr_2030y_SOC,cf_std,9.016706,Petén-Veracruz moist forests,1.0,Tropical & Subtropical Moist Broadleaf Forests,Neotropic
213,Banana_irr_2030y_SOC,cf_std,7.7858706,Pilbara shrublands,13.0,Deserts & Xeric Shrublands,Australasia
801,Banana_irr_2030y_SOC,cf_std,,Pindus Mountains mixed forests,12.0,"Mediterranean Forests, Woodlands & Scrub",Palearctic
363,Banana_irr_2030y_SOC,cf_std,2.2413697,Piney Woods,5.0,Temperate Conifer Forests,Nearctic
675,Banana_irr_2030y_SOC,cf_std,,Po Basin mixed forests,4.0,Temperate Broadleaf & Mixed Forests,Palearctic
735,Banana_irr_2030y_SOC,cf_std,,Pontic steppe,8.0,"Temperate Grasslands, Savannas & Shrublands",Palearctic
128,Banana_irr_2030y_SOC,cf_std,,Prince Charles Mountains tundra,11.0,Tundra,Antarctica
543,Banana_irr_2030y_SOC,cf_std,6.4588757,Puerto Rican dry forests,2.0,Tropical & Subtropical Dry Broadleaf Forests,Neotropic
495,Banana_irr_2030y_SOC,cf_std,12.503168,Puerto Rican moist forests,1.0,Tropical & Subtropical Moist Broadleaf Forests,Neotropic
364,Banana_irr_2030y_SOC,cf_std,,Puget lowland forests,5.0,Temperate Conifer Forests,Nearctic
497,Banana_irr_2030y_SOC,cf_std,2.5873382,Purus-Madeira moist forests,1.0,Tropical & Subtropical Moist Broadleaf Forests,Neotropic
496,Banana_irr_2030y_SOC,cf_std,3.1247735,Purus várzea,1.0,Tropical & Subtropical Moist Broadleaf Forests,Neotropic
676,Banana_irr_2030y_SOC,cf_std,,Pyrenees conifer and mixed forests,4.0,Temperate Broadleaf & Mixed Forests,Palearctic
835,Banana_irr_2030y_SOC,cf_std,,Qaidam Basin semi-desert,13.0,Deserts & Xeric Shrublands,Palearctic
705,Banana_irr_2030y_SOC,cf_std,,Qilian Mountains conifer forests,5.0,Temperate Conifer Forests,Palearctic
763,Banana_irr_2030y_SOC,cf_std,,Qilian Mountains subalpine meadows,10.0,Montane Grasslands & Shrublands,Palearctic
677,Banana_irr_2030y_SOC,cf_std,,Qin Ling Mountains deciduous forests,4.0,Temperate Broadleaf & Mixed Forests,Palearctic
706,Banana_irr_2030y_SOC,cf_std,,Qionglai-Minshan conifer forests,5.0,Temperate Conifer Forests,Palearctic
150,Banana_irr_2030y_SOC,cf_std,22.64525,Queensland tropical rain forests,1.0,Tropical & Subtropical Moist Broadleaf Forests,Australasia
174,Banana_irr_2030y_SOC,cf_std,,Rakiura Island temperate forests,4.0,Temperate Broadleaf & Mixed Forests,Australasia
312,Banana_irr_2030y_SOC,cf_std,1.5407369,Rann of Kutch seasonal salt marsh,9.0,Flooded Grasslands & Savannas,Indomalayan
628,Banana_irr_2030y_SOC,cf_std,,Rapa Nui and Sala y Gómez subtropical forests,1.0,Tropical & Subtropical Moist Broadleaf Forests,Oceania
266,Banana_irr_2030y_SOC,cf_std,1.7048883,Red River freshwater swamp forests,1.0,Tropical & Subtropical Moist Broadleaf Forests,Indomalayan
837,Banana_irr_2030y_SOC,cf_std,12.647008,Red Sea-Arabian Desert shrublands,13.0,Deserts & Xeric Shrublands,Palearctic
836,Banana_irr_2030y_SOC,cf_std,14.920323,Red Sea coastal desert,13.0,Deserts & Xeric Shrublands,Palearctic
115,Banana_irr_2030y_SOC,cf_std,16.996252,Red Sea mangroves,14.0,Mangroves,Afrotropic
838,Banana_irr_2030y_SOC,cf_std,0.56223315,Registan-North Pakistan sandy desert,13.0,Deserts & Xeric Shrublands,Palearctic
90,Banana_irr_2030y_SOC,cf_std,21.842731,Renosterveld shrubland,12.0,"Mediterranean Forests, Woodlands & Scrub",Afrotropic
175,Banana_irr_2030y_SOC,cf_std,,Richmond temperate forests,4.0,Temperate Broadleaf & Mixed Forests,Australasia
498,Banana_irr_2030y_SOC,cf_std,4.1557198,Rio Negro campinarana,1.0,Tropical & Subtropical Moist Broadleaf Forests,Neotropic
678,Banana_irr_2030y_SOC,cf_std,,Rodope montane mixed forests,4.0,Temperate Broadleaf & Mixed Forests,Palearctic
86,Banana_irr_2030y_SOC,cf_std,,Rwenzori-Virunga montane moorlands,10.0,Montane Grasslands & Shrublands,Afrotropic
745,Banana_irr_2030y_SOC,cf_std,2.9498239,Saharan halophytics,9.0,Flooded Grasslands & Savannas,Palearctic
53,Banana_irr_2030y_SOC,cf_std,3.1022437,Sahelian Acacia savanna,7.0,"Tropical & Subtropical Grasslands, Savannas & Shrublands",Afrotropic
716,Banana_irr_2030y_SOC,cf_std,,Sakhalin Island taiga,6.0,Boreal Forests/Taiga,Palearctic
629,Banana_irr_2030y_SOC,cf_std,8.956279,Samoan tropical moist forests,1.0,Tropical & Subtropical Moist Broadleaf Forests,Oceania
562,Banana_irr_2030y_SOC,cf_std,,San Félix-San Ambrosio Islands temperate forests,4.0,Temperate Broadleaf & Mixed Forests,Neotropic
607,Banana_irr_2030y_SOC,cf_std,9.76505,San Lucan xeric scrub,13.0,Deserts & Xeric Shrublands,Neotropic
425,Banana_irr_2030y_SOC,cf_std,1.431946,Santa Lucia Montane Chaparral & Woodlands,12.0,"Mediterranean Forests, Woodlands & Scrub",Nearctic
499,Banana_irr_2030y_SOC,cf_std,22.194513,Santa Marta montane forests,1.0,Tropical & Subtropical Moist Broadleaf Forests,Neotropic
594,Banana_irr_2030y_SOC,cf_std,,Santa Marta páramo,10.0,Montane Grasslands & Shrublands,Neotropic
27,Banana_irr_2030y_SOC,cf_std,8.673969,"São Tomé, Príncipe, and Annobón forests",1.0,Tropical & Subtropical Moist Broadleaf Forests,Afrotropic
679,Banana_irr_2030y_SOC,cf_std,,Sarmatic mixed forests,4.0,Temperate Broadleaf & Mixed Forests,Palearctic
764,Banana_irr_2030y_SOC,cf_std,,Sayan alpine meadows and tundra,10.0,Montane Grasslands & Shrublands,Palearctic
736,Banana_irr_2030y_SOC,cf_std,,Sayan Intermontane steppe,8.0,"Temperate Grasslands, Savannas & Shrublands",Palearctic
707,Banana_irr_2030y_SOC,cf_std,,Sayan montane conifer forests,5.0,Temperate Conifer Forests,Palearctic
717,Banana_irr_2030y_SOC,cf_std,,Scandinavian and Russian taiga,6.0,Boreal Forests/Taiga,Palearctic
708,Banana_irr_2030y_SOC,cf_std,,Scandinavian coastal conifer forests,5.0,Temperate Conifer Forests,Palearctic
780,Banana_irr_2030y_SOC,cf_std,,Scandinavian Montane Birch forest and grasslands,11.0,Tundra,Palearctic
129,Banana_irr_2030y_SOC,cf_std,,Scotia Sea Islands tundra,11.0,Tundra,Antarctica
608,Banana_irr_2030y_SOC,cf_std,9.249627,Sechura desert,13.0,Deserts & Xeric Shrublands,Neotropic
737,Banana_irr_2030y_SOC,cf_std,,Selenge-Orkhon forest steppe,8.0,"Temperate Grasslands, Savannas & Shrublands",Palearctic
151,Banana_irr_2030y_SOC,cf_std,2.9021194,Seram rain forests,1.0,Tropical & Subtropical Moist Broadleaf Forests,Australasia
54,Banana_irr_2030y_SOC,cf_std,0.2614499,Serengeti volcanic grasslands,7.0,"Tropical & Subtropical Grasslands, Savannas & Shrublands",Afrotropic
500,Banana_irr_2030y_SOC,cf_std,14.685344,Serra do Mar coastal forests,1.0,Tropical & Subtropical Moist Broadleaf Forests,Neotropic
680,Banana_irr_2030y_SOC,cf_std,,Sichuan Basin evergreen broadleaf forests,4.0,Temperate Broadleaf & Mixed Forests,Palearctic
544,Banana_irr_2030y_SOC,cf_std,10.328729,Sierra de la Laguna dry forests,2.0,Tropical & Subtropical Dry Broadleaf Forests,Neotropic
556,Banana_irr_2030y_SOC,cf_std,4.9581704,Sierra de la Laguna pine-oak forests,3.0,Tropical & Subtropical Coniferous Forests,Neotropic
501,Banana_irr_2030y_SOC,cf_std,26.8573,Sierra de los Tuxtlas,1.0,Tropical & Subtropical Moist Broadleaf Forests,Neotropic
502,Banana_irr_2030y_SOC,cf_std,25.492977,Sierra Madre de Chiapas moist forests,1.0,Tropical & Subtropical Moist Broadleaf Forests,Neotropic
557,Banana_irr_2030y_SOC,cf_std,5.7494054,Sierra Madre de Oaxaca pine-oak forests,3.0,Tropical & Subtropical Coniferous Forests,Neotropic
558,Banana_irr_2030y_SOC,cf_std,11.607544,Sierra Madre del Sur pine-oak forests,3.0,Tropical & Subtropical Coniferous Forests,Neotropic
326,Banana_irr_2030y_SOC,cf_std,4.6229324,Sierra Madre Occidental pine-oak forests,3.0,Tropical & Subtropical Coniferous Forests,Nearctic
327,Banana_irr_2030y_SOC,cf_std,8.181733,Sierra Madre Oriental pine-oak forests,3.0,Tropical & Subtropical Coniferous Forests,Nearctic
366,Banana_irr_2030y_SOC,cf_std,,Sierra Nevada forests,5.0,Temperate Conifer Forests,Nearctic
214,Banana_irr_2030y_SOC,cf_std,4.771909,Simpson desert,13.0,Deserts & Xeric Shrublands,Australasia
545,Banana_irr_2030y_SOC,cf_std,8.114019,Sinaloan dry forests,2.0,Tropical & Subtropical Dry Broadleaf Forests,Neotropic
546,Banana_irr_2030y_SOC,cf_std,11.820203,Sinú Valley dry forests,2.0,Tropical & Subtropical Dry Broadleaf Forests,Neotropic
434,Banana_irr_2030y_SOC,cf_std,,Snake-Columbia shrub steppe,13.0,Deserts & Xeric Shrublands,Nearctic
630,Banana_irr_2030y_SOC,cf_std,6.572406,Society Islands tropical moist forests,1.0,Tropical & Subtropical Moist Broadleaf Forests,Oceania
105,Banana_irr_2030y_SOC,cf_std,4.0554185,Socotra Island xeric shrublands,13.0,Deserts & Xeric Shrublands,Afrotropic
503,Banana_irr_2030y_SOC,cf_std,1.9319632,Solimões-Japurá moist forests,1.0,Tropical & Subtropical Moist Broadleaf Forests,Neotropic
152,Banana_irr_2030y_SOC,cf_std,14.37742,Solomon Islands rain forests,1.0,Tropical & Subtropical Moist Broadleaf Forests,Australasia
55,Banana_irr_2030y_SOC,cf_std,6.845996,Somali Acacia-Commiphora bushlands and thickets,7.0,"Tropical & Subtropical Grasslands, Savannas & Shrublands",Afrotropic
324,Banana_irr_2030y_SOC,cf_std,10.782972,Sonoran-Sinaloan subtropical dry forest,2.0,Tropical & Subtropical Dry Broadleaf Forests,Nearctic
435,Banana_irr_2030y_SOC,cf_std,9.747877,Sonoran desert,13.0,Deserts & Xeric Shrublands,Nearctic
615,Banana_irr_2030y_SOC,cf_std,22.336058,South American Pacific mangroves,14.0,Mangroves,Neotropic
130,Banana_irr_2030y_SOC,cf_std,,South Antarctic Peninsula tundra,11.0,Tundra,Antarctica
802,Banana_irr_2030y_SOC,cf_std,1.4210855e-14,South Apennine mixed montane forests,12.0,"Mediterranean Forests, Woodlands & Scrub",Palearctic
367,Banana_irr_2030y_SOC,cf_std,,South Central Rockies forests,5.0,Temperate Conifer Forests,Nearctic
268,Banana_irr_2030y_SOC,cf_std,15.855278,South China-Vietnam subtropical evergreen forests,1.0,Tropical & Subtropical Moist Broadleaf Forests,Indomalayan
267,Banana_irr_2030y_SOC,cf_std,,South China Sea Islands,1.0,Tropical & Subtropical Moist Broadleaf Forests,Indomalayan
298,Banana_irr_2030y_SOC,cf_std,3.9056008,South Deccan Plateau dry deciduous forests,2.0,Tropical & Subtropical Dry Broadleaf Forests,Indomalayan
841,Banana_irr_2030y_SOC,cf_std,0.7722849,South Iran Nubo-Sindian desert and semi-desert,13.0,Deserts & Xeric Shrublands,Palearctic
194,Banana_irr_2030y_SOC,cf_std,,New Zealand South Island montane grasslands,10.0,Montane Grasslands & Shrublands,Australasia
172,Banana_irr_2030y_SOC,cf_std,,New Zealand South Island temperate forests,4.0,Temperate Broadleaf & Mixed Forests,Australasia
131,Banana_irr_2030y_SOC,cf_std,,South Orkney Islands tundra,11.0,Tundra,Antarctica
842,Banana_irr_2030y_SOC,cf_std,1.749731,South Sahara desert,13.0,Deserts & Xeric Shrublands,Palearctic
738,Banana_irr_2030y_SOC,cf_std,,South Siberian forest steppe,8.0,"Temperate Grasslands, Savannas & Shrublands",Palearctic
269,Banana_irr_2030y_SOC,cf_std,,South Taiwan monsoon rain forests,1.0,Tropical & Subtropical Moist Broadleaf Forests,Indomalayan
132,Banana_irr_2030y_SOC,cf_std,,South Victoria Land tundra,11.0,Tundra,Antarctica
270,Banana_irr_2030y_SOC,cf_std,11.741823,South Western Ghats moist deciduous forests,1.0,Tropical & Subtropical Moist Broadleaf Forests,Indomalayan
271,Banana_irr_2030y_SOC,cf_std,21.30836,South Western Ghats montane rain forests,1.0,Tropical & Subtropical Moist Broadleaf Forests,Indomalayan
176,Banana_irr_2030y_SOC,cf_std,13.066128,Southeast Australia temperate forests,4.0,Temperate Broadleaf & Mixed Forests,Australasia
192,Banana_irr_2030y_SOC,cf_std,3.9467208,Southeast Australia temperate savanna,8.0,"Temperate Grasslands, Savannas & Shrublands",Australasia
765,Banana_irr_2030y_SOC,cf_std,,Southeast Tibet shrublands and meadows,10.0,Montane Grasslands & Shrublands,Palearctic
400,Banana_irr_2030y_SOC,cf_std,,Southeast US mixed woodlands and savannas,8.0,"Temperate Grasslands, Savannas & Shrublands",Nearctic
399,Banana_irr_2030y_SOC,cf_std,8.637182,Southeast US conifer savannas,8.0,"Temperate Grasslands, Savannas & Shrublands",Nearctic
803,Banana_irr_2030y_SOC,cf_std,18.559029,Southeast Iberian shrubs and woodlands,12.0,"Mediterranean Forests, Woodlands & Scrub",Palearctic
299,Banana_irr_2030y_SOC,cf_std,6.7108727,Southeast Indochina dry evergreen forests,2.0,Tropical & Subtropical Dry Broadleaf Forests,Indomalayan
153,Banana_irr_2030y_SOC,cf_std,22.10155,Southeast Papuan rain forests,1.0,Tropical & Subtropical Moist Broadleaf Forests,Australasia
57,Banana_irr_2030y_SOC,cf_std,7.078297,Southern Acacia-Commiphora bushlands and thickets,7.0,"Tropical & Subtropical Grasslands, Savannas & Shrublands",Afrotropic
116,Banana_irr_2030y_SOC,cf_std,35.230553,Southern Africa mangroves,14.0,Mangroves,Afrotropic
804,Banana_irr_2030y_SOC,cf_std,0.0,Southern Anatolian montane conifer and deciduous forests,12.0,"Mediterranean Forests, Woodlands & Scrub",Palearctic
595,Banana_irr_2030y_SOC,cf_std,,Southern Andean steppe,10.0,Montane Grasslands & Shrublands,Neotropic
504,Banana_irr_2030y_SOC,cf_std,7.636204,Southern Andean Yungas,1.0,Tropical & Subtropical Moist Broadleaf Forests,Neotropic
272,Banana_irr_2030y_SOC,cf_std,5.195436,Southern Annamites montane rain forests,1.0,Tropical & Subtropical Moist Broadleaf Forests,Indomalayan
616,Banana_irr_2030y_SOC,cf_std,17.288887,Southern Atlantic Brazilian mangroves,14.0,Mangroves,Neotropic
586,Banana_irr_2030y_SOC,cf_std,6.4019012,Southern Cone Mesopotamian savanna,9.0,Flooded Grasslands & Savannas,Neotropic
58,Banana_irr_2030y_SOC,cf_std,2.7486742,Southern Congolian forest-savanna,7.0,"Tropical & Subtropical Grasslands, Savannas & Shrublands",Afrotropic
342,Banana_irr_2030y_SOC,cf_std,,Southern Great Lakes forests,4.0,Temperate Broadleaf & Mixed Forests,Nearctic
382,Banana_irr_2030y_SOC,cf_std,,Southern Hudson Bay taiga,6.0,Boreal Forests/Taiga,Nearctic
133,Banana_irr_2030y_SOC,cf_std,,Southern Indian Ocean Islands tundra,11.0,Tundra,Antarctica
681,Banana_irr_2030y_SOC,cf_std,,Southern Korea evergreen forests,4.0,Temperate Broadleaf & Mixed Forests,Palearctic
617,Banana_irr_2030y_SOC,cf_std,33.732464,Southern Mesoamerican Pacific mangroves,14.0,Mangroves,Neotropic
154,Banana_irr_2030y_SOC,cf_std,29.073069,Southern New Guinea freshwater swamp forests,1.0,Tropical & Subtropical Moist Broadleaf Forests,Australasia
155,Banana_irr_2030y_SOC,cf_std,6.9105597,Southern New Guinea lowland rain forests,1.0,Tropical & Subtropical Moist Broadleaf Forests,Australasia
547,Banana_irr_2030y_SOC,cf_std,19.357368,Southern Pacific dry forests,2.0,Tropical & Subtropical Dry Broadleaf Forests,Neotropic
87,Banana_irr_2030y_SOC,cf_std,8.845856,Southern Rift Montane forest-grassland,10.0,Montane Grasslands & Shrublands,Afrotropic
28,Banana_irr_2030y_SOC,cf_std,10.067643,Southern Swahili coastal forests and woodlands,1.0,Tropical & Subtropical Moist Broadleaf Forests,Afrotropic
300,Banana_irr_2030y_SOC,cf_std,16.533148,Southern Vietnam lowland dry forests,2.0,Tropical & Subtropical Dry Broadleaf Forests,Indomalayan
505,Banana_irr_2030y_SOC,cf_std,6.757365,Southwest Amazon moist forests,1.0,Tropical & Subtropical Moist Broadleaf Forests,Neotropic
108,Banana_irr_2030y_SOC,cf_std,7.124412,Southwest Arabian Escarpment shrublands and woodlands,13.0,Deserts & Xeric Shrublands,Afrotropic
109,Banana_irr_2030y_SOC,cf_std,4.361657,Southwest Arabian highland xeric scrub,13.0,Deserts & Xeric Shrublands,Afrotropic
205,Banana_irr_2030y_SOC,cf_std,8.956574,Southwest Australia savanna,12.0,"Mediterranean Forests, Woodlands & Scrub",Australasia
206,Banana_irr_2030y_SOC,cf_std,27.015026,Southwest Australia woodlands,12.0,"Mediterranean Forests, Woodlands & Scrub",Australasia
273,Banana_irr_2030y_SOC,cf_std,23.663654,Southwest Borneo freshwater swamp forests,1.0,Tropical & Subtropical Moist Broadleaf Forests,Indomalayan
805,Banana_irr_2030y_SOC,cf_std,17.255585,Southwest Iberian Mediterranean sclerophyllous and mixed forests,12.0,"Mediterranean Forests, Woodlands & Scrub",Palearctic
301,Banana_irr_2030y_SOC,cf_std,,Sri Lanka dry-zone dry evergreen forests,2.0,Tropical & Subtropical Dry Broadleaf Forests,Indomalayan
274,Banana_irr_2030y_SOC,cf_std,,Sri Lanka lowland rain forests,1.0,Tropical & Subtropical Moist Broadleaf Forests,Indomalayan
275,Banana_irr_2030y_SOC,cf_std,,Sri Lanka montane rain forests,1.0,Tropical & Subtropical Moist Broadleaf Forests,Indomalayan
609,Banana_irr_2030y_SOC,cf_std,,St. Peter and St. Paul Rocks,13.0,Deserts & Xeric Shrublands,Neotropic
110,Banana_irr_2030y_SOC,cf_std,4.976103,Succulent Karoo xeric shrublands,13.0,Deserts & Xeric Shrublands,Afrotropic
74,Banana_irr_2030y_SOC,cf_std,1.0617168,Sudd flooded grasslands,9.0,Flooded Grasslands & Savannas,Afrotropic
746,Banana_irr_2030y_SOC,cf_std,,Suiphun-Khanka meadows and forest meadows,9.0,Flooded Grasslands & Savannas,Palearctic
766,Banana_irr_2030y_SOC,cf_std,0.04848754,Sulaiman Range alpine meadows,10.0,Montane Grasslands & Shrublands,Palearctic
157,Banana_irr_2030y_SOC,cf_std,35.286182,Sulawesi montane rain forests,1.0,Tropical & Subtropical Moist Broadleaf Forests,Australasia
276,Banana_irr_2030y_SOC,cf_std,1.8764799,Sulu Archipelago rain forests,1.0,Tropical & Subtropical Moist Broadleaf Forests,Indomalayan
277,Banana_irr_2030y_SOC,cf_std,32.301258,Sumatran freshwater swamp forests,1.0,Tropical & Subtropical Moist Broadleaf Forests,Indomalayan
278,Banana_irr_2030y_SOC,cf_std,31.971218,Sumatran lowland rain forests,1.0,Tropical & Subtropical Moist Broadleaf Forests,Indomalayan
279,Banana_irr_2030y_SOC,cf_std,19.908432,Sumatran montane rain forests,1.0,Tropical & Subtropical Moist Broadleaf Forests,Indomalayan
280,Banana_irr_2030y_SOC,cf_std,31.142647,Sumatran peat swamp forests,1.0,Tropical & Subtropical Moist Broadleaf Forests,Indomalayan
305,Banana_irr_2030y_SOC,cf_std,32.683826,Sumatran tropical pine forests,3.0,Tropical & Subtropical Coniferous Forests,Indomalayan
165,Banana_irr_2030y_SOC,cf_std,21.386148,Sumba deciduous forests,2.0,Tropical & Subtropical Dry Broadleaf Forests,Australasia
322,Banana_irr_2030y_SOC,cf_std,44.106155,Sunda Shelf mangroves,14.0,Mangroves,Indomalayan
281,Banana_irr_2030y_SOC,cf_std,32.176773,Sundaland heath forests,1.0,Tropical & Subtropical Moist Broadleaf Forests,Indomalayan
282,Banana_irr_2030y_SOC,cf_std,4.7367682,Sundarbans freshwater swamp forests,1.0,Tropical & Subtropical Moist Broadleaf Forests,Indomalayan
323,Banana_irr_2030y_SOC,cf_std,20.583694,Sundarbans mangroves,14.0,Mangroves,Indomalayan
739,Banana_irr_2030y_SOC,cf_std,5.8755217,Syrian xeric grasslands and shrublands,8.0,"Temperate Grasslands, Savannas & Shrublands",Palearctic
682,Banana_irr_2030y_SOC,cf_std,0.0,Taiheiyo evergreen forests,4.0,Temperate Broadleaf & Mixed Forests,Palearctic
683,Banana_irr_2030y_SOC,cf_std,,Taiheiyo montane deciduous forests,4.0,Temperate Broadleaf & Mixed Forests,Palearctic
781,Banana_irr_2030y_SOC,cf_std,,Taimyr-Central Siberian tundra,11.0,Tundra,Palearctic
283,Banana_irr_2030y_SOC,cf_std,,Taiwan subtropical evergreen forests,1.0,Tropical & Subtropical Moist Broadleaf Forests,Indomalayan
843,Banana_irr_2030y_SOC,cf_std,,Taklimakan desert,13.0,Deserts & Xeric Shrublands,Palearctic
506,Banana_irr_2030y_SOC,cf_std,23.105963,Talamancan montane forests,1.0,Tropical & Subtropical Moist Broadleaf Forests,Neotropic
436,Banana_irr_2030y_SOC,cf_std,5.084811,Tamaulipan matorral,13.0,Deserts & Xeric Shrublands,Nearctic
437,Banana_irr_2030y_SOC,cf_std,4.13292,Tamaulipan mezquital,13.0,Deserts & Xeric Shrublands,Nearctic
507,Banana_irr_2030y_SOC,cf_std,2.9083774,Tapajós-Xingu moist forests,1.0,Tropical & Subtropical Moist Broadleaf Forests,Neotropic
684,Banana_irr_2030y_SOC,cf_std,,Tarim Basin deciduous forests and steppe,4.0,Temperate Broadleaf & Mixed Forests,Palearctic
177,Banana_irr_2030y_SOC,cf_std,,Tasmanian Central Highland forests,4.0,Temperate Broadleaf & Mixed Forests,Australasia
178,Banana_irr_2030y_SOC,cf_std,,Tasmanian temperate forests,4.0,Temperate Broadleaf & Mixed Forests,Australasia
179,Banana_irr_2030y_SOC,cf_std,,Tasmanian temperate rain forests,4.0,Temperate Broadleaf & Mixed Forests,Australasia
610,Banana_irr_2030y_SOC,cf_std,3.5730586,Tehuacán Valley matorral,13.0,Deserts & Xeric Shrublands,Neotropic
284,Banana_irr_2030y_SOC,cf_std,16.028624,Tenasserim-South Thailand semi-evergreen rain forests,1.0,Tropical & Subtropical Moist Broadleaf Forests,Indomalayan
311,Banana_irr_2030y_SOC,cf_std,5.900329,Terai-Duar savanna and grasslands,7.0,"Tropical & Subtropical Grasslands, Savannas & Shrublands",Indomalayan
401,Banana_irr_2030y_SOC,cf_std,2.7066977,Texas blackland prairies,8.0,"Temperate Grasslands, Savannas & Shrublands",Nearctic
318,Banana_irr_2030y_SOC,cf_std,3.1157725,Thar desert,13.0,Deserts & Xeric Shrublands,Indomalayan
740,Banana_irr_2030y_SOC,cf_std,,Tian Shan foothill arid steppe,8.0,"Temperate Grasslands, Savannas & Shrublands",Palearctic
709,Banana_irr_2030y_SOC,cf_std,,Tian Shan montane conifer forests,5.0,Temperate Conifer Forests,Palearctic
767,Banana_irr_2030y_SOC,cf_std,,Tian Shan montane steppe and meadows,10.0,Montane Grasslands & Shrublands,Palearctic
844,Banana_irr_2030y_SOC,cf_std,1.5653849,Tibesti-Jebel Uweinat montane xeric woodlands,13.0,Deserts & Xeric Shrublands,Palearctic
768,Banana_irr_2030y_SOC,cf_std,,Tibetan Plateau alpine shrublands and meadows,10.0,Montane Grasslands & Shrublands,Palearctic
747,Banana_irr_2030y_SOC,cf_std,,Tigris-Euphrates alluvial salt marsh,9.0,Flooded Grasslands & Savannas,Palearctic
166,Banana_irr_2030y_SOC,cf_std,31.544107,Timor and Wetar deciduous forests,2.0,Tropical & Subtropical Dry Broadleaf Forests,Australasia
215,Banana_irr_2030y_SOC,cf_std,5.2902174,Tirari-Sturt stony desert,13.0,Deserts & Xeric Shrublands,Australasia
631,Banana_irr_2030y_SOC,cf_std,3.8322093,Tongan tropical moist forests,1.0,Tropical & Subtropical Moist Broadleaf Forests,Oceania
286,Banana_irr_2030y_SOC,cf_std,9.353275,Tonle Sap-Mekong peat swamp forests,1.0,Tropical & Subtropical Moist Broadleaf Forests,Indomalayan
285,Banana_irr_2030y_SOC,cf_std,3.6194034,Tonle Sap freshwater swamp forests,1.0,Tropical & Subtropical Moist Broadleaf Forests,Indomalayan
421,Banana_irr_2030y_SOC,cf_std,,Torngat Mountain tundra,11.0,Tundra,Nearctic
782,Banana_irr_2030y_SOC,cf_std,,Trans-Baikal Bald Mountain tundra,11.0,Tundra,Palearctic
718,Banana_irr_2030y_SOC,cf_std,,Trans-Baikal conifer forests,6.0,Boreal Forests/Taiga,Palearctic
559,Banana_irr_2030y_SOC,cf_std,10.068968,Trans-Mexican Volcanic Belt pine-oak forests,3.0,Tropical & Subtropical Coniferous Forests,Neotropic
188,Banana_irr_2030y_SOC,cf_std,13.542777,Trans Fly savanna and grasslands,7.0,"Tropical & Subtropical Grasslands, Savannas & Shrublands",Australasia
134,Banana_irr_2030y_SOC,cf_std,,Transantarctic Mountains tundra,11.0,Tundra,Antarctica
510,Banana_irr_2030y_SOC,cf_std,7.6385617,Trinidad and Tobago moist forest,1.0,Tropical & Subtropical Moist Broadleaf Forests,Neotropic
68,Banana_irr_2030y_SOC,cf_std,,Tristan Da Cunha-Gough Islands shrub and grasslands,8.0,"Temperate Grasslands, Savannas & Shrublands",Afrotropic
158,Banana_irr_2030y_SOC,cf_std,7.7001615,Trobriand Islands rain forests,1.0,Tropical & Subtropical Moist Broadleaf Forests,Australasia
632,Banana_irr_2030y_SOC,cf_std,,Tuamotu tropical moist forests,1.0,Tropical & Subtropical Moist Broadleaf Forests,Oceania
633,Banana_irr_2030y_SOC,cf_std,,Tubuai tropical moist forests,1.0,Tropical & Subtropical Moist Broadleaf Forests,Oceania
549,Banana_irr_2030y_SOC,cf_std,13.488908,Tumbes-Piura dry forests,2.0,Tropical & Subtropical Dry Broadleaf Forests,Neotropic
806,Banana_irr_2030y_SOC,cf_std,20.729591,Tyrrhenian-Adriatic sclerophyllous and mixed forests,12.0,"Mediterranean Forests, Woodlands & Scrub",Palearctic
511,Banana_irr_2030y_SOC,cf_std,2.486506,Uatumã-Trombetas moist forests,1.0,Tropical & Subtropical Moist Broadleaf Forests,Neotropic
512,Banana_irr_2030y_SOC,cf_std,7.1523366,Ucayali moist forests,1.0,Tropical & Subtropical Moist Broadleaf Forests,Neotropic
287,Banana_irr_2030y_SOC,cf_std,3.680877,Upper Gangetic Plains moist deciduous forests,1.0,Tropical & Subtropical Moist Broadleaf Forests,Indomalayan
343,Banana_irr_2030y_SOC,cf_std,,Upper Midwest US forest-savanna transition,4.0,Temperate Broadleaf & Mixed Forests,Nearctic
719,Banana_irr_2030y_SOC,cf_std,,Urals montane forest and taiga,6.0,Boreal Forests/Taiga,Palearctic
574,Banana_irr_2030y_SOC,cf_std,7.8539424,Uruguayan savanna,7.0,"Tropical & Subtropical Grasslands, Savannas & Shrublands",Neotropic
685,Banana_irr_2030y_SOC,cf_std,,Ussuri broadleaf and mixed forests,4.0,Temperate Broadleaf & Mixed Forests,Palearctic
563,Banana_irr_2030y_SOC,cf_std,,Valdivian temperate forests,4.0,Temperate Broadleaf & Mixed Forests,Neotropic
159,Banana_irr_2030y_SOC,cf_std,8.347345,Vanuatu rain forests,1.0,Tropical & Subtropical Moist Broadleaf Forests,Australasia
513,Banana_irr_2030y_SOC,cf_std,0.0,Venezuelan Andes montane forests,1.0,Tropical & Subtropical Moist Broadleaf Forests,Neotropic
550,Banana_irr_2030y_SOC,cf_std,3.0968513,Veracruz dry forests,2.0,Tropical & Subtropical Dry Broadleaf Forests,Neotropic
514,Banana_irr_2030y_SOC,cf_std,20.289877,Veracruz moist forests,1.0,Tropical & Subtropical Moist Broadleaf Forests,Neotropic
515,Banana_irr_2030y_SOC,cf_std,3.176133,Veracruz montane forests,1.0,Tropical & Subtropical Moist Broadleaf Forests,Neotropic
189,Banana_irr_2030y_SOC,cf_std,1.6438572,Victoria Plains tropical savanna,7.0,"Tropical & Subtropical Grasslands, Savannas & Shrublands",Australasia
161,Banana_irr_2030y_SOC,cf_std,40.82605,Vogelkop-Aru lowland rain forests,1.0,Tropical & Subtropical Moist Broadleaf Forests,Australasia
160,Banana_irr_2030y_SOC,cf_std,35.64067,Vogelkop montane rain forests,1.0,Tropical & Subtropical Moist Broadleaf Forests,Australasia
368,Banana_irr_2030y_SOC,cf_std,,Wasatch and Uinta montane forests,5.0,Temperate Conifer Forests,Nearctic
383,Banana_irr_2030y_SOC,cf_std,,Watson Highlands taiga,6.0,Boreal Forests/Taiga,Nearctic
845,Banana_irr_2030y_SOC,cf_std,1.192119,West Sahara desert,13.0,Deserts & Xeric Shrublands,Palearctic
846,Banana_irr_2030y_SOC,cf_std,1.2117858,West Saharan montane xeric woodlands,13.0,Deserts & Xeric Shrublands,Palearctic
720,Banana_irr_2030y_SOC,cf_std,,West Siberian taiga,6.0,Boreal Forests/Taiga,Palearctic
62,Banana_irr_2030y_SOC,cf_std,3.494798,West Sudanian savanna,7.0,"Tropical & Subtropical Grasslands, Savannas & Shrublands",Afrotropic
216,Banana_irr_2030y_SOC,cf_std,4.02462,Western Australian Mulga shrublands,13.0,Deserts & Xeric Shrublands,Australasia
29,Banana_irr_2030y_SOC,cf_std,1.8700376,Western Congolian swamp forests,1.0,Tropical & Subtropical Moist Broadleaf Forests,Afrotropic
516,Banana_irr_2030y_SOC,cf_std,7.8760896,Western Ecuador moist forests,1.0,Tropical & Subtropical Moist Broadleaf Forests,Neotropic
686,Banana_irr_2030y_SOC,cf_std,,Western European broadleaf forests,4.0,Temperate Broadleaf & Mixed Forests,Palearctic
344,Banana_irr_2030y_SOC,cf_std,,Western Great Lakes forests,4.0,Temperate Broadleaf & Mixed Forests,Nearctic
30,Banana_irr_2030y_SOC,cf_std,6.904937,Western Guinean lowland forests,1.0,Tropical & Subtropical Moist Broadleaf Forests,Afrotropic
384,Banana_irr_2030y_SOC,cf_std,22.568584,Western Gulf coastal grasslands,7.0,"Tropical & Subtropical Grasslands, Savannas & Shrublands",Nearctic
769,Banana_irr_2030y_SOC,cf_std,,Western Himalayan alpine shrub and meadows,10.0,Montane Grasslands & Shrublands,Palearctic
308,Banana_irr_2030y_SOC,cf_std,6.958789,Western Himalayan broadleaf forests,4.0,Temperate Broadleaf & Mixed Forests,Indomalayan
310,Banana_irr_2030y_SOC,cf_std,5.181657,Western Himalayan subalpine conifer forests,5.0,Temperate Conifer Forests,Indomalayan
288,Banana_irr_2030y_SOC,cf_std,17.787136,Western Java montane rain forests,1.0,Tropical & Subtropical Moist Broadleaf Forests,Indomalayan
289,Banana_irr_2030y_SOC,cf_std,37.733875,Western Java rain forests,1.0,Tropical & Subtropical Moist Broadleaf Forests,Indomalayan
634,Banana_irr_2030y_SOC,cf_std,,Western Polynesian tropical moist forests,1.0,Tropical & Subtropical Moist Broadleaf Forests,Oceania
402,Banana_irr_2030y_SOC,cf_std,,Western shortgrass prairie,8.0,"Temperate Grasslands, Savannas & Shrublands",Nearctic
687,Banana_irr_2030y_SOC,cf_std,,Western Siberian hemiboreal forests,4.0,Temperate Broadleaf & Mixed Forests,Palearctic
180,Banana_irr_2030y_SOC,cf_std,,Westland temperate forests,4.0,Temperate Broadleaf & Mixed Forests,Australasia
403,Banana_irr_2030y_SOC,cf_std,,Willamette Valley oak savanna,8.0,"Temperate Grasslands, Savannas & Shrublands",Nearctic
517,Banana_irr_2030y_SOC,cf_std,6.65218,Windward Islands moist forests,1.0,Tropical & Subtropical Moist Broadleaf Forests,Neotropic
783,Banana_irr_2030y_SOC,cf_std,,Wrangel Island Arctic desert,11.0,Tundra,Palearctic
438,Banana_irr_2030y_SOC,cf_std,,Wyoming Basin shrub steppe,13.0,Deserts & Xeric Shrublands,Nearctic
518,Banana_irr_2030y_SOC,cf_std,3.1776326,Xingu-Tocantins-Araguaia moist forests,1.0,Tropical & Subtropical Moist Broadleaf Forests,Neotropic
784,Banana_irr_2030y_SOC,cf_std,,Yamal-Gydan tundra,11.0,Tundra,Palearctic
638,Banana_irr_2030y_SOC,cf_std,,Yap tropical dry forests,2.0,Tropical & Subtropical Dry Broadleaf Forests,Oceania
162,Banana_irr_2030y_SOC,cf_std,4.245096,Yapen rain forests,1.0,Tropical & Subtropical Moist Broadleaf Forests,Australasia
770,Banana_irr_2030y_SOC,cf_std,,Yarlung Zanbo arid steppe,10.0,Montane Grasslands & Shrublands,Palearctic
748,Banana_irr_2030y_SOC,cf_std,,Yellow Sea saline meadow,9.0,Flooded Grasslands & Savannas,Palearctic
551,Banana_irr_2030y_SOC,cf_std,15.4453335,Yucatán dry forests,2.0,Tropical & Subtropical Dry Broadleaf Forests,Neotropic
519,Banana_irr_2030y_SOC,cf_std,18.00008,Yucatán moist forests,1.0,Tropical & Subtropical Moist Broadleaf Forests,Neotropic
643,Banana_irr_2030y_SOC,cf_std,4.250982,Yunnan Plateau subtropical evergreen forests,1.0,Tropical & Subtropical Moist Broadleaf Forests,Palearctic
688,Banana_irr_2030y_SOC,cf_std,,Zagros Mountains forest steppe,4.0,Temperate Broadleaf & Mixed Forests,Palearctic
66,Banana_irr_2030y_SOC,cf_std,3.6165876,Zambezian-Limpopo mixed woodlands,7.0,"Tropical & Subtropical Grasslands, Savannas & Shrublands",Afrotropic
64,Banana_irr_2030y_SOC,cf_std,3.5451376,Zambezian Baikiaea woodlands,7.0,"Tropical & Subtropical Grasslands, Savannas & Shrublands",Afrotropic
75,Banana_irr_2030y_SOC,cf_std,3.7788486,Zambezian coastal flooded savanna,9.0,Flooded Grasslands & Savannas,Afrotropic
42,Banana_irr_2030y_SOC,cf_std,4.3992286,Dry miombo woodlands,7.0,"Tropical & Subtropical Grasslands, Savannas & Shrublands",Afrotropic
33,Banana_irr_2030y_SOC,cf_std,2.5458066,Zambezian evergreen dry forests,2.0,Tropical & Subtropical Dry Broadleaf Forests,Afrotropic
76,Banana_irr_2030y_SOC,cf_std,3.0619411,Zambezian flooded grasslands,9.0,Flooded Grasslands & Savannas,Afrotropic
65,Banana_irr_2030y_SOC,cf_std,3.5232587,Zambezian mopane woodlands,7.0,"Tropical & Subtropical Grasslands, Savannas & Shrublands",Afrotropic
524,Banana_irr_2030y_SOC,cf_std,2.9574704,Brazilian Atlantic dry forests,2.0,Tropical & Subtropical Dry Broadleaf Forests,Neotropic
380,Banana_irr_2030y_SOC,cf_std,,Northern Cordillera forests,6.0,Boreal Forests/Taiga,Nearctic
60,Banana_irr_2030y_SOC,cf_std,,St. Helena scrub and woodlands,7.0,"Tropical & Subtropical Grasslands, Savannas & Shrublands",Afrotropic
61,Banana_irr_2030y_SOC,cf_std,5.612278,Victoria Basin forest-savanna,7.0,"Tropical & Subtropical Grasslands, Savannas & Shrublands",Afrotropic
63,Banana_irr_2030y_SOC,cf_std,5.5412846,Western Congolian forest-savanna,7.0,"Tropical & Subtropical Grasslands, Savannas & Shrublands",Afrotropic
78,Banana_irr_2030y_SOC,cf_std,,East African montane moorlands,10.0,Montane Grasslands & Shrublands,Afrotropic
365,Banana_irr_2030y_SOC,cf_std,,Queen Charlotte Islands conifer forests,5.0,Temperate Conifer Forests,Nearctic
360,Banana_irr_2030y_SOC,cf_std,,Northern Pacific Alaskan coastal forests,5.0,Temperate Conifer Forests,Nearctic
381,Banana_irr_2030y_SOC,cf_std,,Northwest Territories taiga,6.0,Boreal Forests/Taiga,Nearctic
107,Banana_irr_2030y_SOC,cf_std,12.851179,Southwest Arabian coastal xeric shrublands,13.0,Deserts & Xeric Shrublands,Afrotropic
811,Banana_irr_2030y_SOC,cf_std,17.858297,Arabian-Persian Gulf coastal plain desert,13.0,Deserts & Xeric Shrublands,Palearctic
840,Banana_irr_2030y_SOC,cf_std,4.632348,South Arabian plains and plateau desert,13.0,Deserts & Xeric Shrublands,Palearctic
809,Banana_irr_2030y_SOC,cf_std,2.3628168,Arabian desert,13.0,Deserts & Xeric Shrublands,Palearctic
552,Banana_irr_2030y_SOC,cf_std,12.915349,Bahamian pineyards,3.0,Tropical & Subtropical Coniferous Forests,Neotropic
96,Banana_irr_2030y_SOC,cf_std,,Ile Europa and Bassas da India xeric scrub,13.0,Deserts & Xeric Shrublands,Afrotropic
773,Banana_irr_2030y_SOC,cf_std,,Kamchatka tundra,11.0,Tundra,Palearctic
508,Banana_irr_2030y_SOC,cf_std,4.254698,Tocantins/Pindare moist forests,1.0,Tropical & Subtropical Moist Broadleaf Forests,Neotropic
417,Banana_irr_2030y_SOC,cf_std,,Kalaallit Nunaat Arctic steppe,11.0,Tundra,Nearctic
358,Banana_irr_2030y_SOC,cf_std,,North Cascades conifer forests,5.0,Temperate Conifer Forests,Nearctic
361,Banana_irr_2030y_SOC,cf_std,,Northern Rockies conifer forests,5.0,Temperate Conifer Forests,Nearctic
509,Banana_irr_2030y_SOC,cf_std,,Trindade-Martin Vaz Islands tropical forests,1.0,Tropical & Subtropical Moist Broadleaf Forests,Neotropic
59,Banana_irr_2030y_SOC,cf_std,4.52799,Southwest Arabian montane woodlands and grasslands,7.0,"Tropical & Subtropical Grasslands, Savannas & Shrublands",Afrotropic
56,Banana_irr_2030y_SOC,cf_std,10.34253,"South Arabian fog woodlands, shrublands, and dune",7.0,"Tropical & Subtropical Grasslands, Savannas & Shrublands",Afrotropic
548,Banana_irr_2030y_SOC,cf_std,2.5365334,Trinidad and Tobago dry forest,2.0,Tropical & Subtropical Dry Broadleaf Forests,Neotropic
537,Banana_irr_2030y_SOC,cf_std,11.974322,Lesser Antillean dry forests,2.0,Tropical & Subtropical Dry Broadleaf Forests,Neotropic
672,Banana_irr_2030y_SOC,cf_std,,North Atlantic moist mixed forests,4.0,Temperate Broadleaf & Mixed Forests,Palearctic
119,Banana_irr_2030y_SOC,cf_std,,Dronning Maud Land tundra,11.0,Tundra,Antarctica
124,Banana_irr_2030y_SOC,cf_std,,Marie Byrd Land tundra,11.0,Tundra,Antarctica
156,Banana_irr_2030y_SOC,cf_std,41.68979,Sulawesi lowland rain forests,1.0,Tropical & Subtropical Moist Broadleaf Forests,Australasia
8,Banana_irr_2030y_SOC,cf_std,9.309355,East African montane forests,1.0,Tropical & Subtropical Moist Broadleaf Forests,Afrotropic
9,Banana_irr_2030y_SOC,cf_std,6.617428,Eastern Arc forests,1.0,Tropical & Subtropical Moist Broadleaf Forests,Afrotropic
220,Banana_irr_2030y_SOC,cf_std,9.26706,Borneo montane rain forests,1.0,Tropical & Subtropical Moist Broadleaf Forests,Indomalayan
313,Banana_irr_2030y_SOC,cf_std,6.2658362,Kinabalu montane alpine meadows,10.0,Montane Grasslands & Shrublands,Indomalayan
